theta_1,theta_2,energy
14.999999999999998,15.0001,-28.427192636255988
14.992727454421702,15.000098756490619,-28.427192636272494
14.970923598518219,15.000081245855577,-28.42719263628985
14.934629742121288,15.000006167603392,-28.427192636307975
14.883914636755552,14.999804806224555,-28.427192636326758
14.818874327611706,14.999381210550853,-28.42719263634606
14.739631944865073,14.998612447605383,-28.427192636365696
14.646337432977406,14.997348933557882,-28.427192636385485
14.539167216344946,14.995414844961472,-28.427192636405252
14.41832379946283,14.992608613874982,-28.427192636424845
14.284035299678775,14.988703510746758,-28.427192636444147
14.136554910618734,14.983448319032282,-28.42719263646309
13.97616029449186,14.976568105424683,-28.427192636481667
13.803152901726445,14.967765089285447,-28.42719263649995
13.617857216752812,14.956719614369513,-28.427192636518065
13.420619929230138,14.943091225247972,-28.427192636536198
13.211809030603744,14.926519849953168,-28.4271926365546
12.991812836565375,14.906627089322173,-28.427192636573558
12.761038936754792,14.883017612319355,-28.427192636593364
12.519913073866375,14.855280655306778,-28.427192636614325
12.268877955185713,14.822991621838034,-28.4271926366367
12.00839200045219,14.785713778116431,-28.427192636660696
11.738928030796721,14.743000037824919,-28.427192636686435
11.460971904310593,14.694394828646919,-28.42719263671392
11.175021104534283,14.639436031498253,-28.42719263674304
10.88158328878849,14.577656982322335,-28.427192636773533
10.581174803780304,14.50858852530189,-28.427192636804996
10.274319176287104,14.43176110554301,-28.42719263683688
9.961545586935557,14.34670688871712,-28.427192636868508
9.643387335144844,14.252961894820952,-28.42719263689908
9.32038030319037,14.150068133142721,-28.427192636927728
8.993061427070684,14.037575725703938,-28.427192636953553
8.66196718143661,13.915045006871765,-28.42719263697562
8.327632085283836,13.782048587488083,-28.427192636993052
7.990587234438727,13.638173372713771,-28.427192637005074
7.651358866107311,13.483022523807673,-28.42719263701102
7.310466959936272,13.316217355213052,-28.427192637010418
6.9684238791822155,13.137399159569583,-28.427192637002992
6.625733054731139,12.946230954564271,-28.427192636988714
6.282887713883376,12.742399146838155,-28.42719263696781
5.940369655048271,12.525615109436243,-28.427192636940756
5.5986480688027065,12.295616670487808,-28.427192636908313
5.258178405180822,12.052169511898143,-28.427192636871464
4.919401286597309,11.795068477791089,-28.42719263683144
4.582741465478273,11.524138793238782,-28.427192636789627
4.248606825492209,11.23923719443136,-28.427192636747584
3.9173874252452294,10.940252971860483,-28.42719263670694
3.5894545834314076,10.627108928307768,-28.42719263666938
3.2651600047086764,10.29976225343903,-28.42719263663653
2.9448349459971435,9.958205316610012,-28.427192636609977
2.6287894234601175,9.602466379095608,-28.42719263659113
2.3173114611150893,9.232610226375039,-28.427192636581232
2.010666382815494,8.848738720356703,-28.42719263658125
1.7090961502239748,8.45099127053034,-28.42719263659188
1.412818750340471,8.03954522201717,-28.4271926366135
1.1220276371269686,7.614616157382183,-28.427192636646133
0.8368912327552281,7.176458107912304,-28.427192636689476
0.5575524949613829,6.725363668890619,-28.427192636742873
0.28412855788639196,6.261664012254433,-28.427192636805362
0.016710454576157788,5.785728788962455,-28.427192636875688
-0.24463707002976387,5.297965912465161,-28.427192636952373
-0.4998756463166706,4.798821213925867,-28.427192637033748
-0.7489932578605525,4.288777959332244,-28.42719263711804
-0.9920041003830997,3.7683562184213915,-28.427192637203444
-1.2289483125310483,3.2381120754650006,-28.427192637288186
-1.4598915698285884,2.6986366724673716,-28.42719263737061
-1.684924534106218,2.1505550762512535,-28.427192637449235
-1.9041621520160954,1.5945249622662139,-28.427192637522825
-2.1177427979016055,1.031235109757658,-28.42719263759041
-2.3258272582825685,0.46140370517044155,-28.42719263765136
-2.5285975575173243,-0.11422354670153745,-28.427192637705335
-2.7262556267629154,-0.6948755013208748,-28.427192637752324
-2.919021821113464,-1.2797578370029499,-28.427192637792608
-3.107133292678607,-1.8680554922866857,-28.427192637826682
-3.2908422302806066,-2.4589352653333503,-28.42719263785524
-3.470413979303494,-3.051548559119444,-28.427192637879077
-3.6461250579185793,-3.645034252872907,-28.427192637899044
-3.8182610883365147,-4.238521677184966,-28.427192637915955
-3.987114663800651,-4.831133667636161,-28.427192637930528
-4.152983173654606,-5.421989669714754,-28.427192637943357
-4.316166609919367,-6.010208866369891,-28.427192637954832
-4.476965379352584,-6.594913298796242,-28.42719263796516
-4.63567814490871,-7.1752309510282855,-28.42719263797436
-4.79259971987199,-7.750298769635963,-28.427192637982262
-4.948019036718372,-8.319265591232565,-28.427192637988544
-5.10221721102441,-8.88129495257351,-28.427192637992796
-5.2554657185485665,-9.435567760658103,-28.42719263799454
-5.408024701047456,-9.981284803340476,-28.427192637993333
-5.560141413552179,-10.517669084391558,-28.427192637988764
-5.712048822820275,-11.043967970602923,-28.42719263798054
-5.863964363599982,-11.55945514225718,-28.427192637968506
-6.0160888562944255,-12.063432341984548,-28.427192637952675
-6.16860558668446,-12.555230920568555,-28.427192637933267
-6.321679545638683,-13.034213181558533,-28.427192637910654
-6.475456824271716,-13.499773529513686,-28.42719263788539
-6.6300641578555926,-13.951339429284095,-28.42719263785819
-6.7856086099765545,-14.38837218589006,-28.42719263782988
-6.942177386977582,-14.810367556273345,-28.427192637801365
-7.099837771638734,-15.216856205461424,-28.427192637773604
-7.2586371643135745,-15.60740402052233,-28.427192637747538
-7.4186032193413425,-15.981612296120176,-28.427192637724083
-7.579744064464363,-16.339117805545033,-28.427192637704064
-7.742048591165989,-16.67959277082828,-28.427192637688208
-7.905486804270659,-17.002744745011256,-28.427192637677102
-8.070010219777503,-17.308316418858304,-28.427192637671176
-8.235552300695284,-17.596085363341402,-28.42719263767069
-8.40202892157405,-17.86586371811678,-28.42719263767573
-8.56933885345426,-18.117497835005093,-28.427192637686215
-8.73736426204698,-18.35086788421271,-28.427192637701882
-8.905971213091641,-18.565887429725638,-28.427192637722317
-9.075010179986625,-18.762502978997237,-28.427192637746973
-9.244316549931504,-18.940693510761495,-28.42719263777518
-9.413711125939875,-19.100469983555122,-28.427192637806154
-9.583000623162523,-19.24187482634212,-28.42719263783908
-9.75197815898856,-19.364981411518524,-28.42719263787307
-9.920423737355293,-19.469893509545013,-28.427192637907236
-10.088104728585476,-19.556744723522495,-28.427192637940703
-10.254776346873832,-19.62569790119975,-28.42719263797264
-10.420182128254885,-19.676944521191817,-28.42719263800229
-10.584054412493568,-19.71070404960058,-28.42719263802898
-10.74611483284139,-19.72722326277239,-28.427192638052166
-10.906074817988072,-19.72677553160788,-28.427192638071418
-11.063636110805675,-19.709660062661683,-28.42719263808647
-11.218491308624685,-19.676201091239513,-28.427192638097196
-11.370324429796133,-19.626747021819202,-28.427192638103644
-11.51881151117841,-19.56166951139205,-28.427192638106018
-11.663621240942451,-19.481362491739997,-28.427192638104657
-11.804415630716475,-19.386241127227915,-28.427192638100053
-11.9408507305964,-19.27674070539159,-28.427192638092805
-12.072577389938301,-19.153315458429663,-28.427192638083625
-12.199242066135378,-19.016437314646858,-28.427192638073283
-12.320487682777825,-18.86659457992784,-28.427192638062593
-12.43595453771653,-18.70429055042372,-28.427192638052365
-12.54528126062031,-18.53004205878058,-28.427192638043405
-12.648105818653413,-18.34437795740356,-28.427192638036434
-12.744066567929003,-18.147837543400303,-28.427192638032103
-12.832803347440429,-17.94096893095254,-28.42719263803095
-12.913958611260115,-17.724327377893324,-28.427192638033368
-12.987178593950812,-17.49847357418982,-28.4271926380396
-13.052114503378293,-17.26397190082027,-28.427192638049736
-13.108423734469062,-17.021388668165716,-28.427192638063683
-13.155771096937979,-16.771290343493263,-28.427192638081227
-13.193830049631865,-16.514241777375805,-28.42719263810199
-13.222283933904228,-16.25080443896709,-28.42719263812547
-13.24082719835601,-15.981534669931156,-28.42719263815108
-13.249166607345932,-15.706981966519589,-28.427192638178166
-13.247022425883836,-15.427687298812769,-28.427192638206034
-13.23412957385982,-15.144181475512633,-28.427192638233993
-13.210238743014742,-14.856983561919762,-28.427192638261385
-13.175117470604215,-14.566599357876187,-28.42719263828762
-13.128551164327028,-14.273519941539224,-28.42719263831219
-13.070344073756312,-13.978220283903815,-28.427192638334677
-13.000320204204074,-13.681157938044883,-28.42719263835483
-12.918324169643617,-13.382771806138296,-28.427192638372496
-12.824221981987762,-13.083480986468485,-28.42719263838767
-12.717901774654035,-12.783683701867966,-28.42719263840048
-12.599274458923931,-12.483756310379556,-28.42719263841117
-12.468274312108292,-12.184052398402232,-28.427192638420106
-12.32485949695452,-11.884901956186354,-28.4271926384277
-12.169012512067303,-11.586610635288576,-28.427192638434462
-12.0007405733599,-11.28945908748052,-28.427192638440935
-11.820075926708732,-10.993702384622507,-28.42719263844766
-11.627076092054104,-10.699569519153929,-28.427192638455164
-11.4218240391817,-10.407262985100257,-28.42719263846395
-11.20442829534273,-10.116958439835066,-28.42719263847445
-10.9750229847377,-9.828804447242131,-28.42719263848703
-10.733767799713434,-9.542922303374041,-28.427192638501957
-10.480847903320663,-9.259405946174383,-28.427192638519422
-10.216473762666473,-8.978321951294125,-28.427192638539484
-9.940880912288481,-8.699709616462934,-28.427192638562143
-9.6543296465929,-8.423581137246646,-28.427192638587268
-9.35710464025195,-8.149921877308566,-28.427192638614667
-9.049514495363056,-7.8786907364715795,-28.427192638644076
-8.731891214145957,-7.609820619930376,-28.42719263867517
-8.404589596006065,-7.34321901187139,-28.427192638707574
-8.067986557932278,-7.078768656509789,-28.4271926387409
-7.722480377431312,-6.816328349139458,-28.42719263877477
-7.3684898575319275,-6.555733839210527,-28.42719263880879
-7.006453413820759,-6.296798846701726,-28.427192638842595
-6.636828083993304,-6.039316192149921,-28.427192638875837
-6.260088461011391,-5.783059039650386,-28.427192638908235
-5.876725551640946,-5.5277822509684995,-28.427192638939513
-5.487245562886647,-5.273223847631505,-28.427192638969455
-5.092168619625378,-5.0191065765277285,-28.42719263899786
-4.69202741754787,-4.765139573163941,-28.42719263902457
-4.287365816325562,-4.5110201153562395,-28.427192639049444
-3.878737378704004,-4.256435458794319,-28.427192639072352
-3.466703861961572,-4.001064744662094,-28.427192639093168
-3.051833668840102,-3.744580968356898,-28.42719263911176
-2.6347002656309395,-3.486652997359684,-28.427192639127995
-2.2158805755675566,-3.226947625500566,-28.427192639141744
-1.7959533560190568,-2.965131650262747,-28.427192639152867
-1.375497568186809,-2.7008739593920428,-28.427192639161216
-0.9550907480728544,-2.433847612939961,-28.427192639166677
-0.535307387412399,-2.163731906968981,-28.42719263916915
-0.11671733304742982,-1.8902144054844492,-28.42719263916857
0.30011578712706827,-1.6129929277159174,-28.427192639164936
0.7146361039755942,-1.3317774786319896,-28.427192639158314
1.1262970055876567,-1.0462921115107218,-28.427192639148828
1.534562587934059,-0.7562767124711984,-28.42719263913674
1.9389090519532097,-0.461488698066003,-28.427192639122357
2.338826042043145,-0.16170461830159683,-28.427192639106114
2.7338179216827063,0.14327834124408279,-28.427192639088535
3.123404982641579,0.4536409632377667,-28.427192639070228
3.50712458494244,0.7695407121101658,-28.427192639051864
3.8845322253903865,1.0911105598569921,-28.427192639034175
4.255202533069106,1.4184579256083354,-28.427192639017917
4.618730190707349,1.75166372948356,-28.42719263900383
4.974730781234234,2.0907815604198325,-28.427192638992643
5.32284155916266,2.4358369569860194,-28.427192638985034
5.662722146665364,2.7868267996764264,-28.427192638981566
5.99405515434041,3.1437188128214015,-28.427192638982696
6.316546726708013,3.506451174049305,-28.427192638988767
6.629927012447795,3.8749322291769284,-28.427192638999948
6.933950559286709,4.249040310478423,-28.42719263901624
7.22839663329736,4.628623656467652,-28.427192639037496
7.513069462180576,5.013500431603405,-28.42719263906338
7.787798401902521,5.4034588446663525,-28.427192639093406
8.052438025854222,5.7982573649339875,-28.427192639126936
8.30686813551908,6.197625035666965,-28.427192639163227
8.550993691490724,6.601261884788506,-28.42719263920143
8.784744663597724,7.0088394329596175,-28.427192639240648
9.008075798880082,7.420001299499624,-28.427192639279955
9.220966306239854,7.834363906749014,-28.427192639318445
9.423419456767428,8.25151728349792,-28.42719263935525
9.615462099034763,8.671025967990646,-28.42719263938962
9.797144089053111,9.09243001075134,-28.427192639420895
9.96853763511645,9.51524607705054,-28.42719263944857
10.129736558389995,9.938968648245503,-28.427192639472313
10.280855470847245,10.363071320484112,-28.427192639491974
10.42202887299629,10.787008198375256,-28.427192639507574
10.55341017474825,11.210215380216702,-28.427192639519312
10.675170643745373,11.6321125302608,-28.42719263952756
10.787498286457186,12.052104532320294,-28.427192639532834
10.890596668340251,12.469583217807976,-28.427192639535743
10.984683680309333,12.883929160105074,-28.42719263953701
11.069990259652357,13.294513526006664,-28.427192639537367
11.146759074306388,13.700699973940559,-28.427192639537573
11.215243180067167,14.10184658774016,-28.42719263953835
11.275704660803381,14.49730783400922,-28.42719263954034
11.32841326206675,14.886436530579324,-28.42719263954412
11.373645028613781,15.268585813254761,-28.42719263955011
11.411680956274449,15.643111087981024,-28.42719263955861
11.442805668314563,16.009371955770895,-28.42719263956976
11.467306125946338,16.366734098174362,-28.427192639583573
11.485470381957434,16.714571111775165,-28.427192639599905
11.497586385570276,17.05226628111802,-28.427192639618482
11.503940845634848,17.379214280589746,-28.42719263963892
11.504818158127353,17.69482279706133,-28.427192639660774
11.500499402706122,17.99851406650829,-28.427192639683494
11.491261411798012,18.289726319322895,-28.427192639706544
11.477375914387652,18.567915130571784,-28.42719263972937
11.45910875539093,18.832554672994934,-28.42719263975143
11.436719190244526,19.083138872048128,-28.427192639772233
11.410459253162877,19.319182463724857,-28.427192639791365
11.380573196426887,19.540221957224894,-28.427192639808492
11.347296997095206,19.745816505739214,-28.42719263982337
11.310857926683894,19.935548689675144,-28.427192639835866
11.271474178654982,20.10902521753696,-28.42719263984594
11.229354547994982,20.265877550397125,-28.427192639853658
11.184698156753235,20.405762456438335,-28.427192639859193
11.137694219145981,20.52836250241715,-28.42719263986278
11.088521839711024,20.633386489101174,-28.427192639864767
11.037349838013336,20.720569837771052,-28.427192639865538
10.98433659354558,20.789674934765497,-28.427192639865527
10.929629904729884,20.840491440794274,-28.427192639865208
10.873366856298059,20.872836571361987,-28.427192639865076
10.815673689796316,20.886555354147863,-28.427192639865606
10.756665672517089,20.881520868585326,-28.427192639867283
10.696446960794681,20.857634472192547,-28.42719263987053
10.63511045430352,20.814826017431916,-28.42719263987576
10.572737638758728,20.75305406203401,-28.42719263988329
10.509398415229757,20.672306074819055,-28.427192639893416
10.445150915130846,20.572598638096352,-28.427192639906313
10.380041300838643,20.453977646728294,-28.42719263992211
10.314103552799466,20.316518502919994,-28.42719263994083
10.247359244917451,20.160326304747407,-28.42719263996242
10.179817310951325,19.98553602537713,-28.42719263998673
10.111473805580962,19.79231267887087,-28.42719264001354
10.042311664724107,19.580851467420825,-28.42719264004256
9.97230047057528,19.35137790384342,-28.427192640073425
9.901396227688235,19.10414790218628,-28.427192640105726
9.829541157213688,18.839447828395947,-28.427192640139026
9.75666351711706,18.557594502174727,-28.427192640172866
9.682677456816386,18.25893514044786,-28.427192640206787
9.607482915177068,17.94384723229372,-28.42719264024037
9.530965571155427,17.612738334787295,-28.427192640273212
9.452996856574496,17.266045778998325,-28.42719264030501
9.373434040521618,16.904236275398063,-28.427192640335512
9.29212039465788,16.527805408186836,-28.427192640364563
9.208885448307411,16.13727700858084,-28.42719264039213
9.123545341536955,15.733202397906433,-28.42719264041828
9.035903283535768,15.316159492453927,-28.427192640443167
8.945750122462083,14.886751763440339,-28.427192640467055
8.852865031542672,14.445607047113766,-28.427192640490286
8.757016314612589,13.993376201979965,-28.427192640513244
8.657962332488502,13.53073161231283,-28.42719264053634
8.555452549616376,13.058365539480858,-28.42719264055998
8.449228698366165,12.576988325126237,-28.427192640584515
8.339026056215166,12.087326452806888,-28.427192640610215
8.224574828925455,11.590120477282015,-28.427192640637234
8.105601630742186,11.086122833110247,-28.427192640665595
7.981831050682672,10.576095536557036,-28.427192640695136
7.852987292213531,10.06080779689699,-28.427192640725536
7.7187958720836845,9.541033554975645,-28.427192640756303
7.578985362845547,9.01754896830219,-28.427192640786785
7.433289162696632,8.491129862931057,-28.4271926408162
7.281447275737978,7.96254917292364,-28.427192640843685
7.1232080855892885,7.432574388246696,-28.42719264086832
6.958330105524228,6.9019650315652274,-28.427192640889196
6.786583688878469,6.371470183547429,-28.427192640905478
6.607752684410389,5.841826075057069,-28.427192640916434
6.421636022519471,5.313753763019445,-28.42719264092153
6.228049219700829,4.787956904877173,-28.427192640920413
6.026825790278523,4.265119644476622,-28.427192640912995
5.817818556254441,3.7459046200239463,-28.427192640899467
5.600900847970518,3.230951102501108,-28.42719264088028
5.375967590149453,2.7208732707134513,-28.427192640856155
5.142936269695604,2.21625862702108,-28.427192640828068
4.901747783353261,1.7176665558472448,-28.42719264079718
4.6523671648911655,1.225627025307693,-28.427192640764858
4.394784192876249,0.7406394308028327,-28.427192640732542
4.129013881291853,0.2631715781841793,-28.427192640701755
3.8550968562311185,-0.206341196839987,-28.42719264067399
3.5730996226489307,-0.6674967770571855,-28.4271926406507
3.283114725687953,-1.1199268842473087,-28.427192640633184
2.9852608114154373,-1.5632975763426544,-28.427192640622582
2.679682591933169,-1.9973096256765324,-28.427192640619833
2.366550719773642,-2.4216987824557448,-28.427192640625606
2.0460615762954513,-2.836235927143505,-28.427192640640293
1.718436978466812,-3.240727114870848,-28.42719264066403
1.3839238080063145,-3.635013514346609,-28.427192640696653
1.0427935663635,-4.018971243048794,-28.427192640737744
0.6953418584973994,-4.39251109979274,-28.42719264078662
0.3418878078767662,-4.7555781951208855,-28.4271926408424
-0.01722659539215288,-5.108151479379483,-28.427192640904025
-0.38163721188124955,-5.450243167869935,-28.4271926409703
-0.750958534584109,-5.7818980621133695,-28.427192641039955
-1.124784534403062,-6.103192766068762,-28.42719264111167
-1.5026895689277235,-6.414234796114611,-28.42719264118416
-1.8842293541742212,-6.715161583753615,-28.42719264125618
-2.2689419989556043,-7.006139370335155,-28.427192641326606
-2.6563491014306817,-7.287361993611582,-28.427192641394434
-3.0459569071304724,-7.559049566645325,-28.42719264145883
-3.4372575273927044,-7.8214470504520195,-28.427192641519134
-3.8297302166539913,-8.074822722781803,-28.42719264157488
-4.222842706469349,-8.319466546581872,-28.4271926416258
-4.616052593466636,-8.555688442918504,-28.42719264167178
-5.008808777719932,-8.783816474431367,-28.427192641712907
-5.400552947264491,-9.004194946708626,-28.427192641749382
-5.790721103702684,-9.217182436267375,-28.427192641781527
-6.178745123092557,-9.423149755058198,-28.42719264180975
-6.564054345595856,-9.62247786254372,-28.427192641834505
-6.946077186717525,-9.815555737389342,-28.42719264185628
-7.324242762418442,-10.002778221614232,-28.427192641875536
-7.6979825199496945,-10.1845438506515,-28.42719264189272
-8.066731865957607,-10.361252683134541,-28.427192641908206
-8.429931783257295,-10.53330414434556,-28.427192641922353
-8.787030427676351,-10.701094897124737,-28.427192641935395
-9.137484696531127,-10.865016753645794,-28.427192641947535
-9.48076176061232,-11.025454640826096,-28.42719264195891
-9.81634055201417,-11.18278463127569,-28.427192641969587
-10.143713200728289,-11.3373720506264,-28.427192641979616
-10.462386413619276,-11.48956967085224,-28.427192641989016
-10.771882790182575,-11.63971599783408,-28.42719264199779
-11.071742070329877,-11.788133659976207,-28.42719264200596
-11.361522310327452,-11.935127903193651,-28.427192642013544
-11.640800983901146,-12.080985196099778,-28.427192642020618
-11.90917600639242,-12.225971947775808,-28.427192642027265
-12.166266680678488,-12.370333339135824,-28.427192642033635
-12.411714564334904,-12.514292267646823,-28.42719264203987
-12.645184258202303,-12.658048404052298,-28.427192642046165
-12.866364117106256,-12.801777358802692,-28.427192642052734
-13.074966883959533,-12.945629955133024,-28.427192642059783
-13.270730248843474,-13.089731605157215,-28.427192642067524
-13.453417334917223,-13.234181784973227,-28.427192642076133
-13.622817113142297,-13.379053604590384,-28.42719264208576
-13.778744747840312,-13.524393468491654,-28.427192642096518
-13.92104187503276,-13.670220822815368,-28.42719264210845
-14.04957681535456,-13.816527985464779,-28.42719264212155
-14.164244723101836,-13.963280055908063,-28.427192642135736
-14.264967672684431,-14.110414901990639,-28.427192642150867
-14.351694683422432,-14.257843221718867,-28.427192642166755
-14.424401683271274,-14.405448678660319,-28.42719264218315
-14.483091411700354,-14.553088110310938,-28.427192642199767
-14.527793261604215,-14.70059180947381,-28.427192642216312
-14.558563059810822,-14.847763879348214,-28.427192642232484
-14.575482785485853,-14.994382663613276,-28.427192642248
-14.578660225530406,-15.140201253281228,-28.427192642262618
-14.568228565946457,-15.284948072467731,-28.42719264227615
-14.544345918110649,-15.428327545460437,-28.42719264228849
-14.507194778962003,-15.570020847545663,-28.4271926422996
-14.456981424277856,-15.709686741965207,-28.42719264230957
-14.393935234487325,-15.846962505114341,-28.427192642318573
-14.318307952850935,-15.981464941657201,-28.427192642326887
-14.230372876313089,-16.11279149063232,-28.427192642334877
-14.130423979901133,-16.240521422860176,-28.427192642343016
-14.018774976187384,-16.364217129064073,-28.427192642351805
-13.895758312031234,-16.483425497097972,-28.4271926423618
-13.761724105556919,-16.597679375569292,-28.427192642373566
-13.617039027075856,-16.706499119983018,-28.42719264238765
-13.462085128405544,-16.809394216352256,-28.42719264240451
-13.297258625744332,-16.905864976057632,-28.42719264242455
-13.122968641907317,-16.995404294631847,-28.427192642448066
-12.939635914288878,-17.077499466134228,-28.427192642475163
-12.747691475369898,-17.151634043898,-28.42719264250583
-12.54757531291384,-17.21728973771116,-28.427192642539865
-12.339735017181086,-17.273948336955907,-28.427192642576877
-12.124624422525708,-17.32109364890046,-28.427192642616323
-11.902702250618853,-17.35821344122231,-28.427192642657495
-11.67443076226974,-17.38480137794775,-28.427192642699534
-11.440274424395794,-17.400358938314366,-28.42719264274151
-11.20069859813998,-17.404397308590124,-28.427192642782387
-10.956168253463042,-17.396439237595395,-28.42719264282112
-10.707146714771993,-17.37602084754905,-28.42719264285669
-10.45409444130807,-17.34269339286635,-28.427192642888116
-10.197467845133687,-17.296024960642224,-28.427192642914545
-9.937718148655843,-17.235602107723235,-28.427192642935257
-9.675290282730584,-17.161031430469297,-28.427192642949713
-9.410621825535717,-17.071941064495842,-28.427192642957582
-9.144141981602187,-16.96798211283563,-28.427192642958783
-8.876270599680591,-16.848830002034386,-28.427192642953447
-8.607417227508034,-16.714185766668322,-28.427192642941968
-8.3379802010486,-16.563777263619922,-28.42719264292498
-8.06834576542093,-16.397360318150678,-28.42719264290333
-7.798887224509009,-16.214719804349713,-28.427192642878076
-7.529964116183464,-16.015670662903535,-28.427192642850464
-7.261921410144029,-15.800058859316037,-28.427192642821844
-6.995088725629744,-15.567762285705427,-28.427192642793667
-6.7297795666295945,-15.318691609114397,-28.427192642767434
-6.466290572757965,-15.052791068894349,-28.42719264274463
-6.204900784629284,-14.770039225168455,-28.427192642726688
-5.945870923365044,-14.470449659650283,-28.427192642714935
-5.689442684782416,-14.154071629205216,-28.427192642710544
-5.435838049832613,-13.820990671505351,-28.427192642714484
-5.185258613962578,-13.471329160961838,-28.427192642727483
-4.937884939245902,-13.105246811843038,-28.427192642750022
-4.693875934345854,-12.722941124127024,-28.42719264278227
-4.453368268609226,-12.324647766222517,-28.42719264282411
-4.216475827815248,-11.910640887257331,-28.427192642875124
-3.9832892202862444,-11.4812333502173,-28.427192642934596
-3.7538753431694714,-11.03677687586594,-28.42719264300156
-3.5282770196829936,-10.577662086135186,-28.42719264307482
-3.3065127189396692,-10.104318434604552,-28.42719264315298
-3.0885763705778477,-9.61721401083697,-28.427192643234545
-2.8744372867897177,-9.116855204773795,-28.427192643317927
-2.66404020440404,-8.603786217167606,-28.427192643401572
-2.457305459407806,-8.078588402205602,-28.427192643483988
-2.254129305645255,-7.541879429098272,-28.427192643563806
-2.0543843883848214,-6.994312250518043,-28.427192643639877
-1.857920381978153,-6.436573867397442,-28.427192643711276
-1.6645647989472783,-5.869383881745961,-28.427192643777346
-1.4741239755393962,-5.293492831808461,-28.427192643837735
-1.2863842361149829,-4.709680307031925,-28.427192643892354
-1.1011132357345652,-4.118752843872874,-28.427192643941375
-0.9180614770525856,-3.5215416073811103,-28.427192643985194
-0.736963994201554,-2.9188998676288676,-28.427192644024352
-0.5575421928601163,-2.311700284289441,-28.427192644059488
-0.3795058322605755,-1.7008320168615085,-28.427192644091253
-0.20255513162744962,-1.087197682030717,-28.42719264412024
-0.026382980572127995,-0.47171018330300585,-28.42719264414694
0.14932276958293705,0.14471055881407147,-28.427192644171637
0.3248769586090372,0.7611409452983054,-28.427192644194445
0.5005947407900571,1.37665707322043,-28.427192644215232
0.6767892061999891,1.9903381129828348,-28.42719264423367
0.8537690271431861,2.601269654622479,-28.427192644249224
1.0318361564179928,3.208546990401891,-28.427192644261268
1.211283602745905,3.8112783025357886,-28.427192644269052
1.3923933067715553,4.408587727285276,-28.427192644271862
1.5754341385653776,4.999618269692803,-28.427192644269045
1.76066003465267,5.583534546799872,-28.4271926442601
1.9483082893655865,6.15952534113937,-28.427192644244727
2.1385980118912418,6.726805950470343,-28.427192644222874
2.3317287568928045,7.284620323970336,-28.427192644194783
2.52787933312877,7.8322429792720625,-28.427192644160986
2.727206791194972,8.368980698695543,-28.4271926441223
2.9298455884556667,8.894174006671893,-28.427192644079813
3.1359069264876465,9.407198433592198,-28.42719264403481
3.345478253988957,9.90746557408117,-28.427192643988768
3.558622926136135,10.39442394995187,-28.427192643943233
3.7753800098272534,10.867559689830001,-28.42719264389981
3.9957642231220913,11.326397038650274,-28.427192643860067
4.219765996470887,11.770498710946809,-28.427192643825457
4.447351642983352,12.199466102122562,-28.42719264379729
4.678463624995213,12.612939371737333,-28.427192643776646
4.913020904499956,13.010597412354922,-28.42719264376439
5.150919365584717,13.392157716695795,-28.42719264376108
5.392032297796062,13.757376154810936,-28.427192643767
5.636210930319146,14.106046671783103,-28.42719264378213
5.883285007939289,14.438000915127473,-28.427192643806162
6.133063400928406,14.753107799654899,-28.427192643838506
6.385334742222952,15.051273016122526,-28.427192643878335
6.639868086501975,15.332438488568433,-28.427192643924613
6.896413587003981,15.596581783843959,-28.427192643976124
7.154703187113461,15.843715475549137,-28.42719264403154
7.414451324879649,16.073886463368943,-28.427192644089427
7.675355649681532,16.287175247721837,-28.427192644148345
7.937097751207497,16.483695158685286,-28.427192644206873
8.199343901760894,16.66359153736997,-28.42719264426364
8.461745813622105,16.827040867287003,-28.427192644317408
8.723941413783374,16.974249852799037,-28.427192644367068
8.985555638817104,17.105454441473523,-28.427192644411697
9.24620125293581,17.22091878706707,-28.427192644450603
9.505479692449088,17.320934149965137,-28.427192644483288
9.762981939819344,17.40581773217794,-28.427192644509507
10.018289430365195,17.47591144444578,-28.427192644529253
10.270974994364598,17.531580603624935,-28.427192644542753
10.520603836876782,17.573212559295445,-28.427192644550434
10.766734557044252,17.60121524943666,-28.427192644552917
11.008920207968213,17.616015686033425,-28.427192644551003
11.246709397490408,17.61805837257999,-28.427192644545574
11.479647429382545,17.60780365661052,-28.427192644537634
11.7072774835645,17.585726021572516,-28.427192644528194
11.929141833069663,17.552312323538455,-28.427192644518282
12.14478309457716,17.508059979386047,-28.427192644508857
12.353745508462803,17.453475114133337,-28.427192644500813
12.555576243510703,17.3890706760581,-28.427192644494898
12.749826720700268,17.31536452903015,-28.427192644491743
12.936053949861215,17.232877532113324,-28.427192644491797
13.11382187249184,17.14213161693006,-28.42719264449533
13.282702703677208,17.043647873509435,-28.427192644502465
13.44227826583452,16.93794465535225,-28.42719264451312
13.592141306956727,16.82553571424312,-28.427192644527086
13.731896796121646,16.70692837492716,-28.42719264454402
13.86116318927555,16.582621759162688,-28.427192644563462
13.979573658675825,16.453105067882873,-28.427192644584895
14.086777279870589,16.318855929276246,-28.42719264460776
14.182440170683805,16.180338819561022,-28.427192644631482
14.26624657733983,16.03800356211661,-28.427192644655513
14.337899903576494,15.89228390948556,-28.427192644679348
14.39712367933548,15.743596211608061,-28.427192644702572
14.443662466357663,15.59233817253567,-28.42719264472485
14.477282698725464,15.438887696825459,-28.42719264474594
14.497773457062367,15.283601825870404,-28.427192644765718
14.504947175702751,15.12681576360212,-28.42719264478415
14.498640282667509,14.968841990328526,-28.427192644801313
14.478713772711126,14.809969462955724,-28.427192644817357
14.445053714035742,14.650462899498757,-28.427192644832516
14.39757168949388,14.490562145612317,-28.427192644847068
14.336205173223602,14.330481620866337,-28.427192644861325
14.260917843681897,14.170409842643805,-28.427192644875607
14.17169983397078,14.010509025835441,-28.42719264489024
14.068567920196108,13.850914756929782,-28.427192644905507
13.95156564837379,13.691735741626138,-28.427192644921664
13.820763400116626,13.533053625706977,-28.427192644938906
13.676258397013461,13.374922889568634,-28.427192644957383
13.518174643268352,13.217370817496144,-28.42719264497716
13.346662805818777,13.0603975434501,-28.427192644998257
13.161900030817305,12.903976175780935,-28.42719264502063
12.964089695058405,12.748053003869908,-28.427192645044155
12.75346109067893,12.592547790188272,-28.427192645068704
12.530269041273375,12.437354151640863,-28.427192645094085
12.294793447458177,12.282340034294034,-28.427192645120115
12.047338759905527,12.12734828566095,-28.42719264514658
11.788233377956383,11.972197328613795,-28.42719264517329
11.517828972121796,11.816681940701358,-28.42719264520006
11.236499729094566,11.660574142166565,-28.427192645226743
10.944641518319552,11.503624195281821,-28.42719264525322
10.642670979706631,11.34556171675749,-28.427192645279405
10.331024532706637,11.186096903943675,-28.427192645305226
10.010157307695575,11.02492187435712,-28.42719264533065
9.680542001409538,10.861712116749883,-28.427192645355646
9.342667659022167,10.696128050525479,-28.427192645380188
8.997038386335623,10.527816688838124,-28.427192645404237
8.644171996439749,10.356413399221541,-28.427192645427713
8.284598596056082,10.181543754127619,-28.42719264545049
7.918859117597222,10.002825462355622,-28.4271926454724
7.547503803711814,9.81987037106148,-28.427192645493207
7.171090651727157,9.632286526893958,-28.42719264551261
6.790183825924586,9.439680283845345,-28.42719264553023
6.405352045970065,9.241658444658542,-28.42719264554565
6.01716696006192,9.037830422122376,-28.4271926455584
5.626201511442523,8.82781040632705,-28.427192645568002
5.2330283068498975,8.61121952394778,-28.427192645573985
4.838217995263424,8.387687975873236,-28.4271926455759
4.442337664935301,8.156857139984853,-28.427192645573363
4.045949266211498,7.918381626603026,-28.42719264556611
3.6496080670524704,7.671931275019659,-28.427192645553973
3.2538611474878736,7.417193080600094,-28.427192645536945
2.8592459385068527,7.153873043123724,-28.427192645515202
2.4662888101228804,6.881697928301046,-28.42719264548908
2.07550371258705,6.600416935713803,-28.427192645459126
1.6873908739824282,6.309803267733044,-28.42719264542605
1.3024355567391703,6.0096555952377795,-28.427192645390743
0.9211068749875058,5.699799417148295,-28.427192645354243
0.5438566741320094,5.3800883118708445,-28.427192645317717
0.17111847360052115,5.050405079697506,-28.427192645282382
-0.19669352659480646,4.71066277599513,-28.427192645249523
-0.5591853750423857,4.360805635635207,-28.427192645220416
-0.9159842334935094,4.0008098895532935,-28.42719264519626
-1.2667391763876186,3.6306844745795153,-28.427192645178177
-1.6111219247673758,3.250471637754072,-28.42719264516712
-1.9488275137498061,2.860247436242872,-28.427192645163863
-2.2795748923716075,2.4601221337130883,-28.42719264516896
-2.603107454208684,2.050240493636628,-28.427192645182714
-2.9191934967025883,1.6307819694856722,-28.427192645205153
-3.2276266066329473,1.2019607911973607,-28.427192645236037
-3.5282259686803044,0.7640259466467388,-28.42719264527486
-3.8208365935547604,0.31726105621344,-28.427192645320865
-4.105329461750113,-0.1380158621041724,-28.427192645373065
-4.38160157864886,-0.6014527401447292,-28.427192645430292
-4.649575936478081,-1.0726639231979023,-28.427192645491225
-4.909201378526187,-1.5512307536980137,-28.42719264555445
-5.16045236109998,-2.0367022790765485,-28.427192645618522
-5.403328608951186,-2.5285960878035523,-28.427192645682016
-5.637854660348167,-3.026399277363305,-28.427192645743574
-5.864079298622836,-3.5295695573688786,-28.427192645802002
-6.082074867889145,-4.037536490210299,-28.42719264585625
-6.29193647170493,-4.54970287054907,-28.427192645905503
-6.493781054721525,-5.065446243625448,-28.42719264594919
-6.687746368815266,-5.584120560753702,-28.42719264598699
-6.873989826792234,-6.105057968576204,-28.427192646018852
-7.052687248464499,-6.627570726673105,-28.42719264604495
-7.224031505666787,-7.150953246034964,-28.427192646065695
-7.388231074564712,-7.674484238764858,-28.427192646081675
-7.545508505342683,-8.197428967255107,-28.42719264609362
-7.696098820991865,-8.719041579056867,-28.42719264610233
-7.840247858387536,-9.238567511804414,-28.427192646108658
-7.978210566094709,-9.755245950942923,-28.427192646113436
-8.110249274321198,-10.26831232170557,-28.42719264611741
-8.236631953107004,-10.777000795848888,-28.427192646121238
-8.357630475167237,-11.280546793127892,-28.42719264612544
-8.473518899775076,-11.778189457401682,-28.42719264613038
-8.5845717936766,-12.269174087616575,-28.427192646136245
-8.6910626042808,-12.752754504709358,-28.427192646143077
-8.79326209928798,-13.22819533668362,-28.427192646150765
-8.89143688554375,-13.694774205696039,-28.427192646159078
-8.985848018278906,-14.151783802893195,-28.427192646167686
-9.076749710071358,-14.598533838897685,-28.4271926461762
-9.164388146902978,-15.034352860183562,-28.427192646184203
-9.249000416643195,-15.458589924029875,-28.42719264619129
-9.330813553232083,-15.870616127222272,-28.427192646197085
-9.410043697816388,-16.269825986115027,-28.427192646201295
-9.486895376164034,-16.65563866800392,-28.42719264620369
-9.561560889891522,-17.027499075938067,-28.42719264620414
-9.634219817420894,-17.384878791069358,-28.42719264620264
-9.705038619166944,-17.727276878366894,-28.427192646199266
-9.774170340260085,-18.05422056298609,-28.427192646194214
-9.841754403146371,-18.3652657857653,-28.427192646187752
-9.907916481676383,-18.659997647223335,-28.42719264618024
-9.972768447794593,-18.938030750054597,-28.427192646172085
-10.036408381660616,-19.19900945047752,-28.42719264616373
-10.098920635958631,-19.442608028904644,-28.42719264615564
-10.16037594526361,-19.66853079029174,-28.427192646148285
-10.220831571612612,-19.87651210421313,-28.427192646142114
-10.280331477855372,-20.066316394227837,-28.427192646137545
-10.33890652090931,-20.237738085471833,-28.42719264613493
-10.396574657699324,-20.390601518661317,-28.42719264613458
-10.45334115730244,-20.52476083784471,-28.42719264613671
-10.509198813623627,-20.640099858318447,-28.427192646141485
-10.564128153784853,-20.736531920144152,-28.42719264614896
-10.618097638300318,-20.813999731689517,-28.42719264615913
-10.67106385002317,-20.87247520657785,-28.427192646171893
-10.722971669771411,-20.91195929638548,-28.427192646187073
-10.773754437462557,-20.93248182038349,-28.42719264620443
-10.82333409849862,-20.934101292591745,-28.42719264622364
-10.871621336036318,-20.916904745408196,-28.42719264624434
-10.918515690643881,-20.88100754810452,-28.427192646266132
-10.963905669677281,-20.826553217549314,-28.42719264628857
-11.007668849496673,-20.753713217641806,-28.427192646311212
-11.04967197437988,-20.662686743122205,-28.4271926463336
-11.089771056664517,-20.55370048268021,-28.427192646355312
-11.12781148325423,-20.427008355621894,-28.427192646375943
-11.163628134147036,-20.282891215790045,-28.427192646395145
-11.197045519074166,-20.121656515976365,-28.427192646412628
-11.227877938665083,-19.943637925729494,-28.42719264642819
-11.255929676767149,-19.74919489526392,-28.427192646441696
-11.28099523063644,-19.538712158124103,-28.427192646453125
-11.302859585669333,-19.312599165367704,-28.42719264646255
-11.321298541154754,-19.071289444311205,-28.42719264647014
-11.336079093187948,-18.81523987533788,-28.42719264647616
-11.346959880395143,-18.544929880905716,-28.42719264648099
-11.35369169747418,-18.26086052171088,-28.427192646485043
-11.356018080763214,-17.9635534959555,-28.42719264648883
-11.35367596911612,-17.653550038825237,-28.427192646492884
-11.346396442302233,-17.33140972058614,-28.42719264649775
-11.333905537977481,-16.997709143137907,-28.42719264650396
-11.31592514701636,-16.653040536383333,-28.42719264651202
-11.292173985676477,-16.298010257357237,-28.427192646522336
-11.262368641720213,-15.93323719666365,-28.427192646535243
-11.226224690274991,-15.559351098355734,-28.427192646550942
-11.183457873909568,-15.176990800915197,-28.42719264656951
-11.133785340174583,-14.78680240840302,-28.427192646590857
-11.07692692873516,-14.389437402119569,-28.427192646614756
-11.01260649924388,-13.985550704191805,-28.427192646640837
-10.940553290291437,-13.575798705365646,-28.427192646668573
-10.860503299152118,-13.160837269898058,-28.427192646697343
-10.772200671628077,-12.74131973079936,-28.427192646726425
-10.675399091098855,-12.317894888764581,-28.427192646755046
-10.569863155902073,-11.891205027956579,-28.427192646782412
-10.4553697344013,-11.461883961375122,-28.427192646807757
-10.33170928752416,-11.03055511788746,-28.42719264683038
-10.198687149157633,-10.597829682136446,-28.42719264684967
-10.05612475554273,-10.16430479751836,-28.42719264686515
-9.903860815687162,-9.73056184127522,-28.427192646876513
-9.741752415780113,-9.297164779519582,-28.427192646883608
-9.569676051613149,-8.864658608747815,-28.427192646886496
-9.387528584052705,-8.433567889144532,-28.42719264688542
-9.195228113639347,-8.004395373776418,-28.427192646880812
-8.99271477137849,-7.577620736654319,-28.42719264687326
-8.779951423709788,-7.153699401638517,-28.427192646863503
-8.556924290477397,-6.733061473297204,-28.427192646852397
-8.323643475453705,-6.316110770119202,-28.427192646840872
-8.080143409583993,-5.903223959938189,-28.427192646829898
-7.826483207612547,-5.494749797049494,-28.427192646820444
-7.562746939120912,-5.091008460287399,-28.42719264681346
-7.289043815259477,-4.692290991270297,-28.42719264680979
-7.005508292592324,-4.298858832097029,-28.427192646810184
-6.712300095513134,-3.910943461969807,-28.42719264681527
-6.409604158641043,-3.5287461325032967,-28.4271926468255
-6.0976304904863365,-3.1524377018289216,-28.42719264684117
-5.776613959504554,-2.7821585679899608,-28.427192646862398
-5.446814003453417,-2.4180187025172613,-28.427192646889118
-5.10851426274937,-2.060097785448312,-28.427192646921092
-4.762022138309164,-1.7084454433757785,-28.427192646957938
-4.407668274175347,-1.363081592358928,-28.427192646999142
-4.045805965080651,-1.0239968876785395,-28.427192647044073
-3.6768104890206295,-0.6911532824420633,-28.42719264709202
-3.3010783648904054,-0.36448469693380176,-28.427192647142224
-2.9190265353108993,-0.043897800342019164,-28.4271926471939
-2.531091474930502,0.2707270939266115,-28.427192647246276
-2.1377282247443428,0.5795350187174341,-28.427192647298607
-1.7394093533261268,0.8826952294957829,-28.427192647350214
-1.3366238463140296,1.1803999676144352,-28.42719264740049
-0.9298759260256101,1.4728631125055618,-28.42719264744891
-0.5196838036865691,1.7603187259585458,-28.427192647495072
-0.10657836743020704,2.0430194928687686,-28.42719264753864
0.3088981900587744,2.3212350641231745,-28.427192647579385
0.7261937996411078,2.5952503085918397,-28.42719264761719
1.1447479942016339,2.865363482484155,-28.427192647651985
1.563993431428276,3.13188432556524,-28.427192647683768
1.9833574541318366,3.39513209487472,-28.4271926477126
2.4022636807371422,3.655433547609334,-28.427192647738572
2.820133618055494,3.9131208856892483,-28.427192647761796
3.236388288036198,4.168529675196367,-28.427192647782377
3.6504498599066535,4.421996754327752,-28.427192647800446
4.061743278957426,4.6738581437318505,-28.427192647816103
4.469697883217552,4.9244469730805,-28.427192647829465
4.873748999397794,5.1740914374744635,-28.42719264784063
5.273339509752144,5.423112796791528,-28.427192647849708
5.667921381912314,5.671823430378724,-28.427192647856803
6.056957154273381,5.920524958585876,-28.427192647862036
6.439921370134411,6.169506441564441,-28.42719264786557
6.816301954505807,6.419042664546547,-28.427192647867574
7.185601528263231,6.669392517510694,-28.42719264786827
7.547338655132652,6.920797475771478,-28.427192647867916
7.9010490178087736,7.173480186639885,-28.427192647866807
8.246286520316438,7.427643165926501,-28.427192647865283
8.58262431450025,7.683467606738062,-28.427192647863695
8.909655749251863,7.941112301780742,-28.427192647862434
9.226995241740948,8.200712679259102,-28.42719264786189
9.53427907049134,8.462379951470824,-28.427192647862444
9.831166090628596,8.726200374361133,-28.427192647864448
10.1173383720134,8.992234615628723,-28.427192647868214
10.392501761264544,9.260517228472319,-28.427192647874016
10.656386368866945,9.531056227733757,-28.427192647882016
10.90874698265897,9.80383276502374,-28.42719264789233
11.149363409007062,10.078800899400152,-28.427192647904963
11.378040742914168,10.355887460290864,-28.42719264791982
11.594609568184785,10.634991999595078,-28.427192647936728
11.798926088597222,10.915986830237763,-28.4271926479554
11.990872190828995,11.198717148866919,-28.427192647975478
12.170355439659962,11.483001240847507,-28.427192647996538
12.337309005756952,11.768630766192821,-28.427192648018103
12.491691526139583,12.05537112555685,-28.427192648039654
12.633486897255706,12.342961905863891,-28.42719264806069
12.762704000471379,12.631117405549317,-28.427192648080702
12.87937635971785,12.919527239704816,-28.42719264809925
12.98356173104802,13.207857025642584,-28.427192648115938
13.075341623946272,13.49574914949817,-28.427192648130486
13.154820754414684,13.782823614468324,-28.427192648142686
13.222126430128144,14.068678971119065,-28.42719264815249
13.277407868310803,14.352893329896698,-28.427192648159963
13.320835447432044,14.63502545553216,-28.42719264816529
13.352599894344307,14.914615942453649,-28.4271926481688
13.37291140907603,15.191188469626653,-28.427192648170927
13.381998730135818,15.464251132441975,-28.42719264817222
13.380108143860687,15.733297848393569,-28.427192648173286
13.367502442031391,15.997809832356076,-28.427192648174803
13.344459832658847,16.257257136316873,-28.427192648177442
13.31127280949422,16.511100247471536,-28.427192648181876
13.268246986407433,16.758791737688238,-28.427192648188722
13.215699903292144,16.99977795651903,-28.427192648198524
13.153959810568393,17.233500759214692,-28.427192648211722
13.083364439649019,17.459399260613832,-28.42719264822862
13.004259766897949,17.676911605349094,-28.427192648249363
12.91699877862724,17.885476744562613,-28.42719264827395
12.8219402445498,18.08453620926071,-28.42719264830222
12.71944750682577,18.273535870570182,-28.427192648333836
12.609887291417186,18.451927677483194,-28.427192648368333
12.493628547907834,18.619171363186737,-28.42719264840509
12.371041323266942,18.77473611175121,-28.427192648443405
12.242495674255235,18.91810217778021,-28.427192648482496
12.108360622310736,19.04876245257604,-28.427192648521515
11.969003153833178,19.166223971423754,-28.42719264855963
11.824787267834886,19.270009357711047,-28.42719264859601
11.676073071967227,19.359658200749926,-28.427192648629884
11.523215926990238,19.434728365318712,-28.427192648660583
11.36656563885137,19.4947972320685,-28.42719264868752
11.206465696699329,19.539462869010478,-28.427192648710268
11.043252554398746,19.568345135294017,-28.427192648728536
10.877254952447249,19.58108671937912,-28.427192648742196
10.708793276640872,19.577354114483576,-28.42719264875128
10.538178949396693,19.556838534830813,-28.427192648756012
10.365713849329735,19.519256776729044,-28.42719264875675
10.191689754498814,19.464352028869392,-28.427192648754005
10.016387804684667,19.39189463643654,-28.42719264874843
9.840077978142938,19.301682823679194,-28.427192648740792
9.663018578482228,19.19354337949054,-28.427192648731936
9.485455727649509,19.067332310304373,-28.42719264872278
9.307622861457032,18.922935464224807,-28.42719264871426
9.12974022465037,18.760269129782287,-28.427192648707344
8.952014363189669,18.579280612053065,-28.427192648702956
8.77463761218826,18.379948788100013,-28.427192648701954
8.597787578815762,18.162284642798895,-28.427192648705145
8.421626620418005,17.92633178511475,-28.42719264871319
8.246301319122626,17.672166943798974,-28.42719264872665
8.071941955275651,17.399900440300986,-28.4271926487459
7.898661983177189,17.109676635444323,-28.427192648771165
7.726557513737662,16.801674345121743,-28.42719264880248
7.555706809842161,16.476107218938925,-28.427192648839718
7.386169801368074,16.133224074404847,-28.42719264888254
7.21798762792651,15.773309177957586,-28.427192648930454
7.051182218463625,15.396682462859246,-28.427192648982825
6.885755917833428,15.003699672830425,-28.42719264903887
6.721691171305378,14.594752419263537,-28.427192649097716
6.558950278662056,14.170268139000905,-28.427192649158428
6.397475230036855,13.730709939034545,-28.427192649220054
6.237187635900498,13.276576314129095,-28.42719264928165
6.077988763591421,12.808400723334923,-28.427192649342345
5.919759692463934,12.32675101169006,-28.427192649401373
5.7623615990704184,11.832228664146287,-28.427192649458107
5.605636182777417,11.325467879926757,-28.427192649512065
5.449406240828007,10.80713445714806,-28.427192649562965
5.293476400103734,10.27792447962227,-28.427192649610706
5.13763401072254,9.738562800279725,-28.427192649655364
4.981650204163476,9.189801318586985,-28.42719264969716
4.825281115880453,8.632417052621758,-28.427192649736448
4.668269269417648,8.067210010031417,-28.42719264977364
4.510345115945923,7.495000865848741,-28.427192649809182
4.35122871999296,6.916628458955144,-28.42719264984347
4.190631579039781,6.332947122743222,-28.427192649876826
4.02825856170863,5.744823869104808,-28.427192649909415
3.8638099465773603,5.153135448125602,-28.427192649941226
3.696983541324444,4.5587653086769375,-28.427192649972064
3.5274768600261734,3.9626004873474585,-28.427192650001498
3.3549893350674895,3.3655284547609448,-28.427192650028925
3.1792245393435663,2.768433949216173,-28.427192650053563
2.9998923942504803,2.172195827725666,-28.427192650074527
2.8167113393941157,1.577683963920477,-28.427192650090866
2.6294104409653087,0.9857562209583691,-28.427192650101667
2.4377314172901,0.3972555255844785,-28.427192650106104
2.241430562099397,-0.1869929330648097,-28.4271926501035
2.040280548487552,-0.7661843593425702,-28.427192650093442
1.8340720992473178,-1.339536844438521,-28.427192650075767
1.622615512175434,-1.9062936835319155,-28.42719265005066
1.405742031933685,-2.4657255067173467,-28.427192650018622
1.1833050630234339,-3.0171322172428443,-28.427192649980498
0.9551812212947136,-3.559844734001699,-28.427192649937442
0.7212712240832443,-4.093226538353476,-28.427192649890873
0.4815006214841052,-4.616675028137378,-28.427192649842425
0.23582037337906162,-5.129622684125306,-28.427192649793877
-0.015792721398119675,-5.63153805610687,-28.4271926497471
-0.27333573596566335,-6.121926577288784,-28.427192649703926
-0.5367794575285039,-6.600331216729765,-28.427192649666136
-0.8060683512125364,-7.066332980138284,-28.427192649635348
-1.081120635708072,-7.519551269566345,-28.427192649612966
-1.3618284607783926,-7.959644112380068,-28.427192649600112
-1.64805817690665,-8.386308269425948,-28.427192649597615
-1.939650687804648,-8.79927923159351,-28.42719264960597
-2.2364218771498696,-9.198331113055353,-28.427192649625304
-2.538163101711533,-9.583276448398957,-28.42719264965542
-2.844641743932088,-9.953965899703684,-28.427192649695773
-3.155601818008681,-10.310287878410945,-28.427192649745514
-3.470764624533197,-10.652168085631418,-28.42719264980353
-3.7898294497657554,-10.979568973372052,-28.427192649868488
-4.112474306604208,-11.29248912808444,-28.427192649938892
-4.438356715243602,-11.590962576967405,-28.427192650013126
-4.767114522370277,-11.875058016627667,-28.427192650089523
-5.098366758484248,-12.144877963036661,-28.427192650166422
-5.431714533572677,-12.400557821236642,-28.427192650242244
-5.766741971852449,-12.642264872959105,-28.42719265031553
-6.103017186649888,-12.870197180231747,-28.427192650384956
-6.440093296683288,-13.084582403170536,-28.42719265044945
-6.777509485055604,-13.285676530479707,-28.427192650508132
-7.114792102150705,-13.473762521707974,-28.427192650560418
-7.451455813361551,-13.649148861022246,-28.42719265060594
-7.787004792171151,-13.812168023142954,-28.427192650644624
-8.120933958570063,-13.96317485311539,-28.427192650676638
-8.45273026214431,-14.102544862741244,-28.42719265070236
-8.781874008425794,-14.230672447731232,-28.427192650722358
-9.107840226287443,-14.347969030927223,-28.42719265073737
-9.430100073314378,-14.45486113824077,-28.427192650748225
-9.748122275219014,-14.5517884152235,-28.427192650755835
-10.061374594522157,-14.639201593381072,-28.4271926507611
-10.369325322923313,-14.717560416426084,-28.427192650764923
-10.671444791060422,-14.787331537597655,-28.42719265076812
-10.967206888738145,-14.84898639992273,-28.42719265077143
-11.256090588207424,-14.902999111827777,-28.42719265077546
-11.537581462725717,-14.949844330808537,-28.427192650780672
-11.811173192430118,-14.989995167916037,-28.42719265078738
-12.076369049521606,-15.02392112561523,-28.427192650795767
-12.332683354889262,-15.05208608112244,-28.427192650805864
-12.579642898592903,-15.074946326643097,-28.427192650817595
-12.816788317060663,-15.092948677033615,-28.427192650830776
-13.043675420427817,-15.106528654330146,-28.42719265084515
-13.259876464123952,-15.116108757357688,-28.427192650860412
-13.464981359582934,-15.122096823295609,-28.42719265087625
-13.658598819777097,-15.124884486672968,-28.427192650892366
-13.840357436135829,-15.12484573984311,-28.42719265090846
-14.009906684270906,-15.122335597585069,-28.427192650924315
-14.166917856769862,-15.11768886714055,-28.427192650939748
-14.311084922109275,-15.111219023756771,-28.42719265095467
-14.442125309460312,-15.103217190699784,-28.42719265096904
-14.559780619790804,-15.093951221756548,-28.427192650982903
-14.663817264197219,-15.083664883477075,-28.427192650996354
-14.75402703081633,-15.072577133833962,-28.42719265100953
-14.830227581964047,-15.060881493601908,-28.42719265102262
-14.892262883327236,-15.04874550658475,-28.427192651035824
-14.940003567095118,-15.036310284835556,-28.427192651049342
-14.973347230867368,-15.0236901352148,-28.42719265106335
-14.992218674025303,-15.010972263995601,-28.427192651078023
-14.996570073013729,-14.998216556732165,-28.42719265109347
-14.98638109666878,-14.985455431233017,-28.42719265110976
-14.96165896235838,-14.972693762196874,-28.427192651126926
-14.922438433295198,-14.959908876845908,-28.427192651144924
-14.868781756956336,-14.947050621697805,-28.427192651163683
-14.800778544119138,-14.934041501422183,-28.42719265118307
-14.71854558761826,-14.92077689149707,-28.427192651202937
-14.62222661956456,-14.907125327085776,-28.42719265122311
-14.511992005459936,-14.892928871164159,-28.42719265124341
-14.388038373410593,-14.878003565415282,-28.427192651263674
-14.250588176499397,-14.862139967748405,-28.427192651283764
-14.099889186338485,-14.845103780470874,-28.42719265130357
-13.936213915895703,-14.826636573128663,-28.427192651323075
-13.759858969879058,-14.806456603822275,-28.42719265134228
-13.571144321274756,-14.784259742394001,-28.42719265136127
-13.370412513064887,-14.759720498270747,-28.427192651380196
-13.158027784694704,-14.732493154940855,-28.42719265139925
-12.934375123506447,-14.702213012057971,-28.427192651418675
-12.699859242092078,-14.668497735020646,-28.427192651438748
-12.454903483322926,-14.630948810600422,-28.427192651459738
-12.199948655667448,-14.58915310581693,-28.427192651481903
-11.935451802284385,-14.542684525823661,-28.42719265150545
-11.661884908250231,-14.49110576511483,-28.42719265153052
-11.379733551118886,-14.433970144935289,-28.427192651557153
-11.089495500789592,-14.370823528416974,-28.427192651585266
-10.791679275349882,-14.301206303719518,-28.427192651614664
-10.48680266013874,-14.224655424359904,-28.42719265164498
-10.175391197721039,-14.14070649501173,-28.427192651675735
-9.857976656760849,-14.048895890367994,-28.427192651706317
-9.535095487918129,-13.948762894213758,-28.42719265173597
-9.20728727486537,-13.839851845659686,-28.42719265176389
-8.875093188329423,-13.721714279548346,-28.427192651789195
-8.53905445071656,-13.593911048356901,-28.427192651810973
-8.199710818389063,-13.45601441346864,-28.427192651828374
-7.85759908804804,-13.30761009444936,-28.427192651840606
-7.513251632962584,-13.148299265913844,-28.42719265184698
-7.167194973996448,-12.977700492667633,-28.427192651846998
-6.819948389548656,-12.795451595021117,-28.427192651840326
-6.472022567673776,-12.601211437454817,-28.42719265182687
-6.123918302810797,-12.394661635124544,-28.427192651806806
-5.776125238755218,-12.175508173990615,-28.42719265178054
-5.429120658783842,-11.943482941597162,-28.427192651748754
-5.083368323209457,-11.698345166678683,-28.427192651712367
-4.739317354123583,-11.439882766799293,-28.42719265167254
-4.397401166695936,-11.167913604107733,-28.427192651630616
-4.058036446151592,-10.882286649995798,-28.427192651588104
-3.7216221694487777,-10.582883059962857,-28.4271926515466
-3.388538670735506,-10.269617160303234,-28.42719265150778
-3.059146749871125,-9.94243734834104,-28.427192651473277
-2.73378682365472,-9.601326907838665,-28.42719265144468
-2.41277811989746,-9.246304740905806,-28.42719265142344
-2.0964179150981423,-8.877426017246243,-28.42719265141083
-1.7849808172144237,-8.494782740915072,-28.427192651407886
-1.4787180958471342,-8.098504233940318,-28.42719265141537
-1.1778570630490146,-7.688757535214896,-28.427192651433725
-0.8826005089062016,-7.2657477120180145,-28.42719265146307
-0.5931261969918582,-6.829718080413699,-28.42719265150317
-0.30958642572452283,-6.3809503296376535,-28.42719265155346
-0.03210766254446929,-5.9197645444652345,-28.42719265161305
0.23920974138718695,-5.446519118500307,-28.42719265168076
0.5042917475981986,-4.961610550387234,-28.427192651755163
0.7630907289585734,-4.46547311417855,-28.427192651834634
1.0155854614217996,-3.9585783945419584,-28.427192651917437
1.2617809996507368,-3.4414346772139583,-28.427192652001764
1.5017084275551296,-2.914586185152488,-28.427192652085843
1.735424475304257,-2.378612151250281,-28.427192652167985
1.9630109952430228,-1.8341257192789202,-28.427192652246667
2.1845742903453305,-1.2817726659640445,-28.427192652320596
2.4002442903861225,-0.7222299387541155,-28.427192652388737
2.610173572891135,-0.1562040059311333,-28.42719265245037
2.814536228104888,0.4155709818042622,-28.427192652505084
3.0135265696612423,0.9923352163046738,-28.427192652552794
3.2073576952902085,1.5733054384138225,-28.427192652593696
3.396259904678742,2.157677317455947,-28.42719265262825
3.5804789844387677,2.744627991939545,-28.427192652657094
3.7602743729301014,3.333318756231273,-28.427192652681015
3.935917220341389,3.9228978746877425,-28.42719265270086
4.107688361849809,4.512503501729321,-28.427192652717466
4.275876223765597,5.101266683722093,-28.42719265273161
4.440774684235246,5.688314416412173,-28.42719265274392
4.602680911256721,6.27277273012342,-28.427192652754883
4.761893201398964,6.853769774054926,-28.427192652764788
4.918708842685709,7.430438870840813,-28.427192652773723
5.0734220245936985,8.001921513074052,-28.427192652781596
5.226321817044866,8.567370274729418,-28.427192652788158
5.377690238681868,9.125951612300186,-28.427192652793035
5.527800432667437,9.67684853291359,-28.427192652795803
5.676914965818932,10.219263109614795,-28.42719265279599
5.825284264170793,10.752418827294985,-28.427192652793195
5.973145195147425,11.275562746263976,-28.427192652787067
6.120719803527689,11.787967474106111,-28.427192652777403
6.268214205386842,12.288932940088468,-28.427192652764145
6.415817641302793,12.77778796990035,-28.4271926527474
6.563701687390046,13.253891661794029,-28.427192652727452
6.712019620242799,13.716634568187429,-28.427192652704772
6.860905929679156,14.165439689417658,-28.427192652679963
7.010475971317021,14.599763288557286,-28.42719265265376
7.160825749499185,15.019095537999817,-28.427192652626996
7.312031819926893,15.42296100988105,-28.42719265260055
7.464151300551949,15.810919023338657,-28.42719265257532
7.617221978800855,16.182563862145837,-28.4271926525522
7.771262503036522,16.53752487641862,-28.427192652531996
7.926272646273592,16.875466481929315,-28.427192652515444
8.082233630518658,17.196088070104835,-28.42719265250315
8.239108500670959,17.499123841092583,-28.427192652495588
8.396842537656731,17.784342571384588,-28.427192652493076
8.555363701346256,18.05154732644513,-28.42719265249577
8.714583094784112,18.300575127629287,-28.42719265250365
8.87439544231956,18.531296581446433,-28.42719265251655
9.034679575328434,18.743615477946612,-28.42719265253413
9.195298920345644,18.93746836371746,-28.427192652555938
9.356101985557542,19.112824093699928,-28.427192652581386
9.516922842717234,19.26968336478337,-28.427192652609776
9.677581602627638,19.408078232942433,-28.427192652640347
9.837884883372865,19.528071614544746,-28.42719265267229
9.997626271456312,19.629756771402658,-28.427192652704754
10.156586776913214,19.713256778175086,-28.42719265273691
10.314535284296657,19.778723969857104,-28.427192652767943
10.471229002180968,19.82633936633388,-28.427192652797096
10.626413914476462,19.85631207033036,-28.42719265282371
10.779825237398052,19.868878634566048,-28.427192652847193
10.931187886369633,19.864302393532736,-28.4271926528671
11.080216957470977,19.842872755058174,-28.4271926528831
11.226618228238015,19.804904446705876,-28.427192652895016
11.370088682707031,19.750736712095115,-28.427192652902836
11.510317065544873,19.680732452407753,-28.42719265290668
11.646984469929889,19.595277308680746,-28.427192652906818
11.779764963542073,19.49477868096294,-28.427192652903663
11.908326256589257,19.379664681036882,-28.42719265289776
12.032330415244592,19.250383016162502,-28.427192652889747
12.151434623207777,19.10739980217783,-28.427192652880347
12.265291993340249,18.95119830527583,-28.427192652870335
12.373552430477762,18.782277612846695,-28.42719265286051
12.475863545610233,18.60115123490788,-28.427192652851648
12.57187162065911,18.408345638812886,-28.4271926528445
12.661222622099626,18.204398721105367,-28.42719265283973
12.743563260693382,17.98985822153658,-28.427192652837917
12.818542093641405,17.765280085359436,-28.427192652839494
12.885810664564074,17.531226781021143,-28.427192652844766
12.945024675886577,17.288265581268487,-28.427192652853883
12.995845187479146,17.036966816429448,-28.42719265286683
13.03793983478973,16.777902109219976,-28.427192652883424
13.07098405922862,16.51164260082811,-28.427192652903365
13.094662343231299,16.238757178239563,-28.427192652926184
13.108669442243857,15.959810712784401,-28.427192652951334
13.112711605845659,15.675362319707506,-28.427192652978178
13.106507780342968,15.385963648205678,-28.427192653006028
13.08979078542542,15.092157210847912,-28.427192653034183
13.062308457861386,14.794474760625016,-28.427192653061955
13.023824755700614,14.493435723087007,-28.427192653088714
12.974120817032697,14.189545690152219,-28.427192653113913
12.912995967995105,13.883294981243402,-28.427192653137077
12.8402686754109,13.575157276456691,-28.427192653157885
12.755777440139928,13.265588325532004,-28.42719265317613
12.659381627925104,12.955024735499146,-28.427192653191764
12.550962235185807,12.64388283905052,-28.42719265320484
12.43042258783457,12.332557644962693,-28.427192653215585
12.297688971754832,12.021421871274404,-28.4271926532243
12.152711194064214,11.710825061441685,-28.427192653231412
11.995463074690255,11.40109278334017,-28.427192653237416
11.825942868098952,11.092525910773157,-28.42719265324286
11.644173615238829,10.785399987069207,-28.4271926532483
11.450203425897202,10.479964670407249,-28.42719265325432
11.244105691715454,10.176443260678502,-28.42719265326145
11.02597923008545,9.875032307966402,-28.42719265327019
10.795948359059773,9.575901303078906,-28.427192653280958
10.554162903267759,9.279192450979359,-28.427192653294096
10.300798130651444,8.985020528408365,-28.427192653309838
10.036054619636479,8.693472827443857,-28.42719265332833
9.76015805614902,8.404609187183613,-28.427192653349593
9.473358959697455,8.118462116127494,-28.427192653373574
9.175932337573682,7.835037008160337,-28.427192653400105
8.868177266108257,7.554312455266801,-28.427192653428946
8.550416397851594,7.276240660225063,-28.42719265345978
8.222995393562073,7.000747952508363,-28.427192653492256
7.886282277972167,6.72773541045702,-28.427192653525964
7.540666718483522,6.457079592457947,-28.42719265356049
7.186559226216519,6.188633379377811,-28.427192653595426
6.824390279210975,5.922226929839167,-28.42719265363037
6.454609368040799,5.6576687491109485,-28.42719265366494
6.077683964661238,5.394746871416332,-28.427192653698807
5.694098415943888,5.133230154358513,-28.427192653731655
5.304352764059354,4.872869682950556,-28.427192653763235
4.908961496624538,4.613400279436029,-28.42719265379332
4.5084522303221535,4.354542113734429,-28.427192653821727
4.1033643325033875,4.096002407974363,-28.4271926538483
3.6942474860777357,3.837477227225536,-28.427192653872908
3.281660203753901,3.5786533472463833,-28.42719265389543
2.8661682983986787,3.3192101888657457,-28.42719265391574
2.448343316905225,3.0588218075506233,-28.42719265393373
2.028760945487733,2.7971589258106726,-28.42719265394929
1.6079993947294995,2.5338909953818414,-28.427192653962294
1.1866377729922881,2.2686882756386333,-28.427192653972625
0.7652544569379145,2.0012239144220882,-28.42719265398018
0.344425467914008,1.7311760174463728,-28.427192653984864
-0.07527713718417116,1.4582296926604685,-28.42719265398661
-0.4932868522393187,1.182079056384607,-28.427192653985394
-0.9090442774886246,0.9024291886980053,-28.427192653981262
-1.3219986369249654,0.6189980264024983,-28.427192653974327
-1.731609250698499,0.331518182897465,-28.427192653964763
-2.1373469563675025,0.039738685442037645,-28.427192653952847
-2.5386954735688683,-0.2565733784850771,-28.42719265393896
-2.9351527074253427,-0.5576313127275244,-28.42719265392354
-3.326231986755225,-0.8636273675859535,-28.42719265390714
-3.7114632338787037,-1.1747314029466338,-28.427192653890373
-4.09039406350315,-1.4910896625683832,-28.427192653873917
-4.46259080879986,-1.8128236615386943,-28.427192653858462
-4.82763947334242,-2.1400291878660798,-28.427192653844738
-5.1851466080511335,-2.4727754182623047,-28.427192653833444
-5.534740112671338,-2.8111041474008363,-28.42719265382524
-5.876069961602693,-3.1550291293260595,-28.427192653820722
-6.208808854091652,-3.504535529235535,-28.42719265382037
-6.532652788904396,-3.859579483562997,-28.427192653824562
-6.8473215636195075,-4.220087766145855,-28.427192653833526
-7.152559198628925,-4.585957558255799,-28.427192653847342
-7.448134285824811,-4.957056320388386,-28.427192653865927
-7.73384026179399,-5.333221763927255,-28.427192653889033
-8.009495605157031,-5.714261921097793,-28.427192653916265
-8.274943957493806,-6.099955311978148,-28.427192653947067
-8.530054167109718,-6.490051207715314,-28.42719265398077
-8.774720254735726,-6.884269989472745,-28.427192654016608
-9.008861300138573,-7.282303602985258,-28.427192654053734
-9.232421248562904,-7.683816108889778,-28.42719265409127
-9.44536863594948,-8.088444329210994,-28.427192654128334
-9.647696231987236,-8.495798590485938,-28.427192654164088
-9.83942060027202,-8.905463563991324,-28.42719265419775
-10.020581575168885,-9.31699920337624,-28.42719265422865
-10.191241655411515,-9.729941779690334,-28.427192654256263
-10.351485315020879,-10.143805013328716,-28.42719265428018
-10.501418232780363,-10.558081301791086,-28.427192654300203
-10.641166442256553,-10.972243041382011,-28.427192654316283
-10.770875405188562,-11.385744040076549,-28.427192654328564
-10.890709011965344,-11.798021017761885,-28.427192654337343
-11.000848513846242,-12.208495188968763,-28.427192654343067
-11.101491392528526,-12.616573922059056,-28.427192654346314
-11.192850173597307,-13.021652467674626,-28.427192654347753
-11.27515119127742,-13.423115748117828,-28.42719265434811
-11.348633312712405,-13.820340198266411,-28.427192654348136
-11.413546630692634,-14.212695647665793,-28.427192654348566
-11.47015113431543,-14.599547232628089,-28.427192654350065
-11.518715367460725,-14.980257326533655,-28.42719265435325
-11.559515085187538,-15.354187476105672,-28.427192654358603
-11.592831918186043,-15.720700331232658,-28.427192654366475
-11.618952055250768,-16.079161555960418,-28.427192654377087
-11.638164953372579,-16.42894170856813,-28.427192654390502
-11.650762084487932,-16.76941807917801,-28.42719265440663
-11.65703572718694,-17.09997647411084,-28.427192654425262
-11.657277810787006,-17.4200129371686,-28.427192654446063
-11.651778818150635,-17.728935399172908,-28.42719265446858
-11.64082675249328,-18.026165248378927,-28.427192654492313
-11.624706172220755,-18.311138815782435,-28.4271926545167
-11.603697296588415,-18.583308770802017,-28.427192654541166
-11.578075183718209,-18.842145424309308,-28.427192654565136
-11.548108981276094,-19.087137937458852,-28.42719265458808
-11.514061248929865,-19.317795436198853,-28.427192654609524
-11.476187350601677,-19.53364803269272,-28.427192654629067
-11.434734913522465,-19.734247756120745,-28.42719265464639
-11.389943350204245,-19.919169396438807,-28.42719265466129
-11.342043438684371,-20.088011265629614,-28.427192654673657
-11.291256955772127,-20.24039588177943,-28.427192654683495
-11.237796357546998,-20.37597058194328,-28.42719265469091
-11.181864501021314,-20.494408070221485,-28.4271926546961
-11.123654400685117,-20.595406907762783,-28.42719265469936
-11.06334901359378,-20.678691951538703,-28.42719265470105
-11.001121046732255,-20.744014748708675,-28.427192654701596
-10.93713278058561,-20.791153893225072,-28.42719265470147
-10.871535903154715,-20.81991535102313,-28.427192654701166
-10.804471349068614,-20.830132759713642,-28.427192654701194
-10.736069138951704,-20.821667708158884,-28.427192654702058
-10.666448214794313,-20.794410000675207,-28.427192654704253
-10.595716267740451,-20.748277909880684,-28.42719265470822
-10.52396955543724,-20.683218421403428,-28.427192654714364
-10.45129270687818,-20.59920747279538,-28.42719265472301
-10.377758513508805,-20.496250188067485,-28.42719265473444
-10.303427706240052,-20.3743811082835,-28.427192654748833
-10.228348718923797,-20.23366441763147,-28.427192654766277
-10.152557439777688,-20.074194163342398,-28.42719265478679
-10.076076953193672,-19.89609446675637,-28.427192654810284
-9.998917275316089,-19.69951972175782,-28.427192654836592
-9.921075087719561,-19.48465477572732,-28.42719265486546
-9.842533474441165,-19.251715087102053,-28.427192654896558
-9.763261668510808,-19.000946852618206,-28.427192654929488
-9.683214814961639,-18.73262709634576,-28.427192654963818
-9.602333758070234,-18.447063711741613,-28.42719265499908
-9.520544861253658,-18.14459544716573,-28.427192655034787
-9.437759868615327,-17.825591824653582,-28.427192655070478
-9.353875817560803,-17.49045298124551,-28.42719265510571
-9.268775012174235,-17.13960942186871,-28.427192655140097
-9.182325067133135,-16.77352167267994,-28.42719265517332
-9.094379031821083,-16.392679823934113,-28.42719265520517
-9.004775603955501,-15.997602951870467,-28.42719265523552
-8.913339441465123,-15.588838409823856,-28.42719265526435
-8.819881580518672,-15.1669609797873,-28.427192655291748
-8.724199966519084,-14.732571876978188,-28.42719265531793
-8.626080103540087,-14.286297601589844,-28.427192655343177
-8.525295826107739,-13.828788633826196,-28.42719265536785
-8.421610195440993,-13.360717970491734,-28.42719265539234
-8.314776520295645,-12.882779503800743,-28.42719265541706
-8.204539500447485,-12.395686245626033,-28.427192655442372
-8.090636488654745,-11.900168403063256,-28.427192655468602
-7.972798864715729,-11.396971313869196,-28.427192655495954
-7.8507535130492485,-10.88685325296073,-28.4271926555245
-7.724224393140107,-10.37058312365216,-28.42719265555415
-7.592934190276334,-9.848938049579498,-28.427192655584662
-7.456606032322616,-9.322700885233026,-28.427192655615595
-7.314965256882265,-8.792657664624851,-28.427192655646355
-7.167741212145465,-8.259595008799614,-28.427192655676194
-7.014669074039553,-7.724297513613418,-28.42719265570427
-6.855491662008676,-7.187545139435986,-28.42719265572967
-6.689961235861253,-6.650110624171075,-28.427192655751462
-6.517841256624338,-6.1127569402575,-28.427192655768764
-6.338908095209723,-5.576234815143186,-28.427192655780804
-6.152952673889103,-5.041280333170241,-28.427192655786968
-5.95978202704567,-4.508612634936231,-28.427192655786843
-5.759220769358838,-3.9789317280818994,-28.427192655780246
-5.55111246142423,-3.45291642118096,-28.427192655767293
-5.3353208647466035,-2.9312223900570906,-28.42719265574837
-5.111731080004241,-2.414480383508896,-28.427192655724127
-4.880250564408109,-1.9032945731610489,-28.427192655695492
-4.640810025812517,-1.3982410500462636,-28.42719265566362
-4.393364192928669,-0.8998664686138751,-28.427192655629852
-4.137892462510111,-0.4086868371999911,-28.427192655595654
-3.8743994256911733,0.0748135473887501,-28.427192655562564
-3.602915276747564,0.5501830246140857,-28.427192655532146
-3.323496108403423,1.0170033584936065,-28.427192655505902
-3.0362240984312896,1.4748903941610398,-28.427192655485236
-2.741207592688512,1.9234945876479153,-28.42719265547137
-2.438581089920138,2.3625014138111196,-28.427192655465326
-2.1285051336542717,2.7916316570903894,-28.42719265546788
-1.8111661163454726,3.2106415893597116,-28.427192655479523
-1.4867760006120945,3.619323038576627,-28.42719265550047
-1.155571961993558,4.0175033512749625,-28.427192655530646
-0.8178159571532869,4.405045251230995,-28.42719265556968
-0.47379422090225387,4.781846595901164,-28.427192655616953
-0.12381669484601121,5.147840031519869,-28.427192655671625
0.23178361010752405,5.50299254709476,-28.42719265573263
0.5926513156754044,5.84730492697682,-28.427192655798777
0.9584094413350722,6.18081110124238,-28.427192655868772
1.3286602318409861,6.503577392828306,-28.427192655941266
1.7029860466010265,6.815701660229405,-28.42719265601491
2.0809503105876765,7.117312334612999,-28.4271926560884
2.4620985265358084,7.408567350438087,-28.42719265616054
2.8459593481296217,7.689652969088409,-28.42719265623024
3.232045713703617,7.960782495636511,-28.42719265629659
3.6198560396785635,8.222194889639994,-28.42719265635885
4.008875472529945,8.474153271815464,-28.427192656416494
4.398577197554305,8.716943329518378,-28.42719265646917
4.788423802073733,8.950871625150322,-28.427192656516738
5.177868690019481,9.176263812886313,-28.42719265655922
5.56635754408512,9.393462770426959,-28.427192656596805
5.953329830862904,9.602826653793077,-28.42719265662982
6.338220343601245,9.804726884452437,-28.427192656658672
6.720460776474359,9.999546079256808,-28.427192656683843
7.099481323564859,10.187675934732066,-28.427192656705838
7.474712295152732,10.369515078166415,-28.427192656725182
7.845585743403435,10.545466898648495,-28.427192656742356
8.211537089174143,10.715937371690902,-28.4271926567578
8.572006741426112,10.881332891315175,-28.427192656771897
8.92644170065335,11.042058123459933,-28.427192656784946
9.274297137818142,11.198513894301456,-28.427192656797185
9.615037940521383,11.351095126551671,-28.427192656808767
9.948140218523344,11.500188836037205,-28.4271926568198
10.273092761255988,11.646172199887902,-28.427192656830307
10.589398440614053,11.789410706504285,-28.427192656840315
10.89657555305761,11.930256396166934,-28.42719265684981
11.194159095879149,12.069046199737143,-28.427192656858775
11.481701973357396,12.206100381420354,-28.42719265686722
11.75877612941076,12.341721090065601,-28.42719265687515
12.024973604248693,12.47619102199854,-28.427192656882642
12.279907513374136,12.609772196972862,-28.427192656889765
12.52321294809109,12.742704847511899,-28.427192656896658
12.754547797398395,12.8752064207305,-28.427192656903486
12.973593491787105,13.007470690703077,-28.427192656910417
13.180055669992157,13.139666978596232,-28.427192656917672
13.37366477017067,13.271939477127155,-28.42719265692544
13.554176547284996,13.404406675447968,-28.427192656933926
13.721372518658598,13.537160880291669,-28.427192656943294
13.87506033975027,13.670267829141235,-28.42719265695367
14.015074112164625,13.803766391288198,-28.42719265696515
14.141274625794,13.937668352914445,-28.427192656977752
14.253549536782236,14.071958282740553,-28.42719265699144
14.351813482728526,14.20659347531169,-28.42719265700613
14.43600813622702,14.341503969611654,-28.427192657021656
14.506102197482273,14.476592641378074,-28.427192657037814
14.562091326370814,14.611735368207851,-28.427192657054356
14.603998013953804,14.74678126726088,-28.427192657071
14.631871393103117,14.881553006062196,-28.427192657087456
14.645786987601456,15.015847187538565,-28.42719265710345
14.645846398832608,15.149434810977613,-28.427192657118724
14.632176929005762,15.28206181104066,-28.427192657133073
14.604931139770956,15.41344967727194,-28.42719265714635
14.564286345091432,15.543296156708603,-28.42719265715849
14.51044403735051,15.671276042193053,-28.427192657169524
14.4436292458895,15.797042048813024,-28.427192657179575
14.364089827499573,15.920225780541061,-28.427192657188876
14.272095688820892,16.040438788616147,-28.42719265719775
14.167937941129056,16.15727372251432,-28.427192657206596
14.051927988600282,16.270305573506622,-28.427192657215897
13.924396551827531,16.37909300982231,-28.427192657226186
13.785692629090663,16.483179801348793,-28.427192657237992
13.636182398642937,16.582096330638638,-28.42719265725186
13.476248066039403,16.675361185792664,-28.427192657268282
13.3062866612743,16.76248282958497,-28.427192657287673
13.12670879118852,16.842961338029028,-28.427192657310346
12.93793735322894,16.91629020049342,-28.427192657336487
12.740406217165365,16.981958172497862,-28.427192657366117
12.53455888177731,17.039451171489123,-28.427192657399093
12.320847113794287,17.088254205240965,-28.427192657435093
12.099729576498012,17.127853322065505,-28.427192657473626
11.871670455364853,17.157737571781237,-28.427192657514023
11.637138087941183,17.177400966363507,-28.427192657555494
11.396603604806444,17.18634442940666,-28.4271926575971
11.150539587998752,17.18407772394592,-28.427192657637846
10.899418752670343,17.170121348805583,-28.427192657676688
10.643712657024304,17.144008394437204,-28.427192657712585
10.383890444782795,17.105286350158686,-28.42719265774452
10.120417623575685,17.05351885577181,-28.42719265777161
9.853754881744765,16.98828739168596,-28.42719265779307
9.584356945159687,16.90919290287378,-28.42719265780831
9.312671474765502,16.81585735319357,-28.427192657816928
9.039138004753793,16.70792520779763,-28.42719265781876
8.76418692049433,16.58506484247212,-28.42719265781389
8.488238474703207,16.446969879791922,-28.42719265780264
8.211701839775015,16.293360452896245,-28.42719265778559
7.934974193785912,16.123984398474864,-28.427192657763552
7.658439837392966,15.938618381181692,-28.427192657737546
7.382469338721246,15.737068952148102,-28.42719265770879
7.107418703348629,15.519173544542033,-28.427192657678646
6.833628566670977,15.284801409204961,-28.427192657648572
6.561423406256119,15.033854493293655,-28.427192657620097
6.291110772269945,14.766268264559177,-28.42719265759476
6.0229805346755505,14.482012483414962,-28.427192657574025
5.757304146657846,14.181091924286783,-28.427192657559306
5.494333924599945,13.863547046910048,-28.42719265755184
5.234302345920418,13.529454617257612,-28.427192657552673
4.977421367155554,13.17892827666094,-28.42719265756263
4.72388176581925,12.81211905644955,-28.42719265758227
4.473852510772722,12.429215834102544,-28.427192657611847
4.227480167061706,12.030445725510752,-28.42719265765131
3.9848883424012946,11.616074406522095,-28.427192657700314
3.746177183675603,11.186406355525133,-28.427192657758198
3.511422932935048,10.741785007460214,-28.427192657824033
3.280677553378787,10.282592808383114,-28.427192657896647
3.053968436661377,9.80925115859611,-28.42719265797466
2.8312982035165657,9.322220231462786,-28.42719265805655
2.612644610101993,8.821998654395014,-28.427192658140708
2.3979605725916624,8.309123038202193,-28.42719265822553
2.187174322336356,7.7841673410812975,-28.42719265830944
1.9801897033386453,7.247742054052291,-28.42719265839102
1.77688662281941,6.700493195649936,-28.427192658469014
1.577121664267917,6.143101105199101,-28.42719265854241
1.3807288705618321,5.576279026039978,-28.427192658610455
1.187520702527158,5.0007714726254475,-28.427192658672702
0.9972891757089257,4.417352378455868,-28.427192658728984
0.8098071751885604,3.82682302529312,-28.427192658779422
0.6248299450796003,3.2300097579266542,-28.427192658824346
0.44209674594481385,2.627761492846429,-28.427192658864282
0.26133266990580534,2.0209470333864354,-28.42719265889987
0.08225059977468652,1.4104522080961994,-28.42719265893178
-0.09544670475223817,0.797176853124092,-28.42719265896066
-0.27206441381324964,0.18203166309975052,-28.42719265898705
-0.44791334960751755,-0.43406506176678855,-28.427192659011336
-0.623307648843541,-1.0501907420309342,-28.427192659033704
-0.7985623916534825,-1.6654218865689034,-28.427192659054107
-0.9739912240899168,-2.2788374680180326,-28.427192659072322
-1.1499040014995348,-2.8895222725457748,-28.427192659087883
-1.3266044795433425,-3.496570191027865,-28.42719265910021
-1.5043880784272436,-4.099087420193272,-28.427192659108616
-1.6835397440721716,-4.696195544545812,-28.42719265911239
-1.8643319275665688,-5.287034472801495,-28.42719265911088
-2.0470227014044586,-5.870765206062071,-28.42719265910355
-2.2318540278330268,-6.446572418835392,-28.42719265909004
-2.4190501912363227,-7.013666838158367,-28.427192659070233
-2.6088164029897802,-7.571287410323488,-28.42719265904429
-2.801337583752521,-8.118703248906565,-28.42719265901264
-2.996777324829415,-8.655215361806734,-28.427192658976004
-3.1952770271267603,-9.180158158724177,-28.42719265893537
-3.3969552134209637,-9.69290074382363,-28.427192658891936
-3.60190700721627,-10.192848001194394,-28.427192658847094
-3.8102037694236164,-10.679441483077376,-28.427192658802326
-4.021892882467569,-11.152160112667362,-28.427192658759196
-4.236997670224572,-11.610520714616452,-28.42719265871922
-4.455517441401261,-12.054078387183276,-28.42719265868386
-4.677427643552296,-12.482426730327028,-28.42719265865441
-4.902680114879884,-12.895197943982222,-28.427192658632006
-5.131203421212267,-13.292062810322431,-28.427192658617532
-5.362903266082622,-13.672730573086888,-28.42719265861161
-5.597662962578197,-14.036948726061112,-28.427192658614594
-5.835343956557144,-14.384502721629193,-28.427192658626534
-6.0757863918945825,-14.715215609005453,-28.427192658647215
-6.318809709579332,-15.028947610357474,-28.42719265867613
-6.564213273701304,-15.325595641596184,-28.42719265871254
-6.8117770186133075,-15.605092783172646,-28.42719265875549
-7.061262112789995,-15.867407704820154,-28.427192658803843
-7.312411636114617,-16.11254404684511,-28.42719265885632
-7.564951268478229,-16.34053975932607,-28.427192658911583
-7.818589988656082,-16.551466399449748,-28.427192658968213
-8.073020783415066,-16.745428386213128,-28.42719265902481
-8.3279213676895,-16.9225622108676,-28.427192659080045
-8.582954917427989,-17.083035600785983,-28.427192659132654
-8.837770817350982,-17.227046633906014,-28.427192659181525
-9.092005426358936,-17.354822800551446,-28.42719265922571
-9.345282863688064,-17.46662000925852,-28.427192659264453
-9.597215819120644,-17.56272153324329,-28.427192659297223
-9.847406390617541,-17.643436894333092,-28.427192659323712
-10.09544695265295,-17.709100681548726,-28.42719265934384
-10.340921058298404,-17.76007130205589,-28.427192659357765
-10.58340437773145,-17.79672966289291,-28.427192659365854
-10.82246567534317,-17.819477782712433,-28.42719265936867
-11.05766782700109,-17.828737333727627,-28.42719265936694
-11.2885688783053,-17.824948115106295,-28.427192659361527
-11.514723143875388,-17.80856646018129,-28.427192659353388
-11.7356823468454,-17.78006358101387,-28.427192659343525
-11.950996796847837,-17.73992385502461,-28.427192659332952
-12.160216603861334,-17.688643059560466,-28.427192659322664
-12.362892924406774,-17.62672656136173,-28.42719265931356
-12.558579235730088,-17.554687468894468,-28.427192659306453
-12.746832632832271,-17.47304475639085,-28.427192659301998
-12.927215142522309,-17.382321369162145,-28.427192659300708
-13.099295048097314,-17.283042320293507,-28.427192659302936
-13.26264821781355,-17.17573278917656,-28.42719265930882
-13.41685943001424,-17.06091623247432,-28.42719265931837
-13.561523687632915,-16.93911251803761,-28.427192659331407
-13.69624751479618,-16.810836092006667,-28.42719265934762
-13.820650228403625,-16.67659418884601,-28.427192659366597
-13.934365177856627,-16.536885093393106,-28.427192659387813
-14.037040946527878,-16.39219646317556,-28.427192659410707
-14.128342509092098,-16.24300371829737,-28.427192659434684
-14.20795233945417,-16.089768505145422,-28.427192659459184
-14.275571464690376,-15.932937239059127,-28.427192659483666
-14.330920461136602,-15.772939729976502,-28.42719265950765
-14.373740389489218,-15.610187893955322,-28.42719265953076
-14.40379366650542,-15.445074552403911,-28.42719265955269
-14.420864871577352,-15.277972319874427,-28.427192659573272
-14.424761487088059,-15.109232580399881,-28.42719265959243
-14.415314572020156,-14.939184551617773,-28.42719265961018
-14.392379368766003,-14.768134435335014,-28.427192659626662
-14.35583584347168,-14.596364652762624,-28.427192659642063
-14.305589160529866,-14.424133162389476,-28.427192659656658
-14.241570092016907,-14.25167285837219,-28.427192659670762
-14.16373536294859,-14.079191047386619,-28.427192659684696
-14.072067933212493,-13.906869002104564,-28.427192659698818
-13.966577216930546,-13.7348615898114,-28.42719265971343
-13.847299239824679,-13.563296975146585,-28.42719265972883
-13.714296734914464,-13.39227639650655,-28.427192659745266
-13.567659176583627,-13.221874016272704,-28.42719265976291
-13.407502752729027,-13.05213684568843,-28.427192659781895
-13.233970274368493,-12.883084745879483,-28.42719265980226
-13.04723102175123,-12.714710507162573,-28.427192659824
-12.84748052570401,-12.546980009388047,-28.42719265984705
-12.634940282676338,-12.379832466586098,-28.427192659871277
-12.409857401734415,-12.213180759605214,-28.42719265989652
-12.172504181612913,-12.046911860721956,-28.42719265992258
-11.923177615878766,-11.880887354341553,-28.42719265994925
-11.662198824303395,-11.714944057881205,-28.4271926599763
-11.389912408687927,-11.548894746719574,-28.427192660003556
-11.1066857316449,-11.382528986698208,-28.42719266003082
-10.81290811721166,-11.215614077071473,-28.427192660057926
-10.508989972652824,-11.04789610602444,-28.42719266008476
-10.19536183139574,-10.879101119923025,-28.427192660111217
-9.872473317723472,-10.70893640634429,-28.427192660137223
-9.540792034610321,-10.537091889679614,-28.427192660162728
-9.20080237690728,-10.363241636738378,-28.42719266018768
-8.853004272947928,-10.187045468338647,-28.42719266021203
-8.497911858525589,-10.008150671392116,-28.427192660235708
-8.136052088064298,-9.826193804514514,-28.427192660258598
-7.7679632886432115,-9.640802588762211,-28.427192660280564
-7.394193663310411,-9.45159787375365,-28.427192660301404
-7.015299750812835,-9.25819566822107,-28.42719266032084
-6.631844849452059,-9.060209222991366,-28.427192660338562
-6.244397413232049,-8.857251153547029,-28.427192660354187
-5.853529428780215,-8.648935588694862,-28.427192660367304
-5.459814781687737,-8.434880331489953,-28.42719266037746
-5.063827620925171,-8.214709018435093,-28.427192660384215
-4.666140729846498,-7.988053263102585,-28.427192660387142
-4.2673239120065265,-7.75455477069861,-28.42719266038588
-3.8679423995953783,-7.513867410693919,-28.427192660380125
-3.468555291757259,-7.265659235454874,-28.427192660369702
-3.069714029429868,-7.009614433795723,-28.42719266035457
-2.6719609126401047,-6.745435209501026,-28.427192660334832
-2.2758276654470273,-6.472843576097371,-28.427192660310773
-1.8818340529614002,-6.191583060445095,-28.42719266028286
-1.4904865541190369,-5.901420309032158,-28.427192660251723
-1.1022770931678572,-5.602146592143432,-28.42719266021817
-0.717681832169105,-5.293579202311763,-28.427192660183167
-0.33716002623154123,-4.975562744598252,-28.42719266014778
0.03884705728987236,-4.64797031726892,-28.4271926601132
0.4099171547798479,-4.310704582309414,-28.427192660080635
0.7756479569478765,-3.9636987259306595,-28.427192660051315
1.1356579935741513,-3.606917309754523,-28.427192660026435
1.4895874520066639,-3.2403570137240445,-28.427192660007105
1.837098928915237,-2.8640472719582903,-28.4271926599943
2.177878114619154,-2.478050802773878,-28.42719265998882
2.511634409023928,-2.0824640339359872,-28.42719265999127
2.838101467845619,-1.677417423898721,-28.42719266000202
3.15703767738685,-1.2630756793702826,-28.427192660021177
3.468226555678958,-0.8396378690192307,-28.427192660048597
3.7714770773432145,-0.4073374325543987,-28.42719266008386
4.0666239190762346,0.03355791620357878,-28.42719266012631
4.3535276222571015,0.4827463942510151,-28.42719266017506
4.632074668833463,0.9398924648895765,-28.427192660229014
4.90217746639768,1.4046272668208801,-28.42719266028695
5.163774238238056,1.8765491602629785,-28.427192660347504
5.416828814168079,2.3552243937196025,-28.42719266040929
5.661330318119754,2.8401878950612383,-28.42719266047091
5.897292748852663,3.3309441903897867,-28.427192660531027
6.124754450690683,3.8269684537331052,-28.427192660588425
6.3437774719596876,4.3277076899369575,-28.427192660642035
6.554446809761284,4.832582052183543,-28.427192660690995
6.756869540871516,5.3409862943715565,-28.427192660734672
6.9511738398825855,5.852291357157339,-28.42719266077268
7.137507887185133,6.365846084806391,-28.42719266080488
7.316038670984648,6.88097906817674,-28.427192660831402
7.486950689217365,7.3970006071989225,-28.427192660852555
7.650444558930362,7.913204784189256,-28.427192660868883
7.806735542365168,8.42887163729919,-28.42719266088106
7.956052000577995,8.943269421433897,-28.42719266088986
8.098633786886626,9.455656942140358,-28.42719266089612
8.234730593699679,9.965285946339586,-28.427192660900673
8.364600267308749,10.471403552425132,-28.4271926609043
8.488507105965583,10.973254701228159,-28.427192660907693
8.60672015699182,11.470084608703681,-28.427192660911427
8.719511528756751,11.961141200955261,-28.427192660915928
8.827154733099729,12.445677512402156,-28.42719266092146
8.9299230731726,12.922954028503234,-28.42719266092812
9.028088090751027,13.3922409554683,-28.42719266093587
9.121918085840715,13.852820400776926,-28.42719266094452
9.211676719925222,14.303988450040787,-28.427192660953775
9.297621712514136,14.745057127729694,-28.427192660963282
9.380003638807858,15.175356231468426,-28.42719266097261
9.459064834355418,15.594235031930198,-28.42719266098135
9.535038410602283,16.001063832731596,-28.427192660989096
9.608147383262192,16.395235387103206,-28.42719266099549
9.678603913552037,16.776166170405567,-28.42719266100026
9.746608660547874,17.14329750972346,-28.427192661003204
9.81235024129142,17.496096573755416,-28.42719266100423
9.876004793830514,17.83405722798053,-28.42719266100336
9.937735637135754,18.156700761604665,-28.427192661000685
9.997693020812543,18.463576494044652,-28.42719266099643
10.056013956728984,18.754262269695914,-28.42719266099087
10.112822124104122,19.0283648504466,-28.42719266098436
10.168227839241142,19.285520215859194,-28.42719266097731
10.222328080934034,19.52539378115362,-28.427192660970164
10.275206562608652,19.74768054311315,-28.427192660963367
10.326933842461692,19.95210516381889,-28.42719266095737
10.377567463214545,20.13842200172432,-28.427192660952603
10.427152113582977,20.30641509903315,-28.42719266094945
10.47571980415826,20.455898133666103,-28.427192660948254
10.523290051081634,20.586714343318754,-28.42719266094928
10.569870061653859,20.69873642824437,-28.427192660952755
10.615454916838512,20.79186643846358,-28.427192660958788
10.660027746477013,20.866035650123287,-28.42719266096744
10.703559893921462,20.921204434717026,-28.427192660978676
10.746011067696646,20.957362123851233,-28.427192660992393
10.787329478714366,20.974526871209147,-28.427192661008405
10.827451962471981,20.97274551233654,-28.42719266102646
10.866304086564138,20.952093421861864,-28.42719266104625
10.903800244713514,20.912674366776145,-28.42719266106741
10.939843739375062,20.854620353445117,-28.42719266108954
10.974326855780353,20.778091465116184,-28.427192661112215
11.007130931055482,20.683275685826462,-28.427192661135006
11.038126422758555,20.57038870582562,-28.427192661157473
11.067172981831098,20.43967370290994,-28.427192661179216
11.094119535531288,20.291401093434928,-28.427192661199857
11.118804386404646,20.125868246245684,-28.427192661219067
11.141055333737945,19.943399152351446,-28.427192661236596
11.16068982422292,19.744344042887572,-28.42719266125226
11.177515138715963,19.52907894776871,-28.427192661265966
11.191328622007541,19.298005187454656,-28.427192661277726
11.201917962400426,19.051548790437405,-28.427192661287634
11.209061527630979,18.790159829423544,-28.4271926612959
11.212528763247137,18.514311669737438,-28.427192661302815
11.21208065897768,18.22450012420994,-28.42719266130876
11.207470287891503,17.921242509742182,-28.427192661314184
11.198443422258363,17.605076601837215,-28.42719266131959
11.184739228994589,17.276559484659217,-28.427192661325495
11.166091046424153,16.93626629559137,-28.427192661332437
11.142227242827873,16.58478886479205,-28.427192661340925
11.112872155916973,16.22273425186261,-28.42719266135139
11.077747110981617,15.850723183400945,-28.427192661364217
11.036571514063912,15.469388396880595,-28.427192661379653
10.989064015124029,15.079372897921509,-28.42719266139782
10.934943734844861,14.68132813955862,-28.427192661418726
10.873931547491695,14.275912133523976,-28.42719266144218
10.80575141114386,13.863787504794395,-28.427192661467878
10.730131735676768,13.445619501682257,-28.427192661495354
10.646806778121972,13.022073974531413,-28.42719266152402
10.555518054490273,12.593815336600665,-28.427192661553185
10.45601575682217,12.16150452096108,-28.427192661582083
10.348060164136365,11.725796947197459,-28.42719266160992
10.231423036078535,11.287340511396454,-28.4271926616359
10.105888978418552,10.846773612341405,-28.427192661659276
9.971256770087432,10.404723226043803,-28.42719266167939
9.82734064216124,9.961803039757747,-28.42719266169571
9.673971500059052,9.51861165548727,-28.427192661707828
9.51099808119278,9.075730871751638,-28.427192661715562
9.338288041353135,8.633724051066942,-28.427192661718877
9.155728964202634,8.193134579280054,-28.427192661717957
8.963229289338313,7.754484421597309,-28.427192661713182
8.760719155451364,7.318272778925506,-28.4271926617051
8.548151156118875,6.884974847021959,-28.427192661694427
8.325501006689557,6.455040679961764,-28.427192661682017
8.092768121550728,6.028894158595666,-28.4271926616688
7.849976101773433,5.606932064004618,-28.4271926616558
7.597173133717039,5.189523255463639,-28.427192661644025
7.334432299630416,4.777007952106928,-28.427192661634468
7.061851801614652,4.369697117330703,-28.427192661628066
6.779555100518218,3.9678719449662925,-28.427192661625657
6.487690971429133,3.5717834463847686,-28.42719266162795
6.186433477423105,3.1816521379331055,-28.42719266163549
5.875981863137758,2.797667828424188,-28.427192661648654
5.556560369588721,2.419989506780782,-28.427192661667643
5.228417971442864,2.0487453303371597,-28.427192661692462
4.891828037737413,1.6840327147015615,-28.427192661722945
4.547087916801203,1.325918526448639,-28.427192661758745
4.194518445915789,0.9744393802154758,-28.427192661799374
3.834463386068229,0.6296020419917513,-28.42719266184421
3.4672887820114946,0.2913839405010769,-28.427192661892555
3.0933822477778135,-0.04026621145306382,-28.427192661943604
2.713152177797739,-0.36542768397238334,-28.427192661996557
2.327026883873304,-0.6842068840006379,-28.427192662050583
1.9354536584439028,-0.9967363953197913,-28.42719266210489
1.538897764871796,-1.303173904361322,-28.42719266215872
1.1378413558595857,-1.6037010123924127,-28.42719266221141
0.7327823215902025,-1.8985219355844802,-28.42719266226237
0.3242330697423052,-2.187862095545376,-28.427192662311118
-0.08728075983170092,-2.4719666040734496,-28.427192662357275
-0.5012216422874018,-2.7510986471432832,-28.427192662400568
-0.9170415726245498,-3.025537774426858,-28.427192662440824
-1.3341835232287267,-3.295578101954382,-28.427192662477953
-1.7520829484330342,-3.5615264367881916,-28.42719266251195
-2.1701693297088958,-3.8237003337823214,-28.427192662542872
-2.5878677544444897,-4.082426095591686,-28.427192662570803
-3.00460052069644,-4.338036728042518,-28.42719266259588
-3.419788759825885,-4.590869863747826,-28.427192662618232
-3.8328540685716486,-4.841265667421237,-28.427192662638003
-4.243220141884883,-5.08956473668901,-28.427192662655333
-4.650314397760742,-5.336106012309914,-28.42719266267035
-5.053569585357881,-5.581224711580522,-28.427192662683172
-5.452425367895498,-5.82525029833184,-28.427192662693916
-5.846329872154359,-6.068504502322861,-28.427192662702684
-6.234741196872633,-6.3112994000257725,-28.427192662709597
-6.617128872904352,-6.553935567801194,-28.427192662714795
-6.9929752686797295,-6.796700317310803,-28.42719266271842
-7.361776935251109,-7.039866021744011,-28.427192662720653
-7.723045886002854,-7.283688540082977,-28.42719266272173
-8.076310806924303,-7.528405745235643,-28.4271926627219
-8.421118194167999,-7.774236160468626,-28.427192662721456
-8.757033416418018,-8.021377707208506,-28.427192662720728
-9.083641700354598,-8.270006565985685,-28.427192662720067
-9.400549038202756,-8.52027615110059,-28.427192662719847
-9.70738301697921,-8.772316198523056,-28.427192662720422
-10.003793569591595,-9.026231965612983,-28.427192662722163
-10.289453648388799,-9.282103540488187,-28.427192662725382
-10.564059822106653,-9.53998525827257,-28.427192662730366
-10.82733279739871,-9.799905221037063,-28.427192662737326
-11.079017866290046,-10.061864917994635,-28.427192662746403
-11.31888528094904,-10.325838942420747,-28.427192662757662
-11.54673055714684,-10.591774801829787,-28.427192662771066
-11.762374707677825,-10.859592818129164,-28.427192662786496
-11.965664406860473,-11.12918611477596,-28.42719266280373
-12.15647208704123,-11.400420688353535,-28.427192662822463
-12.334695967800513,-11.673135562442187,-28.427192662842323
-12.500260018326241,-11.947143022153007,-28.427192662862875
-12.6531138531933,-12.22222892820021,-28.42719266288366
-12.793232561583318,-12.498153109878245,-28.427192662904158
-12.920616469813874,-12.774649836759592,-28.4271926629239
-13.03529083693421,-13.051428369313129,-28.42719266294244
-13.137305483098292,-13.32817358893921,-28.427192662959353
-13.22673435045624,-13.604546708106566,-28.42719266297434
-13.30367499641996,-13.880186061342421,-28.427192662987164
-13.368248019362827,-14.15470797775887,-28.42719266299771
-13.420596417108904,-14.427707735588987,-28.42719266300599
-13.460884878952132,-14.698760598853136,-28.42719266301214
-13.489299012415163,-14.967422935783445,-28.42719266301643
-13.506044506501734,-15.233233418011194,-28.427192663019248
-13.511346233803117,-15.495714298782651,-28.427192663021085
-13.505447294472011,-15.754372767633306,-28.427192663022517
-13.488608005757587,-16.008702378042855,-28.42719266302419
-13.4611048414817,-16.258184543641974,-28.427192663026776
-13.423229326505911,-16.50229009757809,-28.427192663030947
-13.375286891868175,-16.740480908703947,-28.42719266303734
-13.317595696833385,-16.972211547363404,-28.42719266304653
-13.250485424581452,-17.19693099274595,-28.427192663059003
-13.174296058629798,-17.414084373095648,-28.427192663075108
-13.089376647337307,-17.62311472951779,-28.42719266309507
-12.996084063950754,-17.823464793750098,-28.42719266311893
-12.894781769623837,-18.014578770070393,-28.427192663146602
-12.785838586659501,-18.195904111509805,-28.4271926631778
-12.669627488899875,-18.366893280731844,-28.4271926632121
-12.546524415721139,-18.527005486319972,-28.427192663248935
-12.41690711549472,-18.675708385778236,-28.42719266328762
-12.281154023666806,-18.812479747274878,-28.42719266332737
-12.139643179804615,-18.936809063025528,-28.427192663367347
-11.99275118708249,-19.048199108194353,-28.427192663406682
-11.84085221675741,-19.146167440259536,-28.427192663444515
-11.684317059236987,-19.230247834912515,-28.427192663480024
-11.523512222398557,-19.29999165570733,-28.42719266351247
-11.358799076899281,-19.354969155816267,-28.42719266354121
-11.190533047347314,-19.394770711351565,-28.427192663565723
-11.01906284740292,-19.419007986753687,-28.427192663585664
-10.844729756164128,-19.427315033700715,-28.427192663600817
-10.667866932578585,-19.419349325840944,-28.42719266361116
-10.488798764123807,-19.39479273237504,-28.427192663616843
-10.307840245620714,-19.353352434102796,-28.42719266361817
-10.125296383796194,-19.294761785993167,-28.42719266361563
-9.941461623092787,-19.218781130629445,-28.42719266360985
-9.75661928823846,-19.125198567020792,-28.42719266360158
-9.571041039235697,-19.013830679257005,-28.427192663591683
-9.384986334704205,-18.884523229316848,-28.427192663581085
-9.198701899911098,-18.737151818024874,-28.427192663570775
-9.012421196341222,-18.571622517692603,-28.42719266356176
-8.826363890292136,-18.387872479382896,-28.42719266355504
-8.640735318715626,-18.185870517008357,-28.427192663551537
-8.455725951362838,-17.96561766962413,-28.427192663552137
-8.271510849213659,-17.727147742310766,-28.427192663557598
-8.088249120172886,-17.470527824975342,-28.427192663568555
-7.906083374084351,-17.1958587872402,-28.427192663585473
-7.7251391802358915,-16.903275746353067,-28.427192663608675
-7.5455245316877235,-16.592948503756837,-28.427192663638262
-7.3673293219363085,-16.26508194462193,-28.427192663674163
-7.190624840604396,-15.919916393292553,-28.42719266371611
-7.015463296001825,-15.557727916258283,-28.42719266376365
-6.841877373503662,-15.178828562966588,-28.427192663816157
-6.6698798397117125,-14.783566533576552,-28.427192663872873
-6.499463203268817,-14.372326261661115,-28.427192663932896
-6.330599443946121,-13.94552839893914,-28.427192663995257
-6.1632398221833,-13.503629688408076,-28.427192664058957
-5.997314781591366,-13.047122711802793,-28.427192664122995
-5.832733956988371,-12.576535497175866,-28.4271926641864
-5.669386300293938,-12.092430972626588,-28.427192664248324
-5.507140336027241,-11.595406252842388,-28.42719266430803
-5.3458445572100555,-11.086091746190924,-28.427192664364956
-5.185327971156224,-10.56515007163628,-28.427192664418715
-5.025400802927677,-10.033274776756365,-28.427192664469114
-4.865855362165199,-9.491188850600848,-28.42719266451616
-4.706467076585462,-8.939643028020097,-28.427192664560017
-4.546995692717006,-8.37941388536483,-28.427192664600998
-4.387186641486751,-7.8113017310305635,-28.42719266463952
-4.226772563140769,-7.236128298107254,-28.427192664676024
-4.0654749827784125,-6.654734250281281,-28.42719266471095
-3.9030061245982095,-6.067976515998295,-28.427192664744663
-3.7390708499045977,-5.4767254695972545,-28.427192664777408
-3.573368701115686,-4.881861981531553,-28.42719266480925
-3.405596031548783,-4.284274362770991,-28.427192664840064
-3.235448198737635,-3.6848552309096645,-28.427192664869512
-3.06262179753305,-3.0844983272902504,-28.427192664897056
-2.886816908316529,-2.4840953155213352,-28.42719266492198
-2.707739335350575,-1.8845325920683613,-28.427192664943423
-2.525102810609405,-1.286688139130915,-28.42719266496047
-2.338631139363018,-0.691428448803688,-28.4271926649722
-2.1480602652836827,-0.09960554561222232,-28.42719266497774
-1.9531402348418077,0.4879458679970991,-28.427192664976396
-1.7536370431738413,1.0704111216416683,-28.427192664967667
-1.5493343463407396,1.6469981242702185,-28.42719266495134
-1.340035027845752,2.2169397341375103,-28.427192664927503
-1.1255626103366985,2.779495940625733,-28.427192664896577
-0.9057625064754184,3.333955850735657,-28.427192664859326
-0.6805031059184848,3.879639476601766,-28.427192664816825
-0.4496766981331732,4.41589932366042,-28.427192664770438
-0.2132002333002601,4.942121782034134,-28.427192664721762
0.028984074224084277,5.457728326225328,-28.427192664672546
0.27690829353896024,5.962176530298584,-28.427192664624634
0.5305784680634547,6.4549609073518806,-28.427192664579895
0.7899744406387698,6.935613583234242,-28.42719266454012
1.0550498030976856,7.40370481517644,-28.427192664506958
1.3257319601039417,7.8588433662933666,-28.427192664481886
1.6019222969553983,8.300676746832716,-28.4271926644661
1.8834964412206068,8.728891332633484,-28.4271926644605
2.1703046085002007,9.143212370572986,-28.42719266446564
2.4621720232313757,9.54340387987819,-28.42719266448176
2.7588994062438865,9.929268457111815,-28.42719266450872
3.06026352168827,10.300646991469437,-28.427192664546055
3.366017776951737,10.657418295792105,-28.427192664593
3.675892870216943,10.99949865745632,-28.42719266464848
3.9895974813690107,11.326841312092789,-28.427192664711225
4.306819002985166,11.639435841945016,-28.427192664779763
4.627224309120656,11.937307499641966,-28.42719266485249
4.950460560509149,12.220516457254531,-28.427192664927755
5.276156045603573,12.489156979757082,-28.42719266500389
5.603921057575745,12.743356521442694,-28.42719266507928
5.933348807954768,12.98327474345823,-28.427192665152422
6.264016378003082,13.209102450443742,-28.42719266522196
6.595485709196736,13.421060444284887,-28.427192665286757
6.9273046342880376,13.61939829321793,-28.427192665345867
7.259007950383119,13.804393014960011,-28.427192665398636
7.590118535267054,13.97634767316291,-28.427192665444636
7.920148507861825,14.135589887291813,-28.427192665483737
8.248600433218796,14.282470256991157,-28.42719266551604
8.574968571842524,14.417360703092422,-28.427192665541874
8.898740172435641,14.540652728613283,-28.42719266556179
9.219396806367925,14.652755604359719,-28.427192665576484
9.536415741331894,14.754094485034516,-28.4271926655868
9.8492713507804,14.845108463036864,-28.427192665593637
10.157436554878032,14.926248568367019,-28.427192665597936
10.460384287867452,14.997975724186215,-28.42719266560062
10.757588985983508,15.0607586685857,-28.42719266560258
11.048528089369047,15.11507185395421,-28.427192665604583
11.33268355088181,15.161393335969294,-28.427192665607294
11.609543344251668,15.200202664650117,-28.427192665611248
11.878602963767579,15.23197879008087,-28.42719266561681
12.139366907554164,15.257197995335625,-28.427192665624215
12.391350136542387,15.276331868808194,-28.427192665633537
12.63407950144574,15.289845327583135,-28.427192665644725
12.867095130413993,15.298194702694467,-28.42719266565761
13.08995177053741,15.30182589613277,-28.42719266567195
13.30222007699643,15.301172618311387,-28.427192665687425
13.50348784437244,15.296654713426264,-28.42719266570371
13.693361175428791,15.288676578783166,-28.42719266572045
13.871465583509902,15.27762568276361,-28.42719266573733
14.037447025562317,15.26387118470077,-28.42719266575407
14.19097286362724,15.247762658580479,-28.427192665770452
14.3317327534635,15.229628921209505,-28.42719266578632
14.459439459709822,15.209776964337843,-28.427192665801602
14.573829597665565,15.18849098921314,-28.42719266581629
14.674664302343482,15.166031541206502,-28.427192665830457
14.76172982591467,15.14263474149635,-28.427192665844213
14.834838065016811,15.118511612340075,-28.42719266585773
14.893827019628802,15.09384749220543,-28.427192665871203
14.93856118532872,15.068801536970959,-28.427192665884846
14.968931880752361,15.043506303528448,-28.427192665898843
14.984857511964552,15.018067412415405,-28.4271926659134
14.986283775256295,14.992563286552828,-28.42719266592866
14.97318379960154,14.967044963739742,-28.42719266594473
14.945558229663794,14.941535981234601,-28.427192665961673
14.903435249852684,14.916032331506047,-28.427192665979494
14.84687054951288,14.890502489030714,-28.42719266599814
14.77594722890163,14.86488750882246,-28.42719266601753
14.690775645196776,14.839101198163519,-28.427192666037524
14.591493197393552,14.81303036374194,-28.42719266605797
14.478264048614717,14.786535137051224,-28.427192666078692
14.351278784092228,14.759449381448368,-28.427192666099522
14.210754002895404,14.731581184669736,-28.42719266612031
14.05693184139431,14.702713440847761,-28.42719266614092
13.890079426468771,14.672604526136421,-28.427192666161286
13.710488256611052,14.64098907192647,-28.427192666181394
13.518473509327999,14.607578839303716,-28.42719266620126
13.314373273626993,14.572063697873245,-28.427192666220996
13.09854770686536,14.534112711343496,-28.42719266624075
12.871378115846971,14.493375331347599,-28.42719266626072
12.633265962749938,14.449482699893146,-28.427192666281147
12.384631797249167,14.402049059600238,-28.427192666302282
12.125914117036077,14.350673269541794,-28.427192666324355
11.857568159811628,14.29494042307576,-28.427192666347576
11.580064630711528,14.234423562596485,-28.427192666372093
11.293888369986018,14.168685484675022,-28.42719266639798
10.999536966573121,14.097280627650475,-28.42719266642518
10.697519323945459,14.01975703242046,-28.427192666453543
10.38835418525158,13.9356583660006,-28.427192666482767
10.072568625290028,13.844525996418536,-28.427192666512422
9.750696517229896,13.745901106709537,-28.427192666541952
9.423276982211853,13.639326835213891,-28.427192666570672
9.090852830020678,13.52435042905791,-28.427192666597822
8.753968998912748,13.400525397638726,-28.427192666622545
8.413171002414224,13.26741365312747,-28.427192666643997
8.069003390488383,13.124587625445427,-28.427192666661313
7.722008231920107,12.971632339835205,-28.427192666673708
7.372723624102678,12.808147446017312,-28.427192666680483
7.02168223566199,12.633749188959541,-28.4271926666811
6.669409886543525,12.448072312454386,-28.4271926666752
6.316424169347588,12.250771887958027,-28.427192666662634
5.9632331148580935,12.041525062450264,-28.42719266664349
5.610333903899003,11.820032720386116,-28.427192666618122
5.258211626897887,11.586021056085167,-28.427192666587132
4.907338091863125,11.339243054105975,-28.42719266655138
4.558170680911919,11.0794798762452,-28.427192666511953
4.211151255038458,10.806542154754695,-28.42719266647013
3.8667051064995257,10.520271192159573,-28.427192666427377
3.525239958027986,10.22054006866737,-28.427192666385263
3.187145008068349,9.907254658568856,-28.42719266634541
2.8527900213640383,9.580354557237527,-28.42719266630947
2.5225244645096447,9.239813920334987,-28.427192666279026
2.1966766865063097,8.885642216626831,-28.427192666255564
1.8755531449131155,8.517884895417218,-28.427192666240387
1.5594376788572726,8.136623969033849,-28.42719266623458
1.2485908309325924,7.7419785100578515,-28.427192666238973
0.9432492208574903,7.334105062118857,-28.42719266625408
0.6436249746556423,6.913197962093107,-28.427192666280103
0.34990521403633257,6.479489570485252,-28.42719266631688
0.06225161155656432,6.033250405680234,-28.427192666363947
-0.21919998199044022,5.574789176662569,-28.427192666420485
-0.49433983073141124,5.104452707762042,-28.42719266648538
-0.7630845195163317,4.622625748046359,-28.427192666557275
-1.0253770639567539,4.129730657193514,-28.427192666634603
-1.2811869159647027,3.6262269590916096,-28.42719266671566
-1.5305098559644807,3.1126107540824948,-28.427192666798657
-1.7733677631193967,2.5894139807364396,-28.427192666881815
-2.0098082553773113,2.057203518361196,-28.42719266696344
-2.239904191915526,1.5165801221458908,-28.427192667041965
-2.4637530316709237,0.9681771839433075,-28.427192667116042
-2.6814760430787725,0.41265931321522153,-28.427192667184578
-2.8932173619042656,-0.14927926539910608,-28.427192667246782
-3.099142896111998,-0.7169164991027736,-28.427192667302155
-3.299439079042839,-1.2895044770799888,-28.427192667350543
-3.494311474703067,-1.8662715793106415,-28.42719266739206
-3.683983241651198,-2.4464247964298753,-28.4271926674271
-3.868693464715402,-3.0291522096953205,-28.42719266745627
-4.048695366500887,-3.6136256168082532,-28.427192667480327
-4.224254413258198,-4.1990032861265325,-28.4271926675001
-4.395646332084326,-4.784432818828165,-28.42719266751646
-4.563155058526085,-5.369054095953559,-28.4271926675302
-4.727070635364848,-5.952002285081468,-28.427192667542027
-4.887687084611451,-6.532410879772571,-28.427192667552486
-5.0453002754750305,-7.109414743918418,-28.427192667561933
-5.200205811255492,-7.682153132809712,-28.427192667570548
-5.352696957734093,-8.249772663105302,-28.427192667578314
-5.503062634712017,-8.811430204930977,-28.42719266758505
-5.651585490906673,-9.366295671025329,-28.42719266759045
-5.798540080514827,-9.913554680111966,-28.4271926675941
-5.944191157462457,-10.452411074424575,-28.427192667595563
-6.0887921007688535,-10.982089274437817,-28.427192667594408
-6.232583481650412,-11.501836457246194,-28.427192667590276
-6.375791780074917,-12.010924548563857,-28.427192667582894
-6.518628255544971,-12.508652021871589,-28.427192667572143
-6.661287974029259,-12.994345501701659,-28.42719266755804
-6.803948990252138,-13.467361171327289,-28.427192667540783
-6.946771682063199,-13.927085988127825,-28.427192667520732
-7.089898231392167,-14.372938712567894,-28.427192667498407
-7.2334522443893965,-14.804370759012128,-28.427192667474444
-7.377538501781792,-15.220866878468751,-28.427192667449585
-7.522242829248326,-15.621945684805237,-28.42719266742465
-7.667632076735689,-16.00716003701218,-28.427192667400487
-7.813754195080161,-16.37609729072639,-28.427192667377938
-7.960638398055015,-16.72837943248885,-28.42719266735779
-8.108295397996121,-17.063663110144603,-28.427192667340794
-8.256717703440025,-17.381639572429837,-28.427192667327567
-8.405879967704601,-17.682034530180825,-28.427192667318607
-8.55573937801778,-17.964607950783012,-28.427192667314294
-8.706236075620424,-18.22915379649943,-28.427192667314834
-8.85729359820322,-18.475499716215626,-28.42719266732029
-9.008819337053819,-18.703506698950363,-28.42719266733057
-9.160705002362574,-18.913068696240003,-28.427192667345427
-9.312827091238407,-19.10411221923927,-28.427192667364476
-9.465047354099307,-19.276595915116367,-28.427192667387224
-9.617213256206107,-19.43051012607822,-28.42719266741305
-9.769158432187314,-19.565876433159396,-28.427192667441275
-9.92070313244302,-19.6827471857623,-28.427192667471147
-10.071654661305065,-19.78120501685868,-28.427192667501867
-10.221807807758209,-19.86136234276558,-28.42719266753265
-10.37094527038315,-19.923360845502085,-28.427192667562714
-10.518838078958584,-19.967370934925956,-28.42719266759131
-10.665246015847549,-19.993591187150017,-28.427192667617774
-10.809918040885792,-20.002247755154578,-28.427192667641503
-10.952592723979475,-19.993593747052362,-28.42719266766202
-11.092998689999487,-19.96790856713282,-28.427192667678945
-11.230855080824037,-19.925497214620147,-28.42719266769206
-11.365872039524541,-19.866689535029096,-28.427192667701277
-11.497751221708095,-19.791839419098782,-28.427192667706645
-11.626186338920176,-19.701323944529562,-28.427192667708365
-11.750863738772761,-19.595542456141853,-28.42719266770678
-11.871463026096857,-19.474915580615622,-28.427192667702368
-11.987657728928454,-19.339884172649633,-28.42719266769569
-12.099116012529507,-19.190908190190626,-28.427192667687425
-12.205501443930538,-19.0284654973116,-28.427192667678288
-12.3064738086715,-18.853050594347568,-28.42719266766906
-12.401689980528824,-18.665173276006,-28.427192667660506
-12.490804844067807,-18.465357219332443,-28.427192667653365
-12.573472268872433,-18.254138504602125,-28.42719266764833
-12.649346133303009,-18.032064073395308,-28.427192667646
-12.718081394640505,-17.799690129266374,-28.427192667646864
-12.77933520152126,-17.55758048750211,-28.427192667651262
-12.832768043671624,-17.306304881452444,-28.427192667659423
-12.878044933143611,-17.04643723377828,-28.42719266767137
-12.914836610551001,-16.778553901670946,-28.427192667687024
-12.942820769229487,-16.50323190563504,-28.42719266770609
-12.961683289808565,-16.221047151776865,-28.427192667728196
-12.97111947739677,-15.932572657695001,-28.427192667752816
-12.970835293450378,-15.638376792026778,-28.427192667779334
-12.960548574418045,-15.339021537469646,-28.427192667807077
-12.93999022942428,-15.035060786681997,-28.42719266783534
-12.90890540956214,-14.727038679892686,-28.42719266786342
-12.867054641795235,-14.415487992336145,-28.427192667890655
-12.814214921001744,-14.100928578809183,-28.427192667916437
-12.7501807543072,-13.783865881747897,-28.427192667940265
-12.674765152524953,-13.464789508281719,-28.427192667961744
-12.587800564228784,-13.144171880770264,-28.427192667980606
-12.489139748697587,-12.822466964399487,-28.427192667996746
-12.37865658467403,-12.500109074537237,-28.427192668010168
-12.256246812546966,-12.177511765750854,-28.42719266802103
-12.121828708182832,-11.855066803693747,-28.427192668029615
-11.975343687179182,-11.533143220491034,-28.427192668036326
-11.816756838782469,-11.21208645380839,-28.42719266804164
-11.646057389094452,-10.892217569479788,-28.42719266804611
-11.463259093483183,-10.573832567399485,-28.427192668050317
-11.268400558315166,-10.257201770347198,-28.42719266805486
-11.06154549223833,-9.942569295503553,-28.427192668060332
-10.842782887277105,-9.630152608611661,-28.427192668067274
-10.612227129960738,-9.32014216103276,-28.427192668076163
-10.370018042605254,-9.01270111030821,-28.427192668087404
-10.116320854722126,-8.707965125253716,-28.427192668101302
-9.851326104347555,-8.406042277049362,-28.427192668118064
-9.575249468891496,-8.107013018224928,-28.42719266813778
-9.288331524911708,-7.81093025184756,-28.427192668160433
-8.990837436041726,-7.517819493572515,-28.42719266818591
-8.68305656815892,-7.227679129492413,-28.427192668214005
-8.365302030785019,-6.9404807728934985,-28.42719266824442
-8.037910143680186,-6.656169723078443,-28.427192668276795
-7.701239827635143,-6.374665529327245,-28.427192668310745
-7.3556719185934245,-6.09586266282752,-28.42719266834583
-7.001608404454489,-5.819631299004299,-28.427192668381604
-6.63947158422204,-5.5458182121137884,-28.42719266841765
-6.269703149570964,-5.2742477832368815,-28.427192668453536
-5.8927631894075265,-5.004723121924112,-28.427192668488896
-5.509129118584375,-4.737027300717382,-28.42719266852336
-5.119294532593777,-4.470924700623872,-28.427192668556664
-4.723767990785667,-4.2061624643684254,-28.427192668588525
-4.323071731424455,-3.9424720529313415,-28.427192668618744
-3.917740322690397,-3.6795708995219605,-28.427192668647137
-3.5083192545261617,-3.4171641537807766,-28.427192668673563
-3.095363477003883,-3.1549465076819057,-28.427192668697902
-2.679435891619435,-2.8926040933619017,-28.427192668720036
-2.2611058025859974,-2.6298164419673795,-28.427192668739874
-1.8409473357770885,-2.3662584916274065,-28.427192668757307
-1.4195378334414037,-2.10160263184799,-28.42719266877224
-0.9974562331625041,-1.83552077102059,-28.427192668784574
-0.5752814397543274,-1.5676864133535962,-28.42719266879422
-0.15359069886167498,-1.2977767313868669,-28.427192668801094
0.2670420190286625,-1.0254746203388379,-28.427192668805137
0.6860476156627118,-0.7504707208594296,-28.427192668806317
1.1028634350097843,-0.47246539730839077,-28.427192668804658
1.516934798450161,-0.19117065942891426,-28.427192668800235
1.9277164979959065,0.09368798378485978,-28.427192668793197
2.3346742410183268,0.38236974815096486,-28.427192668783768
2.7372860406548862,0.675116885227273,-28.427192668772264
3.1350435468064957,0.9721530877701987,-28.427192668759073
3.527453313389751,1.2736819960845494,-28.427192668744684
3.9140379982552234,1.579885810316706,-28.427192668729642
4.294337492901026,1.8909240124694862,-28.42719266871456
4.667909979781535,2.206932200709928,-28.427192668700105
5.034332915617996,2.528021037429466,-28.42719266868695
5.393203939647837,2.8542753115234007,-28.42719266867577
5.744141706193322,3.1857531145016824,-28.42719266866722
6.0867866412820515,3.5224851293387176,-28.427192668661885
6.420801623309759,3.8644740304232092,-28.427192668660286
6.745872587901634,4.211693992581359,-28.427192668662826
7.061709057207045,4.564090306914,-28.42719266866979
7.368044593862498,4.921579101101287,-28.427192668681315
7.6646371797898825,5.284047161873599,-28.42719266869739
7.951269519875079,5.651351857506658,-28.427192668717854
8.227749270411197,6.0233211584512025,-28.427192668742386
8.493909192007841,6.399753754529123,-28.427192668770516
8.749607226480759,6.780419267492645,-28.427192668801673
8.994726497063072,7.165058558123945,-28.427192668835133
9.229175231138186,7.553384127421675,-28.427192668870134
9.45288660460284,7.945080611750914,-28.42719266890585
9.665818506942685,8.339805372097924,-28.42719266894142
9.86795322615679,8.737189177746474,-28.42719266897603
10.05929705281341,9.136836984756956,-28.427192669008903
10.239879802766465,9.538328809565627,-28.42719266903936
10.409754258415918,9.941220697815474,-28.42719266906682
10.568995528857574,10.345045788174748,-28.42719266909086
10.717700329836072,10.749315470391714,-28.4271926691112
10.85598618508203,11.153520636178682,-28.427192669127752
10.983990551368978,11.557133020725443,-28.427192669140577
11.101869870451639,11.959606631728859,-28.427192669149907
11.209798551924147,12.360379261814499,-28.427192669156135
11.307967891940876,12.758874079146961,-28.427192669159783
11.396584933647016,13.15450128991099,-28.427192669161474
11.47587127604167,13.546659865232998,-28.42719266916191
11.546061838813525,13.934739324041082,-28.427192669161833
11.607403591418388,14.318121562370576,-28.427192669161972
11.660154255281093,14.696182718750363,-28.427192669163034
11.704580988476545,15.0682950645874,-28.42719266916565
11.740959062554818,15.433828907934311,-28.427192669170367
11.769570541307248,15.79215449870202,-28.427192669177586
11.790702971214486,16.142643923283146,-28.42719266918759
11.804648093069646,16.484672976691925,-28.42719266920051
11.811700583833069,16.817623000702863,-28.427192669216325
11.81215683715942,17.14088267707524,-28.42719266923487
11.806313790258269,17.45384976576794,-28.427192669255852
11.79446780382708,17.75593277905544,-28.427192669278867
11.77691360075595,18.046552583621423,-28.427192669303427
11.753943268175032,18.325143923997846,-28.42719266932897
11.725845326229017,18.591156862096334,-28.427192669354913
11.692903865749587,18.844058129008097,-28.427192669380656
11.655397755787106,19.08333238668866,-28.42719266940562
11.613599920786383,19.308483398558668,-28.42719266942928
11.567776686074417,19.519035109408026,-28.427192669451177
11.51818718929429,19.714532636257445,-28.42719266947092
11.465082854488017,19.894543172984452,-28.427192669488228
11.408706924717867,20.058656812539738,-28.42719266950294
11.34929404843153,20.20648729144936,-28.42719266951497
11.287069914228882,20.337672662009272,-28.42719266952437
11.222250928280445,20.45187589812545,-28.42719266953128
11.155043928380001,20.548785441134942,-28.42719266953595
11.085645928483777,20.628115692163,-28.427192669538705
11.014243887590808,20.689607457634935,-28.427192669539952
10.94101449694706,20.73302835447622,-28.42719266954015
10.866123979801372,20.758173181310177,-28.427192669539807
10.78972789829559,20.764864261609805,-28.427192669539437
10.711970962525122,20.752951764290042,-28.427192669539593
10.632986837350277,20.722314006649423,-28.42719266954078
10.55289794316403,20.672857743897133,-28.42719266954352
10.471815247519325,20.604518448742553,-28.42719266954826
10.389838045280321,20.517260583689612,-28.427192669555403
10.307053725778584,20.41107786777701,-28.427192669565276
10.223537526319122,20.285993538546506,-28.42719266957815
10.139352272284194,20.14206060901448,-28.427192669594184
10.054548105016238,19.9793621183757,-28.427192669613458
9.96916219961624,19.798011374093598,-28.427192669635957
9.883218475760119,19.598152181938488,-28.427192669661547
9.796727305602072,19.379959059438086,-28.427192669690047
9.709685223787517,19.1436374271169,-28.427192669721148
9.622074645524457,18.889423770840587,-28.42719266975449
9.53386359954463,18.617585767566943,-28.427192669789644
9.445005483605415,18.328422365859712,-28.427192669826134
9.355438850920121,18.022263811669575,-28.427192669863462
9.26508723653491,17.699471609155704,-28.427192669901128
9.173859033171638,17.360438405741174,-28.42719266993864
9.08164742640235,17.005587790196273,-28.427192669975554
8.988330399188044,16.635373992357184,-28.427192670011497
8.893770815777966,16.250281473142824,-28.427192670046153
8.797816594703887,15.850824393858263,-28.427192670079336
8.700300980098588,15.437545954391597,-28.427192670110937
8.601042919805339,15.011017590840396,-28.427192670140986
8.499847557718972,14.571838024352603,-28.427192670169614
8.396506846509595,14.120632154534789,-28.427192670197044
8.290800285337399,13.658049792655845,-28.42719267022361
8.182495785391048,13.184764232032142,-28.427192670249674
8.071350664103212,12.701470655382938,-28.42719267027564
7.957112766755846,12.208884381541733,-28.427192670301903
7.8395217119352445,11.707738956636874,-28.4271926703288
7.718310254992131,11.198784097639303,-28.427192670356582
7.593205761370346,10.6827834989348,-28.42719267038539
7.4639317794591005,10.1605125152258,-28.42719267041521
7.330209700568642,9.632755736516009,-28.427192670445844
7.19176049179588,9.100304473095553,-28.427192670476938
7.048306485997515,8.563954170248575,-28.427192670507942
6.89957321187696,8.024501773784735,-28.42719267053816
6.745291246359101,7.4827430684020895,-28.427192670566782
6.585198071001126,6.939470011290898,-28.427192670592888
6.419039914179362,6.395468083276167,-28.42719267061555
6.246573561196461,5.851513679181994,-28.42719267063386
6.0675681152492125,5.308371558014324,-28.42719267064699
5.88180669334884,4.76679237205023,-28.427192670654247
5.689088042744358,4.227510292056677,-28.42719267065516
5.489228065106894,3.6912407437169756,-28.42719267064947
5.28206123762343,3.1586782680039107,-28.42719267063721
5.06744192215355,2.6304945157926545,-28.42719267061868
4.845245555653592,2.107336384541332,-28.427192670594483
4.61536971710336,1.5898243024641212,-28.427192670565482
4.377735068121092,1.0785506633545925,-28.427192670532804
4.132286166270446,0.5740784131478032,-28.427192670497767
3.878992151705831,0.07693978748783971,-28.427192670461846
3.6178473092367858,-0.41236480197145137,-28.427192670426614
3.348871509095912,-0.8933677360393864,-28.427192670393673
3.0721105306561487,-1.3656350156640338,-28.427192670364587
2.78763627405941,-1.8287669538535392,-28.427192670340833
2.4955468651958412,-2.282398737207359,-28.427192670323727
2.19596665972466,-2.726200862473966,-28.427192670314383
1.8890461518730801,-3.159879453366725,-28.42719267031367
1.574961793613328,-3.5831764624842792,-28.427192670322178
1.2539157295266454,-3.995869762636315,-28.427192670340204
0.9261354522471028,-4.397773131212251,-28.427192670367774
0.5918733828677724,-4.788736130492022,-28.42719267040456
0.2514063801182141,-5.16864388602681,-28.42719267045002
-0.0949648184842783,-5.537416764453698,-28.427192670503334
-0.4469162209176063,-5.89500995138957,-28.427192670563475
-0.8041012683668265,-6.2414129294107745,-28.427192670629246
-1.1661515848984398,-6.576648855596839,-28.42719267069934
-1.5326777880978937,-6.900773837725249,-28.42719267077237
-1.9032703600485648,-7.2138761079717675,-28.42719267084695
-2.2775005783016966,-7.5160750929134625,-28.427192670921713
-2.6549215066394587,-7.807520378760575,-28.427192670995378
-3.03506904545912,-8.08839057106397,-28.4271926710668
-3.417463041501093,-8.3588920486563,-28.427192671134975
-3.8016084564075014,-8.619257612280286,-28.427192671199094
-4.186996593235644,-8.869745029223374,-28.427192671258545
-4.57310637957143,-9.110635476295109,-28.427192671312923
-4.959405705305108,-9.342231884626628,-28.427192671362015
-5.345352812463095,-9.564857191009985,-28.427192671405816
-5.730397733756639,-9.778852501793295,-28.427192671444484
-6.113983775734964,-9.984575176667118,-28.427192671478327
-6.495549041643945,-10.182396840976384,-28.427192671507754
-6.874527988319296,-10.37270133642833,-28.42719267153327
-7.250353010714058,-10.555882621198155,-28.427192671555414
-7.622456047001122,-10.732342631420748,-28.42719267157474
-7.990270196628332,-10.902489116862837,-28.427192671591783
-8.353231343258473,-11.066733464164601,-28.427192671607045
-8.710779774217668,-11.225488521399315,-28.42719267162095
-9.062361787916672,-11.379166437807894,-28.427192671633843
-9.407431280707971,-11.528176532415136,-28.42719267164601
-9.745451304799687,-11.67292320482747,-28.427192671657636
-10.075895589160632,-11.813803900859176,-28.42719267166885
-10.398250015810024,-11.951207144754692,-28.427192671679688
-10.71201404447505,-12.08551064869571,-28.427192671690175
-11.016702079300225,-12.21707950903737,-28.427192671700283
-11.311844772081109,-12.346264497346496,-28.427192671709978
-11.596990257345643,-12.473400452858739,-28.427192671719222
-11.871705315492308,-12.598804781474872,-28.427192671728008
-12.135576461087775,-12.722776064922606,-28.427192671736346
-12.388210954301687,-12.845592782261905,-28.427192671744287
-12.629237734287798,-12.96751214454703,-28.427192671751914
-12.858308274086998,-13.08876904221242,-28.427192671759364
-13.075097357310543,-13.209575103650513,-28.42719267176679
-13.27930377744594,-13.330117862520678,-28.427192671774375
-13.470650961103225,-13.450560030585772,-28.42719267178232
-13.648887516879373,-13.571038872325932,-28.427192671790817
-13.813787711761007,-13.691665677230992,-28.42719267180004
-13.965151877112556,-13.812525325520125,-28.427192671810147
-14.10280674631382,-13.933675943070838,-28.427192671821267
-14.22660572602648,-14.055148641545017,-28.427192671833446
-14.336429102895064,-14.176947340058458,-28.42719267184669
-14.432184187238507,-14.299048665229847,-28.427192671860958
-14.51380539497935,-14.421401927039614,-28.42719267187613
-14.581254268706715,-14.543929168600691,-28.42719267189203
-14.634519438394308,-14.666525288662363,-28.427192671908454
-14.673616521915214,-14.7890582364047,-28.427192671925145
-14.698587965129477,-14.91136927880412,-28.427192671941828
-14.709502820987208,-15.03327334153008,-28.427192671958238
-14.706456466806443,-15.154559424940551,-28.427192671974108
-14.689570258667306,-15.274991097252355,-28.427192671989214
-14.658991121726471,-15.394307067348047,-28.427192672003386
-14.614891075210371,-15.512221839922699,-28.427192672016528
-14.557466690901016,-15.62842645575512,-28.427192672028617
-14.486938484090892,-15.742589319796611,-28.427192672039748
-14.403550236255375,-15.854357119499795,-28.42719267205008
-14.307568249071016,-15.963355835359197,-28.427192672059885
-14.199280529890553,-16.06919184500933,-28.42719267206953
-14.078995909360835,-16.171453121436727,-28.427192672079446
-13.947043092524462,-16.269710524927056,-28.427192672090126
-13.803769645462573,-16.363519187310942,-28.427192672102088
-13.649540920293884,-16.45241998592158,-28.427192672115865
-13.484738922120789,-16.535941103466808,-28.42719267213194
-13.309761122281387,-16.61359966878552,-28.427192672150767
-13.125019223000693,-16.68490347224188,-28.427192672172676
-12.93093787920866,-16.7493527483508,-28.42719267219789
-12.727953383882117,-16.806442017163334,-28.42719267222649
-12.516512323749415,-16.855661975007397,-28.427192672258382
-12.297070212551198,-16.89650142440951,-28.42719267229331
-12.070090109263013,-16.928449232444255,-28.427192672330833
-11.836041228745518,-16.950996306389143,-28.42719267237035
-11.595397552190729,-16.96363757541685,-28.427192672411095
-11.34863644447969,-16.96587396713806,-28.427192672452186
-11.096237285164639,-16.957214368113465,-28.427192672492644
-10.838680119249416,-16.937177557970436,-28.427192672531426
-10.576444333283037,-16.905294107470606,-28.427192672567482
-10.310007361523866,-16.861108231753256,-28.427192672599794
-10.03984342610064,-16.80417959099614,-28.427192672627413
-9.76642231421814,-16.73408503185606,-28.42719267264953
-9.490208194557768,-16.650420264239965,-28.427192672665484
-9.211658474134527,-16.552801469175847,-28.427192672674817
-8.931222696019155,-16.440866834765064,-28.42719267267729
-8.64934147754303,-16.31427801836777,-28.427192672672923
-8.366445487897035,-16.172721534269016,-28.427192672661977
-8.08295446343399,-16.015910067064688,-28.427192672644967
-7.799276258504738,-15.843583711868755,-28.427192672622656
-7.515805929313657,-15.655511143155085,-28.427192672596032
-7.232924848080675,-15.451490714591008,-28.42719267256629
-6.9509998447498695,-15.23135149258402,-28.42719267253477
-6.670382373592991,-14.994954226438473,-28.427192672502954
-6.391407702319619,-14.742192258002003,-28.427192672472383
-6.114394121721339,-14.47299237347057,-28.427192672444615
-5.839642174439687,-14.18731559961967,-28.427192672421196
-5.567433902148391,-13.88515794614338,-28.427192672403578
-5.298032111268801,-13.566551095022056,-28.427192672393062
-5.03167965828011,-13.231563036916413,-28.42719267239079
-4.768598756726844,-12.880298653516821,-28.427192672397666
-4.508990309146533,-12.512900243581557,-28.42719267241431
-4.253033268318562,-12.129547989100855,-28.427192672441087
-4.000884033445974,-11.730460356652957,-28.427192672478007
-3.7526758880970688,-11.315894427607258,-28.427192672524804
-3.5085184879209197,-10.88614614941614,-28.42719267258087
-3.2684974072750004,-10.441550498864492,-28.427192672645333
-3.032673754924829,-9.98248154686253,-28.42719267271703
-2.801083869853198,-9.509352413226122,-28.42719267279461
-2.5737391089058317,-9.022615098946062,-28.42719267287654
-2.350625738456094,-8.52276018276249,-28.4271926729612
-2.1317049424487724,-8.01031636849213,-28.42719267304693
-1.9169129590394607,-7.485849869561979,-28.427192673132115
-1.7061613575437318,-6.949963617635529,-28.427192673215245
-1.499337466518387,-6.403296283121183,-28.42719267329499
-1.2963049624947243,-5.8465210967590275,-28.427192673370232
-1.0969046271629235,-5.280344463408382,-28.427192673440143
-0.9009552786744166,-4.705504361601742,-28.427192673504187
-0.7082548802101234,-4.122768525366106,-28.4271926735621
-0.5185818261000621,-3.532932408191263,-28.427192673613938
-0.3316964026368473,-2.9368169327723246,-28.427192673659988
-0.14734241738328513,-2.3352660341722546,-28.42719267370073
0.034751012669391144,-1.7291440082190037,-28.42719267373681
0.2148675271699229,-1.119332681132823,-28.427192673768907
0.39330145908350506,-0.5067284204224026,-28.427192673797705
0.5703556614095113,0.10776098916122633,-28.427192673823807
0.7463392460536424,0.72321957751772,-28.42719267384767
0.921565259166836,1.3387264991185053,-28.42719267386956
1.0963483188891083,1.95335938911447,-28.42719267388955
1.271002242418867,2.56619773255721,-28.42719267390747
1.4458376896237985,3.1763262132761643,-28.427192673922953
1.6211598500044955,3.782838009434628,-28.427192673935483
1.7972661987333325,4.3848380041128765,-28.42719267394442
1.9744443457649963,4.981445881378374,-28.427192673949072
2.1529699997242027,5.571799081109256,-28.427192673948795
2.333105065515097,6.155055589218486,-28.42719267394302
2.515095891476244,6.730396543742354,-28.427192673931355
2.6991716785451825,7.297028641356767,-28.42719267391361
2.8855430604202343,7.854186333113459,-28.427192673889852
3.0744008602341206,8.401133802396183,-28.427192673860436
3.2659150258942566,8.937166722147076,-28.42719267382597
3.4602337430950345,9.461613792186492,-28.42719267378735
3.6574827221476744,9.973838060848768,-28.42719267374568
3.8577646522642555,10.473238038109002,-28.427192673702248
4.061158814815937,10.959248609834328,-28.42719267365849
4.267720845383894,11.43134176473386,-28.427192673615888
4.477482633140667,11.889027147002535,-28.42719267357594
4.690452345229979,12.33185244857264,-28.427192673540066
4.9066145633325995,12.75940365533546,-28.42719267350959
5.125930519483115,13.171305161717784,-28.42719267348564
5.348338418399073,13.567219767646264,-28.42719267346914
5.573753834057407,13.946848571262937,-28.427192673460773
5.802070168958755,14.309930769825847,-28.42719267346095
6.033159165413814,14.656243380096651,-28.4271926734698
6.266871459223902,14.985600888237284,-28.427192673487188
6.503037167269998,15.297854837860632,-28.427192673512696
6.741466501733084,15.592893363451855,-28.427192673545672
6.981950404909831,15.870640674938297,-28.427192673585242
7.224261199831369,16.131056497772622,-28.427192673630362
7.468153253112459,16.374135471536647,-28.42719267367982
7.713363647630656,16.599906508798416,-28.42719267373233
7.959612863739918,16.8084321147848,-28.427192673786532
8.20660546874327,16.999807667384328,-28.427192673841077
8.454030815269626,17.174160656085892,-28.427192673894627
8.701563750008082,17.33164987770054,-28.42719267394595
8.948865334938217,17.472464586116185,-28.42719267399392
9.195583583748306,17.596823592906173,-28.427192674037553
9.441354216548095,17.704974315357763,-28.427192674076075
9.685801436253714,17.797191768408833,-28.42719267410889
9.928538730146686,17.873777497080628,-28.427192674135636
10.169169700086234,17.9350584462691,-28.427192674156174
10.407288924685846,17.981385765201466,-28.427192674170584
10.642482856456365,18.013133544469348,-28.42719267417917
10.874330756476203,18.03069748430219,-28.42719267418243
11.102405668585284,18.034493493628478,-28.427192674181025
11.326275434427307,18.024956220466514,-28.42719267417578
11.545503749901755,18.002537515267548,-28.427192674167603
11.759651262752774,17.967704829973442,-28.427192674157478
11.968276710139452,17.920939556718693,-28.42719267414642
12.170938094125383,17.862735311269326,-28.427192674135405
12.367193892121076,17.793596167415,-28.427192674125383
12.556604298436866,17.714034849581566,-28.427192674117173
12.738732492282882,17.62457089187621,-28.427192674111488
12.913145926810792,17.525728772586046,-28.427192674108905
13.079417633152048,17.418036033796735,-28.42719267410982
13.237127532887975,17.30202139625914,-28.427192674114433
13.385863752003498,17.17821287989327,-28.427192674122814
13.525223929138482,17.04713594037185,-28.42719267413484
13.654816510863819,16.90931163206859,-28.427192674150238
13.774262026772771,16.76525480729584,-28.42719267416862
13.883194337386119,16.615472361205498,-28.427192674189488
13.981261848211277,16.460461531006608,-28.427192674212286
14.068128683755456,16.300708257289035,-28.42719267423642
14.14347581585185,16.136685614265684,-28.427192674261285
14.207002141293733,15.968852314690603,-28.427192674286314
14.258425504460144,15.797651294112914,-28.427192674310998
14.29748366133387,15.623508378023617,-28.427192674334893
14.323935182032862,15.446831034379748,-28.427192674357656
14.337560289676636,15.268007212981203,-28.427192674379047
14.33816163406809,15.087404272259814,-28.427192674398942
14.325564999269627,14.905367993243068,-28.42719267441733
14.299619944675028,14.722221679796476,-28.427192674434284
14.260200379613039,14.538265343743385,-28.427192674449987
14.207205071857393,14.35377497311758,-28.427192674464685
14.14055809065612,14.169001881625023,-28.427192674478672
14.060209185030873,13.984172137373603,-28.427192674492307
13.966134098136985,13.799486069065347,-28.427192674505925
13.858334818424256,13.615117848121207,-28.427192674519887
13.736839768205849,13.431215145606684,-28.42719267453451
13.601703930040738,13.247898863326245,-28.42719267455007
13.45300891107734,13.065262939031525,-28.427192674566815
13.290862945208573,12.883374226316516,-28.427192674584894
13.115400832568236,12.702272450424289,-28.427192674604417
12.926783815573007,12.521970241835453,-28.427192674625406
12.725199390401698,12.342453250119545,-28.427192674647824
12.510861052521175,12.163680341078301,-28.42719267467158
12.284007974633996,11.985583880666988,-28.427192674696524
12.04490461525222,11.808070109521273,-28.427192674722473
11.793840256009393,11.631019612119747,-28.427192674749204
11.531128465821014,11.45428788465685,-28.427192674776506
11.257106490102474,11.277706005572222,-28.427192674804154
10.972134563459502,11.101081412370082,-28.42719267483193
10.67659514458314,10.924198787860572,-28.427192674859644
10.37089207250894,10.746821058265198,-28.427192674887134
10.055449643934384,10.568690504757054,-28.427192674914263
9.730711611921464,10.389529988966867,-28.427192674940926
9.397140107030644,10.209044291797595,-28.427192674967035
9.055214482722254,10.026921563579094,-28.427192674992522
8.70543008770234,9.842834882191255,-28.427192675017313
8.34829696875984,9.656443914324937,-28.427192675041347
7.984338508516233,9.467396673574607,-28.427192675064514
7.614090003361801,9.27533136760608,-28.42719267508669
7.23809718765835,9.079878325260028,-28.427192675107698
6.856914711021295,8.880661993178217,-28.42719267512731
6.471104576131163,8.677302990413752,-28.427192675145246
6.081234545045111,8.469420208543651,-28.42719267516118
5.687876522366549,8.256632944070848,-28.42719267517473
5.291604923873196,8.03856304940518,-28.427192675185502
4.892995039294224,7.814837088463143,-28.42719267519308
4.492621397864321,7.585088482929682,-28.42719267519706
4.09105614507086,7.348959635478708,-28.427192675197084
3.688867438659881,7.1061040167405745,-28.42719267519286
3.286617871491958,6.856188203514593,-28.42719267518418
2.8848629282594316,6.5988938566258755,-28.427192675170975
2.484149482414417,6.333919627885775,-28.427192675153297
2.0850143389373255,6.060982986796813,-28.427192675131373
1.687982827824709,5.779821958906408,-28.4271926751056
1.2935674524194103,5.490196769017985,-28.427192675076522
0.9022665959710783,5.19189138377237,-28.427192675044875
0.5145632891248996,4.884714949378074,-28.427192675011536
0.13092404041229094,4.568503121460414,-28.4271926749775
-0.24820226872267157,4.243119285084958,-28.427192674943882
-0.6223854232688821,3.908455663964078,-28.427192674911836
-0.9912148476066699,3.5644343186558185,-28.42719267488255
-1.3543005115384337,3.211008034197,-28.427192674857192
-1.711273768953386,2.848161098069122,-28.427192674836856
-2.061788128677748,2.475909969673904,-28.42719267482252
-2.4055199569447483,2.094303842598984,-28.427192674815036
-2.7421691107060555,1.7034251008929657,-28.427192674815025
-3.0714595007119447,1.3033896703576566,-28.427192674822933
-3.3931395829288467,0.8943472655238449,-28.42719267483894
-3.7069827764599568,0.4764815325297974,-28.42719267486298
-4.0127878057095865,0.0500100875970605,-28.427192674894737
-4.310378964109029,-0.3848155497722931,-28.427192674933643
-4.599606296326245,-0.8277101303349409,-28.42719267497891
-4.8803456955397415,-1.2783549573979274,-28.42719267502954
-5.152498912094667,-1.7363982803751383,-28.42719267508438
-5.4159934697017755,-2.2014558025199342,-28.42719267514216
-5.670782485311251,-2.673111306010576,-28.42719267520153
-5.91684438891492,-3.1509173976638705,-28.427192675261136
-6.154182539819844,-3.6343963784555138,-28.427192675319667
-6.382824736407383,-4.123041239708895,-28.427192675375895
-6.602822617052458,-4.616316788260395,-28.427192675428728
-6.814250950729771,-5.113660902109126,-28.427192675477276
-7.017206816871713,-5.614485917012726,-28.42719267552085
-7.211808675253461,-6.118180143208247,-28.427192675559
-7.398195328043227,-6.624109509939541,-28.427192675591513
-7.576524777640593,-7.1316193337915825,-28.427192675618436
-7.746972985496624,-7.6400362050103166,-28.427192675640015
-7.90973253872285,-8.148669984075788,-28.427192675656727
-8.065011232903462,-8.656815898856165,-28.427192675669186
-8.21303058107428,-9.163756730766183,-28.42719267567814
-8.354024260269675,-9.668765076553797,-28.427192675684392
-8.488236508312239,-10.171105670711492,-28.427192675688776
-8.6159204845807,-10.670037752118445,-28.427192675692094
-8.737336609296417,-11.164817457424277,-28.427192675695082
-8.852750896382897,-11.65470022293271,-28.42719267569835
-8.962433295151857,-12.13894317636948,-28.427192675702386
-9.06665605593987,-12.61680749994471,-28.42719267570752
-9.165692134361146,-13.087560746551302,-28.42719267571391
-9.25981364806585,-13.55047909176738,-28.4271926757216
-9.349290398822738,-14.004849505527185,-28.42719267573044
-9.434388471414035,-14.449971828851803,-28.427192675740184
-9.515368919281595,-14.885160742837545,-28.4271926757505
-9.592486545146015,-15.309747619126412,-28.427192675760978
-9.66598878298773,-15.723082243263908,-28.427192675771206
-9.736114685886243,-16.124534404616874,-28.42719267578074
-9.803094022314562,-16.513495348810366,-28.4271926757892
-9.867146481632007,-16.88937909088425,-28.427192675796245
-9.928480987755396,-17.251623589509208,-28.427192675801617
-9.987295118356627,-17.599691784588348,-28.427192675805156
-10.043774625465597,-17.93307250236374,-28.427192675806797
-10.098093052076148,-18.251281233716245,-28.427192675806566
-10.15041143827552,-18.553860792670896,-28.4271926758046
-10.200878109553832,-18.840381863187588,-28.427192675801123
-10.24962853930103,-19.11044344312539,-28.427192675796434
-10.296785277060737,-19.363673194823566,-28.42719267579089
-10.34245793387394,-19.599727712054655,-28.427192675784898
-10.386743215997663,-19.818292713191354,-28.427192675778887
-10.429724998408288,-20.01908317030916,-28.427192675773306
-10.471474429778374,-20.20184338364316,-28.427192675768573
-10.512050061030697,-20.36634701035323,-28.42719267576511
-10.551497990104886,-20.51239705595037,-28.427192675763276
-10.589852016201887,-20.639825836020904,-28.427192675763397
-10.627133797482065,-20.748494915075906,-28.427192675765728
-10.663353006967816,-20.83829502847023,-28.427192675770446
-10.698507482226033,-20.909145992396514,-28.427192675777675
-10.732583365266617,-20.960996605980565,-28.427192675787456
-10.765555229978208,-20.993824548499422,-28.427192675799738
-10.797386195320886,-21.007636273724216,-28.427192675814403
-10.828028023398147,-21.002466902368457,-28.42719267583127
-10.857421202427986,-20.97838011260759,-28.427192675850073
-10.885495015517243,-20.93546802763794,-28.42719267587051
-10.912167597006135,-20.873851098270954,-28.42719267589222
-10.937345978983048,-20.793677977621854,-28.42719267591481
-10.960926131364326,-20.695125384059736,-28.42719267593786
-10.98279299968118,-20.57839794775003,-28.427192675960953
-11.002820545405621,-20.443728035350876,-28.42719267598367
-11.020871794269333,-20.29137554673558,-28.42719267600562
-11.036798898571849,-20.12162767701722,-28.427192676026454
-11.050443219925423,-19.93479863666321,-28.427192676045873
-11.061635439230917,-19.731229322122488,-28.42719267606364
-11.070195700909505,-19.511286929161166,-28.427192676079617
-11.075933798516324,-19.27536450102898,-28.427192676093732
-11.078649408823358,-19.023880403672567,-28.42719267610602
-11.078132381269576,-18.75727772048456,-28.42719267611662
-11.074163089329122,-18.476023559539044,-28.42719267612575
-11.06651284983825,-18.1806082669193,-28.42719267613374
-11.054944415647423,-17.87154454059461,-28.427192676140972
-11.039212546129802,-17.54936644034427,-28.427192676147918
-11.01906465908903,-17.214628290448484,-28.42719267615507
-10.994241566480841,-16.867903473250777,-28.427192676162953
-10.96447829511329,-16.509783113220525,-28.427192676172062
-10.92950499214308,-16.140874652777416,-28.427192676182866
-10.889047913769273,-15.761800322844943,-28.42719267619577
-10.842830494073906,-15.373195512836174,-28.427192676211074
-10.790574489507874,-14.975707046496304,-28.427192676228962
-10.732001193108546,-14.569991371684813,-28.42719267624949
-10.666832711201737,-14.15671267372788,-28.42719267627255
-10.594793294123152,-13.736540923361954,-28.42719267629788
-10.51561071142841,-13.310149871480487,-28.42719267632509
-10.429017661177234,-12.878215003850586,-28.42719267635363
-10.33475320220167,-12.44141146965691,-28.42719267638284
-10.232564197818343,-12.000411998136759,-28.42719267641198
-10.122206759231132,-11.55588481768466,-28.427192676440242
-10.003447676894943,-11.108491591628441,-28.427192676466827
-9.876065828367192,-10.658885384425233,-28.42719267649095
-9.73985355164608,-10.207708671317551,-28.427192676511893
-9.594617973662222,-9.755591403559084,-28.427192676529074
-9.440182284424269,-9.303149140206077,-28.42719267654202
-9.27638694828714,-8.850981256218136,-28.427192676550465
-9.103090844877457,-8.399669235269858,-28.427192676554306
-8.920172333337122,-7.949775054290645,-28.42719267655366
-8.727530234695706,-7.501839665372216,-28.42719267654884
-8.525084728319642,-7.0563815793560885,-28.427192676540365
-8.312778159478698,-6.613895554176299,-28.42719267652891
-8.090575756089489,-6.1748513899192,-28.42719267651531
-7.858466253618161,-5.7396928315985,-28.427192676500532
-7.616462427932029,-5.308836579848248,-28.427192676485582
-7.364601536570177,-4.882671409119746,-28.427192676471527
-7.102945669449374,-4.461557392533191,-28.427192676459434
-6.831582010432482,-4.045825232276687,-28.4271926764503
-6.550623011465771,-3.635775694353166,-28.427192676445042
-6.260206481147113,-3.231679146532724,-28.42719267644446
-5.960495589630969,-2.8337751985525457,-28.427192676449188
-5.6516787917235565,-2.4422724438933963,-28.427192676459704
-5.333969669890008,-2.057348302822646,-28.42719267647628
-5.007606698704158,-1.6791489667990702,-28.427192676499008
-4.672852932041145,-1.3077894447536227,-28.427192676527778
-4.329995614064212,-0.9433537121625666,-28.42719267656231
-3.979345714810439,-0.5858949641853154,-28.427192676602136
-3.621237390955849,-0.23543597442137568,-28.427192676646673
-3.256027372156748,0.10803043897614477,-28.427192676695196
-2.8840942732383614,0.44454083803078803,-28.427192676746913
-2.505837832448284,0.774160478793655,-28.427192676800978
-2.1216780760228873,1.0969825128206927,-28.427192676856517
-1.7320544094383175,1.4131270751715912,-28.427192676912682
-1.3374246359394535,1.7227402583787426,-28.427192676968666
-0.938263903261639,2.0259929725488903,-28.427192677023715
-0.535063579878869,2.323079692626567,-28.42719267707718
-0.12833006262204724,2.614217094852552,-28.427192677128506
0.2814164818983678,2.899642585572007,-28.427192677177263
0.6936434389735104,3.1796127267599275,-28.42719267722311
1.1078071267823408,3.4544015639056043,-28.42719267726584
1.5233542321482016,3.724298863198575,-28.42719267730533
1.939723295788145,3.9896082662489345,-28.42719267734155
2.3563462410517664,4.250645371816189,-28.427192677374546
2.7726499394619153,4.507735755174335,-28.42719267740442
3.188057805750394,4.761212936769131,-28.427192677431307
3.60199141454985,5.011416312692245,-28.427192677455363
4.013872130478218,5.258689060175933,-28.427192677476757
4.423122743050662,5.5033760317769955,-28.427192677495658
4.829169097688132,5.745821652152233,-28.42719267751221
5.231441714068899,5.986367831319809,-28.42719267752656
5.629377383192162,6.225351908049894,-28.427192677538834
6.022420734788135,6.463104636540215,-28.427192677549154
6.410025767109226,6.699948228822117,-28.427192677557628
6.791657331659307,6.936194464432033,-28.42719267756438
7.166792566046142,7.172142877800069,-28.42719267756955
7.534922268855812,7.40807903258491,-28.427192677573288
7.895552211225104,7.644272890859351,-28.42719267757578
8.248204380604491,7.8809772836627054,-28.427192677577246
8.592418153036363,8.118426488024852,-28.427192677577946
8.927751391096852,8.356834914170747,-28.427192677578162
9.253781465442648,8.596395905270473,-28.427192677578226
9.57010619864654,8.83728065084164,-28.427192677578468
9.876344730679966,9.07963721376681,-28.427192677579242
10.172138305993453,9.323589669882386,-28.427192677580894
10.457150982646386,9.56923735824461,-28.427192677583754
10.731070264339442,9.816654239495394,-28.42719267758811
10.99360765650343,10.065888359241004,-28.42719267759421
11.244499147798232,10.316961413020897,-28.42719267760222
11.483505618479038,10.569868409276486,-28.427192677612258
11.71041317710179,10.824577426720394,-28.427192677624337
11.925033426975414,11.08102946264075,-28.42719267763839
12.127203663637578,11.339138368934213,-28.427192677654254
12.316787004447495,11.598790873023585,-28.427192677671687
12.493672451169,11.85984668125749,-28.427192677690375
12.65777488617659,12.122138662884515,-28.427192677709915
12.80903500267269,12.385473113215948,-28.427192677729884
12.947419169073331,12.649630095112506,-28.427192677749815
13.07291922751766,12.914363858424743,-28.42719267776924
13.185552226299794,13.179403337458492,-28.42719267778771
13.28536008592323,13.444452726902087,-28.427192677804808
13.372409198450432,13.70919213691988,-28.42719267782019
13.44678995987295,13.973278328268767,-28.427192677833595
13.508616235367532,14.236345528316754,-28.427192677844868
13.558024757535108,14.498006328725047,-28.427192677853963
13.59517445804258,14.757852665292914,-28.427192677860972
13.62024573349929,15.015456880057672,-28.427192677866092
13.633439646893814,15.270372865196435,-28.42719267786967
13.634977066482039,15.522137287602904,-28.427192677872135
13.625097744640358,15.770270892228192,-28.427192677874036
13.604059339861024,16.014279881401052,-28.427192677875983
13.572136385750403,16.25365736640609,-28.42719267787862
13.529619211573163,16.487884886628073,-28.427192677882633
13.476812819542944,16.716433990598908,-28.427192677888655
13.414035724669157,16.938767872344215,-28.427192677897306
13.341618763507324,17.15434305555277,-28.42719267790909
13.259903878604842,17.362611117316273,-28.427192677924424
13.169242885766641,17.56302044253826,-28.427192677943577
13.069996231469789,17.75501799961498,-28.42719267796666
12.962531747821465,17.93805112766789,-28.427192677993634
12.847223412373841,18.111569325470654,-28.427192678024294
12.724450119880421,18.2750260322715,-28.427192678058255
12.594594472704884,18.42788039096385,-28.427192678094997
12.458041596083456,18.569598984498885,-28.42719267813386
12.315177983808612,18.699657537049625,-28.42719267817408
12.166390379162431,18.817542572208705,-28.42719267821482
12.012064695102719,18.922753021407562,-28.427192678255192
11.852584976816805,19.014801776756133,-28.4271926782943
11.688332408831503,19.09321718358884,-28.427192678331295
11.519684367927802,19.157544469133885,-28.427192678365362
11.347013522180516,19.20734710486667,-28.4271926783958
11.170686975549799,19.242208101234535,-28.42719267842202
10.991065456615178,19.261731234519846,-28.42719267844359
10.808502549283045,19.265542206616416,-28.427192678460234
10.623343962632102,19.25328973940727,-28.427192678471844
10.435926836502189,19.22464660623103,-28.427192678478512
10.246579078990713,19.179310603594388,-28.427192678480505
10.055618731705923,19.117005466817304,-28.42719267847825
9.863353358442073,19.037481733678025,-28.427192678472345
9.670079452891251,18.940517560351307,-28.42719267846352
9.476081861090126,18.82591949400331,-28.427192678452656
9.281633214515727,18.693523206320908,-28.427192678440687
9.086993370089427,18.5431941920134,-28.42719267842864
8.892408853817631,18.374828435935147,-28.42719267841756
8.698112305385747,18.18835305194338,-28.427192678408503
8.504321921721905,17.983726895932843,-28.427192678402474
8.31124089835062,17.760941154685987,-28.42719267840043
8.119056868255436,17.52001991125226,-28.427192678403216
7.927941338953324,17.26102068653359,-28.427192678411547
7.738049129540725,16.984034955616707,-28.427192678425993
7.549517810588425,16.689188636170904,-28.427192678446943
7.362467150924571,16.376642544938647,-28.427192678474594
7.176998576534356,16.04659281700585,-28.427192678508945
6.993194648000597,15.699271281171768,-28.42719267854978
6.811118564088035,15.33494578337354,-28.427192678596697
6.630813700208459,14.953920448788269,-28.427192678649103
6.452303191563408,14.55653587197405,-28.427192678706234
6.275589571712329,14.143169223260875,-28.427192678767202
6.100654478119967,13.714234258608725,-28.42719267883101
5.927458436858584,13.270181219362309,-28.427192678896596
5.755940739038017,12.81149660780043,-28.4271926789629
5.586019421669883,12.338702824154652,-28.427192679028895
5.417591365503189,11.852357650905823,-28.427192679093626
5.25053252186357,11.353053570703356,-28.427192679156256
5.084698279659732,10.841416905227907,-28.427192679216123
4.919923982470063,10.318106763759875,-28.42719267927275
4.756025603982789,9.78381379213571,-28.427192679325845
4.592800588041413,9.239258715166415,-28.427192679375338
4.430028857165999,8.685190668432519,-28.427192679421335
4.267473990719896,8.122385318610387,-28.427192679464106
4.104884570927772,7.551642775056988,-28.427192679504035
3.941995691798186,6.973785299193083,-28.427192679541584
3.778530622751472,6.389654822168561,-28.42719267957721
3.6142026155022173,5.80011028524179,-28.427192679611327
3.448716839604206,5.206024821121985,-28.427192679644243
3.28177242914601,4.60828279806894,-28.427192679676097
3.1130646204965253,4.007776751681985,-28.42719267970686
2.9422869588417537,3.4054042319139706,-28.42719267973627
2.7691335496126968,2.8020645948098712,-28.42719267976386
2.5933013298451324,2.198655769711648,-28.427192679788977
2.4144923340774573,1.5960710331402503,-28.427192679810823
2.2324159295983392,0.9951958202448092,-28.427192679828494
2.0467909966899502,0.39690460361568414,-28.427192679841067
1.8573480309367885,-0.197942132556446,-28.427192679847675
1.6638311466220947,-0.7885007974471093,-28.42719267984757
1.4659999626310736,-1.3739474551479396,-28.427192679840196
1.2636313550246292,-1.9534804236503809,-28.427192679825268
1.056521063431897,-2.526322695776025,-28.42719267980279
0.844485141523565,-3.0917241703582237,-28.427192679773103
0.6273612449621603,-3.648963685764478,-28.42719267973689
0.40500975327864924,-4.197350851501131,-28.42719267969515
0.17731472500690745,-4.73622767705094,-28.427192679649178
-0.055815311956619,-5.264970000169622,-28.42719267960051
-0.294446730470317,-5.782988719540816,-28.42719267955087
-0.538620328460779,-6.2897308389139965,-28.42719267950208
-0.7883509995394429,-6.784680331602626,-28.427192679456002
-1.0436275407987532,-7.26735883549657,-28.42719267941446
-1.304412587808327,-7.737326189557516,-28.427192679379132
-1.570642666333877,-8.194180823147656,-28.427192679351542
-1.842228350135218,-8.63756000953052,-28.427192679332943
-2.1190545143306934,-9.067139994527068,-28.42719267932431
-2.4009806742051625,-9.48263601066375,-28.427192679326286
-2.6878413999458273,-9.883802186268452,-28.42719267933917
-2.9794467985722526,-10.270431357911402,-28.427192679362918
-3.2755830552419067,-10.642354793406374,-28.42719267939715
-3.5760130271198936,-10.999441831334712,-28.427192679441152
-3.880476884063013,-11.34159944177909,-28.42719267949393
-4.1886927914484104,-11.668771711699408,-28.427192679554256
-4.50035763154347,-11.980939257188806,-28.4271926796207
-4.815147760837097,-12.278118563747944,-28.427192679691682
-5.132719801707292,-12.560361254739973,-28.427192679765575
-5.452711467663258,-12.827753287362066,-28.427192679840697
-5.774742422152846,-13.080414074812278,-28.427192679915418
-6.098415171551797,-13.318495532859075,-28.427192679988206
-6.423315993437023,-13.54218104874625,-28.427192680057665
-6.749015901582612,-13.751684370295498,-28.427192680122594
-7.075071649298204,-13.947248413204534,-28.427192680182003
-7.401026772752415,-14.129143984878398,-28.42719268023516
-7.726412675790443,-14.29766842366743,-28.427192680281575
-8.050749757470115,-14.453144153105251,-28.427192680321053
-8.37354858311369,-14.595917151626047,-28.427192680353638
-8.694311099117138,-14.726355339269611,-28.427192680379605
-9.012531891091545,-14.844846884027305,-28.427192680399475
-9.327699484153733,-14.951798431710245,-28.4271926804139
-9.639297683359308,-15.047633264496339,-28.427192680423722
-9.946806951407986,-15.132789394596879,-28.427192680429837
-10.249705819876814,-15.207717600735142,-28.42719268043321
-10.547472329381604,-15.272879416308204,-28.427192680434796
-10.839585493259815,-15.32874507916878,-28.427192680435507
-11.125526778637708,-15.375791453879035,-28.427192680436185
-11.40478159811669,-15.414499938019986,-28.427192680437543
-11.67684080481081,-15.445354364660597,-28.427192680440168
-11.94120218310725,-15.468838913379674,-28.427192680444502
-12.197371927317377,-15.485436042278497,-28.42719268045081
-12.444866100344074,-15.495624453218861,-28.42719268045922
-12.683212064612723,-15.499877102074763,-28.427192680469734
-12.911949877793008,-15.498659265110266,-28.427192680482186
-13.130633646265395,-15.492426671712707,-28.427192680496347
-13.338832829843582,-15.481623712648888,-28.42719268051191
-13.536133491931226,-15.466681731807073,-28.427192680528517
-13.722139490043823,-15.448017408079233,-28.42719268054579
-13.896473602437917,-15.426031232668302,-28.427192680563383
-14.058778587432045,-15.401106085717434,-28.427192680580962
-14.208718172849197,-15.373605914795135,-28.427192680598267
-14.345977973832543,-15.343874516471713,-28.42719268061509
-14.470266338059808,-15.312234421025229,-28.42719268063131
-14.581315118085897,-15.278985879250756,-28.42719268064688
-14.678880371159554,-15.244405949440763,-28.427192680661822
-14.762742987374343,-15.208747681876469,-28.427192680676228
-14.832709247417164,-15.172239397632522,-28.42719268069025
-14.888611311463317,-15.135084058156618,-28.427192680704067
-14.930307640934915,-15.097458721940944,-28.427192680717894
-14.957683354891552,-15.059514084647105,-28.42719268073195
-14.97065052276561,-15.021374099268268,-28.427192680746426
-14.969148394998731,-14.983135673294408,-28.42719268076151
-14.953143572893834,-14.944868440367342,-28.427192680777353
-14.922630118683148,-14.906614604546736,-28.427192680794047
-14.877629606444483,-14.868388856028783,-28.427192680811633
-14.818191114093047,-14.830178357935758,-28.4271926808301
-14.744391156254244,-14.79194280459617,-28.427192680849405
-14.656333557403261,-14.753614552529962,-28.427192680869425
-14.554149264259825,-14.71509882610915,-28.427192680890034
-14.437996096070153,-14.676274000551011,-28.427192680911066
-14.308058431111188,-14.636991965488384,-28.427192680932354
-14.164546827531202,-14.597078572823133,-28.427192680953734
-14.007697576510827,-14.55633417287987,-28.42719268097506
-13.837772185701594,-14.514534243017016,-28.42719268099623
-13.655056790984734,-14.471430112805606,-28.427192681017186
-13.45986149479742,-14.426749789641454,-28.427192681037916
-13.252519629598979,-14.380198888208843,-28.427192681058475
-13.03338694549428,-14.331461666564751,-28.427192681078967
-12.802840721589309,-14.280202170769769,-28.427192681099545
-12.561278801314458,-14.226065488970237,-28.427192681120417
-12.30911855269965,-14.168679114657076,-28.427192681141793
-12.046795755403066,-14.107654417518539,-28.427192681163888
-11.774763417159974,-14.042588218900256,-28.42719268118691
-11.493490523204368,-13.97306446742518,-28.427192681211004
-11.20346072309705,-13.898656008850425,-28.427192681236246
-10.905170960240836,-13.81892644279193,-28.42719268126264
-10.599130050148831,-13.733432057575797,-28.42719268129005
-10.285857214228457,-13.641723833220695,-28.427192681318243
-9.965880576427805,-13.543349501458623,-28.42719268134684
-9.639735630541406,-13.437855650797253,-28.427192681375345
-9.307963686273666,-13.324789863944376,-28.42719268140313
-8.971110302299543,-13.203702874475242,-28.427192681429478
-8.629723714538747,-13.074150729438779,-28.427192681453608
-8.284353267673884,-12.935696944672586,-28.427192681474676
-7.935547857601732,-12.787914639923006,-28.427192681491864
-7.5838543920244454,-12.630388641430896,-28.427192681504383
-7.22981627578223,-12.462717540423057,-28.427192681511535
-6.8739719268244635,-12.284515696913687,-28.427192681512757
-6.516853327938499,-12.095415179334251,-28.427192681507638
-6.158984618533507,-11.895067631734218,-28.427192681495995
-5.800880729940143,-11.683146061587035,-28.427192681477848
-5.44304606686529,-11.45934654255292,-28.427192681453487
-5.085973236863102,-11.22338982785011,-28.427192681423445
-4.730141828975071,-10.975022871129609,-28.42719268138849
-4.3760172420765,-10.714020252898251,-28.427192681349656
-4.024049562963997,-10.440185511559156,-28.427192681308156
-3.674672493844476,-10.153352379009728,-28.42719268126539
-3.3283023286518563,-9.853385921433992,-28.42719268122288
-2.9853369775304213,-9.540183586431697,-28.427192681182234
-2.64615503888628,-9.213676157931765,-28.427192681145087
-2.3111149186188054,-8.873828620437438,-28.42719268111301
-1.980553996496648,-8.5206409340468,-28.427192681087504
-1.6547878401279479,-8.154148721391877,-28.42719268106992
-1.334109467578251,-7.7744238671547,-28.42719268106137
-1.0187886603950265,-7.381575030167032,-28.42719268106275
-0.7090713295839779,-6.975748067304382,-28.427192681074647
-0.4051789379256085,-6.557126367471787,-28.427192681097335
-0.10730798289366536,-6.125931092980668,-28.427192681130744
0.18437045468971017,-5.6824213245693205,-28.427192681174486
0.4697110902866109,-5.2268941052649085,-28.42719268122783
0.7485947368147868,-4.759684377266664,-28.42719268128974
1.0209285199390432,-4.281164805095692,-28.427192681358925
1.286645999534947,-3.791745477456236,-28.42719268143388
1.5457071890266911,-3.291873479637072,-28.427192681512942
1.798098464165044,-2.782032327900154,-28.42719268159436
2.0438323529235523,-2.262741257204693,-28.427192681676352
2.2829471985809127,-1.7345543538417494,-28.427192681757223
2.515506688747955,-1.1980595251435766,-28.427192681835376
2.7415992441042767,-0.653877299410078,-28.427192681909418
2.961337261937629,-0.10265945057632872,-28.42719268197819
3.1748562112224503,0.45491255606997516,-28.42719268204083
3.3823135779132762,1.0181292986409654,-28.427192682096777
3.5838876613308934,1.5862553128681123,-28.42719268214578
3.779776224936711,2.158531181965753,-28.427192682187886
3.970195007362907,2.73417579526995,-28.427192682223435
4.155376102219142,3.3123887656016593,-28.427192682252965
4.335566217848074,3.8923529920867064,-28.427192682277198
4.511024830761709,4.4732373520267075,-28.42719268229697
4.682022248866579,5.054199502471778,-28.42719268231313
4.848837602687292,5.634388769513351,-28.42719268232652
5.0117567845414275,6.212949101102121,-28.427192682337893
5.171070356931511,6.789022057496826,-28.427192682347844
5.3270714522448985,7.361749812340191,-28.42719268235682
5.480053686151885,7.93027813689073,-28.42719268236507
5.630309106849519,8.49375934013862,-28.42719268237266
5.778126201519007,9.051355138396964,-28.427192682379484
5.923787980076297,9.602239429454906,-28.427192682385275
6.06757015454631,10.145600948448426,-28.427192682389677
6.209739430247415,10.6806457851675,-28.427192682392274
6.350551922513506,11.206599745476487,-28.427192682392636
6.490251709995133,11.722710542767663,-28.427192682390377
6.629069532762003,12.228249808779474,-28.42719268238518
6.767221640569407,12.722514916575394,-28.427192682376862
6.904908793839243,13.204830611886148,-28.427192682365362
7.042315417222058,13.67455045226776,-28.42719268235079
7.179608903118528,14.1310580565356,-28.427192682333406
7.316939060302584,14.573768169631638,-28.42719268231363
7.45443770084503,15.002127550418352,-28.427192682292016
7.592218356913079,15.415615691836061,-28.42719268226922
7.730376117730871,15.813745384395892,-28.427192682245977
7.868987576029809,16.19606313510887,-28.42719268222308
8.008110872685501,16.56214945468683,-28.427192682201326
8.147785827911983,16.911619026217657,-28.42719268218149
8.288034147338571,17.244120768548385,-28.4271926821643
8.428859691500431,17.559337807343617,-28.42719268215038
8.57024879769862,17.856987366264445,-28.427192682140273
8.712170643795215,18.136820589976733,-28.427192682134397
8.854577644271211,18.398622309789342,-28.427192682133004
8.997405869757158,18.642210761681383,-28.42719268213623
9.140575482219313,18.86743726533971,-28.427192682144057
9.28399117902019,19.074185871626543,-28.427192682156317
9.427542640147264,19.26237298466125,-28.42719268217272
9.571104973996011,19.431946963455324,-28.427192682192846
9.714539158184243,19.58288770680725,-28.427192682216162
9.857692472947898,19.71520622396267,-28.427192682242048
10.000398925709769,19.828944192390697,-28.427192682269833
10.142479666409871,19.92417350293282,-28.427192682298788
10.283743394128527,20.00099579155839,-28.427192682328144
10.423986756411141,20.059541956019963,-28.427192682357173
10.562994743508108,20.099971654852627,-28.427192682385144
10.700541080466378,20.12247278541215,-28.427192682411388
10.836388620642783,20.12726093700586,-28.427192682435294
10.97028974474617,20.11457881464543,-28.427192682456365
11.10198676994831,20.08469562854986,-28.427192682474185
11.231212373926034,20.037906444257185,-28.42719268248848
11.357690038902831,19.974531488071083,-28.427192682499104
11.481134520842103,19.89491540257924,-28.427192682506043
11.601252348902577,19.799426447138092,-28.42719268250943
11.717742360096207,19.688455638525046,-28.42719268250952
11.830296273790168,19.562415827414668,-28.427192682506718
11.938599310268849,19.421740706935836,-28.42719268250153
12.042330857023579,19.26688375030576,-28.42719268249457
12.1411651857749,19.09831707540395,-28.427192682486513
12.234772222465072,18.916530235129596,-28.427192682478083
12.322818371601029,18.722028933461356,-28.427192682470036
12.40496739539772,18.51533366828659,-28.427192682463108
12.480881347188177,18.296978303261394,-28.427192682457992
12.550221557553026,18.06750857217497,-28.427192682455306
12.612649670602408,17.827480520490344,-28.427192682455587
12.66782872684365,17.577458889886103,-28.427192682459225
12.715424288114136,17.31801545269891,-28.427192682466497
12.755105599176408,17.049727304132645,-28.427192682477507
12.78654677978493,16.77317512092968,-28.427192682492205
12.809428040362382,16.488941395868217,-28.427192682510398
12.823436913885429,16.19760865793822,-28.42719268253174
12.828269496188254,15.89975768834371,-28.427192682555756
12.82363168665565,15.595965742575242,-28.427192682581865
12.809240421198329,15.286804788693333,-28.427192682609423
12.784824889479353,14.972839771669983,-28.427192682637713
12.750127728584193,14.65462691316535,-28.42719268266603
12.7049061856853,14.332712055491157,-28.427192682693672
12.6489332427284,14.00762905775732,-28.427192682720005
12.581998696741794,13.67989825134382,-28.427192682744472
12.50391019001873,13.350024960918173,-28.42719268276663
12.414494185122585,13.01849809626431,-28.427192682786142
12.313596880389978,12.685788819234556,-28.427192682802826
12.201085062334462,12.352349289214882,-28.42719268281665
12.076846892059928,12.018611489633969,-28.42719268282772
11.940792623458623,11.684986137274354,-28.427192682836274
11.792855251575558,11.351861675479638,-28.427192682842666
11.632991090055814,11.019603351811364,-28.427192682847373
11.461180277042875,10.68855238030239,-28.42719268285094
11.277427209258574,10.359025188185157,-28.427192682853963
11.081760904265659,10.031312746841873,-28.427192682857065
10.8742352910934,9.705679986723123,-28.427192682860884
10.654929429499678,9.38236529610056,-28.427192682865996
10.423947658156822,9.061580103743026,-28.427192682872953
10.18141967199376,8.7435085459144,-28.42719268288221
9.927500528815864,8.428307218464253,-28.427192682894148
9.662370585170793,8.116105015194611,-28.427192682909048
9.386235361249074,7.807003054112569,-28.427192682927046
9.099325334418467,7.501074693592618,-28.427192682948203
8.801895660808116,7.198365640848567,-28.427192682972443
8.494225824198583,6.8988941554268965,-28.4271926829996
8.176619211352934,6.602651350657722,-28.427192683029403
7.849402612856794,6.309601596114175,-28.427192683061527
7.512925648535042,6.019683024117137,-28.427192683095562
7.167560116590289,5.732808143164402,-28.427192683131075
6.813699265772455,5.4488645608503425,-28.427192683167604
6.451756990144996,5.167715818367436,-28.42719268320468
6.082166946364384,4.889202338043189,-28.427192683241852
5.705381593834196,4.6131424845693845,-28.427192683278697
5.321871158629109,4.339333739634908,-28.42719268331483
4.932122522698972,4.067553988594412,-28.427192683349908
4.536638040547107,3.79756291661393,-28.427192683383634
4.135934286314899,3.529103510457488,-28.42719268341576
3.7305407349785003,3.2619036607465888,-28.427192683446087
3.3209983821526445,2.9956778581715473,-28.42719268347445
2.9078583077788056,2.7301289757967937,-28.427192683500714
2.4916801897274268,2.4649501283195328,-28.427192683524776
2.073030774043351,2.1998265979503726,-28.427192683546544
1.6524823091880334,1.9344378155218387,-28.42719268356592
1.2306109521613235,1.66845938452905,-28.42719268358283
0.8079951548022082,1.4015651350947236,-28.427192683597198
0.3852140388581774,1.1334291943506571,-28.427192683608943
-0.03715423143275766,0.8637280594558576,-28.427192683617992
-0.45853407048972716,0.5921426594358369,-28.427192683624305
-0.8783540776356885,0.318360392228833,-28.42719268362784
-1.296048620075147,0.042077123755444104,-28.42719268362861
-1.7110593846235829,-0.23700086352650604,-28.427192683626675
-2.122836890710006,-0.5191549842818846,-28.42719268362214
-2.530841957769457,-0.8046525368695701,-28.42719268361519
-2.9345471208120353,-1.0937449723854862,-28.42719268360609
-3.3334379886770766,-1.3866662545040056,-28.427192683595177
-3.7270145402323918,-1.6836313171507948,-28.427192683582863
-4.114792354535886,-1.9848346257244256,-28.42719268356965
-4.4963037717185,-2.290448846282873,-28.427192683556093
-4.871098982052654,-2.6006236258587356,-28.4271926835428
-5.238747041321555,-2.915484485894557,-28.42719268353041
-5.59883681118671,-3.2351318297235565,-28.427192683519554
-5.950977823752394,-3.5596400640828936,-28.42719268351088
-6.294801069938612,-3.8890568338523512,-28.42719268350498
-6.629959711594218,-4.223402368571299,-28.427192683502373
-6.9561297175087216,-4.56266893880559,-28.427192683503495
-7.273010423618044,-4.9068204201126635,-28.427192683508668
-7.580325017752479,-5.255791962181236,-28.427192683518104
-7.8778209492535884,-5.609489760690518,-28.427192683531842
-8.165270263702755,-5.967790929527387,-28.42719268354981
-8.442469862871572,-6.330543471199317,-28.427192683571754
-8.709241689839033,-6.697566343563718,-28.427192683597305
-8.965432839039455,-7.068649621336339,-28.427192683625947
-9.210915590826005,-7.443554751216003,-28.427192683657054
-9.445587369975238,-7.8220148998432615,-28.427192683689917
-9.669370627435963,-8.20373539416923,-28.427192683723757
-9.882212644557404,-8.588394254121333,-28.427192683757777
-10.084085259032145,-8.975642817689971,-28.42719268379117
-10.274984511872113,-9.365106458701405,-28.427192683823176
-10.45493021491107,-9.756385397567994,-28.427192683853097
-10.623965438602655,-10.149055605201664,-28.427192683880335
-10.78215592026258,-10.54266980002912,-28.427192683904433
-10.929589393387413,-10.936758537652524,-28.427192683925053
-11.06637483926617,-11.330831392157057,-28.427192683942046
-11.192641662776133,-11.724378227383644,-28.42719268395541
-11.308538795007944,-12.116870555673959,-28.42719268396532
-11.414233726179754,-12.50776298067426,-28.427192683972088
-11.509911473155215,-12.896494719779781,-28.42719268397619
-11.595773486750723,-13.282491200741857,-28.427192683978216
-11.672036504877076,-13.665165725879659,-28.427192683978813
-11.738931358380968,-14.043921196274365,-28.427192683978713
-11.796701737204051,-14.418151887313652,-28.42719268397864
-11.845602925133438,-14.787245266036914,-28.42719268397932
-11.885900511951892,-15.150583839942504,-28.427192683981417
-11.917869092185514,-15.507547026290244,-28.42719268398551
-11.941790959873545,-15.85751303049291,-28.427192683992065
-11.957954808835321,-16.199860721960594,-28.427192684001415
-11.966654447776717,-16.5339714957554,-28.42719268401376
-11.96818753926112,-16.85923110863659,-28.427192684029148
-11.962854371073933,-17.175031478525344,-28.427192684047473
-11.950956667845977,-17.480772437083182,-28.427192684068483
-11.932796449987318,-17.775863425960168,-28.42719268409183
-11.90867494604085,-18.059725128303885,-28.427192684117028
-11.878891563520128,-18.331791028297207,-28.427192684143552
-11.843742922176872,-18.591508892778116,-28.427192684170798
-11.803521952480294,-18.838342170351854,-28.427192684198147
-11.758517060912753,-19.07177130479712,-28.427192684225
-11.709011362523752,-19.291294960957263,-28.427192684250766
-11.655281980064052,-19.496431162660187,-28.427192684274935
-11.597599407968545,-19.686718343495464,-28.42719268429705
-11.536226938491485,-19.861716312466495,-28.427192684316775
-11.471420146438554,-20.021007137607285,-28.42719268433384
-11.40342642820033,-20.16419595158904,-28.427192684348114
-11.332484590180803,-20.29091168412899,-28.427192684359575
-11.258824481238427,-20.400807726644295,-28.427192684368315
-11.182666663418237,-20.49356253506386,-28.42719268437451
-11.104222115050975,-20.56888017702054,-28.42719268437847
-11.023691960226156,-20.626490829798797,-28.42719268438055
-10.941267218704764,-20.6661512354145,-28.427192684381207
-10.85712857051758,-20.687645119061813,-28.427192684380945
-10.771446129788806,-20.69078357688652,-28.42719268438029
-10.684379222723404,-20.675405438645253,-28.42719268437982
-10.59607616519153,-20.641377610296523,-28.42719268438008
-10.506674035925954,-20.588595400952364,-28.42719268438162
-10.416298442009642,-20.516982837908547,-28.427192684384956
-10.325063274062364,-20.42649297267669,-28.42719268439055
-10.233070449329086,-20.317108180072445,-28.42719268439882
-10.140409641720701,-20.188840451478807,-28.427192684410073
-10.047157998751526,-20.04173168241238,-28.42719268442456
-9.953379846248959,-19.875853953481563,-28.427192684442435
-9.859126382670292,-19.691309802749757,-28.427192684463737
-9.764435365839484,-19.48823248641428,-28.427192684488418
-9.669330795901868,-19.266786223595663,-28.427192684516324
-9.573822599274571,-19.027166419916565,-28.42719268454721
-9.477906319330407,-18.76959986345137,-28.427192684580735
-9.381562820476509,-18.494344885566154,-28.427192684616493
-9.28475801315766,-18.20169147816638,-28.427192684654013
-9.18744260810686,-17.891961357950965,-28.427192684692784
-9.089551908859717,-17.565507967464733,-28.42719268473227
-8.991005652119727,-17.22271640207655,-28.427192684771942
-8.891707905982953,-16.864003251519364,-28.42719268481131
-8.791547036276532,-16.489816344343975,-28.427192684849913
-8.69039575131032,-16.100634383592727,-28.427192684887384
-8.588111235160596,-15.696966462222608,-28.42719268492343
-8.484535379178384,-15.279351447326531,-28.427192684957884
-8.379495120726169,-14.848357223037139,-28.427192684990686
-8.272802897185409,-14.40457978316365,-28.427192685021897
-8.164257222040868,-13.948642166111949,-28.427192685051686
-8.053643388343009,-13.481193226464194,-28.427192685080314
-7.940734303093265,-13.002906239726077,-28.42719268510813
-7.825291454116634,-12.514477339153325,-28.427192685135516
-7.7070660088206395,-12.016623786195776,-28.427192685162886
-7.58580004193848,-11.510082078885866,-28.427192685190583
-7.461227886976326,-10.995605905374976,-28.42719268521892
-7.333077603696723,-10.473963952702547,-28.427192685248077
-7.201072551643843,-9.945937583679514,-28.42719268527811
-7.064933057526008,-9.412318397387507,-28.427192685308896
-6.924378162289106,-8.873905691148034,-28.427192685340138
-6.779127432009309,-8.331503843818187,-28.427192685371363
-6.628902815364261,-7.785919641848802,-28.42719268540192
-6.4734305294563965,-7.2379595706404904,-28.427192685431024
-6.312442955193846,-6.688427094313794,-28.42719268545779
-6.145680523300566,-6.138119947054724,-28.42719268548128
-5.972893572328118,-5.587827458710092,-28.427192685500557
-5.793844160759653,-5.0383279363147935,-28.427192685514754
-5.608307816399142,-4.4903861217817695,-28.42719268552313
-5.41607520767834,-3.9447507441385916,-28.427192685525124
-5.216953723231728,-3.4021521825300884,-28.427192685520424
-5.010768948018895,-2.863300253811282,-28.427192685508953
-4.797366026343057,-2.328882136020945,-28.42719268549095
-4.576610904251049,-1.7995604364453415,-28.427192685466952
-4.348391445934062,-1.275971410441941,-28.42719268543776
-4.112618420814573,-0.7587233347738781,-28.427192685404457
-3.869226359946182,-0.2483950369764567,-28.427192685368336
-3.618174282121547,0.2544654197073012,-28.42719268533088
-3.3594462916420853,0.7493418979828739,-28.427192685293676
-3.0930520510254094,1.235751198297788,-28.427192685258355
-2.8190271329971277,1.7132439253774874,-28.427192685226554
-2.5374332569276516,2.1814052148436325,-28.427192685199802
-2.248358415436067,2.6398553256785147,-28.427192685179506
-1.9519168972041503,3.0882501044340485,-28.427192685166872
-1.6482492121429035,3.5262813269605053,-28.427192685162854
-1.3375219249555488,3.9536769230854887,-28.427192685168162
-1.019927402872412,4.370201089148474,-28.427192685183165
-0.6956834829248014,4.77565429263372,-28.427192685207967
-0.3650330636084217,5.169873172388488,-28.42719268524234
-0.028243625194017463,5.5527303371079215,-28.427192685285778
0.31439331769468765,5.924134063954468,-28.42719268533751
0.662562828267784,6.284027898398033,-28.427192685396545
1.015927222190666,6.632390155649406,-28.427192685461687
1.3741268029075746,6.9692333234465655,-28.427192685531622
1.736780656467605,7.294603365469605,-28.42719268560495
2.103487505101455,7.6085789243289845,-28.42719268568023
2.4738266191423355,7.911270422912303,-28.427192685756044
2.8473587871128694,8.20281906290028,-28.42719268583105
3.2236273439013927,8.483395719480624,-28.427192685904018
3.602159256919748,8.7531997317011,-28.42719268597388
3.9824662699688087,9.012457588505615,-28.42719268603973
4.364046104240235,9.261421511279368,-28.427192686100902
4.746383715460715,9.500367934674102,-28.4271926861569
5.1289526056498,9.729595888569355,-28.427192686207466
5.511216187330509,9.9494252852223,-28.427192686252543
5.892629197322971,10.160195116933508,-28.427192686292255
6.272639156488775,10.362261570871356,-28.427192686326876
6.650687871003484,10.555996069013375,-28.427192686356843
7.026212969944533,10.741783242435943,-28.42719268638265
7.3986494732202175,10.920018850371976,-28.427192686404872
7.7674313831609165,11.09110765551845,-28.427192686424096
8.131993292472934,11.255461267973406,-28.427192686440915
8.49177200074266,11.413495970882016,-28.427192686455864
8.846208131294786,11.56563054134609,-28.427192686469425
9.194747739969063,11.712284080380968,-28.42719268648201
9.536843907296346,11.853873865676528,-28.427192686493942
9.871958305631113,11.990813240632523,-28.427192686505443
10.19956273303361,12.123509552599177,-28.427192686516666
10.519140606082628,12.25236215247731,-28.427192686527682
10.830188404327469,12.377760466842146,-28.427192686538508
11.13221705973707,12.500082152582213,-28.427192686549112
11.424753285253855,12.61969134272616,-28.42719268655944
11.707340837384956,12.73693699070696,-28.427192686569434
11.979541708636996,12.852151318828449,-28.427192686579037
12.240937246495484,12.965648375197665,-28.427192686588228
12.491129196538344,13.077722701911398,-28.427192686597014
12.729740668129786,13.188648115877415,-28.427192686605437
12.956417021941922,13.29867660234686,-28.427192686613598
13.170826679276805,13.408037320065977,-28.427192686621613
13.372661853794485,13.516935715948467,-28.427192686629656
13.561639206780132,13.62555274634379,-28.427192686637895
13.737500427497226,13.734044201344268,-28.427192686646528
13.900012740469865,13.842540128140834,-28.42719268665574
14.048969341715338,13.951144349203346,-28.427192686665705
14.18418976601222,14.0599340710198,-28.42719268667655
14.30552018724652,14.168959579267684,-28.427192686688386
14.412833653739348,14.27824401659297,-28.42719268670125
14.50603026023734,14.38778323961693,-28.42719268671513
14.585037257956733,14.497545752353563,-28.42719268672995
14.649809103730599,14.607472713873591,-28.42719268674559
14.700327448934326,14.71747801876594,-28.42719268676187
14.736601068475863,14.827448449693682,-28.427192686778554
14.758665729753446,14.937243902088044,-28.42719268679541
14.766584001123583,15.046697681740467,-28.42719268681216
14.7604449991038,15.155616876709324,-28.42719268682856
14.740364073275343,15.263782805526468,-28.427192686844354
14.706482427665824,15.370951544143654,-28.42719268685937
14.658966677294123,15.476854534377313,-28.42719268687348
14.59800833856032,15.581199276773106,-28.427192686886617
14.523823252269816,15.68367011080458,-28.427192686898824
14.436650938297447,15.783929085133707,-28.427192686910207
14.336753881224851,15.881616920290874,-28.427192686921007
14.224416746719282,15.97635406558059,-28.42719268693152
14.099945528956892,16.067741851294652,-28.427192686942135
13.963666630016675,16.155363736432054,-28.427192686953315
13.815925872867046,16.2387866511051,-28.427192686965547
13.657087450316329,16.3175624316811,-28.427192686979343
13.487532813078838,16.39122934550008,-28.42719268699519
13.307659500895163,16.459313700757612,-28.427192687013548
13.117879921412422,16.5213315358865,-28.42719268703476
12.918620082251133,16.57679038155198,-28.427192687059105
12.710318282333692,16.625191087232842,-28.42719268708669
12.493423769101161,16.666029703333365,-28.4271926871175
12.268395368678405,16.698799408893407,-28.42719268715131
12.035700096345069,16.72299247426671,-28.42719268718776
11.795811754818535,16.738102247644118,-28.427192687226288
11.549209527846848,16.743625154025818,-28.427192687266196
11.296376576443231,16.739062695203753,-28.427192687306626
11.03779864477263,16.723923439502187,-28.427192687346636
10.773962682234718,16.697724990433876,-28.427192687385197
10.505355487691618,16.65999592404545,-28.427192687421265
10.232462381081827,16.610277685526487,-28.4271926874538
9.955765906867736,16.548126436613863,-28.42719268748183
9.675744572908663,16.473114846403934,-28.4271926875045
9.392871627462341,16.384833819353467,-28.4271926875211
9.107613876123654,16.28289415546893,-28.427192687531107
8.82043053963815,16.166928138914553,-28.427192687534223
8.531772152706266,16.036591052475718,-28.42719268753039
8.242079503146993,15.891562616460977,-28.427192687519803
7.951782610138717,15.731548351681653,-28.42719268750293
7.661299739719236,15.556280867084482,-28.42719268748047
7.371036455321667,15.365521073406343,-28.427192687453378
7.081384700859981,15.159059324851494,-28.427192687422792
6.792721913765441,14.936716491245708,-28.42719268739007
6.505410165417998,14.698344963388132,-28.42719268735667
6.219795326616026,14.443829594393934,-28.42719268732415
5.936206256082037,14.173088579696648,-28.427192687294102
5.654954010506321,13.886074278060315,-28.427192687268107
5.376331075277477,13.58277397544262,-28.42719268724767
5.100610615828143,13.263210592860387,-28.427192687234164
4.828045750423184,12.92744333854952,-28.427192687228803
4.558868846220426,12.575568303698928,-28.427192687232566
4.293290841522348,12.207718999891064,-28.42719268724616
4.03150059828959,11.824066835124258,-28.42719268727002
3.773664290178936,11.424821523951636,-28.427192687304256
3.519924832571767,11.010231425880706,-28.42719268734865
3.2704013622421337,10.580583804774102,-28.427192687402684
3.025188775441708,10.136205000618103,-28.42719268746551
2.784357334213322,9.677460503728929,-28.42719268753603
2.5479523516443177,9.204754920299772,-28.4271926876129
2.3159939674917096,8.718531817209778,-28.427192687694593
2.0884770261082215,8.219273433278664,-28.42719268777948
1.8653710688268486,7.707500243716363,-28.427192687865848
1.6466204528787918,7.183770364443987,-28.42719268795205
1.4321446084868732,6.648678783303949,-28.427192688036506
1.2218384449618287,6.102856405978813,-28.427192688117803
1.0155729154097128,5.5469689057351275,-28.427192688194747
0.813195748024603,4.9817153679194695,-28.42719268826641
0.614532349896235,4.407826722460432,-28.427192688332156
0.4193868868284281,3.8260639604517435,-28.427192688391656
0.22754353988097337,3.2372161341641537,-28.427192688444883
0.038767936273960905,2.6420981434880173,-28.427192688492056
-0.14719125099308158,2.0415483157513648,-28.427192688533644
-0.33060054385992454,1.436425789973944,-28.427192688570244
-0.5117397527301399,0.8276077207718676,-28.427192688602563
-0.6908999385769016,0.2159863211728955,-28.42719268863131
-0.86838126248397,-0.39753423261440357,-28.427192688657144
-1.0444907442054099,-1.0120410080646531,-28.42719268868059
-1.2195399535980214,-1.626615605604393,-28.427192688702
-1.393842660496538,-2.24033749891756,-28.427192688721522
-1.5677124696894154,-2.852287393551238,-28.42719268873909
-1.7414604680644712,-3.4615505705499556,-28.427192688754417
-1.9153929107096783,-4.067220182170245,-28.42719268876706
-2.0898089717862676,-4.668400467896117,-28.42719268877643
-2.264998584379673,-5.2642098609397205,-28.427192688781872
-2.4412403913464127,-5.8537839580845175,-28.427192688782746
-2.618799826502014,-6.436278328996959,-28.427192688778472
-2.797927342443903,-7.010871144861292,-28.427192688768613
-2.9788567979918477,-7.576765610232016,-28.42719268875292
-3.1618040147791704,-8.133192186196135,-28.427192688731388
-3.346965509060229,-8.67941059714261,-28.42719268870427
-3.5345174014252696,-9.214711617510522,-28.427192688672083
-3.7246145039314666,-9.738418638708088,-28.427192688635614
-3.917389581251313,-10.24988901986112,-28.427192688595877
-4.112952779870646,-10.748515229084918,-28.42719268855407
-4.311391217183456,-11.233725784525555,-28.427192688511543
-4.512768720555291,-11.70498600645716,-28.42719268846972
-4.717125705070227,-12.161798593244963,-28.427192688430033
-4.924479177731248,-12.603704035003249,-28.427192688393912
-5.134822855330865,-13.030280879321761,-28.427192688362634
-5.348127383018326,-13.44114586354547,-28.427192688337364
-5.564340640724831,-13.835953927820647,-28.427192688319053
-5.783388125027192,-14.214398122520079,-28.427192688308416
-6.005173394689651,-14.576209422789388,-28.427192688305936
-6.229578568978531,-14.921156461871478,-28.427192688311816
-6.456464868852231,-15.249045193621923,-28.42719268832599
-6.68567319224895,-15.559718493275371,-28.42719268834814
-6.917024715888676,-15.853055704108266,-28.42719268837769
-7.150321517240456,-16.128972136207437,-28.427192688413864
-7.385347211550126,-16.38741852213389,-28.427192688455687
-7.621867600050793,-16.628380432897202,-28.427192688502043
-7.859631326664966,-16.851877656355477,-28.427192688551703
-8.098370541632994,-17.057963538950528,-28.427192688603366
-8.337801571549909,-17.24672429059765,-28.42719268865572
-8.577625596246731,-17.418278251588745,-28.427192688707468
-8.817529333800035,-17.572775119550272,-28.42719268875738
-9.057185735683811,-17.71039513383392,-28.42719268880433
-9.296254694681586,-17.83134821421608,-28.427192688847324
-9.534383768646544,-17.935873050448986,-28.427192688885544
-9.771208923527684,-18.024236139045083,-28.427192688918364
-10.006355299266714,-18.09673076368938,-28.427192688945347
-10.23943800221198,-18.15367591586061,-28.427192688966315
-10.470062927592702,-18.19541515259806,-28.427192688981258
-10.69782761535218,-18.22231538886951,-28.427192688990424
-10.92232214225861,-18.23476562266705,-28.427192688994232
-11.14313005270529,-18.23317559176696,-28.427192688993298
-11.359829329990754,-18.21797436202034,-28.42719268898837
-11.571993409148451,-18.189608848070097,-28.427192688980323
-11.779192231593575,-18.148542268492584,-28.42719268897012
-11.980993340992294,-18.095252538509893,-28.427192688958737
-12.176963018859132,-18.030230604580133,-28.42719268894717
-12.366667457476847,-17.953978726315405,-28.42719268893635
-12.549673966835547,-17.867008712266678,-28.427192688927164
-12.725552211430324,-17.76984011711834,-28.427192688920353
-12.893875471964558,-17.66299840872116,-28.42719268891653
-13.054221926302864,-17.547013114132433,-28.427192688916147
-13.20617594342417,-17.422415954401924,-28.42719268891949
-13.349329383658873,-17.28973897822291,-28.427192688926663
-13.483282898167136,-17.14951270474706,-28.427192688937605
-13.607647220436325,-17.00226428583412,-28.427192688952093
-13.722044442546526,-16.84851569777479,-28.427192688969775
-13.826109269071855,-16.688781972096567,-28.42719268899018
-13.919490241743448,-16.52356947445416,-28.42719268901276
-14.001850928385158,-16.353374239840957,-28.42719268903692
-14.072871070128045,-16.178680371463717,-28.427192689062046
-14.13224768149439,-15.999958509631018,-28.42719268908753
-14.179696098593496,-15.817664375952335,-28.427192689112832
-14.214950971365765,-15.632237397064364,-28.427192689137463
-14.237767196523667,-15.444099411030534,-28.42719268916102
-14.247920788544581,-15.253653458532929,-28.42719268918322
-14.245209686748122,-15.061282660024123,-28.427192689203878
-14.229454497119688,-14.867349179157644,-28.427192689222924
-14.20049916810476,-14.672193272092466,-28.427192689240407
-14.158211600081502,-14.47613242168641,-28.42719268925646
-14.102484188611847,-14.279460555167642,-28.427192689271312
-14.033234301867259,-14.082447343607974,-28.427192689285246
-13.95040469282217,-13.885337581417023,-28.427192689298607
-13.853963846906792,-13.688350644126642,-28.42719268931176
-13.743906265816065,-13.49168002293028,-28.42719268932507
-13.620252688090886,-13.295492934766902,-28.427192689338895
-13.48305024693154,-13.09993000717485,-28.427192689353557
-13.332372565484675,-12.905105037665454,-28.427192689369335
-13.16831978957851,-12.71110482795398,-28.427192689386423
-12.991018557582699,-12.5179890940104,-28.427192689404983
-12.800621906756373,-12.325790453525666,-28.427192689425087
-12.597309115138087,-12.134514493002534,-28.427192689446738
-12.381285477742548,-11.944139917244625,-28.427192689469862
-12.152782015578273,-11.754618784505821,-28.42719268949435
-11.912055115804485,-11.565876830947907,-28.427192689520034
-11.659386101219576,-11.377813888313998,-28.427192689546697
-11.395080727230901,-11.190304398837483,-28.42719268957412
-11.11946860450745,-11.003198031354133,-28.42719268960205
-10.832902545671642,-10.816320402355592,-28.427192689630267
-10.535757834649294,-10.629473905308085,-28.42719268965855
-10.228431417669313,-10.442438650958513,-28.427192689686684
-9.91134101538525,-10.254973520564977,-28.427192689714513
-9.584924156173072,-10.066817333030299,-28.427192689741887
-9.249637131333799,-9.877690125801422,-28.427192689768688
-8.905953873681943,-9.687294548147511,-28.42719268979481
-8.554364761813554,-9.495317364073196,-28.427192689820185
-8.195375353200616,-9.301431060694199,-28.427192689844723
-7.829505050128094,-9.10529555643794,-28.42719268986832
-7.457285703351663,-8.906560001972112,-28.427192689890862
-7.079260159181794,-8.704864665351423,-28.42719268991219
-6.695980756468415,-8.499842891548479,-28.427192689932117
-6.308007780645195,-8.291123125339384,-28.427192689950402
-5.915907882571977,-8.07833098548438,-28.427192689966745
-5.5202524703692815,-7.861091377310797,-28.427192689980828
-5.121616082755899,-7.639030630194946,-28.42719268999228
-4.720574752569787,-7.411778646069282,-28.427192690000727
-4.317704369169803,-7.178971044961141,-28.427192690005796
-3.9135790482825974,-6.94025129370049,-28.427192690007136
-3.508769517582235,-6.69527280430901,-28.42719269000446
-3.103841525881956,-6.44370098918571,-28.427192689997554
-2.6993542832945914,-6.185215261011719,-28.427192689986303
-2.2958589391011626,-5.919510966279495,-28.42719268997073
-1.893897103379494,-5.646301242474379,-28.427192689951006
-1.4939994177116758,-5.36531879016116,-28.42719268992745
-1.0966841795369529,-5.076317552514629,-28.427192689900544
-0.7024560239710559,-4.779074296140305,-28.427192689870935
-0.31180466619860225,-4.4733900883201585,-28.42719268983942
0.07479629311550653,-4.1590916670510145,-28.427192689806926
0.4568904975373204,-3.836032701387068,-28.427192689774476
0.8340398983376962,-3.5040949406238076,-28.427192689743176
1.205825750765831,-3.1631892517452824,-28.427192689714165
1.5718495424474062,-2.8132565452823934,-28.42719268968857
1.931733853407306,-2.4542685902854986,-28.427192689667468
2.2851231472797235,-2.0862287194947884,-28.42719268965185
2.6316844932238754,-1.7091724259975327,-28.427192689642563
2.9711082179202046,-1.3231678526992738,-28.427192689640307
3.303108486792097,-0.9283161758185878,-28.42719268964554
3.627423813297315,-0.5247518833596853,-28.427192689658543
3.9438174947799043,-0.11264294914590187,-28.427192689679316
4.252077972988054,0.30780909746379254,-28.42719268970764
4.55201911696903,0.7363692065741606,-28.427192689743045
4.843480425672973,1.1727689484165595,-28.427192689784828
5.126327147258129,1.616706761164932,-28.427192689832093
5.400450311816183,2.0678483078942524,-28.42719268988378
5.6657666740525725,2.5258269450923003,-28.427192689938682
5.922218562386555,2.990244305443994,-28.42719268999552
6.169773631000835,3.4606709977697085,-28.427192690052983
6.408424511589156,3.9366474269851994,-28.42719269010978
6.638188361937125,4.417684736735875,-28.427192690164695
6.859106309036157,4.903265876922872,-28.427192690216632
7.0712427851768895,5.392846797670815,-28.427192690264654
7.274684756394031,5.885857770383748,-28.42719269030803
7.469540843729525,6.381704835402411,-28.427192690346242
7.655940339027843,6.879771374428941,-28.42719269037902
7.834032118351139,7.379419804350502,-28.42719269040632
8.003983457570635,7.879993387408119,-28.42719269042834
8.165978756214983,8.380818150866887,-28.427192690445455
8.320218177192165,8.881204907503118,-28.42719269045825
8.466916211500193,9.38045136639295,-28.427192690467407
8.606300178453301,9.877844321729771,-28.42719269047372
8.73860867322386,10.372661905779331,-28.427192690478
8.864089974588202,10.864175890664885,-28.427192690481064
8.983000426623692,11.351654022517696,-28.427192690483672
9.095602808698649,11.834362370680504,-28.42719269048648
9.202164708398717,12.311567674151918,-28.427192690490035
9.302956912026405,12.782539667334008,-28.427192690494714
9.398251826989057,13.246553367405173,-28.427192690500767
9.488321949760902,13.702891306282323,-28.427192690508274
9.57343839218468,14.150845691142298,-28.427192690517163
9.653869477695702,14.589720478810369,-28.42719269052724
9.729879417643563,15.018833350949953,-28.4271926905382
9.801727076298109,15.437517578848771,-28.427192690549656
9.869664831406181,15.845123768632748,-28.42719269056119
9.933937535365715,16.241021479885827,-28.42719269057235
9.994781580256229,16.624600712847375,-28.427192690582732
10.052424068159338,16.995273261536298,-28.427192690591937
10.107082086465956,17.35247393225467,-28.427192690599657
10.158962086238953,17.695661628902837,-28.42719269060566
10.208259360215116,18.024320308348916,-28.42719269060981
10.255157615715268,18.337959810705673,-28.42719269061206
10.29982863660544,18.636116570751206,-28.427192690612475
10.342432027527147,18.91835421787261,-28.427192690611204
10.383115032895807,19.184264072806847,-28.427192690608486
10.422012422652312,19.43346555010163,-28.427192690604628
10.459246436437013,19.665606475629616,-28.427192690599995
10.494926777727393,19.880363328674026,-28.42719269059499
10.529150649526537,20.077441418081165,-28.427192690590037
10.562002823393012,20.25657500176411,-28.427192690585574
10.593555733946628,20.417527358464433,-28.42719269058202
10.623869591450715,20.56009082015676,-28.427192690579766
10.652992505642425,20.684086772836057,-28.42719269057916
10.680960614640998,20.789365632680756,-28.42719269058052
10.707798213493918,20.875806803755292,-28.42719269058407
10.73351787770768,20.943318622521243,-28.427192690589994
10.758120577940206,20.99183829348265,-28.427192690598382
10.78159578289356,21.021331819312817,-28.427192690609267
10.803921548327953,21.031793927808927,-28.42719269062259
10.825064591011154,21.023247997008998,-28.42719269063823
10.844980347312518,20.995745978792463,-28.427192690655986
10.863613017039398,20.94936832028127,-28.42719269067561
10.880895593987674,20.8842238813714,-28.42719269069678
10.896749885529074,20.80044984576486,-28.427192690719153
10.911086524377557,20.698211621948918,-28.42719269074232
10.923804976456024,20.57770272969358,-28.42719269076589
10.934793549513092,20.439144666820923,-28.427192690789436
10.943929407807202,20.282786750254267,-28.427192690812568
10.95107859876989,20.108905924694497,-28.42719269083491
10.956096098069676,19.917806531710337,-28.42719269085612
10.958825879909291,19.70982003158486,-28.42719269087593
10.959101019688722,19.4853046699483,-28.42719269089413
10.956743836341174,19.244645081063243,-28.4271926909106
10.951566081686027,18.988251819628978,-28.427192690925303
10.943369184030146,18.716560813150267,-28.427192690938305
10.93194455297719,18.43003272728515,-28.427192690949763
10.91707395196627,18.129152237153917,-28.427192690959924
10.898529944453042,17.81442719836235,-28.427192690969147
10.876076418868292,17.486387712464957,-28.42719269097781
10.849469196546526,17.145585082761887,-28.42719269098641
10.81845672572066,16.792590657671916,-28.42719269099543
10.782780863444561,16.427994560433508,-28.427192691005363
10.74217774595508,16.052404305527503,-28.427192691016703
10.696378746546511,15.666443303954464,-28.42719269102986
10.645111518535549,15.27074926129581,-28.42719269104518
10.588101119380415,14.865972474294962,-28.427192691062906
10.525071210522867,14.452774033463557,-28.427192691083153
10.455745326087758,14.031823940897699,-28.427192691105876
10.379848202241893,13.603799154030352,-28.42719269113088
10.297107157821308,13.169381567400926,-28.427192691157828
10.207253515818804,12.729255945650305,-28.427192691186217
10.110024054511548,12.284107821814066,-28.427192691215446
10.00516247642463,11.834621375563138,-28.427192691244784
9.892420882986135,11.381477306314329,-28.427192691273444
9.771561242638574,10.925350716099437,-28.427192691300597
9.642356840328267,10.466909016748463,-28.427192691325445
9.504593696686985,10.006809875328951,-28.42719269134723
9.35807194582938,9.54569921091843,-28.427192691365292
9.202607161489013,9.084209254708199,-28.427192691379116
9.038031622172559,8.622956684188516,-28.427192691388342
8.864195507089812,8.162540840796787,-28.427192691392797
8.680968015777317,7.703542038972409,-28.427192691392538
8.48823840553643,7.246519973105825,-28.42719269138781
8.285916942013973,6.792012227443192,-28.42719269137907
8.073935759429236,6.340532892656523,-28.42719269136697
7.852249628063199,5.892571291550237,-28.427192691352325
7.620836627646915,5.448590815280028,-28.42719269133608
7.3796987261945315,5.009027870532245,-28.42719269131928
7.128862264606436,4.574290937366433,-28.427192691303038
6.8683783480096885,4.144759736867314,-28.42719269128845
6.5983231453021975,3.7207845073842662,-28.427192691276584
6.318798098725363,3.3026853879479154,-28.427192691268456
6.029930045513551,2.8907519074304164,-28.42719269126493
5.731871253768372,2.485242578138079,-28.42719269126675
5.42479937469553,2.0863845927680065,-28.42719269127448
5.108917313239195,1.694373623996454,-28.427192691288482
4.784453018972476,1.3093737263659186,-28.42719269130893
4.451659198873503,0.9315173405692162,-28.427192691335787
4.110812953356129,0.5609054006606539,-28.427192691368823
3.762215336653866,0.19760754512605977,-28.427192691407633
3.406190842396392,-0.15833756691443618,-28.427192691451634
3.0430868149897625,-0.5069218328413617,-28.427192691500135
2.6732727872326105,-0.8481671753340756,-28.427192691552317
2.297139744487428,-1.1821249011435864,-28.42719269160731
1.9150993156921992,-1.508874948284518,-28.427192691664214
1.5275828915538854,-1.8285250203822179,-28.427192691722105
1.1350406704190255,-2.1412096073669367,-28.42719269178013
0.737940632571654,-2.4470888923277974,-28.427192691837465
0.3367674440648074,-2.7463475451193,-28.42719269189339
-0.06797870835513203,-3.039193404240934,-28.427192691947276
-0.47578334913029613,-3.325856049568525,-28.42719269199862
-0.8861190098600777,-3.60658526968121,-28.42719269204703
-1.2984465859582104,-3.8816494287720853,-28.427192692092245
-1.712216749878433,-4.151333739421045,-28.427192692134106
-2.1268714160474005,-4.415938448809026,-28.427192692172554
-2.541845251904936,-4.675776947225498,-28.427192692207623
-2.9565672287405995,-4.931173808926448,-28.427192692239416
-3.3704622053563207,-5.182462776499652,-28.42719269226807
-3.78295253700101,-5.429984700851285,-28.42719269229376
-4.193459701536112,-5.674085449710074,-28.427192692316698
-4.601405934419531,-5.91511379812448,-28.42719269233706
-5.006215863854055,-6.1534193147833545,-28.427192692355028
-5.407318137345536,-6.389350258107068,-28.427192692370777
-5.804147030961019,-6.623251495927979,-28.42719269238445
-6.196144032767858,-6.8554624622085,-28.427192692396183
-6.582759392266398,-7.086315163642132,-28.42719269240609
-6.963453628091061,-7.31613224816591,-28.42719269241429
-7.337698986833,-7.545225146406616,-28.427192692420913
-7.7049808465134495,-7.773892295918987,-28.427192692426075
-8.0647990589893,-8.00241745678733,-28.42719269242995
-8.416669226377671,-8.231068125791078,-28.427192692432712
-8.760123907420292,-8.460094054919896,-28.427192692434584
-9.094713750546621,-8.689725878604792,-28.42719269243582
-9.42000855121385,-8.920173852646954,-28.4271926924367
-9.735598231880294,-9.151626706510905,-28.427192692437544
-10.041093743687334,-9.384250609434865,-28.427192692438663
-10.33612788956814,-9.61818824972528,-28.427192692440393
-10.620356069056111,-9.853558025665674,-28.427192692443068
-10.893456945524072,-10.090453345697231,-28.427192692446983
-11.155133036941406,-10.32894203492935,-28.427192692452397
-11.405111231489638,-10.569065844615551,-28.42719269245952
-11.64314322952986,-10.810840060981537,-28.427192692468495
-11.869005913473396,-11.054253209709785,-28.427192692479384
-12.082501647079138,-11.299266852456267,-28.427192692492177
-12.283458505597984,-11.54581547198326,-28.427192692506765
-12.471730438020222,-11.793806442817026,-28.427192692522958
-12.647197362470346,-12.04312008475788,-28.427192692540494
-12.809765195551831,-12.293609797057293,-28.42719269255903
-12.959365816188487,-12.545102271605737,-28.427192692578174
-13.095956964256356,-12.797397784018903,-28.427192692597504
-13.219522074067193,-13.050270562041177,-28.42719269261656
-13.330070042567861,-13.303469231177594,-28.427192692634904
-13.427634931973904,-13.556717337893742,-28.427192692652124
-13.512275606473906,-13.80971395106422,-28.42719269266786
-13.584075302634847,-14.06213434258419,-28.42719269268181
-13.643141133216611,-14.313630748168523,-28.42719269269379
-13.689603524271712,-14.563833209336318,-28.427192692703706
-13.723615585667108,-14.812350497407248,-28.42719269271158
-13.745352415517646,-15.058771120017031,-28.427192692717583
-13.755010339461013,-15.30266441019494,-28.427192692721977
-13.752806086223696,-15.543581697444518,-28.42719269272516
-13.73897590151462,-15.781057559542923,-28.427192692727626
-13.713774602922712,-16.014611152943665,-28.42719269272994
-13.677474579168107,-16.2437476187552,-28.427192692732753
-13.630364737743491,-16.467959560302088,-28.427192692736703
-13.572749405659476,-16.68672858728683,-28.42719269274247
-13.504947188652256,-16.899526920592756,-28.42719269275065
-13.42728979479969,-17.1058190508347,-28.42719269276181
-13.34012082900036,-17.305063442908953,-28.427192692776394
-13.24379456517866,-17.49671427804804,-28.42719269279473
-13.138674703369084,-17.680223224277714,-28.427192692817
-13.025133118991004,-17.855041225726996,-28.42719269284321
-12.903548611640854,-18.02062030097503,-28.427192692873216
-12.774305660597008,-18.176415340542988,-28.427192692906708
-12.63779319395404,-18.321885893760072,-28.42719269294319
-12.49440337788223,-18.456497935547684,-28.42719269298206
-12.344530431955786,-18.579725604166462,-28.427192693022562
-12.188569475823652,-18.691052901641676,-28.427192693063862
-12.026915411728547,-18.789975349402727,-28.42719269310508
-11.85996184653446,-18.876001592617143,-28.427192693145294
-11.688100056024092,-18.948654947739527,-28.4271926931836
-11.511717993300294,-19.00747488890079,-28.42719269321915
-11.33119934219475,-19.052018469900997,-28.427192693251172
-11.14692261567754,-19.08186167970837,-28.427192693279014
-10.959260298395796,-19.096600730478208,-28.427192693302167
-10.76857803166994,-19.095853278159407,-28.427192693320272
-10.575233838560242,-19.07925957672953,-28.427192693333165
-10.379577386000935,-19.04648356796874,-28.42719269334086
-10.181949280496422,-18.997213909431615,-28.427192693343557
-9.982680393494233,-18.931164943888962,-28.42719269334164
-9.782091212299282,-18.848077613978774,-28.42719269333569
-9.580491212277826,-18.74772032611929,-28.42719269332641
-9.378178246119129,-18.62988976789338,-28.427192693314655
-9.175437946077805,-18.494411683110602,-28.42719269330139
-8.972543135407959,-18.34114160859243,-28.427192693287665
-8.769753245617576,-18.169965576409595,-28.427192693274563
-8.567313736713114,-17.980800784832848,-28.427192693263194
-8.365455518263332,-17.77359624064553,-28.427192693254625
-8.164394369880627,-17.548333374715067,-28.4271926932499
-7.964330360588769,-17.305026631839517,-28.427192693249935
-7.7654472675080415,-17.043724034884324,-28.42719269325554
-7.56791199533091,-16.764507722115123,-28.427192693267376
-7.371873999170526,-16.467494455428714,-28.427192693285917
-7.177464714525198,-16.152836095902266,-28.427192693311444
-6.984796999297104,-15.82072004173983,-28.42719269334403
-6.793964594012441,-15.47136962231866,-28.42719269338352
-6.605041607589397,-15.105044440652245,-28.42719269342957
-6.41808203716303,-14.722040655224651,-28.42719269348162
-6.233119331571819,-14.322691190847545,-28.42719269353893
-6.050166009105626,-13.907365866988885,-28.427192693600603
-5.869213340972072,-13.476471430965807,-28.427192693665617
-5.6902311126186165,-13.030451482533408,-28.427192693732888
-5.513167475509921,-12.569786275787575,-28.427192693801295
-5.33794890216344,-12.094992383986526,-28.42719269386972
-5.16448025715103,-11.606622212933742,-28.42719269393714
-4.992644996344934,-11.105263349001895,-28.427192694002617
-4.822305505892825,-10.591537728753643,-28.42719269406539
-4.653303591227622,-10.066100618460833,-28.42719269412487
-4.485461124843155,-9.52963939365497,-28.427192694180686
-4.318580859600293,-8.982872111157858,-28.427192694232673
-4.152447411988863,-8.426545868821778,-28.427192694280876
-3.986828417095231,-7.8614349514105,-28.427192694325505
-3.821475854067946,-7.28833876461093,-28.42719269436693
-3.6561275377062126,-6.708079562992039,-28.427192694405594
-3.4905087685058063,-6.121499981714946,-28.42719269444198
-3.3243341301851816,-5.529460385819859,-28.427192694476545
-3.1573094204908223,-4.932836054834922,-28.427192694509657
-2.989133698059464,-4.332514224125775,-28.42719269454153
-2.819501425408106,-3.729391007691804,-28.427192694572213
-2.6481046858354413,-3.124368229884311,-28.427192694601526
-2.474635450241535,-2.5183501956591465,-28.4271926946291
-2.298787868678023,-1.91224043039264,-28.42719269465433
-2.1202605608771132,-1.306938420925465,-28.42719269467648
-1.9387588800957005,-0.7033363893295593,-28.427192694694686
-1.7539971253446909,-0.10231612992881782,-28.42719269470804
-1.5657006784191225,0.4952540616092929,-28.42719269471565
-1.3736080440426712,1.0885223406791444,-28.427192694716755
-1.1774727738097006,1.6766561241591869,-28.427192694710737
-0.9770652573516974,2.2588447387641644,-28.427192694697247
-0.7721743671643373,2.8343018909370126,-28.42719269467622
-0.56260894669341,3.40226794574662,-28.42719269464789
-0.34819913448041045,3.962012006133284,-28.42719269461287
-0.12879752030634192,4.51283378760742,-28.42719269457208
0.09571986774921773,5.054065287042856,-28.427192694526738
0.32545274367741156,5.58507224741746,-28.42719269447832
0.5604759072445634,6.105255423166406,-28.427192694428506
0.8008387448499789,6.614051653175789,-28.427192694379094
1.0465648796430027,7.110934750327963,-28.42719269433193
1.2976519616810163,7.595416217907355,-28.42719269428885
1.5540715879707439,8.067045804097946,-28.427192694251563
1.8157693416651195,8.52541190627777,-28.42719269422163
2.0826649394612393,8.97014183688096,-28.427192694200365
2.3546524763280807,9.400901962302004,-28.427192694188804
2.631600757047038,9.817397725713793,-28.427192694187667
2.9133537046320392,10.219373563817529,-28.427192694197334
3.1997308364661103,10.606612726495872,-28.427192694217844
3.490527799904898,10.978937007156675,-28.427192694248884
3.7855169601135925,11.336206390286481,-28.42719269428982
4.084448033982764,11.678318621429826,-28.42719269433974
4.387048765074672,12.005208703517209,-28.42719269439746
4.6930256356514235,12.316848322221414,-28.427192694461596
5.002064612900205,12.613245201864025,-28.427192694530618
5.31383192747204,12.894442392351909,-28.427192694602894
5.627974883366023,13.160517486723124,-28.427192694676762
5.944122699000554,13.411581768144288,-28.427192694750588
6.26188737999999,13.647779284644198,-28.427192694822804
6.580864624775573,13.869285849503845,-28.42719269489198
6.900634764382977,14.076307965059387,-28.427192694956876
7.220763738388273,14.269081667716062,-28.427192695016437
7.540804108565572,14.447871292216766,-28.427192695069877
7.860296112183272,14.612968153653735,-28.42719269511664
8.178768756415051,14.764689146345233,-28.427192695156457
8.495740955044338,14.903375259505923,-28.427192695189316
8.81072270812835,15.029390010599588,-28.42719269521544
9.123216324665409,15.143117798350582,-28.427192695235288
9.432717687586447,15.244962178576095,-28.427192695249513
9.73871755959091,15.335344067251222,-28.427192695258903
10.04070292749426,15.414699876495396,-28.42719269526437
10.3381583818768,15.48347959043303,-28.427192695266875
10.630567527950681,15.542144789092005,-28.4271926952674
10.917414422723242,15.591166629621497,-28.4271926952669
11.198185032759264,15.631023795096455,-28.427192695266253
11.472368706159097,15.662200421995536,-28.427192695266232
11.739459651798311,15.685184018062026,-28.427192695267486
11.998958418437406,15.70046338265966,-28.427192695270502
12.25037336602271,15.708526541901069,-28.42719269527562
12.49322212137143,15.709858710747627,-28.427192695283015
12.727033010468864,15.704940293956607,-28.427192695292707
12.951346459801611,15.69424493719409,-28.427192695304587
13.165716359498893,15.678237638858196,-28.427192695318443
13.369711381541226,15.657372932192082,-28.427192695333947
13.56291624690261,15.632093146142402,-28.427192695350747
13.744932936196877,15.60282675217347,-28.427192695368454
13.915381839175163,15.569986802921074,-28.42719269538667
14.07390283924236,15.533969467205635,-28.42719269540503
14.220156329998302,15.495152664564493,-28.427192695423223
14.353824161636918,15.453894801149056,-28.427192695440997
14.474610515828203,15.410533607601987,-28.427192695458167
14.582242708440596,15.36538507841671,-28.427192695474652
14.676471920115423,15.31874251131407,-28.427192695490426
14.757073855264562,15.270875644371737,-28.427192695505543
14.823849330515458,15.222029888026206,-28.42719269552014
14.876624793966853,15.17242564864438,-28.427192695534377
14.915252776840493,15.122257740134001,-28.427192695548463
14.939612279219803,15.071694880025916,-28.427192695562614
14.949609091560662,15.020879266606602,-28.427192695577055
14.945176053550211,14.969926233991787,-28.427192695592
14.926273251688324,14.918923982491801,-28.427192695607616
14.892888156686766,14.867933382203256,-28.427192695624036
14.845035701439159,14.816987848443292,-28.427192695641345
14.782758299928195,14.766093288393218,-28.427192695659567
14.70612580702385,14.715228119107138,-28.427192695678695
14.615235418706934,14.664343357836977,-28.427192695698647
14.51021151184607,14.613362786396113,-28.427192695719306
14.391205422282022,14.562183191998564,-28.427192695740533
14.258395159650322,14.51067468763909,-28.42719269576216
14.11198505711834,14.458681115593537,-28.427192695784022
13.952205354042329,14.406020537992521,-28.427192695805967
13.779311709476973,14.352485818633111,-28.427192695827863
13.593584644505272,14.297845300224207,-28.42719269584961
13.395328911508305,14.241843581098708,-28.427192695871167
13.18487278876619,14.184202395061615,-28.427192695892543
12.962567299173969,14.124621597476118,-28.427192695913792
12.728785352365,14.062780259924574,-28.42719269593504
12.483920810151428,13.998337874829634,-28.42719269595642
12.22838747590374,13.930935670301299,-28.427192695978132
11.962618009282304,13.860198034213393,-28.427192696000365
11.687062768582706,13.785734045139172,-28.4271926960233
11.402188583839495,13.707139106327144,-28.42719269604709
11.108477464723473,13.62399667741524,-28.427192696071824
10.80642524813805,13.535880097107883,-28.427192696097517
10.496540191242255,13.442354488620989,-28.427192696124088
10.179341516374064,13.342978738378681,-28.42719269615133
9.855357914992595,13.237307537264355,-28.427192696178928
9.525126018278648,13.124893472725486,-28.427192696206443
9.189188842412081,13.005289159238238,-28.427192696233305
8.848094216768292,12.878049394079234,-28.42719269625886
8.502393203337201,12.742733325044506,-28.42719269628237
8.152638515565283,12.598906616707213,-28.42719269630303
7.799382944559177,12.446143602014448,-28.427192696320056
7.443177800179208,12.284029406478878,-28.42719269633267
7.084571374008864,12.112162032903488,-28.427192696340175
6.724107430533448,11.930154395460832,-28.427192696341987
6.36232373212222,11.737636292998356,-28.42719269633767
5.999750602611513,11.53425631262108,-28.427192696326983
5.636909533460481,11.31968365587041,-28.427192696309906
5.2743118356261345,11.093609881130845,-28.427192696286653
4.912457339509117,10.855750557211804,-28.427192696257677
4.551833144583395,10.605846824328747,-28.427192696223685
4.19291241966638,10.343666859907751,-28.427192696185628
3.8361532542322263,10.069007247726521,-28.427192696144658
3.4819975607376867,9.781694249852661,-28.427192696102104
3.1308700276300616,9.481584981622781,-28.427192696059446
2.7831771225495547,9.168568490505221,-28.427192696018256
2.4393061452279037,8.842566740092023,-28.427192695980118
2.0996243297216988,8.503535500666018,-28.427192695946633
1.7644779958979362,8.151465147785405,-28.427192695919295
1.4341917505027455,7.7863813701262625,-28.427192695899464
1.109067738679581,7.408345787433307,-28.427192695888312
0.7893849474444394,7.017456478866803,-28.42719269588678
0.47539856335339353,6.613848421319843,-28.42719269589553
0.16733938738902882,6.197693836440761,-28.427192695914897
-0.13458668907866908,5.769202444161283,-28.427192695944907
-0.43019914256365566,5.3286216195365945,-28.427192695985244
-0.71934320445889,4.876236448688524,-28.427192696035274
-1.0018901704876526,4.41236967865005,-28.427192696094036
-1.27773762567624,3.9373815549846243,-28.427192696160326
-1.5468095773736414,3.451669540245589,-28.4271926962327
-1.8090564884686728,2.9556679056988155,-28.427192696309543
-2.0644552027798113,2.4498471883049353,-28.427192696389138
-2.313008754650884,1.9347135047934525,-28.427192696469728
-2.554746055106188,1.4108077148029525,-28.427192696549614
-2.7897214475254177,0.8787044255465116,-28.42719269662717
-3.018014126708349,0.33901083131745474,-28.427192696700974
-3.2397274164189307,-0.20763461760539154,-28.427192696769826
-3.454987902024562,-0.7605637204586703,-28.427192696832773
-3.663944416663062,-1.3190802076937889,-28.427192696889186
-3.866766881447921,-1.882461598304395,-28.427192696938743
-4.063645002519154,-2.4499612295489133,-28.42719269698142
-4.254786830206279,-3.0208104529369395,-28.42719269701747
-4.440417188123522,-3.59422098729725,-28.427192697047392
-4.620775982587111,-4.1693874166371785,-28.427192697071856
-4.796116405245214,-4.745489817444623,-28.427192697091666
-4.96670304415402,-5.3216964971869585,-28.4271926971077
-5.132809920630814,-5.897166823137898,-28.427192697120788
-5.294718470984052,-6.47105411842065,-28.427192697131737
-5.452715493588825,-7.042508600388343,-28.427192697141205
-5.607091082684822,-7.610680335248865,-28.4271926971497
-5.758136570681951,-8.174722182236959,-28.42719269715755
-5.90614250064476,-8.733792700672778,-28.4271926971649
-6.051396649990986,-9.287058993926841,-28.42719269717171
-6.194182125303365,-9.833699465613153,-28.427192697177787
-6.334775546559043,-10.372906465205684,-28.427192697182814
-6.473445337086671,-10.90388880264634,-28.42719269718641
-6.610450133241308,-11.42587411429453,-28.427192697188147
-6.746037325224966,-11.938111065655638,-28.42719269718763
-6.8804417377653175,-12.439871379607364,-28.4271926971845
-7.013884456586592,-12.930451682206348,-28.42719269717852
-7.146571803851894,-13.409175161495103,-28.42719269716956
-7.278694463104466,-13.87539303794111,-28.427192697157647
-7.410426751756377,-14.328485848140271,-28.427192697142942
-7.541926036923956,-14.767864546134428,-28.427192697125776
-7.673332288433742,-15.192971429073923,-28.427192697106605
-7.804767761150912,-15.60328089596467,-28.427192697085992
-7.936336797430586,-15.998300049855706,-28.427192697064612
-8.068125739465584,-16.377569155043915,-28.427192697043182
-8.200202940595588,-16.7406619617069,-28.427192697022445
-8.332618864236974,-17.087185910843868,-28.427192697003157
-8.465406258967429,-17.41678223253693,-28.427192696986015
-8.598580398427574,-17.729125950376783,-28.427192696971666
-8.732139375052636,-18.02392580446611,-28.427192696960663
-8.866064437188802,-18.30092410476204,-28.42719269695346
-9.000320359848889,-18.55989652568522,-28.42719269695036
-9.134855840189603,-18.800651851947013,-28.42719269695156
-9.26960390971809,-19.02303168446307,-28.427192696957118
-9.40448235623198,-19.226910114064975,-28.42719269696694
-9.539394149540364,-19.412193369519855,-28.427192696980818
-9.674227866081093,-19.578819445147353,-28.427192696998407
-9.808858108624102,-19.726757712105513,-28.427192697019272
-9.943145918314091,-19.856008516221056,-28.42719269704285
-10.076939177345015,-19.96660276408126,-28.427192697068556
-10.21007300156079,-20.05860149799764,-28.427192697095705
-10.342370123230646,-20.13209545940797,-28.4271926971236
-10.473641265143812,-20.187204639313045,-28.427192697151536
-10.603685507997945,-20.224077813457683,-28.427192697178814
-10.732290653810443,-20.2428920591706,-28.427192697204763
-10.859233588753701,-20.243852250083172,-28.427192697228783
-10.984280649396782,-20.22719052436154,-28.427192697250344
-11.107187996819384,-20.19316572161769,-28.427192697269017
-11.227702003442387,-20.142062783321002,-28.427192697284468
-11.345559657685664,-20.074192111319828,-28.427192697296498
-11.46048899171261,-19.989888879009396,-28.427192697305035
-11.572209537546296,-19.889512289753366,-28.42719269731013
-11.680432816740996,-19.77344477738536,-28.42719269731198
-11.784862868562705,-19.642091143985578,-28.427192697310915
-11.885196821273066,-19.49587763064537,-28.427192697307373
-11.981125510625747,-19.335250917594742,-28.427192697301876
-12.07233414907771,-19.160677050867086,-28.427192697295077
-12.158503048498892,-18.972640293599717,-28.42719269728765
-12.239308398344122,-18.771641901102534,-28.42719269728031
-12.314423100346056,-18.55819881995006,-28.427192697273792
-12.383517659815798,-18.332842312540617,-28.42719269726878
-12.446261132619899,-18.09611650979265,-28.427192697265916
-12.502322125862575,-17.848576895882623,-28.42719269726577
-12.551369849265381,-17.590788730138662,-28.427192697268776
-12.593075213229893,-17.323325412357118,-28.427192697275256
-12.62711196861839,-17.04676679887253,-28.427192697285374
-12.65315788241854,-16.76169747765474,-28.427192697299155
-12.670895942694017,-16.4687050115028,-28.427192697316467
-12.680015585583996,-16.16837815903047,-28.427192697337016
-12.680213936617076,-15.861305083575505,-28.427192697360375
-12.671197058260963,-15.548071560402844,-28.427192697386015
-12.652681195444762,-15.229259192606891,-28.427192697413304
-12.624394010766872,-14.905443645952763,-28.427192697441544
-12.586075801234191,-14.577192912541484,-28.427192697470016
-12.537480688657267,-14.245065612656504,-28.42719269749801
-12.47837777623737,-13.909609343471567,-28.427192697524855
-12.408552264406268,-13.571359082500742,-28.427192697549938
-12.32780651959619,-13.230835652781828,-28.42719269757276
-12.235961090302299,-12.888544255837987,-28.42719269759294
-12.13285566552784,-12.544973077493646,-28.42719269761022
-12.018349971448078,-12.200591970663236,-28.42719269762452
-11.892324602868891,-11.855851218316662,-28.427192697635867
-11.754681786767442,-11.51118037898192,-28.427192697644465
-11.605346075865697,-11.16698721639718,-28.427192697650636
-11.444264970786298,-10.823656714291113,-28.42719269765483
-11.271409469861611,-10.481550176764909,-28.427192697657578
-11.086774546101221,-10.141004414380705,-28.427192697659486
-10.890379551165816,-9.802331015831083,-28.427192697661198
-10.682268546444877,-9.465815704970089,-28.42719269766337
-10.462510561493973,-9.131717783019589,-28.427192697666644
-10.23119978016072,-8.800269655912833,-28.42719269767162
-9.988455654724948,-8.471676446983121,-28.42719269767883
-9.734422948309753,-8.146115695529016,-28.427192697688717
-9.469271705699041,-7.823737142166101,-28.42719269770161
-9.193197152538897,-7.504662602283619,-28.427192697717746
-8.906419522720677,-7.188985929336943,-28.42719269773723
-8.609183813559714,-6.876773070097089,-28.427192697760045
-8.30175946821172,-6.56806221432052,-28.427192697786076
-7.984439984625976,-6.2628640415713,-28.427192697815094
-7.657542450235321,-5.961162068100105,-28.427192697846774
-7.321407001542588,-5.662913096740107,-28.427192697880738
-6.97639620779334,-5.3680477727006455,-28.427192697916535
-6.622894378036033,-5.076471247912506,-28.427192697953693
-6.2613067910704885,-4.788063956194065,-28.427192697991718
-5.892058848078187,-4.502682500961327,-28.427192698030126
-5.515595148114673,-4.220160656498008,-28.427192698068446
-5.132378487122773,-3.940310482940927,-28.427192698106253
-4.742888781689427,-3.662923554133395,-28.42719269814315
-4.347621919408918,-3.3877722963731416,-28.427192698178803
-3.947088538418114,-3.114611434854976,-28.42719269821293
-3.541812739418431,-2.8431795433100255,-28.42719269824529
-3.1323307342757536,-2.573200691005471,-28.42719269827569
-2.7191894360720563,-2.304386179926586,-28.427192698303998
-2.3029449962485486,-2.0364363636539657,-28.42719269833009
-1.8841612952066364,-1.7690425382111252,-28.427192698353863
-1.46340839339717,-1.5018888940282191,-28.427192698375258
-1.0412609505090504,-1.2346545171812806,-28.427192698394194
-0.6182966208461543,-0.9670154272541576,-28.427192698410614
-0.19509443334089452,-0.6986466385580615,-28.427192698424463
0.22776683511854026,-0.42922423105110885,-28.427192698435686
0.6497102842796948,-0.15842741713990374,-28.427192698444237
1.0701625043190097,0.11405940937794692,-28.427192698450085
1.488555170308909,0.38854465566053775,-28.427192698453243
1.904326609152371,0.6653275563533751,-28.427192698453744
2.3169233312203144,0.9446962564621246,-28.427192698451677
2.7258015194739653,1.226925961801718,-28.42719269844719
3.130428469487617,1.5122771671852793,-28.427192698440493
3.5302839744857795,1.8009939713271879,-28.427192698431877
3.9248616502501,2.0933024861646916,-28.427192698421706
4.3136701955125245,2.3894093469895274,-28.427192698410412
4.696234584209315,2.6895003284624153,-28.427192698398493
5.072097186704294,2.9937390702948745,-28.427192698386506
5.440818817779725,3.3022659151574865,-28.427192698375052
5.801979709822827,3.615196860240625,-28.42719269836473
6.155180410191521,3.932622622877098,-28.427192698356155
6.500042602214532,4.254607819755354,-28.427192698349913
6.836209849662142,4.581190258520316,-28.42719269834653
7.16334826481181,4.9123803399844395,-28.427192698346467
7.481147100428716,5.248160568756303,-28.427192698350087
7.789319266089266,5.588485169834671,-28.42719269835763
8.087601769303166,5.933279808604139,-28.42719269836923
8.375756081847314,6.282441411691241,-28.42719269838485
8.653568431624834,6.635838086280215,-28.42719269840434
8.920850020219952,6.993309135725195,-28.427192698427405
9.177437166149893,7.354665169607195,-28.42719269845359
9.423191373635795,7.719688306744825,-28.427192698482372
9.657999326543088,8.08813247005074,-28.427192698513092
9.881772806995478,8.459723772504416,-28.427192698545042
10.094448538062297,8.834160993859287,-28.427192698577453
10.295987949872448,9.211116147992863,-28.42719269860956
10.4863768685334,9.590235141018336,-28.427192698640617
10.665625127342745,9.971138520384322,-28.427192698669927
10.833766099981707,10.353422315177774,-28.42719269869687
10.990856155680943,10.736658967700576,-28.427192698720955
11.136974036751118,11.120398356103825,-28.427192698741806
11.27222015937279,11.504168907432247,-28.42719269875921
11.396715839136098,11.887478799857327,-28.427192698773105
11.510602443500824,12.269817252169823,-28.427192698783603
11.614040474097132,12.650655897775755,-28.427192698790957
11.707208582588715,13.029450239514945,-28.42719269879558
11.79030252465123,13.405641180624112,-28.427192698797995
11.863534057455466,13.778656626127859,-28.427192698798834
11.927129786859886,14.14791314789504,-28.42719269879879
11.981329971283424,14.512817705581115,-28.427192698798596
12.026387289919116,14.872769414726639,-28.427192698798965
12.062565583536067,15.227161352434191,-28.427192698800592
12.090138576577246,15.575382390334802,-28.427192698804095
12.109388589573618,15.916819044010143,-28.42719269880998
12.12060525104502,16.25085732768299,-28.42719269881865
12.124084218034646,16.576884602843435,-28.427192698830364
12.120125914222193,16.894291409552768,-28.427192698845232
12.109034294182226,17.20247326946313,-28.42719269886321
12.091115641806503,17.50083245010367,-28.427192698884106
12.06667741020523,17.788779680700046,-28.427192698907604
12.036027109560939,18.065735810693084,-28.42719269893328
11.999471248452327,18.331133403179038,-28.427192698960592
11.957314333120317,18.584418256676503,-28.42719269898897
11.909857928042562,18.82505084990055,-28.427192699017766
11.85739978004484,19.052507705556565,-28.42719269904635
11.800233007037344,19.26628267051933,-28.4271926990741
11.73864535134818,19.465888111101652,-28.427192699100445
11.672918496561396,19.650856023409304,-28.42719269912487
11.60332744577502,19.820739059995937,-28.427192699146957
11.530139958295704,19.97511147514763,-28.427192699166387
11.453616040995808,20.113569992121956,-28.427192699182942
11.374007489888637,20.235734596524335,-28.427192699196535
11.29155747693578,20.341249260714772,-28.42719269920718
11.206500176691893,20.42978260469332,-28.42719269921502
11.119060427118386,20.501028499310927,-28.42719269922029
11.029453418756846,20.55470661789415,-28.427192699223337
10.937884406442109,20.59056294246154,-28.427192699224584
10.8445484378485,20.60837023065217,-28.42719269922452
10.749630093393847,20.607928449290974,-28.4271926992237
10.653303232367195,20.589065180189394,-28.427192699222687
10.555730740589366,20.551636003333524,-28.427192699222072
10.457064275452348,20.495524862054552,-28.42719269922246
10.357444004805641,20.42064441411775,-28.427192699224403
10.256998336856796,20.326936371915895,-28.427192699228435
10.155843639021342,20.214371834120033,-28.42719269923502
10.054083944486045,20.082951610233664,-28.427192699244575
9.951810646130866,19.932706538525,-28.427192699257393
9.849102178380516,19.763697796784935,-28.427192699273707
9.74602368851744,19.57601720428552,-28.427192699293645
9.642626699974262,19.369787512206106,-28.42719269931721
9.538948771124527,19.145162678663844,-28.427192699344317
9.435013154093186,18.902328123346333,-28.427192699374753
9.330828459098624,18.641500955613065,-28.427192699408234
9.226388330799585,18.36293016882824,-28.42719269944437
9.121671144034428,18.06689679263242,-28.427192699482703
9.016639727186087,17.753713993879483,-28.427192699522713
8.911241122160295,17.423727116086464,-28.427192699563847
8.805406390602268,17.077313646498048,-28.427192699605545
8.699050476471381,16.714883099287228,-28.42719269964725
8.59207213541679,16.3368768030335,-28.427192699688458
8.48435394152242,15.943767580474022,-28.42719269972871
8.375762381890898,15.53605930864419,-28.42719269976765
8.266148049189782,15.114286347942048,-28.42719269980502
8.155345941670454,14.679012829390356,-28.42719269984067
8.04317587927709,14.230831790448423,-28.427192699874578
7.929443043284528,13.770364151151256,-28.42719269990686
7.81393864544251,13.29825752412262,-28.42719269993772
7.696440730873783,12.815184854105508,-28.427192699967456
7.576715116999113,12.321842885047301,-28.42719269999644
7.454516468580484,11.818950455423005,-28.427192700025067
7.329589506631987,11.307246625318278,-28.427192700053716
7.2016703465050425,10.787488641751924,-28.42719270008272
7.0704879579775435,10.260449751711123,-28.427192700112325
6.935765737739199,9.726916875309836,-28.427192700142633
6.79722318234479,9.187688154265592,-28.427192700173602
6.654577647580268,8.643570393426547,-28.427192700205
6.507546178326774,8.09537641527912,-28.427192700236414
6.355847391480111,7.54392234914627,-28.42719270026727
6.199203393342202,6.9900248780826635,-28.427192700296807
6.037341712186428,6.434498467238132,-28.427192700324177
5.869997226433853,5.878152597670184,-28.427192700348435
5.69691406906765,5.321789029236615,-28.427192700368636
5.517847489545808,4.766199115311676,-28.42719270038388
5.332565655517486,4.21216119068566,-28.42719270039337
5.140851378060479,3.660438052190307,-28.42719270039649
4.942503745877851,3.1117745494183646,-28.42719270039283
4.73733965585271,2.566895300463865,-28.42719270038225
4.525195229487531,2.0265025449954144,-28.427192700364905
4.305927106972203,1.4912741442848418,-28.42719270034125
4.079413612858641,0.9618617351413591,-28.427192700312034
3.8455557894995436,0.43888904213319074,-28.427192700278287
3.604278296472475,-0.07704964991025999,-28.427192700241285
3.3555301761051677,-0.5853908632701086,-28.42719270020248
3.099285486901895,-1.0856031365967085,-28.427192700163477
2.835543808113678,-1.577188079606724,-28.42719270012595
2.5643306198780262,-2.0596812779707467,-28.427192700091563
2.285697564269021,-2.5326530540046726,-28.427192700061923
1.9997225932478557,-2.9957090893094263,-28.427192700038514
1.706510009898117,-3.448490915726409,-28.427192700022626
1.406190409487196,-3.89067628092005,-28.427192700015315
1.098920526838783,-4.32197939460067,-28.42719270001736
0.7848829962594678,-4.742151060901663,-28.427192700029252
0.46428602986572637,-5.150978701768865,-28.42719270005116
0.13736301963846512,-5.548286275452055,-28.427192700082948
-0.19562793207625248,-5.933934093353745,-28.427192700124166
-0.5344045495670157,-6.307818537632324,-28.427192700174103
-0.8786609848947614,-6.669871681116381,-28.42719270023179
-1.228068480491734,-7.02006081030272,-28.427192700296057
-1.5822760911988145,-7.358387851516627,-28.427192700365584
-1.9409114643146168,-7.684888699739505,-28.42719270043895
-2.303581676746316,-7.99963244918193,-28.42719270051469
-2.6698741287700303,-8.30272052441996,-28.427192700591327
-3.039357494212115,-8.594285710835107,-28.42719270066746
-3.411582727040214,-8.874491083213279,-28.4271927007418
-3.786084124396517,-9.143528831670025,-28.427192700813187
-4.162380446011891,-9.401618984576203,-28.427192700880646
-4.539976089709216,-9.649008028852315,-28.42719270094343
-4.918362322342755,-9.885967428866707,-28.427192701000966
-5.29701856503755,-10.112792046192698,-28.42719270105295
-5.6754137310029815,-10.329798463626148,-28.427192701099248
-6.053007613516033,-10.537323218107003,-28.42719270113996
-6.4292523209245225,-10.735720948489815,-28.42719270117534
-6.803593754733713,-10.925362465429766,-28.427192701205797
-7.1754731260384315,-11.106632751950496,-28.427192701231853
-7.54432850477599,-11.27992890449512,-28.42719270125409
-7.909596395531397,-11.44565802539011,-28.427192701273142
-8.27071333295375,-11.604235078633215,-28.42719270128963
-8.627117489267109,-11.75608072171521,-28.42719270130415
-8.978250285903343,-11.901619126770475,-28.427192701317246
-9.323558000966887,-12.041275804699616,-28.42719270132938
-9.662493364075692,-12.175475446002569,-28.427192701340914
-9.994517130116572,-12.304639791896484,-28.427192701352123
-10.319099623608638,-12.429185548870775,-28.427192701363197
-10.635722245681313,-12.54952235916411,-28.427192701374228
-10.943878936133377,-12.66605083875434,-28.427192701385245
-11.24307758363141,-12.77916069336052,-28.42719270139621
-11.532841377809628,-12.889228921700576,-28.427192701407066
-11.812710097825121,-12.996618113868196,-28.427192701417717
-12.082241332776487,-13.10167485123107,-28.427192701428087
-12.341011630282583,-13.204728212753894,-28.42719270143811
-12.588617570413613,-13.306088391157857,-28.42719270144776
-12.824676763042364,-13.406045420885933,-28.427192701457024
-13.048828767514271,-13.504868018489143,-28.427192701465966
-13.260735934298847,-13.602802534817307,-28.427192701474674
-13.46008416896335,-13.700072017317622,-28.42719270148327
-13.646583619387522,-13.796875379837866,-28.42719270149193
-13.819969287605296,-13.893386676614359,-28.427192701500825
-13.980001568009286,-13.989754476606558,-28.427192701510144
-14.126466713884588,-14.086101334023368,-28.427192701520074
-14.259177234351991,-14.18252335076639,-28.42719270153076
-14.377972223802741,-14.279089826583293,-28.42719270154234
-14.482717625806762,-14.375842992964866,-28.42719270155488
-14.573306433285424,-14.472797827213249,-28.427192701568412
-14.649658826473123,-14.569941943632505,-28.427192701582914
-14.711722249865156,-14.667235559420675,-28.427192701598283
-14.759471428980644,-14.764611533545331,-28.427192701614384
-14.792908327376846,-14.861975477633205,-28.42719270163103
-14.812062043954626,-14.959205938667244,-28.427192701647982
-14.816988650213032,-15.056154654030488,-28.427192701665014
-14.807770966762613,-15.152646880135311,-28.427192701681864
-14.784518278110149,-15.248481796499195,-28.427192701698292
-14.747365984498078,-15.34343298764732,-28.427192701714095
-14.696475189434846,-15.437249005613495,-28.42719270172912
-14.632032221499582,-15.529654016052794,-28.42719270174327
-14.554248089055564,-15.620348531055201,-28.42719270175654
-14.463357866667941,-15.70901023164711,-28.427192701769
-14.35962001229465,-15.795294882679931,-28.427192701780825
-14.2433156147043,-15.878837342331583,-28.42719270179226
-14.114747571065307,-15.959252667792256,-28.427192701803666
-13.974239695237289,-16.03613731788285,-28.427192701815446
-13.82213575796501,-16.109070452380447,-28.427192701828055
-13.65879846090911,-16.177615326724982,-28.427192701841978
-13.484608347225947,-16.24132077958405,-28.42719270185771
-13.299962652206826,-16.299722809493748,-28.427192701875686
-13.105274098279242,-16.352346235509845,-28.427192701896306
-12.900969639432635,-16.398706435536607,-28.427192701919843
-12.687489160831577,-16.43831115479025,-28.427192701946463
-12.465284139995,-16.47066237574129,-28.427192701976193
-12.234816276427257,-16.495258239901904,-28.427192702008874
-11.99655609696605,-16.51159501101402,-28.42719270204419
-11.750981544347304,-16.519169068579465,-28.42719270208165
-11.498576556568004,-16.517478920275146,-28.427192702120607
-11.239829644549257,-16.506027221627434,-28.427192702160255
-10.975232475364871,-16.48432279138536,-28.427192702199672
-10.705278467912002,-16.451882611328234,-28.427192702237864
-10.430461407372375,-16.408233799757955,-28.427192702273796
-10.151274084162862,-16.35291554864075,-28.427192702306407
-9.868206962324113,-16.285481015251204,-28.427192702334725
-9.581746881470773,-16.205499160202084,-28.427192702357843
-9.292375795553863,-16.1125565248821,-28.42719270237501
-9.000569550793411,-16.006258942532,-28.427192702385646
-8.706796704256409,-15.886233178429647,-28.427192702389387
-8.411517383709086,-15.752128495888112,-28.427192702386115
-8.115182188589639,-15.603618145961182,-28.42719270237596
-7.818231131251425,-15.44040077986406,-28.42719270235931
-7.521092617037867,-15.262201784122968,-28.427192702336825
-7.224182461286182,-15.068774539339444,-28.427192702309398
-6.927902941031098,-14.859901604171661,-28.427192702278145
-6.632641879001982,-14.635395826678312,-28.427192702244383
-6.338771757483509,-14.395101385528092,-28.42719270220957
-6.046648859744037,-14.138894763741007,-28.42719270217527
-5.756612437026604,-13.866685657592633,-28.427192702143092
-5.468983899541276,-13.578417823078976,-28.427192702114652
-5.184066030487813,-13.27406986191166,-28.427192702091503
-4.9021422228646205,-12.953655948398241,-28.427192702075082
-4.623475739671589,-12.617226497771808,-28.42719270206667
-4.34830899907528,-12.264868775582519,-28.42719270206731
-4.076862887157257,-11.896707446670241,-28.427192702077804
-3.8093361019889085,-11.512905061024783,-28.42719270209866
-3.5459045339448045,-11.113662472535529,-28.427192702130075
-3.286720688353872,-10.699219185267609,-28.427192702171904
-3.0319131577623715,-10.269853620513784,-28.427192702223696
-2.781586152210456,-9.82588329650175,-28.427192702284664
-2.535819096966958,-9.367664911332607,-28.42719270235374
-2.2946663080842447,-8.895594318538942,-28.42719270242963
-2.058156756883246,-8.410106383635963,-28.4271927025108
-1.8262939350134404,-7.911674709254184,-28.427192702595615
-1.5990558320090995,-7.400811215946626,-28.42719270268235
-1.3763950372383995,-6.878065565615317,-28.427192702769315
-1.1582389777769748,-6.344024414755029,-28.427192702854857
-0.9444903029991429,-5.799310485413965,-28.427192702937507
-0.7350274255442858,-5.244581442957857,-28.427192703015972
-0.529705226770241,-4.68052857141815,-28.427192703089247
-0.3283559328516897,-4.107875239411176,-28.42719270315661
-0.13079016533755858,-3.52737515231738,-28.427192703217635
0.06320183271646176,-2.9398103895682914,-28.42719270327222
0.2538487969209774,-2.345989229440369,-28.427192703320525
0.44139687313424725,-1.7467437676108037,-28.42719270336297
0.6261078889110565,-1.1429273397801392,-28.427192703400124
0.8082574766642788,-0.5354117627802233,-28.427192703432706
0.988133063684502,0.0749155873804116,-28.427192703461447
1.1660317472574038,0.6871548382794125,-28.427192703487037
1.3422580758879472,1.3003967989772784,-28.427192703510073
1.517121759973524,1.9137262244773827,-28.427192703530988
1.6909353370675648,2.526225135931527,-28.42719270355002
1.8640118180635543,3.1369761642741154,-28.42719270356718
2.036662341154349,3.7450658842853697,-28.427192703582286
2.2091938602589605,4.349588106250098,-28.427192703594958
2.3819068937641146,4.949647093387616,-28.427192703604668
2.5550933579360127,5.544360675037252,-28.42719270361081
2.7290345072810367,6.132863228114324,-28.427192703612747
2.903999001558326,6.714308502495822,-28.427192703609894
3.080241116175695,7.287872269622716,-28.42719270360179
3.2579991094487033,7.852754777571555,-28.427192703588126
3.4374937567914663,8.408182999999989,-28.42719270356883
3.6189270584564577,8.953412670559452,-28.427192703544055
3.8024811240616194,9.48773009845316,-28.427192703514233
3.9883172339371398,10.010453764674129,-28.427192703480042
4.176575074376381,10.520935701981943,-28.427192703442394
4.367372141252787,11.018562664787288,-28.4271927034024
4.5608033042154394,11.502757097753218,-28.427192703361314
4.756940521829712,11.972977914059133,-28.427192703320497
4.955832696597987,12.428721095897133,-28.427192703281335
5.157505657774915,12.869520130890512,-28.427192703245197
5.361962259265016,13.294946298766222,-28.427192703213375
5.569182579630071,13.704608822816235,-28.427192703187018
5.779124211304419,14.098154900494439,-28.427192703167105
5.9917226264775065,14.475269626969816,-28.427192703154407
6.206891607711825,14.835675824649291,-28.427192703149434
6.424523732176825,15.179133790651251,-28.42719270315248
6.644490899352655,15.505440973007737,-28.427192703163545
6.8666448931508555,15.814431585050507,-28.427192703182396
7.090817970574678,16.10597616604059,-28.427192703208554
7.316823470265023,16.379981094673642,-28.427192703241325
7.544456435518563,16.63638806067157,-28.42719270327982
7.773494247595101,16.875173498285804,-28.427192703323016
8.003697266328206,17.09634798421612,-28.427192703369737
8.234809476195924,17.299955601214478,-28.42719270341876
8.466559137079392,17.486073267514257,-28.427192703468812
8.698659439920984,17.654810031218418,-28.42719270351864
8.930809168377431,17.806306327908157,-28.42719270356702
9.162693368335484,17.940733199007912,-28.427192703612846
9.39398402780919,18.058291467871882,-28.427192703655102
9.624340770260199,18.15921087014853,-28.42719270369295
9.853411564769942,18.243749134737808,-28.42719270372572
10.08083345674007,18.312191011584176,-28.42719270375293
10.306233322902614,18.364847242647212,-28.42719270377432
10.529228654383283,18.402053472659315,-28.427192703789853
10.749428371381729,18.424169096711356,-28.42719270379967
10.966433672715826,18.431576042294584,-28.42719270380413
11.179838923030164,18.42467748415874,-28.427192703803797
11.389232579901948,18.403896491207085,-28.427192703799342
11.594198162403972,18.36967460561985,-28.427192703791597
11.794315261919865,18.3224703554553,-28.427192703781483
11.989160595171452,18.26275770309666,-28.427192703769954
12.178309098532608,18.191024433063273,-28.427192703757992
12.361335061793088,18.10777048385513,-28.42719270374656
12.537813298624004,18.013506229617665,-28.427192703736534
12.70732035011029,17.90875071846582,-28.427192703728696
12.869435716879979,17.79402987526039,-28.427192703723712
13.023743114599913,17.669874677455727,-28.42719270372209
13.169831746945018,17.536819313309493,-28.427192703724163
13.307297589602467,17.39539933224049,-28.42719270373011
13.435744678458496,17.24614979742367,-28.427192703739916
13.554786394844749,17.089603450812735,-28.427192703753413
13.664046740598812,16.926288900677694,-28.4271927037703
13.76316159572015,16.756728841442598,-28.427192703790123
13.851779951573363,16.58143831511887,-28.427192703812366
13.929565112895471,16.400923022971476,-28.427192703836436
13.996195862288502,16.215677695252698,-28.427192703861703
14.051367581404692,16.026184525920925,-28.42719270388755
14.094793323637914,15.832911678262771,-28.42719270391339
14.126204833798285,15.63631186629031,-28.42719270393869
14.145353510943005,15.436821015727721,-28.42719270396301
14.152011311241122,15.234857007367017,-28.427192703986
14.145971588439854,15.030818504594365,-28.42719270400742
14.127049870153803,14.82508386599574,-28.427192704027153
14.095084568797008,14.618010143168583,-28.4271927040452
14.049937626505487,14.409932163215114,-28.427192704061657
13.991495093842387,14.201161694887606,-28.427192704076717
13.919667642430365,13.991986697005379,-28.42719270409065
13.834391011911991,13.782670647570747,-28.427192704103792
13.73562639179721,13.573451951974425,-28.42719270411651
13.62336073882033,13.364543428792256,-28.427192704129194
13.497607030403044,13.156131871922403,-28.427192704142218
13.358404454713762,12.948377688178407,-28.42719270415595
13.205818537638168,12.74141460991879,-28.4271927041707
13.039941206745215,12.535349482834496,-28.427192704186727
12.860890792061593,12.33026212960627,-28.427192704204227
12.668811963172974,12.12620529075735,-28.42719270422332
12.463875601868834,11.923204644634875,-28.427192704244053
12.246278609257422,11.721258909027526,-28.427192704266403
12.01624364601558,11.520340027439195,-28.427192704290285
11.774018804221724,11.320393443462475,-28.427192704315537
11.519877209065044,11.12133846700619,-28.42719270434198
11.254116548644197,10.923068736306162,-28.42719270436938
10.977058530076619,10.725452779668835,-28.42719270439749
10.689048260244892,10.528334680748427,-28.42719270442606
10.390453549716325,10.331534850829646,-28.427192704454836
10.081664138689368,10.134850911074835,-28.427192704483595
9.763090844246054,9.938058686997326,-28.427192704512123
9.435164628719193,9.740913316548816,-28.427192704540246
9.098335589608745,9.543150472170629,-28.427192704567805
8.75307187219228,9.344487695976367,-28.427192704594678
8.39985850675372,9.144625845931799,-28.427192704620754
8.039196173184301,8.94325064950751,-28.427192704645925
7.671599896567852,8.740034359836216,-28.4271927046701
7.297597678225452,8.534637507948318,-28.42719270469317
6.91772906753704,8.326710743227178,-28.42719270471498
6.5325436806541735,8.115896752861378,-28.427192704735372
6.142599672944179,7.90183224981567,-28.42719270475413
5.748462172638293,7.6841500177334625,-28.427192704771013
5.35070168367497,7.4624810002558535,-28.427192704785718
4.949892466117792,7.236456421523594,-28.42719270479793
4.546610902773404,7.005709924140849,-28.427192704807307
4.141433860731715,6.769879710636826,-28.427192704813507
3.7349370564966855,6.528610674468948,-28.427192704816193
3.327693433175522,6.281556506865855,-28.42719270481509
2.9202715578561467,6.028381766298886,-28.427192704809972
2.513234046841676,5.768763898077004,-28.427192704800703
2.1071360258447376,5.502395192456513,-28.427192704787274
1.7025236315954577,5.228984670710878,-28.427192704769798
1.2999325606090262,4.948259889781401,-28.427192704748524
0.8998866701174327,4.659968657387155,-28.427192704723883
0.5028966354209151,4.363880650772057,-28.427192704696434
0.10945866718300197,4.059788933568399,-28.427192704666886
-0.2799467084980137,3.747511366521222,-28.4271927046361
-0.6648558050378784,3.4268919090116965,-28.42719270460502
-1.0448228636826051,3.0978018094090167,-28.42719270457468
-1.419421073996625,2.7601406832435234,-28.42719270454617
-1.7882435256816869,2.4138374790082815,-28.42719270452058
-2.1509040911308985,2.0588513320480066,-28.42719270449896
-2.5070382382575773,1.6951723074747267,-28.427192704482298
-2.8563037731662675,1.3228220333569112,-28.427192704471455
-3.198381512159943,0.9418542255668984,-28.427192704467153
-3.532975882413438,0.5523551056498597,-28.427192704469917
-3.8598154504021336,0.1544437129111418,-28.42719270448007
-4.17865337687363,-0.2517278883727396,-28.42719270449771
-4.4892677968076615,-0.6659745061070098,-28.427192704522696
-4.791462122447287,-1.0880778218495344,-28.427192704554653
-5.085065267125187,-1.517786497063475,-28.427192704592976
-5.369931787276771,-1.9548163851354807,-28.42719270463687
-5.645941939751023,-2.398850850639277,-28.42719270468535
-5.913001651324847,-2.8495411977618144,-28.427192704737305
-6.171042397220259,-3.306507210153297,-28.42719270479151
-6.420020985437715,-3.7693378046805317,-28.427192704846714
-6.659919243871913,-4.237591801624984,-28.427192704901657
-6.890743607484343,-4.710798813746518,-28.42719270495513
-7.112524603280406,-5.188460256310092,-28.427192705006036
-7.325316231484442,-5.670050479631288,-28.42719270505341
-7.529195242123082,-6.155018024930674,-28.42719270509648
-7.724260307209422,-6.64278700329874,-28.427192705134686
-7.910631089853915,-7.1327585963737645,-28.427192705167666
-8.088447212891374,-7.624312675945792,-28.427192705195324
-8.257867130979204,-8.116809538152035,-28.427192705217774
-8.419066911555145,-8.609591746262625,-28.427192705235324
-8.572238931503268,-9.101986074319473,-28.42719270524849
-8.71759049781997,-9.593305542140058,-28.427192705257912
-8.855342401950145,-10.0828515304921,-28.427192705264346
-8.98572741872953,-10.569915963645844,-28.427192705268588
-9.108988761975834,-11.053783545079268,-28.42719270527146
-9.22537850967579,-11.533734030904853,-28.427192705273722
-9.335156012380635,-12.009044524655643,-28.42719270527609
-9.438586298819166,-12.478991776454235,-28.427192705279147
-9.535938492845451,-12.942854469321288,-28.427192705283343
-9.627484255647746,-13.399915475476968,-28.42719270528898
-9.713496266657348,-13.849464065952295,-28.42719270529621
-9.794246755823583,-14.290798057646633,-28.42719270530503
-9.870006098885987,-14.723225883117712,-28.42719270531528
-9.941041486009313,-15.146068569835027,-28.42719270532671
-10.00761567269021,-15.558661617319277,-28.42719270533897
-10.069985820241499,-15.960356762475396,-28.42719270535163
-10.128402431459058,-16.350523625445163,-28.42719270536426
-10.18310838532718,-16.728551230396526,-28.427192705376402
-10.234338072869267,-17.09384939776961,-28.42719270538764
-10.282316634547735,-17.44585000655727,-28.427192705397605
-10.32725929800116,-17.784008127158895,-28.42719270540602
-10.369370813413267,-18.10780302716553,-28.427192705412647
-10.408844982466508,-18.416739054075684,-28.427192705417397
-10.445864275664022,-18.710346400376928,-28.427192705420246
-10.480599531822895,-18.98818175763953,-28.427192705421277
-10.513209732756497,-19.249828867244897,-28.427192705420662
-10.543841845576171,-19.494898976110697,-28.427192705418655
-10.572630724649134,-19.72303120628074,-28.42719270541557
-10.599699065041857,-19.933892847530736,-28.427192705411777
-10.62515739924503,-20.127179582215394,-28.427192705407684
-10.649104129102978,-20.302615651465374,-28.42719270540371
-10.671625585141548,-20.459953971554,-28.42719270540028
-10.692796105887059,-20.598976208814005,-28.427192705397815
-10.712678130278237,-20.71949282091418,-28.427192705396685
-10.731322296876542,-20.821343071625535,-28.427192705397246
-10.748767544262277,-20.904395025434333,-28.42719270539977
-10.765041207750011,-20.968545527513733,-28.427192705404494
-10.780159108353391,-21.01372017366201,-28.427192705411578
-10.794125630764764,-21.03987327386776,-28.427192705421106
-10.80693378797782,-21.046987812184287,-28.427192705433097
-10.818565271062301,-21.035075404597144,-28.42719270544748
-10.828990483489223,-21.004176255561674,-28.42719270546414
-10.838168560294989,-20.954359112880265,-28.427192705482856
-10.846047373254603,-20.885721219591545,-28.42719270550338
-10.85256352410016,-20.798388260565087,-28.427192705525396
-10.857642328662024,-20.692514300544943,-28.427192705548535
-10.861197795617722,-20.56828170947389,-28.427192705572423
-10.86313260429786,-20.425901070069344,-28.427192705596653
-10.863338086708296,-20.26561106182355,-28.42719270562081
-10.861694219571984,-20.087678314879454,-28.42719270564452
-10.858069632759534,-19.892397226604206,-28.427192705667416
-10.852321640950981,-19.680089733161314,-28.427192705689173
-10.844296305738775,-19.45110502798684,-28.427192705709544
-10.833828535628804,-19.205819218822526,-28.42719270572835
-10.820742231508737,-18.944634914866175,-28.42719270574548
-10.804850485117434,-18.667980735683695,-28.427192705760937
-10.785955837854383,-18.376310733801674,-28.427192705774804
-10.763850606904334,-18.070103723375965,-28.427192705787274
-10.738317285113537,-17.749862508017795,-28.42719270579862
-10.709129020337961,-17.416113001756642,-28.4271927058092
-10.67605017909293,-17.069403238225284,-28.427192705819433
-10.638836998275632,-16.710302264456665,-28.42719270582979
-10.597238327520563,-16.33939891716673,-28.427192705840756
-10.550996463402857,-15.957300481037441,-28.427192705852814
-10.499848075251208,-15.564631230276666,-28.427192705866407
-10.443525220802057,-15.162030856577351,-28.42719270588191
-10.38175644835617,-14.75015278848158,-28.427192705899618
-10.314267980527315,-14.329662409025874,-28.427192705919687
-10.240784973143342,-13.901235180349595,-28.427192705942144
-10.161032841415164,-13.465554685635322,-28.42719270596686
-10.074738644171719,-13.023310600267065,-28.427192705993562
-9.981632515807423,-12.575196605391975,-28.427192706021813
-9.881449134638144,-12.121908258112954,-28.427192706051034
-9.773929215639544,-11.664140833291508,-28.427192706080536
-9.658821015068554,-11.202587152380321,-28.427192706109548
-9.535881834255655,-10.737935414823706,-28.42719270613724
-9.404879509904712,-10.270867047362888,-28.427192706162792
-9.265593878540718,-9.80205458607648,-28.427192706185405
-9.117818203287444,-9.332159605199758,-28.42719270620437
-8.961360551912025,-8.861830705734775,-28.427192706219103
-8.796045116010513,-8.39170157563077,-28.42719270622917
-8.62171346229074,-7.922389131929775,-28.42719270623434
-8.438225708096374,-7.454491753789287,-28.42719270623457
-8.245461614567404,-6.988587613765717,-28.427192706230056
-8.043321592106016,-6.5252331132219,-28.427192706221195
-7.831727614073922,-6.064961426257994,-28.427192706208587
-7.610624035851713,-5.608281155200763,-28.427192706193022
-7.379978317511898,-5.155675099458151,-28.42719270617545
-7.13978164936914,-4.707599138482332,-28.42719270615692
-6.890049480554637,-4.264481228705147,-28.427192706138566
-6.630821951503139,-3.8267205136259665,-28.42719270612154
-6.362164231833972,-3.3946865457465036,-28.427192706106982
-6.084166765550518,-2.968718618754684,-28.427192706095962
-5.7969454257801445,-2.5491252082482916,-28.427192706089457
-5.500641581437974,-2.136183519340437,-28.427192706088288
-5.195422078236038,-1.730139139679719,-28.427192706093116
-4.8814791363910395,-1.3312057967210873,-28.427192706104396
-4.559030167228116,-0.9395652184689584,-28.427192706122383
-4.228317510655409,-0.5553670973504853,-28.427192706147128
-3.889608095216937,-0.17872915733170858,-28.427192706178463
-3.54319302214138,0.19026267516933154,-28.427192706216022
-3.189387074513954,0.5515539956214427,-28.427192706259273
-2.8285281524287935,0.9051215396962149,-28.427192706307515
-2.4609766347498105,1.2509726940617312,-28.427192706359946
-2.0871146679368833,1.589144898052398,-28.42719270641568
-1.7073453822967501,1.9197049346516868,-28.427192706473765
-1.322092036006955,2.2427481094178843,-28.427192706533244
-0.9317970873459414,2.558397316340085,-28.42719270659319
-0.5369211957488664,2.8668019901360515,-28.42719270665272
-0.13794215259894582,3.168136945192749,-28.42719270671103
0.2646462569438361,3.4626011021959773,-28.427192706767432
0.6703354592870452,3.7504161044829383,-28.42719270682134
1.078603362560142,4.031824827260626,-28.42719270687231
1.4889156885707946,4.307089784037621,-28.427192706920014
1.9007273628558308,4.576491435886695,-28.427192706964245
2.313483958386518,4.84032641045581,-28.427192707004924
2.7266231877438796,5.098905638938215,-28.42719270704206
3.1395764378491338,5.352552420458982,-28.427192707075747
3.5517703406419003,5.601600424496362,-28.42719270710613
3.9626283724690308,5.846391642993399,-28.427192707133408
4.3715724744027975,6.087274304693325,-28.4271927071578
4.7780246852692265,6.324600764920404,-28.427192707179522
5.181408778852825,6.5587253845009705,-28.42719270719879
5.581151896565697,6.790002411759272,-28.427192707215802
5.976686166835441,7.018783881518629,-28.42719270723073
6.367450302580094,7.245417544788355,-28.42719270724373
6.7528911683976816,7.470244842326611,-28.427192707254928
7.132465309494966,7.693598934553373,-28.427192707264453
7.50564043490256,7.915802799367457,-28.427192707272415
7.871896848155077,8.13716740832561,-28.427192707278923
8.230728819335365,8.357989990403313,-28.427192707284114
8.581645893168483,8.578552391213986,-28.427192707288153
8.924174128679782,8.79911953415527,-28.427192707291212
9.257857266777481,9.01993798851876,-28.427192707293507
9.582257822959134,9.241234648182587,-28.427192707295283
9.896958103150624,9.463215523142178,-28.427192707296822
10.201561141444929,9.68606464485747,-28.42719270729843
10.495691559197924,9.90994308523413,-28.427192707300403
10.778996345545721,10.13498808803651,-28.42719270730307
11.051145559921071,10.361312310669343,-28.427192707306723
11.311832957558671,10.589003173576026,-28.427192707311633
11.560776539287163,10.818122313990294,-28.42719270731804
11.797719027109984,11.048705140445108,-28.42719270732611
12.02242826718178,11.280760484283036,-28.42719270733595
12.234697561799196,11.514270344415541,-28.4271927073476
12.434345931954214,11.749189721730012,-28.427192707361005
12.621218311857229,11.98544653982409,-28.42719270737603
12.79518567663988,12.222941649135329,-28.42719270739246
12.956145104209915,12.461548912005686,-28.427192707410004
13.104019771968556,12.701115366749095,-28.427192707428322
13.238758888832212,12.941461469348829,-28.427192707447016
13.360337562741838,13.182381411972068,-28.427192707465668
13.468756603611634,13.423643518024841,-28.427192707483837
13.564042261479791,13.664990713954937,-28.42719270750113
13.646245899492081,13.906141078419155,-28.427192707517158
13.715443601286953,14.146788469742132,-28.427192707531614
13.771735712368686,14.386603232788097,-28.42719270754427
13.815246315161025,14.62523298642895,-28.427192707554987
13.846122637632142,14.862303492711062,-28.42719270756375
13.864534395674236,15.097419608593057,-28.42719270757066
13.870673069805314,15.330166320746805,-28.427192707575927
13.864751117231041,15.560109863388336,-28.427192707579902
13.847001120850983,15.786798918444916,-28.427192707583025
13.817674877403396,16.009765896584714,-28.427192707585824
13.777042427598884,16.2285282967574,-28.427192707588908
13.725391031776741,16.442590140943217,-28.427192707592926
13.663024095306744,16.651443479814095,-28.427192707598525
13.590260048630425,16.854569964005574,-28.42719270760633
13.507431187465553,17.05144247471662,-28.427192707616936
13.414882479262266,17.241526806430045,-28.427192707630816
13.312970342476683,17.424283393712805,-28.427192707648356
13.20206140559804,17.599169073343244,-28.42719270766978
13.08253125311164,17.7656388724486,-28.427192707695173
12.954763165689544,17.923147812942727,-28.427192707724444
12.81914686186564,18.071152722346916,-28.427192707757335
12.676077248268614,18.209114041065302,-28.427192707793417
12.525953185157302,18.336497616373137,-28.427192707832106
12.369176273535123,18.45277647375621,-28.427192707872706
12.206149669525928,18.557432556801817,-28.427192707914386
12.037276930988659,18.649958427568365,-28.42719270795625
11.86296090055281,18.729858920228892,-28.427192707997378
11.683602628393043,18.79665274176711,-28.42719270803683
11.499600337154286,18.84987401457272,-28.427192708073704
11.311348430512865,18.889073756904153,-28.427192708107185
11.119236545940447,18.913821298330102,-28.427192708136552
10.923648651349623,18.923705628393634,-28.42719270816121
10.724962184465781,18.91833667783607,-28.427192708180744
10.52354723300973,18.897346532743608,-28.42719270819491
10.319765753107276,18.86039058291471,-28.42719270820365
10.113970822780447,18.807148606569424,-28.4271927082071
9.90650592693208,18.73732579421626,-28.427192708205606
9.697704269920107,18.650653715045117,-28.42719270819968
9.487888111635819,18.546891229615746,-28.427192708190024
9.27736812295525,18.425825352854936,-28.427192708177472
9.066442756525385,18.28727207145757,-28.427192708162995
8.855397629076062,18.131077119707363,-28.427192708147658
8.644504911811444,17.95711671749266,-28.427192708132583
8.434022725926866,17.765298273895542,-28.427192708118927
8.224194540912356,17.55556105918305,-28.42719270810784
8.015248574035432,17.327876847334228,-28.427192708100407
7.807397190234956,17.08225053040413,-28.42719270809764
7.600836302594743,16.81872070506514,-28.42719270810044
7.395744774589289,16.53736023058845,-28.427192708109544
7.192283826391235,16.238276756347943,-28.427192708125535
6.990596448686126,15.92161321566054,-28.427192708148755
6.790806828637145,15.587548281441112,-28.427192708179366
6.593019793860687,15.236296777768201,-28.427192708217294
6.397320281489492,14.868110040056537,-28.427192708262243
6.203772840586981,14.483276215144409,-28.427192708313687
6.01242117730414,14.082120491264863,-28.427192708370917
5.823287753204968,13.665005246620265,-28.42719270843305
5.636373448091331,13.232330104165722,-28.427192708499046
5.4516572993930685,12.784531879277813,-28.42719270856778
5.269096330713173,12.322084406293504,-28.427192708638085
5.08862548238863,11.845498229504175,-28.42719270870878
4.910157656904303,11.355320144134113,-28.427192708778744
4.73358389164249,10.852132573171758,-28.42719270884697
4.558773670732317,10.336552766698478,-28.427192708912575
4.385575386657199,9.809231811607377,-28.42719270897489
4.213816960771953,9.270853441343776,-28.427192709033427
4.043306629974255,8.722132637533203,-28.427192709087944
3.873833904483735,8.163814018075763,-28.427192709138392
3.7051706990394173,7.596670009439623,-28.427192709184958
3.5370726368837335,7.021498804419741,-28.42719270922794
3.369280522728302,6.439122110456301,-28.42719270926779
3.201521977579229,5.85038269762462,-28.427192709304997
3.0335132249379124,5.256141759490047,-28.42719270934006
2.864961014597701,4.657276104029735,-28.427192709373394
2.6955646671431546,4.054675195612858,-28.427192709405286
2.52501821944241,3.449238072457107,-28.427192709435865
2.353012649013275,2.8418701669052235,-28.427192709465043
2.1792381532361227,2.2334800581705325,-28.42719270949252
2.0033864580590723,1.6249761887879228,-28.427192709517787
1.8251531301474917,1.0172635768095286,-28.427192709540158
1.6442398663980873,0.41124055576943525,-28.42719270955881
1.4603567353668052,-0.19220442638744792,-28.427192709572857
1.2732243464201198,-0.7921959198211809,-28.42719270958142
1.0825759242552682,-1.3878744694717924,-28.427192709583686
0.88815926876792,-1.9783994715136346,-28.427192709579018
0.6897385829789308,-2.5629518685905177,-28.427192709566995
0.4870961547562707,-3.14073666655096,-28.427192709547466
0.28003388126896295,-3.7109852593116703,-28.427192709520614
0.06837462837203116,-4.272957552432495,-28.42719270948694
-0.14803657966408815,-4.825943879851504,-28.427192709447276
-0.3693315415980168,-5.369266711883121,-28.427192709402775
-0.5956180305165605,-5.902282155922977,-28.42719270935485
-0.8269791111299282,-6.4243812542503855,-28.4271927093051
-1.0634726170131283,-6.9349910858162325,-28.42719270925532
-1.3051307799319716,-7.433575680917541,-28.42719270920733
-1.5519600019747806,-7.919636759178496,-28.427192709162952
-1.8039407601871436,-8.392714302289503,-28.427192709123933
-2.061027632762782,-8.852386973525654,-28.42719270909185
-2.323149435554109,-9.298272396211285,-28.427192709068077
-2.590209457698381,-9.7300273030658,-28.427192709053713
-2.8620857854708235,-10.147347567811039,-28.42719270904954
-3.1386317040327487,-10.54996812959953,-28.427192709056023
-3.41967616749685,-10.937662819793646,-28.427192709073275
-3.705024328640164,-11.310244099445185,-28.427192709101067
-3.9944581206155663,-11.667562714546737,-28.427192709138843
-4.287736884105245,-12.009507274801223,-28.427192709185764
-4.5845980344873904,-12.3360037603296,-28.427192709240703
-4.884757764716595,-12.647014959450146,-28.42719270930234
-5.187911780718588,-12.942539839452106,-28.42719270936917
-5.4937360671439315,-13.222612851183055,-28.427192709439606
-5.801887682289247,-13.487303167299789,-28.427192709511996
-6.112005581857827,-13.736713853219152,-28.427192709584688
-6.4237114719766355,-13.970980969165774,-28.42719270965612
-6.736610692499233,-14.190272601262079,-28.427192709724817
-7.050293132092756,-14.394787819351494,-28.42719270978951
-7.364334176923597,-14.584755559194317,-28.427192709849084
-7.6782956949159,-14.760433426827664,-28.427192709902684
-7.991727057558012,-14.922106423233643,-28.42719270994972
-8.304166201076688,-15.070085588004515,-28.427192709989836
-8.615140728493115,-15.20470656141783,-28.427192710022954
-8.92416905362841,-15.326328065220084,-28.42719271004926
-9.230761587552834,-15.43533030344182,-28.427192710069146
-9.534421967290063,-15.532113285702886,-28.42719271008322
-9.834648325816294,-15.61709507668194,-28.427192710092257
-10.130934601558074,-15.690709976684225,-28.42719271009715
-10.422771884718987,-15.753406639507881,-28.42719271009886
-10.709649796882232,-15.805646135041988,-28.427192710098392
-10.99105789947302,-15.8478999651892,-28.42719271009672
-11.266487125850652,-15.88064804275316,-28.427192710094772
-11.535431231063034,-15.904376643829618,-28.42719271009337
-11.797388252661795,-15.919576344958259,-28.42719271009322
-12.05186197546596,-15.926739956802793,-28.427192710094868
-12.29836339279415,-15.926360466410578,-28.427192710098716
-12.536412156471766,-15.918929000147337,-28.427192710104976
-12.765538007867391,-15.90493281920462,-28.427192710113736
-12.985282182322328,-15.88485335914208,-28.427192710124913
-13.195198779603475,-15.859164324267612,-28.427192710138307
-13.394856093421401,-15.828329846797466,-28.427192710153626
-13.583837893596458,-15.792802719704417,-28.427192710170498
-13.761744655105128,-15.753022710989704,-28.427192710188518
-13.928194728972784,-15.709414965842345,-28.427192710207258
-14.082825450771125,-15.662388501819455,-28.427192710226326
-14.225294183301274,-15.612334800835415,-28.427192710245357
-14.355279290869582,-15.559626500428056,-28.427192710264055
-14.472481043366177,-15.504616185515557,-28.427192710282178
-14.576622449112064,-15.447635280703985,-28.427192710299597
-14.667450016127772,-15.388993042183344,-28.42719271031624
-14.74473444207748,-15.328975647384164,-28.427192710332136
-14.808271233643385,-15.26784537987597,-28.42719271034737
-14.857881256476228,-15.20583990648564,-28.427192710362092
-14.893411217144095,-15.143171643302797,-28.4271927103765
-14.9147340786617,-15.080027207120592,-28.427192710390816
-14.921749411229246,-15.016566948926117,-28.427192710405276
-14.91438367975018,-14.952924566293177,-28.4271927104201
-14.892590469540217,-14.889206791923803,-28.4271927104355
-14.856350651398847,-14.825493156112287,-28.42719271045163
-14.80567248690367,-14.761835821541675,-28.427192710468628
-14.740591674424326,-14.698259489540003,-28.42719271048655
-14.661171335954501,-14.634761377692358,-28.427192710505423
-14.567501944446605,-14.571311269494059,-28.4271927105252
-14.459701190923633,-14.50785163750852,-28.4271927105458
-14.337913790256023,-14.444297842228995,-28.427192710567102
-14.202311224146756,-14.380538409506029,-28.427192710588947
-14.05309141958375,-14.316435389962733,-28.42719271061118
-13.890478360810967,-14.251824804251534,-28.42719271063363
-13.71472163275358,-14.186517178284637,-28.427192710656154
-13.526095893819685,-14.120298172676504,-28.42719271067862
-13.324900276101076,-14.052929310554354,-28.427192710700957
-13.111457711214046,-13.984148807612183,-28.427192710723126
-12.886114180360334,-13.913672507800136,-28.42719271074515
-12.649237887646105,-13.841194927356762,-28.427192710767088
-12.401218356267023,-13.766390409014738,-28.427192710789054
-12.142465447839474,-13.688914387156997,-28.42719271081119
-11.873408305916715,-13.608404763491725,-28.42719271083366
-11.594494225555655,-13.524483391480079,-28.427192710856627
-11.306187451672292,-13.436757666323858,-28.427192710880238
-11.008967909816901,-13.344822215840907,-28.42719271090458
-10.703329873886112,-13.24826068606576,-28.427192710929702
-10.389780576140545,-13.14664761395692,-28.427192710955538
-10.068838765685335,-13.039550378214148,-28.427192710981927
-9.74103322227043,-12.926531217953144,-28.427192711008612
-9.406901232853874,-12.807149307890255,-28.427192711035193
-9.066987038824204,-12.68096287779156,-28.427192711061174
-8.721840262081894,-12.547531363267105,-28.42719271108595
-8.372014318324327,-12.406417574562582,-28.427192711108834
-8.018064825859678,-12.257189869829375,-28.42719271112908
-7.660548018094365,-12.099424319442123,-28.427192711145914
-7.300019167504274,-11.932706848274425,-28.427192711158604
-6.937031028425553,-11.756635343422323,-28.427192711166445
-6.572132305405332,-11.570821715658669,-28.427192711168836
-6.205866153159334,-11.374893903878544,-28.427192711165333
-5.838768713418434,-11.168497812920917,-28.427192711155648
-5.471367693138282,-10.951299176384607,-28.427192711139693
-5.104180987724697,-10.72298533735496,-28.427192711117634
-4.737715352121696,-10.48326694127871,-28.427192711089848
-4.372465121846998,-10.231879536525987,-28.427192711056968
-4.0089109853671925,-9.968585079420665,-28.427192711019867
-3.647518808604261,-9.69317334166686,-28.42719271097963
-3.2887385118759966,-9.405463219118566,-28.42719271093751
-2.9330029992099607,-9.105303941704415,-28.427192710894943
-2.580727139744754,-8.792576185009406,-28.427192710853433
-2.232306800849707,-8.46719308451505,-28.427192710814563
-1.8881179326563875,-8.129101153799603,-28.42719271077989
-1.5485157038999406,-7.778281108098022,-28.427192710750926
-1.2138336893083599,-7.414748594519625,-28.42719271072904
-0.8843831092424709,-7.0385548299287946,-28.42719271071545
-0.5604521228639985,-6.649787147024361,-28.427192710711125
-0.24230517677530455,-6.248569448525727,-28.4271927107168
0.0698175881894158,-5.835062568612635,-28.427192710732886
0.37570086856030666,-5.409464539899651,-28.427192710759485
0.6751546639553347,-4.9720107632894965,-28.427192710796366
0.9680146718849171,-4.5229740770789,-28.427192710842988
1.2541426058506884,-4.062664720728174,-28.42719271089848
1.533426430290058,-3.5914301877957002,-28.427192710961712
1.8057805053716467,-3.109654961727938,-28.427192711031303
2.07114563425049,-2.617760127532682,-28.42719271110571
2.329489005180826,-2.11620285189639,-28.427192711183253
2.580804020891174,-1.6054757240820998,-28.427192711262208
2.8251100078805322,-1.0861059500059516,-28.427192711340876
3.062451798820264,-0.5586543922750237,-28.427192711417625
3.292899182060983,-0.02371444970654639,-28.427192711491
3.5165462133566012,0.518089229042494,-28.427192711559744
3.733510386327413,1.0661022016195298,-28.427192711622858
3.943931659878014,1.6196418599224223,-28.42719271167965
4.1479713427386535,2.1779992296748216,-28.427192711729692
4.345810837471996,2.7404409389555138,-28.4271927117729
4.537650248630019,3.3062113502604378,-28.42719271180945
4.723706862194795,3.874534847762512,-28.427192711839776
4.904213505919064,4.444618268442712,-28.42719271186451
5.079416802617168,5.015653462796322,-28.427192711884434
5.249575330759175,5.586819967977784,-28.427192711900382
5.414957708806155,6.157287773644467,-28.427192711913236
5.575840621511438,6.726220158498311,-28.42719271192381
5.732506807828891,7.29277657369946,-28.42719271193281
5.885243031054857,7.856115548017012,-28.427192711940823
6.034338052341187,8.415397588848919,-28.427192711948244
6.180080628727572,8.969788053122047,-28.427192711955293
6.322757556346874,9.518459962585315,-28.427192711962004
6.462651778472833,10.060596739117937,-28.427192711968257
6.600040576640465,10.595394837350605,-28.42719271197378
6.735193861228557,11.122066254075895,-28.427192711978236
6.868372575718135,11.639840896523115,-28.42719271198121
6.999827226408879,12.147968794495506,-28.427192711982286
7.129796546771769,12.645722144508833,-28.427192711981096
7.258506302927579,13.132397177322106,-28.42719271197735
7.386168244051841,13.607315843507529,-28.42719271197085
7.512979198896466,14.069827314869435,-28.427192711961546
7.639120317156249,14.519309302504066,-28.427192711949516
7.764756452153764,14.95516919502013,-28.42719271193499
7.890035679314748,15.376845022857914,-28.427192711918334
8.01508894319103,15.783806256711502,-28.42719271190003
8.140029824379205,16.175554449751008,-28.427192711880657
8.26495441658842,16.551623734651205,-28.42719271186087
8.389941303326856,16.91158118736448,-28.42719271184137
8.515051623191516,17.25502707014652,-28.42719271182286
8.640329212540273,17.58159496657799,-28.427192711806015
8.765800814373977,17.890951821256518,-28.42719271179149
8.891476342531371,18.18279789649766,-28.427192711779846
9.01734919076991,18.456866657818516,-28.427192711771553
9.143396576940766,18.71292459922331,-28.42719271176699
9.269579913235614,18.950771018403376,-28.427192711766384
9.395845194357593,19.170237750940334,-28.427192711769866
9.52212339642224,19.3711888714937,-28.427192711777412
9.648330880401975,19.553520368791585,-28.4271927117889
9.774369794968107,19.71715980005131,-28.42719271180406
9.90012847463834,19.862065929258325,-28.427192711822542
10.025481830188703,19.98822835254541,-28.42719271184387
10.150291729322303,20.095667112756548,-28.427192711867505
10.274407366590726,20.184432304164773,-28.427192711892843
10.397665622526278,20.254603667252752,-28.427192711919233
10.519891412854832,20.306290172469765,-28.427192711946024
10.640898029510616,20.33962959095828,-28.427192711972534
10.76048747595776,20.354788049407105,-28.427192711998114
10.878450800030567,20.3519595654441,-28.427192712022173
10.994568428127463,20.33136555933873,-28.42719271204416
11.10861050512492,20.293254337251714,-28.42719271206363
11.220337244809453,20.23790054085377,-28.427192712080192
11.329499295951136,20.16560455784651,-28.427192712093614
11.435838129353863,20.076691887763303,-28.427192712103754
11.53908645130975,19.97151245741335,-28.4271927121106
11.638968648852678,19.850439880463643,-28.42719271211428
11.73520127204529,19.713870655934702,-28.427192712115048
11.827493558243015,19.562223300818374,-28.427192712113264
11.915548002858749,19.39593741260741,-28.427192712109402
11.999060980605577,19.215472658252924,-28.42719271210404
12.077723420529072,19.021307686927013,-28.4271927120978
12.151221537364691,18.813938964951983,-28.42719271209138
12.219237620882877,18.593879532346318,-28.427192712085468
12.281450883930933,18.361657681609987,-28.427192712080764
12.337538368866676,18.117815560601787,-28.42719271207791
12.387175911026532,17.862907702620777,-28.427192712077495
12.430039156805169,17.597499488060432,-28.427192712080004
12.465804632871446,17.32216554322536,-28.427192712085798
12.494150862033225,17.037488083052295,-28.42719271209511
12.514759520318437,16.744055205527392,-28.427192712108024
12.5273166289869,16.442459146510014,-28.427192712124466
12.531513774449646,16.133294504432598,-28.42719271214421
12.52704934846944,15.817156444925294,-28.427192712166878
12.513629800562844,15.494638895796683,-28.42719271219199
12.490970894230772,15.166332742979394,-28.42719271221894
12.458798958515704,14.832824038019908,-28.42719271224705
12.4168521264186,14.494692227461066,-28.427192712275613
12.364881551900647,14.152508414046675,-28.427192712303892
12.302652597532436,13.806833659089625,-28.42719271233119
12.229945985319768,13.458217334613455,-28.427192712356863
12.146558903810659,13.107195533031902,-28.42719271238035
12.052306065249292,12.754289541204725,-28.427192712401208
11.947020707264581,12.400004384735709,-28.427192712419135
11.830555534338165,12.04482744739482,-28.42719271243395
11.702783595063346,11.68922716958494,-28.42719271244566
11.5635990919591,11.3336518288652,-28.4271927124544
11.412918121319471,10.978528404715199,-28.427192712460442
11.25067934123968,10.624261529000082,-28.427192712464212
11.076844566550454,10.271232522992932,-28.42719271246623
10.89139928989955,9.919798521340372,-28.427192712467097
10.694353128636388,9.570291683025385,-28.427192712467466
10.485740197478256,9.223018489188956,-28.427192712468038
10.265619407164625,8.878259127613674,-28.427192712469484
10.034074689443388,8.53626696373829,-28.42719271247246
9.791215148786192,8.197268098247406,-28.427192712477556
9.537175141209062,7.861461011547013,-28.427192712485294
9.272114280491712,7.529016295772707,-28.42719271249608
8.996217371958098,7.200076475359447,-28.4271927125102
8.70969427381756,6.874755917604192,-28.427192712527845
8.412779685886976,6.553140835049271,-28.42719271254906
8.10573286533624,6.235289381878698,-28.427192712573774
7.788837268939276,5.921231846825964,-28.427192712601805
7.462400121186756,5.610970945315861,-28.427192712632863
7.12675190753983,5.304482213682448,-28.427192712666574
6.7822457920903805,5.001714508300859,-28.4271927127025
6.429256958953908,4.702590612326477,-28.427192712740155
6.068181876865562,4.407007952439106,-28.427192712779025
5.699437486684339,4.114839427535117,-28.42719271281859
5.323460311838228,3.8259343506950074,-28.427192712858346
4.940705492163976,3.540119504980812,-28.427192712897813
4.5516457421051735,3.257200312696522,-28.427192712936552
4.156770234824167,2.9769621166898714,-28.42719271297419
3.7565834144456063,2.699171571105923,-28.42719271301038
3.351603739367903,2.4235781377473806,-28.42719271304486
2.9423623603358355,2.1499156828834898,-28.427192713077407
2.5294017377431115,1.8779041680125554,-28.427192713107846
2.113274203405983,1.6072514267587725,-28.42719271313606
1.6945404727951956,1.337655018810004,-28.427192713161936
1.273768114410647,1.0688041506169723,-28.427192713185413
0.851529983608866,0.8003816515122268,-28.42719271320643
0.42840262872747126,0.5320659930024445,-28.42719271322494
0.004964677775171496,0.26353333826890146,-28.427192713240906
-0.41820478574360737,-0.005540391598400369,-28.42719271325428
-0.840527849134046,-0.27547744839090926,-28.42719271326504
-1.2614293901842342,-0.546596198402262,-28.42719271327317
-1.6803386815584898,-0.8192090884976099,-28.427192713278657
-2.0966909715131647,-1.093620649831235,-28.427192713281546
-2.5099290329153945,-1.3701255517777675,-28.427192713281897
-2.91950467303768,-1.6490067178127934,-28.42719271327983
-3.324880197191206,-1.9305335140809394,-28.42719271327552
-3.725529819928727,-2.2149600202553614,-28.427192713269214
-4.120941018271873,-2.50252339105719,-28.42719271326121
-4.510615822175059,-2.7934423155040795,-28.427192713251902
-4.8940720382058,-3.0879155796313724,-28.42719271324172
-5.270844403176934,-3.386120737114326,-28.42719271323118
-5.640485665189424,-3.6882128909501497,-28.427192713220816
-6.002567590216701,-3.994323588165516,-28.42719271321121
-6.356681892967505,-4.3045598284259725,-28.427192713202942
-6.70244109129175,-4.61900318646036,-28.427192713196575
-7.039479283834427,-4.937709047392745,-28.427192713192646
-7.367452850991178,-5.260705953407525,-28.42719271319163
-7.686041079474574,-5.587995059665595,-28.427192713193918
-7.9949467109646895,-5.91954969704058,-28.427192713199794
-8.293896415396844,-6.2553150390485985,-28.42719271320944
-8.582641189441844,-6.595207870292498,-28.427192713222894
-8.860956680671007,-6.939116453817269,-28.427192713240068
-9.128643437782872,-7.286900494959051,-28.427192713260744
-9.385527087115811,-7.638391199544209,-28.42719271328457
-9.631458435497228,-7.993391424633576,-28.42719271331106
-9.866313499302352,-8.351675920384452,-28.42719271333965
-10.089993459431424,-8.712991661992925,-28.42719271336969
-10.302424541780043,-9.077058271054751,-28.42719271340046
-10.503557822689935,-9.443568526018321,-28.427192713431225
-10.693368958841305,-9.812188961673462,-28.427192713461263
-10.871857841096205,-10.182560557802375,-28.427192713489887
-11.039048171935734,-10.554299517194284,-28.427192713516458
-11.194986966360233,-10.926998133177449,-28.42719271354046
-11.339743976445483,-11.300225746639535,-28.42719271356149
-11.473411040170138,-11.67352979218343,-28.427192713579263
-11.596101355647226,-12.046436932599388,-28.427192713593676
-11.707948682498285,-12.418454280230694,-28.427192713604768
-11.809106472791242,-12.789070703079783,-28.427192713612737
-11.899746934707258,-13.157758212661372,-28.427192713617924
-11.980060032888149,-13.523973429681334,-28.42719271362081
-12.050252430222864,-13.887159122631598,-28.42719271362197
-12.11054637663365,-14.24674581337391,-28.42719271362208
-12.161178551194254,-14.602153442773048,-28.427192713621842
-12.202398864626346,-14.952793088468928,-28.42719271362198
-12.234469229850358,-15.298068725983141,-28.427192713623196
-12.257662308788163,-15.637379023573486,-28.427192713626148
-12.27226024400552,-15.970119160611738,-28.42719271363139
-12.278553384023885,-16.29568265879253,-28.427192713639368
-12.27683901121053,-16.613463215206345,-28.4271927136504
-12.267420081064836,-16.922856526242338,-28.42719271366467
-12.250603981454724,-17.22326209143403,-28.427192713682192
-12.226701319924219,-17.514084986723148,-28.42719271370284
-12.196024746600367,-17.79473759718542,-28.427192713726345
-12.158887819490005,-18.064641300022494,-28.42719271375231
-12.115603918093568,-18.323228089553808,-28.427192713780244
-12.06648521029758,-18.569942137015357,-28.42719271380956
-12.011841676465691,-18.80424127915657,-28.427192713839627
-11.95198019355774,-19.025598430889378,-28.427192713869786
-11.887203680995865,-19.23350291854916,-28.427192713899377
-11.817810308893614,-19.427461731641813,-28.42719271392778
-11.744092768194855,-19.607000692240643,-28.42719271395443
-11.666337601257926,-19.77166554243141,-28.427192713978837
-11.584824590488052,-19.92102295135588,-28.427192714000604
-11.499826201785247,-20.054661444451153,-28.42719271401945
-11.411607078849801,-20.17219225840496,-28.427192714035215
-11.320423583783635,-20.27325012613232,-28.427192714047838
-11.226523378949953,-20.35749399671666,-28.4271927140574
-11.130145044709591,-20.424607695743397,-28.4271927140641
-11.031517727440823,-20.47430053178475,-28.42719271406823
-10.930860812168278,-20.506307854971823,-28.427192714070184
-10.828383614172395,-20.52039157361908,-28.427192714070447
-10.724285084117717,-20.51634063475205,-28.42719271406955
-10.618753521520032,-20.49397147414027,-28.42719271406809
-10.511966291761306,-20.453128441061157,-28.427192714066685
-10.404089542349862,-20.393684202527247,-28.42719271406596
-10.295277914703268,-20.315540131106403,-28.42719271406653
-10.185674248394907,-20.2186266797631,-28.42719271406898
-10.075409275544208,-20.102903746356006,-28.427192714073847
-9.964601303837037,-19.968361029552963,-28.427192714081606
-9.853355887528576,-19.815018376977168,-28.427192714092644
-9.741765486698032,-19.642926125387273,-28.427192714107264
-9.629909115983505,-19.45216543162896,-28.427192714125656
-9.517851985016808,-19.242848591986714,-28.427192714147903
-9.40564513379116,-19.01511934642422,-28.427192714173984
-9.293325067216845,-18.76915316304383,-28.42719271420376
-9.180913394137331,-18.505157496935784,-28.427192714236956
-9.068416477074507,-18.22337201644573,-28.427192714273243
-8.95582509992816,-17.924068788785466,-28.427192714312167
-8.843114161750483,-17.6075524158729,-28.42719271435321
-8.730242405528093,-17.274160110340055,-28.42719271439581
-8.617152191605904,-16.924261700824722,-28.427192714439375
-8.503769325952033,-16.558259554994912,-28.427192714483304
-8.390002953862215,-16.176588408281876,-28.42719271452702
-8.275745529906931,-15.779715086052553,-28.42719271457002
-8.160872874907094,-15.368138106971328,-28.42719271461184
-8.045244330458512,-14.942387155616819,-28.427192714652154
-7.928703020990104,-14.503022413059906,-28.42719271469072
-7.811076232519247,-14.050633735095953,-28.427192714727443
-7.6921759161507675,-13.585839669169456,-28.427192714762352
-7.571799322953789,-13.109286302734512,-28.42719271479559
-7.4497297751531475,-12.621645937847555,-28.427192714827413
-7.325737576611074,-12.123615589163567,-28.42719271485816
-7.199581063384418,-11.615915305161495,-28.4271927148882
-7.071007792768749,-11.09928631530191,-28.427192714917943
-6.939755866740887,-10.574489008848284,-28.427192714947747
-6.80555538315321,-10.042300754178557,-28.427192714977885
-6.6681300054915935,-9.50351357048207,-28.427192715008534
-6.52719863956387,-8.958931666678982,-28.427192715039723
-6.3824772032181984,-8.409368865114255,-28.427192715071282
-6.233680473178771,-7.8556459299694525,-28.427192715102876
-6.080523991401096,-7.298587822315299,-28.42719271513398
-5.9227260120512115,-6.739020905222465,-28.4271927151639
-5.760009469349051,-6.177770123302289,-28.4271927151918
-5.592103946115269,-5.615656181429192,-28.427192715216776
-5.418747622934518,-5.053492747192814,-28.42719271523785
-5.239689188388317,-4.492083700854516,-28.42719271525411
-5.054689691790828,-3.9322204552780047,-28.42719271526471
-4.86352432123767,-3.3746793665264407,-28.427192715268966
-4.6659840914934,-2.8202192536453223,-28.4271927152664
-4.461877428228736,-2.2695790436717584,-28.4271927152568
-4.2510316372978245,-1.7234755552246723,-28.427192715240228
-4.033294250039484,-1.1826014312382234,-28.427192715217064
-3.808534237915718,-0.6476232286014456,-28.427192715187996
-3.576643092091332,-0.11917966975317393,-28.427192715153993
-3.3375357657429388,0.40211994126520895,-28.4271927151163
-3.0911514789062813,0.9156971381071838,-28.42719271507634
-2.837454387480985,1.4210055485976851,-28.427192715035737
-2.5764341195770424,1.91753199191205,-28.427192714996178
-2.3081061836849135,2.4047974213263545,-28.42719271495936
-2.0325122541703182,2.8823577183994673,-28.427192714926967
-1.7497203403352692,3.3498043450912123,-28.42719271490054
-1.4598248457579501,3.8067648606371116,-28.42719271488145
-1.1629465248426227,4.2529033100170155,-28.427192714870852
-0.8592323435002488,4.687920490608772,-28.427192714869616
-0.5488552506689577,5.11155410315052,-28.427192714878323
-0.2320138670021381,5.523578792490884,-28.427192714897238
0.09106790346601217,5.923806082831734,-28.42719271492629
0.4201413334882911,6.31208421130943,-28.427192714965113
0.75493340010608,6.688297862862653,-28.42719271501304
1.0951473757110206,7.052367808440898,-28.427192715069147
1.4404634796241396,7.404250447757029,-28.42719271513229
1.7905395878570387,7.743937257016287,-28.42719271520116
2.1450119993768,8.071454141394577,-28.42719271527431
2.5034962577794677,8.38686069151849,-28.42719271535025
2.8655880277659183,8.690249342840737,-28.427192715427477
3.2308640261916484,8.981744436625329,-28.427192715504525
3.5988830077150316,9.261501181268962,-28.42719271558003
3.969186805187636,9.529704512895217,-28.427192715652772
4.341301424909794,9.786567854567117,-28.4271927157217
4.714738196713949,10.03233177406581,-28.42719271578597
5.088994978540721,10.267262540967169,-28.427192715844956
5.4635574147462895,10.491650584696357,-28.427192715898276
5.837900246836891,10.705808856329233,-28.427192715945747
6.2114886746838085,10.910071098109773,-28.427192715987424
6.583779765550719,11.104790025930662,-28.427192716023523
6.95422390748863,11.290335431341484,-28.42719271605445
7.322266302848536,11.46709221096483,-28.427192716080715
7.6873484968566395,11.635458332472172,-28.427192716102926
8.048909935420788,11.7958427474561,-28.427192716121738
8.406389545618355,11.948663262591722,-28.427192716137824
8.759227331682434,12.094344381369996,-28.427192716151822
9.10686597877958,12.233315129375576,-28.427192716164335
9.448752456479214,12.366006876544823,-28.427192716175867
9.784339613568324,12.492851170055928,-28.427192716186852
10.113087755776103,12.614277591461603,-28.427192716197613
10.434466198046465,12.730711651373673,-28.427192716208374
10.747954783230476,12.84257273445499,-28.427192716219256
11.053045359458688,12.950272106683798,-28.42719271623031
11.349243208981774,13.054210995853197,-28.4271927162415
11.636068421919068,13.154778755085472,-28.427192716252755
11.913057209106327,13.252351117814987,-28.427192716263974
12.179763149061044,13.347288551265763,-28.427192716275048
12.435758364958854,13.439934713964764,-28.42719271628587
12.680634628410075,13.530615021333821,-28.427192716296364
12.914004387713499,13.61963532193573,-28.427192716306504
13.135501719119363,13.707280685553927,-28.427192716316277
13.344783200431245,13.793814302997236,-28.42719271632574
13.541528706996672,13.879476496372815,-28.427192716335
13.72544213076224,13.964483837587348,-28.427192716344187
13.896252023587806,14.04902837203737,-28.427192716353467
14.053712166417938,14.133276943846997,-28.427192716363017
14.197602066192818,14.217370618610211,-28.427192716373025
14.327727382545747,14.301424199394548,-28.427192716383654
14.443920286383877,14.385525831756105,-28.427192716395073
14.546039752390692,14.469736693689677,-28.42719271640736
14.63397178733355,14.554090766775,-28.427192716420596
14.707629595820697,14.638594685258775,-28.427192716434792
14.766953684845125,14.723227660407456,-28.427192716449895
14.811911908094451,14.8079414781497,-28.427192716465797
14.842499450615293,14.892660568770632,-28.427192716482356
14.858738754016304,14.977282148191552,-28.427192716499366
14.860679381995512,15.061676431137336,-28.427192716516604
14.84839782560395,15.14568691722823,-28.42719271653384
14.821997247327355,15.229130751703382,-28.427192716550817
14.781607162797943,15.311799163061183,-28.42719271656734
14.72738305875485,15.39345798036087,-28.427192716583225
14.659505945768032,15.473848233247308,-28.427192716598345
14.578181844237543,15.552686837917621,-28.427192716612655
14.483641202285607,15.629667372229342,-28.42719271662619
14.376138244377717,15.704460942945776,-28.427192716639063
14.255950249841638,15.77671714772105,-28.42719271665148
14.123376760896175,15.84606513384762,-28.42719271666374
13.97873872034775,15.912114755031023,-28.427192716676196
13.822377539749883,15.974457826536167,-28.42719271668928
13.654654099533472,16.03266947798762,-28.427192716703455
13.4759476833841,16.086309601930868,-28.427192716719176
13.286654849944417,16.134924395005083,-28.4271927167369
13.087188245729408,16.17804798727748,-28.42719271675701
12.877975363933558,16.21520415398463,-28.427192716779818
12.65945725455444,16.245908102658706,-28.427192716805536
12.432087191930234,16.269668327427876,-28.42719271683421
12.196329306364511,16.285988521209042,-28.427192716865754
11.952657186968098,16.29436953559463,-28.427192716899917
11.701552463166951,16.29431137750343,-28.42719271693625
11.443503372493288,16.28531523114391,-28.42719271697416
11.179003322286933,16.266885493543622,-28.42719271701291
10.908549452782758,16.238531811839948,-28.427192717051607
10.632641208752133,16.199771110705544,-28.427192717089294
10.351778926411368,16.15012959868882,-28.427192717124935
10.066462441722939,16.089144742869866,-28.427192717157492
9.777189725516134,16.016367202042087,-28.427192717185964
9.484455550065997,15.931362709600835,-28.427192717209433
9.188750190919725,15.833713898418225,-28.427192717227083
8.890558166876376,15.723022061171642,-28.427192717238302
8.590357020137706,15.598908840832832,-28.427192717242658
8.288616137783817,15.461017847276313,-28.427192717239965
7.985795614914447,15.309016197191681,-28.42719271723029
7.682345159060012,15.142595975648659,-28.427192717213952
7.378703034828614,14.96147561873353,-28.427192717191556
7.07529504723476,14.765401217622102,-28.427192717163944
6.772533561768455,14.55414774525314,-28.427192717132183
6.470816559020903,14.327520207397367,-28.427192717097558
6.170526721593611,14.0853547203654,-28.427192717061512
5.872030551085356,13.827519517853073,-28.427192717025605
5.575677513177095,13.553915889478315,-28.427192716991467
5.281799209215921,13.264479053418528,-28.427192716960736
4.990708573229811,12.959178965213656,-28.427192716935004
4.702699093976465,12.638021064264262,-28.427192716915762
4.4180440624302575,12.30104695883613,-28.427192716904344
4.136995846026555,11.948335049497482,-28.42719271690188
3.8597851919950013,11.580001089879662,-28.427192716909257
3.586620563201985,11.196198682489618,-28.427192716927042
3.3176875110638893,10.79711970603898,-28.42719271695552
3.0531480912595703,10.382994669421478,-28.427192716994636
2.793140329132516,9.954092986103692,-28.427192717043987
2.537777742796224,9.510723161334997,-28.427192717102866
2.2871489330033814,9.053232883276731,-28.427192717170257
2.041317249770108,8.582009007948932,-28.427192717244882
1.8003205465182548,8.097477426849968,-28.427192717325244
1.5641710330673497,7.600102805277336,-28.427192717409703
1.3328552391288992,7.090388178825741,-28.42719271749654
1.1063340999864093,6.568874395319224,-28.427192717583985
0.8845431757451383,6.036139389602093,-28.427192717670376
0.6673930148724605,5.492797279217028,-28.42719271775415
0.45476967169735555,4.939497270076224,-28.427192717833957
0.24653538608149222,4.376922362807774,-28.427192717908703
0.04252943161379389,3.8057878525426228,-28.42719271797756
-0.15743086356975092,3.226839617485402,-28.42719271804004
-0.3535489218463251,2.640852194650515,-28.427192718095938
-0.5460475484647151,2.04862664458456,-28.42719271814537
-0.7351673957691356,1.4509882106545924,-28.427192718188678
-0.9211652671540851,0.8487837824535149,-28.427192718226433
-1.1043122719622713,0.24287917693370217,-28.427192718259317
-1.2848918458197247,-0.36584374511206713,-28.427192718288076
-1.463197654001876,-0.9764901057958542,-28.427192718313457
-1.63953139822348,-1.588155155222089,-28.4271927183361
-1.814200549632021,-2.1999275070686233,-28.427192718356523
-1.9875160326596641,-2.8108924344670405,-28.427192718375036
-2.1597898856725575,-3.4201351943653675,-28.42719271839176
-2.3313329249917967,-4.026744347730325,-28.427192718406573
-2.5024524388183935,-4.629815042955755,-28.42719271841919
-2.6734499368751052,-5.228452230690601,-28.42719271842915
-2.844618980210369,-5.82177377994812,-28.427192718435887
-3.016243113650406,-6.408913467737201,-28.427192718438796
-3.188593920915456,-6.9890238174657116,-28.427192718437293
-3.3619292195343564,-7.561278764879697,-28.427192718430877
-3.536491409510488,-8.12487613417983,-28.42719271841921
-3.712505986330202,-8.679039911048518,-28.427192718402136
-3.8901802254808615,-9.223022303478764,-28.42719271837974
-4.069702042272502,-9.756105585378318,-28.427192718352348
-4.251239027536845,-10.277603721803176,-28.42719271832054
-4.434937656797301,-10.786863778245653,-28.427192718285124
-4.620922667833737,-11.283267119579316,-28.42719271824711
-4.809296599257517,-11.766230406984562,-28.427192718207664
-5.000139480798557,-12.235206403407954,-28.42719271816808
-5.193508664501892,-12.689684599830404,-28.42719271812967
-5.389438784935747,-13.129191675839726,-28.42719271809377
-5.587941835812031,-13.553291808744063,-28.427192718061647
-5.789007350088104,-13.961586845759903,-28.427192718034448
-5.992602670622251,-14.353716353707501,-28.427192718013167
-6.198673298755461,-14.729357560199043,-28.427192717998597
-6.4071433087467105,-15.088225199566105,-28.42719271799132
-6.617915816754754,-15.43007127579836,-28.427192717991684
-6.830873493993945,-15.75468475360906,-28.427192717999763
-7.045879114754033,-16.061891187455828,-28.427192718015405
-7.262776131126399,-16.351552296974024,-28.427192718038228
-7.481389267487295,-16.623565495867002,-28.427192718067616
-7.701525129021258,-16.877863379879216,-28.42719271810278
-7.922972819797852,-17.114413178087034,-28.427192718142766
-8.145504567118156,-17.333216170405247,-28.42719271818649
-8.368876350003417,-17.534307072947872,-28.427192718232785
-8.592828530789069,-17.71775339171967,-28.427192718280438
-8.817086489797449,-17.88365474406576,-28.427192718328232
-9.041361263978832,-18.032142146384892,-28.42719271837498
-9.265350191221337,-18.163377265828316,-28.427192718419573
-9.488737562726064,-18.277551633070434,-28.427192718460997
-9.711195286416249,-18.374885812756936,-28.427192718498393
-9.93238356479135,-18.455628527916794,-28.427192718531057
-10.151951590943586,-18.520055734470283,-28.427192718558462
-10.369538266621872,-18.56846964197816,-28.427192718580294
-10.584772946254462,-18.601197676956765,-28.427192718596434
-10.797276210727423,-18.618591385427557,-28.427192718606968
-11.006660674463788,-18.62102527187118,-28.42719271861219
-11.21253182896349,-18.608895572406713,-28.427192718612577
-11.414488925454929,-18.582618960803437,-28.427192718608744
-11.612125898686747,-18.54263118683881,-28.42719271860147
-11.805032333167143,-18.48938564752223,-28.42719271859162
-11.99279447235536,-18.42335189278554,-28.427192718580134
-12.174996270445764,-18.34501406837137,-28.427192718567966
-12.351220485481495,-18.254869299799058,-28.427192718556075
-12.521049811616574,-18.15342602242385,-28.427192718545353
-12.684068047437531,-18.041202263695343,-28.427192718536627
-12.839861296383955,-17.91872388473344,-28.42719271853058
-12.988019194496957,-17.786522789243275,-28.427192718527785
-13.128136159998464,-17.645135108556573,-28.427192718528623
-13.259812658583936,-17.495099372190925,-28.42719271853334
-13.382656477813667,-17.3369546737415,-28.427192718541974
-13.49628400362688,-17.17123884214824,-28.427192718554423
-13.600321491786971,-16.99848662840919,-28.427192718570414
-13.69440632699898,-16.81922791763734,-28.427192718589566
-13.77818826251994,-16.633985975992697,-28.427192718611355
-13.851330633302418,-16.4432757414767,-28.42719271863521
-13.913511536059369,-16.24760216687457,-28.427192718660507
-13.964424970098829,-16.04745862229798,-28.427192718686605
-14.003781933330202,-15.843325363846734,-28.4271927187129
-14.031311468468376,-15.635668073906917,-28.427192718738798
-14.046761655133743,-15.42493647756919,-28.42719271876383
-14.049900544241511,-15.211563038619719,-28.42719271878758
-14.040517031768584,-14.995961737560915,-28.427192718809767
-14.01842166965842,-14.77852693319109,-28.427192718830216
-13.983447412253254,-14.559632308438479,-28.427192718848858
-13.935450297211307,-14.339629900428896,-28.427192718865765
-13.874310060359905,-14.118849214185191,-28.427192718881088
-13.799930684342879,-13.897596418922937,-28.42719271889508
-13.712240881235365,-13.676153625626823,-28.42719271890805
-13.611194509517857,-13.454778244467061,-28.427192718920377
-13.496770925924668,-13.23370242063996,-28.42719271893246
-13.368975272713508,-13.01313254738222,-28.427192718944696
-13.227838700849961,-12.79324885520034,-28.42719271895748
-13.073418529472853,-12.574205076756401,-28.427192718971163
-12.905798341816276,-12.356128187338415,-28.427192718986056
-12.725088017525234,-12.139118221392636,-28.427192719002402
-12.531423701030475,-11.923248166181265,-28.42719271902037
-12.324967705360498,-11.70856393422378,-28.427192719040054
-12.105908350482395,-11.49508441675611,-28.42719271906148
-11.87445973499558,-11.282801620970838,-28.42719271908459
-11.630861439770419,-11.071680894256547,-28.42719271910926
-11.375378161943848,-10.861661239009605,-28.427192719135327
-11.108299277571078,-10.652655721823768,-28.42719271916256
-10.829938331199665,-10.444551980951479,-28.427192719190714
-10.540632450690783,-10.237212835858795,-28.427192719219523
-10.240741685770645,-10.030477002451038,-28.427192719248723
-9.930648269058194,-9.824159917120829,-28.42719271927805
-9.610755798685137,-9.61805467216218,-28.42719271930727
-9.281488342099603,-9.411933064307272,-28.427192719336162
-8.94328946121925,-9.205546757186694,-28.427192719364534
-8.596621159764126,-8.998628557404833,-28.427192719392234
-8.241962754340713,-8.790893802682545,-28.427192719419118
-7.879809671649054,-8.582041859176337,-28.427192719445074
-7.510672175025207,-8.371757723670221,-28.427192719469975
-7.135074024388405,-8.159713724889697,-28.427192719493714
-6.753551074512255,-7.945571316746611,-28.427192719516164
-6.366649817356866,-7.7289829549300215,-28.42719271953717
-5.9749258749589975,-7.509594046952582,-28.42719271955655
-5.578942450056263,-7.287044964583771,-28.427192719574084
-5.17926874219776,-7.060973106586414,-28.427192719589527
-4.776478337548684,-6.831014998852707,-28.42719271960259
-4.371147580916302,-6.596808418435236,-28.427192719612968
-3.963853938699542,-6.357994527605191,-28.427192719620344
-3.555174361490047,-6.114220003953689,-28.42719271962441
-3.14568365492982,-5.865139152684153,-28.427192719624905
-2.7359528671660387,-5.610415987616836,-28.42719271962159
-2.3265477008486783,-5.349726268025427,-28.427192719614325
-1.9180269571072894,-5.082759479227594,-28.42719271960306
-1.51094101833935,-4.809220745827251,-28.42719271958786
-1.1058303759668546,-4.528832667622215,-28.427192719568943
-0.7032242085946133,-4.241337069409135,-28.42719271954664
-0.3036390152586456,-3.9464966571986273,-28.427192719521447
0.09242269228885643,-3.644096574657237,-28.427192719494006
0.4844736350262043,-3.3339458548804415,-28.42719271946508
0.8720429472742938,-3.015878763835727,-28.42719271943555
1.254677290505149,-2.6897560329640067,-28.427192719406378
1.631941898891299,-2.355465979462929,-28.427192719378592
2.0034215555577592,-2.0129255136739217,-28.427192719353243
2.3687214988120577,-1.6620810337388945,-28.427192719331348
2.727468257833999,-1.3029092082711213,-28.427192719313886
3.0793104174062322,-0.9354176481929606,-28.427192719301726
3.4239193112636666,-0.5596454691316033,-28.4271927192956
3.760989643542682,-0.17566374583977507,-28.427192719296098
4.090240037631709,0.2164241399666514,-28.42719271930359
4.411413511477902,0.6164822571706959,-28.42719271931825
4.724277878108052,1.0243419873530544,-28.427192719340017
5.028626069795155,1.4398019909718223,-28.42719271936861
5.324276383967045,1.862628277632414,-28.42719271940352
5.611072648632745,2.2925543809488023,-28.427192719444047
5.888884304819355,2.72928163898302,-28.4271927194893
6.157606403290747,3.1724795816958755,-28.427192719538237
6.4171595126820025,3.6217864272143783,-28.427192719589733
6.667489536151747,4.076809688987834,-28.42719271964257
6.908567433747753,4.537126896034547,-28.427192719695537
7.14038884791549,5.002286428447595,-28.427192719747442
7.362973629967235,5.47180847010868,-28.427192719797194
7.576365265878641,5.945186080137128,-28.427192719843816
7.780630200492531,6.421886383966893,-28.427192719886484
7.97585706008244,6.9013518840963055,-28.427192719924584
8.162155774250557,7.383001889500279,-28.42719271995772
8.339656599289109,7.866234061449144,-28.427192719985698
8.508509046396735,8.350426072067835,-28.42719272000856
8.668880719481692,8.834937370428714,-28.42719272002656
8.820956068665442,9.319111049343785,-28.42719272004014
8.964935066982708,9.802275804357622,-28.427192720049877
9.10103181911326,10.283747974795974,-28.427192720056492
9.229473112231211,10.762833655155069,-28.42719272006076
9.35049692017456,11.238830863681368,-28.427192720063488
9.464350873078581,11.711031753747397,-28.427192720065463
9.571290705344046,12.178724852627116,-28.427192720067417
9.671578695293642,12.64119731155781,-28.427192720069982
9.765482110084724,13.097737150577773,-28.42719272007367
9.853271669379817,13.547635481572266,-28.42719272007884
9.935220040925064,13.990188693252724,-28.427192720085703
10.011600380558008,14.42470058243171,-28.42719272009432
10.082684928276892,14.850484416920871,-28.42719272010461
10.148743670880632,15.266864916641497,-28.427192720116356
10.210043080365912,15.673180141056807,-28.42719272012923
10.266844935785954,16.068783272763575,-28.427192720142852
10.319405234679186,16.45304428896348,-28.427192720156764
10.367973198511821,16.82535151451419,-28.427192720170513
10.412790374893309,17.185113052278783,-28.42719272018364
10.454089837662423,17.531758088493255,-28.427192720195748
10.492095484345892,17.864738072803988,-28.427192720206477
10.527021428997354,18.183527774444215,-28.427192720215555
10.55907148706258,18.48762621768195,-28.4271927202228
10.588438747711441,18.776557501150823,-28.427192720228117
10.615305228045498,19.049871506948193,-28.427192720231528
10.639841602742898,19.307144506436785,-28.42719272023313
10.662207002044733,19.54797967051169,-28.427192720233116
10.682548870517723,19.772007492693696,-28.42719272023175
10.701002878742148,19.97888613378971,-28.427192720229367
10.71769287996172,20.168301697032327,-28.427192720226337
10.732730903781542,20.339968442588823,-28.427192720223072
10.746217179197323,20.493628950131985,-28.427192720219995
10.758240179568062,20.62905423781045,-28.427192720217523
10.76887668258989,20.746043845463877,-28.427192720216066
10.778191838874568,20.844425889317606,-28.427192720215988
10.78623924336746,20.924057094680983,-28.427192720217636
10.793061004541991,20.98482281238042,-28.42719272022128
10.798687807067646,21.02663702379843,-28.427192720227143
10.803138964454254,21.049442338477657,-28.427192720235368
10.806422459015739,21.053209987297137,-28.427192720246044
10.808534967361735,21.037939813248265,-28.427192720259164
10.809461870506315,21.003660260840434,-28.427192720274657
10.809177248571103,20.950428364161187,-28.42719272029239
10.807643860946962,20.878329732611732,-28.427192720312153
10.804813113656103,20.78747853234537,-28.427192720333675
10.800625016516378,20.67801746046337,-28.42719272035664
10.795008133542815,20.550117708080197,-28.42719272038068
10.787879530818202,20.40397890746922,-28.427192720405426
10.779144726814222,20.239829057653466,-28.427192720430458
10.768697650835442,20.057924422027853,-28.427192720455388
10.756420615877415,19.858549390904617,-28.427192720479827
10.742184312723708,19.642016301279337,-28.427192720503434
10.725847832539774,19.408665205638865,-28.427192720525902
10.707258725539466,19.15886358129276,-28.427192720546987
10.686253103487093,18.89300597152561,-28.42719272056654
10.662655793839832,18.611513549856465,-28.427192720584486
10.636280553218379,18.31483359887044,-28.427192720600836
10.606930347606514,18.00343889547009,-28.427192720615714
10.574397706214217,17.677826994991236,-28.427192720629332
10.53846515528904,17.33851940744496,-28.42719272064198
10.498905737326451,16.986060660185032,-28.42719272065403
10.455483620116619,16.621017242550895,-28.427192720665925
10.407954798883702,16.243976429486747,-28.427192720678125
10.356067893441264,15.855544982765206,-28.42719272069111
10.299565040827586,15.456347730218926,-28.427192720705328
10.238182882327509,15.04702602526824,-28.427192720721187
10.171653642168126,14.628236090982044,-28.427192720739015
10.0997062935347,14.200647254872756,-28.427192720759024
10.022067805933915,13.764940082549632,-28.427192720781306
9.938464466379312,13.321804420182188,-28.4271927208058
9.848623265433611,12.871937357401121,-28.427192720832288
9.752273337857819,12.416041123735878,-28.427192720860386
9.649147446526145,11.954820932909023,-28.427192720889586
9.538983497402272,11.488982790239438,-28.42719272091923
9.421526072761212,11.019231279020744,-28.427192720948558
9.296527969498824,10.546267342021313,-28.42719272097676
9.16375172930429,10.070786074194059,-28.427192721002985
9.022971147676484,9.593474542296404,-28.42719272102641
8.873972749229786,9.115009646424753,-28.42719272104629
8.71655721743643,8.63605603749604,-28.427192721061957
8.550540767860745,8.157264103503442,-28.427192721072924
8.375756455019191,7.679268035983715,-28.427192721078875
8.19205540420813,7.202683986614149,-28.427192721079706
7.999307960935388,6.7281083222644416,-28.427192721075528
7.79740475192794,6.25611598521909,-28.427192721066668
7.5862576530241155,5.787258963712367,-28.4271927210537
7.3658006605550606,5.322064876429272,-28.427192721037372
7.135990664041813,4.8610356732632285,-28.427192721018603
6.896808119151779,4.404646453418871,-28.427192720998466
6.648257620848351,3.953344400930475,-28.427192720978105
6.390368377513077,3.507547836849537,-28.42719272095872
6.123194587511201,3.0676453867453684,-28.427192720941505
5.846815720204621,2.6339952617586437,-28.427192720927614
5.5613367037937245,2.2069246512401883,-28.4271927209181
5.266888022598472,1.786729224979705,-28.427192720913876
4.96362572648165,1.3736727431596338,-28.427192720915702
4.651731355089217,0.9679867724315561,-28.427192720924126
4.331411779452778,0.5698705068766959,-28.427192720939495
4.00289896328854,0.17949069304621254,-28.427192720961937
3.6664496460577225,-0.2030183412519255,-28.427192720991357
3.322344949548432,-0.577554554277777,-28.427192721027442
2.970889909421328,-0.9440479532078251,-28.427192721069705
2.612412932853348,-1.302460251531425,-28.42719272111747
2.2472651831364465,-1.6527844197196662,-28.42719272116994
1.8758198918611415,-1.9950441277030933,-28.4271927212262
1.498471599154792,-2.3292930776401732,-28.42719272128528
1.1156353223665227,-2.6556142255539372,-28.427192721346184
0.7277456536059435,-2.974118890671661,-28.427192721407906
0.33525578665926925,-3.2849457517281584,-28.427192721469513
-0.06136352597164067,-3.5882597300879118,-28.42719272153013
-0.4616250848342281,-3.884250760299432,-28.427192721588984
-0.8650264225917182,-4.173132449605542,-28.427192721645422
-1.2710510483656217,-4.455140628978134,-28.427192721698923
-1.6791697547240145,-4.730531799402223,-28.427192721749105
-2.088841984014829,-4.9995814783733,-28.427192721795713
-2.499517250026202,-5.26258245286112,-28.42719272183862
-2.9106366102140036,-5.519842946295702,-28.42719272187781
-3.3216341829939005,-5.7716847084085625,-28.427192721913368
-3.7319387038766543,-6.018441037974344,-28.427192721945445
-4.140975113556042,-6.260454749605579,-28.42719272197425
-4.548166170462946,-6.498076096719338,-28.427192722000022
-4.9529340797991726,-6.7316606635851155,-28.42719272202301
-5.354702130679787,-6.961567239950149,-28.427192722043458
-5.75289633275866,-7.188155692099211,-28.427192722061598
-6.146947043599719,-7.411784844325985,-28.427192722077642
-6.536290578091806,-7.632810384665703,-28.42719272209176
-6.920370791388958,-7.851582808365599,-28.427192722104103
-7.298640627185427,-8.068445411960933,-28.427192722114803
-7.670563623596021,-8.28373234999805,-28.427192722123973
-8.03561536949302,-8.497766765427341,-28.427192722131725
-8.393284904832274,-8.710859003509345,-28.427192722138166
-8.743076059261783,-8.92330491777274,-28.427192722143428
-9.084508724122136,-9.135384275172532,-28.427192722147655
-9.41712005379503,-9.347359266161465,-28.427192722151034
-9.740465593208587,-9.559473123948028,-28.427192722153766
-10.054120329142421,-9.771948855809757,-28.427192722156104
-10.357679663769131,-9.984988087997273,-28.427192722158303
-10.650760309602385,-10.19877002453454,-28.427192722160658
-10.933001105678466,-10.413450519122053,-28.427192722163472
-11.204063755365041,-10.629161258403201,-28.427192722167035
-11.463633486658688,-10.84600905407594,-28.427192722171615
-11.71141963619621,-11.064075240731512,-28.427192722177477
-11.947156158462292,-11.283415175882704,-28.427192722184813
-12.17060206182981,-11.504057838403682,-28.42719272219376
-12.381541773124711,-11.726005521533924,-28.427192722204396
-12.579785432373253,-11.949233616687586,-28.427192722216724
-12.765169119276672,-12.173690484539785,-28.427192722230657
-12.937555012780502,-12.39929741021235,-28.427192722246033
-13.096831484877617,-12.62594863983006,-28.427192722262618
-13.242913129521963,-12.853511496238854,-28.427192722280108
-13.375740727250898,-13.08182657224275,-28.42719272229815
-13.495281145835405,-13.310708000298714,-28.427192722316352
-13.601527177016152,-13.53994379818031,-28.42719272233431
-13.694497309156247,-13.769296290654928,-28.42719272235162
-13.774235435463753,-13.99850260768939,-28.42719272236789
-13.840810497322522,-14.227275260081557,-28.427192722382806
-13.894316062230711,-14.455302793689542,-28.4271927223961
-13.934869835891725,-14.682250523578317,-28.427192722407604
-13.962613108139161,-14.90776134941147,-28.427192722417253
-13.977710132608854,-15.131456653275226,-28.427192722425087
-13.980347440397738,-15.352937280828147,-28.42719272243128
-13.970733088366881,-15.57178460622462,-28.42719272243611
-13.94909584324769,-15.787561680670679,-28.427192722439973
-13.915684303284653,-15.99981446374901,-28.427192722443355
-13.870765959780421,-16.2080731358148,-28.42719272244683
-13.814626201581802,-16.411853488838453,-28.427192722451018
-13.747567266237752,-16.610658392082446,-28.427192722456564
-13.669907142250258,-16.803979327979455,-28.427192722464103
-13.581978427502369,-16.991297992560078,-28.427192722474228
-13.48412714956052,-17.17208795379665,-28.427192722487465
-13.37671155408752,-17.345816360318352,-28.42719272250423
-13.2601008680464,-17.511945692145574,-28.427192722524808
-13.134674044704983,-17.669935544417818,-28.427192722549346
-13.000818497650972,-17.819244434574713,-28.42719272257781
-12.858928831086674,-17.959331623114043,-28.42719272260999
-12.70940557358478,-18.089658937907803,-28.427192722645536
-12.55265392225075,-18.20969259211382,-28.427192722683895
-12.389082503857592,-18.31890498597604,-28.427192722724406
-12.219102159004137,-18.4167764832541,-28.427192722766268
-12.043124754712206,-18.502797153647943,-28.42719272280859
-11.86156203013923,-18.5764684733663,-28.42719272285044
-11.674824479262055,-18.637304976904364,-28.427192722890855
-11.483320273508294,-18.68483585411698,-28.427192722928897
-11.287454226398896,-18.718606487768437,-28.427192722963696
-11.087626801344786,-18.738179927876395,-28.427192722994473
-10.88423316283692,-18.743138300312644,-28.42719272302056
-10.677662270406541,-18.73308414824701,-28.42719272304148
-10.468296013932989,-18.70764170609248,-28.42719272305689
-10.256508388159705,-18.666458106604136,-28.427192723066682
-10.042664703661885,-18.60920452267752,-28.427192723070927
-9.82712083100541,-18.535577246165207,-28.4271927230699
-9.610222474457228,-18.44529870666661,-28.427192723064085
-9.392304471359694,-18.338118433734344,-28.427192723054134
-9.17369011317103,-18.213813966271733,-28.427192723040875
-8.954690484202906,-18.072191713064647,-28.42719272302527
-8.735603814254768,-17.913087768395105,-28.427192723008407
-8.516714841650645,-17.736368686523026,-28.427192722991435
-8.29829418362415,-17.54193221849924,-28.427192722975544
-8.080597711566124,-17.32970801429075,-28.42719272296195
-7.863865929339727,-17.099658292564655,-28.427192722951805
-7.648323353672083,-16.851778479697295,-28.427192722946206
-7.434177896539898,-16.58609781865907,-28.42719272294613
-7.2216202504680185,-16.30267994738469,-28.427192722952412
-7.010823278741662,-16.00162344508536,-28.427192722965707
-6.8019414136802,-15.683062343710814,-28.42719272298646
-6.595110067315688,-15.347166600442293,-28.42719272301492
-6.390445060042797,-14.99414252571645,-28.427192723051068
-6.188042074035214,-14.624233159869787,-28.427192723094677
-5.987976139430675,-14.237718590085489,-28.427192723145275
-5.790301162442229,-13.834916197954694,-28.427192723202182
-5.595049505623732,-13.416180826673271,-28.42719272326451
-5.402231631465718,-12.981904855728688,-28.42719272333124
-5.211835821283915,-12.532518169939182,-28.42719272340121
-5.023827981944732,-12.068488008942538,-28.427192723473194
-4.838151553307382,-11.590318682748874,-28.42719272354597
-4.654727529308861,-11.098551138825922,-28.42719272361834
-4.4734546053365385,-10.593762366427661,-28.427192723689185
-4.294209463889772,-10.07656462455444,-28.427192723757546
-4.116847209500082,-9.547604481080976,-28.42719272382263
-3.941201962443284,-9.007561652232615,-28.427192723883866
-3.767087618933697,-8.457147633737176,-28.427192723940916
-3.594298783252579,-7.897104117618341,-28.427192723993656
-3.422611874660357,-7.328201191693105,-28.427192724042193
-3.2517864090230844,-6.751235322333202,-28.427192724086805
-3.0815664519147687,-6.167027124867866,-28.427192724127902
-2.9116822366227626,-5.57641893003928,-28.427192724166
-2.7418519370824757,-4.980272159049873,-28.427192724201607
-2.57178358241077,-4.379464523824185,-28.427192724235194
-2.4011770965115784,-3.774887073000753,-28.42719272426712
-2.229726443310541,-3.1674411077232563,-28.427192724297576
-2.057121855650299,-2.5580349943733767,-28.427192724326577
-1.8830521238452604,-1.9475809038539451,-28.427192724353905
-1.707206918437191,-1.3369915087858448,-28.427192724379125
-1.5292791208708927,-0.727176670951073,-28.427192724401625
-1.3489671356560013,-0.1190401514565039,-28.42719272442063
-1.1659771581011238,0.48652362459566184,-28.42719272443529
-0.9800253728757308,1.0886327186310458,-28.42719272444472
-0.7908400604214839,1.6864207162361584,-28.42719272444811
-0.5981635905219552,2.2790396266651656,-28.427192724444772
-0.40175428505256794,2.865662622340486,-28.42719272443423
-0.20138813496198932,3.4454866001934383,-28.427192724416273
0.0031396402342037527,4.017734550639379,-28.42719272439098
0.21201319885436123,4.581657724004349,-28.427192724358783
0.42539485447009995,5.136537588176628,-28.427192724320417
0.6434240263175193,5.6816875750202165,-28.42719272427696
0.8662163617437317,6.2164546165500845,-28.427192724229744
1.0938630270948042,6.740220474945486,-28.427192724180323
1.3264301611601907,7.252402873105566,-28.42719272413043
1.56395848337942,7.75245643459302,-28.427192724081863
1.806463047506873,8.239873443451122,-28.427192724036438
2.053933130321656,8.714184435522013,-28.427192723995912
2.3063322442496412,9.174958633561904,-28.427192723961895
2.5635982624101983,9.621804238678031,-28.42719272393579
2.8256436445786974,10.054368590449048,-28.427192723918754
3.09235575282916,10.472338207588818,-28.427192723911645
3.3635972461472154,10.875438720230193,-28.427192723915002
3.6392065440378856,11.263434703899112,-28.427192723929
3.918998350051569,11.636129424077605,-28.427192723953514
4.202764227172276,11.993364498972175,-28.427192723988053
4.490273218114022,12.335019486762492,-28.427192724031848
4.781272504716698,12.661011402251487,-28.42719272408386
5.075488101787209,12.971294166513388,-28.427192724142813
5.37262558186413,13.265857991878072,-28.427192724207252
5.67237082846691,13.544728703430385,-28.42719272427563
5.974390816399296,13.807966997169245,-28.42719272434631
6.278334418590226,14.055667634086216,-28.42719272441765
6.583833239755553,14.287958568705767,-28.42719272448808
6.890502477835868,14.505000010094122,-28.427192724556107
7.197941814697097,14.706983413001106,-28.42719272462041
7.505736337962467,14.894130396656685,-28.427192724679855
7.813457496070897,15.06669158880317,-28.427192724733512
8.120664088725166,15.224945392804164,-28.42719272478073
8.426903294804012,15.369196676125815,-28.4271927248211
8.731711739570018,15.4997753791245,-28.42719272485448
9.034616602617662,15.617035043881975,-28.427192724880967
9.335136767485281,15.721351263784449,-28.42719272490094
9.632784013216272,15.81312005562069,-28.42719272491493
9.92706424741829,15.89275615714722,-28.427192724923692
10.217478779556524,15.960691254302517,-28.427192724928098
10.503525632354144,16.01737214351067,-28.4271927249291
10.784700888286975,16.06325883575957,-28.42719272492771
11.060500067279074,16.09882261033012,-28.42719272492494
11.330419530860508,16.124544027151817,-28.427192724921735
11.593957907266564,16.14091090772909,-28.427192724918974
11.850617531265312,16.14841629538856,-28.427192724917408
12.099905891921884,16.14755640620982,-28.427192724917656
12.341337081062429,16.138828582399718,-28.427192724920157
12.574433234903722,16.12272926003577,-28.427192724925206
12.798725961175068,16.099751963031213,-28.42719272493292
13.01375774408141,16.07038533486312,-28.427192724943268
13.219083319637745,16.035111219065353,-28.427192724956075
13.414271014237052,15.994402798737859,-28.42719272497106
13.598904039783172,15.948722804387781,-28.427192724987872
13.772581739308059,15.898521798328053,-28.42719272500608
13.934920777677151,15.844236542651668,-28.427192725025243
14.085556272742298,15.786288456514983,-28.427192725044925
14.224142863101779,15.725082167142657,-28.42719272506473
14.350355709444116,15.661004157652052,-28.427192725084307
14.463891427259922,15.594421513526104,-28.427192725103378
14.564468949478705,15.525680768378,-28.427192725121742
14.651830318302652,15.455106848581167,-28.427192725139292
14.725741406147765,15.38300211541164,-28.427192725156008
14.785992566148174,15.309645502588415,-28.427192725171935
14.832399213120924,15.2352917465157,-28.42719272518721
14.864802336218172,15.160170706138198,-28.427192725202005
14.883068944708723,15.084486769118085,-28.42719272521655
14.887092448431861,15.008418341026667,-28.42719272523107
14.876792974458347,14.932117414404681,-28.42719272524581
14.85211762138426,14.855709214868067,-28.42719272526101
14.813040652484265,14.779291921901184,-28.42719272527685
14.7595636286756,14.702936462563837,-28.4271927252935
14.691715481908307,14.626686377015684,-28.427192725311077
14.60955252921851,14.55055775550291,-28.427192725329615
14.513158427278311,14.474539247227467,-28.42719272534913
14.40264406686735,14.398592142297142,-28.427192725369565
14.27814740629672,14.322650528704063,-28.42719272539082
14.139833242454978,14.246621526969033,-28.427192725412763
13.98789291783652,14.170385605689514,-28.427192725435237
13.822543961672269,14.093796981712366,-28.427192725458074
13.644029663126561,14.016684108993656,-28.427192725481117
13.452618574465793,13.938850260385037,-28.42719272550422
13.248603942154407,13.860074206582054,-28.427192725527274
13.032303063999588,13.780110996271523,-28.4271927255502
12.804056570751547,13.69869284111572,-28.42719272557298
12.564227630971493,13.615530108609622,-28.427192725595628
12.313201078500112,13.53031242504931,-28.427192725618216
12.05138246248701,13.442709889867215,-28.427192725640847
11.779197020663476,13.352374401442344,-28.427192725663655
11.497088577339893,13.258941093206465,-28.427192725686773
11.205518368464613,13.162029877472431,-28.427192725710327
10.904963796969348,13.061247092944916,-28.427192725734425
10.595917122520648,12.956187250378076,-28.427192725759095
10.278884090670472,12.84643486936242,-28.42719272578432
9.954382507222945,12.731566397799337,-28.427192725809974
9.622940764382095,12.611152204300167,-28.42719272583583
9.285096325891377,12.484758632569084,-28.427192725861556
8.941394178898026,12.351950105832712,-28.427192725886705
8.592385260655941,12.212291268595573,-28.427192725910736
8.23862486840698,12.065349152453875,-28.427192725933015
7.880671060845007,11.910695352406186,-28.427192725952835
7.5190830594690095,11.747908200065567,-28.427192725969483
7.154419657875678,11.576574920401226,-28.427192725982227
6.787237646639507,11.39629375910762,-28.427192725990388
6.418090260895737,11.206676068394819,-28.427192725993365
6.047525657099693,11.007348339889324,-28.427192725990682
5.676085424709892,10.797954174394903,-28.427192725982014
5.304303137759373,10.578156179450872,-28.42719272596725
4.932702950468788,10.347637786898728,-28.427192725946462
4.561798240245396,10.106104983984354,-28.427192725919983
4.1920903006325005,9.85328795283971,-28.427192725888357
3.8240670860509907,9.588942614463717,-28.427192725852386
3.4582020095322727,9.312852074519107,-28.427192725813068
3.094952794100891,9.024827969346306,-28.427192725771608
2.7347603780421337,8.724711711537951,-28.42719272572935
2.378047873997474,8.412375635194742,-28.427192725687778
2.0252195816768253,8.087724041577582,-28.427192725648403
1.6766600539648921,7.750694146270552,-28.427192725612787
1.3327332163284045,7.401256929168903,-28.42719272558241
0.9937815396965506,7.039417888606374,-28.427192725558672
0.6601252673791361,6.665217700743232,-28.427192725542806
0.33206169709257166,6.2787327849623775,-28.427192725535836
0.009864519765847275,5.8800757754831325,-28.427192725538543
-0.3062167825232328,5.469395898723341,-28.427192725551407
-0.6159574764006649,5.046879255147553,-28.427192725574606
-0.9191580510001843,4.612749003464154,-28.427192725608013
-1.2156446211274532,4.1672654441134505,-28.427192725651157
-1.5052692544742736,3.7107259980617764,-28.42719272570326
-1.7879102169209458,3.243465076026651,-28.42719272576328
-2.0634721294149285,2.7658538324503144,-28.427192725829922
-2.331886029500321,2.2782997978606945,-28.42719272590169
-2.5931093303293578,1.7812463827569869,-28.427192725976973
-2.8471256699464087,1.2751722458776518,-28.42719272605407
-3.093944643826116,0.7605905196945045,-28.427192726131292
-3.3336014140948675,0.23804788626554563,-28.427192726207018
-3.5661561895873324,-0.2918765027983047,-28.427192726279763
-3.7916935718977203,-0.8285722675203689,-28.427192726348235
-4.010321763880013,-1.3713992058264382,-28.427192726411377
-4.222171638622937,-1.9196888671216596,-28.42719272646842
-4.427395668752346,-2.4727462933652737,-28.427192726518875
-4.626166717961987,-3.029851925491581,-28.42719272656257
-4.8186766988969625,-3.5902636704353528,-28.427192726599614
-5.005135103854514,-4.1532191212491805,-28.427192726630366
-5.185767417155971,-4.717937919931846,-28.427192726655417
-5.3608134204058455,-5.283624249714723,-28.42719272667549
-5.530525404108541,-5.849469440778853,-28.427192726691427
-5.6951663011780935,-6.414654670802809,-28.427192726704092
-5.855007759672936,-6.9783537394723725,-28.427192726714335
-6.010328173543984,-7.539735894211155,-28.42719272672291
-6.161410691239384,-8.097968682997255,-28.427192726730446
-6.308541222616711,-8.652220809277557,-28.42719272673742
-6.4520064647440485,-9.201664963719765,-28.427192726744114
-6.592091966814966,-9.745480607869661,-28.427192726750654
-6.729080253568631,-10.282856685699807,-28.427192726756978
-6.863249025323721,-10.81299424051313,-28.427192726762875
-6.9948694510496985,-11.335108916645781,-28.427192726768048
-7.124204568872444,-11.848433327823818,-28.4271927267721
-7.251507806115641,-12.352219276778444,-28.427192726774628
-7.377021628494525,-12.845739813715975,-28.42719272677524
-7.500976325487789,-13.328291124367563,-28.427192726773608
-7.6235889362988765,-13.799194241507779,-28.427192726769473
-7.745062318257246,-14.257796576933103,-28.427192726762712
-7.865584357073631,-14.70347327384411,-28.427192726753333
-7.985327316110608,-15.135628382303839,-28.427192726741463
-8.104447319809275,-15.553695862890063,-28.42719272672737
-8.223083964660074,-15.957140425776881,-28.427192726711457
-8.341360049644072,-16.345458214243287,-28.42719272669423
-8.459381416911288,-16.718177343000317,-28.427192726676267
-8.577236892605642,-17.074858302754738,-28.42719272665819
-8.694998317182483,-17.415094243098025,-28.42719272664068
-8.812720654278376,-17.738511146146855,-28.42719272662438
-8.930442167161205,-18.04476790339357,-28.427192726609928
-9.048184651985718,-18.333556307986317,-28.427192726597898
-9.165953717476574,-18.60460097418445,-28.42719272658878
-9.28373910122815,-18.857659195062997,-28.427192726582984
-9.401515013518354,-19.092520748706757,-28.4271927265808
-9.519240500354535,-19.309007662174967,-28.42719272658241
-9.63685981837625,-19.506973941463464,-28.42719272658787
-9.75430281520877,-19.68630527457234,-28.427192726597116
-9.871485309870328,-19.8469187136289,-28.427192726609974
-9.988309468866596,-19.988762340840836,-28.427192726626156
-10.104664174640646,-20.111814921882647,-28.427192726645277
-10.220425384071238,-20.21608554916569,-28.427192726666863
-10.335456475713874,-20.301613276323433,-28.427192726690386
-10.449608585446624,-20.36846674417075,-28.42719272671525
-10.562720931106234,-20.416743797379947,-28.427192726740838
-10.674621127570507,-20.44657109016692,-28.42719272676652
-10.785125494551906,-20.458103678407223,-28.427192726791667
-10.894039360106653,-20.45152459481276,-28.42719272681568
-11.001157363525374,-20.427044403104023,-28.42719272683802
-11.106263761847613,-20.384900726519245,-28.427192726858202
-11.209132744725522,-20.32535774551892,-28.427192726875834
-11.30952876274391,-20.248705659181194,-28.42719272689061
-11.407206874577065,-20.155260104548685,-28.427192726902344
-11.501913118520605,-20.045361528088602,-28.427192726910963
-11.593384913972331,-19.919374503472593,-28.42719272691653
-11.681351498345483,-19.777686990075694,-28.42719272691921
-11.765534404676687,-19.62070952693898,-28.4271927269193
-11.845647984838754,-19.44887435743836,-28.427192726917216
-11.921399982785951,-19.26263448055034,-28.42719272691345
-11.992492161651164,-19.06246262539813,-28.427192726908586
-12.058620987787323,-18.848850146688232,-28.427192726903275
-12.119478374011164,-18.62230583969376,-28.427192726898177
-12.174752483379642,-18.383354674587324,-28.427192726893978
-12.224128593826677,-18.132536451150052,-28.42719272689133
-12.267290022931203,-17.870404376156795,-28.42719272689083
-12.303919111000868,-17.597523567030382,-28.427192726892994
-12.333698259565264,-17.314469486637133,-28.427192726898234
-12.356311021305695,-17.021826315327083,-28.427192726906842
-12.37144323643286,-16.72018526747205,-28.427192726918946
-12.37878420958668,-16.410142860789275,-28.42719272693455
-12.37802792049886,-16.092299147628342,-28.427192726953486
-12.368874260951149,-15.767255918118595,-28.42719272697544
-12.351030289999066,-15.435614885602813,-28.427192726999976
-12.324211499025973,-15.09797586510668,-28.427192727026522
-12.288143077954063,-14.754934955705984,-28.427192727054443
-12.242561173870183,-14.407082737555063,-28.427192727083025
-12.187214133421968,-14.055002494039423,-28.427192727111528
-12.12186372059528,-13.699268469028365,-28.42719272713923
-12.046286301883116,-13.340444168551635,-28.427192727165455
-11.96027399138105,-12.97908071543557,-28.427192727189592
-11.863635748972555,-12.615715264540327,-28.427192727211143
-11.756198425475004,-12.25086948527514,-28.427192727229734
-11.637807749377487,-11.88504811706874,-28.427192727245135
-11.508329250588673,-11.518737602472298,-28.427192727257278
-11.367649117400958,-11.152404801606151,-28.427192727266238
-11.215674983642225,-10.786495790759208,-28.427192727272256
-11.052336643707154,-10.42143474713804,-28.42719272727571
-10.877586693818062,-10.057622921062062,-28.427192727277095
-10.691401098445946,-9.695437696327994,-28.427192727277006
-10.493779681315242,-9.335231739030636,-28.42719272727611
-10.284746540814302,-8.977332234832119,-28.427192727275123
-10.064350389935058,-8.622040214516232,-28.42719272727476
-9.832664821071369,-8.269629967641341,-28.427192727275724
-9.589788496120898,-7.920348544202555,-28.42719272727868
-9.335845262368311,-7.5744153444150815,-28.42719272728419
-9.070984194588815,-7.232021797016213,-28.427192727292752
-8.795379563714034,-6.89333112683038,-28.427192727304735
-8.509230732261459,-6.558478212725573,-28.42719272732038
-8.212761976560746,-6.227569537483906,-28.427192727339815
-7.906222235631638,-5.900683231487823,-28.42719272736303
-7.5898847863964685,-5.577869212459964,-28.427192727389876
-7.264046844761811,-5.2591494237636605,-28.427192727420106
-6.929029091995073,-4.944518173948929,-28.427192727453384
-6.585175125767165,-4.63394258029439,-28.427192727489267
-6.232850835245135,-4.327363119030817,-28.427192727527267
-5.872443699709339,-4.02469428472262,-28.427192727566858
-5.504362010346761,-3.7258253609197407,-28.42719272760749
-5.129034015140497,-3.430621303669079,-28.427192727648617
-4.746906987137126,-3.1389237387918802,-28.42719272768971
-4.358446216827099,-2.850552072997554,-28.427192727730304
-3.9641339299129887,-2.565304717926549,-28.427192727769942
-3.5644681323575385,-2.2829604251125457,-28.42719272780826
-3.159961385285369,-2.0032797286499338,-28.427192727844933
-2.751139513043232,-1.7260064910738915,-28.427192727879703
-2.338540248485175,-1.4508695466390698,-28.427192727912377
-1.922711820320154,-1.1775844348538897,-28.427192727942803
-1.5042114881181066,-0.9058552158277999,-28.42719272797087
-1.083604031293333,-0.6353763577562961,-28.4271927279965
-0.6614601990483869,-0.36583468574022443,-28.427192728019648
-0.2383551288460355,-0.09691138014682049,-28.42719272804028
0.18513325853826365,0.171715988098484,-28.42719272805837
0.6084258789620037,0.4403713985217881,-28.42719272807389
1.030944111197728,0.7093783120481213,-28.42719272808683
1.4521114207866848,0.9790576056956203,-28.42719272809718
1.871354972736552,1.249725524761884,-28.42719272810495
2.288107224512553,1.5216916659496142,-28.42719272811016
2.701807491081379,1.7952570043556233,-28.42719272811287
3.1119034742000005,2.070711976516681,-28.42719272811318
3.517852748681978,2.3483346307912427,-28.427192728111226
3.9191241990041554,2.628388855287055,-28.42719272810721
4.315199400315946,2.9111226923544495,-28.427192728101392
4.7055739386595175,3.1967667473901455,-28.427192728094102
5.089758665979021,3.485532698374225,-28.427192728085735
5.467280886267827,3.777611911231245,-28.427192728076744
5.837685469952866,4.07317416480126,-28.427192728067617
6.200535894324889,4.372366487961352,-28.427192728058888
6.55541520847553,4.675312110282618,-28.427192728051118
6.901926921782354,4.982109526566651,-28.427192728044847
7.239695815480882,5.292831674699108,-28.4271927280406
7.568368677270743,5.6075252255004004,-28.42719272803886
7.887614959218286,5.926209982653365,-28.42719272804004
8.19712735944025,6.24887839034794,-28.427192728044467
8.496622328186074,6.575495146000856,-28.427192728052358
8.785840498986957,6.905996915276459,-28.427192728063822
9.064547045517163,7.24029214664089,-28.42719272807884
9.332531964729613,7.578260982809493,-28.427192728097257
9.589610286696974,7.919755266676942,-28.4271927281188
9.8356222114271,8.264598639628606,-28.427192728143073
10.07043317274391,8.612586730495462,-28.42719272816956
10.293933829148754,8.963487433807751,-28.42719272819768
10.506039981419965,9.317041276397813,-28.427192728226785
10.706692416586078,9.672961871773921,-28.427192728256156
10.89585667783679,10.030936462009093,-28.427192728285117
11.073522759928979,10.390626547137877,-28.427192728312974
11.239704729715157,10.751668602209026,-28.427192728339108
11.394440271577917,11.113674882184323,-28.427192728362964
11.537790157803048,11.47623431478998,-28.427192728384107
11.669837644268878,11.838913481206978,-28.42719272840222
11.79068779226983,12.201257684126343,-28.427192728417126
11.90046671782342,12.56279210219562,-28.427192728428814
11.999320770423653,12.923023029250727,-28.427192728437415
12.087415643887377,13.281439195975647,-28.427192728443213
12.164935422677168,13.637513170779638,-28.427192728446624
12.23208156785536,13.990702835751312,-28.427192728448194
12.289071847605786,14.340452932569582,-28.42719272844854
12.336139218028487,14.686196672254663,-28.427192728448343
12.373530660641734,15.027357401662593,-28.427192728448336
12.401505983689471,15.363350318699261,-28.427192728449228
12.420336594925242,15.693584227389795,-28.42719272845168
12.43030425400293,16.017463323219285,-28.42719272845631
12.431699812929923,16.334388998590835,-28.427192728463595
12.424821953213646,16.64376165785172,-28.427192728473923
12.409975928346663,16.94498253113662,-28.427192728487533
12.387472320122555,17.23745547628092,-28.427192728504505
12.357625816954878,17.52058875827104,-28.427192728524783
12.320754021889712,17.793796796120482,-28.427192728548142
12.277176297370215,18.05650186767876,-28.42719272857424
12.227212653044889,18.308135763679275,-28.427192728602613
12.171182682030535,18.54814138328811,-28.42719272863269
12.109404550069605,18.775974264501016,-28.427192728663837
12.04219404098611,18.991104043919382,-28.427192728695395
11.969863660771455,19.193015841684254,-28.427192728726677
11.892721801549191,19.381211568626465,-28.42719272875701
11.811071965602338,19.555211153967313,-28.42719272878578
11.725212048623348,19.71455369314616,-28.427192728812432
11.635433680387864,19.858798516530427,-28.427192728836506
11.542021620178296,19.987526180853852,-28.427192728857634
11.445253203508308,20.100339386210283,-28.427192728875582
11.34539783603719,20.196863822284914,-28.427192728890237
11.242716530022923,20.2767489482212,-28.427192728901602
11.1374614782504,20.33966871109098,-28.427192728909816
11.029875660089358,20.385322208353276,-28.427192728915138
10.920192474185392,20.413434299953437,-28.427192728917912
10.808635392264424,20.423756175829833,-28.42719272891861
10.695417628632345,20.41606588456558,-28.42719272891775
10.58074182017162,20.39016882875289,-28.427192728915944
10.464799711969032,20.345898232335546,-28.427192728913813
10.347771844146179,20.283115584768563,-28.427192728912033
10.229827235999435,20.201711066291764,-28.42719272891125
10.111123064181028,20.101603957964624,-28.427192728912114
9.991804332359806,19.982743039361885,-28.42719272891522
9.872003530581434,19.845106975991772,-28.42719272892112
9.751840283395003,19.688704697580047,-28.427192728930272
9.631420986718076,19.51357576737217,-28.42719272894305
9.510838434366338,19.319790741552797,-28.42719272895973
9.390171436167348,19.107451516776095,-28.42719272898048
9.269484430600095,18.876691662654746,-28.427192729005334
9.148827095940508,18.627676734882705,-28.427192729034203
9.02823396493419,18.36060456348329,-28.4271927290669
8.907724049045013,18.075705509497876,-28.427192729103094
8.78730047932362,17.773242682283616,-28.427192729142373
8.66695017188215,17.45351210849537,-28.427192729184238
8.546643526827332,17.11684284281636,-28.427192729228107
8.426334170267307,16.76359700960493,-28.42719272927336
8.305958749640377,16.394169763875926,-28.42719272931937
8.18543679308668,16.008989159471042,-28.427192729365494
8.064670643866645,15.608515911930624,-28.427192729411164
7.943545480893073,15.193243043497436,-28.427192729455847
7.8219294362593015,14.763695397896091,-28.427192729499115
7.699673820189344,14.320429013071763,-28.427192729540657
7.576613463088235,13.864030340963552,-28.427192729580277
7.452567183319297,13.395115304648318,-28.42719272961793
7.327338387976532,12.91432818482522,-28.427192729653683
7.200715812261393,12.422340329612748,-28.427192729687743
7.072474401132485,11.919848683976083,-28.4271927297204
6.942376334705462,11.407574137755436,-28.42719272975202
6.810172196482463,10.886259694171192,-28.427192729783002
6.675602280942187,10.356668463769212,-28.42719272981372
6.5383980343904105,9.819581491955814,-28.427192729844506
6.398283620332641,9.275795431461628,-28.427192729875575
6.254977598067729,8.726120074164276,-28.427192729907024
6.108194700798107,8.171375759586379,-28.427192729938756
5.957647697391728,7.612390679964905,-28.427192729970514
5.803049320089492,7.049998103965494,-28.427192730001828
5.644114238996883,6.485033542809167,-28.427192730032072
5.480561063182478,5.91833188372513,-28.427192730060447
5.312114347665169,5.350724516200137,-28.427192730086063
5.138506585523272,4.783036476444466,-28.427192730107965
4.959480164799501,4.216083634844906,-28.427192730125196
4.7747892707833,3.650669949959131,-28.427192730136884
4.584201715585517,3.087584810879334,-28.427192730142284
4.387500678622942,2.527600487631614,-28.427192730140856
4.184486343632619,1.9714697067721356,-28.4271927301323
3.97497742006009,1.419923366592212,-28.4271927301166
3.7588125390294094,0.8736684034576769,-28.427192730094077
3.535851516523135,0.3333858178875233,-28.42719273006531
3.3059764787984722,-0.20027113387845802,-28.427192730031237
3.0690928473688612,-0.7266785797748726,-28.42719272999305
2.8251301830259354,-1.2452435026931765,-28.427192729952157
2.574042890313319,-1.7554050437596584,-28.42719272991015
2.3158107855523067,-2.2566356415692077,-28.427192729868743
2.050439532933616,-2.748442012328936,-28.427192729829677
1.7779609543151385,-3.230365976991056,-28.427192729794676
1.4984332192003855,-3.7019851422157064,-28.427192729765338
1.2119409219234865,-4.162913442418661,-28.427192729743133
0.918595053350318,-4.612801550253764,-28.427192729729292
0.6185328744444198,-5.0513371626912305,-28.42719272972477
0.31191769886891935,-5.478245169422387,-28.427192729730248
-0.0010614085665236186,-5.8932877096944525,-28.427192729746068
-0.3201900113178542,-6.296264122902959,-28.42719272977226
-0.6452287527110726,-6.687010797391919,-28.427192729808517
-0.9759138747826038,-7.0654009209794,-28.427192729854234
-1.311957800156949,-7.4313441357831005,-28.427192729908544
-1.6530497735358531,-7.784786099008064,-28.42719272997032
-1.9988565601310235,-8.125707950514784,-28.42719273003827
-2.3490231990874957,-8.454125687243986,-28.427192730110953
-2.7031738105922396,-8.770089443963881,-28.42719273018685
-3.060912455920746,-9.073682679350865,-28.42719273026442
-3.421824050124785,-9.365021266135061,-28.427192730342146
-3.7854753273924207,-9.644252483952126,-28.42719273041861
-4.151415859305738,-9.911553913650785,-28.427192730492518
-4.519179126275613,-10.167132232114882,-28.42719273056275
-4.888283642343474,-10.411221907166304,-28.427192730628384
-5.258234133309073,-10.64408379281187,-28.427192730688724
-5.628522767776987,-10.86600362596837,-28.4271927307433
-5.998630440223382,-11.077290426824026,-28.42719273079189
-6.3680281045837255,-11.278274806145257,-28.42719273083448
-6.736178156170482,-11.469307184082716,-28.427192730871276
-7.102535858970147,-11.65075592633382,-28.427192730902636
-7.466550814566969,-11.823005404840458,-28.42719273092908
-7.827668468124233,-11.986453991498275,-28.42719273095123
-8.185331646052187,-12.141511994584794,-28.427192730969754
-8.538982119233939,-12.288599548735442,-28.42719273098537
-8.888062184995189,-12.42814447026937,-28.427192730998765
-9.232016260416893,-12.56058009045506,-28.427192731010585
-9.570292479124529,-12.6863430798786,-28.427192731021407
-9.902344283362515,-12.805871277412097,-28.427192731031706
-10.22763200299071,-12.91960153736072,-28.427192731041863
-10.545624413029929,-13.027967608187918,-28.42719273105215
-10.855800261536345,-13.131398055782386,-28.427192731062718
-11.157649759896314,-13.230314243549458,-28.42719273107365
-11.450676028093092,-13.325128380704275,-28.42719273108491
-11.734396488089253,-13.416241649043096,-28.427192731096444
-12.008344199173242,-13.504042417207085,-28.427192731108118
-12.272069129911086,-13.588904550070032,-28.427192731119813
-12.525139362198688,-13.671185819420785,-28.42719273113137
-12.76714222379818,-13.751226420617405,-28.427192731142707
-12.997685346635732,-13.829347598407413,-28.427192731153706
-13.21639764901084,-13.905850383679507,-28.427192731164347
-13.422930240693473,-13.981014441575418,-28.427192731174642
-13.616957250643326,-14.055097030180384,-28.427192731184647
-13.798176577756028,-14.128332067955439,-28.42719273119446
-13.966310565609907,-14.200929307196319,-28.42719273120423
-14.121106602643204,-14.273073610117741,-28.427192731214127
-14.262337649529407,-14.34492432367639,-28.42719273122433
-14.389802695735826,-14.41661474896319,-28.427192731235014
-14.503327147349747,-14.488251700910705,-28.427192731246343
-14.602763148243564,-14.559915154164496,-28.42719273125846
-14.687989836534415,-14.631657971242472,-28.42719273127146
-14.758913538087185,-14.70350570953385,-28.427192731285388
-14.815467898527091,-14.775456504245259,-28.42719273130023
-14.857613954885592,-14.847481025059288,-28.427192731315927
-14.885340147619505,-14.919522505001275,-28.427192731332365
-14.898662273336361,-14.991496840782876,-28.42719273134937
-14.897623378149047,-15.063292764674488,-28.427192731366755
-14.882293591188796,-15.134772088721625,-28.42719273138429
-14.852769897446514,-15.205770022831983,-28.427192731401753
-14.809175848806545,-15.276095568890577,-28.427192731418916
-14.751661211900602,-15.345531993582611,-28.427192731435586
-14.680401551257603,-15.413837382992902,-28.427192731451626
-14.595597746169979,-15.48074528228527,-28.42719273146695
-14.497475439748145,-15.54596542382859,-28.427192731481544
-14.386284418798574,-15.609184547015662,-28.42719273149547
-14.262297923439936,-15.670067312710103,-28.4271927315089
-14.125811885764959,-15.728257314754563,-28.42719273152207
-13.977144097357165,-15.783378190285907,-28.42719273153529
-13.816633306072221,-15.835034829742506,-28.42719273154895
-13.644638243178871,-15.882814686433504,-28.427192731563473
-13.461536582706996,-15.926289184395362,-28.4271927315793
-13.267723835648368,-15.965015222017577,-28.427192731596868
-13.063612182475474,-15.998536767612585,-28.427192731616575
-12.849629248258672,-16.02638654177378,-28.427192731638755
-12.626216825445049,-16.048087780051493,-28.427192731663627
-12.393829550085869,-16.06315606822193,-28.427192731691306
-12.152933537937908,-16.071101241269286,-28.42719273172174
-11.904004987392906,-16.071429336185542,-28.427192731754715
-11.647528756588837,-16.063644587849154,-28.427192731789884
-11.383996922310635,-16.047251456602247,-28.427192731826686
-11.113907328385437,-16.021756675726206,-28.427192731864434
-10.83776213121361,-15.986671306832225,-28.4271927319023
-10.556066349852308,-15.9415127912403,-28.42719273193935
-10.26932642769035,-15.885806985713923,-28.42719273197457
-9.97804881223422,-15.819090171436443,-28.427192732006937
-9.682738558882694,-15.740911025838153,-28.42719273203545
-9.38389796382424,-15.65083254778479,-28.427192732059147
-9.082025230372242,-15.548433927685615,-28.427192732077202
-8.777613172186127,-15.433312355236879,-28.427192732088947
-8.471147955940639,-15.305084758745327,-28.427192732093893
-8.163107885130017,-15.163389471236927,-28.4271927320918
-7.85396222585684,-15.007887819808921,-28.42719273208265
-7.54417007468326,-14.838265635890743,-28.427192732066715
-7.234179267939404,-14.654234685206978,-28.427192732044524
-6.924425331310274,-14.455534017251377,-28.42719273201686
-6.615330468076265,-14.241931234958743,-28.427192731984757
-6.307302584076641,-14.013223685978208,-28.42719273194945
-6.000734347309885,-13.769239577489888,-28.42719273191236
-5.696002280085559,-13.50983901685406,-28.427192731875042
-5.393465881801463,-13.234914980530053,-28.42719273183912
-5.093466780736044,-12.944394213647273,-28.427192731806254
-4.796327913714593,-12.638238062354398,-28.427192731778078
-4.502352733120749,-12.316443240619567,-28.427192731756126
-4.211824441471369,-11.979042532513747,-28.427192731741794
-3.9250052546387644,-11.626105430194663,-28.42719273173627
-3.642135695772764,-11.2577387068367,-28.42719273174051
-3.363433923025782,-10.874086922644938,-28.427192731755177
-3.0890950952939455,-10.475332860874595,-28.427192731780636
-2.819290781329641,-10.061697889481083,-28.427192731816895
-2.5541684187257854,-9.633442242686218,-28.427192731863634
-2.293850830386323,-9.190865215402708,-28.42719273192021
-2.0384358071443462,-8.734305262157308,-28.42719273198567
-1.7879957661292734,-8.264139990942482,-28.427192732058767
-1.5425774952757074,-7.780786041360853,-28.427192732138053
-1.302201994965356,-7.284698835562773,-28.427192732221872
-1.0668644281557376,-6.776372189873357,-28.4271927323085
-0.8365341904325165,-6.2563377747189435,-28.42719273239617
-0.6111551111864351,-5.725164410549103,-28.427192732483146
-0.3906457965264934,-5.183457187958128,-28.427192732567825
-0.1749001235716758,-4.631856401179093,-28.427192732648773
0.03621210560214118,-4.071036285581557,-28.427192732724816
0.24284434384864945,-3.5017035517617963,-28.427192732795056
0.4451723083122119,-2.924595711264048,-28.427192732858895
0.6433928174160565,-2.3404791918827152,-28.427192732916065
0.8377224564524361,-1.750147243815345,-28.427192732966596
1.0283960758178499,-1.1544176415872487,-28.427192733010788
1.2156651291677951,-0.554130190550838,-28.427192733049154
1.3997958620624589,0.04985594924391754,-28.42719273308238
1.5810673649283302,0.6566651050426705,-28.427192733111212
1.7597695072552468,1.2654080786792388,-28.427192733136415
1.9362007727671826,1.8751852551217372,-28.427192733158694
2.110666017736461,2.485089805204788,-28.42719273317863
2.2834741765548543,3.0942109530468116,-28.427192733196623
2.45493594004831,3.7016372769130905,-28.42719273321286
2.625361432764496,4.306460011320843,-28.42719273322733
2.7950579155399726,4.907776318037242,-28.42719273323982
2.964327539061059,5.504692494304105,-28.427192733249935
3.1334651728928686,6.096327088106057,-28.427192733257172
3.3027563326154272,6.6818138925191555,-28.427192733260952
3.4724752253493443,7.260304794040466,-28.427192733260707
3.6428829311709383,7.8309724531870435,-28.427192733255907
3.8142257348165236,8.393012799428535,-28.42719273324618
3.9867336187739117,8.94564732653557,-28.427192733231315
4.160618925473526,9.488125178538725,-28.4271927332113
4.336075192934663,10.019725020559273,-28.42719273318639
4.513276164997403,10.539756692665062,-28.427192733157046
4.692374974266698,11.047562648512654,-28.42719273312398
4.8735034931850025,11.54251918377152,-28.427192733088106
5.056771846287804,12.024037462122623,-28.427192733050493
5.24226807471886,12.491564348940386,-28.42719273301234
5.430057942507147,12.94458306458468,-28.427192732974923
5.620184872937866,13.382613670549311,-28.427192732939503
5.812670002573846,13.805213402554,-28.427192732907322
6.007512340078398,14.211976865060471,-28.42719273287952
6.204689016924798,14.60253610168276,-28.427192732857097
6.404155617313477,14.976560555597075,-28.427192732840886
6.605846575114853,15.333756933390953,-28.427192732831504
6.809675626370992,15.673868984879718,-28.427192732829347
7.015536306780848,15.996677210314006,-28.42719273283458
7.22330248462118,16.3019985051561,-28.42719273284713
7.432828920680545,16.5896857512617,-28.427192732866686
7.643951847972284,16.85962736191031,-28.42719273289274
7.8564895652131215,17.111746786718044,-28.427192732924578
8.070243039279232,17.34600198107486,-28.42719273296134
8.284996513057372,17.56238484340075,-28.427192733002016
8.50051811627399,17.760920622236444,-28.42719273304552
8.716560477992068,17.941667293993483,-28.42719273309069
8.932861340498281,18.10471491110209,-28.427192733136355
9.149144175248317,18.250184919328223,-28.427192733181364
9.365118802384632,18.378229442193884,-28.427192733224626
9.580482016077937,18.489030529738127,-28.427192733265134
9.794918218563264,18.582799368307587,-28.427192733302004
10.008100066235942,18.659775447671702,-28.4271927333345
10.219689131536317,18.720225681523733,-28.42719273336207
10.429336584580339,18.7644434773577,-28.42719273338433
10.636683898583133,18.792747751804114,-28.427192733401107
10.841363583073685,18.80548188776321,-28.427192733412422
11.042999948711897,18.803012630089118,-28.427192733418483
11.241209907198288,18.785728917145242,-28.427192733419705
11.435603809317888,18.754040646259895,-28.42719273341664
11.625786323592587,18.708377371947908,-28.427192733409996
11.811357357342942,18.64918693671119,-28.427192733400595
11.991913021196172,18.57693403526744,-28.427192733389333
12.1670466372404,18.49209871415692,-28.427192733377144
12.336349790136651,18.39517480981453,-28.42719273336498
12.499413419582954,18.286668329337807,-28.427192733353735
12.655828951603366,18.167095779299867,-28.427192733344253
12.805189465234564,18.036982449016556,-28.427192733337264
12.947090890328672,17.896860655648243,-28.427192733333378
13.081133231408007,17.747267959368553,-28.427192733333037
13.20692181181736,17.588745357538432,-28.427192733336536
13.32406853184217,17.42183546736205,-28.427192733343986
13.432193134012177,17.24708070685406,-28.427192733355337
13.530924468501267,17.065021484105202,-28.42719273337037
13.619901751372115,16.876194404791313,-28.42719273338874
13.69877580840003,16.681130507632478,-28.42719273340997
13.7672102973405,16.480353537085183,-28.427192733433507
13.824882901770637,16.27437826195706,-28.427192733458718
13.871486490022551,16.063708847894706,-28.427192733484965
13.906730233219406,15.848837290837144,-28.427192733511603
13.93034067700247,15.630241917582666,-28.427192733538032
13.942062762176825,15.408385958618362,-28.42719273356371
13.94166079018138,15.18371619734455,-28.427192733588196
13.928919329981108,14.956661698824345,-28.42719273361114
13.903644063663082,14.727632620234543,-28.4271927336323
13.865662568671338,14.497019104316514,-28.427192733651577
13.81482503521959,14.265190256350891,-28.427192733668978
13.751004917959303,14.032493204527588,-28.427192733684617
13.674099521440596,13.799252243068693,-28.427192733698725
13.584030519275792,13.565768057095564,-28.42719273371159
13.480744407194662,13.332317028017314,-28.427192733723572
13.364212890364769,13.099150618154193,-28.42719273373509
13.234433205441745,12.866494833389513,-28.42719273374655
13.091428377817683,12.63454976285638,-28.427192733758385
12.935247414459669,12.403489194994577,-28.42719273377098
12.76596543258507,12.173460309739347,-28.42719273378469
12.583683724218835,11.944583447104772,-28.427192733799796
12.38852975643527,11.716951952975323,-28.427192733816533
12.180657106818497,11.490632103493349,-28.427192733835046
11.960245333399024,11.265663110000258,-28.4271927338554
11.72749977805578,11.042057207027192,-28.427192733877582
11.482651302130552,10.819799826309733,-28.427192733901503
11.225955952802005,10.598849860194369,-28.427192733927022
10.957694558624484,10.379140018087668,-28.427192733953937
10.678172252567219,10.160577279750605,-28.427192733981993
10.387717920904164,9.94304344924153,-28.427192734010927
10.0866835764134,9.726395813147427,-28.427192734040453
9.775443654554977,9.510467906404067,-28.42719273407029
9.454394231610646,9.295070388486751,-28.427192734100164
9.123952164188637,9.079992032055156,-28.427192734129825
8.784554150017913,8.865000825264962,-28.42719273415905
8.436655710571637,8.649845187928591,-28.427192734187642
8.080730096757852,8.43425530053593,-28.427192734215435
7.717267119681664,8.217944543858653,-28.427192734242283
7.346771909299118,8.000611045488123,-28.42719273426805
6.969763604627709,7.7819393282318865,-28.42719273429262
6.586773980028587,7.5616020538548465,-28.42719273431586
6.198346012906641,7.339261854238916,-28.427192734337638
5.805032398961828,7.114573240689739,-28.427192734357778
5.407394021844055,6.887184580881173,-28.427192734376106
5.005998384691976,6.656740131835019,-28.427192734392392
4.60141801155337,6.4228821164186085,-28.4271927344064
4.194228827074727,6.185252830134342,-28.42719273441785
3.7850085230985138,5.943496764494536,-28.427192734426463
3.374334920910819,5.69726273303587,-28.42719273443195
2.9627843378382064,5.446205986035774,-28.42719273443406
2.550929966703724,5.189990300245615,-28.427192734432566
2.139340276327104,4.928290030441281,-28.42719273442732
1.7285774408064782,4.660792110292,-28.427192734418234
1.3191958047661745,4.387197990937227,-28.427192734405352
0.9117403911181997,4.107225506707918,-28.427192734388818
0.5067454571872825,3.820610658596763,-28.42719273436892
0.10473310431552334,3.527109307333632,-28.427192734346075
-0.29378805468211483,3.226498769217874,-28.42719273432084
-0.6883241665716363,2.9185793091588796,-28.42719273429392
-1.0783973443184807,2.6031755266428704,-28.427192734266104
-1.4635468069644235,2.2801376315425625,-28.4271927342383
-1.8433299510211423,1.949342607786654,-28.427192734211452
-2.217323352115255,1.610695263882358,-28.42719273418657
-2.5851236959984916,1.2641291701163304,-28.427192734164645
-2.946348638311903,0.9096074829331522,-28.427192734146626
-3.300637592663078,0.5471236574978317,-28.427192734133385
-3.647652446642492,0.17670204978757098,-28.427192734125683
-3.987078205375629,-0.20160159026798938,-28.427192734124134
-4.318623562091229,-0.5876997330602787,-28.42719273412916
-4.642021394995874,-0.9814727895737089,-28.427192734141006
-4.957029189497095,-1.3827689364849074,-28.427192734159693
-5.26342938452953,-1.7914040452611146,-28.427192734185017
-5.561029641431524,-2.207161714844557,-28.42719273421659
-5.849663033514688,-2.6297934079672376,-28.427192734253783
-6.129188154188711,-3.0590186916094964,-28.427192734295797
-6.3994891412709265,-3.494525582563299,-28.427192734341695
-6.660475614947244,-3.935970999454652,-28.427192734390406
-6.912082526779234,-4.382981322886598,-28.42719273444079
-7.1542699171911215,-4.835153065554385,-28.427192734491676
-7.3870225790369215,-5.292053654229991,-28.427192734541897
-7.610349625155713,-5.7532223253904515,-28.427192734590378
-7.8242839582812636,-6.21817113595477,-28.42719273463612
-8.028881642285544,-6.686386090085305,-28.427192734678282
-8.224221174502818,-7.1573283822962095,-28.4271927347162
-8.410402659794848,-7.630435756196831,-28.427192734749408
-8.5875468880646,-8.105123977093566,-28.427192734777666
-8.75579431808551,-8.580788415400166,-28.42719273480093
-8.915303971759466,-9.056805736393269,-28.42719273481939
-9.066252244217024,-9.532535690334742,-28.4271927348334
-9.208831636490897,-10.007322995410023,-28.427192734843505
-9.343249418787924,-10.48049930435264,-28.427192734850365
-9.469726233612837,-10.951385244093675,-28.42719273485472
-9.588494649116074,-11.419292516346982,-28.42719273485738
-9.699797674006291,-11.883526045771022,-28.427192734859116
-9.803887246148328,-12.343386161287302,-28.4271927348607
-9.901022707526412,-12.798170795328467,-28.427192734862786
-9.9914692785654,-13.247177685272458,-28.42719273486595
-10.07549654485254,-13.689706561118548,-28.4271927348706
-10.15337696908128,-14.12506130359096,-28.42719273487703
-10.225384440549284,-14.5525520573175,-28.427192734885352
-10.291792873796773,-14.971497284513566,-28.42719273489554
-10.352874866990305,-15.381225745682766,-28.42719273490744
-10.408900429469615,-15.781078395191102,-28.427192734920776
-10.460135786517684,-16.170410181139214,-28.427192734935165
-10.506842267927174,-16.548591740697855,-28.427192734950186
-10.549275285363356,-16.915010983931797,-28.42719273496537
-10.587683401909628,-17.269074561061792,-28.427192734980242
-10.622307495570103,-17.61020921004849,-28.427192734994353
-10.65338001693589,-17.937862983274826,-28.427192735007306
-10.681124339734588,-18.251506353907747,-28.42719273501876
-10.705754201608292,-18.55063320419574,-28.427192735028484
-10.727473231229954,-18.834761699472104,-28.427192735036293
-10.746474556791421,-19.103435052960332,-28.427192735042137
-10.7629404899922,-19.356222187599354,-28.42719273504605
-10.77704227893383,-19.592718302013047,-28.427192735048155
-10.7889399227824,-19.812545348437414,-28.427192735048667
-10.798782040698814,-20.015352430892932,-28.427192735047875
-10.806705787345765,-20.200816132157605,-28.427192735046106
-10.812836807252166,-20.36864077816959,-28.427192735043754
-10.817289220437594,-20.518558648382946,-28.42719273504123
-10.820165631957247,-20.650330140332436,-28.42719273503896
-10.821557158407268,-20.76374389625165,-28.427192735037362
-10.821543464916086,-20.858616899051665,-28.427192735036833
-10.820192806725114,-20.934794544321804,-28.427192735037764
-10.817562070117708,-20.99215069427797,-28.42719273504045
-10.81369680817561,-21.030587718772118,-28.427192735045185
-10.80863126761522,-21.050036527603595,-28.427192735052163
-10.802388403770932,-21.05045659745229,-28.42719273506154
-10.794979881639359,-21.03183599579595,-28.427192735073376
-10.786406061767494,-20.994191403190925,-28.42719273508766
-10.776655970650928,-20.937568134296196,-28.427192735104327
-10.765707256197116,-20.862040157014423,-28.427192735123217
-10.753526129695022,-20.767710108120156,-28.42719273514412
-10.740067296608078,-20.65470930275357,-28.427192735166752
-10.725273879363064,-20.52319773418852,-28.427192735190793
-10.709077336133948,-20.3733640593474,-28.427192735215872
-10.691397380406007,-20.20542556464449,-28.427192735241615
-10.672141906840029,-20.01962810590848,-28.427192735267603
-10.651206929626182,-19.81624601537856,-28.427192735293445
-10.628476540107965,-19.59558196810426,-28.42719273531877
-10.603822890953566,-19.35796679952545,-28.427192735343226
-10.577106214539022,-19.103759265584337,-28.427192735366543
-10.548174883468437,-18.83334573644673,-28.42719273538849
-10.51686552127552,-18.547139814804083,-28.427192735408923
-10.483003171312209,-18.245581869809925,-28.42719273542781
-10.446401531621198,-17.929138477991067,-28.427192735445182
-10.406863263198254,-17.59830176297828,-28.427192735461187
-10.364180378470337,-17.25358862663276,-28.42719273547605
-10.318134716043136,-16.895539865106933,-28.427192735490102
-10.268498506809001,-16.52471916456805,-28.42719273550373
-10.215035035361549,-16.14171197272017,-28.427192735517366
-10.157499399350822,-15.747124243865947,-28.427192735531474
-10.09563936795444,-15.341581057026602,-28.42719273554651
-10.029196339063605,-14.925725108551127,-28.427192735562905
-9.957906393122906,-14.500215082650698,-28.427192735581013
-9.881501439859193,-14.065723905341013,-28.427192735601103
-9.799710452432075,-13.622936889308503,-28.427192735623308
-9.712260781883543,-13.17254977917771,-28.427192735647647
-9.618879543204812,-12.715266708487206,-28.42719273567396
-9.519295062921442,-12.251798081323294,-28.427192735701926
-9.413238376866405,-11.782858392961847,-28.427192735731097
-9.300444765802904,-11.309164004983998,-28.427192735760848
-9.180655315805193,-10.831430891125846,-28.42719273579046
-9.053618489827874,-10.350372370572197,-28.427192735819133
-8.919091696704221,-9.866696845499058,-28.427192735846
-8.776842843913016,-9.38110555941224,-28.42719273587023
-8.626651860831885,-8.894290392236316,-28.42719273589101
-8.468312179833816,-8.406931707208493,-28.427192735907635
-8.301632163454075,-7.919696263465772,-28.427192735919554
-8.126436466921197,-7.4332352068298375,-28.427192735926365
-7.942567326567041,-6.948182149748077,-28.427192735927882
-7.749885765961695,-6.465151349699561,-28.427192735924148
-7.548272713013516,-5.984735993681618,-28.427192735915437
-7.337630022686683,-5.507506594713405,-28.427192735902246
-7.117881401375452,-5.034009504681134,-28.427192735885296
-6.888973230296799,-4.564765546352204,-28.42719273586548
-6.650875286487659,-4.100268766041777,-28.427192735843864
-6.403581361092292,-3.640985307255235,-28.427192735821613
-6.147109775579016,-3.1873524046742503,-28.42719273579996
-5.8815037973199376,-2.7397774971141335,-28.42719273578016
-5.606831956596118,-2.298637457557428,-28.427192735763423
-5.323188267553241,-1.8642779380572208,-28.427192735750893
-5.030692355935218,-1.4370128271890963,-28.42719273574357
-4.729489496575837,-1.0171238177928947,-28.427192735742313
-4.419750563646581,-0.6048600829587978,-28.427192735747763
-4.101671896560389,-0.20043805854739466,-28.42719273576036
-3.775475084237485,0.19595866904193276,-28.427192735780327
-3.4414066701728507,0.5841793706593942,-28.427192735807626
-3.09973778042936,0.964106078052755,-28.42719273584203
-2.750763676339561,1.3356533831873798,-28.42719273588308
-2.3948032333562432,1.6987681326047723,-28.42719273593013
-2.0321983471695764,2.053429015814232,-28.427192735982405
-1.6633132679276106,2.399646046441855,-28.42719273603898
-1.2885338631761862,2.7374599347156403,-28.427192736098853
-0.9082668099900121,3.0669413498641642,-28.42719273616099
-0.5229387167122304,3.3881900711637574,-28.42719273622434
-0.1329951747651955,3.701334026694534,-28.427192736287896
0.2611002588532385,4.006528219362712,-28.427192736350708
0.6588671475134942,4.303953540413012,-28.427192736411936
1.05980932809671,4.593815471482157,-28.42719273647085
1.4634161296265977,4.876342677218058,-28.427192736526845
1.8691636551228303,5.1517854915886065,-28.42719273657948
2.2765161237727356,5.42041430220304,-28.427192736628445
2.6849272698237043,5.682517838236734,-28.427192736673565
3.0938417938661726,5.938401368851625,-28.427192736714805
3.502696861429509,6.18838482030152,-28.42719273675221
3.9109236430755345,6.432800821164201,-28.427192736785955
4.3179488894722295,6.671992686310537,-28.427192736816227
4.7231965342886575,6.906312351265954,-28.427192736843306
5.126089317195029,7.136118269505479,-28.427192736867468
5.526050418800522,7.361773285918717,-28.42719273688898
5.922505099033916,7.583642500159614,-28.427192736908125
6.31488233028198,7.802091133838823,-28.42719273692513
6.702616416556835,8.017482415512928,-28.427192736940214
7.085148590069671,8.230175497172036,-28.427192736953547
7.461928576842459,8.440523415431034,-28.427192736965278
7.83241612338439,8.648871109904666,-28.427192736975528
8.196082476983502,8.85555351031397,-28.42719273698439
8.552411812799708,9.060893702760543,-28.427192736991987
8.900902601672884,9.265201184349406,-28.427192736998403
9.241068913355964,9.468770213979186,-28.42719273700377
9.572441650723318,9.671878265690454,-28.427192737008223
9.894569711363923,9.87478458951069,-28.42719273701195
10.207021073821934,10.077728883298132,-28.427192737015147
10.509383806570867,10.280930077704921,-28.427192737018046
10.80126699858006,10.484585235087424,-28.42719273702091
11.082301611035282,10.688868562018502,-28.42719273702402
11.352141250393736,10.893930534027682,-28.427192737027646
11.610462863476265,11.09989713032961,-28.427192737032073
11.85696735571859,11.306869175611503,-28.42719273703756
12.091380134015322,11.51492178544322,-28.42719273704432
12.313451575795725,11.724103911549491,-28.427192737052522
12.522957426072221,11.934437983037387,-28.427192737062285
12.719699124208882,12.145919639693362,-28.42719273707365
12.903504062077026,12.358517553637574,-28.42719273708658
13.074225775111417,12.572173335930222,-28.427192737100967
13.231744067567208,12.78680152514276,-28.427192737116627
13.375965073020838,13.0022896554114,-28.427192737133304
13.506821250874202,13.21849840205473,-28.427192737150683
13.62427131932801,13.435261803433605,-28.42719273716842
13.72830012500478,13.652387558331634,-28.427192737186115
13.81891844914149,13.869657398710745,-28.427192737203384
13.896162750052735,14.086827538221323,-28.427192737219848
13.960094841402425,14.303629197295276,-28.42719273723517
14.010801505728692,14.519769205999893,-28.42719273724906
14.048394042653896,14.73493068606099,-28.42719273726133
14.073007751287975,14.948773813559074,-28.42719273727185
14.084801346504152,15.160936663750412,-28.427192737280627
14.083956309033558,15.37103613925896,-28.427192737287776
14.070676169688173,15.578668982522979,-28.42719273729352
14.045185728474355,15.78341287286609,-28.427192737298203
14.007730209893415,15.984827607905613,-28.427192737302263
13.958574356328308,16.182456368226667,-28.427192737306232
13.898001462070651,16.375827063359242,-28.42719273731071
13.8263123512307,16.564453756122635,-28.42719273731631
13.743824303473199,16.747838161376833,-28.427192737323686
13.650869932210682,16.925471214176454,-28.427192737333424
13.547796020538945,17.096834701294107,-28.427192737346086
13.434962320792781,17.261402949101985,-28.427192737362127
13.31274032411091,17.41864455990754,-28.427192737381876
13.181512006806358,17.56802418806335,-28.42719273740553
13.041668560624796,17.709004346541487,-28.42719273743313
12.893609114124452,17.841047234202524,-28.427192737464523
12.737739452418007,17.9636165737164,-28.4271927374994
12.574470742375043,18.07617945001828,-28.427192737537286
12.404218270094066,18.1782081393106,-28.427192737577535
12.227400197022162,18.26918191895052,-28.427192737619396
12.044436340539027,18.348588849078624,-28.42719273766198
11.855746984146268,18.415927517534488,-28.427192737704363
11.661751721631612,18.470708740444678,-28.427192737745553
11.462868338733905,18.512457211832707,-28.4271927377846
11.259511734942421,18.54071309665798,-28.42719273782057
11.05209288714899,18.555033562810323,-28.42719273785262
10.84101785595932,18.554994248734797,-28.42719273788005
10.62668683458548,18.540190664506415,-28.427192737902274
10.409493239408524,18.51023952528438,-28.427192737918908
10.18982284053971,18.464780017122724,-28.427192737929754
9.968052930039697,18.403474996072294,-28.427192737934817
9.744551524893135,18.326012122356495,-28.427192737934316
9.519676601394105,18.23210493212103,-28.42719273792867
9.29377535728552,18.12149384983194,-28.427192737918517
9.067183497819693,17.99394714481507,-28.427192737904647
8.84022454187181,17.84926183568665,-28.427192737888014
8.613209144344289,17.687264546514214,-28.42719273786971
8.386434431347386,17.50781231846825,-28.42719273785091
8.160183345026885,17.31079338047866,-28.427192737832854
7.934723995428732,17.09612788199924,-28.427192737816792
7.710309017436974,16.863768590413258,-28.427192737803956
7.487174931587277,16.613701554890376,-28.427192737795508
7.265541508434722,16.34594673763863,-28.427192737792513
7.0456111371303045,16.06055861249518,-28.427192737795888
6.827568199923185,15.757626729679641,-28.427192737806376
6.611578455440286,15.43727624430841,-28.427192737824523
6.397788434784475,15.099668404957,-28.427192737850643
6.186324855717205,14.745000997181252,-28.427192737884813
5.977294061428515,14.373508735493694,-28.42719273792686
5.770781491620215,13.98546359586886,-28.42719273797637
5.5668511948071835,13.581175079456349,-28.42719273803269
5.365545391843499,13.160990396853393,-28.42719273809497
5.166884101667576,12.725294561074968,-28.427192738162177
4.970864841093675,12.274510376309177,-28.427192738233135
4.777462411113782,11.809098308711743,-28.42719273830658
4.586628782570556,11.329556224932132,-28.42719273838124
4.398293094175881,10.836418983830399,-28.427192738455823
4.212361775639892,10.330257866992294,-28.427192738529147
4.028718808106379,9.811679834228588,-28.427192738600144
3.847226133133472,9.281326591293059,-28.427192738667927
3.667724220094943,8.739873458599394,-28.427192738731833
3.4900328001013152,8.188028031772719,-28.42719273879141
3.313951772360741,7.626528627428914,-28.42719273884646
3.1392622863436093,7.056142510605522,-28.427192738897013
2.96572800022735,6.477663903718982,-28.427192738943297
2.793096512942628,5.891911780717308,-28.427192738985717
2.6211009638010214,5.29972745413479,-28.427192739024754
2.4494617902550115,4.70197196691503,-28.427192739060953
2.2778886309337967,4.099523305013417,-28.427192739094824
2.106082357830916,3.4932734507723695,-28.427192739126784
1.9337372185118633,2.8841253007317507,-28.42719273915712
1.7605430665775166,2.272989474747062,-28.42719273918591
1.5861876564672879,1.660781045907183,-28.427192739213023
1.410358977102507,1.0484162226607752,-28.42719273923813
1.2327475979214049,0.436809015693727,-28.427192739260676
1.0530490005814108,-0.17313207759928884,-28.427192739279945
0.8709658700125804,-0.7805073387494332,-28.427192739295126
0.6862103195784488,-1.3844290130158718,-28.427192739305355
0.4985060267897448,-1.984024384533379,-28.42719273930981
0.30759025824917396,-2.5784387157608664,-28.42719273930777
0.11321576518823051,-3.166838028504849,-28.42719273929871
-0.08484746601892085,-3.748411707512684,-28.427192739282354
-0.2868106207312938,-4.322374911604782,-28.427192739258704
-0.4928646293206053,-4.887970781392333,-28.427192739228104
-0.7031789125263049,-5.444472436663077,-28.4271927391912
-0.9179003013327007,-5.991184760380607,-28.427192739148975
-1.137152130798994,-6.527445969819646,-28.427192739102686
-1.3610335045427473,-7.0526289785591105,-28.427192739053833
-1.5896187241902535,-7.566142555809635,-28.427192739004077
-1.8229568761024886,-8.067432291819447,-28.4271927389552
-2.0610715660836867,-8.555981379862434,-28.42719273890899
-2.3039607915854186,-9.031311226566483,-28.4271927388672
-2.5515969401221543,-9.492981903108177,-28.427192738831458
-2.8039269021925586,-9.940592450116066,-28.427192738803214
-3.0608722869228058,-10.373781049034207,-28.427192738783667
-3.322329728875957,-10.792225072253617,-28.427192738773748
-3.58817127496275,-11.195641023578771,-28.42719273877404
-3.8582448410997148,-11.583784379618372,-28.427192738784825
-4.132374729145863,-11.95644934153239,-28.42719273880604
-4.410362195665936,-12.313468505286735,-28.42719273883728
-4.691986065175096,-12.654712457214751,-28.427192738877864
-4.977003381678737,-12.980089300308883,-28.427192738926806
-5.265150093496572,-13.289544115308907,-28.427192738982903
-5.5561417675208205,-13.583058359352814,-28.42719273904477
-5.849674330175831,-13.860649203745663,-28.42719273911088
-6.145424833396073,-14.122368811308402,-28.427192739179635
-6.443052244899502,-14.368303552816583,-28.427192739249413
-6.742198262885175,-14.59857316124752,-28.42719273931863
-7.04248815601221,-14.813329821939057,-28.427192739385784
-7.34353163010885,-15.012757196335793,-28.427192739449534
-7.644923723505775,-15.197069376766743,-28.42719273950869
-7.946245733179889,-15.366509769666449,-28.42719273956229
-8.247066174029822,-15.521349904819328,-28.427192739609605
-8.546941773581636,-15.661888168570448,-28.427192739650174
-8.845418504245545,-15.788448459496655,-28.427192739683793
-9.142032654918237,-15.9013787657567,-28.4271927397105
-9.436311943260629,-16.00104966422037,-28.427192739730586
-9.727776669391409,-16.08785274249206,-28.427192739744573
-10.01594091104007,-16.16219894606691,-28.427192739753146
-10.300313759419932,-16.224516854056862,-28.427192739757157
-10.580400594235988,-16.275250888165314,-28.427192739757555
-10.8557043953605,-16.31485946083515,-28.42719273975534
-11.125727087819092,-16.343813069707956,-28.427192739751547
-11.389970915860552,-16.36259234667228,-28.42719273974715
-11.647939841063282,-16.371686070809144,-28.427192739743067
-11.899140958687743,-16.37158915542734,-28.427192739740104
-12.143085925842275,-16.36280062008905,-28.427192739738928
-12.379292394511047,-16.345821559031712,-28.427192739740047
-12.607285442114915,-16.321153117675838,-28.427192739743806
-12.826598992050691,-16.289294488959385,-28.427192739750378
-13.036777216588499,-16.250740941053564,-28.42719273975977
-13.237375914600996,-16.205981887598483,-28.427192739771865
-13.427963856847082,-16.15549901096269,-28.427192739786392
-13.608124091925346,-16.099764448200244,-28.427192739802997
-13.777455206532931,-16.03923904838043,-28.427192739821265
-13.935572534293426,-15.974370708832481,-28.427192739840734
-14.082109308129228,-15.905592796618649,-28.42719273986094
-14.216717751923602,-15.833322660264159,-28.42719273988144
-14.339070108018495,-15.757960235473538,-28.42719273990185
-14.448859597899002,-15.679886747289759,-28.42719273992183
-14.54580131419842,-15.599463509944213,-28.427192739941134
-14.629633042895247,-15.5170308245361,-28.427192739959608
-14.700116015244273,-15.432906973699259,-28.427192739977176
-14.75703558957069,-15.347387311587019,-28.42719273999386
-14.800201863545142,-15.260743446849286,-28.427192740009747
-14.829450217939733,-15.173222515802546,-28.427192740025
-14.844641793134445,-15.085046542707762,-28.42719274003982
-14.845663899799746,-14.996411883972081,-28.42719274005446
-14.832430365226553,-14.90748875317105,-28.427192740069163
-14.804881816716026,-14.818420824035858,-28.427192740084177
-14.762985903288175,-14.72932490894804,-28.427192740099727
-14.706737456732705,-14.640290711010557,-28.427192740116016
-14.636158592722142,-14.551380648394563,-28.42719274013319
-14.551298752353054,-14.462629750368084,-28.427192740151337
-14.452234684093838,-14.374045625166646,-28.4271927401705
-14.339070365715758,-14.285608500636359,-28.427192740190655
-14.211936865387221,-14.197271339335433,-28.42719274021175
-14.070992140738797,-14.108960030489909,-28.427192740233664
-13.916420774376617,-14.020573661833165,-28.427192740256245
-13.748433644052929,-13.931984874887894,-28.427192740279356
-13.567267525510324,-13.84304030764766,-28.427192740302804
-13.373184625915233,-13.753561128859403,-28.42719274032644
-13.166472045798576,-13.663343668179056,-28.42719274035013
-12.947441167535736,-13.572160146354994,-28.42719274037376
-12.716426968630122,-13.47975950927856,-28.427192740397263
-12.473787258416362,-13.385868369223727,-28.42719274042063
-12.219901837268278,-13.290192055881507,-28.42719274044387
-11.955171577977127,-13.192415778888352,-28.427192740467063
-11.680017429646089,-13.092205902467285,-28.427192740490288
-11.394879345212896,-12.989211331568718,-28.42719274051366
-11.100215134544934,-12.883065007543683,-28.427192740537283
-10.796499245927672,-12.773385509940109,-28.42719274056126
-10.484221479663042,-12.659778759521854,-28.427192740585625
-10.163885638382222,-12.541839816113102,-28.427192740610366
-9.836008119529486,-12.419154763411461,-28.427192740635405
-9.501116456262757,-12.291302671536458,-28.427192740660544
-9.159747813715912,-12.157857626828507,-28.427192740685506
-8.812447448154447,-12.018390817326722,-28.427192740709906
-8.45976713700951,-11.872472661466006,-28.427192740733236
-8.102263588080632,-11.719674966872685,-28.427192740754936
-7.740496836344636,-11.559573105723322,-28.427192740774355
-7.375028636793151,-11.391748192974438,-28.427192740790808
-7.006420861546158,-11.215789253873682,-28.42719274080361
-6.635233909161929,-11.031295367518467,-28.42719274081208
-6.262025133598635,-10.837877773820198,-28.427192740815638
-5.88734729969832,-10.63516193203699,-28.427192740813783
-5.511747071383123,-10.42278952002468,-28.42719274080617
-5.1357635380024895,-10.200420364488295,-28.427192740792634
-4.75992678347702,-9.967734293754397,-28.427192740773204
-4.384756502078444,-9.724432905886026,-28.427192740748122
-4.0107606638948505,-9.470241246283836,-28.42719274071789
-3.638434232283134,-9.204909390217372,-28.427192740683207
-3.268257934931783,-8.928213926969768,-28.427192740645005
-2.900697089568719,-8.639959343421808,-28.4271927406044
-2.536200484869331,-8.339979305915639,-28.427192740562692
-2.175199316763363,-8.028137840098868,-28.427192740521278
-1.8181061801159095,-7.7043304091356815,-28.42719274048165
-1.4653141156727112,-7.368484891169203,-28.42719274044532
-1.1171957122143144,-7.020562457220351,-28.427192740413773
-0.774102264053749,-6.6605583508112,-28.427192740388392
-0.43636298433065474,-6.288502570509405,-28.427192740370444
-0.10428427498936761,-5.9044604563144905,-28.427192740360983
0.22185094513605716,-5.508533180362096,-28.427192740360834
0.541783852089653,-5.100858141829329,-28.42719274037056
0.8552802656971156,-4.681609265208654,-28.427192740390407
1.162131132176943,-4.250997200309444,-28.42719274042033
1.4621529363133376,-3.80926942147994,-28.427192740459947
1.7551880383511254,-3.3567102226559364,-28.42719274050858
2.04110493013457,-2.893640603977629,-28.427192740565268
2.3197984044622677,-2.420418044916632,-28.427192740628797
2.5911896312029095,-1.93743615816675,-28.427192740697752
2.8552261334448006,-1.445124218020708,-28.42719274077057
3.111881656867357,-0.943946556625843,-28.427192740845587
3.3611559256543924,-0.4344018214271437,-28.427192740921157
3.6030742786417327,0.08297791269595069,-28.42719274099566
3.8376871800247976,0.6076281825805347,-28.427192741067582
4.0650695998573,1.1389533323517844,-28.4271927411356
4.2853202607534255,1.676327869350586,-28.427192741198617
4.498560748655933,2.2190979828080404,-28.427192741255794
4.704934487233675,2.76658322578095,-28.427192741306577
4.904605577394173,3.3180783586847826,-28.42719274135071
5.09775750549858,3.872855350328929,-28.42719274138823
5.284591726094465,4.430165529735663,-28.42719274141942
5.465326127273366,4.98924187928523,-28.427192741444813
5.640193389043903,5.5493014569625885,-28.427192741465092
5.809439247310986,6.109547932782213,-28.427192741481075
5.9733206780889825,6.6691742219355215,-28.427192741493617
6.132104018375005,7.2273651949393205,-28.427192741503585
6.286063041596864,7.783300443155612,-28.42719274151176
6.435477006667277,8.336157076584124,-28.42719274151884
6.580628700373174,8.885112529864424,-28.427192741525356
6.721802493073928,9.429347352009957,-28.427192741531666
6.8592824274600686,9.968047955555035,-28.42719274153796
6.993350359438522,10.500409301527075,-28.427192741544253
7.124284169084019,11.02563749793599,-28.427192741550403
7.252356058068751,11.542952291253789,-28.42719274155615
7.377830948108219,12.051589432574389,-28.427192741561136
7.50096499280712,12.550802902714736,-28.427192741564962
7.622004212929864,13.039866983350999,-28.42719274156723
7.7411832626349115,13.518078164279936,-28.42719274156757
7.8587243316802216,13.984756879956135,-28.427192741565687
7.974836186104808,14.439249071485877,-28.4271927415614
8.089713347488411,14.880927573170595,-28.427192741554613
8.203535408648543,15.309193325411822,-28.427192741545383
8.31646648160141,15.723476418252742,-28.4271927415339
8.428654771828928,16.123236971991926,-28.427192741520464
8.540232271384058,16.507965863130508,-28.427192741505493
8.651314562145979,16.87718530538761,-28.427192741489492
8.762000719608533,17.230449296636372,-28.427192741473036
8.8723733069446,17.567343943382756,-28.427192741456732
8.982498448722147,17.887487674848657,-28.42719274144121
9.09242597353497,18.19053135885543,-28.42719274142708
9.20218961492885,18.476158331563926,-28.427192741414917
9.311807260325034,18.74408435274675,-28.42719274140523
9.421281238139667,18.99405749768266,-28.427192741398454
9.530598633941533,19.22585799600756,-28.427192741394922
9.639731627253807,19.439298026964824,-28.427192741394872
9.748637841462596,19.634221479502013,-28.427192741398436
9.857260700221643,19.810503684590184,-28.427192741405605
9.96552978471729,19.968051126021827,-28.42719274141629
10.073361187161291,20.106801134796974,-28.42719274143028
10.180657856894282,20.226721571053773,-28.427192741447264
10.287309936495173,20.327810496356907,-28.427192741466843
10.39319508628825,20.41009583803893,-28.427192741488557
10.498178796609224,20.473635046208862,-28.42719274151187
10.602114688123933,20.518514743009924,-28.427192741536214
10.704844801379366,20.544850362734085,-28.427192741561
10.806199877598194,20.55278578049461,-28.42719274158563
10.905999633496334,20.542492926327732,-28.427192741609524
11.004053033600607,20.51417138084986,-28.427192741632126
11.10015856416204,20.468047947946452,-28.427192741652956
11.194104513291734,20.404376199421925,-28.42719274167158
11.28566926238238,20.32343598610591,-28.427192741687673
11.374621594211327,20.225532909599448,-28.427192741700978
11.460721023342945,20.11099774866369,-28.427192741711373
11.543718154551494,19.980185834212396,-28.42719274171885
11.623355074964815,19.8334763669743,-28.427192741723513
11.699365785478927,19.671271672148283,-28.427192741725577
11.771476676710812,19.493996385785888,-28.42719274172538
11.839407054341077,19.302096568202423,-28.427192741723367
11.902869718151168,19.09603874043626,-28.42719274172006
11.961571598387145,18.876308840638693,-28.42719274171605
12.015214452291957,18.643411098272033,-28.427192741711966
12.063495622753267,18.397866825105293,-28.427192741708478
12.106108860029996,18.14021312320393,-28.42719274170623
12.14274520646762,17.87100151138729,-28.42719274170583
12.173093943012557,17.590796472945584,-28.42719274170782
12.19684359521528,17.300173928735237,-28.42719274171265
12.213682995297312,16.999719641072613,-28.42719274172066
12.223302395777793,16.690027555086438,-28.427192741732043
12.225394629138837,16.3716980853338,-28.427192741746858
12.219656307083065,16.045336356500236,-28.42719274176501
12.20578905212653,15.71155040786205,-28.42719274178624
12.183500753597176,15.370949371863585,-28.42719274181016
12.152506839590767,15.024141637634871,-28.427192741836265
12.11253155608484,14.671733010534536,-28.42719274186393
12.063309244233471,14.314324878844241,-28.42719274189246
12.004585606862072,13.952512398568333,-28.42719274192112
11.936118955346624,13.586882706916874,-28.427192741949177
11.857681428385044,13.218013174490324,-28.42719274197592
11.769060174633122,12.846469705464756,-28.427192742000692
11.670058491763834,12.472805094227484,-28.427192742022932
11.56049691519264,12.09755744596809,-28.427192742042223
11.440214250466797,11.721248667724996,-28.427192742058256
11.30906854411672,11.344383035359474,-28.427192742070904
11.166937988584984,10.967445840912735,-28.427192742080177
11.013721757657668,10.590902123831123,-28.427192742086266
10.849340769599971,10.21519548864856,-28.427192742089506
10.673738375922019,9.8407470109198,-28.42719274209036
10.486880974354692,9.467954232522082,-28.42719274208941
10.288758545185091,9.097190246900361,-28.42719274208733
10.079385110578059,8.728802874430453,-28.42719274208485
9.85879911688863,8.363113927816737,-28.42719274208271
9.627063740249334,8.000418567322736,-28.42719274208168
9.384267115898894,7.640984745644901,-28.427192742082454
9.13052249181112,7.285052742368075,-28.427192742085683
8.865968307194468,6.932834788167562,-28.427192742091933
8.590768196375315,6.584514779226219,-28.42719274210165
8.30511091846631,6.240248082691507,-28.427192742115157
8.009210213070105,5.9001614343814985,-28.427192742132636
7.7033045820958845,5.5643529303337615,-28.427192742154155
7.387656997588097,5.232892114150106,-28.427192742179624
7.062554535301296,4.905820162397137,-28.427192742208838
6.728307933618551,4.583150170552679,-28.427192742241484
6.385251077319462,4.26486754211847,-28.427192742277136
6.033740405671523,3.9509304835301737,-28.42719274231532
5.67415424435781,3.6412706073701937,-28.427192742355484
5.306892060874599,3.3357936461142605,-28.427192742397065
4.9323736432416325,3.034380278211699,-28.427192742439477
4.551038202169368,2.736887067708659,-28.427192742482156
4.1633433972220475,2.4431475178761266,-28.427192742524568
3.7697642879998763,2.1529732384085913,-28.427192742566227
3.370792211931048,1.8661552247288207,-28.427192742606707
2.9669335909044907,1.5824652467889435,-28.42719274264563
2.5587086696730514,1.3016573435227958,-28.427192742682706
2.1466501896974357,1.02346941780869,-28.42719274271769
1.7313020028639743,0.7476249254786488,-28.427192742750407
1.3132176302726266,0.473834650595724,-28.427192742780736
0.8929587720328677,0.20179855795274695,-28.4271927428086
0.471093774701133,-0.06879228743856607,-28.427192742833938
0.04819606362197549,-0.3382537451634923,-28.427192742856725
-0.37515745202485673,-0.606906580731034,-28.427192742876947
-0.7983879932359034,-0.875074416344781,-28.427192742894604
-1.2209165357069576,-1.1430816645715771,-28.427192742909696
-1.6421654361416334,-1.411251458657617,-28.427192742922227
-2.0615600515800523,-1.6799035933030526,-28.427192742932213
-2.478530343083393,-1.9493524895307754,-28.427192742939685
-2.892512455348789,-2.219905196878351,-28.427192742944683
-3.3029502641972615,-2.4918594455172487,-28.427192742947298
-3.7092968843625926,-2.765501760080771,-28.42719274294765
-4.1110161305950115,-3.0411056459877885,-28.427192742945888
-4.507583925761041,-3.318929857914819,-28.427192742942253
-4.898489650348259,-3.599216758829179,-28.427192742937006
-5.2832374285484525,-3.8821907766880197,-28.42719274293051
-5.661347346871464,-4.168056964569944,-28.427192742923147
-6.032356602012703,-4.456999668674767,-28.427192742915377
-6.3958205754386555,-4.749181307338002,-28.427192742907685
-6.751313832848105,-5.04474126299174,-28.427192742900587
-7.098431047296033,-5.343794887890582,-28.427192742894597
-7.436787845319646,-5.646432623433056,-28.42719274289025
-7.766021575872193,-5.952719232062989,-28.427192742888007
-8.085792002244741,-6.26269314004357,-28.42719274288831
-8.395781917436782,-6.576365888865263,-28.427192742891496
-8.695697683624976,-6.893721692678056,-28.427192742897848
-8.985269696480428,-7.214717098923789,-28.427192742907515
-9.264252775106442,-7.53928074927598,-28.42719274292054
-9.532426478321081,-7.867313238058502,-28.427192742936835
-9.789595347905028,-8.198687065493,-28.42719274295621
-10.035589079289265,-8.533246683396925,-28.427192742978328
-10.270262619985061,-8.870808631296379,-28.42719274300276
-10.493496195876988,-9.21116176130529,-28.42719274302898
-10.705195265325168,-9.554067550528739,-28.427192743056388
-10.905290400872333,-9.899260500147175,-28.42719274308434
-11.093737098240648,-10.246448620703779,-28.427192743112165
-11.270515512247243,-10.595314003424802,-28.427192743139194
-11.435630119279478,-10.945513477629607,-28.427192743164817
-11.589109306061784,-11.296679354413346,-28.427192743188453
-11.73100488462398,-11.64842025679446,-28.42719274320965
-11.861391533651561,-12.000322036398938,-28.427192743228048
-11.98036616676324,-12.351948776496043,-28.42719274324342
-12.088047228718205,-12.702843880803595,-28.427192743255702
-12.184573921099384,-13.052531246948128,-28.42719274326495
-12.270105359639498,-13.40051652280517,-28.427192743271398
-12.344819666040351,-13.746288443172347,-28.4271927432754
-12.408912997865457,-14.089320243362907,-28.427192743277445
-12.462598520841123,-14.4290711453747,-28.427192743278106
-12.506105328658885,-14.7649879113189,-28.42719274327806
-12.539677316107849,-15.096506457815787,-28.427192743278
-12.563572012053763,-15.423053524116304,-28.427192743278642
-12.578059379397098,-15.744048385822216,-28.42719274328067
-12.58342058966126,-16.058904605288603,-28.427192743284724
-12.579946780262604,-16.36703180913115,-28.42719274329134
-12.567937802777902,-16.667837482755242,-28.427192743300953
-12.547700970638303,-16.960728771495955,-28.42719274331386
-12.519549814632585,-17.24511427782463,-28.427192743330213
-12.483802854392717,-17.520405844147614,-28.42719274335001
-12.440782393663468,-17.78602031099839,-28.42719274337309
-12.390813346632337,-18.041381240900108,-28.42719274339916
-12.334222101928892,-18.285920598839535,-28.427192743427796
-12.271335430111248,-18.51908038112647,-28.42719274345845
-12.202479439562534,-18.740314185391195,-28.427192743490505
-12.127978584746266,-18.94908871556755,-28.427192743523285
-12.048154729742206,-19.14488521689,-28.427192743556084
-11.963326268930448,-19.327200837165844,-28.427192743588204
-11.87380730563784,-19.49554991183626,-28.427192743618967
-11.779906888532993,-19.649465171578935,-28.427192743647776
-11.681928304577564,-19.78849887240124,-28.427192743674084
-11.580168426433575,-19.912223849298677,-28.427192743697464
-11.474917111407182,-20.02023449558529,-28.42719274371761
-11.366456648293344,-20.11214767092134,-28.427192743734324
-11.255061247884646,-20.187603541853598,-28.427192743747547
-11.14099657242921,-20.246266359334168,-28.427192743757363
-11.024519298971846,-20.28782517818753,-28.427192743763957
-10.905876711291464,-20.311994523849297,-28.42719274376766
-10.785306315055863,-20.318515011903894,-28.42719274376889
-10.663035470849444,-20.30715392600352,-28.42719274376818
-10.53928103988627,-20.277705759663267,-28.427192743766106
-10.414249037494452,-20.229992727201562,-28.427192743763342
-10.288134289841816,-20.163865248739434,-28.427192743760557
-10.161120089860136,-20.07920241369366,-28.42719274375846
-10.033377848908652,-19.97591242660603,-28.427192743757743
-9.90506674138945,-19.8539330384519,-28.427192743759065
-9.776333340279962,-19.713231965774582,-28.427192743763037
-9.647311242373231,-19.553807299106225,-28.427192743770206
-9.518120682906728,-19.375687901169684,-28.427192743781028
-9.388868140206284,-19.178933794318905,-28.427192743795842
-9.259645931963897,-18.96363653557745,-28.42719274381491
-9.130531805796068,-18.729919576487966,-28.42719274383832
-9.001588527780715,-18.477938603802652,-28.427192743866076
-8.872863473732188,-18.207881855841517,-28.42719274389802
-8.74438822902904,-17.91997040814005,-28.427192743933894
-8.616178203840144,-17.614458420821613,-28.4271927439733
-8.488232271580234,-17.291633338987584,-28.427192744015752
-8.360532439342531,-16.95181603634787,-28.42719274406068
-8.23304355987768,-16.59536089134796,-28.427192744107437
-8.105713095386092,-16.222655784220688,-28.427192744155366
-7.978470943934825,-15.834122002739452,-28.427192744203783
-7.8512293396691435,-15.430214044013002,-28.427192744252032
-7.723882838131252,-15.011419299480341,-28.427192744299525
-7.596308397895161,-14.578257610375138,-28.427192744345742
-7.468365569349698,-14.131280681367247,-28.427192744390286
-7.339896800789648,-13.671071340883145,-28.42719274443287
-7.2107278709921525,-13.198242637778291,-28.42719274447336
-7.080668456154992,-12.713436765592503,-28.427192744511753
-6.949512837458576,-12.217323807561776,-28.42719274454819
-6.817040753599659,-11.71060029786858,-28.427192744582918
-6.683018400460267,-11.193987597253644,-28.42719274461626
-6.547199577661504,-10.668230084034295,-28.427192744648625
-6.409326979163734,-10.134093164709942,-28.42719274468039
-6.269133622378715,-9.592361111601008,-28.427192744711917
-6.1263444075324855,-9.04383473826806,-28.42719274474348
-5.980677796344153,-8.489328926687884,-28.427192744775237
-5.83184759655283,-7.929670023213705,-28.42719274480716
-5.679564836520017,-7.365693123109112,-28.427192744839072
-5.523539712139953,-6.798239265817502,-28.427192744870567
-5.363483586678656,-6.228152565021395,-28.42719274490108
-5.199111022993198,-5.656277298886434,-28.427192744929865
-5.030141826898581,-5.083454986622874,-28.42719274495606
-4.856303080273867,-4.510521477607093,-28.42719274497872
-4.67733114283425,-3.93830407878833,-28.427192744996873
-4.492973602323465,-3.367618744988498,-28.42719274500962
-4.3029911541632115,-2.7992673550380407,-28.427192745016164
-4.107159393277845,-2.234035094551845,-28.4271927450159
-3.905270502824154,-1.67268796362737,-28.427192745008455
-3.6971348268181106,-1.1159704249451674,-28.427192744993732
-3.482582316077844,-0.5646032047789465,-28.427192744971958
-3.2614638394082602,-0.01928125638780866,-28.427192744943664
-3.0336523544539626,0.5193281077280689,-28.427192744909707
-2.799043935066162,1.0505869110800927,-28.427192744871217
-2.557558654298188,1.5738880349568551,-28.42719274482959
-2.309141324206702,2.088656568053639,-28.427192744786392
-2.053762095448131,2.594350987327697,-28.427192744743348
-1.7914169211919564,3.0904641750852093,-28.427192744702218
-1.5221278911069231,3.5765242785684945,-28.427192744664772
-1.2459434421078437,4.052095419194479,-28.427192744632666
-0.9629384531850984,4.516778259112493,-28.427192744607446
-0.6732142319910781,4.970210432927305,-28.42719274459041
-0.3768984009500009,5.412066852307282,-28.427192744582626
-0.07414469051787181,5.842059890809265,-28.42719274458484
0.23486735312007775,6.259939455647505,-28.42719274459751
0.549932739131734,6.6654929523618645,-28.427192744620722
0.8708214757514866,7.058545147449554,-28.427192744654263
1.1972790812034917,7.4389579330626425,-28.427192744697596
1.529027157199828,7.806629996886405,-28.427192744749885
1.8657640211899187,8.161496399344102,-28.427192744810064
2.207165394342785,8.503528059361322,-28.427192744876844
2.5528851430138886,8.832731149102743,-28.4271927449488
2.902556072157458,9.149146397397063,-28.427192745024392
3.25579076977033,9.452848301017875,-28.42719274510205
3.6121825019747806,9.743944242610741,-28.42719274518022
3.971306158749394,10.022573513865817,-28.42719274525743
4.332719250586283,10.28890624254166,-28.42719274533231
4.695962956481355,10.54314222215472,-28.427192745403676
5.060563223647487,10.785509643559696,-28.427192745470535
5.426031919178227,11.016263728251936,-28.427192745532103
5.791868033586447,11.235685264012133,-28.427192745587856
6.157558935706888,11.444079044466571,-28.4271927456375
6.522581677897117,11.641772215229654,-28.42719274568097
6.886404349815402,11.829112530498994,-28.427192745718422
7.248487478317683,12.006466525252877,-28.427192745750197
7.608285470223771,12.174217609516987,-28.427192745776807
7.9652480938823285,12.33276409248054,-28.427192745798866
8.318821994643844,12.482517145508746,-28.42719274581707
8.668452238560501,12.623898714276068,-28.427192745832166
9.013583877900349,12.757339391291726,-28.42719274584489
9.353663531418512,12.88327626096757,-28.427192745855926
9.688140971794583,13.002150730055588,-28.427192745865927
10.016470712244203,13.114406356731314,-28.427192745875413
10.338113584060018,13.22048669180122,-28.427192745884827
10.65253829674349,13.32083314545614,-28.42719274589448
10.959222972458994,13.415882892677585,-28.427192745904584
11.257656646773807,13.50606682983726,-28.427192745915224
11.547340728034246,13.591807594228946,-28.427192745926416
11.827790408256114,13.673517657261158,-28.42719274593808
12.09853601905839,13.751597500850911,-28.42719274595009
12.35912432692021,13.826433885231133,-28.427192745962298
12.609119762867243,13.898398214958968,-28.427192745974533
12.84810558256686,13.967845008433521,-28.427192745986652
13.07568495370408,14.03511047474414,-28.427192745998518
13.291481968394242,14.100511200217866,-28.427192746010046
13.49514257923765,14.164342945657578,-28.427192746021213
13.686335458412053,14.226879553997275,-28.42719274603203
13.86475277991069,14.288371966978927,-28.42719274604256
14.03011092564945,14.349047348501403,-28.427192746052924
14.18215111667447,14.409108311524724,-28.42719274606327
14.320639971092593,14.468732244843602,-28.427192746073775
14.445369990617841,14.52807073567809,-28.427192746084618
14.556159977777844,14.587249083864076,-28.427192746095972
14.652855385858865,14.646365903454784,-28.427192746108
14.735328603595043,14.705492807752986,-28.427192746120816
14.803479176437014,14.76467417416419,-28.427192746134512
14.857233965981301,14.823926985771328,-28.427192746149107
14.896547248820113,14.883240747156005,-28.427192746164593
14.921400755699102,14.942577472701881,-28.42719274618088
14.93180365146677,15.001871746382067,-28.427192746197836
14.927792455882798,15.061030852823592,-28.4271927462153
14.909430904943246,15.119934980226146,-28.42719274623307
14.876809751997719,15.178437496458095,-28.427192746250928
14.830046507595647,15.236365300329954,-28.427192746268656
14.769285116723482,15.293519250625243,-28.427192746286043
14.694695571897482,15.349674675924653,-28.427192746302936
14.606473460471681,15.404581968568728,-28.427192746319214
14.504839444518655,15.457967266247401,-28.427192746334836
14.390038671749748,15.509533224667106,-28.42719274634982
14.262340116166245,15.55895988451833,-28.427192746364277
14.122035847474104,15.605905635544817,-28.427192746378395
13.969440228749017,15.650008279902694,-28.427192746392446
13.804889042398006,15.690886196202882,-28.427192746406764
13.628738545116649,15.72813960466899,-28.42719274642174
13.44136445327118,15.761351932737863,-28.42719274643778
13.243160860922433,15.790091279209287,-28.427192746455315
13.034539093530766,15.813911973748713,-28.42719274647473
12.815926501212282,15.832356227200222,-28.427192746496374
12.587765196229556,15.844955866817054,-28.427192746520493
12.3505107401673,15.851234149206483,-28.427192746547224
12.104630786937621,15.850707642556797,-28.427192746576573
11.850603688355601,15.842888168607127,-28.42719274660839
11.588917069501566,15.827284793872733,-28.427192746642362
11.320066381422851,15.803405858880762,-28.427192746678006
11.044553438912155,15.770761033629558,-28.427192746714685
10.762884951122953,15.728863387176014,-28.42719274675161
10.475571052643556,15.677231459188992,-28.427192746787902
10.183123842353721,15.615391321483287,-28.427192746822588
9.886055936941489,15.542878617959351,-28.427192746854647
9.584879045378436,15.459240572002775,-28.427192746883073
9.280102569959023,15.364037951220604,-28.427192746906897
8.972232238728362,15.256846980378722,-28.42719274692528
8.661768773279377,15.137261194521363,-28.427192746937493
8.34920659502408,15.00489322546174,-28.427192746943007
8.035032572163495,14.859376516092361,-28.427192746941508
7.719724808726168,14.700366958234145,-28.427192746932935
7.403751476243383,14.527544450986447,-28.42719274691748
7.087569687905792,14.34061437771809,-28.4271927468956
6.77162441442357,14.139309000919527,-28.427192746868034
6.4563474403094805,13.92338877508857,-28.427192746835743
6.142156358936799,13.692643578621723,-28.42719274679994
5.82945360450335,13.446893866310162,-28.427192746762
5.518625518966503,13.185991744478562,-28.427192746723463
5.210041452105635,12.909821971046076,-28.42719274668595
4.9040528931182035,12.61830288282648,-28.427192746651137
4.600992632559727,12.311387252218012,-28.42719274662068
4.301173953989685,11.98906307506647,-28.427192746596145
4.00488985537441,11.651354290925616,-28.42719274657899
3.7124123011112276,11.298321436199059,-28.427192746570466
3.423991506458886,10.93006222974414,-28.427192746571592
3.139855257168238,10.546712089471331,-28.42719274658312
2.8602082681813874,10.148444577307622,-28.427192746605474
2.5852315863811457,9.735471768639023,-28.427192746638756
2.315082043496307,9.308044541040013,-28.427192746682728
2.049891766369307,8.86645277577594,-28.427192746736814
1.7897677528353932,8.411025464272294,-28.427192746800106
1.5347915224076785,7.942130710530972,-28.42719274687143
1.2850188517691103,7.460175619391092,-28.42719274694935
1.0404796056975303,6.9656060596363085,-28.427192747032247
0.8011776744501415,6.458906290299569,-28.427192747118397
0.5670910287662976,5.940598438167203,-28.427192747206007
0.33817190347273246,5.411241814492185,-28.427192747293304
0.11434712015826402,4.8714320593409175,-28.427192747378644
-0.10448144150205114,4.321800102860242,-28.42719274746053
-0.31843621546818207,3.763010934090952,-28.4271927475377
-0.527663157464812,3.1957621697849334,-28.427192747609176
-0.7323307849347482,2.620782418000907,-28.427192747674276
-0.932629046642186,2.038829434033174,-28.427192747732654
-1.1287680224780403,1.4506880694205713,-28.427192747784257
-1.3209764569996898,0.8571680183173411,-28.427192747829327
-1.5095001333932898,0.2591013692894951,-28.42719274786834
-1.6946000977848679,-0.34266002548506486,-28.42719274790193
-1.876550747041414,-0.9472473477177006,-28.427192747930874
-2.05563779628235,-1.5537777575392497,-28.42719274795595
-2.232156145150245,-2.161357461894543,-28.4271927479779
-2.4064076643564523,-2.769084880570032,-28.427192747997363
-2.578698926021484,-3.3760538811124494,-28.42719274801482
-2.74933890278652,-3.9813570520507677,-28.42719274803055
-2.918636661517652,-4.584088982736565,-28.427192748044625
-3.086899077619795,-5.183349517820437,-28.427192748056914
-3.2544285955117984,-5.77824695490049,-28.427192748067103
-3.421521059705788,-6.367901155192966,-28.427192748074745
-3.588463639227084,-6.9514465391295746,-28.427192748079303
-3.7555328658756686,-7.52803494149468,-28.42719274808021
-3.922992804155668,-8.096838303965894,-28.427192748076944
-4.091093367690222,-8.657051186582766,-28.427192748069096
-4.260068793708443,-9.207893083598133,-28.427192748056388
-4.430136283854695,-9.7486105332202,-28.42719274803876
-4.601494816240299,-10.27847901479037,-28.42719274801635
-4.774324130437725,-10.796804630832945,-28.427192747989537
-4.948783884098127,-11.302925575045984,-28.427192747958923
-5.125012977129806,-11.796213390585756,-28.427192747925325
-5.303129036965253,-12.27607402586121,-28.427192747889713
-5.4832280564072535,-12.74194869745368,-28.427192747853205
-5.665384173901809,-13.193314571686901,-28.427192747816985
-5.849649584843046,-13.629685277790301,-28.42719274778228
-6.0360545716642156,-14.050611266538743,-28.427192747750286
-6.224607639989201,-14.455680028743588,-28.427192747722128
-6.415295747981385,-14.844516188052776,-28.42719274769881
-6.608084616195549,-15.216781482239272,-28.42719274768118
-6.802919105674142,-15.572174646569284,-28.4271927476699
-6.999723652690084,-15.910431211997928,-28.427192747665412
-7.198402749382904,-16.231323229892954,-28.427192747667966
-7.39884146052307,-16.534658933787682,-28.42719274767754
-7.600905967733227,-16.820282347358773,-28.427192747693933
-7.804444133659907,-17.088072846455702,-28.42719274771671
-8.009286079793833,-17.337944681614054,-28.42719274774526
-8.215244772853532,-17.569846466097076,-28.427192747778797
-8.422116615851202,-17.783760633157257,-28.427192747816402
-8.629682041130591,-17.97970286491593,-28.427192747857056
-8.837706103785887,-18.15772149404444,-28.427192747899674
-9.045939074922392,-18.317896878311654,-28.42719274794313
-9.254117035190724,-18.460340747054474,-28.42719274798631
-9.461962469904524,-18.585195517741823,-28.427192748028155
-9.669184867827017,-18.692633580048984,-28.427192748067647
-9.875481326375299,-18.78285654424649,-28.427192748103913
-10.080537166535423,-18.85609445024313,-28.42719274813619
-10.284026561199605,-18.91260493331186,-28.427192748163876
-10.485613180924092,-18.952672342374502,-28.427192748186556
-10.684950861258786,-18.976606806728732,-28.42719274820399
-10.88168429581542,-18.9847432472692,-28.42719274821612
-11.075449759119966,-18.977440328581828,-28.427192748223106
-11.265875863038975,-18.955079348771697,-28.427192748225266
-11.452584350183553,-18.918063064512584,-28.427192748223103
-11.635190927185773,-18.86681444956861,-28.427192748217248
-11.81330614012111,-18.801775385921232,-28.42719274820847
-11.986536293630074,-18.723405287618462,-28.42719274819762
-12.154484414489167,-18.632179658526333,-28.427192748185607
-12.316751259514408,-18.52858858627871,-28.427192748173347
-12.472936366771911,-18.41313517586301,-28.427192748161755
-12.622639148142465,-18.286333927414855,-28.42719274815168
-12.765460020365776,-18.148709063892966,-28.42719274814388
-12.901001570800215,-18.00079281533469,-28.42719274813901
-13.028869753300265,-17.843123667321436,-28.427192748137557
-13.14867510886016,-17.676244582083896,-28.42719274813988
-13.260034005019502,-17.500701201324166,-28.42719274814615
-13.362569887493096,-17.317040040305468,-28.427192748156376
-13.455914537087049,-17.12580668304608,-28.427192748170395
-13.539709324705834,-16.927543988543686,-28.427192748187903
-13.613606457145249,-16.72279031784906,-28.427192748208476
-13.677270206403238,-16.51207779150929,-28.42719274823158
-13.73037811541904,-16.295930586423594,-28.427192748256594
-13.772622173460132,-16.074863280518112,-28.427192748282874
-13.803709954801572,-15.849379252874542,-28.427192748309768
-13.823365714864776,-15.619969146069703,-28.427192748336633
-13.83133143858171,-15.387109396531594,-28.427192748362902
-13.82736783640265,-15.151260837725758,-28.427192748388077
-13.811255284047517,-14.912867379988057,-28.42719274841175
-13.782794702788635,-14.672354769849525,-28.427192748433637
-13.741808377724192,-14.430129430786613,-28.42719274845357
-13.688140712136073,-14.186577386503537,-28.42719274847151
-13.62165891660503,-13.942063267135623,-28.427192748487524
-13.542253632065735,-13.696929398172067,-28.4271927485018
-13.449839486412397,-13.451494971446136,-28.42719274851461
-13.34435558460481,-13.206055297237992,-28.427192748526316
-13.225765932470948,-12.96088113638178,-28.427192748537312
-13.094059794555067,-12.716218111260794,-28.427192748548034
-12.949251986422906,-12.472286194703708,-28.427192748558927
-12.791383101814333,-12.229279276048006,-28.42719274857041
-12.620519674937734,-11.987364803996478,-28.427192748582886
-12.436754278041134,-11.74668350633837,-28.427192748596696
-12.240205554186092,-11.507349187115304,-28.427192748612107
-12.031018184907,-11.269448602357832,-28.427192748629324
-11.809362792176637,-11.033041416074719,-28.42719274864847
-11.57543577383589,-10.798160238716491,-28.42719274866957
-11.329459071398096,-10.564810750829848,-28.427192748692587
-11.071679868923876,-10.332971915043636,-28.427192748717395
-10.80237022149619,-10.102596279855172,-28.427192748743824
-10.521826611722824,-9.873610378894467,-28.427192748771635
-10.230369432667713,-9.645915229413474,-28.427192748800557
-9.928342395674456,-9.419386933661018,-28.427192748830294
-9.616111861703596,-9.193877386549433,-28.42719274886055
-9.294066095065176,-8.969215092588314,-28.42719274889103
-8.96261443879191,-8.745206094452241,-28.42719274892145
-8.622186411364636,-8.521635014766312,-28.42719274895154
-8.273230725065208,-8.298266211745297,-28.42719274898108
-7.916214226883642,-8.074845048225134,-28.42719274900986
-7.551620763633316,-7.851099272400594,-28.427192749037705
-7.179949973714051,-7.626740507257532,-28.427192749064467
-6.801716008788477,-7.401465844294224,-28.427192749090008
-6.417446189480468,-7.174959535699592,-28.42719274911419
-6.02767960004176,-6.9468947777356815,-28.427192749136882
-5.632965627739793,-6.716935576697636,-28.427192749157943
-5.233862453471718,-6.484738687536844,-28.427192749177195
-4.83093550078302,-6.249955614070712,-28.427192749194454
-4.4247558510430824,-6.012234658700855,-28.42719274920951
-4.015898632985942,-5.771223008751419,-28.427192749222115
-3.6049413951481304,-5.52656884594543,-28.42719274923202
-3.1924624699171416,-5.27792346517724,-28.427192749238973
-2.779039337938863,-5.024943388623154,-28.427192749242728
-2.3652470015208995,-4.767292461361832,-28.42719274924308
-1.951656375416789,-4.5046439150441575,-28.42719274923985
-1.5388327029945086,-4.236682386744338,-28.42719274923296
-1.127334005296502,-3.963105880918042,-28.427192749222407
-0.7177095699068308,-3.6836276633610026,-28.427192749208288
-0.31049848587572065,-3.397978077169557,-28.42719274919084
0.0937717697633682,-3.1059062719161497,-28.427192749170413
0.49458668908935516,-2.807181838529008,-28.427192749147498
0.8914460299479565,-2.5015963436666757,-28.427192749122696
1.2838650488290304,-2.188964758666442,-28.427192749096754
1.671375667304541,-1.869126779384901,-28.42719274907048
2.053527569975083,-1.5419480344063945,-28.427192749044778
2.429889232404262,-1.2073211801428287,-28.427192749020588
2.8000488779607897,-0.8651668822634825,-28.427192748998863
3.16361536282998,-0.5154346836587468,-28.42719274898053
3.5202189886955466,-0.15810375974602733,-28.427192748966462
3.8695122427294466,0.20681643763584004,-28.427192748957424
4.211170464565973,0.5792856462246437,-28.42719274895405
4.544892439884268,0.959232367592638,-28.42719274895682
4.870400920091905,1.3465535480651045,-28.427192748966043
5.187443067405413,1.741114364864902,-28.4271927489818
5.495790824378112,2.1427481163224793,-28.427192749003993
5.795241206650342,2.5512562153503837,-28.427192749032304
6.085616517412344,2.966408285798679,-28.427192749066215
6.366764481797225,3.387942361753077,-28.42719274910501
6.638558299182559,3.8155651902796586,-28.427192749147846
6.900896611196156,4.248952638526837,-28.42719274919373
7.15370338311537,4.687750206435002,-28.427192749241584
7.396927696339847,5.131573646546559,-28.42719274929029
7.630543449722172,5.580009692525661,-28.42719274933873
7.854548967774064,6.03261689796303,-28.427192749385817
8.068966514138486,6.48892658683648,-28.427192749430574
8.273841709236564,6.94844391660733,-28.427192749472123
8.469242851664086,7.410649054348622,-28.427192749509764
8.655260143721135,7.874998465522099,-28.427192749542982
8.832004822399814,8.340926314054617,-28.42719274957146
8.999608198212744,8.807845971226758,-28.42719274959511
9.1582206053962,9.275151629601247,-28.42719274961402
9.308010268238458,9.742220016818566,-28.427192749628492
9.449162089532663,10.208412202611951,-28.42719274963901
9.581876368397298,10.67307549088918,-28.427192749646167
9.706367455906108,11.135545387244797,-28.427192749650683
9.822862358082473,11.595147630856172,-28.427192749653326
9.93159929680025,12.051200278432733,-28.42719274965489
10.032826239956634,12.503015826780523,-28.427192749656143
10.126799412909023,12.949903359659302,-28.427192749657788
10.213781803570193,13.391170703985543,-28.427192749660417
10.294041673714094,13.826126580101361,-28.427192749664528
10.367851088947118,14.254082730805646,-28.42719274967046
10.435484479444414,14.674356014136734,-28.42719274967839
10.497217242944759,15.086270445501592,-28.427192749688363
10.553324400656729,15.48915917564809,-28.42719274970028
10.604079315677494,15.882366392147809,-28.4271927497139
10.649752482294835,16.26524913346054,-28.42719274972889
10.690610393169445,16.637179006244377,-28.427192749744837
10.726914489918457,16.997543798308293,-28.42719274976128
10.758920201084859,17.345748981425228,-28.427192749777724
10.78687606992304,17.681219100081012,-28.427192749793708
10.811022972898687,18.003399044076932,-28.42719274980877
10.831593428329274,18.31175520468455,-28.42719274982253
10.848810993212222,18.605776515728866,-28.42719274983467
10.862889745029626,18.88497538251447,-28.427192749844966
10.87403384420316,19.148888502880887,-28.427192749853283
10.882437171916637,19.397077585856998,-28.427192749859575
10.888283037237166,19.62912997436665,-28.427192749863917
10.891743946853499,19.844659179212158,-28.42719274986645
10.892981430312297,20.04330533212834,-28.4271927498674
10.892145913364978,20.224735566062705,-28.427192749867082
10.889376631931981,20.388644331006372,-28.427192749865842
10.884801579237271,20.53475365368799,-28.427192749864076
10.87853747885125,20.66281334926459,-28.427192749862204
10.87068977669165,20.772601192815017,-28.42719274986066
10.861352645455398,20.863923057980973,-28.427192749859863
10.850608995475913,20.936613029523958,-28.427192749860207
10.8385304866063,20.990533495890833,-28.427192749862073
10.82517753640665,21.025575227121013,-28.427192749865775
10.810599320651079,21.041657442598943,-28.427192749871573
10.794833762956452,21.038727872269813,-28.427192749879683
10.777907511159686,21.016762814005606,-28.427192749890228
10.759835898924878,20.9757671888436,-28.427192749903266
10.740622891936791,20.915774594830502,-28.42719274991879
10.720261018924813,20.8368473592009,-28.427192749936705
10.698731288653615,20.739076587609294,-28.427192749956845
10.676003094904763,20.622582208128502,-28.427192749978996
10.65203411234872,20.487513006735117,-28.42719275000286
10.626770187059556,20.3340466500348,-28.42719275002811
10.600145226244557,20.162389690049636,-28.427192750054367
10.572081092536148,19.972777545009713,-28.427192750081236
10.542487508911211,19.76547444927728,-28.427192750108322
10.511261980948497,19.540773364801296,-28.427192750135223
10.478289743693088,19.298995845871698,-28.427192750161563
10.44344374085128,19.040491848436332,-28.427192750187015
10.406584644372625,18.765639474879883,-28.427192750211304
10.367560922671077,18.474844644965057,-28.42719275023423
10.326208965777573,18.16854068362144,-28.42719275025567
10.282353275586416,17.84718781645683,-28.427192750275598
10.235806729044487,17.511272564274794,-28.427192750294097
10.186370921625342,17.161307028524043,-28.427192750311317
10.133836597723905,16.79782806048632,-28.42719275032753
10.077984173700834,16.421396308131335,-28.42719275034307
10.018584358203807,16.032595135922605,-28.427192750358337
9.955398873107912,15.63202941443226,-28.42719275037378
9.88818127696779,15.220324178391326,-28.42719275038983
9.816677891286352,14.79812315373241,-28.42719275040694
9.740628828211994,14.36608715623133,-28.4271927504255
9.659769116517536,13.924892366474431,-28.4271927504458
9.573829920934383,13.47522848801227,-28.42719275046806
9.482539848163155,13.017796797648389,-28.42719275049232
9.38562633120718,12.553308098791016,-28.427192750518515
9.282817082128341,12.082480590604748,-28.42719275054638
9.173841601952901,11.606037667279988,-28.42719275057551
9.058432735301167,11.124705663039318,-28.42719275060536
8.936328256415216,10.639211559479342,-28.42719275063522
8.807272472640147,10.150280672473615,-28.42719275066432
8.671017831094288,9.658634336119292,-28.427192750691805
8.527326514247795,9.164987601093992,-28.427192750716802
8.375972010412687,8.670046964311192,-28.42719275073848
8.216740645713937,8.174508145947135,-28.42719275075608
8.049433064934975,7.6790539287973365,-28.427192750768977
7.87386564967688,7.184352073554029,-28.427192750776705
7.689871863497399,6.6910533220331505,-28.427192750779
7.497303515057233,6.199789498681557,-28.427192750775827
7.296031931748574,5.711171718924911,-28.42719275076739
7.08594903776575,5.225788711136114,-28.42719275075412
6.86696833205325,4.744205257271663,-28.427192750736694
6.639025762989437,4.266960755591278,-28.427192750715985
6.402080497997084,3.7945679073894802,-28.42719275069303
6.156115587482907,3.327511528361947,-28.42719275066902
5.901138523573391,2.8662474841303576,-28.427192750645208
5.637181695016056,2.411201748572915,-28.427192750622897
5.364302740344411,1.962769582959575,-28.427192750603368
5.082584801958163,1.521314833468176,-28.427192750587835
4.79213668415163,1.0871693444485553,-28.427192750577394
4.493092918341732,0.6606324847878324,-28.42719275057299
4.18561373881659,0.24197078488683935,-28.427192750575365
3.8698849722643915,-0.1685823179437796,-28.427192750585057
3.546117844170707,-0.5708266274512317,-28.42719275060238
3.2145487049136396,-0.9645952310721788,-28.427192750627373
2.8754386780644294,-1.3497544380050908,-28.427192750659877
2.5290732330408714,-1.7262036129716645,-28.42719275069949
2.175761683886796,-2.093874905415841,-28.4271927507456
1.8158366155864756,-2.452732873449763,-28.427192750797452
1.4496532389904846,-2.8027740015065894,-28.427192750854108
1.077588675149637,-3.144026110426184,-28.42719275091456
0.7000411696441429,-3.4765476586030446,-28.42719275097774
0.3174292373712706,-3.8004269328835854,-28.42719275104254
-0.06980926177146439,-4.115781128124104,-28.427192751107892
-0.4612181157908601,-4.422755314717936,-28.427192751172782
-0.8563238213833958,-4.721521293971144,-28.42719275123628
-1.2546367115933412,-5.0122763419451815,-28.427192751297586
-1.6556521489273055,-5.295241843280635,-28.42719275135603
-2.0588517820016654,-5.570661817550834,-28.427192751411088
-2.463704863205222,-5.838801341844094,-28.427192751462385
-2.869669624194616,-6.09994487451002,-28.42719275150971
-3.2761947053239875,-6.354394486295011,-28.427192751552973
-3.6827206343654733,-6.602468006398009,-28.42719275159221
-4.0886813491278655,-6.844497092260083,-28.427192751627572
-4.493505757852742,-7.080825233120168,-28.427192751659277
-4.896619330586528,-7.311805698484245,-28.427192751687592
-5.297445714118214,-7.537799443628296,-28.42719275171283
-5.695408362559034,-7.759172985052457,-28.4271927517353
-6.08993217524232,-7.976296259395434,-28.427192751755317
-6.480445133355444,-8.18954047968182,-28.427192751773145
-6.866379926592764,-8.399276002895224,-28.427192751789043
-7.247175561145548,-8.605870222739796,-28.427192751803204
-7.622278940522768,-8.809685501073702,-28.427192751815806
-7.9911464110212425,-9.011077150880135,-28.427192751826983
-8.353245264125,-9.210391482802974,-28.427192751836834
-8.708055188697381,-9.407963926240823,-28.427192751845464
-9.055069666516768,-9.604117234796465,-28.42719275185295
-9.393797305475891,-9.799159784555732,-28.4271927518594
-9.723763105591265,-9.993383972259904,-28.427192751864915
-10.044509653828209,-10.18706471898105,-28.427192751869644
-10.355598244612375,-10.380458083451293,-28.427192751873744
-10.656609923746341,-10.573799987775338,-28.427192751877424
-10.947146454256567,-10.76730505690729,-28.427192751880902
-11.226831203441703,-10.961165572031334,-28.42719275188443
-11.495309951060596,-11.15555053687854,-28.427192751888285
-11.752251619174007,-11.35060485506155,-28.427192751892715
-11.997348924628238,-11.546448615730856,-28.42719275189799
-12.230318955535873,-11.74317648426065,-28.42719275190434
-12.450903673367115,-11.940857194262264,-28.427192751911956
-12.658870342416352,-12.139533136996628,-28.427192751920984
-12.854011888458446,-12.339220044205945,-28.427192751931507
-13.036147188365925,-12.53990676049602,-28.427192751943533
-13.205121292333319,-12.741555101657221,-28.42719275195701
-13.360805580161463,-12.94409979569276,-28.427192751971788
-13.503097852808112,-13.14744850380443,-28.427192751987672
-13.631922360127867,-13.351481919141568,-28.427192752004398
-13.747229765421915,-13.556053941721625,-28.427192752021636
-13.848997047113638,-13.760991928551835,-28.427192752039034
-13.937227337577607,-13.966097018592531,-28.427192752056218
-14.011949698893698,-14.171144532775928,-28.427192752072816
-14.073218835090973,-14.375884449803076,-28.427192752088494
-14.121114740301971,-14.580041958861568,-28.427192752102943
-14.15574228217988,-14.783318090715762,-28.42719275211593
-14.177230719948401,-14.985390428800969,-28.42719275212731
-14.185733156564929,-15.185913901988995,-28.427192752137028
-14.181425924685529,-15.384521660574416,-28.42719275214516
-14.16450790642639,-15.580826036754347,-28.42719275215186
-14.135199787317596,-15.774419590439638,-28.42719275215743
-14.093743245334691,-15.964876240648861,-28.427192752162256
-14.040400076460978,-16.15175248201014,-28.427192752166828
-13.97545125886449,-16.334588685047695,-28.4271927521717
-13.899195958450749,-16.512910477982718,-28.42719275217748
-13.81195047925521,-16.686230206759767,-28.427192752184794
-13.714047162845297,-16.85404846895164,-28.42719275219425
-13.605833241587005,-17.015855716131455,-28.427192752206423
-13.48766965127095,-17.17113391826677,-28.427192752221792
-13.359929809163347,-17.319358282721748,-28.427192752240746
-13.222998364026369,-17.45999901958449,-28.427192752263515
-13.077269925019955,-17.592523144298735,-28.42719275229021
-12.923147776636617,-17.71639630799948,-28.42719275232074
-12.761042586920333,-17.83108464555224,-28.427192752354852
-12.59137111617265,-17.936056631091088,-28.427192752392124
-12.414554933151365,-18.030784930850096,-28.42719275243196
-12.231019145423037,-18.114748243286623,-28.427192752473637
-12.041191150048355,-18.187433116897743,-28.427192752516298
-11.845499410171964,-18.248335736719476,-28.427192752559016
-11.644372262373832,-18.296963671253383,-28.4271927526008
-11.4382367588379,-18.332837572461766,-28.427192752640664
-11.227517547529706,-18.35549282248302,-28.427192752677637
-11.012635792672864,-18.36448112181072,-28.42719275271085
-10.79400813690091,-18.359372014821318,-28.4271927527395
-10.572045705561612,-18.33975434969189,-28.427192752762963
-10.34715315279024,-18.30523767088957,-28.427192752780776
-10.119727748169312,-18.25545354350687,-28.42719275279266
-9.890158502075463,-18.19005680973429,-28.427192752798558
-9.658825327197196,-18.1087267786791,-28.42719275279862
-9.42609823320507,-18.011168351535233,-28.427192752793225
-9.192336551179922,-17.89711308476719,-28.42719275278294
-8.957888184163734,-17.7663201944771,-28.427192752768555
-8.723088880097224,-17.618577505468526,-28.42719275275099
-8.488261523451147,-17.45370234869757,-28.427192752731347
-8.253715442044895,-17.27154241080701,-28.42719275271082
-8.019745725874715,-17.07197653927327,-28.427192752690672
-7.78663255524059,-16.85491550635964,-28.427192752672212
-7.554640536060182,-16.62030273456755,-28.42719275265671
-7.324018040982844,-16.368114985616202,-28.42719275264542
-7.094996555757496,-16.098363014168044,-28.427192752639474
-6.867790031254706,-15.811092186563616,-28.42719275263988
-6.642594242582959,-15.50638306374663,-28.427192752647468
-6.419586157857328,-15.18435194636384,-28.427192752662876
-6.198923320358663,-14.845151378732584,-28.4271927526865
-5.980743249043406,-14.488970607003417,-28.4271927527185
-5.765162863605433,-14.116035985431456,-28.427192752758767
-5.5522779415260555,-13.726611323238487,-28.427192752806953
-5.34216261574671,-13.320998163133023,-28.427192752862446
-5.134868922727823,-12.899535981198028,-28.427192752924412
-4.930426411679874,-12.462602296600599,-28.427192752991836
-4.7288418266289165,-12.010612678474653,-28.42719275306353
-4.530098873666217,-11.544020636430094,-28.427192753138204
-4.334158086186464,-11.06331738050622,-28.427192753214513
-4.14095680109736,-10.569031436070077,-28.427192753291127
-3.950409258843655,-10.061728099217332,-28.427192753366764
-3.762406839593195,-9.542008718714383,-28.427192753440274
-3.57681844705075,-9.010509791468541,-28.42719275351066
-3.393491050075988,-8.46790185995905,-28.427192753577163
-3.21225039057628,-7.914888202021496,-28.42719275363924
-3.032901864029109,-7.352203305848476,-28.427192753696602
-2.8552315764859593,-6.780611126025965,-28.4271927537492
-2.6790075790614254,-6.200903119819314,-28.42719275379721
-2.5039812777787693,-5.613896066682222,-28.427192753840988
-2.329889013305569,-5.0204296779898785,-28.427192753881023
-2.1564538016663684,-4.421364008175097,-28.427192753917865
-1.9833872235725891,-3.817576682637964,-28.427192753952053
-1.8103914466815174,-3.209959961857327,-28.427192753984073
-1.6371613620072814,-2.5994176649039455,-28.42719275401427
-1.4633868129758332,-1.9868619788911916,-28.427192754042828
-1.2887548933518012,-1.3732101836626223,-28.42719275406969
-1.11295228856047,-0.7593813230895589,-28.427192754094612
-0.9356676338542492,-0.14629285564661998,-28.427192754117115
-0.7565938623747,0.4651426826071381,-28.42719275413656
-0.5754305164544974,1.0740209699082042,-28.42719275415217
-0.39188599647443456,1.6794491140256214,-28.427192754163112
-0.20567972319554087,2.280548761358523,-28.42719275416856
-0.016544191655990734,2.8764590730940265,-28.427192754167777
0.1757731026346867,3.4663395448931547,-28.4271927541602
0.3715078814632696,4.049372650274404,-28.427192754145473
0.5708774586453694,4.624766291851354,-28.42719275412353
0.774079281342729,5.191756048699726,-28.427192754094634
0.9812896441931988,5.749607212232661,-28.42719275405933
1.1926625791898453,6.297616606914829,-28.427192754018517
1.4083289211510974,6.835114195827991,-28.427192753973372
1.6283955458062427,7.361464474416232,-28.427192753925315
1.8529447750416275,7.876067658615804,-28.427192753875957
2.082033941755338,8.378360675964439,-28.42719275382702
2.3156951050760797,8.867817970164277,-28.42719275378027
2.5539349054225293,9.343952130938744,-28.427192753737472
2.7967345480045527,9.806314361893913,-28.427192753700243
3.0440499028768326,10.254494799500842,-28.427192753670067
3.295811709518287,10.68812269630147,-28.42719275364819
3.5519258740896777,11.106866481058772,-28.427192753635573
3.812273847974968,11.510433707879354,-28.42719275363291
4.076713076894817,11.898570905392488,-28.427192753640526
4.345077510748296,12.271063335932487,-28.427192753658453
4.617178165347425,12.627734673397889,-28.427192753686363
4.892803728316851,12.96844660710375,-28.42719275372365
5.17172120259878,13.293098377551262,-28.42719275376941
5.453676582195581,13.60162624865505,-28.427192753822517
5.738395555967128,13.894002919631642,-28.427192753881627
6.025584236448151,14.170236878495844,-28.427192753945278
6.314929911737426,14.430371697964246,-28.427192754011912
6.60610181951352,14.674485273550719,-28.427192754079908
6.898751943131896,14.90268900277787,-28.427192754147708
7.192515830539556,15.115126903737075,-28.427192754213806
7.48701343739256,15.311974670720735,-28.42719275427682
7.78184999626832,15.493438664332231,-28.42719275433554
8.07661691422064,15.6597548333576,-28.427192754388955
8.370892701126216,15.811187565759237,-28.427192754436287
8.66424393131487,15.948028466424061,-28.42719275447701
8.956226240863515,16.0705950597598,-28.427192754510834
9.246385362670564,16.179229415872925,-28.427192754537767
9.534258201021375,16.27429669986475,-28.427192754558025
9.819373946818558,16.356183644728663,-28.427192754572065
10.10125523399894,16.425296949397254,-28.427192754580545
10.379419336910901,16.482061604644286,-28.42719275458427
10.653379407603838,16.52691915076156,-28.427192754584166
10.922645751110627,16.56032587216857,-28.42719275458124
11.18672713591135,16.582750935337,-28.427192754576517
11.445132135880042,16.594674477583553,-28.427192754571013
11.697370499165137,16.59658565536575,-28.42719275456567
11.942954538665612,16.58898066167001,-28.427192754561347
12.181400538065603,16.572360722876347,-28.427192754558753
12.41223016680286,16.54723008609169,-28.427192754558465
12.634971896890894,16.514094008341246,-28.427192754560874
12.8491624142053,16.47345675917991,-28.427192754566228
13.054348016691174,16.425819648225836,-28.427192754574577
13.250085991954194,16.371679088826724,-28.427192754585825
13.435945966860652,16.311524708555936,-28.42719275459975
13.611511222083514,16.245837516516882,-28.427192754616026
13.776379964978924,16.175088136535166,-28.42719275463422
13.93016655474255,16.09973511426939,-28.42719275465387
14.072502674456057,16.020223305108715,-28.427192754674493
14.203038445365776,15.936982348487337,-28.427192754695604
14.321443479512556,15.85042523297349,-28.42719275471677
14.42740786762647,15.760946955224002,-28.42719275473762
14.520643099986513,15.668923274673917,-28.427192754757854
14.600882918698973,15.574709564690355,-28.42719275477725
14.667884100546145,15.47863975989241,-28.427192754795705
14.72142717018082,15.381025398451293,-28.427192754813177
14.76131704397566,15.282154757458018,-28.427192754829733
14.787383605268838,15.182292078894227,-28.4271927548455
14.799482212070826,15.081676883373405,-28.42719275486067
14.797494138508924,14.980523368636963,-28.427192754875474
14.781326951386482,14.879019889787632,-28.427192754890182
14.750914823227891,14.77732851841222,-28.42719275490504
14.706218783075709,14.675584678071623,-28.42719275492032
14.647226906114165,14.573896854099042,-28.427192754936236
14.573954442926754,14.472346376224717,-28.427192754952966
14.486443888870786,14.370987273210728,-28.427192754970662
14.384764993685103,14.269846199404785,-28.42719275498939
14.26901471105766,14.168922433877036,-28.42719275500918
14.139317087485733,14.06818795355819,-28.427192755029992
13.995823089382554,13.967587582519728,-28.427192755051742
13.838710367039058,13.867039220197109,-28.427192755074312
13.668182953756267,13.76643415192548,-28.427192755097547
13.484470898239552,13.665637445607363,-28.427192755121276
13.28782982820588,13.56448843863822,-28.427192755145335
13.07854044311223,13.462801319358102,-28.427192755169564
12.856907933977958,13.36036580725833,-28.427192755193825
12.623261328453319,13.25694793593967,-28.42719275521802
12.37795275958428,13.152290942386186,-28.427192755242086
12.121356657139989,13.046116265486383,-28.427192755266002
11.853868860899517,12.938124655906648,-28.427192755289795
11.575905655929999,12.827997398414148,-28.42719275531351
11.287902730616349,12.715397646576784,-28.427192755337234
10.99031405900633,12.599971868462628,-28.427192755361045
10.683610709893205,12.481351400552317,-28.427192755385025
10.368279585947933,12.359154105602366,-28.427192755409216
10.044822097107936,12.232986128695906,-28.42719275543362
9.713752773302227,12.102443744233772,-28.427192755458172
9.375597822415768,11.96711528519743,-28.427192755482714
9.030893640142345,11.826583144699434,-28.427192755507022
8.680185279020112,11.680425838668443,-28.42719275553075
8.324024884465757,11.528220117530525,-28.42719275555346
7.962970106004305,11.369543113977901,-28.427192755574634
7.59758249211953,11.203974513383548,-28.42719275559368
7.2284258772177825,11.031098733140945,-28.427192755609962
6.8560647691050045,10.850507097188613,-28.427192755622816
6.4810627451279155,10.661799992216391,-28.42719275563161
6.103980864736773,10.464588992532715,-28.427192755635744
5.7253761057051555,10.258498941279075,-28.42719275563473
5.345799830612713,10.043169976582037,-28.42719275562819
4.965796289484356,9.818259492300566,-28.42719275561593
4.585901163710985,9.583444024218874,-28.427192755597915
4.20664015558119,9.338421053810894,-28.42719275557434
3.8285276269589663,9.082910723019374,-28.427192755545608
3.4520652898775595,8.816657454807798,-28.427192755512362
3.0777409511099196,8.539431475516409,-28.42719275547545
2.7060273121454257,8.251030236246908,-28.42719275543591
2.3373808254704103,7.951279731580504,-28.427192755394962
1.9722406076326708,7.640035714872574,-28.42719275535395
1.6110274092792711,7.317184810141468,-28.42719275531431
1.2541426421998687,6.982645521162199,-28.427192755277513
0.9019674633873029,6.636369138777349,-28.427192755245024
0.5548619162415075,6.278340547643058,-28.42719275521823
0.21316412928603434,5.908578933639279,-28.427192755198394
-0.12281042687158376,5.52713839299807,-28.427192755186613
-0.4527696231376951,5.134108443854978,-28.42719275518376
-0.7764452943367913,4.729614440425032,-28.427192755190443
-1.0935937980501773,4.313817889370354,-28.427192755207
-1.403996506854504,3.8869166671890545,-28.42719275523346
-1.7074602302472635,3.4491451366478216,-28.427192755269534
-2.003817561881061,3.0007741594397084,-28.427192755314636
-2.2929271471069637,2.5421110014140784,-28.42719275536789
-2.574673865281462,2.0734991259397404,-28.427192755428173
-2.8489689208541855,1.5953178702692408,-28.42719275549415
-3.1157498369567906,1.1079819992168713,-28.427192755564306
-3.374980345088587,0.6119411300893733,-28.427192755637066
-3.626650164570196,0.10767902265861601,-28.427192755710774
-3.870774665737883,-0.4042872719222595,-28.427192755783835
-4.107394411398188,-0.923408408951399,-28.427192755854744
-4.336574571868337,-1.4491038997269818,-28.427192755922142
-4.558404209998009,-1.9807634167223196,-28.427192755984883
-4.772995433898252,-2.5177482569051812,-28.427192756042075
-4.9804824166791235,-3.0593929640030577,-28.42719275609309
-5.181020284293237,-3.6050071085018924,-28.4271927561376
-5.374783874560876,-4.153877221894488,-28.42719275617556
-5.5619663725653385,-4.705268879222252,-28.427192756207198
-5.74277782979699,-5.258428921349692,-28.427192756232966
-5.91744357662463,-5.8125878057564035,-28.427192756253497
-6.086202539811493,-6.366962072015822,-28.42719275626958
-6.249305478795573,-6.92075690564862,-28.427192756282064
-6.407013156246252,-7.4731687817858825,-28.42719275629181
-6.559594459921626,-8.023388168143727,-28.42719275629964
-6.707324494022107,-8.57060226527785,-28.427192756306283
-6.850482659015847,-9.113997761020602,-28.427192756312333
-6.9893507392646095,-9.652763575454253,-28.42719275631823
-7.124211017685811,-10.186093572770586,-28.427192756324217
-7.255344436146138,-10.713189216915254,-28.427192756330395
-7.383028819310669,-11.23326214899903,-28.42719275633668
-7.507537178302053,-11.745536666038856,-28.427192756342862
-7.6291361088052945,-12.24925208261195,-28.427192756348624
-7.748084296245399,-12.743664959392369,-28.427192756353588
-7.86463113843733,-13.228051185205866,-28.427192756357353
-7.97901549373481,-13.701707902093059,-28.427192756359528
-8.09146456026316,-14.163955265817716,-28.42719275635978
-8.202192889385632,-14.61413803720397,-28.42719275635785
-8.311401534191706,-15.051627002547015,-28.4271927563536
-8.419277331570873,-15.475820224040113,-28.42719275634699
-8.525992314397831,-15.886144123632363,-28.42719275633813
-8.631703248545435,-16.28205440592623,-28.42719275632722
-8.736551287889087,-16.663036827605758,-28.427192756314604
-8.840661739188365,-17.02860782243385,-28.427192756300705
-8.944143927735718,-17.378314992062137,-28.427192756286036
-9.047091153945786,-17.711737473762756,-28.427192756271143
-9.149580730611989,-18.028486196732253,-28.42719275625662
-9.251674090362975,-18.328204038854597,-28.42719275624306
-9.35341695288857,-18.610565895770915,-28.427192756231015
-9.45483954174863,-18.875278673818915,-28.42719275622101
-9.555956841001926,-19.122081217908736,-28.4271927562135
-9.656768882468818,-19.350744184727425,-28.427192756208868
-9.75726105514456,-19.56106987084507,-28.427192756207383
-9.857404429083854,-19.75289200436216,-28.42719275620924
-9.957156086958436,-19.92607550771951,-28.427192756214517
-10.0564594574262,-20.080516238214603,-28.42719275622317
-10.155244645423565,-20.21614071165436,-28.427192756235083
-10.25342875548519,-20.332905813444402,-28.427192756250008
-10.350916205192187,-20.4307985002859,-28.427192756267633
-10.447599026838075,-20.5098354945379,-28.427192756287546
-10.543357156370144,-20.570062972218516,-28.427192756309296
-10.638058709601747,-20.611556244573894,-28.42719275633236
-10.731560246589762,-20.634419432149055,-28.42719275635619
-10.823707025922067,-20.638785129359782,-28.427192756380226
-10.914333251454352,-20.624814056697645,-28.427192756403908
-11.003262314765777,-20.592694696910925,-28.42719275642669
-11.090307037260768,-20.54264291080131,-28.42719275644808
-11.17526991642128,-20.47490152766895,-28.427192756467626
-11.257943381201837,-20.389739904937343,-28.42719275648496
-11.33811006194987,-20.28745345110327,-28.427192756499796
-11.415543080518088,-20.168363105896585,-28.42719275651196
-11.490006366405696,-20.032814771408542,-28.42719275652136
-11.561255004813782,-19.881178687964812,-28.42719275652804
-11.629035622421025,-19.71384874868714,-28.427192756532158
-11.693086816474178,-19.53124174701109,-28.427192756533966
-11.753139632441034,-19.333796551909217,-28.427192756533845
-11.808918094991645,-19.121973206208416,-28.427192756532246
-11.860139796459443,-18.89625194418299,-28.427192756529713
-11.906516546193878,-18.65713212554183,-28.427192756526853
-11.94775508336036,-18.405131083996395,-28.427192756524278
-11.983557854785603,-18.140782889776766,-28.427192756522633
-12.01362385840451,-17.86463702673363,-28.427192756522526
-12.037649551760017,-17.57725698599681,-28.42719275652452
-12.055329823864332,-17.27921877952505,-28.427192756529102
-12.066359027575553,-16.971109378242563,-28.42719275653664
-12.070432068507015,-16.65352508078006,-28.427192756547402
-12.067245545396828,-16.327069820084514,-28.427192756561496
-12.056498935851357,-15.99235341629785,-28.427192756578897
-12.037895820466279,-15.6499897852969,-28.42719275659941
-12.011145137546984,-15.300595113106455,-28.42719275662271
-11.975962460017463,-14.944786007020664,-28.427192756648324
-11.932071285639418,-14.583177634678423,-28.427192756675684
-11.879204331371925,-14.216381862526276,-28.427192756704102
-11.817104822590686,-13.84500540506625,-28.427192756732865
-11.745527767953513,-13.469647996032606,-28.427192756761222
-11.664241210937039,-13.090900592185113,-28.427192756788433
-11.573027449465394,-12.709343619768594,-28.42719275681381
-11.471684215586402,-12.325545272897093,-28.42719275683675
-11.36002580780176,-11.940059872208074,-28.42719275685675
-11.237884169399651,-11.553426291133778,-28.427192756873467
-11.105109906943245,-11.166166456090183,-28.427192756886683
-10.961573243909058,-10.778783925826533,-28.427192756896357
-10.807164905317107,-10.39176255414593,-28.42719275690262
-10.64179693002465,-10.005565239232755,-28.427192756905747
-10.465403408143262,-9.620632761934496,-28.427192756906184
-10.277941141765014,-9.23738271456771,-28.427192756904482
-10.079390227831244,-8.85620852116783,-28.427192756901302
-9.869754562534352,-8.477478549592723,-28.4271927568974
-9.64906226710162,-8.101535315525426,-28.427192756893547
-9.417366035166403,-7.728694778202291,-28.42719275689053
-9.174743402186635,-7.359245727612459,-28.427192756889124
-8.921296937528002,-6.993449262962032,-28.42719275689003
-8.657154359896806,-6.631538362355486,-28.4271927568939
-8.38246857679643,-6.2737175438981545,-28.427192756901242
-8.097417648604452,-5.92016261874427,-28.427192756912454
-7.802204677740018,-5.57102053697996,-28.42719275692783
-7.497057623229591,-5.226409327613523,-28.427192756947466
-7.182229040800857,-4.88641813431901,-28.427192756971365
-6.857995748457099,-4.5511073489168945,-28.427192756999357
-6.524658417325238,-4.220508844851379,-28.42719275703116
-6.182541087446453,-3.8946263131134677,-28.427192757066397
-5.831990608104413,-3.573435703140467,-28.427192757104585
-5.4733760022764315,-3.2568857711773216,-28.427192757145164
-5.107087754858625,-2.9448987383981895,-28.42719275718756
-4.733537024466622,-2.637371060747189,-28.427192757231158
-4.353154778854231,-2.334174311959614,-28.427192757275343
-3.9663908543266144,-2.035156180568556,-28.427192757319542
-3.5737129399507817,-1.7401415808919032,-28.427192757363205
-3.1756054878803175,-1.4489338770419251,-28.42719275740586
-2.772568551704606,-1.161316217920602,-28.427192757447074
-2.365116555393759,-0.8770529799805014,-28.427192757486505
-1.9537769961235816,-0.5958913132702572,-28.427192757523873
-1.5390890850121661,-0.31756278497682944,-28.427192757558974
-1.1216023305604996,-0.04178511335827836,-28.42719275759164
-0.7018750703416418,0.23173601633237279,-28.427192757621796
-0.280472957203572,0.5033050635617556,-28.427192757649372
0.14203259308326302,0.7732346826286524,-28.427192757674348
0.5650659852132278,1.0418437229279713,-28.427192757696726
0.9880490507541569,1.3094551919464705,-28.42719275771651
1.4104026691845326,1.576394194202484,-28.427192757733724
1.8315483949138993,1.8429858597580369,-28.427192757748386
2.2509100815250265,2.109553276117744,-28.42719275776053
2.6679154945007904,2.37641543727806,-28.427192757770182
3.0819979038634724,2.643885223403972,-28.427192757777398
3.4925976484538244,2.9122674240970605,-28.42719275778225
3.89916366400188,3.1818568174954693,-28.427192757784834
4.301154967676961,3.4529363165357796,-28.427192757785285
4.698042092432959,3.7257751926379137,-28.427192757783796
5.089308465166451,4.0006273858801675,-28.427192757780603
5.474451723457312,4.277729909448586,-28.427192757775998
5.852984966441164,4.557301354810883,-28.42719275777034
6.224437936147358,4.839540502717922,-28.42719275776402
6.588358126403126,5.124625043811928,-28.42719275775748
6.944311817133933,5.4127104113541264,-28.427192757751214
7.291885032564074,5.703928727405695,-28.4271927577457
7.630684422425439,5.998387862730653,-28.427192757741444
7.960338065804679,6.296170609758113,-28.42719275773892
8.2804961976919,6.5973339671595,-28.427192757738556
8.59083185863331,6.9019085339730335,-28.427192757740734
8.891041468135457,7.209898010746815,-28.42719275774575
9.180845322622556,7.52127880487141,-28.42719275775382
9.459988018817139,7.835999737125819,-28.427192757765024
9.72823880340665,8.153981846455714,-28.427192757779352
9.985391849785996,8.475118290123902,-28.427192757796668
10.231266462541985,8.79927433660108,-28.427192757816723
10.46570721018462,9.126287448877877,-28.427192757839155
10.688583986448814,9.455967456252965,-28.427192757863498
10.899792000304487,9.788096813060871,-28.427192757889216
11.09925169464017,10.122430943220989,-28.427192757915716
11.286908593441499,10.458698669889754,-28.427192757942354
11.462733077186668,10.79660272985589,-28.427192757968502
11.626720086140432,11.135820372609762,-28.427192757993534
11.77888875125859,11.476004044221163,-28.427192758016897
11.91928195252614,11.81678215625618,-28.427192758038085
12.047965804751653,12.157759939938721,-28.42719275805672
12.165029071131785,12.498520385604982,-28.427192758072525
12.270582505283826,12.838625267204076,-28.42719275808538
12.36475812291749,13.177616251164956,-28.42719275809529
12.447708404872708,13.515016088383542,-28.427192758102414
12.519605433876979,13.850329887396018,-28.427192758107058
12.580639968059208,14.18304646601051,-28.427192758109648
12.631020454978882,14.512639777791893,-28.427192758110724
12.670971990668892,14.838570408859258,-28.427192758110913
12.700735228924184,15.160287139492597,-28.427192758110895
12.720565246772281,15.477228564087362,-28.427192758111374
12.730730372710422,15.788824762076379,-28.42719275811306
12.731510984863354,16.094499011592532,-28.4271927581166
12.723198286682972,16.393669536905012,-28.427192758122583
12.706093068155743,16.68575128005663,-28.427192758131483
12.680504460689928,16.970157686684924,-28.42719275814366
12.646748693909807,17.24630249574612,-28.427192758159332
12.60514786248128,17.513601522791348,-28.427192758178556
12.556028710830695,17.771474426576773,-28.42719275820124
12.499721443200315,18.01934644912205,-28.427192758227132
12.43655856591836,18.256650119857877,-28.427192758255856
12.366873768063261,18.482826915208943,-28.42719275828691
12.291000845888641,18.697328865823053,-28.42719275831968
12.209272675469686,18.899620104655526,-28.427192758353502
12.122020237056832,19.089178350221083,-28.427192758387648
12.029571693605396,19.265496320502102,-28.427192758421395
11.932251524915795,19.428083074219636,-28.427192758454026
11.83037971779453,19.57646527739938,-28.427192758484868
11.724271011655624,19.71018839436827,-28.427192758513335
11.614234198047964,19.82881780346909,-28.427192758538922
11.500571471736233,19.93193983885532,-28.42719275856124
11.383577830198169,20.019162760704194,-28.427192758580027
11.263540517742607,20.090117657044576,-28.427192758595154
11.14073850991118,20.144459281124238,-28.42719275860662
11.015442033408638,20.181866828828273,-28.42719275861458
10.887912116516679,20.20204466110097,-28.4271927586193
10.758400164785028,20.204722976614775,-28.427192758621175
10.627147556760404,20.189658440072098,-28.427192758620702
10.494385254606204,20.156634771521656,-28.427192758618467
10.360333424678444,20.105463301925013,-28.427192758615142
10.225201063451697,20.03598349992709,-28.42719275861142
10.08918562462565,19.948063474373555,-28.427192758608047
9.952472643781991,19.841600456585553,-28.427192758605752
9.815235357595098,19.716521265756317,-28.427192758605266
9.677634315321027,19.572782760082507,-28.42719275860727
9.539816981089905,19.4103722753946,-28.427192758612374
9.401917326398527,19.22930805211336,-28.42719275862112
9.264055413134486,19.02963965034304,-28.427192758633936
9.126336968450763,18.81144835182628,-28.427192758651135
8.988852953839999,18.574847546342102,-28.42719275867292
8.851679131818779,18.319983098940128,-28.427192758699334
8.71487563471051,18.04703369318583,-28.427192758730303
8.578486541095057,17.75621114436199,-28.427192758765614
8.4425394665562,17.447760675350587,-28.427192758804903
8.307045176383141,17.1219611467325,-28.427192758847713
8.171997228846381,16.779125231516826,-28.427192758893472
8.037371658544696,16.419599523880134,-28.427192758941544
7.903126710079961,16.043764570392973,-28.427192758991215
7.769202632929147,15.652034811475422,-28.427192759041766
7.63552154881568,15.244858420295259,-28.4271927590925
7.501987403102821,14.822717026042808,-28.427192759142727
7.3684860117080975,14.386125308526024,-28.42719275919187
7.23488521474092,13.935630451365233,-28.42719275923942
7.101035147470555,13.471811441761755,-28.427192759285017
6.966768638319919,12.995278205893138,-28.427192759328427
6.83190174234208,12.506670570464053,-28.427192759369568
6.696234417070794,12.006657042818365,-28.427192759408506
6.559551345755798,11.49593340428054,-28.427192759445433
6.421622910822978,10.975221114014031,-28.427192759480654
6.282206317978033,10.44526552361241,-28.427192759514526
6.141046868752595,9.906833905811174,-28.427192759547463
5.997879376539944,9.360713304041928,-28.42719275957985
5.852429718360391,8.8077082129507,-28.42719275961199
5.704416511819678,8.248638103361303,-28.427192759644104
5.553552904067751,7.684334808370342,-28.427192759676245
5.399548457121074,7.11563979019885,-28.4271927597083
5.2421111117668495,6.543401309988213,-28.427192759739942
5.0809492105005925,5.968471524817416,-28.427192759770673
4.915773558625633,5.3917035377542115,-28.427192759799805
4.746299501813354,4.813948427675382,-28.427192759826504
4.572248998115898,4.236052285867117,-28.427192759849845
4.393352662646774,3.65885328603917,-28.427192759868866
4.209351763885772,3.0831788133773883,-28.42719275988263
4.020000151787997,2.5098426766660844,-28.427192759890307
3.8250660995294803,1.9396424254062137,-28.427192759891227
3.6243340427345716,1.3733567913277092,-28.427192759884935
3.4176062023226046,0.8117432708493137,-28.42719275987128
3.2047040795955977,0.2555358619890753,-28.42719275985038
2.985469814774806,-0.2945570339123215,-28.427192759822706
2.7597674027937527,-0.8378545384145554,-28.427192759789033
2.527483762686729,-1.3737050459062998,-28.427192759750454
2.288529659301731,-1.9014877957890626,-28.427192759708294
2.0428404782540164,-2.4206142679735367,-28.427192759664134
1.7903768569727259,-2.9305294049159287,-28.427192759619654
1.5311251763439055,-3.4307126652175652,-28.427192759576666
1.265097918798028,-3.920678915213729,-28.427192759536958
0.9923338997208555,-4.399979165984796,-28.427192759502237
0.7128983797869046,-4.86820116384674,-28.42719275947412
0.4268830662384478,-5.32496984264355,-28.427192759453984
0.13440601128165067,-5.769947646105643,-28.42719275944297
-0.16438858432695985,-6.202834728197582,-28.42719275944193
-0.469330654743544,-6.623369038802032,-28.427192759451387
-0.7802246322818155,-7.031326301323981,-28.427192759471534
-1.0968498838072571,-7.426519887900076,-28.42719275950223
-1.4189612143893937,-7.8088005969114365,-28.427192759542997
-1.7462894331319,-8.178056336472146,-28.427192759593073
-2.078541976946723,-8.53421171654387,-28.427192759651426
-2.4154035888876972,-8.877227551350646,-28.427192759716792
-2.756537048481324,-9.207100272873634,-28.427192759787765
-3.1015839522603508,-9.523861255425633,-28.427192759862784
-3.450165543395367,-9.82757605066743,-28.427192759940276
-3.8018835899100236,-10.118343531955194,-28.427192760018645
-4.15632131143915,-10.396294946618127,-28.427192760096368
-4.5130443548323145,-10.661592874671035,-28.427192760172016
-4.871601819108081,-10.914430092574621,-28.42719276024434
-5.231527330320558,-11.155028340968697,-28.427192760312266
-5.592340166807876,-11.383636995816119,-28.427192760374947
-5.953546435054633,-11.600531643097916,-28.427192760431783
-6.3146402960240735,-11.806012558076905,-28.42719276048241
-6.675105241312192,-12.000403091176187,-28.427192760526708
-7.034415417860923,-12.184047963673107,-28.42719276056479
-7.392036999260619,-12.357311477655927,-28.427192760596967
-7.747429600896626,-12.520575645993219,-28.427192760623722
-8.100047735377043,-12.674238249384524,-28.427192760645674
-8.449342303847052,-12.818710828853082,-28.427192760663537
-8.794762117979156,-12.954416623264581,-28.42719276067808
-9.13575544665781,-13.081788462567737,-28.427192760690073
-9.471771580679903,-13.201266628413434,-28.42719276070027
-9.802262408195617,-13.313296694583958,-28.42719276070935
-10.126683993140535,-13.418327360222357,-28.42719276071791
-10.444498148577818,-13.516808289171808,-28.427192760726452
-10.755173996692424,-13.60918796880124,-28.427192760735334
-11.058189507165364,-13.695911601500743,-28.42719276074481
-11.353033005805962,-13.777419041582089,-28.427192760755013
-11.6392046456296,-13.854142789628598,-28.427192760765966
-11.916217833026687,-13.926506055425953,-28.427192760777622
-12.183600602259222,-13.994920899500386,-28.427192760789836
-12.440896932224184,-14.059786462028342,-28.427192760802452
-12.687668000213186,-14.121487286502495,-28.427192760815277
-12.923493368248998,-14.180391744086203,-28.427192760828124
-13.14797209846346,-14.236850563107046,-28.427192760840814
-13.360723794869797,-14.291195466673976,-28.427192760853238
-13.561389569748254,-14.343737919994167,-28.4271927608653
-13.749632933682403,-14.394767987653347,-28.427192760876984
-13.925140609031786,-14.444553299940893,-28.427192760888307
-14.087623267286816,-14.493338126276164,-28.427192760899356
-14.236816191308648,-14.541342552947071,-28.427192760910263
-14.37247986390048,-14.588761761720036,-28.427192760921173
-14.494400484480941,-14.63576540543073,-28.42719276093227
-14.602390415833698,-14.682497076417835,-28.427192760943747
-14.69628856299213,-14.729073863612852,-28.427192760955755
-14.775960686290524,-14.775585994236554,-28.427192760968463
-14.841299650482851,-14.822096556360982,-28.427192760981978
-14.89222561160952,-14.86864129905447,-28.427192760996356
-14.928686142996108,-14.915228507411603,-28.42719276101162
-14.950656301412964,-14.96183895045342,-28.427192761027737
-14.958138634028655,-15.008425900635705,-28.427192761044605
-14.951163126372796,-15.054915224494366,-28.427192761062088
-14.929787091104354,-15.101205544754754,-28.427192761080015
-14.894094996979582,-15.147168475004701,-28.427192761098187
-14.844198237048616,-15.192648928748044,-28.427192761116387
-14.78023483479935,-15.237465505286607,-28.427192761134414
-14.702369086728556,-15.281410955396446,-28.427192761152085
-14.61079113966793,-15.324252730143954,-28.427192761169266
-14.505716501139538,-15.365733616407596,-28.42719276118587
-14.387385481070456,-15.405572462714893,-28.42719276120189
-14.25606256336671,-15.443464998859541,-28.427192761217377
-14.112035706134575,-15.479084752423901,-28.42719276123248
-13.955615569741457,-15.512084064797072,-28.427192761247404
-13.787134672423415,-15.542095208554596,-28.427192761262457
-13.606946473762036,-15.568731607165283,-28.427192761277972
-13.41542438705559,-15.591589156933203,-28.427192761294336
-13.2129607223801,-15.610247649894209,-28.427192761311943
-12.999965562953525,-15.624272295098214,-28.427192761331188
-12.776865578255961,-15.633215334356855,-28.427192761352394
-12.544102778194173,-15.636617747161576,-28.427192761375853
-12.302133213401948,-15.634011038121503,-28.427192761401724
-12.051425627511275,-15.624919098977236,-28.427192761430042
-11.792460067886369,-15.608860136057283,-28.42719276146072
-11.525726461859456,-15.585348652998112,-28.427192761493494
-11.251723165922792,-15.55389747768086,-28.42719276152794
-10.970955495600084,-15.51401982167686,-28.42719276156349
-10.683934243830919,-15.465231360061575,-28.427192761599407
-10.391174195649302,-15.407052319265643,-28.42719276163485
-10.093192646722791,-15.339009560687392,-28.42719276166888
-9.79050793294921,-15.260638648088895,-28.42719276170051
-9.483637977796409,-15.171485887324902,-28.427192761728737
-9.17309886343512,-15.071110327690072,-28.4271927617526
-8.859403430978086,-14.959085715087333,-28.427192761771217
-8.543059914326259,-14.835002388285996,-28.42719276178384
-8.224570611263275,-14.698469110715086,-28.427192761789883
-7.904430594561842,-14.549114831485706,-28.427192761788994
-7.5831264649999675,-14.386590370615165,-28.42719276178103
-7.261135147359306,-14.210570024695112,-28.427192761766126
-6.938922729719295,-14.020753090467002,-28.42719276174467
-6.616943345693055,-13.816865304905999,-28.427192761717333
-6.295638098695106,-13.598660201436218,-28.42719276168503
-5.975434026903956,-13.365920382779292,-28.427192761648907
-5.6567431072978875,-13.118458711651583,-28.42719276161031
-5.339961297008953,-12.856119421055553,-28.427192761570762
-5.025467610263767,-12.578779146245388,-28.427192761531863
-4.713623229361421,-12.286347880578486,-28.427192761495288
-4.404770648476567,-11.978769857390162,-28.42719276146272
-4.099232849563559,-11.656024359751292,-28.42719276143576
-3.797312510266152,-11.31812645949386,-28.427192761415895
-3.499291244494283,-10.965127686228909,-28.42719276140445
-3.2054288771989854,-10.597116626250417,-28.4271927614025
-2.915962755839689,-10.214219450236985,-28.42719276141088
-2.631107102072873,-9.816600367555335,-28.42719276143008
-2.351052408271842,-9.404462003764111,-28.427192761460297
-2.0759648845856655,-8.97804569664731,-28.427192761501363
-1.805985963329044,-8.53763170481193,-28.427192761552764
-1.5412318685289212,-8.083539321607585,-28.427192761613682
-1.2817932594000478,-7.616126885914409,-28.427192761682985
-1.0277349573398316,-7.135791680251512,-28.427192761759276
-0.7790957666805773,-6.642969705736186,-28.42719276184098
-0.5358883998716762,-6.138135322731026,-28.427192761926353
-0.29809951794329165,-5.621800745608915,-28.42719276201362
-0.06568989698687254,-5.094515379999207,-28.42719276210098
0.16140526905890032,-4.556864991202732,-28.42719276218673
0.3832759198338466,-4.009470693220538,-28.427192762269335
0.6000365258948113,-3.4529877490629444,-28.42719276234745
0.811825325237963,-2.88810417470841,-28.42719276242001
1.0188033942252077,-2.3155391412649635,-28.427192762486264
1.2211535504416482,-1.7360411725298375,-28.427192762545772
1.4190790876354744,-1.1503861382021565,-28.427192762598416
1.6128023457770178,-0.5593750464131406,-28.427192762644356
1.8025631223460676,0.03616835709021272,-28.427192762684022
1.9886169341267819,0.6354001719474202,-28.42719276271803
2.17123314195631,1.237459093360161,-28.42719276274713
2.350692953927077,1.8414693106862041,-28.427192762772112
2.5272873253710006,2.446543532205919,-28.427192762793773
2.7013147764468455,3.0517861107167996,-28.427192762812787
2.8730791502082607,3.6562962420340295,-28.42719276282972
3.0428873355632464,4.25917120653113,-28.42719276284492
3.21104698047899,4.85950962263127,-28.427192762858557
3.3778642210965413,5.456414680713876,-28.427192762870586
3.543641452081555,6.048997326255589,-28.427192762880768
3.708675162562181,6.636379362166955,-28.427192762888712
3.8732538604319373,7.217696442169356,-28.427192762893938
4.037656105687682,7.792100929601892,-28.427192762895896
4.202148670914738,8.358764599150119,-28.42719276289407
4.366984844122804,8.916881162522591,-28.427192762888016
4.532402885987013,9.465668602929549,-28.42719276287742
4.69862465027186,10.0043713071987,-28.42719276286214
4.86585437292289,10.532261988356792,-28.427192762842243
5.03427763210573,11.048643395383172,-28.42719276281801
5.204060478446534,11.552849810488398,-28.427192762789932
5.375348731959098,12.044248337592997,-28.42719276275872
5.54826743969218,12.5222399886048,-28.427192762725266
5.722920486038365,12.986260576568366,-28.427192762690577
5.899390345938276,13.435781426758176,-28.42719276265577
6.077737969899974,13.870309918301066,-28.42719276262201
6.258002788827623,14.289389869953139,-28.427192762590444
6.440202826098457,14.692601784247179,-28.42719276256217
6.6243349041159885,15.079562964405362,-28.4271927625382
6.8103749326665275,15.449927518223483,-28.427192762519386
6.998278266777252,15.803386262626995,-28.427192762506426
7.187980122376867,16.139666541827996,-28.427192762499818
7.379396038853619,16.458531971027732,-28.427192762499853
7.572422378550122,16.75978211646143,-28.427192762506607
7.766936854292754,17.043252121317693,-28.42719276251995
7.9627990771903505,17.308812285726095,-28.42719276253954
8.159851118121384,17.556367607631575,-28.427192762564857
8.357918077532661,17.785857289996006,-28.427192762595194
8.556808659371441,17.997254218414334,-28.42719276262972
8.756315746145477,18.190564411929216,-28.42719276266749
8.956216973233206,18.365826448594575,-28.427192762707506
9.156275301633713,18.52311086619219,-28.427192762748682
9.356239589338998,18.662519537460827,-28.427192762789957
9.555845162417942,18.784185018266847,-28.427192762830284
9.754814387711658,18.888269866338877,-28.42719276286869
9.952857249744545,18.974965927516546,-28.42719276290427
10.149671935046383,19.044493585931246,-28.42719276293625
10.34494542755131,19.097100974152625,-28.427192762964022
10.538354119083808,19.133063139102536,-28.427192762987094
10.729564439155308,19.152681159462272,-28.42719276300518
10.918233508374657,19.156281210380968,-28.427192763018173
11.104009819720217,19.1442135715327,-28.427192763026145
11.286533951731263,19.11685157496456,-28.42719276302935
11.465439317354733,19.074590489721793,-28.42719276302821
11.640352951735629,19.017846340920727,-28.427192763023292
11.810896341674058,18.94705466175287,-28.427192763015317
11.97668629880005,18.86266917782831,-28.427192763005063
12.13733587775359,18.765160424283962,-28.42719276299341
12.292455339818696,18.655014297168524,-28.42719276298126
12.441653161567155,18.532730541745067,-28.427192762969504
12.584537087141491,18.398821181495137,-28.42719276295901
12.720715221872235,18.253808892733637,-28.427192762950547
12.849797164006219,18.09822533082073,-28.427192762944813
12.97139517044566,17.932609414953443,-28.427192762942344
13.085125351586512,17.757505579406473,-28.427192762943548
13.190608889621737,17.57346199984097,-28.427192762948657
13.287473274060698,17.381028803889773,-28.42719276295774
13.375353547726597,17.180756275638586,-28.427192762970705
13.453893556142038,16.97319306384366,-28.42719276298729
13.522747193006305,16.75888440375171,-28.42719276300712
13.581579634409279,16.538370362218842,-28.42719276302968
13.630068554513686,16.312184115470075,-28.427192763054386
13.66790531566208,16.08085026831542,-28.4271927630806
13.694796126215316,15.84488322296242,-28.427192763107644
13.710463159889269,15.604785604765636,-28.427192763134865
13.714645630906533,15.361046751359881,-28.427192763161656
13.707100819898058,15.114141270669244,-28.42719276318747
13.687605046152807,14.864527672301652,-28.427192763211846
13.65595458249787,14.612647075862373,-28.427192763234448
13.611966509773886,14.3589219987821,-28.42719276325505
13.555479508529293,14.103755225384734,-28.427192763273567
13.486354586172343,13.847528758143342,-28.42719276329
13.404475738375098,13.590602851410207,-28.427192763304515
13.309750544005311,13.333315127375378,-28.427192763317347
13.202110693260162,13.075979773617728,-28.42719276332883
13.081512448983878,12.818886821368512,-28.427192763339352
12.947937041367057,12.562301503509516,-28.427192763349368
12.801390996349552,12.306463691370178,-28.427192763359344
12.641906398085766,12.051587409560376,-28.427192763369717
12.469541085788457,11.797860428362942,-28.427192763380933
12.284378785154496,11.545443933593871,-28.427192763393382
12.086529174406088,11.29447227429712,-28.42719276340739
11.876127884767662,11.045052789150525,-28.427192763423207
11.653336434957568,10.797265712994166,-28.42719276344101
11.418342099021359,10.551164165425346,-28.427192763460884
11.17135770658668,10.30677422390806,-28.427192763482832
10.912621374395428,10.064095084292735,-28.427192763506767
10.642396167783568,9.82309931200786,-28.42719276353254
10.360969690647892,9.583733187445437,-28.42719276355994
10.068653602376697,9.345917149194849,-28.427192763588703
9.765783060239361,9.109546338766785,-28.42719276361853
9.45271608583867,8.874491250275621,-28.427192763649106
9.129832854436168,8.640598488204938,-28.427192763680118
8.79753490626889,8.407691635862037,-28.427192763711254
8.456244279386262,8.175572236433517,-28.427192763742212
8.106402564045524,7.944020887691855,-28.427192763772723
7.748469879305813,7.71279845038476,-28.427192763802555
7.38292377314444,7.481647369183198,-28.427192763831496
7.010258048169631,7.250293103794545,-28.427192763859363
6.630981515804387,7.018445666493426,-28.427192763886016
6.245616682645786,6.785801260918376,-28.427192763911286
5.854698373540577,6.5520440155642605,-28.427192763935047
5.4587722967371155,6.316847804008039,-28.427192763957166
5.058393557251435,6.079878142578725,-28.42719276397749
4.654125125297521,5.840794154960756,-28.427192763995844
4.24653626725633,5.599250592140282,-28.42719276401205
3.8362009471750134,5.354899895199348,-28.4271927640259
3.4236962071807153,5.107394287761333,-28.427192764037166
3.009600535449902,4.85638788441374,-28.427192764045632
2.594492230487118,4.601538801195464,-28.427192764051064
2.1789477704338096,4.342511254240858,-28.427192764053267
1.7635401959513415,4.0789776329199965,-28.427192764052073
1.3488375149105383,3.810620534292998,-28.42719276404738
0.9354011366855635,3.5371347463879053,-28.42719276403916
0.5237843433096101,3.258229168691767,-28.427192764027485
0.11453080412377746,2.973628659282369,-28.427192764012517
-0.2918268601387468,2.683075799188973,-28.42719276399457
-0.694768458619466,2.386332565816495,-28.427192763974034
-1.0937875524816514,2.0831819085599705,-28.427192763951478
-1.488392714200884,1.7734292210360134,-28.42719276392753
-1.878108720964397,1.4569037056282164,-28.427192763902955
-2.2624776797948627,1.1334596272496968,-28.427192763878583
-2.6410600825955055,0.8029774543380476,-28.427192763855295
-3.0134357898117505,0.465364886090234,-28.427192763834004
-3.3792049418100416,0.12055776579744464,-28.4271927638156
-3.737988797380921,-0.23147911916173672,-28.427192763800946
-4.089430498978947,-0.590751349575518,-28.42719276379081
-4.433195764418449,-0.9572342974349055,-28.427192763785847
-4.768973504757135,-1.330872658076094,-28.427192763786593
-5.096476368028361,-1.7115800896963353,-28.427192763793382
-5.415441208339679,-2.0992389585914473,-28.427192763806396
-5.725629479655079,-2.49370018866432,-28.427192763825595
-6.026827553338508,-2.894783214052796,-28.42719276385076
-6.3188469582757465,-3.302276034096539,-28.42719276388145
-6.601524542130988,-3.715935370277828,-28.42719276391707
-6.87472255205466,-4.135486925200623,-28.427192763956842
-7.138328632961307,-4.560625744084819,-28.42719276399987
-7.392255741361673,-4.991016679617119,-28.42719276404514
-7.636441972681119,-5.4262949612862545,-28.42719276409159
-7.870850300045114,-5.866066870509598,-28.427192764138148
-8.095468222677088,-6.309910522905101,-28.427192764183744
-8.310307322346734,-6.757376758954744,-28.427192764227396
-8.515402726735823,-7.207990144026674,-28.42719276426823
-8.710812479157692,-7.6612500782616255,-28.427192764305495
-8.896616814773884,-8.116632016180926,-28.42719276433865
-9.072917344290099,-8.57358879504153,-28.427192764367305
-9.239836147070479,-9.031552069959341,-28.427192764391297
-9.397514776665489,-9.489933852664857,-28.427192764410655
-9.546113182879942,-9.94812814947224,-28.427192764425605
-9.685808555684357,-10.40551269266889,-28.427192764436565
-9.816794097461193,-10.861450758108708,-28.427192764444076
-9.939277731240766,-11.315293060364317,-28.42719276444881
-10.053480753681137,-11.766379715411059,-28.427192764451515
-10.159636442543425,-12.21404225952899,-28.42719276445297
-10.257988629271699,-12.657605711967616,-28.42719276445395
-10.348790247971033,-13.096390667967976,-28.427192764455178
-10.432301872559647,-13.52971540801778,-28.427192764457303
-10.508790254128956,-13.956898008760641,-28.427192764460855
-10.57852687056395,-14.377258440812996,-28.427192764466234
-10.641786500249184,-14.790120638874793,-28.427192764473695
-10.69884583121532,-15.194814529953955,-28.427192764483344
-10.749982116378328,-15.590678006250114,-28.427192764495132
-10.79547188460796,-15.97705883023967,-28.427192764508888
-10.83558971625949,-16.3533164607418,-28.42719276452431
-10.87060709054641,-16.718823790185343,-28.427192764541
-10.900791310757485,-17.07296878489555,-28.42719276455853
-10.926404511869396,-17.41515602192928,-28.42719276457639
-10.947702753616193,-17.744808117757543,-28.427192764594082
-10.964935200588592,-18.061367045876285,-28.427192764611128
-10.978343389487016,-18.36429534217282,-28.427192764627094
-10.988160582276356,-18.653077198544192,-28.427192764641596
-10.994611202716579,-18.927219446817364,-28.42719276465435
-10.997910352596083,-19.186252436428934,-28.427192764665143
-10.998263402992416,-19.429730810560454,-28.42719276467388
-10.995865655040715,-19.65723418647682,-28.427192764680534
-10.990902064011603,-19.868367746670476,-28.427192764685202
-10.983547019989906,-20.062762748068632,-28.427192764688062
-10.973964178101577,-20.240076957016786,-28.427192764689348
-10.962306331053364,-20.399995018015396,-28.427192764689405
-10.948715316719484,-20.542228764268167,-28.427192764688588
-10.93332195362129,-20.666517478012434,-28.427192764687316
-10.916245997387797,-20.772628108359854,-28.42719276468601
-10.897596111643685,-20.860355453994,-28.427192764685106
-10.87746984723425,-20.929522317567457,-28.42719276468504
-10.855953624250535,-20.979979638029334,-28.427192764686207
-10.833122711949953,-21.011606606410705,-28.427192764688975
-10.809041202366664,-21.024310769813916,-28.42719276469367
-10.78376197416049,-21.018028127504987,-28.427192764700546
-10.75732664405338,-20.992723222108538,-28.427192764709798
-10.729765504039083,-20.948389227962164,-28.42719276472155
-10.701097443415739,-20.885048037712497,-28.427192764735864
-10.671329855574717,-20.802750347237158,-28.427192764752697
-10.64045853037357,-20.70157573796508,-28.427192764771956
-10.60846753381851,-20.58163275465127,-28.427192764793464
-10.575329077673349,-20.443058975651265,-28.42719276481698
-10.541003382488103,-20.28602107174566,-28.427192764842207
-10.50543853839083,-20.110714848598587,-28.4271927648688
-10.468570368799275,-19.91736526700929,-28.42719276489638
-10.4303223029714,-19.706226434248627,-28.427192764924527
-10.390605264011612,-19.477581558978997,-28.42719276495284
-10.349317579566604,-19.231742861556782,-28.427192764980926
-10.306344922964309,-18.969051430930595,-28.427192765008414
-10.261560292953666,-18.689877018898763,-28.427192765034977
-10.214824040473456,-18.39461776219807,-28.42719276506035
-10.165983950997202,-18.083699822784617,-28.427192765084357
-10.114875390951024,-17.75757693675869,-28.427192765106895
-10.061321526466942,-17.416729862697196,-28.427192765127966
-10.005133622302928,-17.061665720705417,-28.427192765147666
-9.946111428124345,-16.692917214295043,-28.42719276516619
-9.884043658495678,-16.311041728242444,-28.427192765183815
-9.818708571878407,-15.916620296876886,-28.42719276520091
-9.749874652679923,-15.510256438781699,-28.427192765217868
-9.67730139896512,-15.092574855641661,-28.427192765235144
-9.600740216851248,-14.66421999490691,-28.427192765253164
-9.519935420888489,-14.225854478027893,-28.42719276527235
-9.434625337922848,-13.778157398198756,-28.427192765293018
-9.344543510088167,-13.321822493772073,-28.427192765315443
-9.249419990730603,-12.857556205714236,-28.427192765339733
-9.148982725283336,-12.386075629593087,-28.427192765365866
-9.042959007435364,-11.908106374561612,-28.427192765393656
-8.931076999427088,-11.424380343560777,-28.42719276542277
-8.813067304004898,-10.93563345045281,-28.427192765452695
-8.688664574518214,-10.442603290964712,-28.42719276548278
-8.557609148878342,-9.94602678513212,-28.427192765512277
-8.419648692641639,-9.446637809361631,-28.42719276554033
-8.274539836341358,-8.945164836264958,-28.427192765566065
-8.12204979237237,-8.442328600066396,-28.42719276558863
-7.961957937218623,-7.9388398046663395,-28.427192765607202
-7.79405734558098,-7.435396890391897,-28.427192765621108
-7.6181562639798415,-6.932683874127705,-28.427192765629805
-7.434079512631472,-6.431368275951058,-28.427192765632956
-7.241669805782019,-5.932099143658123,-28.427192765630444
-7.040788982178394,-5.435505184727891,-28.4271927656224
-6.831319138908862,-4.942193013393679,-28.4271927656092
-6.613163663407916,-4.452745518641732,-28.42719276559145
-6.38624815994277,-3.9677203571908066,-28.42719276556999
-6.150521268340445,-3.4876485738759033,-28.427192765545858
-5.905955374039266,-3.0130333504050006,-28.42719276552022
-5.652547209728039,-2.5443488822108664,-28.427192765494375
-5.3903183498494265,-2.08203938210157,-28.42719276546965
-5.119315600078063,-1.6265182086333034,-28.427192765447394
-4.83961128453305,-1.1781671165879657,-28.42719276542889
-4.551303433950198,-0.7373356266268288,-28.427192765415324
-4.254515878329069,-0.3043405110939886,-28.42719276540773
-3.9493982476966334,0.12053460696405846,-28.427192765406957
-3.636125884610292,0.5370395442418077,-28.427192765413636
-3.314899671878801,0.9449577393759659,-28.42719276542816
-2.9859457787334596,1.3441063287201522,-28.42719276545067
-2.6495153283583845,1.7343361169705847,-28.427192765481077
-2.305883989313313,2.1155314433593526,-28.42719276551903
-1.9553514929806541,2.4876099435835473,-28.427192765563973
-1.5982410787652435,2.850522207136449,-28.427192765615153
-1.23489886839423,3.2042513292822155,-28.427192765671663
-0.8656931703274627,3.548812356596082,-28.42719276573247
-0.49101371501546115,3.8842516248019563,-28.427192765796477
-0.11127082154939293,4.210645987598203,-28.42719276586254
0.27310550385062987,4.528101935285008,-28.427192765929522
0.6616665370558322,4.83675460230243,-28.42719276599634
1.0539458723862194,5.136766663260553,-28.427192766062003
1.4494605253014055,5.428327117689715,-28.427192766125618
1.8477121002763195,5.711649964550872,-28.427192766186433
2.2481880222622004,5.986972768508948,-28.427192766243863
2.650362829586101,6.254555121064682,-28.427192766297466
3.0536995255131956,6.514677000836518,-28.42719276634696
3.457650985003571,6.767637038551951,-28.427192766392224
3.861661412460168,7.01375069361187,-28.42719276643326
4.265167845510935,7.253348350393099,-28.42719276647022
4.667601699121591,7.486773343712956,-28.4271927665033
5.068390343621896,7.714379924054592,-28.427192766532787
5.466958709573966,7.936531174203472,-28.427192766559028
5.862730911840559,8.153596889836955,-28.42719276658236
6.255131884746427,8.365951437308397,-28.42719276660312
6.643589019885635,8.573971602347873,-28.427192766621634
7.02753379792638,8.778034443644438,-28.427192766638182
7.40640340571198,8.978515165268167,-28.427192766653015
7.779642330056125,9.175785021631354,-28.427192766666327
8.146703919880876,9.370209268183,-28.427192766678267
8.507051908739962,9.562145170293448,-28.42719276668896
8.860161890295679,9.751940081838931,-28.427192766698493
9.205522739958116,9.939929603868004,-28.42719276670695
9.542637976630212,10.126435832458032,-28.427192766714406
9.871027059307625,10.311765703489,-28.427192766720935
10.19022661413376,10.496209440615083,-28.42719276672666
10.499791588381322,10.680039111244112,-28.427192766731693
10.799296328697265,10.863507293882291,-28.42719276673621
11.088335581783609,11.046845858805693,-28.427192766740397
11.366525416470502,11.23026486271637,-28.427192766744465
11.633504066850907,11.413951556860376,-28.427192766748675
11.888932696772908,11.598069507052639,-28.427192766753265
12.132496086513951,11.78275782318892,-28.427192766758488
12.363903242883653,11.96813049514082,-28.427192766764588
12.582887934314092,12.154275831432624,-28.42719276677177
12.789209152699078,12.34125599678908,-28.427192766780205
12.982651503840176,12.52910664451564,-28.427192766790018
13.163025528354595,12.717836639716642,-28.427192766801248
13.330167954808,12.907427869556983,-28.427192766813892
13.48394188666671,13.0978351371096,-28.427192766827854
13.624236924432731,13.288986135781984,-28.427192766842985
13.750969224047868,13.48078150185455,-28.427192766859044
13.864081492346763,13.673094943264765,-28.427192766875777
13.963542920020862,13.865773443405365,-28.427192766892848
14.049349052243814,14.05863753934354,-28.4271927669099
14.121521596821314,14.251481674482564,-28.42719276692659
14.180108169481406,14.444074626249764,-28.427192766942564
14.225181975730607,14.636160009879578,-28.427192766957514
14.256841428580351,14.827456859743446,-28.42719276697118
14.275209701409244,15.017660289939279,-28.427192766983392
14.280434215278065,15.206442235974846,-28.42719276699405
14.272686060163188,15.39345227934913,-28.42719276700317
14.252159349822051,15.578318556645602,-28.42719276701087
14.219070510351687,15.760648754398938,-28.427192767017385
14.173657502942614,15.940031190485039,-28.42719276702305
14.116178981857956,16.116035982122398,-28.42719276702832
14.046913389268635,16.288216299775556,-28.427192767033695
13.966157989234572,16.456109705339045,-28.42719276703977
13.874227843819739,16.619239571978348,-28.42719276704714
13.771454735044061,16.77711658194279,-28.42719276705642
13.658186037084391,16.929240297577095,-28.42719276706819
13.534783543814967,17.07510079967925,-28.427192767082964
13.401622257400907,17.21418038631842,-28.42719276710116
13.25908914420231,17.345955324273852,-28.427192767123074
13.107581864689795,17.469897644417657,-28.42719276714884
12.947507484396331,17.585476971671234,-28.42719276717845
12.779281173119694,17.692162379642337,-28.427192767211707
12.603324899634822,17.789424259716814,-28.427192767248243
12.420066129070253,17.87673619424859,-28.427192767287522
12.229936529847857,17.95357682356918,-28.42719276732885
12.033370696685568,18.019431696821492,-28.42719276737141
11.830804895629495,18.073795097103233,-28.42719276741427
11.622675836429611,18.11617183206651,-28.427192767456454
11.409419476821805,18.146078981940576,-28.427192767496955
11.191469862450463,18.163047597897357,-28.427192767534777
10.96925800528496,18.16662434473382,-28.42719276756899
10.743210802476154,18.156373082969214,-28.427192767598754
10.513749996691717,18.131876386614103,-28.427192767623367
10.281291178087331,18.092736994029174,-28.427192767642293
10.046242827238943,18.03857919042219,-28.427192767655196
9.809005397601359,17.96905012160111,-28.42719276766194
9.569970435390339,17.883821039583566,-28.427192767662607
9.329519734225538,17.782588481533438,-28.427192767657516
9.088024521433828,17.665075384234743,-28.427192767647192
8.845844672607125,17.53103213690525,-28.42719276763238
8.603327950843193,17.380237575584857,-28.427192767613995
8.360809267076483,17.212499922598933,-28.427192767593127
8.118609958030438,17.02765767468822,-28.42719276757097
7.877037078592474,16.82558044331377,-28.42719276754882
7.636382705824796,16.60616975038694,-28.427192767528023
7.396923252373521,16.369359782245127,-28.427192767509915
7.15891878771857,16.115118104097736,-28.427192767495804
6.9226123665087425,15.843446336412478,-28.427192767486897
6.68822936414002,15.554380793808482,-28.4271927674843
6.455976820748173,15.247993085982339,-28.42719276748891
6.226042795884792,14.92439067903076,-28.42719276750147
5.99859573731216,14.58371741426683,-28.427192767522456
5.7737838685675635,14.226153980277095,-28.427192767552107
5.551734601189181,13.851918332559274,-28.427192767590395
5.332553978737878,13.46126605364492,-28.42719276763702
5.116326160962725,13.054490645182518,-28.427192767691437
4.9031129576098005,12.631923742073855,-28.427192767752842
4.692953422427225,12.193935237465107,-28.42719276782022
4.4858635188344635,11.740933306243342,-28.42719276789239
4.281835869458301,11.27336431373279,-28.427192767968037
4.080839602247177,10.791712595579915,-28.427192768045774
3.882820306115628,10.296500094419484,-28.4271927681242
3.6877001089984804,9.788285838882077,-28.427192768201966
3.495377890771308,9.267665250889005,-28.427192768277834
3.3057296426869063,8.735269268028757,-28.427192768350714
3.1186089837636795,8.19176326915357,-28.42719276841974
2.9338478429292802,7.63784579319543,-28.427192768484264
2.751257313674696,7.07424704357858,-28.427192768543918
2.5706286855300546,6.501727173480613,-28.42719276859857
2.3917346538722066,5.921074350522533,-28.42719276864833
2.2143307064732465,5.333102603181396,-28.42719276869352
2.0381566818751273,4.738649455224339,-28.427192768734596
1.8629384912221445,4.138573358644431,-28.427192768772127
1.688389991708269,3.5337509398029523,-28.427192768806677
1.5142149964179696,2.9250740776017854,-28.427192768838776
1.3401094021795714,2.3134468363702063,-28.42719276886885
1.165763414229931,1.699782279600397,-28.427192768897143
0.9908638441203104,1.084999193564072,-28.42719276892371
0.8150964554729725,0.470018752066022,-28.42719276894838
0.6381483310023691,-0.1442388449571073,-28.427192768970766
0.45971023369439856,-0.7568577256662095,-28.427192768990295
0.2794789352136326,-1.366929660293257,-28.42719276900625
0.09715948547293159,-1.9735573028661997,-28.42719276901782
-0.08753260118599845,-2.5758573305823296,-28.427192769024195
-0.2748692656545126,-3.1729634533312097,-28.427192769024618
-0.465107949421609,-3.764029269072682,-28.427192769018493
-0.6584897825193511,-4.348230944444857,-28.42719276900541
-0.8552379276738754,-4.924769703962189,-28.42719276898523
-1.0555560908839834,-5.492874115310773,-28.42719276895811
-1.2596272052173454,-6.051802162406069,-28.42719276892455
-1.4676122912655774,-6.600843101907635,-28.42719276888532
-1.6796494945337608,-7.139319102662954,-28.427192768841515
-1.8958532971412736,-7.66658667097661,-28.427192768794484
-2.1163138986445884,-8.182037867593985,-28.427192768745766
-2.341096758605487,-8.68510132479775,-28.427192768697022
-2.5702422917473755,-9.175243074012148,-28.42719276865001
-2.8037657051780527,-9.651967195788338,-28.42719276860644
-3.0416569662036563,-10.114816305017767,-28.427192768567966
-3.283880888696841,-10.563371884719158,-28.427192768536067
-3.5303773257833253,-10.997254481810923,-28.427192768512036
-3.781061456738115,-11.416123777965685,-28.427192768496898
-4.0358241563940656,-11.819678548004006,-28.42719276849138
-4.294532436016689,-12.207656517379284,-28.42719276849591
-4.557029945444926,-12.579834129194543,-28.42719276851057
-4.823137527293731,-12.9360262299311,-28.427192768535136
-5.09265381511842,-13.27608568171296,-28.427192768569068
-5.365355868613292,-13.599902907527895,-28.427192768611555
-5.640999840121825,-13.90740537442123,-28.427192768661534
-5.919321667940127,-14.19855701831023,-28.427192768717745
-6.200037793070113,-14.47335761276983,-28.427192768778767
-6.4828458971984055,-14.731842082943723,-28.427192768843074
-6.767425660718793,-14.974079764663095,-28.4271927689091
-7.053439540560795,-15.200173607929491,-28.427192768975292
-7.340533568418069,-15.410259323155197,-28.42719276904014
-7.62833817067411,-15.604504467967447,-28.42719276910225
-7.9164690118879015,-15.78310747198148,-28.42719276916038
-8.204527864120243,-15.946296596738666,-28.427192769213484
-8.49210350464669,-16.09432882799216,-28.427192769260735
-8.778772644712358,-16.22748869770366,-28.42719276930154
-9.064100891937219,-16.34608703348579,-28.427192769335573
-9.347643748781424,-16.450459633777406,-28.427192769362733
-9.62894764913504,-16.540965867760185,-28.427192769383204
-9.907551034615564,-16.617987199897687,-28.42719276939738
-10.182985471553705,-16.68192563998032,-28.427192769405853
-10.454776808939892,-16.733202120665734,-28.427192769409395
-10.722446376811922,-16.77225480568393,-28.42719276940892
-10.98551222371101,-16.79953733309692,-28.427192769405398
-11.243490390945436,-16.815516999227732,-28.427192769399866
-11.495896220505182,-16.820672890066025,-28.427192769393343
-11.742245692596,-16.81549396807984,-28.42719276938682
-11.982056787934901,-16.80047712337798,-28.427192769381186
-12.21485086919847,-16.776125199041577,-28.427192769377204
-12.440154075364779,-16.74294500114586,-28.427192769375498
-12.657498722160545,-16.701445304499156,-28.42719276937653
-12.86642470143454,-16.652134865416983,-28.427192769380596
-13.066480872037923,-16.595520452913764,-28.427192769387798
-13.257226434709073,-16.532104909529494,-28.427192769398104
-13.438232283534928,-16.46238525261923,-28.427192769411317
-13.609082326788206,-16.386850826331948,-28.42719276942712
-13.769374770309252,-16.305981513713228,-28.42719276944511
-13.91872335709729,-16.220246017410673,-28.42719276946481
-14.05675855737876,-16.130100216374217,-28.427192769485725
-14.183128704107004,-16.035985604763233,-28.427192769507343
-14.297501069592604,-15.938327818037273,-28.427192769529203
-14.399562879740829,-15.837535249957746,-28.427192769550867
-14.48902226315522,-15.733997763003686,-28.42719276957199
-14.565609133129254,-15.628085493542574,-28.427192769592317
-14.629076001267658,-15.520147752031193,-28.42719276961166
-14.679198722134654,-15.410512017580357,-28.427192769629965
-14.71577716890113,-15.299483025424843,-28.427192769647235
-14.738635840442742,-15.187341945213355,-28.427192769663574
-14.747624400717003,-15.074345647584313,-28.42719276967914
-14.742618151514305,-14.960726056226326,-28.427192769694177
-14.723518439834166,-14.84668958253644,-28.42719276970893
-14.690253001186536,-14.732416640077451,-28.42719276972368
-14.642776240065004,-14.618061236285394,-28.427192769738692
-14.581069448693421,-14.503750639272877,-28.427192769754228
-14.505140964922001,-14.389585118092066,-28.427192769770503
-14.415026269857865,-14.275637755438376,-28.42719276978769
-14.310788025474352,-14.161954332465346,-28.427192769805913
-14.192516052070987,-14.048553286113785,-28.427192769825233
-14.060327245070276,-13.935425740103693,-28.427192769845647
-13.914365430257316,-13.822535611465153,-28.42719276986712
-13.754801156212714,-13.709819795163806,-28.427192769889533
-13.58183142237677,-13.597188429977791,-28.427192769912764
-13.395679340930737,-13.48452524927843,-28.427192769936642
-13.196593730505462,-13.371688020730483,-28.427192769960996
-12.984848639642493,-13.258509079137083,-28.427192769985663
-12.760742797949982,-13.14479595669053,-28.42719277001047
-12.52459899302365,-13.030332114738856,-28.427192770035294
-12.276763371447512,-12.914877780830395,-28.427192770060028
-12.017604662551479,-12.798170894251234,-28.42719277008462
-11.747513324081195,-12.679928162526652,-28.427192770109045
-11.466900609522892,-12.559846230426936,-28.427192770133313
-11.176197557511962,-12.437602961916921,-28.427192770157472
-10.875853904523515,-12.312858834240055,-28.427192770181577
-10.566336922877388,-12.185258441961114,-28.42719277020569
-10.24813018696719,-12.054432107341187,-28.427192770229844
-9.921732271517687,-11.919997591923693,-28.42719277025405
-9.587655386561018,-11.781561902712893,-28.42719277027825
-9.246423954672006,-11.638723184870958,-28.427192770302344
-8.8985731367892,-11.491072691489856,-28.42719277032611
-8.544647313645525,-11.338196819752705,-28.427192770349272
-8.185198530417148,-11.17967920172443,-28.427192770371434
-7.820784912652158,-11.01510283713732,-28.427192770392153
-7.4519690618466985,-10.8440522548904,-28.427192770410873
-7.079316439185907,-10.666115689581682,-28.42719277042701
-6.703393745956396,-10.480887259249855,-28.42719277043994
-6.32476730896845,-10.287969130618272,-28.42719277044906
-5.944001479007523,-10.086973658501737,-28.427192770453786
-5.561657049879867,-9.877525486638962,-28.427192770453622
-5.178289705044677,-9.659263598026827,-28.427192770448183
-4.79444849815772,-9.431843303825543,-28.42719277043723
-4.410674373114757,-9.194938161040305,-28.42719277042069
-4.027498728404918,-8.948241810425111,-28.427192770398694
-3.645442029792904,-8.69146972735579,-28.42719277037158
-3.265012474572807,-8.424360879739476,-28.42719277033991
-2.886704709902114,-8.14667928832533,-28.42719277030445
-2.5109986070566164,-7.8582154860169835,-28.427192770266164
-2.1383580928668735,-7.5587878739260645,-28.42719277022619
-1.7692300391222626,-7.2482439729172565,-28.427192770185805
-1.4040432103730787,-6.926461570253559,-28.42719277014639
-1.0432072703337776,-6.593349761636412,-28.427192770109375
-0.6871118469959974,-6.248849889435754,-28.427192770076186
-0.33612565659861665,-5.892936378213078,-28.4271927700482
0.009404313230394677,-5.5256174687551844,-28.427192770026693
0.3491535605575821,-5.146935851763024,-28.42719277001278
0.6828207654541982,-4.756969202089609,-28.42719277000738
1.0101284240458948,-4.355830614010131,-28.427192770011157
1.3308234182539656,-3.9436689374576654,-28.427192770024508
1.6446775185691755,-3.5206690144958075,-28.42719277004755
1.9514878165632974,-3.0870518145558603,-28.427192770080083
2.251077083210222,-2.6430744661757912,-28.42719277012161
2.5432940484874123,-2.1890301821789806,-28.42719277017136
2.8280135971903175,-1.725248074463758,-28.427192770228285
3.105136875448749,-1.252092853882493,-28.427192770291132
3.3745913021165683,-0.7699644101151354,-28.42719277035848
3.6363304790448723,-0.2792972660298538,-28.427192770428782
3.8903339942726007,0.21944009918579083,-28.42719277050044
4.136607112402261,0.7257460638078036,-28.42719277057187
4.375180346892834,1.2390868196517333,-28.427192770641575
4.60610890971137,1.7588974752152309,-28.427192770708174
4.82947203474649,2.2845833097393813,-28.427192770770485
5.045372172599362,2.8155211807980165,-28.427192770827556
5.253934055819506,3.351061086466647,-28.427192770878708
5.455303635322088,3.8905278812712814,-28.427192770923533
5.649646890577617,4.433223143007441,-28.42719277096191
5.837148518160833,4.978427185200672,-28.427192770993976
6.018010505330087,5.525401207514844,-28.427192771020138
6.192450597420302,6.073389573878231,-28.427192771040975
6.360700669904269,6.621622205573537,-28.427192771057214
6.523005017937668,7.16931707411618,-28.4271927710697
6.679618577981706,7.715682776516134,-28.427192771079284
6.830805097625825,8.259921173570596,-28.427192771086816
6.97683527095021,8.80123007024803,-28.42719277109305
7.11798485762287,9.338805916067372,-28.42719277109865
7.254532804380603,9.871846502701871,-28.427192771104103
7.386759387574035,10.399553635878899,-28.427192771109738
7.514944395057881,10.921135759017883,-28.427192771115717
7.639365364888842,11.435810506939381,-28.427192771122026
7.760295897082127,11.942807169359197,-28.427192771128507
7.878004053115368,12.441369045703095,-28.4271927711349
7.992750856009815,12.930755674974318,-28.42719277114084
8.104788901727334,13.410244926899514,-28.427192771145943
8.214361090367921,13.87913494328206,-28.427192771149798
8.321699483309033,14.336745921314936,-28.42719277115204
8.427024290066912,14.782421733458397,-28.427192771152367
8.530542986349394,15.215531381286016,-28.427192771150562
8.63244956257048,15.635470283369475,-28.427192771146526
8.732923900062177,16.041661399742335,-28.427192771140273
8.832131270390908,16.433556197702632,-28.427192771131928
8.930221951596232,16.810635465644484,-28.427192771121742
9.027330953839229,17.172409983224192,-28.427192771110064
9.123577845887471,17.518421057453832,-28.427192771097335
9.219066673073986,17.848240935274827,-28.427192771084048
9.313885956841949,18.16147310380392,-28.42719277107074
9.408108765711495,18.457752489783413,-28.427192771057978
9.501792847460758,18.736745569829207,-28.427192771046297
9.59498081247806,18.99815040288368,-28.42719277103623
9.687700358590725,19.241696595876075,-28.427192771028245
9.77996452818314,19.467145213003437,-28.42719277102275
9.871771989056299,19.674288638301775,-28.427192771020067
9.963107331228828,19.862950400310417,-28.427192771020433
10.053941372711586,20.032984966671215,-28.42719277102399
10.14423146818364,20.184277515473692,-28.427192771030775
10.233921815436846,20.31674368908064,-28.42719277104073
10.322943755422678,20.430329335066517,-28.427192771053686
10.411216062713146,20.525010237790216,-28.42719277106941
10.498645224164385,20.600791843020048,-28.427192771087554
10.585125704535335,20.657708976945088,-28.427192771107737
10.670540198754386,20.69582555985437,-28.427192771129484
10.754759871434906,20.715234313754948,-28.427192771152306
10.83764458510733,20.716056462239962,-28.427192771175676
10.919043119452903,20.698441420018764,-28.42719277119906
10.998793384583983,20.66256646869083,-28.42719277122193
11.076722632109957,20.608636414593974,-28.427192771243774
11.152647668347633,20.5368832238936,-28.427192771264156
11.226375074572182,20.447565629514767,-28.427192771282662
11.297701439649979,20.340968704061744,-28.427192771298976
11.366413610739418,20.217403392531963,-28.427192771312864
11.432288967980949,20.07720599842285,-28.42719277132418
11.495095729214885,19.920737616760665,-28.427192771332912
11.55459329075742,19.748383507659494,-28.427192771339133
11.610532610125498,19.560552404252697,-28.427192771343037
11.66265663632534,19.357675749233444,-28.427192771344927
11.710700792905417,19.140206854797757,-28.42719277134519
11.754393518423068,18.908619981500497,-28.42719277134432
11.793456868289056,18.66340933240686,-28.427192771342856
11.827607181143708,18.405087959938054,-28.4271927713414
11.856555811993504,18.13418658395516,-28.42719277134056
11.88000993331386,17.851252320878704,-28.42719277134095
11.897673404222067,17.556847324978374,-28.427192771343133
11.909247706666934,17.251547344357466,-28.427192771347627
11.9144329463953,16.935940195566996,-28.42719277135485
11.91292891526881,16.610624162178542,-28.427192771365107
11.904436210347411,16.276206323985388,-28.42719277137857
11.888657404059431,15.933300824750944,-28.427192771395276
11.865298258771546,15.582527087545731,-28.427192771415097
11.834068978182914,15.22450798767638,-28.427192771437767
11.794685487220606,14.859867993984786,-28.427192771462867
11.746870731527967,14.489231289859779,-28.42719277148987
11.690355987228294,14.11321988564363,-28.427192771518126
11.624882171421874,13.73245173422387,-28.42719277154693
11.550201143836874,13.347538861479295,-28.42719277157553
11.46607699020005,12.959085522907325,-28.42719277160317
11.372287278210678,12.567686397215944,-28.427192771629127
11.268624277474935,12.17392482694211,-28.427192771652756
11.154896135366743,11.778371115290302,-28.427192771673493
11.030928001500353,11.381580887404885,-28.427192771690923
10.89656309430204,10.984093523235877,-28.42719277170477
10.751663704024361,10.586430668068193,-28.427192771714925
10.596112127427611,10.189094825697746,-28.427192771721458
10.429811530231085,9.79256803818972,-28.427192771724588
10.252686734285833,9.397310655177186,-28.427192771724712
10.064684927217554,9.003760194779643,-28.42719277172237
9.865776293013884,8.612330297463147,-28.427192771718204
9.655954562669136,8.22340977354231,-28.427192771712964
9.435237484541005,7.837361744549227,-28.42719277170745
9.203667214511093,7.454522878368772,-28.427192771702494
8.961310626372608,7.075202717860523,-28.427192771698905
8.708259543096332,6.6996831026468096,-28.42719277169747
8.444630889755658,6.3282176838301085,-28.427192771698888
8.170566768932696,5.9610315315936315,-28.427192771703762
7.88623445939198,5.598320835914969,-28.427192771712576
7.5918263387105105,5.2402527009598465,-28.427192771725682
7.287559730409124,4.886965034095435,-28.42719277174327
6.973676675957284,4.538566530843057,-28.427192771765394
6.650443631839562,4.195136757451042,-28.427192771791958
6.318151091695117,3.856726333083206,-28.427192771822728
5.977113133388814,3.523357213861212,-28.427192771857335
5.627666890760874,3.19502308114652,-28.42719277189533
5.2701719497459765,2.871689836478875,-28.427192771936156
4.905009668565837,2.5532962054860895,-28.427192771979215
4.532582421791898,2.2397544528308626,-28.42719277202387
4.153312768255056,1.930951209855932,-28.42719277206947
3.767642543051759,1.6267484160254182,-28.427192772115387
3.3760318742619004,1.3269843745396104,-28.427192772161032
2.9789581254510966,1.031474921630327,-28.427192772205856
2.5769147655722797,0.7400147080376156,-28.427192772249388
2.170410168499066,0.4523785900449678,-28.427192772291217
1.7599663451028882,0.16832312623359766,-28.427192772331036
1.3461176115107134,-0.11241182516430831,-28.42719277236857
0.9294091979311364,-0.39010141474528615,-28.427192772403654
0.5103958031922822,-0.6650340239863537,-28.42719277243616
0.0896401008725991,-0.9375094098730956,-28.42719277246603
-0.3322887963979263,-1.2078367822936138,-28.427192772493235
-0.7548169072560721,-1.4763328254566572,-28.42719277251778
-1.1773669787858196,-1.7433196755104425,-28.42719277253969
-1.5993601023603807,-2.009122867276295,-28.427192772559
-2.0202173396219756,-2.2740692635435757,-28.427192772575747
-2.4393613498839106,-2.5384849806811616,-28.427192772589972
-2.8562180101868653,-2.8026933243950034,-28.42719277260174
-3.270218019330093,-3.067012749297773,-28.427192772611082
-3.6807984774259923,-3.331754855559989,-28.427192772618078
-4.087404432885889,-3.597222435294723,-28.427192772622817
-4.48949038922404,-3.8637075805095646,-28.427192772625418
-4.886521764650141,-4.131489863465879,-28.427192772626032
-5.277976298088961,-4.400834599147545,-28.427192772624863
-5.663345395997868,-4.671991198294179,-28.42719277262217
-6.042135415126179,-4.945191618134709,-28.42719277261824
-6.413868877151309,-5.22064891660405,-28.42719277261345
-6.778085611912716,-5.498555914476437,-28.427192772608183
-7.134343826724401,-5.779083968539206,-28.42719277260288
-7.482221099960724,-6.062381857693247,-28.427192772598
-7.821315297761875,-6.348574782729514,-28.42719277259403
-8.151245413281169,-6.637763479518501,-28.42719277259142
-8.471652328386122,-6.93002344447994,-28.42719277259061
-8.78219949812298,-7.225404270485621,-28.427192772591994
-9.082573558556915,-7.523929090796186,-28.427192772595898
-9.37248485880878,-7.8255941282441865,-28.427192772602556
-9.651667918227796,-8.1303683466465,-28.427192772612123
-9.919881809675498,-8.438193201350346,-28.42719277262464
-10.176910469859378,-8.748982485875032,-28.42719277264004
-10.42256293755701,-9.06262227178896,-28.42719277265813
-10.656673520427395,-9.378970939237712,-28.427192772678634
-10.879101890930558,-9.697859295891245,-28.42719277270114
-11.089733111686144,-10.019090782481364,-28.427192772725185
-11.288477590412553,-10.342441763529003,-28.42719277275021
-11.475270964417591,-10.667661902287806,-28.427192772775634
-11.65007391447484,-10.994474619330441,-28.42719277280084
-11.812871907832546,-11.322577634551893,-28.42719277282523
-11.963674870076707,-11.651643592636862,-28.427192772848244
-12.102516785619013,-11.981320772215808,-28.42719277286936
-12.229455226711856,-12.311233878998973,-28.427192772888176
-12.344570811113169,-12.640984923116687,-28.427192772904377
-12.447966588835918,-12.970154180698556,-28.427192772917785
-12.539767358819981,-13.2983012393902,-28.427192772928354
-12.620118916853256,-13.624966127035512,-28.427192772936184
-12.68918723663606,-13.949670522152257,-28.427192772941517
-12.747157586515716,-14.271919044112085,-28.427192772944718
-12.794233585101292,-14.591200620120754,-28.427192772946285
-12.830636199682884,-14.906989925203797,-28.4271927729468
-12.856602692103934,-15.218748890464337,-28.42719277294692
-12.872385517445952,-15.525928273923956,-28.42719277294734
-12.878251181557843,-15.827969287317348,-28.427192772948768
-12.874479064072677,-16.12430527132077,-28.427192772951866
-12.861360214079605,-16.41436341088622,-28.427192772957266
-12.83919612603606,-16.69756648165935,-28.427192772965476
-12.808297503797004,-16.973334617907348,-28.427192772976916
-12.76898302078883,-17.241087091996647,-28.427192772991866
-12.721578084355537,-17.5002440952576,-28.427192773010436
-12.666413612148649,-17.75022851006499,-28.427192773032612
-12.603824828120445,-17.99046766315421,-28.42719277305819
-12.534150085217549,-18.220395050580187,-28.42719277308686
-12.457729721269818,-18.439452025300024,-28.427192773118126
-12.37490495384277,-18.64708943910501,-28.427192773151436
-12.286016818989747,-18.84276923152111,-28.427192773186107
-12.191405157925084,-19.025965959313844,-28.427192773221417
-12.091407654666114,-19.19616826134319,-28.427192773256618
-11.9863589266856,-19.3528802546865,-28.427192773290955
-11.876589669603083,-19.49562285914922,-28.427192773323714
-11.762425855948573,-19.623935048483343,-28.42719277335424
-11.644187987078917,-19.737375027802063,-28.427192773381964
-11.522190396436965,-19.835521337788037,-28.427192773406418
-11.396740601535301,-19.917973887318237,-28.42719277342727
-11.268138701335207,-19.98435491704978,-28.427192773444318
-11.136676815090011,-20.03430989731198,-28.42719277345749
-11.002638558239257,-20.0675083643172,-28.42719277346688
-10.866298550582206,-20.083644699228813,-28.427192773472697
-10.727921951729348,-20.082438855003215,-28.4271927734753
-10.587764018729356,-20.06363703615198,-28.42719277347517
-10.446069680795286,-20.0270123366519,-28.427192773472864
-10.303073126204035,-19.972365341166043,-28.42719277346906
-10.158997396713202,-19.899524694534275,-28.427192773464462
-10.014053985223505,-19.808347644151567,-28.427192773459854
-9.868442432906782,-19.69872055938435,-28.427192773456017
-9.722349922612327,-19.57055943158619,-28.42719277345372
-9.575950866050732,-19.423810357571888,-28.427192773453715
-9.42940648302678,-19.25845000860174,-28.42719277345669
-9.282864371843353,-19.074486086024077,-28.427192773463254
-9.136458070918092,-18.871957763732457,-28.42719277347393
-8.99030661263434,-18.65093611652505,-28.427192773489107
-8.844514071477342,-18.411524532317873,-28.42719277350907
-8.699169109573997,-18.153859104974096,-28.427192773533946
-8.554344523846181,-17.878109003283157,-28.427192773563714
-8.41009680008806,-17.58447681037362,-28.427192773598218
-8.266465680369247,-17.273198826593166,-28.427192773637152
-8.123473751226934,-16.94454532766202,-28.427192773680083
-7.981126061118048,-16.59882076873036,-28.427192773726446
-7.839409776530563,-16.23636392387801,-28.42719277377561
-7.698293886971817,-15.857547949620992,-28.42719277382683
-7.557728969729991,-15.462780360173708,-28.42719277387937
-7.417647025809198,-15.052502901598903,-28.427192773932447
-7.277961398735213,-14.627191311602463,-28.427192773985333
-7.1385667879842165,-14.18735495163957,-28.427192774037334
-6.999339368569867,-13.73353629823253,-28.427192774087885
-6.860137027806945,-13.266310280994599,-28.42719277413651
-6.720799729431452,-12.786283455837012,-28.4271927741829
-6.581150014083701,-12.294093003226632,-28.427192774226878
-6.4409936436492945,-11.790405543165823,-28.427192774268434
-6.300120395111278,-11.275915760775087,-28.42719277430769
-6.158305007417232,-10.7513448389475,-28.42719277434491
-6.0153082824436295,-10.217438697467925,-28.427192774380437
-5.870878338497303,-9.674966041187083,-28.42719277441467
-5.7247520119949336,-9.124716223230964,-28.427192774448013
-5.576656400082878,-8.567496932714024,-28.42719277448082
-5.42631053408812,-8.004131719902166,-28.42719277451335
-5.273427170919224,-7.435457375122792,-28.42719277454574
-5.117714686958941,-6.862321180825952,-28.427192774577936
-4.95887905669945,-6.285578058948039,-28.427192774609697
-4.79662589645177,-5.706087638012722,-28.427192774640602
-4.630662551984818,-5.124711266134038,-28.427192774670008
-4.460700207972665,-4.5423089971960655,-28.427192774697136
-4.286455996686767,-3.9597365779303346,-28.42719277472109
-4.107655083477235,-3.377842463381853,-28.427192774740906
-3.924032707234978,-2.7974648873624965,-28.427192774755643
-3.7353361551837616,-2.219429012979437,-28.42719277476442
-3.5413266529668874,-1.6445441862647785,-28.427192774766528
-3.341781152999003,-1.0736013134102818,-28.427192774761433
-3.13649400636822,-0.5073703792334795,-28.42719277474891
-2.9252785061075297,0.05340187861614738,-28.427192774729004
-2.7079682923140185,0.6079941284412562,-28.42719277470209
-2.4844186122873717,1.1557124282456792,-28.42719277466888
-2.2545074314986486,1.6958920295649402,-28.427192774630395
-2.0181363937083057,2.227898999438871,-28.427192774587933
-1.7752316308626261,2.7511316612540275,-28.427192774543016
-1.5257444254570767,3.265021857512513,-28.42719277449734
-1.2696517298251109,3.7690360395323412,-28.4271927744527
-1.0069565482671807,4.262676190629133,-28.427192774410923
-0.737688189066467,4.745480590463748,-28.42719277437376
-0.46190239424666824,5.217024428975137,-28.427192774342892
-0.17968135542526745,5.6769202786751185,-28.427192774319757
0.10886637567600216,6.124818434095653,-28.427192774305578
0.40360607355552214,6.560407126890873,-28.427192774301293
0.7043771138661415,6.983412624552837,-28.427192774307525
1.010993329211377,7.39359921995154,-28.42719277432453
1.3232434386881402,7.790769118007445,-28.427192774352264
1.6408915448118093,8.174762224799245,-28.42719277439032
1.963677692291811,8.545455843349325,-28.42719277443799
2.2913184840037997,8.902764279260456,-28.427192774494298
2.623507750394464,9.246638358341693,-28.427192774558023
2.95991726942595,9.577064857397572,-28.427192774627745
3.300197534990576,9.89406584849609,-28.427192774701947
3.6439785724778258,10.197697956307104,-28.42719277477901
3.9908708008324996,10.488051527537515,-28.427192774857325
4.340465940986824,10.765249711103062,-28.42719277493532
4.692337970965203,11.029447447482417,-28.427192775011523
5.0460441282367565,11.280830365707203,-28.42719277508461
5.401125960020429,11.519613586654966,-28.427192775153443
5.757110422226809,11.746040431729226,-28.427192775217108
6.113511027550818,11.960381036623831,-28.427192775274914
6.46982904291525,12.16293087066449,-28.427192775326453
6.825554736016427,12.354009163179168,-28.42719277537153
7.180168670153944,12.533957239446279,-28.427192775410216
7.533143045854671,12.703136769975027,-28.427192775442776
7.883943087048734,12.861927938151009,-28.427192775469667
8.232028468747195,13.010727532594043,-28.427192775491513
8.576854782335207,13.149946971882477,-28.42719277550903
8.917875033759747,13.280010270556701,-28.427192775523
9.254541169087474,13.401351956481445,-28.42719277553423
9.586305621165215,13.51441495068095,-28.42719277554352
9.912622870460536,13.619648421625831,-28.427192775551614
10.232951012617761,13.717505626612803,-28.42719277555916
10.54675332485649,13.808441753312342,-28.42719277556671
10.853499823081023,13.892911774746437,-28.42719277557468
11.15266880147079,13.971368330889021,-28.42719277558339
11.44374834638814,14.044259649754435,-28.427192775592992
11.72623781666887,14.112027520263418,-28.42719277560356
11.999649282744732,14.175105328368273,-28.42719277561505
12.263508917572315,14.233916166905265,-28.427192775627333
12.517358332990282,14.288871028455002,-28.42719277564024
12.76075585587442,14.340367089168971,-28.42719277565355
12.993277739281428,14.388786090104574,-28.427192775667045
13.214519304640184,14.434492821146156,-28.42719277568053
13.424096011935099,14.477833711120333,-28.427192775693822
13.621644455702242,14.519135526283621,-28.427192775706796
13.8068232854991,14.558704178009227,-28.42719277571938
13.97931405028918,14.596823639263883,-28.42719277573156
14.138821966883098,14.633754968375468,-28.427192775743368
14.285076613181387,14.669735437672122,-28.42719277575492
14.41783254745883,14.704977763841585,-28.427192775766347
14.536869855307673,14.739669436326462,-28.4271927757778
14.641994626113727,14.773972139740962,-28.427192775789486
14.73303936107594,14.808021266165463,-28.427192775801576
14.809863314800813,14.841925513238065,-28.42719277581424
14.872352772415967,14.875766564203666,-28.427192775827617
14.920421263963707,14.909598846482139,-28.427192775841807
14.954009717568818,14.943449365855304,-28.427192775856867
14.973086552541584,14.977317614021477,-28.427192775872793
14.977647713194223,15.011175547997915,-28.427192775889534
14.967716643735622,15.044967640635061,-28.42719277590699
14.943344204184953,15.078611002310582,-28.427192775925
14.904608526828865,15.111995574663904,-28.427192775943396
14.851614812359298,15.144984397981865,-28.427192775961984
14.78449506448804,15.177413954522367,-28.427192775980554
14.703407761557642,15.209094590637065,-28.42719277599893
14.608537463472087,15.239811020999758,-28.427192776016938
14.50009435216848,15.269322918540857,-28.427192776034474
14.37831370385405,15.29736559381147,-28.42719277605149
14.243455291349001,15.323650767438297,-28.427192776067997
14.09580271510978,15.347867439073621,-28.42719277608409
13.935662661859658,15.369682855790213,-28.427192776099936
13.763364090220817,15.388743582221556,-28.42719277611578
13.57925734331634,15.404676673913706,-28.42719277613192
13.383713188979621,15.417090954352508,-28.427192776148704
13.177121788956299,15.425578394981915,-28.4271927761665
12.959891599289938,15.429715596265128,-28.427192776185674
12.732448204923603,15.429065366494402,-28.42719277620657
12.495233092399724,15.42317839366682,-28.427192776229464
12.248702365372427,15.411595004353602,-28.427192776254554
11.993325408431938,15.393847002143245,-28.427192776281917
11.72958350545244,15.369459576976709,-28.427192776311497
11.457968419287107,15.337953275557517,-28.42719277634309
11.17898094012467,15.298846022048009,-28.427192776376337
10.893129410171957,15.251655177487537,-28.427192776410713
10.600928232522994,15.195899625814306,-28.42719277644555
10.302896372109464,15.131101874057318,-28.42719277648006
9.999555856497448,15.056790154197579,-28.427192776513344
9.691430284006007,14.972500514378122,-28.427192776544445
9.379043346184133,14.87777888756202,-28.427192776572372
9.062917371109954,14.77218312637879,-28.427192776596172
8.74357189329026,14.655284993738317,-28.427192776614945
8.421522255163929,14.52667209979626,-28.427192776627912
8.097278244377247,14.385949776990428,-28.427192776634463
7.771342770131358,14.232742886094478,-28.427192776634172
7.444210581032046,14.066697547512707,-28.42719277662685
7.116367026029005,13.887482793326443,-28.427192776612557
6.788286859243445,13.694792136858828,-28.42719277659163
6.460433088774743,13.4883450577129,-28.427192776564663
6.133255868971501,13.267888401323917,-28.427192776532504
5.807191435168454,13.033197693020846,-28.42719277649625
5.482661079543618,12.784078367388831,-28.427192776457204
5.1600701665505415,12.520366914344189,-28.427192776416845
4.83980718633584,12.241931943761127,-28.427192776376764
4.522242844665019,11.94867517071562,-28.427192776338643
4.207729188149237,11.640532323431747,-28.427192776304146
3.896598763987232,11.317473975830065,-28.427192776274918
3.5891638140021307,10.979506306191151,-28.427192776252486
3.2857155034504224,10.626671782870286,-28.427192776238215
2.98652318589523,10.259049777245453,-28.427192776233262
2.691833706349738,9.87675710316945,-28.427192776238503
2.401870745887911,9.479948481151029,-28.427192776254522
2.116834211963634,9.06881692433795,-28.427192776281593
1.8368996797481634,8.643594042148925,-28.427192776319625
1.5622178908580722,8.204550256139482,-28.427192776368194
1.2929143168673403,7.75199492143067,-28.427192776426534
1.0290887959406554,7.286276345826139,-28.42719277649358
0.7708152517507091,6.8077816976428265,-28.427192776567992
0.5181415045088513,6.3169367923375095,-28.427192776648216
0.27108918440372687,5.814205747281255,-28.42719277673255
0.029653757964757138,5.3000904935730215,-28.42719277681919
-0.20619532219300665,4.775130133646599,-28.427192776906338
-0.4365143341645186,4.239900133662198,-28.427192776992253
-0.6613848607383749,3.695011340328515,-28.427192777075337
-0.8809132123094457,3.1411088129058804,-28.4271927771542
-1.0952296919323354,2.578870462715529,-28.427192777227692
-1.30448769757193,2.0090054945267957,-28.427192777294977
-1.5088626588063359,1.432252646696411,-28.427192777355533
-1.708550807755636,0.8493782298541122,-28.427192777409164
-1.9037677867944411,0.26117396720594643,-28.427192777455957
-2.0947470985878063,-0.3315453569214378,-28.427192777496295
-2.28173840708414,-0.9279444299484934,-28.427192777530742
-2.4650057012081197,-1.5271701111998846,-28.427192777560045
-2.644825336015459,-2.1283542815333463,-28.42719277758499
-2.821483968889872,-2.7306168211466675,-28.427192777606393
-2.995276410872335,-3.3330686911501246,-28.427192777624995
-3.166503415312952,-3.9348150918589613,-28.4271927776414
-3.335469427638461,-4.5349586687276044,-28.42719277765607
-3.502480321064375,-5.132602735504815,-28.427192777669237
-3.6678411435032543,-5.72685448359895,-28.42719277768095
-3.831853900708616,-6.316828146834526,-28.427192777691047
-3.99481539985361,-6.90164809175031,-28.4271927776992
-4.157015176307574,-7.480451805296231,-28.427192777704985
-4.318733524399336,-8.052392754160836,-28.427192777707894
-4.4802396505222095,-8.616643092905191,-28.427192777707404
-4.641789964136883,-9.172396201474356,-28.427192777703056
-4.803626519170616,-9.71886903637158,-28.4271927776945
-4.965975615104689,-10.255304283674521,-28.427192777681523
-5.129046563796955,-10.780972306009907,-28.42719277766413
-5.293030624905702,-11.295172879453865,-28.427192777642485
-5.45810010975821,-11.797236719974364,-28.427192777617012
-5.624407650720936,-12.286526802382388,-28.427192777588296
-5.792085630641257,-12.76243947773312,-28.427192777557128
-5.961245764788484,-13.224405397663064,-28.42719277752443
-6.131978825953054,-13.671890256230983,-28.427192777491232
-6.304354501979483,-14.104395361437708,-28.42719277745863
-6.478421374008901,-14.521458049738161,-28.427192777427727
-6.65420700307605,-14.922651957549675,-28.42719277739959
-6.831718112419545,-15.307587164037356,-28.427192777375208
-7.010940852891133,-15.67591021936152,-28.42719277735545
-7.191841139153433,-16.027304072152287,-28.42719277734104
-7.374365044896902,-16.36148790928233,-28.42719277733252
-7.55843924604574,-16.678216920091703,-28.42719277733024
-7.743971501819864,-16.977281996127626,-28.42719277733434
-7.930851164538665,-17.258509376243993,-28.42719277734477
-8.118949710157361,-17.52176024560194,-28.427192777361274
-8.308121282687004,-17.76693029576288,-28.42719277738342
-8.498203246836425,-17.993949251701675,-28.427192777410596
-8.689016744404023,-18.20278037021946,-28.427192777442063
-8.880367251117816,-18.393419912927197,-28.42719277747695
-9.072045131754958,-18.56589659572352,-28.427192777514318
-9.263826192451042,-18.720271015521096,-28.427192777553156
-9.455472230121075,-18.856635053899424,-28.42719277759245
-9.646731579846048,-18.975111256391262,-28.427192777631184
-9.83733966192094,-19.075852185255556,-28.427192777668413
-10.027019531002601,-19.15903974286088,-28.427192777703237
-10.215482430430951,-19.224884462208234,-28.427192777734874
-10.402428355317085,-19.27362476066753,-28.427192777762663
-10.587546628390921,-19.305526152694075,-28.4271927777861
-10.770516492873757,-19.320880417134248,-28.427192777804848
-10.951007726783507,-19.32000471472688,-28.427192777818718
-11.128681283090051,-19.30324065155942,-28.42719277782773
-11.303189960014313,-19.27095328454539,-28.42719277783206
-11.474179105508663,-19.223530065448173,-28.42719277783206
-11.641287359572,-19.16137972057944,-28.42719277782823
-11.804147437546538,-19.084931064038738,-28.427192777821205
-11.962386956924538,-18.994631743220783,-28.427192777811733
-12.115629309474025,-18.89094691628112,-28.427192777800638
-12.263494579688485,-18.774357862299073,-28.427192777788786
-12.405600509694596,-18.645360525984316,-28.427192777777062
-12.541563509835129,-18.504463999913334,-28.42719277776633
-12.670999713204052,-18.35218894842441,-28.42719277775737
-12.793526071471723,-18.18906597841408,-28.427192777750907
-12.908761488425148,-18.015633963332185,-28.427192777747532
-13.01632798678627,-17.83243832763643,-28.427192777747695
-13.115851903083948,-17.64002929981156,-28.42719277775169
-13.206965104664695,-17.438960142757395,-28.427192777759643
-13.289306222351795,-17.229785370882876,-28.427192777771523
-13.362521891817767,-17.013058963593647,-28.427192777787138
-13.42626799643158,-16.7893325850194,-28.427192777806148
-13.480210904185656,-16.55915381979063,-28.42719277782808
-13.52402869129931,-16.323064434447012,-28.427192777852376
-13.55741234523032,-16.08159867365185,-28.427192777878407
-13.580066940095705,-15.835281599815922,-28.427192777905496
-13.591712777892791,-15.584627484022857,-28.42719277793298
-13.592086489404672,-15.330138255323922,-28.42719277796021
-13.580942089249984,-15.072302014563636,-28.4271927779866
-13.558051980172944,-14.811591617942257,-28.427192778011655
-13.52320790234231,-14.548463334550062,-28.427192778034964
-13.476221824113917,-14.283355581154906,-28.427192778056256
-13.416926771387834,-14.016687736619252,-28.42719277807537
-13.345177593337077,-13.74885903749425,-28.42719277809228
-13.260851662881645,-13.480247555609754,-28.427192778107088
-13.163849510813725,-13.211209257870125,-28.42719277812
-13.054095392935075,-12.942077147989723,-28.42719277813132
-12.931537789937256,-12.673160489567886,-28.427192778141446
-12.796149840034525,-12.404744109713633,-28.427192778150808
-12.647929704546739,-12.137087782382922,-28.427192778159885
-12.486900866727664,-11.870425690678553,-28.42719277816916
-12.313112364148205,-11.604965967572344,-28.42719277817911
-12.126638954882617,-11.340890314825078,-28.427192778190154
-11.927581217619615,-11.078353700281973,-28.427192778202684
-11.71606558564253,-10.817484134187506,-28.42719277821701
-11.492244314407813,-10.558382525668865,-28.42719277823335
-11.256295382215155,-10.30112262105566,-28.427192778251854
-11.008422323221923,-10.045751026208132,-28.427192778272573
-10.748853991826111,-9.79228731548996,-28.427192778295463
-10.477844257242596,-9.540724230418594,-28.427192778320418
-10.195671626942667,-9.291027971331118,-28.42719277834724
-9.902638797531917,-9.043138585593896,-28.42719277837569
-9.599072131619339,-8.796970455940096,-28.427192778405463
-9.285321059292484,-8.552412892423776,-28.427192778436247
-8.961757402968177,-8.30933083122029,-28.427192778467703
-8.628774624641391,-8.067565643072777,-28.427192778499492
-8.286786994909015,-7.826936053580878,-28.42719277853129
-7.936228683599311,-7.587239176753877,-28.42719277856279
-7.57755277238716,-7.3482516623153655,-28.427192778593714
-7.21123019041125,-7.1097309561652775,-28.427192778623827
-6.8377485746198845,-6.871416672198716,-28.42719277865291
-6.457611057341582,-6.633032072375763,-28.42719277868078
-6.071334984386174,-6.394285650563517,-28.42719277870728
-5.679450567810651,-6.154872814266139,-28.42719277873226
-5.282499478308341,-5.9144776569586,-28.427192778755582
-4.8810333829762,-5.672774812384538,-28.42719277877711
-4.4756124349590864,-5.429431380907736,-28.427192778796694
-4.066803722138582,-5.18410891685825,-28.427192778814167
-3.6551796826063785,-4.936465464823127,-28.427192778829355
-3.2413164951199693,-4.686157632028618,-28.42719277884206
-2.8257924530670624,-4.43284268337039,-28.42719277885209
-2.4091863306545243,-4.176180645288486,-28.42719277885923
-1.9920757500826713,-3.915836404564639,-28.427192778863304
-1.5750355583661841,-3.6514817882433066,-28.42719277886415
-1.158636222223964,-3.3827976112380718,-28.427192778861652
-0.7434422490917916,-3.109475678768079,-28.427192778855773
-0.33001064182813267,-2.8312207315535365,-28.427192778846536
0.08111060589701977,-2.5477523226577,-28.42719277883408
0.489383967196653,-2.2588066159625737,-28.427192778818636
0.8942837869200382,-1.9641380974708167,-28.427192778800563
1.2952976290780278,-1.663521191898742,-28.42719277878032
1.691927562595953,-1.3567517783261276,-28.427192778758496
2.083691381973676,-1.043648599959812,-28.42719277873577
2.470123760116578,-0.7240545643141065,-28.4271927787129
2.850777331226988,-0.39783793127950395,-28.42719277869071
3.2252237021972348,-0.06489338761411292,-28.427192778670065
3.5930543914110458,0.27485699267325453,-28.427192778651825
3.9538816942312676,0.6214629017906207,-28.42719277863683
4.307339474724597,0.9749450645916503,-28.42719277862584
4.653083883347901,1.3352946166073656,-28.427192778619542
4.990794000399301,1.7024725920156858,-28.42719277861848
5.32017240502759,2.076409519733326,-28.42719277862306
5.640945669506125,2.457005125809426,-28.427192778633508
5.952864778325315,2.844128140424484,-28.42719277864988
6.255705471456957,3.237616208031719,-28.427192778672016
6.5492685109116,3.6372758994973733,-28.42719277869959
6.833379869466214,4.042882825475262,-28.42719277873209
7.1078908402036705,4.454181850660573,-28.427192778768823
7.372678065298772,4.870887408978668,-28.42719277880898
7.627643482328036,5.2926839201459455,-28.427192778851623
7.872714186291974,5.7192263083618435,-28.42719277889575
8.107842205537317,6.150140624124804,-28.427192778940334
8.333004189868612,6.585024770284312,-28.427192778984338
8.548201009357264,7.02344933342253,-28.427192779026793
8.753457262701003,7.4649585214838705,-28.427192779066804
8.948820694463855,7.909071208225343,-28.427192779103613
9.13436152113663,8.355282084537285,-28.427192779136615
9.310171666696734,8.803062915982457,-28.427192779165377
9.476363909203995,9.251863905028408,-28.427192779189674
9.633070940930764,9.701115155418133,-28.427192779209467
9.780444345569215,10.150228234959647,-28.42719277922491
9.918653497160477,10.598597831745947,-28.427192779236336
10.04788438651886,11.045603497479366,-28.427192779244255
10.1683383820461,11.490611470210057,-28.42719277924927
10.280230932909246,11.932976567453327,-28.427192779252106
10.383790223554673,12.372044139372314,-28.427192779253517
10.47925578941349,12.80715207054902,-28.427192779254284
10.566877104386494,13.237632817863734,-28.427192779255144
10.646912151249897,13.662815471201762,-28.427192779256785
10.719625986471854,14.08202782314205,-28.427192779259773
10.785289311056527,14.494598433481963,-28.427192779264573
10.844177058926892,14.899858674433137,-28.427192779271508
10.896567014017721,15.297144742592435,-28.427192779280734
10.94273846668247,15.685799624345501,-28.427192779292284
10.982970919236573,16.06517500218436,-28.42719277930602
11.017542849486592,16.434633090490763,-28.427192779321704
11.046730539957833,16.7935483906213,-28.427192779338974
11.070806979265239,17.141309356589595,-28.4271927793574
11.090040840710138,17.47731996423095,-28.427192779376494
11.1046955417667,17.801001178409212,-28.42719277939574
11.115028386685202,18.111792314536505,-28.42719277941463
11.121289793021052,18.409152292378455,-28.427192779432684
11.123722601533593,18.692560781766655,-28.427192779449474
11.12256146761701,18.961519241398825,-28.427192779464637
11.118032331253387,19.21555185334183,-28.427192779477906
11.110351961435741,19.454206357137107,-28.4271927794891
11.099727570112137,19.67705478852207,-28.427192779498142
11.086356489961133,19.883694128711113,-28.427192779505052
11.07042590972904,20.073746870919024,-28.42719277950993
11.05211266044157,20.246861511355817,-28.427192779512996
11.031583045543478,20.402712972279392,-28.427192779514513
11.008992707913405,20.54100296486728,-28.42719277951483
10.984486526738513,20.661460299672793,-28.427192779514336
10.958198537404346,20.763841152275894,-28.42719277951345
10.930251867847737,20.847929291439755,-28.42719277951262
10.900758685222323,20.91353627665528,-28.427192779512293
10.869820147225134,20.960501631412136,-28.427192779512893
10.837526353016464,20.988692997891544,-28.427192779514844
10.803956289322553,20.99800627804599,-28.427192779518503
10.769177768030401,20.988365765227968,-28.427192779524184
10.733247352356607,20.959724269664918,-28.42719277953215
10.696210269487649,20.912063240161924,-28.42719277954259
10.658100308439248,20.845392883457453,-28.42719277955562
10.618939702758592,20.759752281669975,-28.427192779571282
10.578738998587426,20.65520950726359,-28.42719277958952
10.53749690950781,20.53186173393866,-28.42719277961024
10.495200160497244,20.389835340828025,-28.42719277963324
10.451823324216278,20.229286006361903,-28.427192779658267
10.407328653729646,20.050398787166287,-28.427192779684997
10.361665916609509,19.853388176394635,-28.42719277971308
10.31477223617387,19.638498134975485,-28.427192779742107
10.266571946360113,19.40600208840704,-28.42719277977167
10.216976467406935,19.15620288096242,-28.427192779801352
10.165884210100385,18.88943267850776,-28.427192779830747
10.113180516812818,18.606052810601508,-28.427192779859492
10.058737647908071,18.306453542161503,-28.427192779887264
10.002414822282718,17.991053764779835,-28.427192779913817
9.944058320843094,17.66030059775795,-28.42719277993899
9.883501661563415,17.314668889147327,-28.4271927799627
9.820565854417108,16.95466060753279,-28.427192779984978
9.755059743909746,16.58080411600041,-28.427192780005946
9.686780446161334,16.193653320698317,-28.42719278002582
9.615513886487133,15.793786687627486,-28.427192780044923
9.541035442215366,15.381806122783606,-28.427192780063603
9.463110694070773,14.958335712493222,-28.42719278008229
9.381496287865899,14.524020322721045,-28.427192780101414
9.295940906507157,14.07952405823308,-28.4271927801214
9.206186350476985,13.625528584735438,-28.427192780142608
9.11196872304136,13.162731319415789,-28.42719278016533
9.013019714503477,12.691843497630591,-28.42719278018975
8.909067977933534,12.213588125739399,-28.4271927802159
8.799840587007271,11.72869783221804,-28.42719278024367
8.685064564937512,11.23791263111742,-28.427192780272772
8.564468472035648,10.741977613610054,-28.42719278030277
8.437784038240274,10.241640584726431,-28.427192780333062
8.30474782603674,9.737649663382376,-28.427192780362905
8.165102908592292,9.230750864404873,-28.427192780391493
8.01860054766391,8.721685681460073,-28.42719278041794
7.865001855904187,8.211188689572465,-28.427192780441356
7.704079428586361,7.699985185313629,-28.427192780460903
7.53561893047261,7.188788881762747,-28.42719278047583
7.359420624528523,6.678299674043274,-28.427192780485537
7.175300830400806,6.169201489675946,-28.42719278048961
6.98309330197693,5.662160236220842,-28.427192780487857
6.782650514882461,5.157821856778948,-28.427192780480325
6.573844856389876,4.656810501956398,-28.427192780467326
6.356569711857748,4.159726824930279,-28.427192780449406
6.130740443440383,3.6671464043571698,-28.427192780427358
5.896295258358517,3.179618298090627,-28.4271927804022
5.653195965461716,2.6976637290688723,-28.427192780375094
5.401428620109527,2.221774903335919,-28.42719278034734
5.141004058526567,1.75241395899403,-28.42719278032032
4.8719583237299515,1.2900120439676626,-28.42719278029542
4.594352985877141,0.8349685197928802,-28.427192780273998
4.308275360437405,0.3876502882260095,-28.427192780257325
4.013838627956456,-0.05160876272337303,-28.42719278024652
3.7111818593728496,-0.48250819670892,-28.42719278024254
3.4004699508732545,-0.904781354083955,-28.427192780246095
3.0818934721618194,-1.3181955668749585,-28.4271927802577
2.7556684317899536,-1.7225522660407404,-28.427192780277565
2.4220359628721204,-2.1176869828193063,-28.427192780305678
2.0812619321267696,-2.5034692453769205,-28.42719278034176
1.7336364747559336,-2.879802371382295,-28.427192780385298
1.3794734572381953,-3.246623156568514,-28.427192780435583
1.0191098696827292,-3.6039014588492675,-28.427192780491712
0.6529051490002583,-3.9516396771541253,-28.427192780552645
0.2812404338112549,-4.289872123866405,-28.42719278061726
-0.095482248248724,-4.618664289608504,-28.427192780684376
-0.47684086033643314,-4.9381119991408795,-28.427192780752804
-0.8623943028976356,-5.248340457334076,-28.427192780821397
-1.251683426384745,-5.549503184544753,-28.427192780889076
-1.6442321095658625,-5.84178084127705,-28.42719278095489
-2.0395484025178003,-6.125379942734061,-28.427192781017997
-2.4371257330050513,-6.400531464748788,-28.427192781077732
-2.836444174451573,-6.66748934361151,-28.427192781133584
-3.2369717731251595,-6.926528873457131,-28.427192781185216
-3.6381659314916064,-7.177945006112337,-28.42719278123246
-4.039474843977791,-7.42205055959433,-28.427192781275277
-4.4403389806321565,-7.659174342762924,-28.427192781313785
-4.840192613413002,-7.889659204915671,-28.427192781348197
-5.238465379095821,-8.11386002034037,-28.42719278137881
-5.634583872097273,-8.33214161896011,-28.427192781405967
-6.027973259891095,-8.544876675184119,-28.427192781430055
-6.418058913164076,-8.752443567878462,-28.42719278145145
-6.8042680424491975,-8.955224224963956,-28.427192781470513
-7.186031332694937,-9.15360196651166,-28.42719278148757
-7.562784567097039,-9.347959360323102,-28.427192781502914
-7.9339702315385106,-9.538676103845907,-28.427192781516762
-8.299039091156812,-9.726126945887188,-28.427192781529303
-8.657451730879787,-9.910679660957266,-28.42719278154068
-9.008680052234096,-10.092693088223392,-28.427192781550982
-9.352208719317227,-10.27251524600353,-28.427192781560283
-9.687536547517555,-10.45048153151583,-28.427192781568642
-10.01417782934406,-10.626913014258085,-28.427192781576135
-10.331663592563729,-10.802114829963354,-28.427192781582818
-10.639542786714236,-10.976374680605867,-28.42719278158879
-10.937383394936301,-11.14996144445719,-28.427192781594183
-11.224773468928783,-11.323123898757695,-28.42719278159914
-11.501322085646738,-11.496089556209835,-28.427192781603853
-11.766660225117498,-11.669063615251495,-28.42719278160854
-12.020441569424623,-11.84222802295784,-28.427192781613428
-12.262343223490454,-12.015740648471159,-28.427192781618754
-12.49206635876501,-12.189734564086326,-28.427192781624765
-12.709336781296088,-12.364317430534443,-28.427192781631668
-12.913905425910796,-12.539570982612354,-28.427192781639665
-13.105548778384204,-12.715550611098475,-28.42719278164889
-13.284069227511845,-12.892285036867465,-28.42719278165944
-13.449295348947873,-13.069776073254355,-28.427192781671344
-13.601082122531235,-13.247998473005314,-28.427192781684553
-13.739311084611789,-13.426899856565678,-28.427192781698967
-13.86389041662231,-13.606400718972042,-28.427192781714396
-13.97475497083757,-13.786394513207295,-28.42719278173061
-14.071866233935712,-13.966747808517418,-28.42719278174732
-14.155212228648086,-14.147300522847639,-28.42719278176421
-14.224807353469402,-14.327866229203943,-28.427192781780924
-14.280692160117974,-14.508232536355635,-28.427192781797146
-14.322933068202424,-14.688161544838067,-28.427192781812543
-14.351622016381326,-14.86739037966685,-28.427192781826847
-14.366876049209184,-15.04563180151291,-28.427192781839853
-14.368836838856339,-15.222574898292539,-28.42719278185143
-14.357670140980096,-15.397885859182754,-28.427192781861542
-14.333565184214063,-15.571208832969152,-28.427192781870264
-14.296733993034112,-15.742166872365397,-28.427192781877768
-14.247410644149657,-15.910362965510638,-28.427192781884354
-14.185850457052211,-16.075381155259223,-28.427192781890394
-14.112329119919057,-16.236787746137786,-28.427192781896384
-14.027141752704374,-16.39413259797591,-28.427192781902857
-13.930601909936149,-16.54695050424092,-28.4271927819104
-13.823040526453955,-16.69476265205297,-28.42719278191962
-13.704804810047754,-16.83707815975554,-28.427192781931094
-13.57625708566671,-16.973395686803325,-28.427192781945354
-13.437773596534807,-17.103205109641316,-28.427192781962855
-13.289743268112108,-17.225989256221986,-28.42719278198393
-13.132566441353564,-17.34122569087813,-28.427192782008774
-12.96665358212076,-17.4483885404692,-28.427192782037434
-12.79242397387822,-17.546950352078493,-28.427192782069767
-12.610304400941894,-17.636383972079823,-28.427192782105465
-12.420727829534869,-17.716164436132967,-28.42719278214405
-12.224132093741037,-17.785770859616605,-28.42719278218487
-12.020958593133942,-17.844688318168004,-28.427192782227145
-11.811651008402947,-17.89240970836552,-28.42719278226997
-11.596654040715139,-17.928437579150128,-28.42719278231237
-11.376412179856146,-17.95228592531734,-28.42719278235333
-11.15136850540734,-17.963481935296176,-28.42719278239182
-10.921963524364475,-17.961567686438563,-28.42719278242689
-10.688634047709325,-17.9461017821386,-28.427192782457634
-10.451812107537936,-17.916660926252632,-28.427192782483296
-10.211923915452928,-17.872841431463474,-28.42719278250328
-9.969388862068561,-17.814260659392016,-28.42719278251716
-9.724618556679571,-17.740558391374325,-28.427192782524745
-9.478015905429569,-17.651398129863278,-28.427192782526046
-9.229974225700579,-17.54646833135427,-28.427192782521317
-8.980876393947808,-17.42548357255229,-28.427192782511035
-8.731094023835094,-17.28818565217399,-28.4271927824959
-8.480986671295986,-17.134344631298717,-28.427192782476805
-8.23090106305907,-16.96375981553609,-28.427192782454814
-7.981170345237231,-16.77626068245709,-28.427192782431142
-7.732113348789291,-16.571707757737364,-28.427192782407097
-7.484033869017378,-16.349993443284305,-28.427192782384054
-7.237219956759894,-16.1110428002655,-28.427192782363406
-6.991943219572199,-15.854814289429708,-28.427192782346516
-6.748458131946873,-15.581300470419531,-28.42719278233467
-6.507001354502663,-15.290528660926407,-28.427192782329044
-6.267791063053866,-14.982561555545281,-28.427192782330632
-6.03102628954599,-14.657497803062649,-28.427192782340246
-5.796886277992219,-14.31547253967499,-28.42719278235846
-5.5655298597495415,-13.956657874305964,-28.427192782385603
-5.337094853711007,-13.581263320794836,-28.42719278242172
-5.111697498236026,-13.189536170294925,-28.42719278246658
-4.889431922864796,-12.781761795783389,-28.42719278251968
-4.670369669033201,-12.358263879181738,-28.427192782580256
-4.4545592700843715,-11.91940455026452,-28.427192782647328
-4.242025901822918,-11.465584425340952,-28.427192782719708
-4.032771115635051,-10.99724253268446,-28.427192782796062
-3.8267726667581097,-10.51485611091486,-28.427192782874975
-3.6239844505815033,-10.018940266065556,-28.427192782954993
-3.4243365598543467,-9.510047472950971,-28.42719278303469
-3.2277354753226857,-8.988766906741592,-28.427192783112744
-3.034064401587192,-8.45572359140273,-28.427192783187976
-2.843183758834704,-7.91157735289535,-28.42719278325942
-2.654931839540007,-7.357021566796038,-28.427192783326333
-2.4691256372577124,-6.792781692273593,-28.427192783388247
-2.285561852244747,-6.219613587146065,-28.427192783444948
-2.1040180759067786,-5.638301601995309,-28.42719278349648
-1.9242541530012136,-5.049656454972059,-28.427192783543113
-1.746013717228805,-4.454512892894483,-28.42719278358528
-1.5690258923965934,-3.8537271484150946,-28.42719278362354
-1.3930071478431925,-3.2481742072729585,-28.427192783658487
-1.2176632934004175,-2.6387449038141173,-28.427192783690696
-1.0426915959456717,-2.0263428668989385,-28.427192783720646
-0.8677829966995092,-1.4118813418667169,-28.427192783748673
-0.6926244059572456,-0.7962799172501346,-28.42719278377491
-0.5169010500134418,-0.18046118729736021,-28.427192783799274
-0.3402988437244456,0.43465261703493496,-28.42719278382147
-0.16250676151286653,1.0481429951789814,-28.427192783841
0.0167808203239828,1.659098508793869,-28.427192783857198
0.19786183638525048,2.266618045942275,-28.427192783869305
0.3810243249837476,2.8698139869682233,-28.427192783876524
0.5665443239572479,3.4678152439391323,-28.427192783878105
0.7546838898879417,4.05977014864395,-28.427192783873394
0.9456892581988359,4.644849167762253,-28.42719278386195
1.1397891583561752,5.222247427788686,-28.42719278384357
1.3371932949954046,5.791187036458109,-28.42719278381832
1.5380910023265653,6.350919191616427,-28.427192783786605
1.7426500757782977,6.900726072576949,-28.427192783749106
1.9510157816109646,7.439922512864994,-28.427192783706836
2.1633100422562666,7.967857456777676,-28.42719278366104
2.3796307924924807,8.483915205288733,-28.427192783613197
2.6000514992911996,8.987516459452223,-28.42719278356491
2.8246208363041365,9.47811917157071,-28.427192783517885
3.053362502510083,9.955219215983531,-28.42719278347381
3.286275173509273,10.41835089240884,-28.427192783434325
3.5233325733183825,10.867087275366833,-28.427192783400944
3.7644836542563964,11.301040423361433,-28.42719278337496
4.009652872583793,11.71986146125358,-28.42719278335746
4.2587405479235905,12.123240548677416,-28.427192783349224
4.511623295108438,12.510906746490171,-28.42719278335075
4.768154517917823,12.882627792166337,-28.427192783362198
5.028164955148828,13.238209793804883,-28.427192783383422
5.2914632705600875,13.57749685106843,-28.427192783413975
5.557836679401481,13.90037060996572,-28.42719278345312
5.827051605455079,14.206749756968103,-28.427192783499873
6.098854363732736,14.496589456557079,-28.42719278355304
6.372971865172852,14.769880734967709,-28.427192783611268
6.649112340827332,15.026649811651929,-28.427192783673082
6.9269660841065965,15.266957378861825,-28.42719278373695
7.206206210636198,15.490897828766895,-28.42719278380134
7.486489436156092,15.69859842668871,-28.427192783864747
7.767456873648771,15.890218428375315,-28.427192783925783
8.048734851503573,16.06594813875652,-28.427192783983177
8.329935755002364,16.226007909327766,-28.42719278403585
8.61065889373978,16.37064707120837,-28.427192784082926
8.890491397765325,16.500142801010778,-28.427192784123758
9.169009145253645,16.614798916938085,-28.427192784157953
9.445777724375041,16.71494460299097,-28.427192784185355
9.720353431755862,16.80093305980199,-28.42719278420608
9.992284309496007,16.873140081409787,-28.427192784220455
10.261111222160583,16.93196255821914,-28.427192784229018
10.526368974499794,16.97781690744182,-28.4271927842325
10.787587469894445,17.01113743344976,-28.427192784231764
11.044292908695454,17.032374621665834,-28.427192784227774
11.296009024749372,17.0419933708339,-28.427192784221564
11.542258357503906,17.040471169712962,-28.427192784214153
11.782563556196191,17.028296225393177,-28.427192784206543
12.016448711769424,17.005965551497223,-28.42719278419967
12.243440711368228,16.97398302547424,-28.42719278419434
12.463070609555047,16.932857424983236,-28.427192784191238
12.67487500979205,16.883100453970854,-28.427192784190876
12.87839744926434,16.82522476945341,-28.427192784193608
13.073189779795324,16.75974202019971,-28.4271927841996
13.258813537433525,16.687160908472592,-28.427192784208856
13.434841293275033,16.607985285723526,-28.427192784221237
13.60085797822598,16.52271229265538,-28.427192784236443
13.756462174696473,16.431830553389364,-28.427192784254093
13.901267368639122,16.335818432617742,-28.427192784273714
14.034903155883605,16.23514236362293,-28.427192784294807
14.157016397352884,16.130255253931082,-28.42719278431683
14.26727231845238,16.021594974181614,-28.427192784339283
14.365355548675044,15.909582934572866,-28.427192784361694
14.450971098236678,15.794622752027417,-28.427192784383678
14.52384526932105,15.677099010046717,-28.427192784404898
14.583726500249227,15.55737611212866,-28.42719278442515
14.630386141570025,15.435797228634456,-28.4271927844443
14.663619163679751,15.312683336138923,-28.42719278446232
14.683244796104045,15.188332347601365,-28.427192784479278
14.689107099001228,15.063018331166756,-28.42719278449531
14.681075467767855,14.93699081505709,-28.427192784510627
14.659045071839612,14.810474175842362,-28.42719278452548
14.622937228885343,14.683667107385277,-28.427192784540154
14.572699715592583,14.55674216792429,-28.42719278455493
14.508307016147917,14.429845403080824,-28.42719278457009
14.42976050933469,14.303096043029997,-28.427192784585884
14.337088594917729,14.176586272637035,-28.427192784602532
14.230346759674822,14.050381074008197,-28.42719278462018
14.109617583084521,13.924518141607724,-28.42719278463894
13.975010682307484,13.799007870821471,-28.427192784658857
13.826662595722517,13.673833421573345,-28.427192784679914
13.66473660391771,13.548950859291846,-28.427192784702044
13.489422486710076,13.424289376151187,-28.42719278472513
13.300936214491719,13.299751596045748,-28.42719278474902
13.099519571993547,13.175213967171588,-28.427192784773542
12.885439712433739,13.050527246360257,-28.42719278479852
12.658988639990437,12.925517079417839,-28.427192784823777
12.420482618616548,12.799984681649638,-28.427192784849154
12.170261505406245,12.67370762248687,-28.42719278487451
11.908688007031108,12.546440717670023,-28.427192784899756
11.63614685818869,12.417917031784793,-28.427192784924824
11.35304392154314,12.287848993096553,-28.427192784949693
11.059805209277673,12.155929621602336,-28.427192784974363
10.756875827109413,12.021833870034222,-28.42719278499886
10.444718842421613,11.88522007623181,-28.42719278502322
10.123814079026024,11.745731523885661,-28.427192785047477
9.794656841955875,11.60299810717528,-28.427192785071625
9.45775657658189,11.456638093325234,-28.427192785095635
9.113635467212974,11.306259975624277,-28.427192785119395
8.762826981162423,11.151464408039104,-28.427192785142765
8.405874365003346,10.991846211249458,-28.427192785165474
8.04332910037915,10.826996438775428,-28.427192785187202
7.675749327254935,10.656504490896829,-28.427192785207538
7.303698242876667,10.479960263308765,-28.427192785225998
6.927742484934508,10.296956316939944,-28.427192785242028
6.548450507498295,10.107090055095357,-28.427192785255066
6.166390958205888,9.909965894078816,-28.427192785264523
5.782131064944305,9.705197413699734,-28.427192785269852
5.3962350398799614,9.492409474560805,-28.427192785270556
5.009262508184137,9.271240289737877,-28.42719278526624
4.621766968183518,9.041343439373062,-28.42719278525663
4.234294288967438,8.802389817772886,-28.427192785241612
3.847381250729826,8.55406950379702,-28.427192785221273
3.4615541323428727,8.296093546598605,-28.427192785195878
3.077327349879049,8.028195660092003,-28.427192785165907
2.6952021490458358,7.7501338208361235,-28.42719278513205
2.315665353798456,7.461691765290888,-28.427192785095194
1.9391881727729912,7.162680383594172,-28.427192785056395
1.56622506465457,6.852939008083841,-28.427192785016864
1.1972126631782951,6.532336595726553,-28.427192784977912
0.8325687621652416,6.200772804390044,-28.427192784940914
0.4726913608288571,5.858178963492478,-28.42719278490727
0.11795776955053065,5.50451893997178,-28.427192784878333
-0.23127622358533453,5.139789900735938,-28.427192784855382
-0.5746771249932967,4.764022972785043,-28.42719278483954
-0.9119344456984311,4.377283802045853,-28.42719278483176
-1.2427613481094726,3.9796730116441457,-28.427192784832766
-1.5668952277064343,3.5713265598786914,-28.427192784843022
-1.8840982273388933,3.152415997577712,-28.427192784862722
-2.1941576812407284,2.7231486238430462,-28.42719278489174
-2.49688648526919,2.2837675384519738,-28.427192784929684
-2.7921233892989927,1.8345515884279613,-28.427192784975873
-3.079733207175296,1.3758152055487454,-28.427192785029348
-3.3596069391834127,0.9079081308743131,-28.427192785088952
-3.631661801658469,0.4312150217907499,-28.427192785153334
-3.895841158164792,-0.05384506337920909,-28.42719278522101
-4.15211434665061,-0.5468193084109366,-28.427192785290437
-4.400476397153853,-1.0472219151126652,-28.427192785360056
-4.640947635020439,-1.5545350172041263,-28.427192785428375
-4.873573165213044,-2.068209736691859,-28.427192785493997
-5.098422234144821,-2.587667386503954,-28.42719278555572
-5.315587466569593,-3.1123008220496025,-28.427192785612547
-5.525183976389593,-3.641475942967115,-28.427192785663728
-5.727348351785664,-4.174533344634164,-28.42719278570879
-5.922237516804602,-4.710790117065518,-28.427192785747536
-6.110027473415516,-5.249541786659925,-28.42719278578004
-6.2909119300234995,-5.790064393935626,-28.427192785806607
-6.465100824448152,-6.331616697981555,-28.427192785827774
-6.632818751373747,-6.873442495926214,-28.427192785844234
-6.794303306190132,-7.414773043372681,-28.42719278585678
-6.949803358900877,-7.954829559552796,-28.427192785866268
-7.099577273311815,-8.492825799001658,-28.427192785873547
-7.243891087968442,-9.0279706699244,-28.42719278587942
-7.383016676232858,-9.559470878190165,-28.42719278588458
-7.517229903439572,-10.086533575098388,-28.427192785889584
-7.646808799218148,-10.608368986758203,-28.427192785894817
-7.772031762807946,-11.124193003121647,-28.427192785900516
-7.893175818521312,-11.63322970541364,-28.427192785906755
-8.010514937456833,-12.134713811884437,-28.427192785913416
-8.124318440159552,-12.627893023432376,-28.427192785920283
-8.234849493218276,-13.11203025264848,-28.427192785927048
-8.342363710839493,-13.586405722149024,-28.427192785933315
-8.447107870308562,-14.050318920607134,-28.42719278593869
-8.549318748010307,-14.50309040758464,-28.427192785942772
-8.649222080402447,-14.944063461014263,-28.427192785945227
-8.747031652082843,-15.372605563907275,-28.42719278594577
-8.842948510926405,-15.788109729486262,-28.42719278594424
-8.937160308243037,-16.189995666400286,-28.42719278594057
-9.029840760068485,-16.57771078791486,-28.427192785934803
-9.121149224079412,-16.95073107093974,-28.427192785927108
-9.211230385246507,-17.308561772433404,-28.42719278591775
-9.300214042218327,-17.65073801208825,-28.427192785907103
-9.38821498556872,-17.97682523124893,-28.427192785895585
-9.475332958437884,-18.286419538754053,-28.427192785883697
-9.561652689741042,-18.5791479548317,-28.427192785871956
-9.647243989992889,-18.854668564343072,-28.427192785860885
-9.732161899880515,-19.11267059058122,-28.427192785851005
-9.81644688198929,-19.352874400522026,-28.427192785842795
-9.900125046521318,-19.575031451922698,-28.427192785836684
-9.983208402419779,-19.778924191999216,-28.427192785833032
-10.065695126000854,-19.964365916618302,-28.427192785832133
-10.147569839975295,-20.131200598039012,-28.427192785834166
-10.228803896592717,-20.279302688260003,-28.427192785839246
-10.30935565954435,-20.408576903993662,-28.427192785847375
-10.389170780197048,-20.518957998217882,-28.427192785858473
-10.468182464687514,-20.610410522168642,-28.427192785872357
-10.546311729367824,-20.68292858054631,-28.42719278588877
-10.623467643049477,-20.736535581629905,-28.427192785907383
-10.69954755543308,-20.771283982937494,-28.427192785927794
-10.774437312025029,-20.787255032048346,-28.427192785949558
-10.848011456722316,-20.784558501222655,-28.42719278597219
-10.920133424083893,-20.7633324135271,-28.427192785995178
-10.990655724093369,-20.723742757308013,-28.42719278601803
-11.05942012294527,-20.665983185058003,-28.42719278604024
-11.12625782404693,-20.590274692005973,-28.42719278606135
-11.190989654011581,-20.496865269135164,-28.42719278608094
-11.253426258916244,-20.386029524809427,-28.427192786098658
-11.313368316501043,-20.258068268775766,-28.42719278611422
-11.370606770285232,-20.113308052022486,-28.427192786127435
-11.424923091760194,-19.952100655817986,-28.42719278613822
-11.47608957688227,-19.774822523245643,-28.427192786146588
-11.523869683020944,-19.581874126694487,-28.427192786152656
-11.568018412314268,-19.373679265070496,-28.427192786156652
-11.608282747039773,-19.150684284963777,-28.42719278615892
-11.64440214212367,-18.913357220643956,-28.427192786159864
-11.676109079285824,-18.66218684855673,-28.42719278615998
-11.70312968655811,-18.397681652951547,-28.427192786159836
-11.7251844260285,-18.120368700371156,-28.42719278616001
-11.741988851666163,-17.83079242196081,-28.427192786161093
-11.75325443799173,-17.52951330388523,-28.42719278616367
-11.758689479193235,-17.217106487547223,-28.427192786168256
-11.758000057077707,-16.89416028275064,-28.427192786175315
-11.750891075019156,-16.56127459840682,-28.427192786185202
-11.73706735384637,-16.21905929680881,-28.427192786198137
-11.716234784440113,-15.868132478853402,-28.42719278621422
-11.688101530710485,-15.509118708837605,-28.427192786233388
-11.652379275631603,-15.142647188558373,-28.42719278625544
-11.608784502149598,-14.769349891368991,-28.427192786280017
-11.557039800075149,-14.389859667566137,-28.42719278630663
-11.496875189541484,-14.004808332977591,-28.42719278633468
-11.428029451266202,-13.614824752880269,-28.42719278636347
-11.350251453706207,-13.220532933397257,-28.42719278639226
-11.263301467239453,-12.822550132306281,-28.42719278642029
-11.166952455737665,-12.421485000753929,-28.427192786446795
-11.060991336297556,-12.01793576673125,-28.427192786471092
-10.945220198455171,-11.612488470355595,-28.427192786492572
-10.819457474895355,-11.205715260054188,-28.42719278651075
-10.6835390564588,-10.798172757694642,-28.427192786525286
-10.537319345113351,-10.390400499596295,-28.427192786536004
-10.380672239464028,-9.982919459223455,-28.4271927865429
-10.213492048297551,-9.576230656246706,-28.427192786546144
-10.035694328563816,-9.170813855596496,-28.427192786546083
-9.847216645062826,-8.767126359156277,-28.427192786543205
-9.64801924990875,-8.365601891876551,-28.427192786538164
-9.438085680564557,-7.966649583356533,-28.42719278653168
-9.21742327586734,-7.570653045350654,-28.42719278652459
-8.986063609986386,-7.177969545219935,-28.427192786517743
-8.744062844668903,-6.788929275064119,-28.427192786512006
-8.491502000431517,-6.403834716134015,-28.427192786508208
-8.22848714755328,-6.022960098123962,-28.427192786507135
-7.955149517825467,-5.64655095306577,-28.427192786509465
-7.671645538025642,-5.274823763768202,-28.427192786515764
-7.378156786021828,-4.907965707046838,-28.427192786526454
-7.074889870292635,-4.5461344923424765,-28.427192786541827
-6.762076233487901,-4.189458296705045,-28.427192786562
-6.439971880469753,-3.8380357974964388,-28.427192786586936
-6.108857031084411,-3.491936304512229,-28.427192786616448
-5.769035697738643,-3.151199993511887,-28.42719278665023
-5.42083518770899,-2.8158382433551545,-28.42719278668783
-5.06460553001305,-2.48583407904563,-28.427192786728714
-4.700718826634687,-2.161142722962079,-28.427192786772267
-4.329568527931395,-1.8416922563976184,-28.427192786817837
-3.9515686321720063,-1.5273843932152633,-28.42719278686473
-3.567152809363164,-1.2180953669588765,-28.42719278691229
-3.1767734498269453,-0.9136769321300172,-28.427192786959854
-2.7809006383896016,-0.613957479557913,-28.427192787006828
-2.380021055528627,-0.318743264861914,-28.42719278705268
-1.9746368073946818,-0.027819747949168104,-28.427192787096942
-1.5652641872648663,0.259046959673692,-28.42719278713924
-1.1524323716797704,0.5421085442408832,-28.427192787179273
-0.7366820552506602,0.8216328414806849,-28.427192787216825
-0.31856402887487567,1.0979020978528198,-28.427192787251744
0.10136229315520544,1.371211149630569,-28.427192787283957
0.5225303909445596,1.641865529418432,-28.427192787313427
0.9443681948152353,1.9101795108297777,-28.42719278734016
1.3662996716835554,2.1764741030501753,-28.42719278736419
1.7877464340228202,2.4410750078484083,-28.427192787385568
2.2081293630488354,2.7043105522406754,-28.42719278740435
2.626870237500601,2.966509610442145,-28.42719278742061
3.0433933592592073,3.227999528938677,-28.42719278743439
3.4571271670597823,3.4891040684725527,-28.427192787445776
3.867505829704547,3.7501413764597733,-28.42719278745483
4.273970810475165,4.011422002851072,-28.42719278746163
4.67597239486028,4.273246971730056,-28.427192787466293
5.072971174245795,4.535905920032429,-28.42719278746895
5.464439478843822,4.799675313698543,-28.427192787469767
5.849862753841117,5.064816750370674,-28.42719278746896
6.228740873507101,5.331575356452767,-28.427192787466794
6.600589388792022,5.600178285001998,-28.427192787463575
6.96494070474431,5.870833319556635,-28.427192787459656
7.321345184860079,6.14372758766066,-28.427192787455446
7.669372180226563,6.41902638655686,-28.427192787451357
8.00861098201637,6.696872122317974,-28.42719278744784
8.338671696515576,6.9773833625964174,-28.42719278744534
8.65918604241346,7.260654002218668,-28.427192787444287
8.969808070536851,7.546752540046472,-28.427192787445083
9.270214806572401,7.835721464883716,-28.427192787448075
9.560106817584616,8.12757674772953,-28.42719278745353
9.839208703308318,8.422307437363761,-28.427192787461653
10.107269513276743,8.719875356093995,-28.427192787472528
10.364063090849216,9.020214892482626,-28.42719278748615
10.609388345135986,9.32323288799289,-28.427192787502396
10.843069451695493,9.62880861472537,-28.427192787521047
11.064955982715333,9.936793841739329,-28.42719278754177
11.274922967198624,10.247012987842734,-28.427192787564156
11.472870881478453,10.55926335916518,-28.427192787587714
11.658725570191333,10.873315470273024,-28.427192787611894
11.832438097672632,11.188913448019717,-28.427192787636116
11.993984529608094,11.505775517720842,-28.427192787659813
12.143365644700388,11.82359457157853,-28.427192787682408
12.280606576100768,12.142038819531734,-28.427192787703394
12.405756382423712,12.460752522858108,-28.42719278772234
12.51888754831498,12.77935681088404,-28.427192787738893
12.620095414785395,13.097450581060325,-28.427192787752826
12.709497539855821,13.414611482425023,-28.42719278776405
12.787232990480726,13.730396982100492,-28.4271927877726
12.853461567222984,14.044345513961973,-28.42719278777865
12.90836296373138,14.355977707979761,-28.427192787782534
12.952135863711474,14.664797697990473,-28.42719278778467
12.984996978763448,14.970294504815238,-28.4271927877856
13.007180031167659,15.271943490738265,-28.427192787785962
13.018934686408112,15.56920788041664,-28.42719278778642
13.020525440912252,15.861540342342785,-28.427192787787682
13.012230471128392,16.148384624057922,-28.42719278779042
12.99434045063574,16.429177233451426,-28.427192787795295
12.96715734246367,16.703349157709933,-28.427192787802852
12.930993174166533,16.970327610831422,-28.427192787813567
12.886168803440508,17.22953780011959,-28.42719278782776
12.833012682166936,17.48040470174435,-28.427192787845634
12.771859626713733,17.722354835310426,-28.4271927878672
12.703049602119654,17.954818027427056,-28.427192787892352
12.626926527427242,18.177229154519647,-28.427192787920802
12.5438371089266,18.389029855563656,-28.427192787952126
12.45412970743566,18.589670206040743,-28.427192787985778
12.358153244989973,18.778610345199024,-28.42719278802111
12.256256155466096,18.95532204962078,-28.4271927880574
12.148785382740634,19.119290247134572,-28.427192788093876
12.036085429016138,19.270014466224968,-28.427192788129762
11.918497454951225,19.407010217260456,-28.427192788164298
11.796358432240707,19.529810303046517,-28.42719278819677
11.670000348326495,19.63796605738598,-28.427192788226538
11.539749462004458,19.73104851146303,-28.427192788253077
11.405925607846239,19.808649488934627,-28.427192788275963
11.268841546596006,19.87038263159071,-28.427192788294935
11.128802358044586,19.915884358312972,-28.427192788309846
10.986104872338482,19.944814760806,-28.427192788320713
10.841037135257436,19.956858440182938,-28.42719278832771
10.693877902696245,19.951725288952378,-28.42719278833113
10.544896159417311,19.92915122327031,-28.427192788331418
10.394350657099839,19.888898870488376,-28.427192788329133
10.242489466798114,19.830758217049482,-28.42719278832493
10.08954954113116,19.754547221656235,-28.427192788319537
9.935756281854946,19.66011239837206,-28.427192788313754
9.781323108910287,19.5473293739146,-28.4271927883084
9.626451027588322,19.416103422872933,-28.42719278830429
9.471328191104245,19.266369983931558,-28.427192788302253
9.316129456611026,19.09809515942244,-28.42719278830304
9.161015933510706,18.91127619966026,-28.427192788307337
9.006134523822645,18.705941972554065,-28.42719278831575
8.851617455336845,18.48215341794019,-28.427192788328767
8.697581809305635,18.24000398495815,-28.427192788346726
8.544129045497217,17.979620049604957,-28.427192788369855
8.39134452853617,17.70116130836924,-28.4271927883982
8.239297060573971,17.40482114258135,-28.427192788431668
8.088038426448596,17.09082694684012,-28.427192788470006
7.937602958586336,16.759440413614467,-28.42719278851281
7.788007129947032,16.4109577648969,-28.427192788559548
7.639249184289957,16.045709920637403,-28.427192788609577
7.4913088139118535,15.664062592646378,-28.427192788662154
7.344146895749335,15.266416291763317,-28.427192788716493
7.197705297310965,14.853206235386157,-28.42719278877177
7.051906764274754,14.424902141988714,-28.427192788827192
6.906654901719753,13.982007899064703,-28.427192788881992
6.761834260822425,13.525061091069368,-28.427192788935503
6.617310542409954,13.054632374422287,-28.427192788987167
6.472930927999019,12.571324687519963,-28.42719278903657
6.328524547843471,12.075772285007144,-28.42719278908345
6.183903094060671,11.568639587281938,-28.427192789127716
6.0388615851092515,11.050619838357909,-28.427192789169418
5.893179285769134,10.522433567754904,-28.42719278920877
5.746620784361102,9.984826854999715,-28.42719278924607
5.598937226286355,9.438569398528792,-28.427192789281722
5.449867700129366,8.884452394220121,-28.42719278931613
5.299140769626345,8.323286232345506,-28.427192789349682
5.14647614184385,7.755898025318943,-28.427192789382698
4.991586459032366,7.183128982103322,-28.42719278941536
4.834179198915994,6.605831648404015,-28.4271927894477
4.673958665748223,6.0248670347033135,-28.42719278947957
4.510628052395143,5.441101656662565,-28.427192789510585
4.3438915520796595,4.855404514342082,-28.4271927895402
4.1734564972956125,4.268644037986523,-28.427192789567687
3.999035502821602,3.681685028744703,-28.42719278959217
3.8203485897508203,3.0953856226158396,-28.42719278961272
3.6371252680018107,2.510594305147196,-28.427192789628368
3.449106555858983,1.928147002988681,-28.42719278963822
3.256046916662504,1.348864276403219,-28.4271927896415
3.0577160947578133,0.7735486343257246,-28.427192789637637
2.853900835143885,0.20298199066431663,-28.427192789626304
2.644406473834965,-0.36207672263742613,-28.427192789607485
2.4290583886764647,-0.9208937735861665,-28.42719278958147
2.2077033031358253,-1.4727626703410162,-28.427192789548887
1.9802104383318773,-2.0170060180781078,-28.4271927895107
1.746472511188547,-2.552977190056715,-28.427192789468137
1.5064065790293817,-3.0800618132496247,-28.427192789422698
1.2599547331105412,-3.597679071386805,-28.427192789376043
1.0070846454787208,-4.10528283036277,-28.427192789329975
0.7477899751088444,-4.602362592646078,-28.42719278928634
0.48209064051059436,-5.088444288594399,-28.427192789246938
0.2100329668921705,-5.5630909134272395,-28.427192789213464
-0.06831028345523736,-6.025903019061823,-28.427192789187448
-0.35283998861786,-6.4765190701082,-28.42719278917019
-0.6434308434360679,-6.914615673088798,-28.427192789162707
-0.9399316261185887,-7.339907687442327,-28.427192789165694
-1.2421655468727801,-7.752148226143245,-28.42719278917952
-1.5499306709562857,-8.151128552867949,-28.4271927892042
-1.8630004093128143,-8.536677881619305,-28.427192789239406
-2.1811240708047426,-8.908663083632213,-28.427192789284504
-2.5040274709610353,-9.266988305271687,-28.427192789338562
-2.8314135930860407,-9.611594499545243,-28.427192789400397
-3.162963298490964,-9.942458872822503,-28.42719278946864
-3.4983360834860386,-10.259594247422209,-28.427192789541756
-3.8371708815814034,-10.563048339920565,-28.427192789618136
-4.179086910065467,-10.85290295438098,-28.427192789696146
-4.5236845607414615,-11.129273089224565,-28.427192789774175
-4.8705463350896885,-11.392305956169295,-28.427192789850707
-5.219237824472108,-11.642179909574375,-28.42719278992436
-5.569308736198548,-11.879103284640662,-28.427192789993928
-5.920293966325009,-12.103313143238413,-28.427192790058424
-6.271714719953618,-12.315073926654405,-28.427192790117108
-6.6230796795541,-12.514676015261054,-28.42719279016947
-6.973886221436229,-12.702434195993302,-28.427192790215276
-7.323621679983495,-12.878686039552557,-28.427192790254526
-7.671764658626827,-13.043790190413166,-28.427192790287457
-8.017786385813778,-13.198124573952782,-28.427192790314493
-8.361152113436901,-13.342084526327168,-28.427192790336235
-8.701322554351872,-13.476080854022156,-28.427192790353402
-9.037755354769748,-13.600537831298821,-28.427192790366785
-9.369906596478545,-13.715891144959727,-28.42719279037724
-9.697232323066675,-13.822585796962798,-28.427192790385597
-10.019190083613546,-13.921073976355828,-28.427192790392642
-10.335240486706862,-14.011812912764027,-28.427192790399094
-10.644848757165096,-14.095262724206144,-28.427192790405545
-10.947486287505388,-14.171884272319689,-28.4271927904125
-11.242632176015087,-14.242137038128577,-28.4271927904203
-11.529774743266687,-14.306477031282265,-28.427192790429167
-11.808413019061977,-14.36535474523829,-28.427192790439197
-12.078058192096915,-14.419213170163408,-28.427192790450366
-12.338235015092936,-14.468485874413846,-28.427192790462573
-12.58848315872688,-14.513595164352319,-28.427192790475633
-12.828358508389359,-14.554950331003583,-28.427192790489315
-13.057434398585787,-14.592945990682145,-28.427192790503387
-13.275302780638622,-14.62796052528857,-28.42719279051759
-13.481575320225158,-14.660354626509164,-28.42719279053172
-13.675884422164616,-14.690469946711655,-28.427192790545597
-13.857884180723975,-14.718627857948526,-28.4271927905591
-14.027251254518957,-14.745128319198079,-28.427192790572178
-14.183685665822885,-14.770248850823865,-28.427192790584822
-14.326911524743219,-14.79424361424354,-28.4271927905971
-14.456677679268958,-14.817342593988828,-28.427192790609126
-14.572758292621895,-14.839750878723507,-28.427192790621046
-14.674953349654853,-14.861648037373007,-28.427192790633033
-14.763089094229564,-14.883187586308138,-28.427192790645286
-14.837018399577898,-14.904496543510655,-28.427192790657983
-14.89662107360959,-14.925675065818421,-28.427192790671285
-14.941804100986682,-14.946796165686326,-28.427192790685325
-14.97250182355271,-14.967905504384605,-28.42719279070019
-14.988676060397655,-14.989021259164515,-28.427192790715914
-14.990316168475138,-15.010134062624445,-28.427192790732498
-14.977439044284441,-15.031207013278287,-28.427192790749856
-14.950089066705821,-15.052175757130518,-28.427192790767894
-14.908337980653066,-15.0729486408677,-28.42719279078644
-14.852284720801979,-15.093406938051569,-28.427192790805318
-14.782055174286638,-15.113405150413767,-28.427192790824343
-14.697801880945045,-15.132771386976694,-28.42719279084332
-14.599703669459219,-15.151307824231079,-28.427192790862076
-14.48796522758645,-15.16879125096436,-28.427192790880483
-14.36281660463113,-15.184973701533336,-28.427192790898445
-14.224512644369682,-15.199583181393061,-28.427192790915946
-14.073332346821148,-15.212324488520059,-28.427192790933034
-13.90957815755527,-15.22288013399531,-28.427192790949825
-13.733575183647183,-15.230911364441415,-28.427192790966508
-13.545670335917148,-15.236059288245428,-28.427192790983344
-13.346231397725052,-15.237946106557807,-28.42719279100063
-13.135646021308379,-15.236176448958544,-28.42719279101871
-12.914320653440313,-15.230338812450901,-28.427192791037935
-12.682679393020022,-15.220007101113191,-28.42719279105863
-12.441162784064462,-15.204742262347219,-28.427192791081076
-12.190226548424068,-15.18409401424926,-28.427192791105487
-11.930340263364663,-15.157602657238764,-28.42719279113197
-11.661985989917396,-15.124800961755357,-28.42719279116051
-11.385656858570652,-15.085216122618489,-28.427192791190958
-11.101855619438224,-15.03837176957639,-28.427192791223014
-10.811093164466202,-14.983790022686428,-28.4271927912562
-10.51388702952057,-14.92099358049687,-28.427192791289922
-10.210759884317762,-14.849507828561745,-28.427192791323435
-9.902238018116535,-14.76886295562923,-28.42719279135589
-9.588849828882505,-14.678596064903946,-28.42719279138637
-9.271124323274327,-14.578253268090112,-28.427192791413905
-8.949589634295577,-14.467391750462111,-28.427192791437545
-8.624771562827803,-14.345581795960394,-28.42719279145639
-8.297192148530385,-14.21240876224524,-28.427192791469654
-7.967368274788387,-14.067474996724851,-28.42719279147667
-7.635810311538871,-13.910401685769429,-28.427192791476976
-7.303020798938901,-13.740830630588512,-28.427192791470322
-6.9694931739845645,-13.55842594454344,-28.42719279145671
-6.635710541378282,-13.362875667949307,-28.427192791436408
-6.302144489198311,-13.15389329765181,-28.42719279140993
-5.969253949273644,-12.931219229808097,-28.42719279137807
-5.637484101630013,-12.694622115324727,-28.427192791341866
-5.307265321965397,-12.4439001282826,-28.427192791302573
-4.979012170848979,-12.178882148385698,-28.427192791261625
-4.653122423224768,-11.899428858990454,-28.42719279122058
-4.329976136844467,-11.605433762593576,-28.42719279118111
-4.009934758454328,-11.296824115771605,-28.427192791144897
-3.6933402669141384,-10.973561785473947,-28.427192791113583
-3.3805143529262067,-10.63564402827604,-28.427192791088736
-3.071757635687452,-10.283104193709095,-28.42719279107176
-2.7673489175344588,-9.916012352110632,-28.42719279106387
-2.4675444785120835,-9.534475846603309,-28.427192791066012
-2.1725774137402274,-9.1386397678309,-28.42719279107885
-1.8826570174566664,-8.728687348986625,-28.427192791102723
-1.5979682186490893,-8.304840277491913,-28.42719279113762
-1.318671074226317,-7.867358918459897,-28.427192791183206
-1.044900326683493,-7.416542443848085,-28.427192791238788
-0.7767650341525175,-6.952728860014761,-28.427192791303362
-0.5143482815583462,-6.476294925292713,-28.427192791375646
-0.25770698228342825,-5.987655948235087,-28.427192791454132
-0.006871780235061957,-5.487265456426029,-28.427192791537145
0.2381529375272883,-4.975614725239004,-28.42719279162288
0.4773889074549221,-4.453232155722332,-28.427192791709547
0.7108837256255857,-3.920682490945004,-28.427192791795374
0.9387104441215384,-3.3785658606900846,-28.427192791878714
1.160967019483273,-2.827516645372386,-28.427192791958106
1.3777756064236413,-2.2682021515032362,-28.42719279203236
1.5892816917251609,-1.7013210929339682,-28.42719279210054
1.7956530653320355,-1.1276018744686525,-28.427192792162057
1.9970786280561659,-0.547800677212532,-28.427192792216612
2.193767037994774,0.037300651839267125,-28.427192792264243
2.3859452006414514,0.6268969000442813,-28.427192792305256
2.5738566106825145,1.2201619696451222,-28.42719279234018
2.7577595565138644,1.81625152536254,-28.427192792369716
2.937925201488157,2.4143057921843165,-28.42719279239467
3.1146355587012495,3.0134524830362808,-28.427192792415873
3.2881813786443503,3.6128098328947242,-28.42719279243409
3.4588599711837684,4.21148971322277,-28.427192792450008
3.626972984995138,4.80860079850134,-28.42719279246414
3.7928241687019435,5.403251755171645,-28.427192792476813
3.9567171384987616,5.994554422577441,-28.427192792488153
4.118953176952282,6.581626955527373,-28.427192792498087
4.279829086968154,7.163596898892969,-28.427192792506368
4.43963512361584,7.7396041661853765,-28.427192792512614
4.59865302466793,8.308803896251172,-28.427192792516347
4.757154158407507,8.870369165004922,-28.42719279251708
4.915397804576612,9.42349353236169,-28.42719279251434
5.0736295813818835,9.967393408120053,-28.42719279250773
5.232080028347531,10.501310224340676,-28.42719279249701
5.390963351618426,11.024512405632702,-28.42719279248208
5.550476335170241,11.536297132571478,-28.427192792463046
5.710797418372441,12.035991897110565,-28.427192792440206
5.8720859375541625,12.522955852218885,-28.427192792414065
6.034481526707394,12.996580960990771,-28.4271927923853
6.198103670275244,13.456292953083826,-28.42719279235474
6.363051399146789,13.901552098500199,-28.427192792323332
6.529403119529938,14.331853810424056,-28.427192792292097
6.697216563300972,14.746729090063496,-28.427192792262083
6.866528847722582,15.145744827236063,-28.42719279223432
7.037356632059832,15.52850397081284,-28.427192792209777
7.209696358576271,15.894645583136368,-28.427192792189324
7.383524565625861,16.24384479219687,-28.427192792173702
7.558798261032888,16.575812654738826,-28.427192792163495
7.735455344632566,16.890295942624764,-28.427192792159094
7.91341506969128,17.187076863754278,-28.42719279216072
8.092578533900335,17.465972727669175,-28.427192792168395
8.272829191706299,17.726835564713248,-28.42719279218194
8.454033380873007,17.96955170629497,-28.427192792201016
8.636040857337106,18.194041332457612,-28.4271927922251
8.818685333595413,18.40025799162273,-28.42719279225353
9.001785017027213,18.588188096064542,-28.42719279228553
9.18514314568863,18.75785039541597,-28.42719279232023
9.368548520203648,18.909295429319418,-28.42719279235669
9.551776031403014,19.04260495923195,-28.427192792393942
9.734587184316027,19.15789137838839,-28.427192792431022
9.916730619990515,19.25529709802747,-28.427192792467
10.097942637393757,19.334993907205863,-28.427192792500986
10.277947718322952,19.397182302870075,-28.4271927925322
10.456459058821029,19.442090786335473,-28.427192792559964
10.633179111044914,19.469975121940674,-28.427192792583728
10.807800139863405,19.48111755340987,-28.427192792603112
10.98000479866543,19.475825973370206,-28.42719279261788
11.14946672893361,19.454433041537825,-28.42719279262798
11.315851188080227,19.417295247306406,-28.427192792633505
11.478815709853366,19.36479191284382,-28.427192792634752
11.638010801301716,19.297324133322316,-28.42719279263213
11.793080679842232,19.2153136515674,-28.427192792626226
11.943664053412705,19.119201665200425,-28.427192792617706
12.08939494602163,19.009447565254526,-28.427192792607357
12.229903570243751,18.886527606245426,-28.427192792596006
12.364817247367945,18.750933508755686,-28.427192792584506
12.493761375003261,18.60317099671784,-28.42719279257372
12.616360441010931,18.44375827273108,-28.427192792564444
12.73223908167814,18.273224435887034,-28.427192792557413
12.841023181107934,18.09210784768201,-28.427192792553257
12.94234100789413,17.900954452624315,-28.427192792552475
13.035824384304705,17.700316061075807,-28.427192792555413
13.12110988243543,17.490748602668752,-28.427192792562266
13.197840041138127,17.272810359288727,-28.427192792573063
13.265664596992393,17.047060187091294,-28.42719279258766
13.324241722189859,16.814055737311804,-28.427192792605787
13.373239261944837,16.57435168572558,-28.42719279262701
13.412335963938625,16.328497980520126,-28.427192792650803
13.441222692345857,16.07703811805746,-28.427192792676557
13.459603619173727,15.820507455547084,-28.42719279270359
13.46719738595786,15.559431569036658,-28.42719279273124
13.463738229286914,15.29432466438349,-28.42719279275883
13.448977064152885,15.025688048023632,-28.427192792785743
13.42268251972452,14.754008663438297,-28.427192792811425
13.384641922793975,14.479757698262917,-28.427192792835424
13.334662224828502,14.203389266025594,-28.427192792857397
13.272570869245945,13.9253391655712,-28.427192792877143
13.19821659620312,13.646023720354814,-28.427192792894573
13.111470182819538,13.365838698999893,-28.427192792909736
13.012225117337708,13.085158317834605,-28.427192792922796
12.900398206231202,12.80433432556123,-28.42719279293403
12.775930113701722,12.523695169790313,-28.427192792943814
12.638785833349296,12.243545244889434,-28.427192792952578
12.488955092051992,11.964164220457128,-28.427192792960806
12.32645268625309,11.68580644973088,-28.42719279296901
12.151318750928107,11.40870045736505,-28.427192792977678
11.963618961497769,11.133048506256397,-28.427192792987295
11.763444668875609,10.859026243433592,-28.427192792998294
11.550912967701741,10.58678242544244,-28.42719279301104
11.32616669763128,10.31643872412666,-28.427192793025807
11.089374377331925,10.048089614200068,-28.42719279304281
10.8407300706165,9.781802344503456,-28.427192793062147
10.580453183909308,9.517616995311633,-28.427192793083833
10.308788194036863,9.255546624476294,-28.42719279310779
10.026004305160127,8.995577505533484,-28.427192793133866
9.73239503354231,8.73766946114614,-28.427192793161833
9.428277718787717,8.481756295371488,-28.427192793191402
9.113992960205328,8.227746328221462,-28.427192793222265
8.789903977055854,7.975523035807195,-28.42719279325406
8.456395891640431,7.724945799016021,-28.42719279328643
8.113874934487082,7.475850763155855,-28.42719279331902
7.7627675712887685,7.228051810317765,-28.42719279335149
7.403519551741555,6.981341645358595,-28.42719279338354
7.03659488101684,6.735492995403803,-28.42719279341488
6.662474715267787,6.490259921633608,-28.427192793445254
6.28165618330322,6.245379240866737,-28.427192793474465
5.89465113734563,6.000572053123645,-28.427192793502314
5.5019848366036666,5.755545369968192,-28.427192793528647
5.104194568211759,5.509993837029433,-28.427192793553324
4.701828210896893,5.263601542732002,-28.4271927935762
4.295442747501174,5.016043903953893,-28.427192793597136
3.8856027331951415,4.766989618122838,-28.427192793615994
3.4728787268386507,4.516102670193647,-28.427192793632617
3.057845693463854,4.263044382051503,-28.42719279364684
2.6410813862516953,4.007475491188146,-28.427192793658488
2.22316471663701,3.7490582450206054,-28.427192793667373
1.8046741212997035,3.4874584969798756,-28.427192793673342
1.3861859347777472,3.222347790496084,-28.427192793676227
0.9682727762738795,2.953405417245591,-28.42719279367593
0.5515019589292648,2.6803204364942568,-28.427192793672383
0.13643392941561444,2.402793643052606,-28.427192793665586
-0.27637925483148706,2.12053947222866,-28.427192793655642
-0.6863954040318524,1.8332878311931815,-28.42719279364273
-1.0930836241087871,1.5407858473257956,-28.427192793627153
-1.4959256890672088,1.2427995253520059,-28.427192793609304
-1.894417353146548,0.9391153063720465,-28.4271927935897
-2.288069598931856,0.6295415231845197,-28.427192793568945
-2.6764098183181266,0.31390974758401335,-28.42719279354774
-3.0589829238872914,-0.007923973471678293,-28.42719279352683
-3.435352388857413,-0.3360779948027475,-28.427192793507047
-3.8051012142853198,-0.670644064024261,-28.427192793489198
-4.167832822637029,-1.0116864267311476,-28.42719279347409
-4.523171877178328,-1.3592410452192298,-28.427192793462503
-4.870765026878356,-1.7133149295448304,-28.427192793455106
-5.210281576663294,-2.0738855793219337,-28.427192793452477
-5.541414082910271,-2.440900534411251,-28.42719279345506
-5.863878874041787,-2.8142770325616078,-28.427192793463156
-6.177416495979764,-3.1939017721076204,-28.427192793476866
-6.481792082059766,-3.5796307779910883,-28.427192793496125
-6.776795646806359,-3.97128936963552,-28.4271927935207
-7.062242302747918,-4.368672229539183,-28.42719279355015
-7.337972399222687,-4.771543571835088,-28.427192793583888
-7.603851581917395,-5.179637410467645,-28.427192793621185
-7.859770771705281,-5.592657927025952,-28.427192793661174
-8.105646061231422,-6.0102799386229755,-28.427192793702933
-8.341418527648235,-6.432149466489701,-28.42719279374547
-8.567053959949638,-6.857884406136532,-28.427192793787793
-8.782542499502776,-7.287075299996537,-28.427192793828947
-8.98789819264275,-7.719286213386082,-28.427192793868034
-9.18315845458586,-8.154055714381924,-28.42719279390429
-9.368383444433888,-8.590897957809602,-28.42719279393706
-9.54365535168413,-9.029303872961874,-28.427192793965865
-9.70907759542097,-9.46874245392085,-28.42719279399042
-9.86477393823256,-9.908662150453527,-28.427192794010622
-10.010887517853433,-10.348492356405215,-28.427192794026553
-10.147579800558503,-10.787644991353979,-28.427192794038486
-10.27502946139879,-11.225516170042976,-28.427192794046846
-10.393431197443906,-11.66148795281425,-28.427192794052203
-10.502994481247386,-12.094930168968713,-28.427192794055237
-10.603942262743377,-12.525202303718007,-28.427192794056683
-10.696509628682252,-12.951655438220127,-28.4271927940573
-10.780942429484496,-13.373634231147575,-28.427192794057845
-10.85749588400657,-13.790478929365982,-28.42719279405903
-10.926433173142916,-14.201527394639662,-28.427192794061476
-10.98802403341474,-14.606117132858405,-28.427192794065686
-11.042543361704988,-15.003587312118505,-28.427192794072038
-11.090269842084108,-15.39328075610292,-28.427192794080767
-11.131484605234578,-15.774545899592258,-28.427192794091958
-11.166469930333461,-16.14673869359233,-28.427192794105547
-11.195507998408479,-16.509224448467002,-28.427192794121336
-11.218879705167934,-16.86137960459094,-28.427192794139014
-11.236863540147128,-17.202593421351214,-28.42719279415816
-11.249734537746862,-17.532269576790508,-28.427192794178314
-11.257763304398798,-17.849827671754166,-28.42719279419894
-11.261215124714386,-18.154704634033585,-28.427192794219522
-11.260349148094882,-18.446356019644817,-28.42719279423953
-11.255417655934032,-18.72425721000037,-28.42719279425851
-11.246665408263269,-18.987904505285194,-28.427192794276014
-11.234329067499331,-19.236816115799602,-28.42719279429173
-11.21863669587859,-19.47053305435365,-28.427192794305395
-11.199807322218872,-19.688619933966127,-28.427192794316866
-11.178050572851195,-19.89066567612045,-28.42719279432609
-11.153566360918107,-20.076284135648187,-28.427192794333113
-11.1265446277461,-20.245114648944774,-28.42719279433808
-11.097165129665798,-20.3968225126704,-28.427192794341217
-11.065597263471652,-20.531099400357384,-28.427192794342837
-11.031999923675551,-20.647663724441255,-28.42719279434329
-10.99652138480752,-20.74626095116697,-28.427192794343007
-10.959299202240892,-20.826663875606712,-28.427192794342414
-10.920460125358051,-20.888672863675286,-28.427192794341984
-10.880120017314223,-20.932116067556912,-28.427192794342158
-10.838383776189565,-20.95684962037738,-28.42719279434339
-10.795345252932508,-20.962757815281492,-28.427192794346094
-10.75108716217954,-20.949753273319875,-28.427192794350635
-10.705680982778187,-20.917777103723697,-28.427192794357328
-10.659186845631705,-20.86679905926112,-28.427192794366427
-10.611653407316847,-20.79681768843591,-28.427192794378122
-10.563117708792099,-20.70786048531561,-28.427192794392514
-10.513605019404267,-20.599984036773648,-28.427192794409628
-10.463128667308547,-20.473274165905636,-28.427192794429402
-10.411689858332126,-20.327846069344854,-28.42719279445171
-10.359277486225103,-20.163844445165523,-28.427192794476344
-10.305867938144628,-19.98144360703722,-28.427192794503018
-10.251424900097257,-19.780847579292196,-28.427192794531404
-10.195899167907932,-19.562290166605045,-28.427192794561115
-10.139228470076988,-19.326034991077805,-28.42719279459174
-10.081337309613396,-19.07237548869264,-28.427192794622847
-10.022136832575164,-18.801634856359968,-28.427192794654008
-9.961524731587735,-18.514165940175438,-28.42719279468482
-9.899385193027923,-18.210351055028923,-28.427192794714916
-9.83558889683432,-17.890601725408317,-28.427192794743984
-9.76999307801451,-17.555358337135168,-28.427192794771788
-9.70244165884595,-17.205089689882236,-28.42719279479818
-9.632765460493507,-16.840292440676336,-28.42719279482312
-9.560782502278729,-16.46149042920057,-28.427192794846654
-9.486298396124278,-16.069233876590747,-28.427192794868933
-9.409106842757529,-15.664098450575862,-28.427192794890207
-9.328990235092956,-15.246684191239165,-28.427192794910795
-9.245720372833823,-14.817614293361268,-28.427192794931095
-9.159059290758567,-14.377533743226799,-28.42719279495152
-9.068760201413056,-13.927107809896874,-28.42719279497249
-8.97456855105278,-13.467020393226711,-28.427192794994397
-8.876223185711906,-12.99797223328581,-28.427192795017568
-8.773457622269898,-12.520678988255057,-28.427192795042238
-8.666001417395952,-12.035869190261135,-28.427192795068496
-8.553581625335365,-11.544282090891498,-28.42719279509629
-8.43592433371899,-11.046665410240134,-28.427192795125414
-8.312756264983737,-10.543773005195652,-28.42719279515548
-8.183806429640342,-10.036362474236226,-28.42719279518594
-8.04880781655866,-9.525192717187881,-28.427192795216115
-7.907499104694734,-9.011021469193677,-28.427192795245194
-7.759626380280478,-8.49460282850717,-28.427192795272305
-7.60494484344582,-7.976684797656248,-28.42719279529655
-7.44322048854061,-7.458006857032264,-28.427192795317048
-7.274231743053073,-6.939297589070419,-28.427192795333003
-7.097771050953642,-6.421272369941509,-28.427192795343757
-6.91364638748854,-5.90463114412654,-28.42719279534881
-6.721682693858336,-5.390056295458129,-28.4271927953479
-6.521723221789297,-4.878210626256472,-28.427192795340996
-6.313630779682894,-4.369735454136362,-28.42719279532832
-6.097288873753913,-3.865248833987915,-28.427192795310383
-5.872602739285183,-3.3653439106063363,-28.42719279528791
-5.639500258786096,-2.8705874055272433,-28.427192795261885
-5.3979327653980365,-2.3815182398671646,-28.427192795233466
-5.147875731305415,-1.8986462934164743,-28.427192795203954
-4.889329342157043,-1.4224512989155589,-28.427192795174765
-4.6223189595589025,-0.953381869384038,-28.427192795147324
-4.346895474554026,-0.49185465557555313,-28.42719279512306
-4.0631355556546636,-0.03825363009457185,-28.42719279510332
-3.771141795439799,0.407070505575119,-28.427192795089304
-3.4710427599877356,0.8438007949381114,-28.42719279508207
-3.1629929454944548,1.2716543849141912,-28.42719279508244
-2.847172646353861,1.6903827721715032,-28.427192795090996
-2.5237877387691525,2.0997719402622574,-28.427192795108066
-2.1930693836509776,2.4996423899083005,-28.427192795133713
-1.855273652164669,2.8898490641756225,-28.427192795167716
-1.5106810768430932,3.2702811696474163,-28.42719279520964
-1.1595961307106544,3.64086189409157,-28.42719279525879
-0.8023466363940003,4.001548020555316,-28.42719279531429
-0.43928310675069965,4.352329437339131,-28.427192795375113
-0.07077801815141781,4.693228542932295,-28.427192795440106
0.30277498277586196,5.024299544758243,-28.42719279550806
0.6809619383717715,5.345627650498531,-28.427192795577735
1.0633495047142212,5.657328150854657,-28.427192795647922
1.449485941531812,5.959545392876241,-28.42719279571748
1.8389021667758925,6.252451643435308,-28.427192795785363
2.2311128751569695,6.5362458430570065,-28.427192795850658
2.6256177196247883,6.811152251117788,-28.427192795912614
3.0219025543330593,7.077418984377602,-28.42719279597066
3.4194407370900777,7.335316451901666,-28.42719279602439
3.8176944886701984,7.585135690622746,-28.42719279607357
4.216116305666767,7.827186607064629,-28.42719279611813
4.614150422826624,8.061796132055207,-28.427192796158163
5.011234320044054,8.289306296564058,-28.427192796193868
5.4068002684343455,8.510072238063403,-28.427192796225537
5.800276909180867,8.724460147991428,-28.427192796253546
6.191090858181569,8.932845171952938,-28.427192796278305
6.578668328936282,9.135609275187043,-28.42719279630022
6.96243676563809,9.33313908653207,-28.427192796319705
7.341826478079638,9.525823734597532,-28.427192796337124
7.7162722697735475,9.714052690092023,-28.427192796352813
8.085215050624976,9.89821362824268,-28.42719279636704
8.448103425588195,10.078690324973795,-28.42719279638002
8.804395250986465,10.255860599995012,-28.42719279639191
9.153559150568386,10.430094319198075,-28.427192796402828
9.49507598390215,10.601751467798135,-28.427192796412843
9.828440260354393,10.771180304510501,-28.42719279642201
10.153161492642031,10.938715605762262,-28.42719279643036
10.468765484759588,11.104677007539625,-28.42719279643796
10.774795549945328,11.269367451008526,-28.42719279644486
11.070813655230774,11.433071736560706,-28.427192796451145
11.356401489993718,11.596055189472368,-28.427192796456925
11.63116145677983,11.758562438957252,-28.42719279646236
11.894717583450161,11.92081631108651,-28.427192796467637
12.146716356431519,12.083016834865507,-28.427192796472944
12.386827475477896,12.24534035972782,-28.427192796478515
12.614744530881733,12.40793878184908,-28.42719279648458
12.830185604495806,12.570938876010445,-28.42719279649136
13.032893796235774,12.734441729260178,-28.427192796499057
13.222637677930075,12.89852227233211,-28.42719279650784
13.399211676471575,13.063228904675995,-28.42719279651783
13.562436388211083,13.228583209026,-28.427192796529088
13.712158826426965,13.394579751663867,-28.427192796541625
13.848252603519798,13.561185964902839,-28.42719279655537
13.970618049331462,13.72834210880396,-28.42719279657019
14.079182266690102,13.895961309712025,-28.427192796585892
14.173899124953852,14.063929673836391,-28.42719279660223
14.254749191984745,14.232106474773104,-28.427192796618908
14.321739604648439,14.40032441453994,-28.427192796635616
14.37490387762291,14.568389958345696,-28.42719279665202
14.414301650027523,14.736083743911083,-28.427192796667814
14.440018369168751,14.90316106667414,-28.427192796682704
14.452164910554634,15.069352442623975,-28.42719279669646
14.450877133269222,15.2343642507911,-28.427192796708923
14.436315369829982,15.397879457563448,-28.427192796720025
14.408663849782757,15.559558424980482,-28.427192796729774
14.368130056523082,15.719039804975433,-28.427192796738307
14.314944017169731,15.87594152118451,-28.427192796745853
14.249357525751785,16.02986183942452,-28.427192796752763
14.171643300496434,16.180380527265356,-28.427192796759453
14.082094076609177,16.327060102306117,-28.427192796766438
13.981021636605167,16.46944716782331,-28.427192796774268
13.868755780961664,16.60707383342266,-28.427192796783533
13.74564324259457,16.73945921722276,-28.427192796794817
13.612046549393536,16.86611102496293,-28.42719279680866
13.468342839754788,16.986527200296017,-28.427192796825537
13.314922636703601,17.100197639436413,-28.427192796845826
13.152188586774683,17.206605962321998,-28.427192796869765
12.980554170296221,17.305231331550605,-28.42719279689745
12.800442390082223,17.395550309599155,-28.427192796928807
12.612284445762297,17.47703874425346,-28.427192796963585
12.416518401056916,17.549173671790022,-28.42719279700136
12.213587851233308,17.61143522727188,-28.427192797041535
12.003940597751816,17.66330855135546,-28.427192797083364
11.788027336739667,17.70428568325346,-28.427192797125972
11.566300367418746,17.733867429951292,-28.427192797168406
11.339212325981192,17.751565202416234,-28.427192797209635
11.10721494967067,17.75690281034713,-28.427192797248633
10.870757875010536,17.749418207961295,-28.42719279728439
10.63028747324803,17.728665184373416,-28.427192797315982
10.386245725182274,17.694214993254775,-28.42719279734259
10.139069136640467,17.645657917635546,-28.427192797363542
9.889187694987415,17.582604766893112,-28.427192797378368
9.637023866223577,17.504688304121824,-28.42719279738678
9.382991631469277,17.41156460317252,-28.427192797388734
9.127495560967773,17.3029143356555,-28.42719279738442
8.870929923185384,17.178443989092614,-28.427192797374257
8.613677826156632,17.037887018162202,-28.4271927973589
8.356110387927815,16.88100493158738,-28.4271927973392
8.098585932801033,16.707588317660225,-28.427192797316213
7.841449210077324,16.517457811662762,-28.42719279729115
7.5850306321440515,16.310465008534273,-28.427192797265324
7.329645529047115,16.08649332404114,-28.427192797240142
7.075593417129793,15.84545880743033,-28.427192797217042
6.823157279901563,15.587310908094642,-28.427192797197435
6.572602860014458,15.312033198152513,-28.427192797182684
6.324177962061884,15.019644052056176,-28.427192797174023
6.078111766863496,14.710197283400571,-28.42719279717255
5.834614158945863,14.3837827380254,-28.427192797179153
5.593875070055925,14.040526841301219,-28.427192797194493
5.35606384273359,13.680593096188106,-28.427192797218986
5.121328619199307,13.30418252727654,-28.427192797252747
4.8897957620568935,12.911534064593607,-28.42719279729562
4.661569314542447,12.50292485951731,-28.42719279734717
4.436730509234514,12.07867052372612,-28.42719279740668
4.215337335242687,11.639125280764102,-28.427192797473175
3.997424174872042,11.18468201857302,-28.427192797545494
3.783001521576829,10.71577223028473,-28.427192797622293
3.5720557916243405,10.232865829737282,-28.42719279770213
3.3645492422436454,9.736470827634426,-28.42719279778349
3.160420009089725,9.227132854069374,-28.427192797864905
2.959582275570338,8.70543451333496,-28.427192797944958
2.761926585924796,8.171994557592768,-28.427192798022386
2.5673203128833637,7.627466867113406,-28.427192798096126
2.3756082892564025,7.072539226454567,-28.42719279816534
2.1866136109010936,6.507931888122239,-28.427192798229463
2.00013861620384,5.934395917951854,-28.42719279828819
1.8159660445300299,5.352711319615667,-28.4271927983415
1.6338603730806491,4.76368493925094,-28.427192798389605
1.4535693283275297,4.1681481551260395,-28.427192798432902
1.2748255647643707,3.5669543614100587,-28.42719279847193
1.097348500213205,2.9609762593572713,-28.427192798507317
0.9208462934816203,2.3511029734159368,-28.427192798539668
0.745017946897424,1.7382370137678032,-28.42719279856951
0.5695555132777498,1.1232911104448942,-28.427192798597257
0.39414638433600807,0.5071849473055553,-28.427192798623135
0.2184756354970333,-0.10915817334999145,-28.427192798647148
0.042228400663592645,-0.7248147029914983,-28.427192798669086
-0.13490775028291457,-1.3388642224347729,-28.427192798688534
-0.3132404585255545,-1.9503927872528037,-28.42719279870489
-0.4930702745357698,-2.5584962102932924,-28.427192798717442
-0.6746884328006442,-3.1622832502046894,-28.42719279872543
-0.8583747264450685,-3.76087867726073,-28.427192798728086
-1.0443955026748772,-4.353426190813918,-28.427192798724754
-1.2330017970689824,-4.9390911662716634,-28.427192798714938
-1.424427621533544,-5.517063213428187,-28.427192798698375
-1.618888417321929,-6.086558532146066,-28.42719279867505
-1.8165796810435586,-6.646822055608652,-28.427192798645272
-2.017675768149902,-7.1971293755126,-28.427192798609653
-2.2223288751028245,-7.736788447506875,-28.427192798569077
-2.4306681983901703,-8.265141078800006,-28.427192798524736
-2.6427992658288444,-8.781564203063244,-28.427192798478
-2.858803433240463,-9.285470950491073,-28.42719279843041
-3.078737537633333,-9.776311523104777,-28.427192798383622
-3.302633696493023,-10.253573887085066,-28.427192798339306
-3.53049924167158,-10.716784295103164,-28.427192798299064
-3.762316775657791,-11.165507652310524,-28.42719279826442
-3.998044337681625,-11.599347739884017,-28.427192798236703
-4.237615667120346,-12.017947309854403,-28.427192798217025
-4.480940551991106,-12.420988064426737,-28.427192798206224
-4.727905250891053,-12.808190532190423,-28.427192798204853
-4.978372977535733,-13.17931385257342,-28.427192798213166
-5.232184438004968,-13.534155478677448,-28.427192798231083
-5.489158411889232,-13.872550807293594,-28.427192798258243
-5.749092369698492,-14.19437274349099,-28.42719279829399
-6.0117631201122155,-14.499531205740771,-28.427192798337433
-6.276927481880329,-14.787972576123714,-28.427192798387438
-6.544322976400274,-15.05967909880814,-28.427192798442732
-6.8136685381685105,-15.314668228705171,-28.42719279850189
-7.084665241412909,-15.552991931037173,-28.427192798563425
-7.356997042235177,-15.774735931513781,-28.42719279862584
-7.630331536512831,-15.980018915916398,-28.42719279868764
-7.904320734613529,-16.168991677160957,-28.42719279874743
-8.178601854648662,-16.341836207351385,-28.427192798803944
-8.45279813652832,-16.49876473196103,-28.427192798856055
-8.726519679468634,-16.64001868309161,-28.42719279890285
-8.999364305840054,-16.765867608761173,-28.427192798943643
-9.270918454329326,-16.876608015363022,-28.427192798977973
-9.540758105318806,-16.972562140812173,-28.42719279900562
-9.808449741168277,-17.054076656445815,-28.427192799026635
-10.073551343722908,-17.12152129645755,-28.427192799041272
-10.335613430876789,-17.17528741450487,-28.427192799050022
-10.594180133407727,-17.215786468114757,-28.427192799053557
-10.848790312582976,-17.243448432598644,-28.427192799052694
-11.09897871823678,-17.258720147346057,-28.427192799048385
-11.344277186162506,-17.26206359856476,-28.42719279904162
-11.584215872769294,-17.253954143739048,-28.427192799033442
-11.818324524052905,-17.234878684250976,-28.42719279902487
-12.046133775050038,-17.205333793716033,-28.42719279901685
-12.267176475112468,-17.165823810588257,-28.42719279901025
-12.48098903357824,-17.116858904458347,-28.427192799005784
-12.687112779755862,-17.058953126171158,-28.427192799004036
-12.88509533059504,-16.992622452402596,-28.427192799005404
-13.074491959010757,-16.918382835641207,-28.427192799010122
-13.254866955568378,-16.836748270606435,-28.427192799018254
-13.42579497613288,-16.748228887999012,-28.42719279902969
-13.586862368135876,-16.653329086124725,-28.427192799044178
-13.737668468315677,-16.552545710372588,-28.427192799061363
-13.877826865127759,-16.44636628978195,-28.42719279908078
-14.006966619490978,-16.33526733902687,-28.427192799101917
-14.124733438109514,-16.21971273311132,-28.427192799124228
-14.230790794269431,-16.10015216094117,-28.42719279914718
-14.324820991727188,-15.977019662756799,-28.427192799170264
-14.40652616805989,-15.850732255211986,-28.42719279919303
-14.475629234607299,-15.721688646709419,-28.42719279921513
-14.531874750878954,-15.59026804448626,-28.427192799236273
-14.575029732003133,-15.456829053918163,-28.427192799256286
-14.604884388437311,-15.321708669604778,-28.42719279927509
-14.621252797725186,-15.185221357037364,-28.427192799292712
-14.623973508559908,-15.047658223046918,-28.427192799309264
-14.61291007778736,-14.909286272800065,-28.42719279932492
-14.587951541251622,-14.770347750854972,-28.42719279933993
-14.549012819546194,-14.63105956370951,-28.427192799354568
-14.496035059790755,-14.491612781361836,-28.427192799369138
-14.428985914510898,-14.352172215647856,-28.42719279938393
-14.347859758565749,-14.21287607350353,-28.427192799399243
-14.252677844857866,-14.073835683802473,-28.4271927994153
-14.143488399285163,-13.935135297016586,-28.427192799432326
-14.020366655071626,-13.79683195761307,-28.42719279945045
-13.883414826259894,-13.658955449806614,-28.42719279946977
-13.732762019782026,-13.5215083180012,-28.427192799490296
-13.56856408516406,-13.38446596395164,-28.427192799512003
-13.39100340058356,-13.247776823320573,-28.427192799534804
-13.20028859370554,-13.11136262487334,-28.42719279955856
-12.996654195487956,-12.975118736013293,-28.42719279958311
-12.780360224989321,-12.838914598688639,-28.427192799608278
-12.551691703141401,-12.702594259876882,-28.427192799633865
-12.31095809348111,-12.565977000856126,-28.427192799659704
-12.058492667975989,-12.42885806929018,-28.42719279968562
-11.794651796332287,-12.291009517778312,-28.427192799711488
-11.519814157545426,-12.152181151947566,-28.4271927997372
-11.234379872936794,-12.012101590399904,-28.427192799762693
-10.93876956051236,-11.870479437877409,-28.427192799787935
-10.6334233111663,-11.727004571893762,-28.427192799812914
-10.318799588022284,-11.581349541821838,-28.427192799837634
-9.995374051037684,-11.43317107805502,-28.427192799862116
-9.663638309869672,-11.282111707408065,-28.42719279988635
-9.324098608892852,-11.127801469431045,-28.4271927999103
-8.977274449139223,-10.969859726818862,-28.4271927999339
-8.623697152776064,-10.807897061652644,-28.427192799956998
-8.263908376518934,-10.641517247851429,-28.42719279997939
-7.8984585810701144,-10.470319288984596,-28.427192800000796
-7.527905464254897,-10.293899509535597,-28.427192800020844
-7.152812365979777,-10.111853686848693,-28.427192800039112
-6.773746653443472,-9.923779210359024,-28.427192800055103
-6.391278095184203,-9.729277254320863,-28.42719280006829
-6.005977232541259,-9.527954950119646,-28.427192800078124
-5.618413756947593,-9.31942754438113,-28.42719280008407
-5.229154901161244,-9.103320529467958,-28.427192800085656
-4.838763852099937,-8.879271733563662,-28.427192800082477
-4.447798192383777,-8.646933358362134,-28.427192800074238
-4.056808377037519,-8.405973953376387,-28.427192800060794
-3.666336251081842,-8.156080317017613,-28.42719280004217
-3.2769136129793615,-7.89695931583452,-28.42719280001858
-2.889060828123648,-7.628339614601989,-28.427192799990422
-2.5032854957958475,-7.34997331126501,-28.427192799958313
-2.1200811722895487,-7.061637472037665,-28.427192799923056
-1.7399261522442615,-6.763135563189348,-28.427192799885628
-1.3632823096518623,-6.454298777186563,-28.427192799847155
-0.9905939995256668,-6.134987251868829,-28.427192799808893
-0.6222870208613799,-5.805091182196695,-28.427192799772154
-0.25876764128155966,-5.464531824800213,-28.427192799738293
0.099578316355457,-5.113262396064934,-28.427192799708653
0.45238632508536125,-4.751268864813517,-28.42719279968448
0.7993139422718811,-4.378570640774392,-28.42719279966693
1.1400415346597044,-3.995221159980846,-28.427192799656968
1.4742729390099243,-3.6013083680261335,-28.427192799655366
1.8017360568464338,-3.196955101730065,-28.42719279966266
2.1221833813419235,-2.7823193692724084,-28.427192799679094
2.4353924538301737,-2.357594528245052,-28.427192799704653
2.7411662468719893,-1.9230093603993517,-28.427192799739025
3.0393334702523385,-1.478828041151917,-28.427192799781626
3.329748795774401,-1.0253500011987313,-28.42719279983159
3.612292996271718,-0.5629096769136169,-28.42719279988786
3.8868729939120414,-0.09187614561352328,-28.427192799949143
4.1534218126449405,0.3873473586989104,-28.427192800014044
4.411898429577319,0.8743240538155095,-28.427192800081073
4.662287520171836,1.3685843468366097,-28.4271928001487
4.904599092474217,1.8696267054084592,-28.427192800215444
5.138868006103133,2.3769186669909415,-28.42719280027993
5.365153372491088,2.8898979897988384,-28.42719280034091
5.583537833849559,3.407973948103647,-28.427192800397357
5.7941267195412784,3.930528773333782,-28.427192800448463
5.997047079962272,4.456919240880389,-28.427192800493682
6.192446599641972,4.986478400728264,-28.42719280053275
6.38049239302727,5.51851744802421,-28.427192800565653
6.561369688282538,6.05232772751856,-28.42719280059265
6.735280406360775,6.587182863531757,-28.427192800614183
6.902441644522954,7.122341004778021,-28.427192800630902
7.063084075340485,7.657047171101085,-28.42719280064357
7.217450273944962,8.190535687024703,-28.427192800653025
7.365792987826184,8.72203268507539,-28.427192800660116
7.508373364764632,9.250758660174299,-28.42719280066567
7.645459155465738,9.77593105508872,-28.427192800670408
7.777322908098488,10.296766856039037,-28.427192800674952
7.904240172200291,10.812485177115509,-28.427192800679766
8.026487729278411,11.322309812195812,-28.42719280068513
8.144341866914965,11.825471733573385,-28.42719280069119
8.258076712282534,12.321211517494177,-28.427192800697906
8.367962639729972,12.808781678222314,-28.427192800705114
8.474264765544948,13.287448894063829,-28.427192800712536
8.577241541193665,13.756496110908648,-28.427192800719805
8.677143454339236,14.215224511230735,-28.42719280072653
8.7742118448131,14.662955339034744,-28.427192800732296
8.868677840524866,15.099031573872528,-28.427192800736737
8.960761416109754,15.52281944969378,-28.42719280073952
9.050670574989791,15.933709816866577,-28.42719280074041
9.138600653518592,16.331119348138373,-28.427192800739277
9.22473374403614,16.714491591548878,-28.427192800736083
9.30923823201503,17.083297875307984,-28.427192800730914
9.392268441060532,17.437038071381185,-28.42719280072396
9.473964378349558,17.77524122596113,-28.427192800715503
9.554451572166762,18.097466066137425,-28.42719280070592
9.63384099251826,18.403301392908727,-28.427192800695636
9.712229045367783,18.69236637122135,-28.427192800685127
9.78969763083276,18.964310727983936,-28.427192800674902
9.866314255681457,19.218814869020825,-28.42719280066546
9.942132190665708,19.45558992571339,-28.427192800657274
10.017190663584952,19.674377741667005,-28.427192800650797
10.091515079482464,19.874950809160776,-28.427192800646417
10.165117260001013,20.05711216441533,-28.427192800644463
10.237995694650538,20.220695249879014,-28.427192800645184
10.310135797543866,20.36556375080912,-28.42719280064873
10.381510164019028,20.491611412436054,-28.42719280065518
10.452078822471135,20.598761842964407,-28.427192800664525
10.521789477647907,20.686968306604175,-28.427192800676654
10.59057774260701,20.756213509753575,-28.427192800691383
10.658367357478866,20.806509382385105,-28.427192800708436
10.72507039411463,20.837896855631538,-28.427192800727486
10.790587446616419,20.850445635538076,-28.427192800748134
10.854807808636595,20.844253971951417,-28.427192800769955
10.917609639186912,20.819448420564818,-28.427192800792472
10.97886011950819,20.776183595239587,-28.427192800815202
11.038415604308922,20.71464190688719,-28.427192800837663
11.096121771378035,20.635033284432087,-28.427192800859398
11.151813774204134,20.537594872693553,-28.42719280087997
11.205316402781644,20.42259070143668,-28.427192800899
11.256444258243281,20.290311319359304,-28.42719280091617
11.30500194731859,20.14107338641531,-28.427192800931238
11.350784302869522,19.9752192176372,-28.427192800944066
11.393576636886646,19.79311627152387,-28.427192800954593
11.433155032334692,19.59515657611374,-28.42719280096288
11.469286680105782,19.381756086077903,-28.427192800969078
11.501730267067243,19.15335396454967,-28.427192800973454
11.530236420774667,18.910411783959788,-28.427192800976357
11.554548215859194,18.653412640870396,-28.427192800978236
11.57440174639406,18.382860180691583,-28.42719280097959
11.589526767705742,18.0992775292127,-28.427192800980972
11.599647410131064,17.803206129071526,-28.427192800982954
11.604482966148641,17.49520448059821,-28.427192800986116
11.603748751151215,17.175846787881273,-28.427192800990994
11.59715703689873,16.84572151237996,-28.427192800998068
11.584418055428094,16.50542983791502,-28.427192801007724
11.56524106992499,16.155584052370855,-28.42719280102025
11.53933550781826,15.796805852895295,-28.427192801035797
11.506412150171084,15.429724582748316,-28.427192801054378
11.466184370348213,15.054975409188424,-28.42719280107583
11.41836941396499,14.673197452858608,-28.42719280109988
11.362689711299085,14.285031880011031,-28.427192801126086
11.298874212692384,13.891119969565546,-28.42719280115389
11.226659737005194,13.492101167413761,-28.42719280118262
11.145792322918364,13.088611140548492,-28.427192801211554
11.05602857281488,12.681279843517636,-28.42719280123992
10.957136979107338,12.270729609380632,-28.42719280126694
10.848899223201403,11.857573276802269,-28.427192801291902
10.731111437781166,11.442412364177837,-28.427192801314124
10.603585423748369,11.02583530077754,-28.42719280133308
10.46614981391737,10.608415723863537,-28.427192801348358
10.318651176432043,10.190710849610122,-28.4271928013597
10.160955051798194,9.773259924488034,-28.42719280136705
9.992946918384414,9.356582762598928,-28.427192801370513
9.81453308220435,8.94117837330453,-28.427192801370378
9.625641487726229,8.527523682422629,-28.4271928013671
9.426222447335228,8.116072349288876,-28.427192801361294
9.216249287879759,7.707253681134462,-28.427192801353687
8.995718913446499,7.301471645522872,-28.4271928013451
8.76465228411883,6.899103981035712,-28.427192801336428
8.52309481097163,6.500501406002439,-28.427192801328573
8.27111666793914,6.105986924829916,-28.42719280132243
8.008813021463743,5.715855231396985,-28.427192801318842
7.736304178997392,5.330372209023253,-28.427192801318565
7.453735657493629,4.949774526682064,-28.427192801322246
7.1612781730089035,4.574269331383252,-28.427192801330406
6.859127552442043,4.204034036976892,-28.427192801343395
6.547504568297044,3.8392162099982117,-28.427192801361436
6.226654697174676,3.4799335535578724,-28.427192801384543
5.896847802501509,3.1262739906528467,-28.427192801412602
5.558377741809581,2.7782958486032134,-28.427192801445337
5.211561898704365,2.4360281465829243,-28.42719280148233
4.856740639520402,2.0994709883835014,-28.427192801523073
4.494276694578763,1.7685960626071173,-28.42719280156694
4.12455446394238,1.4433472524113653,-28.427192801613266
3.7479792476258154,1.123641356708162,-28.427192801661324
3.364976400363811,0.8093689243441824,-28.427192801710415
2.975990411283696,0.5003952022556926,-28.42719280175983
2.5814839091622304,0.19656119789774998,-28.42719280180891
2.181936594376307,-0.1023151445965779,-28.427192801857064
1.7778440991734603,-0.3964376560543774,-28.42719280190376
1.3697167784832127,-0.6860305443292,-28.427192801948575
0.9580784341509689,-0.9713368906261654,-28.427192801991147
0.5434649761862497,-1.252617045184282,-28.427192802031218
0.12642302535748018,-1.5301469287174123,-28.427192802068603
-0.2924915377850434,-1.8042162473178232,-28.427192802103207
-0.7127150716407692,-2.075126629790717,-28.42719280213497
-1.1336777135294882,-2.3431896975764657,-28.427192802163912
-1.5548049537473305,-2.608725078492378,-28.42719280219006
-1.9755192359988258,-2.872058376453042,-28.427192802213483
-2.395241576041768,-3.1335191100769144,-28.427192802234263
-2.8133931900460514,-3.3934386336312476,-28.42719280225247
-3.2293971239630075,-3.6521480540886486,-28.4271928022682
-3.6426798751362663,-3.9099761581545174,-28.427192802281525
-4.052672997462024,-4.1672473629712865,-28.427192802292527
-4.458814681624193,-4.424279703816673,-28.427192802301292
-4.860551302281499,-4.681382871500721,-28.42719280230793
-5.257338924557999,-4.938856311349447,-28.427192802312543
-5.648644762770324,-5.196987394666786,-28.42719280231528
-6.033948584995483,-5.456049672422334,-28.427192802316338
-6.412744057821112,-5.7163012196549285,-28.427192802315922
-6.784540026402684,-5.977983077748981,-28.427192802314305
-7.148861725755989,-6.24131780037027,-28.427192802311804
-7.505251920015021,-6.5065081074788775,-28.427192802308774
-7.853271967163272,-6.773735650505414,-28.427192802305594
-8.192502807480354,-7.043159890516196,-28.427192802302688
-8.522545874618691,-7.314917090032829,-28.427192802300475
-8.84302392882221,-7.589119418136341,-28.427192802299377
-9.153581812310213,-7.8658541675947085,-28.427192802299793
-9.453887127267405,-8.14518308201867,-28.42719280230208
-9.74363083720246,-8.427141790481828,-28.42719280230654
-10.022527792662233,-8.711739346638959,-28.427192802313396
-10.290317182420884,-8.998957869137746,-28.427192802322807
-10.546762911308985,-9.288752280035014,-28.4271928023348
-10.791653905817022,-9.58105013798619,-28.42719280234933
-11.024804348511925,-9.875751563158703,-28.42719280236623
-11.246053842158416,-10.172729251106484,-28.427192802385242
-11.455267504253865,-10.471828573210358,-28.427192802406008
-11.65233599248228,-10.772867761713465,-28.427192802428106
-11.837175461386414,-11.075638177835739,-28.42719280245102
-12.00972745036345,-11.379904661910537,-28.427192802474234
-12.169958702925452,-11.685405964923735,-28.42719280249717
-12.31786091704574,-11.991855261225513,-28.427192802519297
-12.453450426350544,-12.298940742504465,-28.42719280254009
-12.576767811923494,-12.606326293341349,-28.4271928025591
-12.687877444578207,-12.913652248777755,-28.42719280257596
-12.786866957628414,-13.220536234329092,-28.427192802590394
-12.87384665044924,-13.52657408873155,-28.427192802602256
-12.948948823477982,-13.831340869434154,-28.427192802611533
-13.012327045744387,-14.134391940429753,-28.427192802618343
-13.064155356542146,-14.43526414146852,-28.427192802622947
-13.104627403444363,-14.733477037025423,-28.427192802625722
-13.133955519511431,-15.028534242615661,-28.427192802627165
-13.152369743223105,-15.319924825190977,-28.427192802627864
-13.160116785366707,-15.607124773430728,-28.427192802628465
-13.157458947808514,-15.889598532794375,-28.42719280262966
-13.144672999741593,-16.166800599258593,-28.42719280263214
-13.122049017616801,-16.43817716475544,-28.42719280263656
-13.089889195501183,-16.703167806491727,-28.427192802643518
-13.048506633047507,-16.961207211594978,-28.427192802653522
-12.998224108581633,-17.211726927927405,-28.42719280266696
-12.939372845004666,-17.454157131460782,-28.427192802684075
-12.87229127625343,-17.687928400331174,-28.427192802704976
-12.797323821958914,-17.912473485606892,-28.427192802729586
-12.71481967768659,-18.127229068912055,-28.427192802757684
-12.625131627738748,-18.331637497351597,-28.427192802788905
-12.528614886955936,-18.525148486674276,-28.42719280282273
-12.425625977285884,-18.70722078427428,-28.427192802858535
-12.316521644111532,-18.877323784450514,-28.42719280289561
-12.20165781646581,-19.034939089290663,-28.42719280293318
-12.08138861433314,-19.179562009597543,-28.427192802970435
-11.9560654052709,-19.310703001397194,-28.427192803006584
-11.826035911603697,-19.427889034730555,-28.427192803040867
-11.691643368474226,-19.530664892601877,-28.427192803072575
-11.553225732100207,-19.61859439910715,-28.427192803101125
-11.411114936709366,-19.69126157686668,-28.427192803126008
-11.265636197822705,-19.748271734912326,-28.427192803146887
-11.117107358847033,-19.78925248911015,-28.42719280316355
-10.9658382773339,-19.813854718015428,-28.427192803175938
-10.812130246774476,-19.821753457744716,-28.427192803184166
-10.656275449435153,-19.81264873999897,-28.42719280318848
-10.498556435501579,-19.786266377775487,-28.427192803189275
-10.339245623691161,-19.742358703561255,-28.427192803187097
-10.17860481851534,-19.680705264905185,-28.427192803182578
-10.016884739521153,-19.601113482223322,-28.427192803176464
-9.854324558112879,-19.50341927350251,-28.427192803169557
-9.691151437944182,-19.38748765023927,-28.427192803162725
-9.527580075373159,-19.25321328848732,-28.42719280315683
-9.363812237080737,-19.100521078296104,-28.427192803152746
-9.200036292659645,-18.929366654110982,-28.4271928031513
-9.036426740779131,-18.739736907881724,-28.42719280315326
-8.873143728411259,-18.531650485697533,-28.427192803159308
-8.710332563558868,-18.305158267744243,-28.427192803170012
-8.548123222942957,-18.060343830272735,-28.427192803185815
-8.38662985717676,-17.797323887089565,-28.427192803207
-8.225950297061981,-17.516248706845456,-28.427192803233716
-8.066165565774266,-17.21730250112169,-28.42719280326592
-7.907339402842442,-16.90070377701846,-28.42719280330342
-7.749517806948716,-16.56670564665657,-28.427192803345857
-7.592728605661894,-16.215596084741694,-28.427192803392728
-7.4369810612358975,-15.847698124140825,-28.427192803443386
-7.282265522532059,-15.463369978318887,-28.427192803497107
-7.128553133923596,-15.063005078519764,-28.42719280355305
-6.975795612679442,-14.647032012793062,-28.427192803610367
-6.823925106766547,-14.21591435341105,-28.427192803668195
-6.672854145218275,-13.770150358935416,-28.42719280372569
-6.522475693156799,-13.31027253722586,-28.427192803782106
-6.372663323197132,-12.836847056073657,-28.427192803836785
-6.223271514272918,-12.350472988929084,-28.42719280388922
-6.074136087889389,-11.85178138439853,-28.427192803939057
-5.925074790417104,-11.341434149830668,-28.427192803986102
-5.77588802829254,-10.820122741391279,-28.427192804030355
-5.6263597609037825,-10.28856665552669,-28.427192804071943
-5.476258553541251,-9.747511719600777,-28.42719280411114
-5.325338790130593,-9.197728182704267,-28.427192804148323
-5.17334204259863,-8.640008611102823,-28.427192804183903
-5.019998590728959,-8.075165596418355,-28.427192804218286
-4.8650290833290475,-7.504029288317437,-28.427192804251845
-4.708146328551556,-6.92744476709145,-28.427192804284825
-4.549057198389962,-6.34626927492916,-28.42719280431733
-4.387464629803052,-5.761369327778112,-28.427192804349264
-4.223069702709302,-5.173617732348214,-28.42719280438037
-4.055573773315071,-4.583890534924289,-28.42719280441013
-3.884680639968436,-3.9930639301399937,-28.427192804437894
-3.7100987180122877,-3.402011158664006,-28.427192804462837
-3.5315431999723352,-2.8115994228309544,-28.427192804484026
-3.348738177859749,-2.2226868486150333,-28.427192804500528
-3.1614187053720015,-1.6361195210257955,-28.427192804511396
-2.969332779293653,-1.0527286180640405,-28.427192804515837
-2.7722432213660233,-0.4733276658972192,-28.42719280451322
-2.5699294442293104,0.10129006499584144,-28.427192804503132
-2.3621890876499854,0.6703540061823102,-28.427192804485486
-2.148839514031147,1.2331185670129514,-28.427192804460493
-1.9297191550641373,1.7888652300841639,-28.427192804428703
-1.7046887042200176,2.3369044601743036,-28.42719280439099
-1.4736321525118175,2.876577423641193,-28.427192804348543
-1.236457667506307,3.4072575182438767,-28.4271928043028
-0.9930983178650759,3.9283517159933075,-28.427192804255405
-0.743512647701464,4.439301723890164,-28.427192804208154
-0.4876851067205813,4.939584969240207,-28.42719280416288
-0.22562634344734714,5.428715417634625,-28.42719280412142
0.042626630160922954,5.906244232648332,-28.42719280408553
0.31701039376642387,6.371760286862214,-28.42719280405678
0.5974351840799701,6.824890533986912,-28.427192804036554
0.8837850613347951,7.265300251696807,-28.42719280402593
1.175918167685546,7.692693164320733,-28.4271928040257
1.4736670688474776,8.106811453831966,-28.42719280403631
1.7768391709078997,8.507435666687497,-28.427192804057853
2.0852172050019195,8.894384523038378,-28.427192804090094
2.398559773408348,9.267514633720518,-28.427192804132464
2.716601951551595,9.626720129287104,-28.42719280418408
3.0390559413558806,9.97193220420492,-28.427192804243827
3.36561177235607,10.303118578247995,-28.427192804310334
3.6959380478947463,10.620282876119548,-28.42719280438212
4.029682734600608,10.923463925449074,-28.42719280445756
4.366473994125028,11.212734972572392,-28.427192804535004
4.705921056790956,11.48820281493108,-28.427192804612826
5.04761513736409,11.750006848541219,-28.42719280468945
5.391130393576546,11.998318028792367,-28.427192804763465
5.736024928308153,12.233337742853468,-28.427192804833588
6.08184183645358,12.455296592185398,-28.427192804898777
6.428110297472529,12.664453084086647,-28.427192804958203
6.7743467144370015,12.86109223182069,-28.42719280501131
7.120055900060285,13.045524063676556,-28.427192805057782
7.464732309727174,13.218082042277887,-28.427192805097576
7.807861320958647,13.379121396555304,-28.427192805130858
8.148920558055444,13.529017370001558,-28.427192805158036
8.487381259896084,13.668163390103986,-28.427192805179683
8.822709688041178,13.796969165155812,-28.427192805196512
9.154368571445499,13.915858715945614,-28.427192805209334
9.48181858323137,14.025268351070887,-28.427192805219015
9.80451984416173,14.12564459577453,-28.42719280522641
10.121933446697797,14.217442085222611,-28.427192805232373
10.433522992862454,14.301121433990483,-28.427192805237663
10.738756138580706,14.377147094170926,-28.427192805242946
11.037106136753742,14.445985214936847,-28.42719280524877
11.328053371058887,14.508101516564667,-28.42719280525554
11.611086872364314,14.56395919184347,-28.42719280526353
11.885705809708844,14.61401684745967,-28.427192805272874
12.15142094802146,14.65872649736583,-28.427192805283582
12.407756065133992,14.698531619333817,-28.427192805295558
12.654249321159904,14.733865284882034,-28.427192805308636
12.890454573953496,14.765148371587296,-28.427192805322576
13.11594263510395,14.792787865481893,-28.427192805337107
13.330302461731927,14.817175259837759,-28.427192805351957
13.53314228021478,14.838685055196395,-28.427192805366875
13.724090638841956,14.857673364059595,-28.427192805381637
13.902797387266729,14.874476622254903,-28.427192805396068
14.068934581448163,14.889410407670763,-28.427192805410073
14.222197313544575,14.902768365854955,-28.4271928054236
14.362304466906291,14.914821240916021,-28.427192805436682
14.488999396905202,14.925816009284667,-28.42719280544939
14.60205053881892,14.935975113197783,-28.427192805461857
14.701251944350735,14.945495790271801,-28.427192805474245
14.786423748609446,14.95454949523825,-28.427192805486747
14.857412569496445,14.96328140981945,-28.42719280549955
14.914091841455525,14.971810036817526,-28.427192805512835
14.956362085442201,14.98022687476067,-28.427192805526765
14.984151116775152,14.988596169877988,-28.42719280554146
14.997414192256349,14.996954742735136,-28.427192805556988
14.996134097604966,15.005311887530944,-28.427192805573384
14.980321175860636,15.013649342801452,-28.427192805590614
14.950013296993195,15.021921333071832,-28.427192805608595
14.905275768527867,15.030054681806533,-28.42719280562721
14.846201186577211,15.037948996802083,-28.427192805646293
14.77290922628311,15.045476929913319,-28.42719280566568
14.685546370332638,15.052484513672077,-28.427192805685163
14.584285573938452,15.058791577918752,-28.42719280570458
14.469325864483109,15.06419224999536,-28.427192805723763
14.340891873931442,15.068455542320947,-28.427192805742614
14.199233302126615,15.07132603126749,-28.42719280576107
14.04462430921186,15.072524631162493,-28.42719280577913
13.877362835665703,15.071749466954708,-28.427192805796867
13.697769848803759,15.06867684858907,-28.427192805814425
13.506188515081782,15.062962349449355,-28.42719280583201
13.302983298124106,15.054241990353232,-28.42719280584989
13.088538983086679,15.042133529540973,-28.427192805868362
12.863259628727945,15.026237857910365,-28.42719280588774
12.627567449383523,15.006140497445939,-28.427192805908348
12.38190162989813,14.981413199406255,-28.42719280593046
12.126717077434462,14.951615637407793,-28.427192805954295
11.862483114926103,14.916297189121112,-28.427192805979995
11.589682121741445,14.874998798917954,-28.427192806007575
11.308808127850954,14.827254912520711,-28.427192806036935
11.020365368414847,14.77259547354983,-28.42719280606782
10.724866806209958,14.710547970877851,-28.427192806099825
10.42283262967462,14.64063952491324,-28.427192806132403
10.114788734555374,14.562399000378148,-28.427192806164875
9.801265197181323,14.475359132829302,-28.42719280619644
9.482794747269283,14.379058656108539,-28.427192806226213
9.15991124788017,14.273044418098916,-28.427192806253274
8.833148189714512,14.156873472594127,-28.427192806276675
8.503037206369099,14.030115135745216,-28.42719280629553
8.170106616498124,13.892352996403977,-28.42719280630902
7.834879998055772,13.743186870704934,-28.427192806316466
7.497874798970745,13.582234692380997,-28.427192806317354
7.1596009877459785,13.409134331551485,-28.4271928063114
6.8205597466188035,13.223545336013663,-28.427192806298525
6.481242209087387,13.025150590368428,-28.427192806278928
6.142128242836203,12.81365788957653,-28.427192806253068
5.803685278401925,12.588801424735992,-28.427192806221665
5.4663671833337695,12.350343179959648,-28.427192806185694
5.130613181137459,12.098074240183998,-28.427192806146348
4.796846813964327,11.831816010531892,-28.42719280610502
4.465474947826982,11.551421348462105,-28.427192806063243
4.136886819096784,11.256775610354467,-28.427192806022656
3.8114531211680176,10.947797614390959,-28.427192805984923
3.4895251304572716,10.624440521597629,-28.42719280595172
3.1714338713382184,10.286692636711134,-28.427192805924623
2.8574893201821494,9.934578130133923,-28.427192805905083
2.5479796493701574,9.568157681655178,-28.427192805894357
2.2431705129471573,9.187529045857222,-28.427192805893462
1.943304376481083,8.792827538220331,-28.427192805903122
1.648599894649318,8.384226439908653,-28.42719280592376
1.359251341072322,7.961937318096953,-28.427192805955453
1.075428095921759,7.5262102575174525,-28.427192805997933
0.797274197814674,7.077333997708106,-28.427192806050584
0.5249079674308234,6.61563596927246,-28.42719280611249
0.2584217111194011,6.1414822213652585,-28.427192806182415
-0.0021184865456534362,5.655277231648525,-28.427192806258915
-0.2566728717863754,5.157463589173934,-28.427192806340333
-0.5052280224431518,4.648521540093325,-28.4271928064249
-0.747796730781468,4.12896838583394,-28.427192806510813
-0.9844177587143794,3.599357723448575,-28.427192806596285
-1.2151554564424527,3.060278518307798,-28.427192806679635
-1.4400992364277634,2.5123540001772344,-28.42719280675937
-1.6593628958907432,1.9562403750415103,-28.427192806834196
-1.8730837826493392,1.392625346806565,-28.427192806903136
-2.0814218010962606,0.8222264452251753,-28.427192806965497
-2.284558257404027,0.24578915901834006,-28.427192807020923
-2.4826945456149545,-0.33591512384154343,-28.427192807069353
-2.6760506790539837,-0.922091363431441,-28.427192807111037
-2.864863674421203,-1.5119232940151417,-28.42719280714645
-3.049385798890026,-2.1045760166805985,-28.427192807176272
-3.2298826934585403,-2.6991987425757054,-28.427192807201287
-3.4066313885722384,-3.2949276674313253,-28.42719280722233
-3.5799182305523787,-3.890888954937431,-28.42719280724021
-3.7500367395264083,-4.486201803828998,-28.42719280725567
-3.9172854212765142,-5.079981571357563,-28.427192807269268
-4.081965556626043,-5.671342924267927,-28.427192807281433
-4.244378992617847,-6.259402987538284,-28.427192807292364
-4.404825959773371,-6.843284461017695,-28.42719280730207
-4.563602939151588,-7.422118674716899,-28.427192807310384
-4.721000601773055,-7.995048554853991,-28.42719280731698
-4.877301841281522,-8.561231474771448,-28.427192807321436
-5.032779918549765,-9.119841967443472,-28.427192807323276
-5.187696734381708,-9.670074279378671,-28.427192807322026
-5.342301243615894,-10.21114474917196,-28.42719280731728
-5.496828020899477,-10.742293997641939,-28.427192807308728
-5.651495985282531,-11.262788920274133,-28.42719280729622
-5.806507287681041,-11.771924476449326,-28.42719280727977
-5.962046362266993,-12.26902527355378,-28.42719280725959
-6.118279140047054,-12.753446947442844,-28.42719280723608
-6.275352420354454,-13.224577343779092,-28.427192807209813
-6.433393393753325,-13.681837507428332,-28.427192807181523
-6.592509307975441,-14.124682489330356,-28.42719280715208
-6.752787266995391,-14.552601982044678,-28.427192807122402
-6.9142941522060495,-14.965120796502175,-28.427192807093498
-7.077076653873687,-15.361799193383975,-28.42719280706634
-7.241161400612601,-15.742233083025377,-28.427192807041877
-7.406555174495999,-16.106054107840624,-28.42719280702098
-7.573245199580592,-16.452929621026332,-28.427192807004385
-7.741199492030886,-16.782562574774445,-28.42719280699272
-7.910367260647941,-17.094691330456833,-28.427192806986426
-8.080679347398611,-17.3890894022817,-28.427192806985776
-8.252048698468647,-17.665565144811186,-28.427192806990867
-8.424370857392466,-17.923961393512894,-28.427192807001596
-8.597524472912221,-18.164155066233093,-28.427192807017715
-8.771371815361194,-18.386056732160224,-28.42719280703878
-8.945759296526093,-18.589610153523452,-28.42719280706423
-9.120517989098163,-18.77479180396757,-28.42719280709337
-9.295464142954689,-18.94161036628412,-28.427192807125394
-9.470399696604746,-19.090106210977375,-28.427192807159447
-9.645112783171161,-19.22035085601789,-28.42719280719461
-9.819378231252966,-19.33244640709914,-28.427192807229975
-9.992958061907906,-19.426524976775088,-28.427192807264625
-10.165601983803533,-19.502748080028482,-28.427192807297708
-10.337047889299354,-19.56130600310998,-28.427192807328428
-10.507022354833602,-19.602417141904525,-28.427192807356104
-10.67524114948938,-19.626327305630912,-28.42719280738016
-10.841409756000006,-19.63330898136967,-28.427192807400157
-11.005223908716578,-19.623660554747772,-28.427192807415828
-11.166370153198098,-19.597705482091182,-28.427192807427026
-11.324526432092492,-19.55579140948945,-28.427192807433816
-11.479362701854278,-19.49828923450138,-28.427192807436395
-11.630541584591867,-19.425592106664833,-28.427192807435105
-11.777719058957327,-19.338114363552382,-28.42719280743045
-11.920545193489353,-19.236290399829265,-28.427192807423065
-12.05866492520419,-19.120573467609454,-28.427192807413643
-12.191718885511012,-18.99143440735384,-28.427192807402985
-12.319344274721423,-18.84936030959259,-28.427192807391922
-12.441175785545504,-18.6948531088584,-28.427192807381275
-12.55684657503802,-18.528428112362793,-28.427192807371867
-12.665989283501466,-18.350612467104998,-28.427192807364435
-12.768237097890502,-18.161943570241693,-28.427192807359635
-12.863224856320626,-17.96296742863465,-28.427192807358022
-12.950590189387412,-17.75423697450115,-28.427192807359987
-13.029974693175653,-17.53631034498922,-28.427192807365792
-13.101025128102767,-17.309749134259867,-28.427192807375516
-13.163394637117895,-17.075116627258534,-28.427192807389087
-13.216743976283299,-16.832976024780653,-28.42719280740628
-13.260742750410332,-16.583888669669488,-28.42719280742672
-13.295070646215574,-16.328412284023628,-28.427192807449924
-13.319418655406004,-16.06709922713792,-28.427192807475297
-13.333490280192315,-15.800494783564593,-28.427192807502188
-13.33700271395891,-15.529135490175252,-28.42719280752991
-13.32968799017489,-15.253547510451128,-28.42719280755778
-13.311294093096288,-14.97424506345404,-28.42719280758514
-13.281586024365827,-14.691728914063747,-28.427192807611398
-13.240346820240713,-14.406484930141207,-28.427192807636064
-13.187378514848056,-14.118982711324746,-28.427192807658724
-13.122503045557467,-13.829674293220567,-28.427192807679116
-13.045563097248461,-13.538992929841433,-28.4271928076971
-12.956422882914554,-13.24735195630665,-28.42719280771267
-12.854968858667188,-12.955143733067292,-28.427192807725948
-12.741110371764242,-12.662738672283213,-28.427192807737175
-12.614780240776687,-12.370484346467888,-28.42719280774669
-12.475935267413222,-12.078704679143337,-28.427192807754924
-12.324556679840509,-11.787699217014344,-28.427192807762353
-12.16065050756379,-11.497742483077799,-28.427192807769515
-11.984247888070325,-11.209083410122828,-28.427192807776926
-11.795405305490904,-10.921944854239424,-28.4271928077851
-11.594204761510492,-10.636523188222261,-28.427192807794526
-11.380753878667615,-10.352987975113448,-28.42719280780562
-11.155185936036409,-10.071481722551244,-28.42719280781872
-10.917659837098906,-9.79211971905744,-28.4271928078341
-10.668360009404227,-9.514989953878233,-28.427192807851906
-10.407496235391534,-9.240153122465895,-28.42719280787222
-10.135303413542193,-8.967642720124616,-28.42719280789501
-9.85204124883954,-8.697465226717588,-28.427192807920168
-9.557993871368412,-8.429600385619139,-28.42719280794748
-9.253469381795684,-8.164001580272759,-28.427192807976684
-8.938799322451075,-7.900596311763241,-28.42719280800747
-8.614338072785655,-7.639286780712358,-28.427192808039482
-8.280462168132871,-7.379950576549928,-28.427192808072334
-7.937569540939542,-7.122441476787981,-28.42719280810565
-7.586078683975191,-6.866590358332085,-28.427192808139083
-7.226427735466695,-6.612206222103692,-28.427192808172247
-6.859073486637461,-6.359077331329065,-28.427192808204847
-6.484490312748275,-6.106972462788366,-28.42719280823659
-6.103169029429074,-5.855642269133094,-28.427192808267222
-5.7156156768423045,-5.604820749096664,-28.427192808296542
-5.322350235011,-5.354226821072008,-28.42719280832436
-4.9239052744578915,-5.1035659941458045,-28.42719280835052
-4.520824547113096,-4.852532129298455,-28.42719280837488
-4.11366152323384,-4.600809282141076,-28.427192808397308
-3.7029778808164915,-4.348073617304283,-28.427192808417672
-3.2893419546462,-4.093995383456153,-28.427192808435834
-2.8733271527014392,-3.838240936943155,-28.427192808451654
-2.4555103480916003,-3.5804748012484264,-28.427192808464977
-2.0364702550405447,-3.3203617488714405,-28.427192808475656
-1.6167857976272972,-3.057568891869974,-28.42719280848353
-1.197034480051019,-2.7917677671799197,-28.42719280848847
-0.7777907671002543,-2.522636402943684,-28.42719280849036
-0.35962448328057295,-2.249861352428149,-28.427192808489128
0.05690076130082007,-1.9731396826853846,-28.427192808484765
0.47122911066654416,-1.6921809058830322,-28.42719280847733
0.882813961259944,-1.4067088421799727,-28.42719280846697
1.2911194123875585,-1.1164634041148447,-28.427192808453917
1.695621663110023,-0.8212022936748284,-28.427192808438512
2.0958103506155092,-0.5207026044822414,-28.427192808421207
2.4911898258558813,-0.21476232283859778,-28.427192808402534
2.881280362957853,0.09679827733773663,-28.42719280838312
3.265619299618407,0.414135349388829,-28.427192808363667
3.6437621063368155,0.7373803011360165,-28.42719280834493
4.015283382909056,1.0666387358864602,-28.42719280832769
4.3797777811019145,1.401989507717685,-28.42719280831271
4.736860852825026,1.7434838907166392,-28.42719280830076
5.086169823424828,2.0911448611900516,-28.427192808292503
5.427364289933942,2.444966491363058,-28.427192808288552
5.760126844225817,2.8049134527434263,-28.42719280828938
6.084163621053797,3.170920627143899,-28.427192808295327
6.399204770905783,3.5428928233148467,-28.42719280830657
6.705004857492568,3.9207045972284313,-28.42719280832312
7.0013431795246435,4.304200174254817,-28.427192808344817
7.288024016235333,4.693193471757992,-28.427192808371316
7.564876795895814,5.087468220988231,-28.42719280840212
7.831756186358802,5.486778187532749,-28.427192808436573
8.08854210648207,5.890847489977132,-28.42719280847391
8.335139657139582,6.2993710167985775,-28.427192808513258
8.571478970445538,6.712014941829174,-28.427192808553688
8.79751497581201,7.1284173388660905,-28.427192808594253
9.013227081549257,7.548188896140379,-28.427192808634015
9.218618770911675,7.970913731365115,-28.427192808672093
9.413717111800885,8.396150307948828,-28.42719280870769
9.598572179765874,8.823432452668582,-28.427192808740145
9.773256394489733,9.25227047464121,-28.42719280876893
9.937863770619149,9.682152384810385,-28.42719280879369
10.092509084568144,10.112545214387234,-28.427192808814272
10.237326959797345,10.542896429756187,-28.427192808830686
10.372470874015672,10.97263544030607,-28.42719280884313
10.498112092749293,11.401175194495922,-28.42719280885198
10.614438534745409,11.827913858248738,-28.42719280885774
10.721653575695363,12.252236568522338,-28.427192808861033
10.819974797740045,12.673517253676582,-28.42719280886258
10.909632693127001,13.09112051108363,-28.427192808863122
10.990869331190199,13.504403531357022,-28.427192808863424
11.0639369984893,13.912718057647604,-28.42719280886421
11.129096822448089,14.315412367708214,-28.42719280886612
11.186617389149127,14.711833265896878,-28.427192808869734
11.236773366057054,15.101328071995423,-28.42719280887548
11.279844140346688,15.483246593683596,-28.427192808883643
11.31611248320188,15.856943069735427,-28.42719280889439
11.345863249932103,16.22177807149234,-28.4271928089077
11.369382125038403,16.577120350904593,-28.42719280892345
11.38695442046808,16.92234862439846,-28.42719280894136
11.3988639342528,17.25685328299218,-28.427192808961056
11.405391875557758,17.58003802041494,-28.427192808982088
11.40681586091246,17.891321372439684,-28.42719280900392
11.403408985081521,18.190138162180922,-28.427192809026028
11.395438968701287,18.47594084768897,-28.42719280904786
11.383167383489138,18.74820076975061,-28.427192809068906
11.366848954558609,19.00640929934251,-28.427192809088673
11.346730938173392,19.250078885642672,-28.427192809106785
11.323052572171234,19.478744006854644,-28.427192809122907
11.296044595304686,19.691962027314656,-28.427192809136834
11.265928830894723,19.889313965412576,-28.427192809148426
11.232917829485896,20.07040517775058,-28.427192809157678
11.197214564633873,20.23486596568,-28.42719280916467
11.1590121755498,20.382352110894523,-28.427192809169565
11.118493750069172,20.51254534711782,-28.42719280917264
11.075832141300952,20.625153775111915,-28.427192809174223
11.031189811338603,20.71991222825676,-28.427192809174706
10.984718695569423,20.796582595822937,-28.42719280917451
10.936560081392157,20.854954110789855,-28.427192809174123
10.886844495534621,20.89484360866419,-28.427192809174013
10.835691594642018,20.916095763240804,-28.42719280917464
10.783210054372113,20.918583304633934,-28.42719280917647
10.72949745287495,20.902207224202083,-28.427192809179918
10.674640145242535,20.866896970208014,-28.42719280918536
10.618713126278582,20.81261063720566,-28.42719280919311
10.56177987975116,20.739335151239203,-28.427192809203415
10.503892213143565,20.64708645198572,-28.427192809216447
10.44509007780271,20.53590967198001,-28.427192809232306
10.385401375291748,20.405879312039,-28.427192809251004
10.324841751675617,20.257099410961608,-28.427192809272448
10.263414382396041,20.08970370652954,-28.427192809296496
10.20110975131571,19.90385578378601,-28.427192809322914
10.137905428418986,19.69974920553588,-28.427192809351396
10.073765851535494,19.477607619007216,-28.427192809381584
10.008642118289234,19.23768483165745,-28.427192809413075
9.942471795253056,18.980264848216624,-28.42719280944543
9.875178751988829,18.70566186025693,-28.4271928094782
9.806673028257713,18.41422017888568,-28.42719280951095
9.736850743172207,18.106314100602983,-28.427192809543275
9.665594055410265,17.782347695973016,-28.427192809574798
9.59277118380034,17.442754510554472,-28.427192809605216
9.51823649759345,17.087997167549172,-28.42719280963432
9.441830685545364,16.718566861880685,-28.427192809661985
9.363381012521792,16.334982735928794,-28.42719280968818
9.282701671700236,15.93779112793597,-28.427192809712988
9.199594239566315,15.52756468517751,-28.427192809736592
9.113848239789853,15.104901335348941,-28.427192809759273
9.02524182072382,14.670423111263252,-28.427192809781374
8.933542549712982,14.224774825847184,-28.427192809803287
8.838508325653667,13.768622596549344,-28.427192809825435
8.739888409345127,13.302652220580667,-28.427192809848215
8.637424569158904,12.827567404846894,-28.427192809871986
8.530852337475697,12.344087856940124,-28.427192809897026
8.419902371255667,11.852947246062088,-28.427192809923483
8.304301908078298,11.354891045180144,-28.427192809951375
8.183776307073902,10.850674267991153,-28.42719280998055
8.058050662431546,10.341059116313426,-28.42719281001069
7.926851475664214,9.826812555273243,-28.427192810041316
7.7899083715915225,9.308703835040093,-28.42719281007178
7.646955842103192,8.78750197884623,-28.427192810101307
7.4977350012217165,8.263973257569077,-28.427192810129043
7.341995334805287,7.738878671244637,-28.42719281015408
7.179496428423356,7.2129714575191475,-28.4271928101755
7.010009657484411,6.686994646255917,-28.427192810192494
6.833319824572361,6.16167867833203,-28.4271928102043
6.649226730116378,5.6377391051378565,-28.42719281021039
6.457546663931504,5.115874383494689,-28.427192810210393
6.25811380676887,4.596763778704745,-28.42719281020421
6.050781532745983,4.081065386319499,-28.427192810192004
5.835423605328717,3.5694142810341396,-28.42719281017418
5.611935261348111,3.0624207989622074,-28.427192810151443
5.3802341793017945,2.560668957482968,-28.427192810124723
5.1402613298621675,2.064715014944626,-28.42719281009515
4.891981708049657,1.5750861707974588,-28.427192810064046
4.635384947896065,1.0922794052596627,-28.427192810032825
4.370485821595787,0.6167604564096363,-28.427192810002964
4.097324626106497,0.14896293166425367,-28.427192809975946
3.8159674609091314,-0.31071245005557685,-28.42719280995319
3.5265064011713614,-0.7618984895623298,-28.427192809935995
3.2290595708877308,-1.2042620162756223,-28.42719280992549
2.923771120708153,-1.6375042788859366,-28.427192809922612
2.6108111151338558,-2.0613612216907153,-28.427192809928037
2.290375333579645,-2.475603650058103,-28.42719280994218
1.962684989499316,-2.880037287928725,-28.427192809965188
1.6279863713748521,-3.2745027296427405,-28.42719280999693
1.2865504089079502,-3.658875287717487,-28.427192810037017
0.9386721672526938,-4.0330647375388295,-28.4271928100848
0.5846702716182453,-4.397014959303469,-28.427192810139438
0.22488626407644224,-4.75070347699374,-28.4271928101999
-0.14031610604470598,-5.094140893711461,-28.427192810265044
-0.5105516571924886,-5.427370222369572,-28.427192810333608
-0.8854146153675934,-5.75046611056185,-28.427192810404314
-1.2644795181842698,-6.063533958418797,-28.42719281047591
-1.6473021828523358,-6.36670892842383,-28.42719281054716
-2.0334207377071145,-6.660154846513911,-28.42719281061697
-2.4223567167771862,-6.944062994322908,-28.427192810684335
-2.813616216620896,-7.218650793137918,-28.42719281074843
-3.2066911142851184,-7.484160381015999,-28.42719281080859
-3.6010603447524776,-7.74085708553261,-28.427192810864355
-3.996191235659009,-7.989027795778889,-28.427192810915432
-4.391540896400153,-8.22897923846274,-28.427192810961706
-4.786557658019534,-8.461036164263936,-28.427192811003223
-5.180682559515838,-8.685539451907815,-28.42719281104017
-5.573350875434004,-8.902844138714832,-28.427192811072857
-5.963993678855058,-9.113317387612472,-28.42719281110166
-6.352039433191494,-9.317336401720597,-28.427192811126996
-6.736915605558763,-9.515286298601858,-28.427192811149332
-7.118050293952693,-9.707557957070026,-28.427192811169114
-7.494873860039006,-9.8945458500409,-28.42719281118676
-7.866820559072175,-10.076645877269122,-28.427192811202644
-8.233330158319161,-10.254253211924299,-28.427192811217083
-8.59384953537676,-10.427760174813912,-28.427192811230327
-8.947834247940511,-10.59755414966032,-28.427192811242566
-9.294750066904566,-10.76401555219532,-28.42719281125394
-9.634074465135525,-10.927515864967281,-28.427192811264522
-9.965298054854284,-11.088415748689387,-28.42719281127436
-10.287925967259035,-11.24706323972596,-28.427192811283497
-10.601479168807089,-11.403792041955652,-28.427192811291935
-10.905495709417998,-11.558919919806309,-28.42719281129972
-11.199531898739014,-11.712747197770259,-28.427192811306885
-11.483163407499617,-11.86555537022315,-28.42719281131353
-11.755986291849009,-12.017605823926035,-28.427192811319753
-12.017617939394903,-12.169138674227185,-28.427192811325696
-12.26769793642261,-12.320371714731069,-28.427192811331548
-12.50588885645212,-12.471499479095622,-28.42719281133749
-12.731876970873458,-12.62269241267801,-28.427192811343758
-12.945372882876821,-12.774096150989513,-28.42719281135056
-13.146112086257759,-12.925830901351814,-28.427192811358108
-13.33385545092701,-13.077990923772758,-28.42719281136658
-13.508389637091394,-13.230644106876861,-28.42719281137613
-13.669527440101904,-13.383831634725583,-28.427192811386856
-13.817108067896523,-13.537567740531097,-28.4271928113988
-13.950997352809877,-13.691839543586607,-28.42719281141194
-14.071087899293328,-13.846606966184408,-28.427192811426185
-14.177299168803433,-14.001802727844735,-28.427192811441383
-14.269577502790547,-14.157332414806893,-28.42719281145734
-14.34789608437118,-14.313074623410355,-28.42719281147378
-14.412254838915345,-14.468881176687903,-28.42719281149043
-14.46268027344246,-14.62457741417551,-28.427192811506963
-14.49922525441378,-14.779962555585678,-28.427192811523085
-14.521968723253009,-14.934810139564027,-28.4271928115385
-14.531015348734977,-15.088868539227496,-28.427192811552967
-14.526495115268727,-15.241861556542931,-28.427192811566286
-14.508562846077155,-15.393489097827477,-28.427192811578344
-14.4773976603491,-15.54342793272089,-28.427192811589126
-14.433202363616678,-15.691332538883488,-28.42719281159871
-14.376202770892498,-15.83683603440596,-28.427192811607274
-14.306646962486322,-15.97955119947803,-28.42719281161511
-14.224804472902507,-16.1190715882578,-28.427192811622586
-14.13096541378872,-16.254972731124003,-28.42719281163018
-14.025439532548656,-16.386813426596856,-28.427192811638413
-13.908555208929856,-16.514137121203323,-28.427192811647846
-13.780658392631393,-16.63647337446755,-28.427192811659054
-13.642111485722362,-16.753339405059634,-28.42719281167258
-13.49329217439582,-16.864241712971797,-28.42719281168892
-13.334592215278755,-16.96867777144772,-28.427192811708476
-13.166416182151314,-17.06613778130699,-28.427192811731537
-12.989180179474088,-17.15610647931858,-28.427192811758253
-12.803310529558942,-17.238064991420067,-28.427192811788604
-12.60924244052855,-17.31149272088267,-28.4271928118224
-12.407418662378383,-17.37586926101121,-28.42719281185926
-12.198288138473224,-17.430676321660844,-28.42719281189866
-11.982304659674702,-17.475399658759947,-28.427192811939893
-11.759925528008623,-17.509530996154208,-28.42719281198212
-11.531610236348323,-17.532569929426053,-28.427192812024405
-11.297819170025639,-17.544025801884096,-28.427192812065726
-11.05901233560129,-17.54341954364076,-28.427192812105044
-10.815648121252918,-17.53028546557738,-28.42719281214134
-10.568182092395626,-17.504173001005974,-28.427192812173637
-10.317065825262835,-17.46464838894245,-28.427192812201074
-10.06274578027168,-17.41129629407213,-28.42719281222292
-9.80566221610422,-17.343721359679964,-28.427192812238623
-9.54624814457961,-17.261549690999093,-28.42719281224785
-9.284928325597475,-17.164430267569525,-28.427192812250475
-9.022118300721472,-17.0520362842624,-28.42719281224662
-8.758223463363459,-16.924066421587316,-28.427192812236644
-8.493638163039256,-16.78024604673668,-28.427192812221158
-8.228744840809343,-16.62032834751216,-28.42719281220097
-7.963913192801808,-16.44409540180845,-28.42719281217712
-7.699499358646494,-16.251359185687114,-28.427192812150793
-7.435845131732093,-16.04196252325051,-28.42719281212331
-7.173277188432144,-15.815779981518316,-28.427192812096113
-6.9121063338293105,-15.572718713316371,-28.427192812070658
-6.652626761995342,-15.312719250811265,-28.427192812048418
-6.395115329549649,-15.035756251769667,-28.427192812030814
-6.139830842013439,-14.741839199896322,-28.427192812019143
-5.887013353387404,-14.431013059719737,-28.427192812014592
-5.636883480395377,-14.10335888546317,-28.42719281201813
-5.389641733938206,-13.758994382177345,-28.42719281203051
-5.145467871472399,-13.398074416140402,-28.42719281205222
-4.90452027524531,-13.020791470174078,-28.42719281208347
-4.666935362557764,-12.627376038111457,-28.42719281212417
-4.432827035457601,-12.218096951213765,-28.42719281217395
-4.202286178461671,-11.793261627910237,-28.427192812232132
-3.975380214023601,-11.353216236869116,-28.427192812297793
-3.752152726470919,-10.898345762148148,-28.427192812369782
-3.5326231659859073,-10.429073958072317,-28.42719281244675
-3.3167866448553167,-9.9458631806018,-28.427192812527235
-3.104613838619723,-9.449214081342932,-28.4271928126097
-2.8960510048690002,-8.939665150078136,-28.42719281269259
-2.6910201322142195,-8.417792091803982,-28.427192812774432
-2.4894192313811514,-7.8842070248204905,-28.42719281285389
-2.2911227793871576,-7.339557487451492,-28.427192812929782
-2.095982326362787,-6.784525242524571,-28.427192813001195
-1.9038272727562913,-6.21982487081238,-28.427192813067457
-1.714465822423938,-5.646202147227777,-28.42719281312818
-1.5276861144896519,-5.06443219664319,-28.42719281318326
-1.3432575339016055,-4.47531742971525,-28.42719281323285
-1.1609321973878857,-3.8796852629590304,-28.427192813277305
-0.9804466081036565,-3.2783856314281907,-28.42719281331715
-0.8015234687701032,-2.6722883065923297,-28.427192813353013
-0.6238736396450832,-2.0622800362186724,-28.42719281338553
-0.4471982243588612,-1.4492615271087597,-28.42719281341529
-0.27119076361926603,-0.8341442952562249,-28.427192813442765
-0.09553951415801921,-0.21784741122854326,-28.427192813468263
0.08007021183881972,0.3987058288023648,-28.427192813491878
0.25595367310902245,1.0145912740621847,-28.427192813513496
0.4324243186704751,1.6288872988089376,-28.427192813532784
0.6097914275049147,2.240678156979483,-28.427192813549212
0.7883577953935623,2.849057278876414,-28.427192813562126
0.9684174945224022,3.453130478414654,-28.42719281357078
1.1502537296385267,4.0520190417123825,-28.42719281357444
1.3341368121510455,4.644862670751509,-28.427192813572432
1.5203222707295394,5.230822259322921,-28.427192813564215
1.7090491137738075,5.809082482366866,-28.42719281354947
1.9005382557328623,6.378854183964705,-28.427192813528123
2.0949911157623826,6.939376553479534,-28.427192813500373
2.292588393747007,7.489919083531093,-28.427192813466746
2.4934890253855015,8.029783307490481,-28.427192813428036
2.697829314937001,8.558304317876928,-28.42719281338532
2.9057222414316612,9.074852070340132,-28.427192813339907
3.1172569317165397,9.578832480749817,-28.42719281329326
3.3324982916751513,10.069688325247238,-28.42719281324697
3.551486785346155,10.546899954922587,-28.427192813202655
3.7742383504751853,11.009985838071067,-28.427192813161916
4.000744438251547,11.458502943769894,-28.427192813126258
4.23097216458395,11.892046980844903,-28.42719281309703
4.464864560223185,12.310252506205472,-28.42719281307537
4.702340907304791,12.712792916074502,-28.42719281306216
4.943297150417768,13.099380332884127,-28.42719281305803
5.187606371060881,13.46976539960699,-28.42719281306329
5.4351193152812085,13.823736992105193,-28.42719281307795
5.685664965356757,14.161121858759744,-28.427192813101726
5.939051147545484,14.481784195243119,-28.427192813134056
6.1950651691392435,14.785625160862997,-28.42719281317412
6.4534744792991425,15.072582341476844,-28.427192813220877
6.714027349378099,15.34262916259112,-28.427192813273113
6.976453569630319,15.595774254945876,-28.427192813329473
7.240465160342599,15.832060773672154,-28.42719281338852
7.505757096478382,16.051565671017713,-28.42719281344878
7.7720080458850385,16.254398921684707,-28.427192813508807
8.038881121962875,16.440702699026197,-28.427192813567203
8.30602465241845,16.610650499718737,-28.42719281362268
8.573072966314584,16.76444621407464,-28.42719281367411
8.839647202077002,16.902323138886665,-28.427192813720534
9.105356139417188,17.02454292961277,-28.427192813761216
9.369797058279138,17.131394488809814,-28.42719281379564
9.632556627913958,17.22319278801006,-28.427192813823535
9.893211829032289,17.300277620696065,-28.42719281384486
10.15133091168574,17.363012284658826,-28.427192813859826
10.40647439109299,17.41178219280569,-28.427192813868853
10.658196083065539,17.446993412401334,-28.42719281387255
10.906044180017403,17.46907113375387,-28.427192813871702
11.149562367780193,17.478458070473057,-28.427192813867208
11.388290982611606,17.47561279459888,-28.427192813860042
11.621768206904651,17.461008011093398,-28.42719281385125
11.849531301203108,17.435128777372437,-28.427192813841838
12.07111786923239,17.398470674690287,-28.42719281383279
12.286067151791775,17.351537939244867,-28.427192813824995
12.493921344550317,17.294841561808383,-28.427192813819225
12.694226934070231,17.228897365478687,-28.427192813816117
12.886536045769972,17.15422407176217,-28.427192813816113
13.070407797054349,17.07134136561869,-28.427192813819527
13.245409648494523,16.980767970308296,-28.427192813826462
13.411118745746768,16.88301974287017,-28.427192813836868
13.567123244859035,16.778607800837154,-28.42719281385053
13.713023613727362,16.668036690351794,-28.427192813867123
13.848433902722666,16.55180260521827,-28.4271928138862
13.97298297790055,16.43039166562057,-28.427192813907258
14.086315710715303,16.30427826428993,-28.427192813929736
14.18809411876414,16.173923486846494,-28.427192813953074
14.277998452765386,16.039773611907844,-28.427192813976742
14.35572822569985,15.902258695388525,-28.427192814000243
14.421003180792425,15.761791242248293,-28.427192814023165
14.473564195755637,15.61876496781933,-28.427192814045185
14.513174121434675,15.473553649788238,-28.42719281406606
14.539618553662539,15.326510070957896,-28.42719281408567
14.55270653773582,15.177965052092254,-28.427192814104
14.552271205440789,15.028226573474468,-28.427192814121113
14.53817034498452,14.87757898329893,-28.427192814137165
14.510286904509131,14.726282290679237,-28.42719281415238
14.46852943008551,14.574571540888588,-28.427192814167036
14.412832439196183,14.4226562704527,-28.42719281418143
14.343156730729483,14.270720039878837,-28.427192814195884
14.259489632426126,14.118920042113825,-28.427192814210702
14.161845186554826,13.967386785260317,-28.427192814226164
14.050264274358577,13.816223848622158,-28.427192814242513
13.924814679522413,13.665507711771419,-28.42719281425993
13.785591090583269,13.515287657003975,-28.427192814278555
13.632715041850632,13.365585746249,-28.427192814298444
13.46633479205111,13.216396874190112,-28.427192814319604
13.286625139569558,13.067688900012989,-28.42719281434197
13.093787172851977,12.919402860786027,-28.42719281436545
12.888047954278814,12.771453269979641,-28.427192814389883
12.669660135627696,12.62372850500962,-28.427192814415104
12.438901503136812,12.476091287927368,-28.4271928144409
12.19607445016671,12.328379263454963,-28.427192814467094
11.941505375548982,12.180405678460062,-28.427192814493488
11.675544005912084,12.031960166673782,-28.427192814519923
11.398562640591011,11.882809641968533,-28.42719281454626
11.11095531815785,11.732699302832783,-28.42719281457239
10.813136904150525,11.581353749813022,-28.42719281459824
10.505542100218273,11.428478216653048,-28.427192814623773
10.188624375632273,11.27375991466724,-28.427192814648958
9.86285482291145,11.116869488563973,-28.42719281467379
9.528720940167075,10.957462580519396,-28.427192814698248
9.186725343652023,10.795181497827466,-28.427192814722297
8.837384414886444,10.62965697795941,-28.427192814745876
8.4812268875945,10.460510043397509,-28.427192814768855
8.11879238050004,10.287353937207628,-28.42719281479107
7.75062988276672,10.109796129024557,-28.427192814812273
7.3772961995062385,9.927440379983885,-28.42719281483215
6.999354365296114,9.739888854179087,-28.42719281485032
6.617372034029172,9.546744263482303,-28.427192814866334
6.231919853648409,9.347612032064232,-28.42719281487972
5.843569834396838,9.142102466696844,-28.427192814889967
5.452893719131468,8.92983291892751,-28.427192814896564
5.060461364018688,8.710429925471239,-28.42719281489906
4.666839137555768,8.483531313666488,-28.427192814897033
4.272588345365595,8.248788259559081,-28.42719281489019
3.87826368760928,8.0058672870905,-28.42719281487836
3.4844117551773954,7.7544521979377246,-28.42719281486151
3.0915695700813393,7.49424592274385,-28.427192814839795
2.700263174698954,7.224972285751321,-28.42719281481355
2.3110062737603863,6.946377676160877,-28.427192814783318
1.9242989322179818,6.658232620847643,-28.427192814749812
1.5406263314522972,6.360333254331907,-28.42719281471393
1.1604575856471828,6.05250268308942,-28.427192814676722
0.784244619638908,5.734592242362579,-28.42719281463937
0.41242110912219265,5.4064826445727086,-28.42719281460312
0.045401483790299756,5.068085019213427,-28.427192814569295
-0.31642000619691496,4.719341844710751,-28.427192814539183
-0.6726701600822261,4.360227773158211,-28.427192814514033
-1.0229976323205183,3.99075034907221,-28.42719281449499
-1.3670736737547988,3.610950623367542,-28.427192814483053
-1.7045928073047374,3.220903663634937,-28.42719281447903
-2.0352734369444305,2.8207189615263917,-28.4271928144835
-2.358858388305639,2.410540737640097,-28.42719281449679
-2.6751153787520043,1.990548143769663,-28.42719281451897
-2.9838374142521173,1.5609553617710734,-28.42719281454981
-3.2848431098603044,1.1220115976380265,-28.42719281458881
-3.577976930120839,0.6740009686977714,-28.42719281463523
-3.8631093452721212,0.21724228118321615,-28.427192814688073
-4.140136898770963,-0.2479113051574755,-28.427192814746164
-4.408982181411711,-0.7210727292454236,-28.42719281480816
-4.669593707207725,-1.201821601833097,-28.42719281487263
-4.921945686258617,-1.6897049040006866,-28.427192814938103
-5.166037690067494,-2.1842378153047055,-28.42719281500312
-5.401894205215379,-2.684904675616831,-28.427192815066295
-5.629564071957025,-3.1911600841479473,-28.427192815126382
-5.8491198051783515,-3.7024301383324127,-28.42719281518231
-6.060656796248249,-4.218113814146862,-28.427192815233223
-6.264292395595103,-4.737584488063668,-28.427192815278516
-6.460164877320937,-5.260191599210842,-28.427192815317845
-6.648432288803712,-5.785262448459432,-28.427192815351127
-6.829271189992647,-6.312104129130636,-28.42719281537854
-7.002875288925398,-6.840005581863275,-28.427192815400467
-7.169453981836202,-7.368239763973537,-28.427192815417495
-7.329230808021794,-7.89606592144576,-28.42719281543034
-7.482441831326084,-8.422731949593087,-28.427192815439824
-7.62933396163405,-8.94747682649845,-28.427192815446787
-7.770163231072047,-9.469533101665426,-28.42719281545207
-7.905193040643532,-9.988129420944198,-28.427192815456426
-8.034692393742827,-10.502493067808823,-28.42719281546053
-8.158934133352458,-11.011852500493797,-28.427192815464885
-8.278193199722635,-11.515439864379283,-28.427192815469862
-8.392744924949184,-12.012493459356973,-28.427192815475664
-8.502863380117946,-12.502260142704975,-28.42719281548232
-8.608819789592262,-12.983997649225522,-28.427192815489732
-8.710881025621871,-13.456976812011764,-28.427192815497655
-8.80930819479238,-13.920483669153892,-28.427192815505762
-8.904355325970077,-14.373821443903463,-28.427192815513664
-8.996268167386797,-14.81631238821378,-28.42719281552095
-9.085283098417353,-15.247299482085973,-28.42719281552722
-9.171626159489712,-15.666147983696959,-28.42719281553211
-9.255512201495018,-16.072246827793226,-28.427192815535324
-9.337144154084697,-16.46500987223557,-28.42719281553667
-9.41671241040175,-16.843876994816345,-28.427192815536024
-9.49439432413124,-17.208315044494313,-28.4271928155334
-9.570353813299985,-17.55781865296678,-28.427192815528905
-9.644741064027343,-17.891910913999297,-28.42719281552275
-9.717692326438689,-18.210143939146242,-28.42719281551523
-9.78932979420338,-18.512099299418423,-28.42719281550672
-9.859761558645276,-18.797388363091294,-28.42719281549765
-9.929081628085665,-19.065652540213797,-28.427192815488496
-9.997370003000736,-19.316563444491493,-28.42719281547972
-10.064692797689881,-19.549822983102224,-28.42719281547181
-10.13110239943631,-19.765163384683888,-28.427192815465215
-10.196637656575968,-19.962347175239174,-28.427192815460344
-10.261324087452467,-20.141167111058415,-28.42719281545756
-10.32517410290311,-20.301446076995685,-28.427192815457165
-10.388187235673847,-20.44303695756948,-28.427192815459367
-10.450350370980312,-20.56582248742063,-28.427192815464295
-10.511637973300692,-20.669715086667104,-28.427192815472008
-10.572012305388887,-20.75465668566609,-28.42719281548247
-10.631423636419514,-20.82061854264414,-28.427192815495562
-10.689810437107791,-20.867601056600293,-28.42719281551108
-10.747099560576565,-20.89563357683679,-28.427192815528752
-10.80320640866007,-20.90477420943842,-28.427192815548256
-10.858035084230602,-20.895109620014292,-28.427192815569192
-10.911478531001922,-20.866754831044453,-28.427192815591138
-10.963418663093499,-20.81985301124711,-28.427192815613644
-11.013726487424636,-20.754575253509948,-28.427192815636246
-11.062262222738326,-20.671120337120666,-28.427192815658486
-11.108875419722617,-20.569714469297804,-28.427192815679927
-11.153405087292454,-20.45061100037454,-28.42719281570017
-11.195679830607807,-20.31409010643714,-28.42719281571886
-11.23551800682346,-20.160458432778473,-28.427192815735722
-11.272727904881854,-19.990048691208752,-28.42719281575055
-11.307107955861952,-19.80321920408249,-28.42719281576324
-11.338446980474224,-19.600353387865457,-28.427192815773772
-11.366524480235439,-19.3818591691887,-28.427192815782234
-11.391110978659032,-19.148168326627665,-28.427192815788825
-11.411968418452313,-18.8997357519098,-28.42719281579382
-11.4288506202173,-18.637038624896313,-28.427192815797607
-11.44150380750859,-18.36057549750204,-28.427192815800638
-11.449667202313236,-18.07086528270549,-28.427192815803426
-11.453073694093172,-17.76844614594732,-28.427192815806517
-11.451450584483412,-17.45387429750268,-28.42719281581047
-11.444520408586865,-17.127722685817773,-28.427192815815832
-11.432001832571896,-16.790579593294854,-28.427192815823094
-11.413610625988117,-16.443047137558853,-28.427192815832687
-11.389060705899519,-16.085739682805148,-28.42719281584494
-11.358065248624742,-15.719282167370173,-28.42719281586006
-11.320337863606188,-15.344308355142807,-28.427192815878115
-11.275593822737134,-14.961459019801858,-28.427192815899023
-11.223551337392449,-14.571380072083814,-28.427192815922567
-11.163932874464079,-14.17472064131877,-28.427192815948352
-11.09646650192409,-13.772131123290261,-28.427192815975875
-11.020887253846567,-13.364261207053591,-28.427192816004514
-10.93693850443027,-12.951757893671429,-28.427192816033536
-10.844373340384506,-12.535263519889607,-28.4271928160622
-10.742955921071788,-12.115413799583418,-28.427192816089704
-10.632462816035735,-11.692835895368615,-28.427192816115287
-10.512684309967769,-11.26814653211346,-28.42719281613826
-10.383425665761312,-10.841950163237998,-28.427192816158012
-10.244508337042308,-10.414837199680031,-28.427192816174067
-10.095771122420862,-9.98738231028422,-28.42719281618611
-9.93707125464858,-9.560142801173907,-28.427192816194008
-9.768285418857257,-9.133657080438288,-28.427192816197792
-9.589310695063604,-8.708443213252334,-28.4271928161977
-9.400065421121344,-8.284997571382556,-28.427192816194143
-9.200489973256945,-7.8637935799531835,-28.427192816187695
-8.99054746221451,-7.445280563383356,-28.427192816179076
-8.770224343837885,-7.029882691579525,-28.427192816169104
-8.539530943618443,-6.617998026793799,-28.42719281615869
-8.298501895324687,-6.209997671047475,-28.42719281614878
-8.04719649429898,-5.80622501367077,-28.427192816140302
-7.78569896635662,-5.406995078320439,-28.427192816134184
-7.514118653456821,-5.01259396879529,-28.42719281613126
-7.232590117441497,-4.623278413059933,-28.42719281613224
-6.941273163167239,-4.239275405088844,-28.427192816137755
-6.640352782302544,-3.860781944432198,-28.427192816148228
-6.3300390189422835,-3.4879648737554496,-28.427192816163956
-6.010566758022656,-3.1209608149883996,-28.42719281618504
-5.6821954373210835,-2.7598762051074317,-28.427192816211438
-5.3452086836161525,-2.4047874329382766,-28.427192816242908
-4.999913873381748,-2.055741078678124,-28.427192816279092
-4.646641618215504,-1.712754258069176,-28.42719281631948
-4.285745175071721,-1.3758150732872032,-28.427192816363466
-3.91759978129842,-1.0448831726178622,-28.42719281641037
-3.542601914480513,-0.7198904208638492,-28.427192816459442
-3.161168477176741,-0.40074168214513733,-28.427192816509937
-2.7737359068145993,-0.08731571631526434,-28.427192816561103
-2.380759211279211,0.2205338103830683,-28.427192816612227
-1.9827109310994802,0.5229772005562435,-28.427192816662647
-1.5800800295947008,0.8202074878286104,-28.427192816711777
-1.1733707128899316,1.1124390880142598,-28.42719281675911
-0.7631011823280676,1.3999063425103193,-28.427192816804258
-0.3498023224861242,1.6828619583615023,-28.427192816846883
0.06598367127476275,1.961575350730813,-28.42719281688678
0.4837047210520139,2.2363308948162217,-28.42719281692381
0.9028003450193518,2.507426095540888,-28.4271928169579
1.3227031802814813,2.775169684577,-28.427192816989066
1.7428405431541252,3.039879655402521,-28.427192817017335
2.1626360194543603,3.3018812480996904,-28.427192817042783
2.5815110768738743,3.561504896450837,-28.42719281706551
2.9988866911051217,3.8190841505421838,-28.427192817085615
3.4141849771124693,4.074953588526966,-28.427192817103197
3.8268308167981173,4.329446731409327,-28.42719281711837
4.236253474312107,4.582893974681567,-28.42719281713122
4.641888190398181,4.835620550378934,-28.427192817141844
5.043177747448826,5.0879445326158095,-28.42719281715033
5.4395739973548425,5.3401748989500515,-28.42719281715681
5.8305393447638565,5.592609659010694,-28.427192817161394
6.21554817899167,5.845534060746529,-28.427192817164254
6.59408824853977,6.099218883442365,-28.42719281716556
6.965661972939837,6.353918825342614,-28.427192817165555
7.3297876874480306,6.609870992356745,-28.427192817164503
7.686000816924775,6.867293492936936,-28.427192817162727
8.03385497603665,7.126384142852832,-28.427192817160567
8.372922993684579,7.38731928227708,-28.427192817158403
8.70279786027767,7.650252706370214,-28.42719281715664
9.023093597118748,7.915314709441924,-28.427192817155674
9.333446047732819,8.18261124179011,-28.42719281715591
9.6335135914443,8.452223177495934,-28.427192817157692
9.922977779887239,8.724205690793436,-28.427192817161355
10.201543897412952,8.998587738140817,-28.427192817167153
10.468941446543408,9.275371642797005,-28.427192817175268
10.724924559710962,9.554532778545278,-28.427192817185798
10.96927233853381,9.836019349195068,-28.427192817198744
11.201789121812173,10.119752260618421,-28.427192817214006
11.422304683305434,10.405625082320237,-28.42719281723138
11.630674360179533,10.693504095879895,-28.427192817250585
11.826779112812478,10.983228428011985,-28.427192817271234
12.010525516430302,11.274610266450352,-28.42719281729289
12.18184568483274,11.56743515733598,-28.427192817315053
12.340697126273701,11.861462383258937,-28.4271928173372
12.487062531402547,12.156425421541664,-28.4271928173588
12.620949493062245,12.452032482730795,-28.427192817379346
12.742390157693501,12.747967129564463,-28.427192817398367
12.851440808120477,13.04388897688203,-28.427192817415477
12.948181377602735,13.339434473026442,-28.427192817430367
13.032714895234955,13.63421776324342,-28.42719281744285
13.105166863063639,13.927831635398366,-28.427192817452855
13.165684565667192,14.219848548007771,-28.427192817460448
13.21443631340806,14.509821740119733,-28.427192817465823
13.251610621104549,14.797286421985033,-28.4271928174693
13.277415324473527,15.08176104474974,-28.427192817471337
13.292076637348243,15.362748646590596,-28.427192817472474
13.295838153359108,15.639738271828916,-28.42719281747332
13.28895979645912,15.912206458624565,-28.427192817474555
13.271716725356397,16.17961878989934,-28.427192817476868
13.244398197560832,16.441431501201286,-28.42719281748092
13.20730639933617,16.697093138331454,-28.427192817487345
13.160755248350478,16.946046256745223,-28.427192817496675
13.105069176215975,17.187729154042255,-28.427192817509365
13.040581898385934,17.421577626299907,-28.42719281752571
12.967635179017655,17.647026738607746,-28.427192817545873
12.886577598406628,17.8635125999426,-28.42719281756985
12.797763330443354,18.070474132495914,-28.42719281759748
12.701550937240954,18.26735482573194,-28.427192817628445
12.598302187634571,18.453604465814035,-28.427192817662267
12.488380905672754,18.62868083157771,-28.427192817698366
12.372151854521697,18.79205134893715,-28.427192817736035
12.249979660403946,18.943194696466108,-28.427192817774504
12.122227780315772,19.08160235586868,-28.427192817812955
11.989257516335627,19.206780102121815,-28.42719281785055
11.851427078374838,19.318249429198946,-28.427192817886493
11.709090696256105,19.415548908441394,-28.427192817920034
11.562597781059912,19.4982354778002,-28.427192817950484
11.412292134776473,19.565885661296363,-28.427192817977307
11.258511206462366,19.61809671911483,-28.427192818000066
11.101585392344605,19.654487729733127,-28.42719281801847
10.941837376656183,19.674700606368567,-28.427192818032402
10.779581509438248,19.678401050791653,-28.427192818041906
10.615123217114306,19.665279448184602,-28.427192818047175
10.448758441337787,19.635051707213783,-28.42719281804856
10.28077310143918,19.587460049826603,-28.427192818046567
10.111442575754381,19.522273755475087,-28.42719281804182
9.94103119720073,19.439289864508673,-28.42719281803506
9.769791758679109,19.338333845370258,-28.42719281802711
9.597965024215172,19.219260229975315,-28.427192818018845
9.425779242205413,19.081953221259084,-28.427192818011182
9.253449657698113,18.926327276347294,-28.427192818005054
9.081178021308597,18.75232766814832,-28.427192818001352
8.909152093135123,18.559931027386824,-28.42719281800091
8.737545140897941,18.34914586620892,-28.427192818004507
8.566515432460552,18.120013083496083,-28.427192818012784
8.396205723898923,17.872606450939813,-28.427192818026263
8.22674274534982,17.60703307776365,-28.427192818045338
8.058236687980674,17.323433850747268,-28.427192818070214
7.89078069656514,17.02198384492597,-28.427192818100924
7.724450373303542,16.702892699027526,-28.427192818137357
7.559303299675236,16.366404948389874,-28.427192818179183
7.395378584227495,16.01280030680549,-28.42719281822594
7.2326964452663765,15.642393887492062,-28.427192818277003
7.071257838389462,15.255536352230553,-28.427192818331626
6.911044139655863,14.852613976680972,-28.42719281838898
6.752016895890313,14.434048619025955,-28.42719281844815
6.594117654128678,14.000297578449782,-28.427192818508228
6.4372678824942575,13.551853329582517,-28.427192818568304
6.2813689948112605,13.089243118972927,-28.427192818627546
6.126302490979552,12.613028409944167,-28.4271928186852
5.971930224523802,12.12380416287156,-28.42719281874066
5.818094807767951,11.622197939033118,-28.427192818793475
5.664620163758977,11.108868817739754,-28.42719281884337
5.511312232370721,10.584506118458599,-28.427192818890244
5.357959835970509,10.049827922087095,-28.42719281893417
5.204335707655609,9.505579388386506,-28.42719281897537
5.05019768240596,8.952530869789308,-28.42719281901419
4.895290048613207,8.391475825283507,-28.427192819051044
4.73934505440806,7.823228541756411,-28.427192819086354
4.582084560105559,7.248621673942448,-28.427192819120524
4.423221825018388,6.668503617842742,-28.42719281915386
4.262463413954983,6.083735736039447,-28.427192819186526
4.099511206026034,5.495189456584971,-28.427192819218536
3.9340644860298797,4.903743269980598,-28.427192819249672
3.765822096764112,4.310279651058621,-28.427192819279533
3.5944846291923964,3.715681934254376,-28.427192819307496
3.4197566265373287,3.1208311717319215,-28.427192819332806
3.241348778104682,2.5266030040713554,-28.427192819354566
3.0589800789791726,1.9338645727305561,-28.427192819371836
2.8723799326492503,1.3434715022852066,-28.427192819383684
2.681290175076478,0.7562649785848476,-28.427192819389255
2.4854670006605035,0.17306894652276356,-28.427192819387876
2.2846827728824315,-0.4053125517910064,-28.427192819379073
2.0787277050437787,-0.9780978809206026,-28.427192819362684
1.8674113993539398,-1.544530144001357,-28.42719281933882
1.650564235552875,-2.103879332148165,-28.427192819307965
1.428038603187426,-2.6554442844064483,-28.427192819270918
1.1997099744967783,-3.198554454651302,-28.427192819228797
0.9654778175238543,-3.7325714849645317,-28.427192819182977
0.725266351487622,-4.256890587813129,-28.427192819135083
0.47902514857459544,-4.770941741757065,-28.42719281908687
0.22672958810041333,-5.274190707390656,-28.427192819040197
-0.03161882956585211,-5.766139871752178,-28.427192818996907
-0.29599230083675904,-6.246328930521252,-28.427192818958787
-0.5663366592871965,-6.714335417979359,-28.42719281892747
-0.8425714289626527,-7.169775094965479,-28.42719281890439
-1.1245899808977124,-7.612302204956389,-28.427192818890706
-1.4122597833004227,-8.041609607986892,-28.427192818887296
-1.7054227362662737,-8.457428801451229,-28.42719281889468
-2.0038955824892226,-8.859529835947018,-28.42719281891305
-2.3074703861959995,-9.247721133291595,-28.427192818942224
-2.615915073403837,-9.621849212709929,-28.427192818981723
-2.9289740275520777,-9.981798330013461,-28.42719281903073
-3.24636873554829,-10.327490033406265,-28.427192819088162
-3.5677984802655516,-10.658882638411095,-28.427192819152726
-3.8929410764983507,-10.97597062334058,-28.427192819222928
-4.221453648302175,-11.278783945781193,-28.42719281929717
-4.552973446481376,-11.56738727973763,-28.427192819373793
-4.887118705729951,-11.841879172426625,-28.42719281945115
-5.223489541552114,-12.10239111923062,-28.42719281952765
-5.561668887579264,-12.349086555037085,-28.427192819601807
-5.901223474245884,-12.5821597601077,-28.4271928196723
-6.241704849981451,-12.801834678747333,-28.42719281973801
-6.582650446114891,-13.008363649374143,-28.427192819798062
-6.923584686572657,-13.20202604512348,-28.42719281985182
-7.2640201431855775,-13.383126824836827,-28.427192819898895
-7.603458737011884,-13.55199499517601,-28.427192819939187
-7.94139298554699,-13.708981985639053,-28.427192819972824
-8.277307295041732,-13.854459939409557,-28.42719282000015
-8.610679296410572,-13.988819924213564,-28.427192820021727
-8.940981222403813,-14.112470068649829,-28.427192820038243
-9.267681322870185,-14.225833630761624,-28.427192820050514
-9.590245314076826,-14.329347006888973,-28.427192820059428
-9.908137857212884,-14.42345769003758,-28.427192820065873
-10.22082406041001,-14.508622188083564,-28.42719282007074
-10.527770997896965,-14.585303913063207,-28.427192820074833
-10.82844923929207,-14.653971053539982,-28.427192820078876
-11.12233438154941,-14.715094442569102,-28.427192820083487
-11.408908575730463,-14.769145434071076,-28.427192820089118
-11.687662040585174,-14.816593800467626,-28.4271928200961
-11.958094554902528,-14.857905664220953,-28.42719282010462
-12.219716920731086,-14.893541475456173,-28.42719282011472
-12.472052389869518,-14.923954047149884,-28.42719282012633
-12.714638046474708,-14.949586658457862,-28.42719282013928
-12.947026139213703,-14.970871235661342,-28.42719282015334
-13.168785357074933,-14.988226618969552,-28.427192820168223
-13.379502043728852,-15.002056922067027,-28.427192820183627
-13.578781346161609,-15.012749989880167,-28.427192820199267
-13.766248294169507,-15.020675958603258,-28.42719282021487
-13.941548808168633,-15.02618592061284,-28.427192820230218
-14.104350633616196,-15.029610695552101,-28.42719282024517
-14.254344201133064,-15.03125970762145,-28.427192820259624
-14.391243412138733,-15.031419967999499,-28.42719282027356
-14.514786350442453,-15.03035516036745,-28.427192820287026
-14.624735920763,-15.028304826738955,-28.42719282030012
-14.72088041556515,-15.025483650220448,-28.427192820312996
-14.80303401189733,-15.022080830950047,-28.42719282032583
-14.871037200091425,-15.018259551286596,-28.42719282033882
-14.924757146244744,-15.014156526337533,-28.427192820352158
-14.964087990352574,-15.009881636113393,-28.427192820366024
-14.988951081807123,-15.005517635960656,-28.427192820380572
-14.99929515373797,-15.001119942432142,-28.427192820395913
-14.995096437355263,-14.996716492380077,-28.427192820412102
-14.9763587170869,-14.992307673773785,-28.427192820429156
-14.943113326893103,-14.98786632752161,-28.42719282044703
-14.89541908771559,-14.98333782038397,-28.42719282046563
-14.833362185593328,-14.978640189869456,-28.427192820484834
-14.757055989572807,-14.973664362776683,-28.42719282050447
-14.666640808176657,-14.96827444975001,-28.42719282052436
-14.562283582888792,-14.962308118827812,-28.427192820544338
-14.444177516883704,-14.955577051449826,-28.427192820564223
-14.312541637087037,-14.947867484731113,-28.427192820583883
-14.167620287616451,-14.938940843983113,-28.42719282060323
-14.00968255272568,-14.928534469451058,-28.42719282062223
-13.839021607566574,-14.916362441029921,-28.427192820640908
-13.655953995396525,-14.902116504312914,-28.42719282065936
-13.460818830289869,-14.885467100717838,-28.427192820677746
-13.253976924956103,-14.866064503634613,-28.42719282069628
-13.035809843914432,-14.843540061556517,-28.427192820715224
-12.806718883008639,-14.817507548018716,-28.42719282073486
-12.56712397704992,-14.78756461689816,-28.42719282075549
-12.317462538225932,-14.753294360261835,-28.427192820777382
-12.058188228786547,-14.714266964523807,-28.427192820800766
-11.789769672383736,-14.670041459227104,-28.42719282082578
-11.512689109276302,-14.620167551347947,-28.427192820852497
-11.227441001381665,-14.564187536671605,-28.42719282088083
-10.934530593840103,-14.50163827855414,-28.427192820910594
-10.634472440327043,-14.432053243302542,-28.42719282094144
-10.327788899785935,-14.354964580512396,-28.427192820972873
-10.015008612541639,-14.269905236026199,-28.427192821004272
-9.696664963881561,-14.176411084737984,-28.427192821034897
-9.373294543154334,-14.074023070283877,-28.427192821063915
-9.045435606235134,-13.962289338727214,-28.427192821090426
-8.713626548850549,-13.840767353665639,-28.427192821113525
-8.3784043977576,-13.709025980741972,-28.427192821132316
-8.040303326150191,-13.5666475303082,-28.42719282114598
-7.699853198944518,-13.413229747943745,-28.427192821153824
-7.357578152799925,-13.248387743630119,-28.42719282115529
-7.013995214891604,-13.071755851595341,-28.427192821150037
-6.669612963596505,-12.882989414121697,-28.427192821137947
-6.324930233413601,-12.681766483917134,-28.427192821119146
-5.980434865642781,-12.467789440942374,-28.427192821094017
-5.636602505619836,-12.240786520822857,-28.427192821063226
-5.2938954466718835,-12.000513253120724,-28.427192821027663
-4.952761520438514,-11.746753808764758,-28.427192820988466
-4.6136330328151764,-11.47932225680814,-28.427192820946974
-4.276925744529245,-11.198063731382682,-28.42719282090468
-3.943037895263643,-10.90285551022742,-28.427192820863194
-3.6123492703016162,-10.593608006477623,-28.427192820824175
-3.2852203088786838,-10.270265675502097,-28.427192820789283
-2.96199125378958,-9.932807838471767,-28.427192820760123
-2.6429813423005597,-9.581249424036189,-28.42719282073817
-2.328488039048898,-9.215641628986782,-28.42719282072473
-2.0187863123560144,-8.836072498111593,-28.427192820720872
-1.7141279562194298,-8.44266742261606,-28.427192820727395
-1.4147409611592803,-8.035589555522414,-28.427192820744796
-1.120828938051815,-7.615040141396484,-28.42719282077322
-0.8325706000563659,-7.181258756618932,-28.427192820812493
-0.550119308701974,-6.7345234552571345,-28.42719282086208
-0.27360269111067914,-6.275150814447067,-28.427192820921128
-0.003122336159498151,-5.803495872108634,-28.427192820988484
0.2612464219163355,-5.319951948843363,-28.427192821062754
0.5194546234400084,-4.824950345052659,-28.427192821142317
0.7714796973584241,-4.31895990372167,-28.427192821225447
1.017325359994899,-3.8024864289910583,-28.42719282131034
1.2570213892155915,-3.2760719506366653,-28.427192821395202
1.4906232652317195,-2.740293824940012,-28.427192821478325
1.718211670087003,-2.1957636631972646,-28.42719282155817
1.9398918390532558,-1.6431260803065877,-28.42719282163339
2.1557927586798726,-1.0830572575052135,-28.42719282170293
2.366066208105266,-0.5162633153933527,-28.42719282176603
2.570885642415651,0.05652150414139762,-28.42719282182224
2.7704449192890146,0.6345368456419795,-28.42719282187143
2.964956872834137,1.2169984328388195,-28.427192821913785
3.1546517413558495,1.8031004384777516,-28.427192821949713
3.3397754586650725,2.3920180197692944,-28.427192821979855
3.5205878214123425,2.9829100045268895,-28.427192822004976
3.697360547656976,3.5749217097027253,-28.427192822025912
3.870375244389664,4.167187870922715,-28.427192822043516
4.039921303906676,4.75883565889193,-28.42719282205853
4.206293750700257,5.348987756302821,-28.427192822071625
4.369791061807627,5.936765467228372,-28.42719282208327
4.5307129842939755,6.5212918299955644,-28.427192822093758
4.689358373698662,7.101694704258222,-28.427192822103184
4.846023076838244,7.677109803438836,-28.427192822111444
5.000997881349561,8.246683644871393,-28.427192822118293
5.15456655280925,8.809576391805642,-28.427192822123352
5.307003978242848,9.364964563854395,-28.42719282212618
5.4585744324150225,9.91204359538269,-28.4271928221263
5.609529980563641,10.450030224637517,-28.427192822123303
5.760109028304025,10.978164699974718,-28.427192822116833
5.910535026387889,11.495712793228122,-28.427192822106676
6.061015334954375,12.001967613959799,-28.427192822092778
6.211740248950991,12.496251221913521,-28.427192822075256
6.362882183612806,12.977916038364047,-28.427192822054415
6.5145950163375845,13.446346060127336,-28.427192822030726
6.667013579036601,13.900957882705878,-28.427192822004827
6.820253293113429,14.341201541343258,-28.427192821977485
6.974409937648591,14.766561180627402,-28.427192821949554
7.129559540154406,15.17655556470482,-28.427192821921963
7.28575837840691,15.570738441157395,-28.42719282189564
7.443043081344782,15.948698772170662,-28.4271928218715
7.601430816824707,16.31006084682009,-28.4271928218504
7.760919554108376,16.654484288159715,-28.427192821833085
7.921488389294195,16.981663968359165,-28.42719282182021
8.083097922460333,17.291329844447652,-28.427192821812245
8.245690676018542,17.58324672633259,-28.42719282180953
8.40919154465421,17.857213987711255,-28.427192821812216
8.573508268213786,18.113065229327844,-28.4271928218203
8.738531919964666,18.350667902783623,-28.427192821833582
8.904137403766649,18.569922901818373,-28.427192821851737
9.070183954833144,18.77076412667711,-28.42719282187428
9.236515639902287,18.953158025882278,-28.42719282190059
9.402961853764088,19.117103118470382,-28.427192821929957
9.569337810183043,19.262629498541877,-28.427192821961583
9.73544502630201,19.38979832282921,-28.42719282199463
9.901071800600466,19.498701280924326,-28.427192822028214
10.065993685397247,19.589460046834116,-28.427192822061482
10.229973955725224,19.66222570966141,-28.427192822093588
10.392764077154123,19.717178180448,-28.427192822123747
10.554104175789915,19.754525571574046,-28.42719282215127
10.713723514227521,19.77450354459197,-28.42719282217556
10.871340977671196,19.777374621989505,-28.42719282219614
11.026665574757901,19.76342745813246,-28.427192822212696
11.179396957817943,19.732976064537283,-28.42719282222503
11.329225967380152,19.686358984671315,-28.427192822233124
11.47583520567307,19.623938413676093,-28.4271928222371
11.618899643688124,19.54609925875658,-28.42719282223725
11.758087266056586,19.453248136473803,-28.42719282223399
11.893059757552741,19.34581230381457,-28.42719282222788
12.023473234477505,19.22423852068045,-28.42719282221957
12.148979023508598,19.08899184232629,-28.427192822209804
12.269224489837937,18.94055434126948,-28.427192822199366
12.383853915569137,18.77942375926466,-28.42719282218907
12.492509428436396,18.606112091070422,-28.427192822179716
12.594831979951367,18.421144102897767,-28.427192822172056
12.69046237110993,18.225055789595434,-28.42719282216678
12.779042322820493,18.018392775763022,-28.427192822164468
12.860215587274912,17.80170866705841,-28.427192822165566
12.933629095597285,17.575563358949907,-28.42719282217038
12.998934136298647,17.34052131102746,-28.427192822179066
13.055787558358888,17.09714979570511,-28.42719282219161
13.103852992169877,16.84601713069805,-28.427192822207846
13.142802081120724,16.58769090502587,-28.42719282222745
13.172315716298094,16.322736208469436,-28.42719282224999
13.19208526661694,16.051713874389957,-28.427192822274893
13.201813796690496,15.775178745608452,-28.42719282230154
13.201217264888058,15.493677972654018,-28.42719282232924
13.190025694305293,15.207749353136458,-28.4271928223573
13.167984309770535,14.917919720306495,-28.427192822385038
13.134854634513646,14.624703388062072,-28.42719282241183
13.090415540711037,14.328600658773194,-28.42719282243712
13.034464248768288,14.03009639936283,-28.427192822460462
12.966817270886878,13.729658690131437,-28.427192822481516
12.887311295160021,13.427737549879746,-28.427192822500093
12.795804007131668,13.124763739999372,-28.427192822516123
12.692174846411419,12.821147649390902,-28.427192822529687
12.57632569654774,12.51727826135742,-28.427192822540974
12.44818150690709,12.21352220302653,-28.4271928225503
12.307690845775285,11.910222877388929,-28.42719282255807
12.154826384281066,11.607699677714189,-28.427192822564773
11.989585311036102,11.306247283916633,-28.427192822570934
11.811989677589159,11.006135040393051,-28.42719282257711
11.622086674907656,10.707606414931256,-28.427192822583844
11.419948841133044,10.410878538481322,-28.42719282259167
11.20567420081582,10.116141825873296,-28.427192822601054
10.979386335732823,9.823559677936004,-28.427192822612408
10.741234387236682,9.53326826589884,-28.42719282262604
10.491392989899767,9.24537639941724,-28.427192822642194
10.230062136008423,8.959965480027103,-28.42719282266098
9.957466970254192,8.677089542277457,-28.42719282268244
9.673857513773797,8.396775385187516,-28.42719282270649
9.37950831652504,8.119022796998985,-28.427192822732966
9.074718036867269,7.843804876423131,-28.427192822761636
8.759808947156634,7.571068453693161,-28.42719282279219
8.435126364180842,7.300734614707865,-28.427192822824274
8.101038003355681,7.032699331376992,-28.427192822857503
7.757933255794142,6.7668342009424665,-28.42719282289147
7.406222387643342,6.50298729654646,-28.427192822925786
7.046335661466024,6.240984130647289,-28.427192822960066
6.678722379920367,5.980628732052443,-28.42719282299394
6.3038498525583755,5.721704836355994,-28.42719282302709
5.922202287209893,5.463977188451949,-28.427192823059237
5.534279608133365,5.207192954568588,-28.42719282309012
5.1405962038796895,4.9510832399587965,-28.42719282311954
4.741679608612698,4.695364707020087,-28.427192823147312
4.338069121437765,4.439741287240729,-28.427192823173286
3.9303143690858438,4.183905979012998,-28.427192823197338
3.518973818060442,3.927542722059672,-28.427192823219322
3.1046132430563196,3.6703283380237632,-28.427192823239128
2.6878041590791324,3.4119345257103726,-28.427192823256632
2.2691222252148893,3.152029898576047,-28.427192823271707
1.8491456284002667,2.8902820513631426,-28.427192823284216
1.428453455816552,2.6263596422960456,-28.42719282329402
1.0076240646628194,2.359934477007497,-28.42719282330102
0.5872334580542319,2.0906835803536383,-28.427192823305088
0.16785367564049297,1.8182912425048308,-28.427192823306164
-0.24994879274618687,1.5424510261568358,-28.42719282330421
-0.6656145625137313,1.262867722377145,-28.427192823299272
-1.0785928714217188,0.9792592434609743,-28.42719282329145
-1.4883430516083367,0.6913584421917204,-28.427192823280937
-1.8943359504365591,0.39891484804824284,-28.42719282326802
-2.2960552947867354,0.10169631213974689,-28.427192823253066
-2.6929989941688492,-0.20050944605956378,-28.427192823236563
-3.0846803787732187,-0.5078933957975484,-28.42719282321907
-3.470629369301359,-0.8206238602896844,-28.42719282320122
-3.8503935760990244,-1.1388452932308988,-28.42719282318371
-4.223539325733707,-1.462677168538495,-28.42719282316727
-4.5896526137048514,-1.7922129842598484,-28.427192823152648
-4.948339982436034,-2.1275193806798107,-28.42719282314057
-5.299229324067518,-2.4686353719113976,-28.427192823131698
-5.641970607841657,-2.815571689658528,-28.427192823126667
-5.976236532053466,-3.168310237404692,-28.427192823125974
-6.301723100628391,-3.5268036530042033,-28.42719282313
-6.618150124396528,-3.8909749775256284,-28.42719282313898
-6.925261647067915,-4.260717428207602,-28.42719282315299
-7.222826295790091,-4.635894273518939,-28.42719282317196
-7.510637556002223,-5.01633880854709,-28.427192823195618
-7.788513970106842,-5.401854429248308,-28.427192823223564
-8.056299259278545,-5.792214804453158,-28.427192823255222
-8.313862367537942,-6.187164144905062,-28.427192823289907
-8.56109742705747,-6.586417568988768,-28.427192823326823
-8.79792364355181,-6.989661565151738,-28.427192823365107
-9.02428510055727,-7.396554551306857,-28.427192823403843
-9.240150481437,-7.806727531703645,-28.427192823442137
-9.445512708076118,-8.219784851844121,-28.427192823479107
-9.640388495463231,-8.635305051978737,-28.427192823513963
-9.824817821699858,-9.052841819531997,-28.42719282354601
-9.998863313439871,-9.471925040466253,-28.427192823574696
-10.162609547336709,-9.892061949091229,-28.427192823599615
-10.316162268760365,-10.312738375168253,-28.427192823620537
-10.459647529828967,-10.733420086350673,-28.427192823637423
-10.593210749665134,-11.153554223061292,-28.427192823650397
-10.717015700715459,-11.572570821856264,-28.42719282365976
-10.831243425937766,-11.989884422191365,-28.42719282366597
-10.936091092637863,-12.40489575032504,-28.4271928236696
-11.031770789694496,-12.8169934729012,-28.42719282367132
-11.118508275816914,-13.225556011594648,-28.42719282367186
-11.196541687301437,-13.629953409115268,-28.427192823671977
-11.2661202144614,-14.029549235895255,-28.427192823672414
-11.327502756470441,-14.423702525965599,-28.42719282367385
-11.380956564758286,-14.811769729898069,-28.427192823676872
-11.426755885312001,-15.193106672275574,-28.427192823681985
-11.465180610250934,-15.56707050097772,-28.427192823689545
-11.496514948854395,-15.933021615642073,-28.42719282369976
-11.52104612782829,-16.290325562988166,-28.427192823712687
-11.539063130008396,-16.638354887264775,-28.42719282372826
-11.550855479928853,-16.976490924886196,-28.427192823746246
-11.556712083755151,-17.304125533337626,-28.427192823766323
-11.556920130017653,-17.62066274562266,-28.427192823788044
-11.551764056414003,-17.92552034286285,-28.427192823810916
-11.541524586709025,-18.218131339100204,-28.42719282383438
-11.526477840482285,-18.497945373858347,-28.42719282385788
-11.506894517189435,-18.76443000954479,-28.42719282388085
-11.483039154745843,-19.017071932286296,-28.42719282390279
-11.455169461638464,-19.255378056244364,-28.42719282392322
-11.423535720450968,-19.478876532825737,-28.42719282394177
-11.388380259668772,-19.68711766745587,-28.427192823958148
-11.349936989733022,-19.87967474769841,-28.427192823972153
-11.3084309985479,-20.056144787464813,-28.427192823983702
-11.264078201022969,-20.21614919285317,-28.42719282399281
-11.217085036755458,-20.359334355778735,-28.427192823999594
-11.167648209627332,-20.48537218200862,-28.42719282400427
-11.115954462905862,-20.593960560492686,-28.427192824007125
-11.062180383389117,-20.68482378099771,-28.427192824008532
-11.00649222822193,-20.75771290701106,-28.427192824008902
-10.94904576821467,-20.812406110693857,-28.42719282400871
-10.889986141817158,-20.84870897634346,-28.42719282400843
-10.829447714322706,-20.86645477838344,-28.427192824008575
-10.76755393739275,-20.865504739347895,-28.427192824009623
-10.704417204590492,-20.845748272678463,-28.427192824012035
-10.640138699282854,-20.80710321441749,-28.42719282401625
-10.574808232004646,-20.749516047070813,-28.42719282402264
-10.508504065168248,-20.67296211803832,-28.42719282403151
-10.441292723838185,-20.577445854079368,-28.427192824043114
-10.373228792164207,-20.46300097230261,-28.42719282405761
-10.304354695970963,-20.32969068715493,-28.42719282407507
-10.234700472928424,-20.17760791184136,-28.427192824095496
-10.16428353266587,-20.006875451547145,-28.42719282411877
-10.093108410133546,-19.817646184766016,-28.42719282414473
-10.021166516448899,-19.61010322797753,-28.42719282417309
-9.948435892375953,-19.38446007787594,-28.42719282420355
-9.874880970462657,-19.14096072435009,-28.427192824235693
-9.800452352685816,-18.879879726467287,-28.4271928242691
-9.725086611208361,-18.60152224284587,-28.427192824303305
-9.64870612051976,-18.306224007034785,-28.42719282433785
-9.571218929785628,-17.994351237880267,-28.427192824372277
-9.492518684655037,-17.666300474377024,-28.427192824406177
-9.412484608040488,-17.322498324202645,-28.42719282443918
-9.330981549473456,-16.963401115047198,-28.427192824470996
-9.247860112526656,-16.589494438002266,-28.427192824501418
-9.162956869463587,-16.20129257268815,-28.427192824530362
-9.07609467171173,-15.799337784494291,-28.427192824557817
-8.987083063947454,-15.384199485298831,-28.42719282458391
-8.895718808525093,-14.956473250323326,-28.427192824608845
-8.80178652568325,-14.516779685363753,-28.42719282463293
-8.70505945343119,-14.06576314050285,-28.427192824656522
-8.60530032927883,-13.604090268524825,-28.427192824680027
-8.502262394057178,-13.132448428581514,-28.427192824703862
-8.395690516022928,-12.651543938148249,-28.42719282472839
-8.285322431301001,-12.162100178895662,-28.42719282475393
-8.170890094548975,-11.66485556471935,-28.427192824780693
-8.052121131589542,-11.160561382735555,-28.427192824808753
-7.928740383716491,-10.649979520486648,-28.427192824838023
-7.8004715315007305,-10.13388009482541,-28.427192824868257
-7.667038784267541,-9.613038999885907,-28.427192824899038
-7.528168620039804,-9.08823539313388,-28.427192824929755
-7.383591559690793,-8.560249139665475,-28.427192824959693
-7.233043958358929,-8.029858235650105,-28.427192824988
-7.076269796866874,-7.4978362320681775,-28.42719282501378
-6.913022455964916,-6.9649496796740165,-28.427192825036105
-6.743066456675385,-6.431955615433701,-28.427192825054103
-6.566179150827753,-5.899599109580422,-28.427192825066985
-6.382152347007194,-5.368610890946224,-28.427192825074137
-6.190793858545485,-4.83970506643201,-28.42719282507513
-5.99192896180669,-4.313576948440785,-28.427192825069767
-5.785401754799986,-3.790901001901675,-28.427192825058135
-5.571076408024683,-3.2723289202356307,-28.42719282504058
-5.348838301354967,-2.7584878373374306,-28.427192825017737
-5.118595042644434,-2.249978680446547,-28.427192824990485
-4.88027736551902,-1.7473746667173915,-28.42719282495994
-4.633839905484784,-1.251219944432328,-28.427192824927396
-4.379261854966358,-0.7620283781715977,-28.427192824894306
-4.116547499184198,-0.280282475892928,-28.42719282486216
-3.845726635855378,0.19356754520267752,-28.4271928248325
-3.566854882553898,0.6591045579287792,-28.427192824806813
-3.280013876191729,1.1159451939074743,-28.42719282478647
-2.985311369487947,1.5637403865472217,-28.427192824772703
-2.6828812294939084,2.0021757928443478,-28.427192824766543
-2.372883343256545,2.430972098427889,-28.42719282476875
-2.0555034355527457,2.8498852098705982,-28.42719282477985
-1.7309528033416093,3.2587063377541816,-28.427192824800084
-1.3994679711864142,3.6572619733445952,-28.427192824829383
-1.0613102714235247,4.045413761044318,-28.42719282486743
-0.7167653523304905,4.42305826808287,-28.427192824913625
-0.3661426169989113,4.790126652222834,-28.427192824967168
-0.009774595076699076,5.146584227631898,-28.427192825027024
0.3519837509652522,5.492429928534429,-28.427192825092064
0.7187557838418775,5.827695669837545,-28.427192825161
1.0901440129176365,6.15244560365067,-28.427192825232524
1.4657309785910129,6.46677527050372,-28.427192825305312
1.845080199245044,6.770810644131536,-28.427192825378086
2.2277371804707498,7.064707068939505,-28.42719282544966
2.6132304862078444,7.34864808970028,-28.42719282551896
3.0010728712583195,7.62284417365051,-28.427192825585077
3.390762474315557,7.887531325949981,-28.427192825647268
3.781784070221269,8.1429696004174,-28.427192825705003
4.173610379625836,8.389441508545238,-28.42719282575792
4.565703433599847,8.627250330992926,-28.42719282580586
4.957515990045001,8.856718337030495,-28.427192825848824
5.3484929980035245,9.078184918716474,-28.42719282588699
5.73807310519202,9.292004647904644,-28.427192825920642
6.125690203315164,9.498545265442269,-28.427192825950165
6.510775004974555,9.698185613105654,-28.42719282597601
6.892756645305784,9.8913135198766,-28.42719282599868
7.2710643008784395,10.078323655058055,-28.427192826018647
7.645128817902681,10.25961536142539,-28.42719282603639
8.014384341422279,10.43559048208487,-28.42719282605232
8.378269936952751,10.606651194942593,-28.427192826066808
8.736231195955074,10.773197868664484,-28.42719282608015
9.087721816624423,10.935626953727814,-28.427192826092575
9.432205151718795,11.094328921633743,-28.42719282610424
9.769155715546532,11.249686264583593,-28.427192826115228
10.09806064276261,11.40207156694211,-28.427192826125605
10.418421092273427,11.551845658649478,-28.427192826135393
10.729753590297644,11.699355859436007,-28.427192826144598
11.031591307451922,11.84493432128006,-28.427192826153206
11.323485265599064,11.988896475073213,-28.427192826161246
11.605005471085091,12.131539585960903,-28.427192826168756
11.875741971874666,12.273141420354301,-28.427192826175805
12.135305836945594,12.413959026200171,-28.4271928261825
12.383330057100327,12.554227626786407,-28.42719282618898
12.61947036707505,12.694159627183216,-28.427192826195423
12.843405989459306,12.833943731399126,-28.427192826202024
13.05484030146837,12.973744167486618,-28.42719282620899
13.253501426028787,13.113700017176981,-28.427192826216523
13.439142748940624,13.253924646164062,-28.42719282622483
13.611543364067755,13.394505230892037,-28.427192826234066
13.77050844858412,13.535502377626747,-28.42719282624437
13.915869570276183,13.67694982969232,-28.42719282625581
14.04748492878029,13.81885425901807,-28.427192826268406
14.165239532431123,13.961195138544786,-28.42719282628212
14.269045312128672,14.103924692560666,-28.42719282629684
14.35884117331308,14.246967922648588,-28.427192826312403
14.434592986786722,14.390222707600065,-28.42719282632859
14.496293518759629,14.533559976357244,-28.42719282634513
14.543962300136249,14.676823953752729,-28.427192826361754
14.577645434727126,14.819832479497915,-28.427192826378146
14.597415345775811,14.96237740149497,-28.42719282639403
14.603370459955674,15.104225045088361,-28.427192826409136
14.595634827828146,15.2451167603036,-28.42719282642326
14.574357679675877,15.384769549422211,-28.427192826436254
14.539712915641394,15.522876777393853,-28.427192826448064
14.491898529221524,15.659108967575813,-28.427192826458704
14.431135963393432,15.793114685107296,-28.427192826468318
14.357669398980226,15.924521509867873,-28.427192826477132
14.271764975298424,16.0529371004385,-28.42719282648548
14.173709943658675,16.177950349788155,-28.427192826493783
14.063811754902982,16.299132632564245,-28.427192826502516
13.942397082840632,16.416039142890867,-28.427192826512233
13.809810786172118,16.528210320502343,-28.42719282652347
13.666414812243424,16.635173361890843,-28.427192826536785
13.512587046728044,16.736443811961305,-28.42719282655268
13.348720114065378,16.831527230501784,-28.427192826571588
13.175220134165938,16.919920926631352,-28.427192826593824
12.99250544150094,17.001115753319294,-28.42719282661959
12.80100527320297,17.074597953115106,-28.427192826648913
12.60115843319515,17.139851045421903,-28.427192826681676
12.393411939621856,17.196357745014538,-28.427192826717544
12.17821966296266,17.243601901070363,-28.42719282675606
11.956040962165877,17.281070445760463,-28.427192826796556
11.727339325937837,17.308255341449566,-28.427192826838244
11.492581025972976,17.324655515773845,-28.42719282688021
11.252233788418302,17.32977877429885,-28.42719282692145
11.006765489248338,17.323143681089658,-28.427192826960923
10.7566428785029,17.30428139832981,-28.427192826997587
10.502330337532781,17.272737477077225,-28.427192827030442
10.244288672533079,17.228073592312413,-28.427192827058587
9.982973946747643,17.16986921658227,-28.427192827081225
9.718836352828337,17.097723227735493,-28.42719282709776
9.452319125956832,17.011255447447137,-28.427192827107767
9.183857497510214,16.910108108404938,-28.427192827111067
8.913877688298484,16.7939472491457,-28.42719282710771
8.642795939743326,16.662464036556674,-28.427192827097997
8.371017580821377,16.515376016967696,-28.427192827082475
8.09893612817633,16.352428297532928,-28.427192827061916
7.826932416524054,16.17339466021782,-28.42719282703732
7.555373756341529,15.978078611153798,-28.427192827009865
7.284613115848476,15.766314368389738,-28.427192826980875
7.014988324461931,15.537967791149917,-28.427192826951796
6.746821295227468,15.292937253599957,-28.427192826924106
6.480417264202515,15.03115446582635,-28.42719282689933
6.216064045381105,14.752585244255274,-28.427192826878933
5.9540313004966325,14.457230233079656,-28.427192826864303
5.694569823909038,14.14512557743958,-28.427192826856682
5.437910843761788,13.816343548123216,-28.427192826857134
5.184265341666432,13.470993116439512,-28.42719282686648
4.933823394319746,13.109220476679829,-28.427192826885303
4.686753541659211,12.731209512256871,-28.42719282691389
4.443202187392124,12.337182200213892,-28.427192826952233
4.203293038963892,11.927398947367621,-28.427192827000027
3.96712659523047,11.502158849922607,-28.42719282705665
3.7347796912329767,11.061799867015425,-28.42719282712122
3.5063051105006386,10.606698897362367,-28.427192827192602
3.2817312761894235,10.137271747046615,-28.427192827269465
3.0610620330539455,9.653972975546608,-28.427192827350332
2.8442765327041437,9.157295606435286,-28.42719282743362
2.6313292347708477,8.647770688829265,-28.427192827517743
2.4221500364530053,8.12596669569528,-28.427192827601164
2.2166445424059313,7.592488745580492,-28.427192827682447
2.01469448602354,7.04797763526783,-28.427192827760344
1.8161583118473024,6.4931086722990345,-28.427192827833828
1.6208719270924992,5.9285902982729,-28.427192827902143
1.4286496281255991,5.355162496310878,-28.42719282796481
1.239285205180194,4.773594979061338,-28.427192828021635
1.0525532257067587,4.184685157037377,-28.427192828072712
0.868210493577038,3.5892558908758887,-28.42719282811835
0.6859976779891759,2.9881530351681564,-28.42719282815905
0.5056411024437613,2.382242785722599,-28.427192828195434
0.3268546806959097,1.772408846339155,-28.427192828228154
0.14934198325522985,1.1595494352505327,-28.427192828257855
-0.027201585072276078,0.5445741551624852,-28.42719282828506
-0.20308651880849535,-0.07159924584878856,-28.427192828310165
-0.3786268810185824,-0.6880481925883581,-28.427192828333354
-0.5541379341808493,-1.3038486481226157,-28.427192828354602
-0.729933759764545,-1.9180784930382244,-28.427192828373652
-0.9063248938671187,-2.529820884955507,-28.42719282839007
-1.0836160058557498,-3.1381675651676866,-28.427192828403243
-1.2621036458635324,-3.7422220806221684,-28.42719282841249
-1.442074085255835,-4.34110289159393,-28.427192828417073
-1.6238012718806545,-4.933946338230541,-28.427192828416324
-1.8075449191438753,-5.519909442552074,-28.427192828409673
-1.9935487448178295,-6.098172526325702,-28.427192828396738
-2.182038872120551,-6.667941629351371,-28.427192828377382
-2.3732224021174044,-7.228450716935563,-28.42719282835173
-2.56728616301644,-7.7789636695447895,-28.427192828320198
-2.764395638564618,-8.318776051681295,-28.42719282828349
-2.9646940746008394,-8.847216660791375,-28.427192828242593
-3.168301759963249,-9.363648860404949,-28.427192828198706
-3.3753154754434136,-9.867471704641437,-28.42719282815323
-3.58580810237001,-10.358120863654735,-28.427192828107675
-3.799828380712015,-10.8350693615062,-28.42719282806362
-4.017400805321226,-11.29782813934845,-28.427192828022633
-4.238525648076266,-11.74594645769236,-28.427192827986207
-4.463179093222594,-12.179012151948355,-28.427192827955693
-4.691313473093564,-12.596651755425915,-28.427192827932256
-4.922857591607225,-12.99853050359486,-28.42719282791683
-5.1577171234196415,-13.38435223271587,-28.427192827910087
-5.395775077332633,-13.753859184994585,-28.42719282791241
-5.636892313457428,-14.10683173126159,-28.42719282792389
-5.880908104681788,-14.443088020885035,-28.427192827944314
-6.12764073413589,-14.762483567234938,-28.42719282797322
-6.376888121563469,-15.064910775584963,-28.42719282800986
-6.628428472745287,-15.350298418900378,-28.427192828053293
-6.882020947360978,-15.618611065556136,-28.42719282810237
-7.137406341885857,-15.86984846168799,-28.4271928281558
-7.394307785277533,-16.104044869629217,-28.427192828212217
-7.652431446292663,-16.321268362748,-28.427192828270183
-7.911467252269187,-16.5216200759952,-28.427192828328277
-8.171089620098702,-16.70523341061416,-28.42719282838512
-8.430958200884426,-16.872273190766133,-28.427192828439427
-8.690718640421858,-17.02293476929684,-28.427192828490043
-8.95000335814303,-17.15744307951823,-28.427192828535997
-9.208432347524871,-17.276051629709773,-28.42719282857649
-9.46561400117339,-17.379041437057175,-28.42719282861097
-9.721145963856085,-17.46671989794176,-28.42719282863909
-9.974616016666161,-17.539419591867013,-28.427192828660765
-10.225602995267222,-17.597497016851428,-28.427192828676112
-10.473677744792488,-17.641331254817658,-28.427192828685506
-10.718404113468303,-17.67132256635069,-28.427192828689492
-10.959339986410605,-17.687890915163383,-28.42719282868879
-11.196038360321321,-17.691474423671696,-28.42719282868426
-11.428048459008997,-17.682527762217514,-28.42719282867685
-11.654916888796198,-17.66152047565324,-28.427192828667586
-11.876188831980032,-17.628935252186107,-28.427192828657486
-12.091409275607386,-17.585266140536806,-28.427192828647534
-12.300124271940302,-17.53101672256147,-28.427192828638656
-12.501882226146044,-17.466698249483564,-28.42719282863166
-12.696235205976654,-17.392827750750683,-28.42719282862723
-12.882740267528009,-17.309926125242004,-28.427192828625884
-13.060960790609174,-17.21851622508041,-28.427192828627966
-13.230467816826133,-17.119120942631803,-28.42719282863365
-13.390841383201787,-17.012261311390553,-28.427192828642948
-13.541671844023533,-16.89845463135102,-28.427192828655688
-13.682561173632156,-16.778212629153867,-28.427192828671572
-13.813124243037253,-16.652039662784148,-28.42719282869019
-13.932990063555525,-16.520430979903978,-28.427192828711032
-14.041802991104852,-16.38387103805132,-28.42719282873355
-14.139223885330818,-16.242831893957632,-28.427192828757168
-14.224931218371703,-16.097771668165677,-28.427192828781326
-14.298622128758815,-15.949133090000716,-28.427192828805477
-14.360013416676528,-15.797342126801917,-28.427192828829174
-14.408842477545033,-15.642806700192782,-28.42719282885203
-14.444868171614202,-15.485915491095387,-28.427192828873764
-14.467871627946268,-15.327036834205002,-28.4271928288942
-14.47765698179831,-15.166517701767134,-28.427192828913263
-14.474052044975345,-15.00468277576083,-28.42719282893098
-14.456908909198164,-14.841833607007269,-28.42719282894748
-14.426104482906743,-14.678247859302324,-28.42719282896296
-14.38154096219499,-14.51417863642093,-28.42719282897768
-14.323146236743643,-14.349853889758919,-28.427192828991945
-14.2508742316873,-14.185475904458098,-28.427192829006085
-14.164705186324632,-14.021220862091123,-28.42719282902042
-14.064645870465858,-13.857238478348068,-28.42719282903527
-13.950729739020366,-13.69365171464655,-28.427192829050902
-13.823017025173206,-13.530556563158232,-28.427192829067558
-13.681594772197649,-13.368021905380814,-28.4271928290854
-13.526576803618903,-13.206089445058256,-28.42719282910454
-13.358103631099224,-13.044773716933737,-28.427192829125026
-13.176342299075133,-12.884062173480661,-28.427192829146833
-12.981486164861764,-12.723915352366893,-28.427192829169883
-12.773754612664971,-12.56426712793835,-28.427192829194052
