theta_1,theta_2,energy
45.0,45.0,-20.8101525703201
44.98013006607722,44.99999770173562,-20.810152570408505
44.92054785936535,44.99996319067585,-20.8101525705443
44.821336302441324,44.99981335879351,-20.81015257072459
44.68263406860832,44.99940881588836,-20.810152570944503
44.504636268057865,44.99855260419817,-20.810152571197342
44.28759537382037,44.99698845852113,-20.810152571474937
44.03182235294792,44.994398671372025,-20.81015257176804
43.73768795877258,44.990401639333236,-20.810152572066887
43.40562413086128,44.98454918285185,-20.81015257236193
43.03612544070237,44.97632374687395,-20.810152572644572
42.62975051355613,44.965135603357005,-20.810152572908166
42.187123350702976,44.95032018819514,-20.810152573148926
41.708934472014015,44.93113571365814,-20.810152573366906
41.19594179686266,44.90676120225348,-20.81015257356677
40.64897118239424,44.87629508814564,-20.810152573758423
40.06891654250757,44.83875452717187,-20.810152573957176
39.45673947888183,44.79307554552056,-20.810152574183466
38.81346836711355,44.73811414001411,-20.810152574461952
38.14019685637412,44.67264841975533,-20.81015257481998
37.43808175952578,44.59538185018522,-20.810152575285436
36.70834033161101,44.50494762735756,-20.81015257588403
35.95224695703336,44.39991417390404,-20.810152576636256
35.171129288327464,44.27879171055997,-20.81015257755427
34.36636390078039,44.140039820308914,-20.810152578638974
33.539371545902796,43.982075888326605,-20.810152579877602
32.69161210155517,43.803284271989156,-20.810152581242182
31.824579326349568,43.602026032978145,-20.810152582689
30.939795530057225,43.37664904921614,-20.810152584159297
30.038806269864995,43.12549831866195,-20.81015258558109
29.123175174590983,42.846926269913425,-20.810152586872107
28.1944789859663,42.53930290551835,-20.810152587943566
27.2543028887398,42.20102562177312,-20.81015258870459
26.304236180837517,41.83052857210022,-20.810152589066817
25.34586831240496,41.42629146813338,-20.81015258894906
24.38078529957696,40.98684774166002,-20.81015258828156
23.410566496446936,40.510792019948816,-20.81015258700983
22.436781687945896,39.99678689534528,-20.810152585097715
21.460988447946885,39.443568996292754,-20.810152582529803
20.48472969137584,38.84995439043155,-20.81015257931301
19.509531336673035,38.21484337079783,-20.81015257547751
18.53689998562589,37.53722469334792,-20.81015257107693
17.56832052122526,36.81617934828218,-20.810152566188002
16.605253520505283,36.050883959308166,-20.810152560909646
15.649132377975413,35.240613914524694,-20.810152555361533
14.701360035902512,34.384746340485364,-20.81015254968224
13.76330522006396,33.482763037595056,-20.810152544026806
12.8362980834826,32.53425350054316,-20.810152538563777
11.921625166029797,31.538918152006296,-20.810152533471545
11.020523584790766,30.496571921113308,-20.810152528933997
10.134174379100289,29.40714829957812,-20.810152525135184
9.263694945814198,28.270704007011663,-20.810152522253002
8.410130515612881,27.087424391334583,-20.810152520451773
7.574444641178591,25.857629678582953,-20.810152519873654
6.757508694494481,24.581782166425214,-20.810152520629078
5.960090405085334,23.260494424676395,-20.810152522786446
5.182841515714907,21.894538521010798,-20.810152526361705
4.426284688784212,20.484856227908416,-20.81015253130875
3.690799866987087,19.03257008496955,-20.81015253751188
2.9766103763952705,17.538995087423046,-20.81015254478209
2.283769158340181,16.005650647067704,-20.810152552859098
1.6121456253099953,14.434272328976624,-20.810152561420903
0.9614137496660538,12.826822712947747,-20.810152570102332
0.33104210268488504,11.185500574720274,-20.810152578522704
-0.279713348396507,9.512747445712268,-20.810152586321113
-0.8718128233431465,7.811250513960916,-20.81015259319529
-1.446431831083752,6.083940799063768,-20.810152598938082
-2.0049550062166124,4.333985596363318,-20.8101526034637
-2.5489640607607744,2.5647743615866583,-20.810152606816217
-3.080219493695583,0.7798975066971868,-20.810152609155384
-3.600636051000608,-1.0168820063170247,-20.810152610719474
-4.112252343914624,-2.821663882998841,-20.81015261177106
-4.617195473156869,-4.630451592246888,-20.8101526125374
-5.117641920211649,-6.439197892235515,-20.8101526131597
-5.61577629812742,-8.243852921409632,-20.810152613664155
-6.113749755252546,-10.040412733471527,-20.81015261396221
-6.613639864882168,-11.824966100466916,-20.81015261387915
-7.117413705301172,-13.593737563573244,-20.81015261320247
-7.626895557567856,-15.343125052465654,-20.810152611736854
-8.143740263579721,-17.06973086880463,-20.81015260935212
-8.669412848049754,-18.77038536901342,-20.810152606014164
-9.205174570194494,-20.442163215833208,-20.810152601794556
-9.752075181228557,-22.08239253780813,-20.810152596860284
-10.310950854577422,-23.688657700715645,-20.810152591448993
-10.882427042565416,-25.25879663684328,-20.81015258583713
-11.466925396286799,-26.790893798584534,-20.810152580307587
-12.064673852981407,-28.283269818328574,-20.810152575122125
-12.675719029366158,-29.734468891502285,-20.810152570501177
-13.299940139640364,-31.143244780714575,-20.810152566612032
-13.937063764056285,-32.508546191107115,-20.810152563564497
-14.586678911998874,-33.82950211055682,-20.81015256141265
-15.248251940478696,-35.1054075581093,-20.81015256016068
-15.92114099686461,-36.33571004939965,-20.810152559771225
-16.60460974908935,-37.519996973758005,-20.810152560174636
-17.29784024564909,-38.65798398569668,-20.810152561278212
-17.999944811551742,-39.749504442692704,-20.810152562974622
-18.709976936171504,-40.79449986938468,-20.810152565149245
-19.426941146569106,-41.793011392595226,-20.810152567686185
-20.149801887278123,-42.74517206890873,-20.810152570472987
-20.877491446833982,-43.651200013973074,-20.81015257340421
-21.608916984236526,-44.511392237682806,-20.810152576383864
-22.342966716631256,-45.32611908977563,-20.810152579327042
-23.07851533403194,-46.095819224389935,-20.810152582160843
-23.814428708885853,-46.820994998429995,-20.810152584824646
-24.549567968466246,-47.50220822615031,-20.81015258727004
-25.28279299702959,-48.14007622046899,-20.810152589460337
-26.012965432801856,-48.73526805964942,-20.81015259136995
-26.738951222436583,-49.28850102582892,-20.81015259298349
-27.459622792797614,-49.800537169240584,-20.81015259429484
-28.173860896871332,-50.27217995878888,-20.810152595306135
-28.880556187364437,-50.70427098589466,-20.810152596026665
-29.578610568118016,-51.09768669426077,-20.81015259647186
-30.26693836986973,-51.453335113496955,-20.81015259666217
-30.944467393116064,-51.77215257946396,-20.810152596622064
-31.610139856856463,-52.05510042883685,-20.81015259637899
-32.262913287836895,-52.303161659818535,-20.810152595962414
-32.90176138055778,-52.517337555214645,-20.81015259540289
-33.52567485379077,-52.69864426824113,-20.810152594731186
-34.133662324697006,-52.84810937548285,-20.81015259397748
-34.72475121691162,-52.966768405332374,-20.810152593170653
-35.29798871422692,-53.05566135396096,-20.81015259233764
-35.85244276685827,-53.115829204333814,-20.81015259150289
-36.387203152812766,-53.148310466882386,-20.810152590687963
-36.90138259270939,-53.1541377630783,-20.810152589911162
-37.394117912630556,-53.13433447520452,-20.810152589187428
-37.864571246325085,-53.089911486979666,-20.810152588528222
-38.31193126542406,-53.02186404026892,-20.810152587941584
-38.73541442435094,-52.931168732840476,-20.81015258743233
-39.134266205354834,-52.818780680963854,-20.81015258700228
-39.50776234859414,-52.68563086859785,-20.81015258665063
-39.855210052436554,-52.53262370202534,-20.810152586374354
-40.17594913007819,-52.36063478514601,-20.810152586168634
-40.46935311014683,-52.17050892636001,-20.81015258602732
-40.734830271041616,-51.9630583832253,-20.810152585943406
-40.971824601253125,-51.73906134602981,-20.810152585909414
-41.17981668066745,-51.49926065628457,-20.810152585917812
-41.358324480744024,-51.244362751117244,-20.81015258596133
-41.50690408432754,-50.97503681981958,-20.810152586033205
-41.62515032857674,-50.691914154556294,-20.81015258612743
-41.71269737694866,-50.39558767362945,-20.810152586238825
-41.769219228265825,-50.08661159283318,-20.810152586363184
-41.79443017253936,-49.76550121841921,-20.81015258649724
-41.78808520436815,-49.43273283407676,-20.810152586638672
-41.749980405353355,-49.088743654131974,-20.810152586786035
-41.67995330704888,-48.73393181588195,-20.810152586938685
-41.57788324552351,-48.3686563855587,-20.810152587096663
-41.44369171766573,-47.993237354809835,-20.81015258726057
-41.277342747958244,-47.607955607709,-20.81015258743147
-41.07884327263629,-47.213052842079236,-20.810152587610744
-40.84824354597955,-46.808731433229276,-20.810152587799994
-40.58563757103414,-46.395154232960024,-20.810152588000914
-40.29116355438495,-45.972444301788336,-20.81015258821521
-39.96500438176652,-45.54068457764561,-20.810152588444492
-39.60738810838319,-45.09991748972498,-20.81015258869022
-39.21858845487557,-44.650144531556414,-20.810152588953592
-38.798925296993474,-44.19132581266266,-20.81015258923551
-38.34876513428815,-43.723379613167346,-20.810152589536536
-37.86852152059302,-43.24618197036019,-20.81015258985679
-37.35865543679843,-42.759566330343446,-20.810152590195955
-36.81967558451612,-42.26332330135442,-20.810152590553194
-36.252138577747566,-41.75720054805026,-20.81015259092709
-35.65664900868496,-41.240902867826804,-20.8101525913156
-35.033859363347304,-40.71409249100811,-20.810152591715973
-34.384469762936476,-40.176389646388344,-20.810152592124666
-33.70922750762595,-39.62737343206049,-20.810152592537253
-33.00892640098408,-39.0665830286838,-20.81015259294832
-32.284405835378436,-38.49351928832225,-20.810152593351358
-31.53654962147488,-37.90764672677137,-20.81015259373866
-30.766284548274825,-37.30839594097316,-20.810152594101236
-29.97457866393714,-36.69516646584064,-20.81015259442875
-29.16243927179259,-36.06733007676879,-20.810152594709553
-28.330910640340324,-35.42423453553357,-20.8101525949307
-27.48107143046312,-34.76520776845,-20.810152595078126
-26.614031847447006,-34.0895624568712,-20.810152595136916
-25.730930529479313,-33.39660101167061,-20.810152595091644
-24.83293118797453,-32.68562089555974,-20.81015259492692
-23.921219018208934,-31.955920250230122,-20.810152594627986
-22.99699690123264,-31.206803779607263,-20.810152594181442
-22.06148141980931,-30.4375888361468,-20.81015259357607
-21.115898712190706,-29.647611654206266,-20.810152592803682
-20.161480187893822,-28.83623367313079,-20.810152591860003
-19.199458129384897,-28.0028478927676,-20.810152590745478
-18.23106120280271,-27.146885205565518,-20.810152589465964
-17.25750989972314,-26.26782065205146,-20.810152588033315
-16.280011930655125,-25.365179550077524,-20.810152586465698
-15.299757589658276,-24.438543452527718,-20.810152584787655
-14.31791510838433,-23.487555892862645,-20.81015258302992
-13.335626017162163,-22.51192788264749,-20.81015258122886
-12.35400053064824,-21.511443129739742,-20.810152579425583
-11.374112976204609,-20.48596294980926,-20.81015257766485
-10.396997284664138,-19.4354308470536,-20.81015257599355
-9.423642565575976,-18.359876742126726,-20.81015257445907
-8.454988792422544,-17.259420826241584,-20.810152573107427
-7.491922627637623,-16.134277020023113,-20.810152571981355
-6.535273422447548,-14.984756013938132,-20.81015257111835
-5.585809432452443,-13.811267864057408,-20.810152570548908
-4.644234296239261,-12.614324112653776,-20.81015257029485
-3.7111838308761276,-11.394539397952116,-20.81015257036808
-2.787223204505588,-10.152632511577973,-20.810152570769652
-1.8728445519866677,-8.889426856368939,-20.81015257148941
-0.9684651041206639,-7.605850251792765,-20.8101525725061
-0.07442590387103153,-6.3029340299286565,-20.810152573788073
0.8090088164347162,-4.981811362551118,-20.810152575294524
1.681651525233566,-3.6437147600745163,-20.810152576977252
2.543390483203158,-2.289972686708872,-20.810152578782827
3.394187979629812,-0.9220052437839041,-20.810152580654982
4.234077670811821,0.45868111471540757,-20.810152582537167
5.063160995332687,1.8504998535846686,-20.81015258437504
5.88160266255968,3.251791612652747,-20.81015258611874
6.689625235490774,4.6608324203083615,-20.81015258772475
7.487502856173846,6.075842808245383,-20.81015258915738
8.27555419013366,7.494997741060549,-20.810152590389606
9.054134694093547,8.916437243886056,-20.81015259140348
9.823628337148891,10.338277582527002,-20.810152592189958
10.584438927796295,11.758622825544,-20.81015259274842
11.336981216330509,13.175576598202808,-20.81015259308578
12.081671952850577,14.58725382573272,-20.810152593215467
12.818921084632267,15.991792258955362,-20.810152593156374
13.549123272587872,17.387363579541532,-20.810152592931637
14.272649895147193,18.772183894759856,-20.810152592567583
14.989841689875734,20.144523451804165,-20.81015259209264
15.70100215966648,21.5027154282919,-20.810152591536376
16.406391842897396,22.845163686579046,-20.81015259092848
17.10622351721769,24.170349413181594,-20.810152590297907
17.80065837631926,25.47683659883971,-20.810152589671983
18.489803189755897,26.763276347760353,-20.810152589075624
19.173708428950516,28.028410034760554,-20.81015258853062
19.85236731902614,29.27107135521697,-20.81015258805509
20.52571575670715,30.490187334137048,-20.81015258766305
21.193633019611248,31.684778376949023,-20.810152587364176
21.855943181821324,32.853957455780254,-20.81015258716375
22.512417144458073,33.99692853137964,-20.81015258706281
23.162775187640577,35.112984312985596,-20.810152587058468
23.806689951166078,36.20150345702963,-20.81015258714435
24.44378975484025,37.261947301341685,-20.810152587311208
25.073662175013077,38.2938562252281,-20.810152587547535
25.695857800922273,39.29684571811555,-20.810152587840253
26.30989410237478,40.27060223100042,-20.810152588175384
26.915259348645005,41.21487887621537,-20.810152588538696
27.511416526857804,42.129491032421605,-20.810152588916246
28.097807216261568,43.014311903547544,-20.8101525892949
28.673855382467966,43.86926807282408,-20.810152589662703
29.238971062795105,44.69433508623115,-20.81015259000917
29.792553920213976,45.48953309362573,-20.8101525903255
30.333996649025924,46.25492257057126,-20.81015259060467
30.86268822028967,46.99060013940058,-20.81015259084147
31.37801695919526,47.696694504262084,-20.81015259103244
31.87937345009393,48.37336251174958,-20.8101525911758
32.36615326779252,49.02078534612258,-20.810152591271272
32.837759536071864,49.639164866004556,-20.81015259131992
33.29360531625422,50.22872008772735,-20.810152591323963
33.733115830090014,50.78968381909863,-20.810152591286545
34.155730522318144,51.32229944624518,-20.810152591211573
34.560904969034304,51.82681787527352,-20.81015259110348
34.94811263852744,52.30349462974625,-20.81015259096707
35.31684651156161,52.752587104361766,-20.810152590807363
35.6666205682271,53.17435197471758,-20.810152590629414
35.99697114849541,53.56904276261248,-20.810152590438232
36.3074581935136,53.93690755598483,-20.81015259023865
36.597666374490096,54.27818688228254,-20.810152590035276
36.86720611577332,54.59311173380912,-20.8101525898324
37.11571451842199,54.88190174338565,-20.81015258963399
37.342856190224005,55.144763508510025,-20.81015258944364
37.54832398774744,55.38188906208222,-20.81015258926458
37.73183967560976,55.59345448769878,-20.810152589099655
37.893154507735254,55.77961867750232,-20.810152588951357
38.032049734938084,55.94052223060303,-20.810152588821815
38.14833704272443,56.07628649016865,-20.810152588712832
38.24185892275122,56.187012717406816,-20.810152588625893
38.312488980914594,56.27278140083561,-20.810152588562197
38.360132184568975,56.333651699451494,-20.810152588522648
38.384725050898375,56.36966101865412,-20.81015258850791
38.38623577797763,56.3808247180677,-20.81015258851838
38.36466431957245,56.36713595070257,-20.810152588554203
38.32004240423605,56.328565633220165,-20.810152588615285
38.252433498767296,56.265062547391366,-20.810152588701264
38.161932715601715,56.17655357316396,-20.810152588811523
38.048666663214625,56.0629440540706,-20.810152588945154
37.91279323812486,55.924118296007286,-20.810152589100966
37.75450135659989,55.759940200684845,-20.81015258927741
37.5740106236785,55.57025403529767,-20.81015258947264
37.371570936647224,55.35488534015813,-20.81015258968438
37.147462019630304,55.11364197620831,-20.81015258991002
36.90199288548211,54.84631531444068,-20.810152590146515
36.63550122070494,54.55268156933394,-20.810152590390405
36.34835268865545,54.232503278440625,-20.81015259063784
36.040940145850826,53.8855309302498,-20.810152590884552
35.7136827657436,53.51150474239434,-20.81015259112592
35.36702506390511,53.11015659217951,-20.810152591357014
35.0014358181478,52.68121210128226,-20.810152591572635
34.617406876732566,52.2243928763095,-20.810152591767448
34.21545184746028,51.7394189067112,-20.810152591936074
33.79610466014953,51.22601112131832,-20.810152592073223
33.35991799477289,50.68389410451258,-20.81015259217389
32.907461567384445,50.112798972727205,-20.810152592233486
32.43932026594808,49.512466411611115,-20.81015259224809
31.95609212830333,48.88264987374414,-20.81015259221464
31.45838615482156,48.223118936241015,-20.81015259213116
30.946819948857275,47.533662816890484,-20.81015259199696
30.422017178938617,46.814094046598534,-20.810152591812887
29.884604857829277,46.064252294784936,-20.81015259158147
29.33521043519558,45.284008342953875,-20.81015259130708
28.77445870270015,44.473268199845535,-20.810152590996026
28.202968512991575,43.631977349289436,-20.810152590656603
27.62134931734501,42.760125119028274,-20.81015259029899
27.030197530704854,41.857749155265545,-20.810152589935186
26.430092737653087,40.92493998341543,-20.81015258957872
25.821593758427923,39.96184563041157,-20.81015258924432
25.205234600574222,38.96867627789502,-20.810152588947492
24.581520329115797,37.945708908613625,-20.81015258870393
23.950922896249377,36.893291900434185,-20.81015258852893
23.31387698036251,35.811849513568895,-20.81015258843669
22.670775893491065,34.701886207101495,-20.810152588439607
22.021967625890266,33.56399071092297,-20.810152588547545
21.367751105832056,32.3988397691207,-20.810152588767192
20.708372761595427,31.20720146120829,-20.81015258910149
20.044023480316675,29.989937998963892,-20.81015258954917
19.374836064255618,28.74800788981109,-20.810152590104483
18.700883288386674,27.482467353472163,-20.810152590757106
18.022176663290622,26.194470877940848,-20.81015259149219
17.338666003382485,24.885270804536866,-20.810152592290642
16.650239891942864,23.556215840693792,-20.810152593129473
15.956727120784203,22.208748413769666,-20.8101525939824
15.257899163506078,20.844400799827135,-20.810152594820423
14.553473717343325,19.46478998787404,-20.810152595612525
13.843119320158012,18.07161127187585,-20.810152596326454
13.126461017167824,16.66663059882442,-20.810152596929537
12.403087017945467,15.251675739653898,-20.810152597389596
11.672556249812954,13.82862638880045,-20.81015259767603
10.934406680959636,12.399403335402594,-20.810152597761018
10.188164257462967,10.9659568821544,-20.810152597620863
9.433352274789959,9.530254714428025,-20.81015259723752
8.669500987894187,8.094269440634472,-20.810152596600084
7.896157255806746,6.659966033635197,-20.81015259570626
7.112894017161005,5.229289401823047,-20.810152594563597
6.319319402250852,3.804152307512102,-20.810152593190306
5.515085304231728,2.3864238305175647,-20.810152591615527
4.699895255625351,0.9779185479044659,-20.810152589878953
3.87351148468048,-0.41961343108082355,-20.81015258802976
3.035761057454856,-1.804495470606376,-20.810152586124808
2.1865410437678863,-3.1751323852762887,-20.810152584226287
1.3258226766169783,-4.5300173530470085,-20.810152582398924
0.45365450371108185,-5.867737758748334,-20.81015258070697
-0.4298354447302863,-7.18697998858733,-20.81015257921114
-1.3244384266208453,-8.486533216369645,-20.81015257796581
-2.2298646354031826,-9.765292236961495,-20.81015257701651
-3.14574365089001,-11.022259411902775,-20.810152576398025
-4.071625613164013,-12.256545796565863,-20.81015257613308
-5.0069830361376,-13.467371518565683,-20.810152576231665
-5.9512131778256565,-14.654065474128508,-20.81015257669108
-6.903640887621954,-15.816064403729523,-20.810152577496495
-7.863521856200243,-16.952911401398573,-20.810152578622166
-8.830046200419398,-18.064253904480786,-20.81015258003296
-9.80234232319187,-19.149841203026465,-20.81015258168625
-10.77948099614578,-20.209521500949556,-20.81015258353404
-11.760479620628534,-21.243238555081927,-20.810152585525138
-12.74430662980596,-22.251027913579087,-20.810152587607238
-13.729886001032916,-23.233012772000137,-20.810152589729004
-14.7161018531157,-24.189399463880182,-20.81015259184184
-15.701803107434266,-25.12047260273104,-20.810152593901442
-16.685808195091028,-26.026589894054148,-20.81015259586897
-17.666909794312453,-26.90817663896449,-20.810152597711955
-18.643879583314234,-27.765719955179165,-20.81015259940476
-19.615472993863964,-28.599762746140517,-20.81015260092877
-20.580433949992788,-29.410897454604154,-20.810152602272204
-21.537499574908466,-30.199759642780062,-20.810152603429714
-22.485404847361686,-30.96702144671233,-20.81015260440169
-23.422887186743605,-31.713384957662306,-20.81015260519349
-24.348690944277028,-32.439575587483716,-20.810152605814473
-25.26157177602771,-33.14633547804415,-20.810152606277093
-26.160300872305793,-33.83441701640597,-20.810152606595942
-27.043669017515548,-34.50457651754719,-20.810152606786893
-27.91049045476809,-35.15756813477578,-20.810152606866325
-28.759606530668087,-35.794138054647405,-20.81015260685052
-29.589889097641397,-36.41501902820475,-20.81015260675511
-30.400243653950636,-37.0209252838654,-20.810152606594755
-31.18961220506492,-37.6125478595183,-20.8101526063829
-31.95697583418141,-38.19055038262955,-20.810152606131613
-32.701356974277786,-38.755565317731715,-20.810152605851588
-33.42182137892553,-39.308190690926416,-20.81015260555215
-34.11747979402125,-39.84898729131812,-20.810152605241328
-34.78748933740931,-40.378476339952314,-20.810152604925953
-35.431054597899,-40.89713760815706,-20.810152604611773
-36.04742846926961,-41.40540795943747,-20.810152604303557
-36.635912738385166,-41.90368028245251,-20.810152604005193
-37.19585844941305,-42.39230277725298,-20.81015260371978
-37.726666068301185,-42.87157855296511,-20.81015260344969
-38.22778547308961,-43.34176549249219,-20.810152603196656
-38.69871579631746,-43.803076338557105,-20.810152602961782
-39.139005145763605,-44.255678955456816,-20.810152602745653
-39.54825022907741,-44.69969672215077,-20.810152602548303
-39.92609590657747,-45.135209014637695,-20.810152602369346
-40.272234694695484,-45.562251738853604,-20.81015260220795
-40.58640624029913,-45.980817879403126,-20.810152602062942
-40.86839678352457,-46.39085803416946,-20.810152601932863
-41.118038623870014,-46.79228091008833,-20.810152601816018
-41.33520960122792,-47.18495376097654,-20.81015260171062
-41.51983260034652,-47.56870275413816,-20.810152601614835
-41.67187508398899,-47.94331325839914,-20.810152601526926
-41.791348656878064,-48.308530052116424,-20.810152601445356
-41.878308659450354,-48.664057455446354,-20.810152601368934
-41.932853787572384,-49.009559396617576,-20.810152601296952
-41.95512573176225,-49.34465942701721,-20.810152601229326
-41.945308827188136,-49.66894070444801,-20.810152601166717
-41.903629703845,-49.981945967836346,-20.810152601110676
-41.83035692490728,-50.28317752985848,-20.81015260106373
-41.72580060037168,-50.5720973163094,-20.810152601029472
-41.59031196278474,-50.848126982481304,-20.81015260101256
-41.42428289212183,-51.110648137285025,-20.810152601018746
-41.228145377757365,-51.359002705300696,-20.810152601054764
-41.00237090692687,-51.59249345537745,-20.81015260112817
-40.74746977109069,-51.810384721846255,-20.81015260124714
-40.463990284102266,-52.011903340934225,-20.810152601420178
-40.152517908966836,-52.196239820682194,-20.81015260165571
-39.8136742931335,-52.362549757717304,-20.810152601961686
-39.44811621555434,-52.50995550880045,-20.810152602345088
-39.05653445201619,-52.6375481193629,-20.810152602811424
-38.63965256834151,-52.74438950549153,-20.81015260336421
-38.19822565380346,-52.82951488024815,-20.81015260400448
-37.733039009356574,-52.89193541003615,-20.810152604730362
-37.24490680691608,-52.93064108216006,-20.810152605536654
-36.73467073682081,-52.94460376092808,-20.8101526064146
-36.20319866071483,-52.93278040675454,-20.810152607351696
-35.65138328634478,-52.89411643080818,-20.810152608331663
-35.08014087919685,-52.82754915685612,-20.810152609334555
-34.490410023525676,-52.73201136205502,-20.810152610336985
-33.88315044222894,-52.60643486948129,-20.810152611312525
-33.259341881291256,-52.44975416707586,-20.81015261223217
-32.61998306027468,-52.26091003028619,-20.810152613064986
-31.966090685695388,-52.03885312888557,-20.810152613778815
-31.298698519224867,-51.78254760210074,-20.810152614341067
-30.61885648761084,-51.49097459015732,-20.810152614719623
-29.927629816139532,-51.16313571454945,-20.81015261488374
-29.22609816244941,-50.79805650367227,-20.81015261480505
-28.515354722632672,-50.394789764870914,-20.81015261445859
-27.796505276876914,-49.95241890843783,-20.810152613823828
-27.070667137437923,-49.47006123364484,-20.81015261288575
-26.33896795750921,-48.946871191570374,-20.81015261163594
-25.60254435556219,-48.38204364434469,-20.81015261007365
-24.862540305960035,-47.774817145573415,-20.81015260820684
-24.12010524308087,-47.1244772722088,-20.810152606053222
-23.376391822807175,-46.4303600441117,-20.810152603641136
-22.632553282046416,-45.691855474063075,-20.810152601010394
-21.889740333965452,-44.908411298084125,-20.810152598212902
-21.149097533909273,-44.07953694359683,-20.810152595313006
-20.411759048652172,-43.20480780110647,-20.810152592387546
-19.67884375989486,-42.283869873506816,-20.810152589525398
-18.951449632079395,-41.31644488543445,-20.810152586826472
-18.230647275090867,-40.30233594277072,-20.810152584399944
-17.517472634871535,-39.24143383859335,-20.810152582361596
-16.812918750227254,-38.133724105491844,-20.810152580830078
-16.11792652324984,-36.979294913687866,-20.810152579922025
-15.433374465188107,-35.77834590793695,-20.810152579745832
-14.760067400946166,-34.53119806137704,-20.810152580394224
-14.098724145608223,-33.238304598561086,-20.810152581935753
-13.449964207605863,-31.900262999764,-20.810152584405664
-12.814293627483593,-30.51782804107424,-20.810152587796928
-12.192090130517544,-29.091925746814297,-20.81015259205246
-11.583587856794592,-27.62366803036876,-20.810152597060135
-10.988862033494426,-26.114367676077894,-20.810152602652312
-10.407814068621287,-24.5655531707204,-20.810152608611638
-9.840157667879824,-22.978982734381987,-20.810152614684558
-9.285406697536628,-21.35665673831861,-20.810152620602985
-8.742865622394685,-19.700827548678856,-20.810152626112792
-8.211623421704529,-18.01400572226055,-20.810152631005923
-7.690551906228431,-16.298961430757647,-20.81015263515033
-7.178309305574882,-14.558720031255366,-20.810152638510786
-6.6733498485815,-12.796550857189281,-20.810152641153273
-6.173939811565601,-11.015948589359548,-20.810152643228264
-5.678180163675057,-9.220606977623833,-20.810152644932785
-5.184035516346293,-7.414385195377605,-20.810152646457265
-4.689368623608163,-5.6012676726976345,-20.810152647929034
-4.19197923424572,-3.7853188034634884,-20.810152649367037
-3.6896457242347367,-1.97063438214145,-20.810152650661045
-3.1801676919263615,-0.16129192868090783,-20.81015265158249
-2.661407616384187,1.6386978423879115,-20.810152651825433
-2.131329773468384,3.425436275596642,-20.810152651067604
-1.58803485951933,5.195176941448986,-20.810152649036617
-1.0297891496023301,6.944359380300143,-20.8101526455658
-0.45504746190799106,8.669635639577182,-20.810152640628523
0.13753034595524705,10.367889378623456,-20.810152634346224
0.7490692103742735,12.03624781411947,-20.81015262697221
1.3804745517565256,13.672087173296788,-20.81015261885792
2.0324331103131894,15.273032589885396,-20.810152610410334
2.7054180783701507,16.836953518153535,-20.810152602048916
3.39969763076127,18.361955768864377,-20.81015259416833
4.115345976899757,19.84637121227345,-20.8101525871104
4.852256130613021,21.288746075360756,-20.81015258114646
5.610153696753349,22.687828609637062,-20.810152576469395
6.38861109005945,24.042556743854206,-20.810152573193513
7.187061718975401,25.35204617882329,-20.810152571360057
8.004813776558944,26.615579239676485,-20.810152570946347
8.841063377310094,27.832594679827267,-20.810152571876632
9.694906860650663,29.00267853241565,-20.810152574033456
10.565352148813469,30.125556028450443,-20.810152577268553
11.451329100236755,31.201084543923656,-20.810152581412833
12.351698841044024,32.229247497861195,-20.810152586285042
13.265262088894369,33.21014909637722,-20.810152591699257
14.190766507437337,34.144009801260516,-20.810152597471102
15.12691314760948,35.031162392743916,-20.810152603422857
16.072362045580302,35.87204849265383,-20.81015260938769
17.02573705748297,36.667215414346316,-20.810152615213013
17.98563001902154,37.41731320841751,-20.81015262076324
18.950604324211294,38.12309177725854,-20.810152625921937
19.919198022204085,38.78539793661363,-20.810152630593482
20.88992653447818,39.405172308216684,-20.810152634704263
21.86128509655645,39.983445934408,-20.810152638203395
22.8317510286434,40.52133651365016,-20.81015264106291
23.799785937836305,41.02004416548569,-20.810152643277412
24.763837950519004,41.48084664518758,-20.81015264486311
25.72234406685022,41.90509394261455,-20.81015264585613
26.673732719638153,42.29420221696919,-20.81015264631018
27.61642660720038,42.649647039468235,-20.810152646293503
28.548845854071768,42.97295593931702,-20.81015264588519
29.469411534897567,43.26570027447077,-20.810152645171037
30.376549576041224,43.52948647674697,-20.810152644239107
31.268695027116646,43.76594674985379,-20.81015264317524
32.14429667182949,43.97672932743424,-20.810152642058878
33.001821925372845,44.163488424670554,-20.810152640959405
33.83976194545934,44.3278740396224,-20.810152639933374
34.65663686716197,44.47152177760706,-20.810152639022704
35.451001059225405,44.596042882116315,-20.81015263825407
36.2214482922883,44.703014657942475,-20.81015263763941
36.966616708063064,44.79397146581646,-20.810152637177428
37.68519348306851,44.870396453021876,-20.810152636855943
38.375919090677826,44.93371416184035,-20.810152636654703
39.03759108029309,44.985284128584304,-20.810152636548448
39.66906731131076,45.02639555211465,-20.810152636509887
40.26926860089797,45.05826307414637,-20.81015263651231
40.8371807670521,45.08202367643395,-20.810152636531733
41.37185607059333,45.09873466413133,-20.810152636548388
41.87241408041592,45.10937267201078,-20.810152636547617
42.3380420045043,45.1148336021985,-20.810152636520137
42.76799454419988,45.11593337959314,-20.810152636461883
43.16159334057763,45.1134093946672,-20.81015263637341
43.518226089439445,45.107922492973955,-20.810152636259094
43.83734540547957,45.1000593660966,-20.8101526361262
44.11846751693835,45.09033519941536,-20.810152635983908
44.36117086997087,45.07919643719195,-20.81015263584243
44.565094717515684,45.06702353425996,-20.810152635712168
44.72993776116618,45.05413357524413,-20.810152635603043
44.85545690689648,45.040782655956804,-20.810152635523927
44.941466186891596,45.02716793678293,-20.81015263548222
44.987835890511285,45.01342929394565,-20.81015263548353
44.99449193783203,44.99965051115432,-20.810152635531473
44.961415519432634,44.98585997101433,-20.81015263562754
44.8886430162226,44.9720308225706,-20.81015263577106
44.776266203209666,44.95808061839057,-20.81015263595925
44.62443273118841,44.943870431643575,-20.810152636187297
44.43334687041627,44.92920348069279,-20.81015263644862
44.203270490454784,44.9138233057508,-20.81015263673514
43.93452424055282,44.89741155907417,-20.810152637037735
43.627488885351596,44.87958548681195,-20.810152637346796
43.28260674148609,44.859895196690104,-20.810152637652912
42.90038315211188,44.8378208207918,-20.810152637947706
42.48138792885506,44.81276969622753,-20.810152638224725
42.02625668459571,44.78407369779779,-20.810152638480442
41.535691976342434,44.750986865050905,-20.810152638715152
41.0104641757557,44.712683470591536,-20.810152638933758
40.45141198613012,44.66825667627423,-20.810152639146352
39.85944252928012,44.61671791828999,-20.81015263936834
39.23553093408138,44.55699715058129,-20.8101526396201
38.58071937049585,44.487944058252126,-20.810152639926024
37.89611548858964,44.40833032880216,-20.81015264031293
37.18289024088401,44.31685303967829,-20.810152640807807
36.44227508759942,44.21213918684351,-20.81015264143514
35.675558606914095,44.092751342297284,-20.810152642213783
34.884082554989476,43.95719439059884,-20.810152643153902
34.069237441812554,43.8039232575344,-20.810152644254085
33.23245770745188,43.631351510288965,-20.810152645499024
32.37521659782818,43.43786067985577,-20.810152646858132
31.499020848517308,43.22181013464519,-20.810152648285147
30.605405288748656,42.981547320555165,-20.810152649718987
29.69592747537707,42.71541817775558,-20.810152651085776
28.772162458379807,42.42177754809684,-20.810152652301923
27.835697765971872,42.09899939874278,-20.810152653278077
26.88812867969631,41.74548670619729,-20.81015265392361
25.931053849025318,41.359680868816575,-20.81015265415133
24.966071272412165,40.94007054344664,-20.81015265388214
23.99477464866536,40.48519983124681,-20.810152653049347
23.01875008016116,39.99367576743144,-20.810152651602344
22.03957308875769,39.464175098214405,-20.81015264950969
21.058805887064846,38.8954503546334,-20.81015264676136
20.077994832434793,38.2863352564846,-20.810152643370223
19.09866797889171,37.635749499980925,-20.81015263937277
18.122332633219123,36.94270299993512,-20.810152634829215
17.15047281540284,36.20629967147518,-20.810152629822873
16.184546520307862,35.4257408478939,-20.81015262445911
15.225982676517578,34.60032844066309,-20.81015261886367
14.276177699356587,33.72946795533765,-20.810152613180534
13.336491537989165,32.812671483384186,-20.810152607569275
12.408243120975353,31.849560795079107,-20.810152602201775
11.492705110773542,30.83987066249493,-20.810152597258256
10.59109788559412,29.783452543911004,-20.810152592922584
9.704582677159138,28.680278761083436,-20.81015258937658
8.8342538060003,27.530447297642297,-20.8101525867934
7.98112997291459,26.33418733897607,-20.810152585329778
7.146144587375537,25.091865659396152,-20.810152585117248
6.330135142629298,23.80399393880162,-20.810152586252514
5.533831684663326,22.471237055788567,-20.810152588787297
4.757844470076145,21.094422354283402,-20.810152592718453
4.002650967805013,19.67454981354328,-20.810152597979172
3.268582432887354,18.21280296453653,-20.810152604432936
2.555810367148172,16.710560288281247,-20.81015261187162
1.8643332804924664,15.169406704735293,-20.810152620019835
1.1939642735422864,13.591144618420385,-20.81015262854702
0.5443200707901064,11.977803837354946,-20.810152637088283
-0.08518776731972899,10.33164953821944,-20.81015264527369
-0.6953586492564598,8.655187331335311,-20.810152652763726
-1.2872049353579922,6.9511644068299585,-20.810152659286572
-1.8619492851244854,5.222565743462466,-20.81015266467069
-2.421016657369363,3.4726044577602844,-20.810152668865392
-2.96602044297108,1.7047055804758513,-20.810152671942753
-3.4987424919311576,-0.07751712557886381,-20.810152674077454
-4.021107157055478,-1.8702912608707665,-20.810152675506053
-4.535149888003448,-3.669722250391919,-20.810152676473038
-5.042981329517056,-5.471835104237195,-20.81015267717569
-5.5467482551286045,-7.272619939366141,-20.810152677721113
-6.048592950952912,-9.068079366910565,-20.81015267810648
-6.550612811533064,-10.854275660081427,-20.810152678227055
-7.054821898266621,-12.627375626558328,-20.81015267790908
-7.563116041968656,-14.383691315082615,-20.810152676957948
-8.077242769810896,-16.11971505684396,-20.81015267520881
-8.598776946654974,-17.832147822666823,-20.810152672567664
-9.129102594072128,-19.517920400113283,-20.81015266903486
-9.669400938230321,-21.17420739552904,-20.810152664708617
-10.220644381668096,-22.798434492841746,-20.810152659771042
-10.783595820293433,-24.38827972101171,-20.810152654462428
-11.358812546368906,-25.941669683478825,-20.81015264905062
-11.946653887613046,-27.456771791443188,-20.810152643801427
-12.547291718946122,-28.93198353632136,-20.81015263895426
-13.160723028704783,-30.365919759480043,-20.81015263470529
-13.786783805991476,-31.75739875469842,-20.81015263119817
-14.425163622520234,-33.10542789349519,-20.810152628521724
-15.075420396484812,-34.4091893136042,-20.81015262671273
-15.736994937110683,-35.66802606936646,-20.810152625762328
-16.409224969881308,-36.881429017574355,-20.81015262562429
-17.091358430298023,-38.04902460724124,-20.81015262622398
-17.78256588715354,-39.170563657749824,-20.810152627467
-18.48195201499954,-40.2459111457231,-20.81015262924707
-19.188566081077614,-41.2750369744714,-20.8101526314527
-19.901411446257356,-42.2580076681819,-20.810152633972667
-20.619454104427945,-43.19497891323648,-20.810152636700238
-21.34163030218982,-44.08618885845907,-20.810152639536287
-22.066853292261086,-44.93195208232918,-20.81015264239145
-22.794019281169717,-45.732654136269794,-20.81015264518746
-23.52201263570399,-46.48874657743145,-20.810152647857834
-24.249710414151426,-47.20074241071864,-20.810152650348023
-24.975986288266316,-47.8692118672179,-20.810152652615223
-25.699713920681575,-48.49477845403207,-20.810152654627807
-26.41976986048993,-49.078115218350625,-20.81015265636463
-27.135036017215093,-49.619941176108554,-20.81015265781411
-27.844401770541154,-50.121017862645076,-20.81015265897329
-28.546765770069356,-50.58214596929967,-20.81015265984678
-29.241037476081807,-51.004162035873634,-20.810152660445738
-29.926138488837175,-51.38793517437805,-20.810152660786805
-30.601003710312305,-51.73436380454665,-20.81015266089106
-31.264582378534858,-52.04437238628845,-20.81015266078304
-31.915839010724618,-52.31890813866136,-20.810152660489745
-32.55375428737826,-52.558937739126385,-20.81015266003974
-33.1773259052072,-52.76544400083857,-20.810152659462283
-33.78556942249647,-52.939422529568205,-20.810152658786517
-34.37751911603438,-53.08187836552537,-20.81015265804077
-34.95222886432237,-53.19382261885738,-20.810152657251884
-35.50877306738257,-53.27626911085418,-20.810152656444668
-36.04624760921661,-53.33023103586358,-20.81015265564144
-36.563770864925125,-53.356717661503474,-20.810152654861692
-37.060484750766456,-53.3567310868696,-20.810152654121843
-37.535555812110005,-53.331263079983366,-20.8101526534351
-37.98817634141137,-53.28129201661901,-20.810152652811464
-38.41756551607756,-53.20777994282445,-20.8101526522578
-38.8229705444583,-53.111669782858435,-20.810152651778033
-39.20366780722787,-52.99388271289328,-20.81015265137342
-39.55896398111908,-52.855315718693255,-20.810152651042873
-39.88819713231788,-52.69683935262813,-20.810152650783333
-40.19073776777689,-52.519295701907495,-20.810152650590197
-40.46598983418569,-52.32349657594307,-20.810152650457717
-40.713391656252085,-52.11022191641124,-20.810152650379408
-40.93241680818973,-51.88021842905893,-20.810152650348414
-41.122574914753216,-51.634198431748146,-20.81015265035786
-41.28341238068562,-51.372838908842404,-20.81015265040113
-41.414513049924004,-51.09678075796795,-20.810152650472084
-41.515498798230475,-50.80662821158513,-20.810152650565243
-41.586030064979425,-50.50294841280737,-20.810152650675914
-41.62580633155276,-50.18627112260792,-20.81015265080023
-41.63456655510886,-49.8570885340287,-20.81015265093518
-41.61208956735555,-49.515855168292184,-20.810152651078607
-41.55819444834805,-49.16298782782747,-20.810152651229107
-41.47274088524559,-48.79886558214177,-20.810152651385994
-41.355629525406854,-48.42382976416006,-20.810152651549195
-41.206802332211616,-48.03818395706201,-20.810152651719154
-41.0262429506005,-47.642193954695166,-20.81015265189669
-40.81397708757438,-47.23608768225233,-20.81015265208295
-40.57007291084179,-46.82005506797935,-20.810152652279243
-40.294641466504785,-46.39424786112802,-20.810152652486977
-39.9878371141919,-45.95877939608808,-20.810152652707576
-39.64985797544342,-45.513724307516014,-20.810152652942364
-39.2809463884944,-45.059118206221115,-20.810152653192517
-38.881389359949395,-44.59495733046033,-20.81015265345897
-38.45151900126711,-44.12119819201944,-20.81015265374238
-37.99171293554043,-43.63775724090562,-20.810152654043048
-37.50239465783558,-43.144510576524745,-20.810152654360856
-36.98403383041167,-42.64129373674913,-20.810152654695234
-36.43714649254508,-42.12790159917682,-20.810152655045083
-35.86229516349617,-41.60408843102839,-20.810152655408707
-35.26008881643638,-41.06956812541208,-20.810152655783774
-34.63118270095363,-40.5240146620188,-20.81015265616721
-33.976277992110944,-39.9670628296058,-20.81015265655513
-33.29612124497365,-39.39830924583989,-20.810152656942762
-32.5915036350502,-38.817313707173284,-20.81015265732434
-31.863259967197436,-38.223600897431524,-20.810152657693045
-31.112267438186155,-37.616662478755735,-20.810152658040913
-30.33944414124606,-36.99595958255776,-20.810152658358803
-29.545747304427373,-36.360925711356245,-20.81015265863641
-28.73217125842287,-35.71097005494589,-20.810152658862282
-27.899745133466794,-35.04548121652797,-20.810152659023966
-27.04953028893055,-34.3638313364437,-20.81015265910819
-26.182617483129665,-33.66538059326439,-20.81015265910119
-25.300123794505513,-32.94948205447052,-20.810152658989097
-24.403189308624516,-32.215486842052165,-20.810152658758454
-23.492973588241824,-31.462749572316675,-20.810152658396802
-22.57065194592992,-30.69063402419163,-20.81015265789342
-21.637411540431874,-29.898518986505085,-20.81015265723997
-20.694447318958648,-29.085804232199216,-20.810152656431363
-19.74295782814417,-28.251916566209914,-20.810152655466418
-18.78414091637149,-27.396315893783797,-20.810152654348546
-17.819189349795018,-26.51850125720153,-20.810152653086334
-16.849286363740262,-25.618016791074165,-20.810152651693883
-15.875601170419303,-24.694457549370657,-20.81015265019097
-14.899284443222436,-23.74747516087894,-20.810152648603015
-13.92146379740309,-22.77678327363513,-20.810152646960695
-12.943239286923971,-21.782162752702025,-20.810152645299304
-11.965678937721464,-20.763466599269332,-20.810152643657858
-10.98981433879005,-19.720624562132098,-20.810152642077895
-10.016636314372825,-18.65364741495787,-20.81015264060207
-9.047090703211026,-17.56263087419746,-20.81015263927257
-8.082074274249887,-16.447759132900494,-20.810152638129427
-7.1224308123622535,-15.309307985002155,-20.810152637208766
-6.168947412418574,-14.147647512860907,-20.81015263654116
-5.2223510252231815,-12.963244308040823,-20.8101526361501
-4.28330530420807,-11.756663191729444,-20.810152636050674
-3.352407807016495,-10.528568397040589,-20.81015263624865
-2.4301876108465064,-9.279724171146627,-20.810152636739872
-1.5171034042291658,-8.01099475118454,-20.810152637510207
-0.6135421203147042,-6.723343664733779,-20.81015263853589
0.2801818227645412,-5.417832303981108,-20.810152639784395
1.1638266107850563,-4.0956177231054305,-20.81015264121582
2.037222392653389,-2.757949611555237,-20.810152642784573
2.9002698589930147,-1.406166402303109,-20.810152644441388
3.7529380005376836,-0.041690484262296,-20.8101526461356
4.595261021675489,1.3339774979433308,-20.810152647817254
5.427334402713491,2.719265255797133,-20.810152649439296
6.249310125545594,4.11253635786284,-20.8101526509594
7.061391100698598,5.512098573292256,-20.810152652341465
7.86382485823445,6.916212985268036,-20.81015265355672
8.656896589512543,8.32310377532617,-20.810152654584307
9.44092165002957,9.730968554092456,-20.810152655411503
10.216237654071254,11.13798909121757,-20.810152656033424
10.983196308413387,12.542342278773994,-20.810152656452544
11.742155143669738,13.942211149455217,-20.810152656677865
12.493469307272537,15.33579576462615,-20.810152656723986
13.237483581044254,16.721323788198493,-20.8101526566101
13.974524778869716,18.097060570516714,-20.81015265635891
14.70489466653789,19.46131858148532,-20.810152655995612
15.428863527223532,20.81246605311356,-20.810152655546922
16.146664473469553,22.148934717183668,-20.810152655040064
16.858488581266517,23.469226552296703,-20.81015265450188
17.564480895345948,24.771919484448333,-20.810152653957992
18.264737328509096,26.055672014914705,-20.810152653432016
18.95930245295746,27.319226777140393,-20.81015265294489
19.648168159205383,28.561413049342335,-20.810152652514294
20.33127313899289,29.781148270830226,-20.810152652154272
21.008503133142288,30.977438627096728,-20.81015265187493
21.679691873698975,32.14937878138033,-20.810152651682394
22.34462264190325,33.29615083876732,-20.81015265157886
23.00303035929644,34.41702263331846,-20.810152651562856
23.65460412816902,35.51134542968173,-20.810152651629622
24.29899013911953,36.57855112877597,-20.81015265177159
24.935794867181862,37.6181490630262,-20.810152651978964
25.564588483266448,38.62972246090884,-20.810152652240312
26.184908414054174,39.61292465378205,-20.810152652543174
26.79626299053863,40.56747509061901,-20.810152652874677
27.398135132759126,41.49315521872944,-20.810152653222023
27.98998602559853,42.38980428116156,-20.81015265357299
28.57125874760204,43.2573150744515,-20.810152653916333
29.141381821434337,44.095629703886424,-20.81015265424203
29.699772660718423,44.9047353675629,-20.810152654541557
30.245840893522555,45.684660195293986,-20.81015265480798
30.778991547652897,46.435469163848374,-20.810152655035992
31.29862808716946,47.15726010606524,-20.81015265522195
31.80415529319413,47.85015982803225,-20.81015265536374
32.29498198515933,48.51432034568367,-20.810152655460712
32.77052358120209,49.14991524980677,-20.81015265551349
33.230204498492334,49.757136206474314,-20.81015265552384
33.67346039595142,50.336189598288115,-20.810152655494438
34.0997402631198,50.88729331046604,-20.810152655428737
34.50850835992213,51.41067366468541,-20.81015265533074
34.899246012801804,51.90656250266468,-20.81015265520486
35.271453273195746,52.37519442068897,-20.81015265505576
35.62465044463435,52.816804155634436,-20.810152654888196
35.95837948491071,53.2316241224995,-20.810152654706908
36.272205289798045,53.61988210299095,-20.810152654516532
36.56571686472743,53.98179908432854,-20.810152654321513
36.83852839068805,54.31758724711355,-20.810152654126032
37.09028019039763,54.62744810085126,-20.81015265393398
37.32063960052188,54.91157076552017,-20.81015265374892
37.52930175541046,55.170130397440836,-20.81015265357408
37.71599028747126,55.40328675761406,-20.81015265341234
37.88045794892989,55.611182920669954,-20.81015265326625
38.02248715932359,55.793944122596564,-20.810152653138015
38.14189048266108,55.95167674549662,-20.81015265302954
38.23851103774596,56.08446743775128,-20.81015265294244
38.31222284471369,56.19238236814717,-20.810152652878017
38.362931110373026,56.275466612742854,-20.810152652837335
38.390572454474174,56.333743673506675,-20.81015265282119
38.39511507855015,56.36721512804376,-20.81015265283014
38.37655887849613,56.37586041003759,-20.81015265286448
38.33493550156591,56.35963672035282,-20.81015265292428
38.27030834797677,56.31847906907254,-20.810152653009336
38.182772516824876,56.252300449065636,-20.810152653119182
38.072454695524556,56.16099214199068,-20.810152653253073
37.93951299149702,56.04442415793308,-20.810152653409954
37.784136704347475,55.90244581013552,-20.81015265358842
37.60654603628543,55.73488642651171,-20.81015265378673
37.40699173805981,55.541556199825514,-20.810152654002735
37.18575468719933,55.32224717856837,-20.810152654233892
36.943145394867514,55.076734400675775,-20.81015265447722
36.679503437161735,54.804777172288844,-20.81015265472929
36.39519680620471,54.50612049378991,-20.81015265498622
36.090621175896814,54.18049663532634,-20.810152655243694
35.766199076717704,53.82762686398619,-20.81015265549699
35.42237897348938,53.44722332470886,-20.81015265574101
35.05963423954268,53.03899107690833,-20.810152655970352
34.67846202027205,52.602630288659526,-20.8101526561794
34.27938197862662,52.137838590154026,-20.810152656362437
33.8629349146826,51.64431358797124,-20.810152656513775
33.42968125108633,51.1217555415329,-20.810152656627945
32.980199375872274,50.56987020290823,-20.810152656699866
32.51508383396852,49.98837182090285,-20.810152656725062
32.03494335863894,49.37698631007973,-20.81015265669988
31.540398734211887,48.73545458500084,-20.81015265662177
31.032080481758417,48.063536059509175,-20.810152656489475
30.510626359960717,47.3610123102488,-20.81015265630328
29.97667867431656,46.62769090278926,-20.810152656065267
29.4308813891275,45.86340937761206,-20.81015265577943
28.873877038495092,45.06803939174952,-20.810152655451848
28.306303434884004,44.24149100994679,-20.810152655090743
27.728790176792145,43.38371713674043,-20.810152654706474
27.141954960785213,42.49471807769864,-20.810152654311405
26.546399707692796,41.574546214130365,-20.81015265391973
25.94270651820217,40.62331077072725,-20.810152653547107
25.33143347948393,39.64118264975028,-20.81015265321025
24.71311035187159,38.628399298430004,-20.81015265292634
24.088234172986333,37.58526956817658,-20.810152652712397
23.45726482598326,36.51217851500789,-20.810152652584527
22.820620628660357,35.40959208039951,-20.81015265255715
22.178674010790324,34.2780615807352,-20.8101526526422
21.531747357878363,33.11822792201555,-20.810152652848387
20.88010911016811,31.9308254449304,-20.810152653180495
20.223970215541257,30.716685294440154,-20.81015265363891
19.5634810432919,29.476738198420495,-20.810152654219166
18.898728871807936,28.21201653262248,-20.810152654911846
18.229736066093096,26.923655545208533,-20.81015265570262
17.556459059932184,25.612893614507165,-20.81015265657244
16.87878825151316,24.281071419405055,-20.810152657498005
16.19654890979555,22.929629913825096,-20.810152658452303
15.509503171425832,21.560107015605297,-20.810152659405247
14.81735318447077,20.174132945965827,-20.810152660324384
14.119745426031477,18.77342418827809,-20.81015266117563
13.416276186776537,17.35977607307857,-20.810152661924022
12.70649817796556,15.935054038627785,-20.810152662534573
11.989928177464119,14.501183660659988,-20.810152662973195
11.26605559277273,13.060139588724466,-20.810152663207838
10.534351783586917,11.613933566877783,-20.810152663209806
9.794279956224742,10.164601750677198,-20.810152662955304
9.045305419492202,8.714191557998891,-20.81015266242718
8.286905977810651,7.264748306305475,-20.810152661616613
7.518582233649636,5.818301892566788,-20.810152660524786
6.739867577674071,4.376853763977658,-20.81015265916423
5.95033766092881,2.9423644087367298,-20.810152657559577
5.149619167544479,1.5167415681094307,-20.81015265574765
4.337397737003628,0.10182933609182446,-20.81015265377679
3.5134249197583487,-1.3006017261066536,-20.810152651705277
2.677524086624561,-2.688863374070213,-20.81015264959904
1.8295952486784002,-4.061357315347166,-20.810152647528714
0.9696187784105132,-5.416581684463775,-20.81015264556635
0.0976580531239869,-6.753136377448872,-20.81015264378192
-0.7861389330684401,-8.069727290449263,-20.81015264223997
-1.6815389223632091,-9.365169525395299,-20.810152640996577
-2.588223630869967,-10.638389637596708,-20.81015264009688
-3.5057907810816444,-11.888427006115135,-20.81015263957324
-4.433755835458731,-13.114434408583504,-20.810152639444134
-5.371554337412068,-14.31567787882045,-20.810152639713834
-6.318544769388086,-15.491535919192197,-20.810152640372753
-7.274011843751678,-16.64149813126104,-20.81015264139848
-8.237170149941067,-17.76516331880467,-20.810152642757316
-9.207168090219273,-18.862237107645427,-20.810152644406216
-10.183092045639777,-19.93252911759914,-20.810152646295037
-11.163970723051388,-20.97594971379089,-20.810152648368934
-12.14877964266164,-21.99250635799448,-20.810152650570704
-13.13644573352898,-22.982299575798645,-20.81015265284318
-14.125852011121196,-23.94551855242939,-20.810152655131265
-15.115842316602821,-24.88243636899835,-20.810152657383867
-16.10522610171331,-25.793404891741382,-20.81015265955535
-17.09278324595402,-26.678849329317792,-20.810152661606722
-18.077268894358973,-27.53926247724522,-20.81015266350635
-19.057418304481907,-28.375198673774314,-20.81015266523035
-20.031951690538232,-29.1872674976357,-20.81015266676256
-20.99957905108696,-29.97612724475488,-20.81015266809419
-21.959004964449985,-30.742478227836852,-20.81015266922321
-22.908933333495096,-31.487055949266896,-20.810152670153478
-23.84807205871875,-32.21062420365919,-20.810152670893785
-24.77513761601873,-32.91396817123328,-20.810152671456756
-25.688859513395453,-33.59788756667927,-20.810152671857807
-26.587984599285573,-34.26318991001238,-20.810152672114096
-27.471281194493805,-34.91068398592545,-20.81015267224363
-28.33754301987712,-35.54117355621912,-20.810152672264458
-29.185592893119733,-36.15545138602128,-20.810152672194068
-30.01428617012393,-36.75429363879355,-20.8101526720489
-30.82251390967634,-37.33845468775195,-20.81015267184405
-31.609205744019203,-37.90866238257221,-20.81015267159309
-32.373332442603285,-38.46561380044335,-20.810152671308
-33.11390816142847,-39.00997150005456,-20.810152670999216
-33.82999237577461,-39.54236028635114,-20.8101526706757
-34.520691499566645,-40.063364483271364,-20.810152670345072
-35.18516019988999,-40.573525701550814,-20.810152670013757
-35.82260242007919,-41.07334107938311,-20.810152669687106
-36.43227212917815,-41.563261965530444,-20.810152669369533
-37.013473819283924,-42.043693007590655,-20.81015266906461
-37.565562775243585,-42.51499160269143,-20.810152668775174
-38.08794514332329,-42.977467663966735,-20.810152668503378
-38.580077826791374,-43.43138365378799,-20.810152668250744
-39.04146823686844,-43.87695483382828,-20.810152668018222
-39.47167392723855,-44.31434968254457,-20.810152667806207
-39.87030213934899,-44.74369043244964,-20.81015266761458
-40.23700928412778,-45.16505368246877,-20.810152667442757
-40.571500383605894,-45.57847104457806,-20.810152667289707
-40.87352849333473,-45.983929788638825,-20.810152667154036
-41.142894123531526,-46.381373454712694,-20.81015266703403
-41.37944467365772,-46.77070240800543,-20.810152666927735
-41.583073891725995,-47.15177431779189,-20.810152666833076
-41.75372136612702,-47.52440454807439,-20.810152666747914
-41.891372054250446,-47.88836645418185,-20.810152666670234
-41.99605584872734,-48.24339158589465,-20.810152666598224
-42.06784717882313,-48.5891698038483,-20.810152666530445
-42.10686464144092,-48.92534932179994,-20.810152666466006
-42.113270653432146,-49.251536692708385,-20.81015266640468
-42.087271114532626,-49.56729676135472,-20.81015266634709
-42.0291150683209,-49.87215261029528,-20.810152666294847
-41.939094347199955,-50.165585529174884,-20.810152666250637
-41.81754318659379,-50.44703503973088,-20.81015266621835
-41.66483779337235,-50.715899010098326,-20.810152666203066
-41.481395854003004,-50.97153389221665,-20.810152666211078
-41.26767596907962,-51.21325511520212,-20.810152666249746
-41.02417700268534,-51.44033766548723,-20.810152666327355
-40.75143733745245,-51.65201688137871,-20.810152666452854
-40.45003402911494,-51.847489485536464,-20.8101526666355
-40.12058185769714,-52.02591487385815,-20.81015266688445
-39.763732276106424,-52.18641667354335,-20.81015266720825
-39.38017226064042,-52.32808457692151,-20.81015266761433
-38.970623071600556,-52.44997645120022,-20.810152668108405
-38.535838935641614,-52.551120717882924,-20.81015266869392
-38.07660566449931,-52.63051898947984,-20.810152669371554
-37.59373922715905,-52.68714894553886,-20.810152670138674
-37.08808429421522,-52.719967425176876,-20.810152670989016
-36.560512774013255,-52.727913709375244,-20.810152671912395
-36.011922360094964,-52.709912963447124,-20.810152672894564
-35.44323510845518,-52.66487980836254,-20.810152673917248
-34.8553960611798,-52.59172198904567,-20.810152674958278
-34.24937193022997,-52.489344108298845,-20.81015267599195
-33.62614985155567,-52.35665139657278,-20.810152676989453
-32.986736215484626,-52.19255349026749,-20.81015267791947
-32.332155574576376,-51.99596819446411,-20.810152678748903
-31.66344962500368,-51.7658252097929,-20.81015267944366
-30.9816762521688,-51.50106980737776,-20.810152679969576
-30.28790862581766,-51.200666440317804,-20.81015268029332
-29.58323432449938,-50.86360228485013,-20.810152680383446
-28.868754463932365,-50.4888907090969,-20.81015268021141
-28.145582798754642,-50.07557467208052,-20.81015267975266
-27.41484476230655,-49.62273006047953,-20.810152678987702
-26.67767640454389,-49.12946897541673,-20.81015267790321
-25.935223183914477,-48.59494298647584,-20.81015267649314
-25.188638565039362,-48.01834637521712,-20.810152674759753
-24.43908237029891,-47.39891939580559,-20.810152672714754
-23.68771882990692,-46.73595158608914,-20.810152670380205
-22.935714271741208,-46.028785168669465,-20.81015266778946
-22.184234389079744,-45.276818588282545,-20.8101526649879
-21.434441021489437,-44.4795102391881,-20.81015266203349
-20.687488381495744,-43.6363824442408,-20.81015265899707
-19.944518657455646,-42.74702575576753,-20.810152655962177
-19.2066569214829,-41.81110365706568,-20.810152653024506
-18.475005270670255,-40.82835775185975,-20.81015265029057
-17.75063613070831,-39.79861353677964,-20.810152647875697
-17.034584653999577,-38.721786857952374,-20.810152645900946
-16.32784015042626,-37.59789115588719,-20.810152644488955
-15.63133649924542,-36.427045601347224,-20.81015264375848
-14.945941506651359,-35.20948421675365,-20.810152643817652
-14.27244519716787,-33.94556606031304,-20.81015264475588
-13.611547060289062,-32.63578652051394,-20.810152646634826
-12.963842318918244,-31.2807897236119,-20.810152649478812
-12.329807345358848,-29.881381992865514,-20.810152653265682
-11.709784425700546,-28.438546212628843,-20.810152657919293
-11.103966165328982,-26.953456841021854,-20.810152663305335
-10.512379936283924,-25.427495181820735,-20.810152669232433
-9.934872888166028,-23.862264372566933,-20.810152675460287
-9.371098171746105,-22.259603379179463,-20.810152681716215
-8.820503147687914,-20.621599120567232,-20.81015268772014
-8.282320456602365,-18.950595699027694,-20.81015269321623
-7.755562891553048,-17.249199608539165,-20.810152698006853
-7.23902301803558,-15.520279762265769,-20.810152701982556
-6.731278407647041,-13.7669612516152,-20.8101527051401
-6.23070317328446,-11.99261194521496,-20.810152707581402
-5.73548620909348,-10.200821367636749,-20.81015270948935
-5.2436561561274795,-8.39537175550432,-20.81015271108215
-4.753112661788701,-6.580201739803995,-20.81015271255439
-4.26166302257715,-4.759363691319794,-20.810152714018617
-3.7670628532587678,-2.936976317694818,-20.810152715463204
-3.267059072336386,-1.1171745376155826,-20.81015271673913
-2.759433285909488,0.6959410869139483,-20.81015271758087
-2.2420436216405597,2.4983530461697305,-20.810152717656962
-1.712863215978832,4.286171586633361,-20.810152716637603
-1.1700138667912654,6.055673694013208,-20.810152714262653
-0.6117937830036577,7.803335151165029,-20.810152710394632
-0.03669883335821395,9.525855049983981,-20.810152705046654
0.5565628415487651,11.220172701886872,-20.81015269838283
1.1690625852977594,12.883477377486358,-20.810152690694885
1.8016487664891612,14.513211672920189,-20.81015268236323
2.4549493102093667,16.107069532696848,-20.81015267381169
3.1293783161951048,17.662990062470445,-20.810152665464223
3.8251458371476703,19.1791482601228,-20.810152657709082
4.542269934785207,20.653943707705775,-20.810152650873388
5.280590220230538,22.085988129325592,-20.81015264520841
6.0397821992009515,23.474092557053233,-20.810152640884375
6.819371864987487,24.81725467912788,-20.81015263799265
7.618750101652643,26.114646786659005,-20.810152636552985
8.437186568765172,27.365604595589534,-20.810152636523753
9.273842833406627,28.569617104048408,-20.81015263781348
10.127784593861238,29.726317552158154,-20.810152640292408
10.997992902861476,30.835475480386965,-20.81015264380336
11.883374348085228,31.89698983088866,-20.810152648171464
12.782770185864468,32.91088300066192,-20.81015265321252
13.694964452959752,33.877295732443706,-20.810152658740087
14.618691102838337,34.79648271595611,-20.810152664571284
15.552640228958714,35.66880876580179,-20.81015267053157
16.495463449577112,36.49474544079558,-20.810152676458564
17.44577853768154,37.2748679711672,-20.81015268220514
18.402173386635454,38.00985236367865,-20.810152687641832
19.36320940749749,38.70047255949167,-20.810152692658768
20.327424458046078,39.34759752518022,-20.810152697167087
21.293335406339214,39.95218816349993,-20.810152701099916
22.259440433070598,40.51529393753548,-20.810152704412893
23.224221176807717,41.03804910996821,-20.810152707084214
24.18614482409526,41.52166850888299,-20.8101527091141
25.143666242023794,41.96744274325788,-20.81015271052371
26.095230243860495,42.37673280552505,-20.810152711353354
27.03927406844978,42.7509640157244,-20.810152711660052
27.974230141179824,43.091619281979675,-20.810152711514437
28.89852916841927,43.40023167524265,-20.810152710997063
29.81060359872741,43.67837634208996,-20.810152710194256
30.70889146335225,43.927661807088626,-20.81015270919377
31.591840586333436,44.149720744788205,-20.810152708080366
32.45791313193266,44.34620032936162,-20.810152706931788
33.30559043530866,44.518752295691826,-20.81015270581526
34.13337804261365,44.66902286758257,-20.81015270478487
34.939810870267756,44.79864272511619,-20.81015270387998
35.72345838118104,44.90921719258129,-20.810152703124743
36.4829296689942,45.002316829837746,-20.810152702528768
37.21687834049712,45.079468602990985,-20.810152702088722
37.924007091339945,45.14214779493411,-20.81015270179072
38.603071880620654,45.19177079342272,-20.81015270161322
39.252885625157774,45.22968886517165,-20.81015270153001
39.87232135315478,45.25718299074062,-20.810152701513218
40.46031477823208,45.27545979871461,-20.810152701535802
41.01586627705508,45.285648600976224,-20.81015270157369
41.538042275673234,45.28879949569789,-20.810152701607162
42.025976070005804,45.28588247277874,-20.8101527016217
42.47886812370437,45.277787429160526,-20.810152701608224
42.895985901210736,45.26532497968575,-20.81015270156286
43.27666330483217,45.24922793336147,-20.810152701486338
43.62029979197461,45.23015329509878,-20.8101527013832
43.926359252444925,45.208684648897034,-20.81015270126083
44.1943687262755,45.18533477945866,-20.8101527011285
44.42391704027421,45.16054839461834,-20.810152700996507
44.6146534369558,45.13470481993756,-20.810152700875296
44.76628626316803,45.10812054854836,-20.81015270077484
44.87858177805367,45.08105154308872,-20.810152700704055
44.95136313139209,45.05369520172338,-20.810152700670393
44.984509554166664,45.02619191628243,-20.81015270067952
44.97795579365032,44.9986261671045,-20.810152700735102
44.93169181555644,44.97102711599071,-20.81015270083872
44.84576278596537,44.9433686756168,-20.81015270098978
44.72026933585869,44.91556905074522,-20.81015270118558
44.555368101195555,44.887489763603654,-20.810152701421437
44.35127252156146,44.85893419284038,-20.810152701690864
44.10825387054041,44.82964567249139,-20.81015270198593
43.82664248117242,44.799305214304916,-20.81015270229767
43.506829120283015,44.7675289333797,-20.810152702616637
43.14926645630405,44.73386527308274,-20.81015270293364
42.754470556724236,44.697792140189804,-20.810152703240526
42.3230223438725,44.65871407456764,-20.8101527035311
41.85556893178677,44.615959588796734,-20.810152703802085
41.352824762949275,44.56877882112463,-20.81015270405404
40.81557246219534,44.51634164919918,-20.810152704292104
40.24466332662414,44.457736411334636,-20.81015270452652
39.641017375276455,44.39196937588986,-20.810152704772715
39.00562289097542,44.31796508716615,-20.81015270505092
38.33953539912567,44.23456769784095,-20.81015270538514
37.643876044249446,44.14054337350528,-20.81015270580148
36.91982934412415,44.0345838249802,-20.810152706325905
36.168640322786935,43.915310989831596,-20.81015270698146
35.39161104631977,43.78128284740982,-20.810152707785214
34.5900966079349,43.631000313695125,-20.810152708745186
33.76550063003437,43.462915125342704,-20.810152709857537
32.919270369205236,43.27543858875213,-20.810152711104397
32.05289152425537,43.06695104174784,-20.810152712452588
31.16788285637329,42.83581185422541,-20.810152713853384
30.265790733656406,42.58036978106899,-20.81015271524358
29.34818370937208,42.29897347635014,-20.810152716547663
28.41664723462048,41.98998198220513,-20.810152717681063
27.472778592198868,41.651775018175385,-20.810152718554214
26.51818212040346,41.28276291599403,-20.810152719077163
25.55446477445827,40.881396069256134,-20.810152719164297
24.583232050547057,40.446173795381675,-20.810152718739054
23.6060842743453,39.97565253701222,-20.81015271773815
22.624613233681117,39.46845335986211,-20.81015271611524
21.640399114472118,38.92326873271836,-20.810152713843884
20.655007681113585,38.338868601729104,-20.810152710919667
19.669987627492052,37.714105794678,-20.81015270736154
18.686868012974795,37.04792081129665,-20.81015270321239
17.707155689073762,36.33934607280401,-20.810152698538943
16.732332616830043,35.58750971799511,-20.810152693430993
15.763852972035007,34.791639044694904,-20.81015268800009
14.80313993487417,33.95106370467136,-20.810152682377677
13.851582062139936,33.065218767569846,-20.810152676712686
12.910529143567866,32.13364777539268,-20.81015267116861
11.98128744898277,31.15600591363836,-20.810152665919922
11.065114279832377,30.132063428331524,-20.810152661147818
10.16321174757645,29.061709419422762,-20.810152657035164
9.276719712764345,27.944956139674048,-20.81015265376049
8.406707833217503,26.781943923039304,-20.810152651491016
7.554166688562516,25.572946856149187,-20.81015265037473
6.719997972744496,24.31837928883994,-20.810152650531386
5.905003777644916,23.01880325236706,-20.81015265204296
5.109875031248535,21.67493681437228,-20.81015265494378
4.335179204664587,20.287663345101542,-20.81015265921124
3.581347465160618,18.8580415973301,-20.81015266475812
2.8486615280193766,17.38731641122046,-20.810152671428025
2.1372405481205634,15.876929744645661,-20.810152678995507
1.4470284905149846,14.328531601388775,-20.81015268717271
0.7777825232235904,12.743990289393329,-20.81015269562385
0.12906307722725766,11.125401298403373,-20.810152703988027
-0.4997736932625429,9.475093955225931,-20.810152711909666
-1.1095802574381557,7.795634914566642,-20.81015271907349
-1.7014180545471922,6.089827496663557,-20.810152725239465
-2.2765530829342246,4.3607059136020325,-20.81015273027102
-2.83644610141752,2.6115235550912095,-20.810152734149735
-3.3827370271013466,0.8457347442505921,-20.810152736971048
-3.917223411916986,-0.9330302765166189,-20.810152738919015
-4.44183324592468,-2.7209969293473573,-20.81015274022337
-4.958592737437731,-4.514283761998099,-20.810152741107203
-5.46959011484255,-6.308944604292609,-20.810152741737284
-5.976936832943367,-8.101013814785363,-20.810152742189203
-6.482727800803496,-9.886552715894174,-20.81015274243606
-6.989002343634943,-11.661695190967869,-20.810152742362938
-7.4977075533690885,-13.422690483528829,-20.81015274180254
-8.010665479434275,-15.165941487074482,-20.810152740581806
-8.5295452927009,-16.88803720552608,-20.810152738567375
-9.055841166152547,-18.5857785427435,-20.810152735699845
-9.590856205869063,-20.25619708047599,-20.810152732010426
-10.135692381917414,-21.89656696877565,-20.81015272761929
-10.691246086405801,-23.504410436693988,-20.810152722718986
-11.258208706352772,-25.077497708445495,-20.810152717548426
-11.837071448532772,-26.61384227458372,-20.810152712364037
-12.428133586333963,-28.111692527976928,-20.810152707412968
-13.031513301039498,-29.569520749496245,-20.810152702912053
-13.6471603440425,-30.98601034194773,-20.8101526990338
-14.274869834157938,-32.36004208655066,-20.810152695899603
-14.914296609260706,-33.69068005482778,-20.810152693578914
-15.56496966113554,-34.977157666180645,-20.81015269209303
-16.22630628752423,-36.218864248786595,-20.810152691421735
-16.897625690159845,-37.41533234539329,-20.810152691511497
-17.578161829145312,-38.566225909103586,-20.81015269228395
-18.267075411502258,-39.671329457704104,-20.81015269364405
-18.963464945617407,-40.730538197150054,-20.810152695487336
-19.666376835002072,-41.743849083171,-20.810152697706002
-20.37481451600135,-42.711352761900265,-20.810152700193843
-21.08774666668026,-43.63322631322937,-20.81015270285002
-21.804114529816868,-44.509726711729826,-20.81015270558177
-22.522838403291555,-45.34118491728002,-20.810152708306276
-23.24282335748083,-46.128000509168025,-20.810152710951748
-23.962964242602414,-46.87063678196064,-20.8101527134579
-24.682150050146948,-47.56961622771694,-20.810152715776013
-25.399267692204102,-48.22551633634973,-20.810152717868558
-26.113205261115198,-48.838965653507664,-20.81015271970866
-26.822854829795464,-49.410640042862376,-20.810152721279277
-27.527114850498133,-49.94125910688485,-20.81015272257231
-28.224892206892058,-50.43158272694314,-20.81015272358762
-28.91510397118974,-50.88240768978974,-20.810152724332017
-29.596678914748033,-51.29456437322973,-20.810152724818206
-30.26855881709789,-51.66891346900494,-20.810152725063784
-30.929699614755027,-52.00634272575079,-20.810152725090237
-31.579072427425537,-52.307763699344015,-20.810152724921956
-32.21566449535572,-52.5741085021233,-20.810152724585357
-32.83848005759295,-52.806326546381456,-20.810152724107972
-33.44654119684371,-53.00538128123407,-20.81015272351769
-34.03888867246537,-53.17224692548188,-20.81015272284202
-34.61458275895219,-53.307905202398906,-20.81015272210742
-35.172704103126286,-53.41334208547122,-20.810152721338746
-35.71235460918789,-53.489544566937724,-20.81015272055876
-36.2326583568882,-53.53749746348609,-20.810152719787773
-36.73276255444412,-53.55818027556352,-20.810152719043334
-37.21183852449718,-53.552564118397626,-20.81015271834008
-37.66908271850833,-53.521608743916,-20.810152717689657
-38.10371775254611,-53.46625967323847,-20.810152717100717
-38.51499345552609,-53.387445459245924,-20.810152716579083
-38.90218791963407,-53.28607509787832,-20.810152716127902
-39.26460854193617,-53.16303560528061,-20.81015271574793
-39.60159304604008,-53.01918977573027,-20.810152715437862
-39.91251047309933,-52.85537413250185,-20.81015271519466
-40.19676213239435,-52.672397080542225,-20.810152715013935
-40.4537825031112,-52.47103726615814,-20.810152714890332
-40.68304008068263,-52.25204214498932,-20.81015271481787
-40.88403816305554,-52.01612675550249,-20.81015271479028
-41.056315574397,-51.76397269124743,-20.810152714801294
-41.199447325937534,-51.49622726131531,-20.810152714844914
-41.31304521576967,-51.21350282497508,-20.810152714915557
-41.396758371374354,-50.9163762834597,-20.810152715008265
-41.45027374035357,-50.60538870943661,-20.810152715118754
-41.47331653623397,-50.2810450929068,-20.810152715243497
-41.46565064722259,-49.94381418118927,-20.810152715379726
-41.42707901640632,-49.594128390291345,-20.8101527155254
-41.35744400207537,-49.232383765345055,-20.810152715679173
-41.256627726616365,-48.85893996888635,-20.81015271584033
-41.124552421776585,-48.47412027753034,-20.81015271600868
-40.96118077707217,-48.078211569996085,-20.81015271618449
-40.76651629673673,-47.6714642923929,-20.810152716368385
-40.54060366892389,-47.25409239011799,-20.810152716561248
-40.28352914893922,-46.82627319954802,-20.810152716764126
-39.995420956134495,-46.3881472968451,-20.810152716978145
-39.67644968180845,-45.93981830554587,-20.810152717204428
-39.32682870307966,-45.48135266906401,-20.810152717444016
-38.94681459528897,-45.01277939871194,-20.81015271769779
-38.53670753311188,-44.53408981223418,-20.810152717966407
-38.09685166827618,-44.045237282038634,-20.81015271825025
-37.62763546964847,-43.54613701620734,-20.81015271854933
-37.12949200953741,-43.036665898856285,-20.810152718863275
-36.602899178421026,-42.51666241939012,-20.810152719191223
-36.04837980899891,-41.98592672255465,-20.81015271953179
-35.4665016895526,-41.4442208128312,-20.810152719882993
-34.85787744611636,-40.891268947549726,-20.810152720242193
-34.223164272957234,-40.32675825304609,-20.810152720605995
-33.563063491366044,-39.75033959719367,-20.810152720970205
-32.878319917786044,-39.161628749665454,-20.810152721329747
-32.169721023851494,-38.560207858321306,-20.81015272167859
-31.438095872956325,-37.94562726619376,-20.8101527220097
-30.6843138204832,-37.31740768872199,-20.810152722315003
-29.909282967737482,-36.67504276525865,-20.810152722585382
-29.11394836287,-36.01800199257988,-20.810152722810713
-28.299289945542498,-35.34573404133469,-20.810152722979982
-27.466320235682176,-34.65767044927148,-20.810152723081437
-26.616081770270725,-33.95322967789466,-20.810152723102817
-25.749644295601083,-33.231821512159996,-20.810152723031713
-24.86810172569943,-32.492851776143056,-20.81015272285597
-23.972568880549968,-31.73572733152523,-20.81015272256418
-23.064178020294687,-30.959861320428594,-20.810152722146274
-22.144075193652778,-30.164678609752094,-20.810152721594154
-21.2134164203874,-29.349621390828602,-20.810152720902316
-20.273363728745437,-28.514154885999126,-20.81015272006855
-19.325081069445826,-27.657773112593773,-20.81015271909451
-18.369730128061903,-26.78000465477296,-20.810152717986238
-17.40846605762771,-25.88041839461746,-20.81015271675458
-16.442433153114923,-24.9586291556175,-20.81015271541538
-15.472760489207058,-24.01430321411582,-20.81015271398951
-14.500557542680355,-23.04716363709595,-20.81015271250268
-13.526909820823363,-22.05699540774692,-20.81015271098493
-12.552874517817168,-21.043650303246622,-20.81015270946996
-11.57947622196451,-20.007051491962393,-20.810152707994163
-10.60770269818149,-18.947197819564682,-20.810152706595478
-9.63850077229908,-17.86416775521271,-20.810152705312
-8.672772346472403,-16.758122969869355,-20.81015270418058
-7.711370578326463,-15.6293115188567,-20.81015270323524
-6.755096260290267,-14.478070599957684,-20.810152702505682
-5.8046944397444,-13.304828856757544,-20.81015270201591
-4.860851324931347,-12.110108194632849,-20.81015270178292
-3.924191525796996,-10.894525074050188,-20.810152701815795
-2.9952756827353055,-9.658791242927567,-20.810152702115005
-2.074598539237519,-8.403713867115874,-20.810152702672138
-1.1625875163066637,-7.130195016021176,-20.810152703470052
-0.2596018467711906,-5.839230459509622,-20.81015270448347
0.6340676740951574,-4.531907733039479,-20.810152705679947
1.5181982693485219,-3.2094034309651494,-20.81015270702126
2.392634047050759,-1.8729796936185144,-20.81015270846503
3.257284117060148,-0.5239798624537241,-20.810152709966616
4.112119934826444,0.8361767105531068,-20.81015271148105
4.957171864601633,2.2060006979296523,-20.81015271296493
5.792524972516777,3.5839396567368107,-20.810152714378162
6.618314079978652,4.9683856736242715,-20.810152715685504
7.4347181290379485,6.357683732718366,-20.81015271685767
8.2419539328158,7.750140721309585,-20.810152717872153
9.040269404654248,9.144034966071452,-20.810152718713596
9.829936378225325,10.53762617223574,-20.81015271937384
10.611243146268501,11.929165621090442,-20.810152719851594
11.384486856930307,13.316906468549188,-20.810152720151923
12.149965913075413,14.699113980315635,-20.81015272028546
12.907972520944703,16.074075537946946,-20.81015272026754
13.658785530018509,17.440110255115535,-20.810152720117255
14.402663696131272,18.795578054358412,-20.810152719856504
15.139839485349889,20.13888807095988,-20.81015271950898
15.870513517734,21.46850627136048,-20.81015271909928
16.594849728914472,22.782962197395804,-20.81015271865194
17.312971304641774,24.080854773378572,-20.810152718190707
18.02495742026758,25.36085713916618,-20.810152717737672
18.730840794649925,26.621720497618508,-20.81015271731267
19.4306060471796,27.86227698814695,-20.810152716932716
20.12418882827001,29.081441618533336,-20.81015271661159
20.81147567825724,30.278213304281696,-20.810152716359546
21.49230455750784,31.45167507816148,-20.81015271618324
22.16646598169439,32.60099354226792,-20.810152716085707
22.833704690553166,33.72541764103829,-20.810152716066618
23.493721775718033,34.82427683655913,-20.810152716122534
24.146177193062705,35.89697876762581,-20.810152716247355
24.79069258695427,36.94300647187592,-20.810152716432796
25.426854357478543,37.961915246428475,-20.81015271666893
26.054216906605475,38.95332921731836,-20.810152716944728
26.672306005017337,39.91693768206592,-20.81015271724861
27.280622227566923,40.85249128335265,-20.81015271756894
27.878644411766466,41.75979806529958,-20.810152717894447
28.465833100088105,42.63871945751154,-20.81015271821465
29.04163393299556,43.48916622603632,-20.810152718520094
29.605480965390136,44.3110944248132,-20.810152718802634
30.156799884451193,45.10450137612127,-20.81015271905552
30.695011111629917,45.86942170401366,-20.810152719273496
31.219532775794175,46.605923440740106,-20.810152719452816
31.72978354822302,47.31410422269356,-20.810152719591176
32.22518533333225,47.99408758942971,-20.81015271968763
32.70516581170848,48.64601939675513,-20.810152719742455
33.1691608342785,49.27006435271036,-20.810152719757028
33.616616668286376,49.866402683438025,-20.810152719733622
34.046992097238366,50.43522693437559,-20.810152719675287
34.45976037814869,50.976738910903954,-20.81015271958563
34.85441106032069,51.491146761478035,-20.810152719468704
35.2304516705663,51.978662205331545,-20.810152719328805
35.587409270236954,52.43949790605762,-20.810152719170418
35.9248318897438,52.87386499169826,-20.810152718998012
36.2422898464098,53.281970721412094,-20.810152718816013
36.539376951546075,53.66401629831805,-20.810152718628682
36.8157116125987,54.02019482772402,-20.810152718440083
37.07093783608658,54.35068941963681,-20.810152718254006
37.30472613686061,54.65567143420889,-20.810152718073972
37.516774358969116,54.93529886860489,-20.81015271790318
37.706808413124705,55.18971488366417,-20.81015271774453
37.8745829354402,55.419046468692876,-20.8101527176006
38.0198818717424,55.62340324273698,-20.810152717473677
38.14251899138697,55.80287639076403,-20.81015271736574
38.24233833409055,55.95753773331156,-20.810152717278488
38.31921459286999,56.08743892833987,-20.810152717213363
38.37305343573786,56.192610804250016,-20.810152717171547
38.40379176834956,56.27306282328782,-20.810152717153983
38.41139793933464,56.32878267484348,-20.810152717161365
38.395871889574245,56.35973599846634,-20.81015271719415
38.35724524621146,56.365866236735506,-20.810152717252556
38.29558136170254,56.34709461845168,-20.81015271733655
38.21097529773675,56.30332027293351,-20.81015271744584
38.10355375337208,56.23442047650522,-20.810152717579815
37.973474936253375,56.14025103254308,-20.810152717737584
37.82092837530006,56.020646786699395,-20.810152717917912
37.646134672771176,55.87542227913894,-20.810152718119177
37.44934519313565,55.70437253579878,-20.810152718339367
37.23084168569519,55.50727400081769,-20.810152718576028
36.99093583742322,55.28388561237257,-20.81015271882627
36.72996875199537,55.03395002420941,-20.8101527190867
36.448310350493216,54.75719497516687,-20.810152719353468
36.146358688762064,54.45333480896594,-20.810152719622216
35.82453918589524,54.12207214648524,-20.810152719888144
35.48330375780153,53.76309971266351,-20.810152720146014
35.12312984929215,53.376102320077536,-20.810152720390228
34.744519357601625,52.96075901113935,-20.810152720614912
34.34799743974105,52.51674536074926,-20.810152720814013
33.93411119558126,52.04373594113319,-20.81015272098146
33.50342821809231,51.54140695048695,-20.81015272111131
33.05653500174124,51.00943900694318,-20.81015272119795
32.594035199698155,50.44752010926169,-20.810152721236317
32.11654772024937,49.85534876550773,-20.810152721222146
31.624704652704022,49.23263729080327,-20.810152721152217
31.119149013151535,48.579115274983145,-20.810152721024608
30.600532300734837,47.894533220620076,-20.81015272083898
30.069511855710928,47.178666351344724,-20.810152720596815
29.526748011547777,46.4313185896133,-20.810152720301602
28.972901034735962,45.652326701981124,-20.810152719959042
28.408627847964883,44.84156460843,-20.81015271957715
27.83457853492424,43.99894785025631,-20.810152719166272
27.25139262834507,43.12443820832949,-20.810152718739026
26.65969518709479,42.218048460040485,-20.810152718310107
26.060092673288967,41.279847258835325,-20.81015271789601
25.453168646567516,40.309964114732104,-20.81015271751459
24.839479299973966,39.30859444752695,-20.8101527171845
24.219548870306827,38.27600467641201,-20.8101527169245
23.59386496536752,37.21253730041236,-20.810152716752697
22.962873861126837,36.118615913426076,-20.810152716685714
22.326975833300924,34.99475008584931,-20.81015271673777
21.68652059988965,33.84154003203877,-20.81015271691986
21.041802963478535,32.6596809696137,-20.810152717238964
20.393058753991024,31.44996706341094,-20.810152717697406
19.740461183404364,30.213294834550357,-20.810152718292358
19.084117732869725,28.950665904501427,-20.810152719015647
18.424067698750083,27.66318893638353,-20.810152719853694
17.760280526279722,26.352080632210892,-20.81015272078778
17.092655056829926,25.01866564666355,-20.810152721794466
16.421019806204118,23.664375286394066,-20.810152722846205
15.745134376260483,22.290744879803082,-20.810152723912022
15.064692080085186,20.899409726184842,-20.81015272495828
14.37932383198597,19.49209956516551,-20.81015272594936
13.688603318371657,18.070631546775573,-20.81015272684847
12.992053425364736,16.63690172791446,-20.810152727618263
12.289153855598691,15.192875170250522,-20.810152728221716
11.579349822430487,13.74057476498878,-20.810152728623038
10.862061667451421,12.282068958238892,-20.8101527287889
10.13669520952203,10.819458593588893,-20.810152728689907
9.402652603243553,9.354863122796585,-20.810152728302374
8.659343464020191,7.890406458656797,-20.81015272761033
7.906196007181634,6.428202754347807,-20.81015272660752
7.142667950676248,4.9703423902240536,-20.810152725299282
6.368256944325933,3.51887843256747,-20.8101527237039
5.582510312371321,2.0758138007794225,-20.810152721853335
4.785033928099354,0.6430893423173799,-20.81015271979306
3.975500077281889,-0.7774270286237187,-20.81015271758089
3.1536542082621195,-2.183950018845495,-20.810152715284893
2.3193205081279142,-3.574785406293418,-20.810152712980482
1.472406284094543,-4.948337231336849,-20.810152710746827
0.6129051650132259,-6.303113745309193,-20.81015270866306
-0.259100831596817,-7.63773216304196,-20.8101527068043
-1.1434402972728421,-8.950922289173866,-20.810152705238064
-2.0398524075085014,-10.241529103416529,-20.810152704021114
-2.9479877746860814,-11.50851439817815,-20.81015270319701
-3.8674100741143618,-12.750957563861073,-20.810152702794475
-4.797598337475207,-13.968055613890318,-20.810152702826613
-5.737949811323449,-15.15912253434803,-20.810152703290896
-6.68778328479083,-16.323588033234977,-20.81015270417
-7.646342799394475,-17.460995753023205,-20.810152705433225
-8.61280166399693,-18.57100099833162,-20.810152707038462
-9.58626670876504,-19.653368019106395,-20.81015270893451
-10.565782722802965,-20.70796687929957,-20.81015271106365
-11.550337030482288,-21.7347699322158,-20.810152713364296
-12.538864170964318,-22.73384791678443,-20.810152715773583
-13.530250653712836,-23.705365684214517,-20.810152718229865
-14.523339769728736,-24.64957756188694,-20.810152720674843
-15.51693644368029,-25.56682236090559,-20.810152723055488
-16.50981211600681,-26.457518035357566,-20.810152725325484
-17.500709646456432,-27.32215600482783,-20.81015272744629
-18.488348231458666,-28.161295156818824,-20.810152729387763
-19.471428327361526,-28.975555552120436,-20.81015273112832
-20.44863657006463,-29.765611863491245,-20.81015273265477
-21.41865067918012,-30.53218658583799,-20.810152733961743
-22.380144331814684,-31.27604306397893,-20.81015273505087
-23.331791987676336,-31.99797839159884,-20.810152735929726
-24.272273643768564,-32.69881624170636,-20.810152736610682
-25.2002794937394,-33.379399694373866,-20.810152737109682
-26.114514464283335,-34.040584131411556,-20.81015273744506
-27.013702599093577,-34.68323026960911,-20.81015273763644
-27.89659125992651,-35.308197404066576,-20.81015273770378
-28.76195511450248,-35.916336930835186,-20.81015273766659
-29.60859988229182,-36.508486213611455,-20.810152737543323
-30.435365811713492,-37.08546285270319,-20.81015273735097
-31.241130865826815,-37.64805940614562,-20.81015273710478
-32.02481359808201,-38.197038603014434,-20.810152736818253
-32.785375704918216,-38.733129078051924,-20.810152736503056
-33.52182424772686,-39.257021645131275,-20.8101527361692
-34.23321354268323,-39.76936611528618,-20.810152735825152
-34.91864672293367,-40.27076865347357,-20.810152735478027
-35.5772769833711,-40.7617896573263,-20.81015273513376
-36.20830852351928,-41.24294213124757,-20.81015273479728
-36.81099720869972,-41.71469052058655,-20.810152734472638
-37.38465097353636,-42.177449963527046,-20.810152734163108
-37.92862999487196,-42.63158591285073,-20.81015273387129
-38.442346663278684,-43.0774140759597,-20.810152733599143
-38.925265383537734,-43.51520061944891,-20.810152733348044
-39.37690223476801,-43.945162584038584,-20.810152733118798
-39.796824520357035,-44.36746845669527,-20.81015273291168
-40.1846502365678,-44.78223884914047,-20.81015273272644
-40.5400474867528,-45.18954723549973,-20.810152732562326
-40.862733865601655,-45.58942070640292,-20.81015273241814
-41.152475834882054,-45.98184070222742,-20.810152732292273
-41.40908810880885,-46.36674369420146,-20.810152732182782
-41.63243306358915,-46.74402178858436,-20.810152732087445
-41.82242018193921,-47.1135232359533,-20.810152732003896
-41.97900553954094,-47.475052834597435,-20.81015273192971
-42.10219133659077,-47.8283722240072,-20.810152731862548
-42.192025473876,-48.17320007130718,-20.810152731800326
-42.24860116927941,-48.50921216007948,-20.810152731741354
-42.272056607344254,-48.83604139722531,-20.810152731684518
-42.262574611614795,-49.15327775918018,-20.810152731629465
-42.22038232698385,-49.46046820379781,-20.810152731576768
-42.14575089730991,-49.757116578417296,-20.81015273152809
-42.03899512218661,-50.04268355790082,-20.8101527314863
-41.90047307602232,-50.31658664866003,-20.810152731455602
-41.730585672567905,-50.57820029578093,-20.810152731441516
-41.52977615874802,-50.82685613023949,-20.81015273145091
-41.2985295231113,-51.06184339183468,-20.810152731491822
-41.037371806393494,-51.28240956085872,-20.810152731573318
-40.74686930452786,-51.487761227728186,-20.810152731705163
-40.42762765784533,-51.677065224918245,-20.810152731897432
-40.0802908240552,-51.84945003973499,-20.810152732160013
-39.705539936726105,-52.00400751993186,-20.810152732502104
-39.30409205521014,-52.13979487717593,-20.810152732931556
-38.87669881606909,-52.25583698617634,-20.81015273345428
-38.42414499986165,-52.3511289701958,-20.810152734073625
-37.94724703043243,-52.4246390569716,-20.810152734789774
-37.44685142642317,-52.47531168304925,-20.810152735599285
-36.92383322645204,-52.502070819422286,-20.810152736494686
-36.37909441016335,-52.50382348736326,-20.810152737464215
-35.81356233707242,-52.47946343055697,-20.810152738491745
-35.22818822380188,-52.42787490816771,-20.81015273955683
-34.62394567795957,-52.34793657328759,-20.81015274063497
-34.001829303623865,-52.238525402255036,-20.810152741697987
-33.36285338929638,-52.0985206424855,-20.810152742714614
-32.70805068439938,-51.926807749561284,-20.810152743651155
-32.03847126509978,-51.7222822882024,-20.810152744472337
-31.355181484601015,-51.483853776195126,-20.810152745142165
-30.65926299722299,-51.21044945520514,-20.81015274562495
-29.951811839738482,-50.90101797748408,-20.810152745886295
-29.233937547681162,-50.55453300265988,-20.810152745894214
-28.506762278787804,-50.16999670398876,-20.810152745620186
-27.771419910460356,-49.74644318858846,-20.81015274504032
-27.029055073176977,-49.28294184126258,-20.810152744136435
-26.2808220771639,-48.77860060659696,-20.8101527428972
-25.527883685357796,-48.23256922913254,-20.810152741319236
-24.7714096817182,-47.64404247669208,-20.8101527394082
-24.01257518025922,-47.01226337747817,-20.810152737179823
-23.25255861672207,-46.33652650748922,-20.810152734660893
-22.492539361576124,-45.61618137123393,-20.81015273189006
-21.733694890005143,-44.850635925751355,-20.810152728918588
-20.97719744172853,-44.039360305605754,-20.810152725810774
-20.224210100997546,-43.18189081479337,-20.81015272264412
-19.475882225036262,-42.27783426023916,-20.810152719509052
-18.733344147809788,-41.32687271050218,-20.810152716508085
-17.997701085669693,-40.328768771988585,-20.81015271375433
-17.27002617269026,-39.283371482691486,-20.810152711369046
-16.551352557120175,-38.19062292923598,-20.81015270947824
-15.842664497338925,-37.050565695439964,-20.81015270820798
-15.144887407326856,-35.86335124791317,-20.810152707678395
-14.458876819555838,-34.62924935414029,-20.81015270799633
-13.785406259329083,-33.348658608275755,-20.810152709246637
-13.125154061158216,-32.022118106324754,-20.810152711482605
-12.478689207118832,-30.650320262022042,-20.810152714715997
-11.84645633152197,-29.234124684086797,-20.810152718907833
-11.228760117427568,-27.774572941689993,-20.810152723961295
-10.625749409172197,-26.272903926259424,-20.810152729718663
-10.037401480000119,-24.730569374801288,-20.810152735964202
-9.46350702110674,-23.14924895691375,-20.810152742435005
-8.90365655021848,-21.53086415365196,-20.810152748840764
-8.357229062009337,-19.877589986417547,-20.81015275489227
-7.823383842160637,-18.191863509613146,-20.810152760335892
-7.3010564205364545,-16.476387889228093,-20.810152764989123
-6.788959623461302,-14.734130881413176,-20.81015276876963
-6.28559057857927,-12.968316629796265,-20.810152771709582
-5.7892443128269555,-11.182409939317639,-20.81015277394807
-5.298034261400631,-9.380092563924853,-20.81015277569894
-4.809919587120691,-7.565231549726448,-20.810152777197352
-4.322738728787297,-5.741840262825089,-20.810152778635914
-3.8342481053337343,-3.9140333372426883,-20.81015278010589
-3.3421644622449858,-2.0859773235508547,-20.810152781559992
-2.8442090202449246,-0.26183922307093466,-20.81015278280816
-2.3381514231900637,1.5542647077000789,-20.810152783549178
-1.8218515079065294,3.358317534916043,-20.810152783430482
-1.2932971288036454,5.146445527635935,-20.810152782121072
-0.7506366310409347,6.914955715318385,-20.810152779379663
-0.1922050233561592,8.66036606846942,-20.810152775103248
0.38345660801924675,10.3794278544415,-20.810152769347706
0.9775884393343991,12.069140285456552,-20.810152762320183
1.591205607433792,13.726758042224391,-20.810152754348845
2.2250975798086863,15.349792591018655,-20.810152745839467
2.8798323285504326,16.93600840652143,-20.810152737228407
3.555764359688477,18.483415278952354,-20.810152728939734
4.25304565269034,19.990257846606124,-20.81015272135157
4.971638629646874,21.455003384105865,-20.8101527147735
5.711330377343847,22.87632872220206,-20.810152709434906
6.47174746836262,24.253107002294072,-20.810152705482512
7.252370854271324,25.584394797386032,-20.81015270298468
8.052550424279984,26.869419973888878,-20.8101527019402
8.871518930097382,28.107570532874,-20.81015270228948
9.708405069193232,29.298384557972195,-20.810152703926505
10.562245593723322,30.441541309875827,-20.810152706710536
11.431996372071627,31.53685344218103,-20.81015271047677
12.316542376218818,32.584260266928695,-20.81015271504581
13.214706603225961,33.583821967155814,-20.81015272023162
14.125257965293553,34.53571463464111,-20.810152725848237
15.046918202184218,35.440226000763836,-20.810152731715128
15.978367884038025,36.29775172441628,-20.81015273766162
16.918251583170232,37.10879210116007,-20.810152743530374
17.865182301385317,37.87394906073938,-20.81015274918012
18.81774524541327,38.59392332456632,-20.810152754487845
19.774501047736273,39.26951160018951,-20.810152759350416
20.73398853354837,39.90160369570769,-20.810152763685828
21.694727136897598,40.49117944354797,-20.810152767433927
22.65521907006195,41.03930533017694,-20.810152770556794
23.61395134965045,41.54713073650708,-20.81015277303859
24.56939778046866,42.015883703463814,-20.810152774884934
25.520020993485552,42.44686614889503,-20.810152776121612
26.46427462695219,42.84144847620475,-20.81015277679276
27.400605729594687,43.20106353213653,-20.81015277695833
28.32745745171142,43.52719989119289,-20.810152776690927
29.24327207400566,43.82139446716754,-20.810152776072165
30.14649440536588,44.08522447778814,-20.810152775188516
31.035575560100412,44.320298815771906,-20.810152774127033
31.908977103128443,44.528248907598595,-20.810152772971097
32.765175529335465,44.71071916861879,-20.8101527717965
33.6026670218965,44.86935718814832,-20.81015277066812
34.41997241511016,45.00580379927416,-20.810152769637504
35.2156422713987,45.12168320361425,-20.810152768741407
35.98826197069139,45.21859332987516,-20.810152768001526
36.73645670423643,45.298096605779996,-20.810152767425226
37.458896264439986,45.36171131536385,-20.81015276700727
38.15429952765563,45.41090369791943,-20.810152766732276
38.82143853756357,45.44708092179189,-20.810152766577552
39.459142112113135,45.47158503707979,-20.810152766516154
40.066298915869204,45.48568797782909,-20.810152766519753
40.6418599607118,45.49058764849428,-20.81015276656114
41.18484051981919,45.48740509333851,-20.810152766616238
41.69432146139794,45.47718271299135,-20.81015276666545
42.169450028540226,45.460883461254696,-20.810152766694443
42.6094401089603,45.4393909287382,-20.810152766694348
43.01357205253922,45.41351019887725,-20.810152766661474
43.38119210523263,45.383969346755265,-20.810152766596726
43.71171153488999,45.35142144192747,-20.81015276650475
44.00460552804021,45.3164469127982,-20.810152766393024
44.25941193704194,45.279556131461106,-20.810152766270875
44.475729954610856,45.24119208354035,-20.81015276614862
44.65321878810845,45.20173299667253,-20.810152766036733
44.79159639960096,45.161494813056905,-20.810152765945197
44.89063837002672,45.120733405253795,-20.810152765882947
44.950176937239576,45.079646449515145,-20.810152765857467
44.97010024854032,45.03837488689788,-20.810152765874456
44.95035185880195,44.997003918882854,-20.810152765937648
44.89093049559667,44.95556350096238,-20.81015276604868
44.791890102938446,44.91402831452915,-20.810152766207057
44.65334016541243,44.87231721433648,-20.810152766410187
44.47544630459319,44.83029216577997,-20.810152766653488
44.25843112977428,44.787756703258964,-20.81015276693064
44.00257531517557,44.74445395786821,-20.810152767233863
43.708218866034485,44.70006431954043,-20.810152767554385
43.375762526452675,44.654202815310235,-20.810152767882975
43.00566927276294,44.60641630128695,-20.810152768210678
42.59846582778792,44.556180580759516,-20.81015276852961
42.15474412404938,44.502897574031664,-20.81015276883386
41.675162638198074,44.445892676392695,-20.810152769120442
41.16044751516703,44.3844124482701,-20.81015276939017
40.61139339932201,44.31762278524097,-20.810152769648393
40.0288638916849,44.24460771438155,-20.810152769905457
39.413791557546766,44.164368956702646,-20.810152770176757
38.76717741773092,44.07582638265561,-20.810152770482258
38.090089869465366,43.97781946870824,-20.810152770845434
37.38366299907027,43.869109837983736,-20.81015277129155
36.64909426795344,43.748384937581385,-20.810152771845345
35.887641574923656,43.61426287057593,-20.81015277252827
35.10061972049247,43.46529836338358,-20.810152773355433
34.28939632133853,43.29998981109655,-20.810152774332586
33.45538724404311,43.11678730664491,-20.810152775453396
32.600051645167014,42.91410152640072,-20.810152776697393
31.724886718467825,42.690313317086904,-20.810152778028858
30.831422258562274,42.44378380823259,-20.810152779396763
29.921215153001686,42.172864862060244,-20.810152780735987
28.995843911363757,41.87590966911979,-20.810152781969666
28.05690333083091,41.55128330308025,-20.810152783012605
27.105999383495725,41.19737306112734,-20.810152783775422
26.14474439230789,40.812598436172316,-20.810152784169244
25.174752541378407,40.39542059198105,-20.810152784110485
24.19763574360281,39.9443512406346,-20.810152783525503
23.214999865550922,39.45796085168485,-20.810152782354805
22.22844128745944,38.93488615237059,-20.810152780556646
21.239543755913445,38.37383690697754,-20.81015277810983
20.249875469119758,37.77360198986007,-20.81015277501574
19.260986320001365,37.1330547901515,-20.810152771299503
18.27440521087284,36.45115800647411,-20.810152767010408
17.291637345176042,35.72696790701036,-20.81015276222162
16.314161396490125,34.959638144326135,-20.810152757029186
15.343426452507162,34.14842322569507,-20.810152751550547
14.38084863157424,33.292681748762,-20.81015274592242
13.427807271454688,32.39187951957263,-20.81015274029813
12.4856405939405,31.445592675544418,-20.810152734844415
11.55564075476461,30.453510939937352,-20.810152729737574
10.639048195992904,29.415441136635245,-20.810152725158844
9.737045228007105,28.331311094096353,-20.810152721289064
8.850748780845109,27.201174064358103,-20.810152718302355
7.981202280834044,26.02521377577441,-20.81015271635889
7.129366629194477,24.803750225111884,-20.810152715596722
6.29611028593261,23.53724629372317,-20.810152716122776
5.482198496397459,22.22631524140689,-20.810152718003447
4.688281740986588,20.871729087707834,-20.810152721255108
3.914883542170286,19.474427831298446,-20.810152725835646
3.162387828422783,18.03552938161589,-20.81015273163797
2.4310261321598823,16.55633998196538,-20.81015273848713
1.7208649874179114,15.038364790365002,-20.810152746142453
1.0317939898441635,13.483318156553796,-20.81015275430652
0.36351508106979424,11.893132997302516,-20.810152762641764
-0.2844662869740575,10.269968538162066,-20.810152770794957
-0.912847376781779,8.61621557335506,-20.810152778428108
-1.5225310055913126,6.934498316161524,-20.81015278525244
-2.114624235130211,5.227671892055563,-20.8101527910603
-2.6904322177562046,3.498814587979375,-20.81015279574862
-3.2514466572213894,1.7512141309790934,-20.8101527993278
-3.799328576263023,-0.01165246413648794,-20.810152801911705
-4.335885393137009,-1.786145572041613,-20.81015280368844
-4.8630426746395345,-3.5684958109516556,-20.810152804876502
-5.382811320251359,-5.354842249854669,-20.81015280567534
-5.897251296996055,-7.141274691650399,-20.810152806221822
-6.4084333403876075,-8.923878383450772,-20.810152806563398
-6.918400221852132,-10.69877926967199,-20.810152806654337
-7.429129229659744,-12.462187839727997,-20.810152806375314
-7.942497411207015,-14.21043974028835,-20.810152805570247
-8.460250893791715,-15.940031604234592,-20.810152804090208
-8.983979271849012,-17.647650952613713,-20.8101528018334
-9.515095665614037,-19.33019949515903,-20.81015279877264
-10.054822666681398,-20.984809629183573,-20.81015279496603
-10.604184031644094,-22.608854363268684,-20.810152790551086
-11.164001696092459,-24.199951233698005,-20.810152785726352
-11.734897473887017,-25.755961018779374,-20.81015278072584
-12.317298683555116,-27.274982187020644,-20.81015277579223
-12.911446897161381,-28.755342050870553,-20.810152771153025
-13.517409022708872,-30.1955855578653,-20.810152767002506
-14.135089991889183,-31.594462558175028,-20.81015276349048
-14.764246413929701,-32.95091426359333,-20.8101527607175
-15.404500658771607,-34.26405947653946,-20.810152758735406
-16.05535493749548,-35.5331810327635,-20.810152757551744
-16.716205046872297,-36.75771277768222,-20.8101527571366
-17.386353533331924,-37.93722728908667,-20.810152757430536
-18.065022107176716,-39.071424470606196,-20.81015275835269
-18.75136320001014,-40.16012107074867,-20.810152759808297
-19.444470607781707,-41.20324113007248,-20.810152761695374
-20.143389199939044,-42.20080732179952,-20.81015276391028
-20.847123703603934,-43.15293312637202,-20.810152766352097
-21.55464659217835,-44.05981576553591,-20.81015276892598
-22.264905121957113,-44.921729814172224,-20.810152771545553
-22.976827569598232,-45.739021406284294,-20.810152774134423
-23.6893287288762,-46.512102953623284,-20.810152776627078
-24.401314727984197,-47.24144830007878,-20.810152778969197
-25.111687229517166,-47.927588241160365,-20.810152781117583
-25.819347074735532,-48.5711063449015,-20.810152783039715
-26.52319743220602,-49.172635017793525,-20.81015278471311
-27.222146508747173,-49.73285176654619,-20.81015278612452
-27.915109877985024,-50.25247561334542,-20.810152787268983
-28.601012478890805,-50.73226362871352,-20.810152788148876
-29.278790333516625,-51.17300755202147,-20.810152788772886
-29.94739202982234,-51.57553047515438,-20.810152789155016
-30.605780012026617,-51.94068356982212,-20.810152789313573
-31.252931717336057,-52.26934284358441,-20.810152789270212
-31.887840594218908,-52.562405913879466,-20.810152789049017
-32.50951703360625,-52.82078879325721,-20.810152788675662
-33.1169892405395,-53.04542268266644,-20.810152788176573
-33.70930406986157,-53.23725077305692,-20.810152787578215
-34.285527845603006,-53.39722505874418,-20.810152786906425
-34.84474717978631,-53.52630316894142,-20.810152786185828
-35.38606980251287,-53.62544522656438,-20.81015278543935
-35.908625411469046,-53.69561074582465,-20.810152784687798
-36.41156654545616,-53.73775558219284,-20.810152783949565
-36.89406948328383,-53.75282894997867,-20.8101527832404
-37.35533516643545,-53.74177052398153,-20.810152782573294
-37.79459014138324,-53.70550764235542,-20.810152781958443
-38.21108751535305,-53.64495262796377,-20.810152781403314
-38.60410791775917,-53.561000245039985,-20.810152780912762
-38.972960458472656,-53.45452530691093,-20.810152780489283
-39.31698367356173,-53.32638044889516,-20.810152780133198
-39.6355464491372,-53.177394078295045,-20.810152779843044
-39.92804891441753,-53.00836851072568,-20.81015277961582
-40.193923296045575,-52.820078298949994,-20.810152779447385
-40.43263472697458,-52.61326875702673,-20.81015277933274
-40.64368200481248,-52.38865467904598,-20.810152779266403
-40.826598296281226,-52.14691924815748,-20.810152779242642
-40.98095178631493,-51.88871312812169,-20.810152779255766
-41.106346272194315,-51.61465372636195,-20.81015277930034
-41.20242170490143,-51.32532461458724,-20.810152779371307
-41.26885468149865,-51.02127509059207,-20.810152779464172
-41.30535889371701,-50.70301986290928,-20.81015277957505
-41.311685539025305,-50.371038838655615,-20.810152779700704
-41.28762370120036,-50.02577699421112,-20.81015277983858
-41.2330007078056,-49.6676443083298,-20.810152779986772
-41.147682471996255,-49.29701573788843,-20.810152780143973
-41.03157382570953,-48.9142312177212,-20.810152780309412
-40.88461885058023,-48.51959566782166,-20.810152780482813
-40.70680121187193,-48.11337899356745,-20.81015278066428
-40.49814449936487,-47.69581606747478,-20.810152780854214
-40.25871257753416,-47.26710668424544,-20.81015278105327
-39.9886099455305,-46.827415484450896,-20.81015278126222
-39.68798210549008,-46.37687184602233,-20.81015278148192
-39.35701593560219,-45.915569746694814,-20.810152781713185
-38.995940062204625,-45.443567604597675,-20.810152781956763
-38.60502522301437,-44.9608881082005,-20.81015278221323
-38.18458461148845,-44.467518050719555,-20.81015278248295
-37.734974190303454,-43.96340818776831,-20.810152782766007
-37.256592960097784,-43.44847314040141,-20.81015278306212
-36.74988316799181,-42.92259136865796,-20.8101527833706
-36.215330439043015,-42.385605243163056,-20.810152783690313
-35.65346381275309,-41.83732124420611,-20.810152784019554
-35.06485566607,-41.27751031889579,-20.810152784356053
-34.450121504058174,-40.70590842742227,-20.810152784696843
-33.809919599575096,-40.122217309075765,-20.810152785038262
-33.14495046391409,-39.52610549743595,-20.810152785375838
-32.45595613145718,-38.91720961203785,-20.810152785704254
-31.74371924292281,-38.295135950843246,-20.8101527860173
-31.0090619137677,-37.65946240403607,-20.81015278630785
-30.252844376669657,-37.00974070508138,-20.810152786567862
-29.475963389724633,-36.34549902973714,-20.810152786788397
-28.67935040496325,-35.66624494791235,-20.81015278695974
-27.86396949494718,-34.97146872707761,-20.810152787071495
-27.030815038449735,-34.26064697953097,-20.810152787112802
-26.180909169460595,-33.53324663939116,-20.81015278707262
-25.315298996883826,-32.788729248929215,-20.810152786940055
-24.435053605230554,-32.0265555279503,-20.810152786704794
-23.541260849263413,-31.246190194578805,-20.810152786357573
-22.635023957867634,-30.447107001139063,-20.810152785890708
-21.717457964363,-29.628793944984277,-20.810152785298673
-20.789685982016945,-28.79075861119489,-20.810152784578655
-19.85283534468297,-27.932533602085755,-20.810152783731084
-18.908033633307873,-27.053682007425678,-20.81015278276014
-17.95640460958871,-26.153802869133653,-20.810152781674105
-16.999064078398856,-25.232536594880912,-20.810152780485623
-16.037115700841444,-24.28957027636646,-20.810152779211784
-15.071646780037007,-23.32464286988674,-20.810152777874002
-14.103724042122275,-22.33755019900564,-20.810152776497688
-13.134389435536125,-21.328149741457654,-20.810152775111742
-12.16465597259188,-20.296365164692364,-20.810152773747763
-11.195503638658098,-19.242190576511415,-20.810152772439103
-10.227875396041808,-18.16569445890032,-20.810152771219748
-9.26267331190472,-17.067023254290525,-20.810152770123064
-8.300754842222041,-15.946404574017055,-20.810152769180476
-7.342929306849161,-14.80414999863134,-20.81015276842014
-6.389954594081319,-13.640657439013793,-20.810152767865603
-5.442534136513899,-12.456413025997984,-20.81015276753474
-4.501314203326425,-11.251992494629427,-20.81015276743871
-3.5668815570646744,-10.028062027468787,-20.810152767581318
-2.639761525285633,-8.785378519810324,-20.81015276795862
-1.7204165387304462,-7.524789228680015,-20.81015276855888
-0.8092451876553752,-6.247230767405889,-20.81015276936293
0.09341815376380573,-4.953727408842162,-20.8101527703449
0.987303088750473,-3.6453886633989843,-20.810152771473227
1.8722023047382437,-2.323406103262188,-20.81015277271205
2.7479699938554565,-0.98904941188281,-20.810152774022704
3.6145195661746268,0.35633835184713775,-20.810152775365403
4.471820648141465,1.7113462723224884,-20.81015277670094
5.31989537407744,3.0745018609761026,-20.810152777992272
6.158813995848311,4.444278069624864,-20.81015277920592
6.988689854092984,5.819100978974488,-20.81015278031321
7.8096737730390835,7.1973580882026615,-20.810152781291052
8.62194795900192,8.577407112241492,-20.810152782122564
9.425719499218282,9.957585175507235,-20.810152782797246
10.221213571760135,11.336218275471317,-20.810152783310876
11.008666488045513,12.711630877646291,-20.810152783665195
11.788318696215129,14.082155496116087,-20.81015278386733
12.56040787590044,15.446142111260214,-20.810152783929063
13.32516225247192,16.8019672790812,-20.81015278386604
14.082794251819365,18.14804279447404,-20.810152783696847
14.833494605462073,19.48282378346661,-20.810152783442163
15.577427000952238,20.80481611620025,-20.81015278312381
16.314723354954456,22.112583052263744,-20.810152782763932
17.04547976701608,23.404751051847242,-20.81015278238418
17.76975319189081,24.680014708896813,-20.810152782004934
18.48755884831177,25.937140784916433,-20.81015278164474
19.198868363200614,27.174971343291496,-20.810152781319665
19.90360863316587,28.392426003185783,-20.81015278104298
20.601661370323338,29.588503348596465,-20.810152780824808
21.292863287306908,30.762281541671673,-20.810152780672027
21.977006866983487,31.912918199754813,-20.81015278058827
22.653841655826664,33.039649602864195,-20.810152780574015
23.32307601598664,34.14178930264835,-20.810152780626908
23.984379269560836,35.2187262055936,-20.810152780742065
24.63738416909361,36.26992220279042,-20.810152780912524
25.281689630550684,37.2949094163108,-20.81015278112968
25.916863668553205,38.29328712863397,-20.810152781383845
26.54244647816034,39.26471845697959,-20.81015278166466
27.157953612631385,40.208926829222776,-20.810152781961598
27.762879212093075,41.125692312576525,-20.81015278226438
28.356699243645014,42.0148478406814,-20.8101527825633
28.93887471896379,42.876275379329805,-20.810152782849563
29.50885486076719,43.7099020659112,-20.810152783115463
30.066080194467563,44.51569635288732,-20.81015278335454
30.609985545908142,45.293664181246804,-20.810152783561698
31.14000293019758,46.04384520596922,-20.810152783733187
31.655564320320437,46.766309092048296,-20.810152783866613
32.15610428740814,47.461151896565624,-20.810152783960827
32.64106250732217,48.128492549640086,-20.810152784015852
33.109886130556674,48.76846944476839,-20.810152784032745
33.562032014442615,49.38123714708134,-20.81015278401346
33.996968818266716,49.96696322632838,-20.810152783960667
34.41417896324304,50.52582521993544,-20.810152783877633
34.813160460327744,51.05800773022271,-20.810152783768068
35.19342860968564,51.563699658792416,-20.810152783635964
35.554517576229564,52.04309158017645,-20.81015278348549
35.89598184609226,52.496373256049154,-20.810152783320877
36.21739756917867,52.92373129064617,-20.81015278314633
36.51836379310896,53.32534692747234,-20.810152782965925
36.79850359391717,53.701393986920785,-20.81015278278359
37.05746510883501,54.052036944053725,-20.810152782603005
37.29492247637828,54.37742914550805,-20.810152782427625
37.510576688776716,54.677711164280254,-20.810152782260616
37.70415636155744,54.953009291011966,-20.81015278210486
37.875418424814654,55.20343416033634,-20.810152781962973
38.024148740382344,55.42907951085128,-20.810152781837267
38.150162648777155,55.63002107735542,-20.810152781729798
38.25330544940203,55.806315614110254,-20.81015278164236
38.33345281710069,55.95800004807136,-20.810152781576484
38.39051115773429,56.085090761256495,-20.810152781533475
38.42441790501691,56.18758300168028,-20.810152781514407
38.435141760400676,56.26545042257589,-20.810152781520113
38.42268287734584,56.31864474993437,-20.8101527815512
38.387072990850406,56.34709557871272,-20.810152781608053
38.32837549264832,56.350710298382715,-20.810152781690785
38.2466854520185,56.32937414880477,-20.81015278179928
38.14212958167845,56.282950407705776,-20.810152781933105
38.01486614776875,56.21128071130923,-20.810152782091524
37.865084822465725,56.11418550990285,-20.810152782273466
37.69300647729157,55.99146466032851,-20.810152782477466
37.498882914720106,55.84289815753702,-20.810152782701657
37.28299653520234,55.66824700746526,-20.810152782943707
37.04565993625596,55.46725424356401,-20.810152783200827
36.787215439774656,55.239646089334634,-20.810152783469707
36.50803454321342,54.98513326922449,-20.81015278374652
36.20851728979355,54.70341247018985,-20.810152784026922
35.88909155234215,54.39416795616944,-20.810152784306048
35.55021222483646,54.057073337627315,-20.810152784578563
35.19236031516169,53.691793498231895,-20.810152784838685
34.81604193201601,53.29798668064497,-20.81015278508031
34.421787158311325,52.87530673331072,-20.81015278529707
34.01014880283201,52.42340552006547,-20.810152785482497
33.58170102133717,51.941935494339184,-20.81015278563018
33.13703779774065,51.43055243969099,-20.81015278573397
32.67677127550016,50.888918378408626,-20.810152785788194
32.20152992891733,50.31670464989688,-20.81015278578791
31.711956563732286,49.71359516056536,-20.81015278572918
31.20870613622889,49.07928980687439,-20.81015278560936
30.69244338010448,48.413508073072684,-20.810152785427363
30.163840230659964,47.715992804911245,-20.810152785183952
29.623573036505704,46.986514160179205,-20.81015278488199
29.072319550037413,46.22487373619945,-20.810152784526633
28.510755689508574,45.43090887334445,-20.810152784125524
27.939552067715024,44.604497132071096,-20.81015278368883
27.35937028522684,43.74556093879133,-20.810152783229235
26.770858989871577,42.854072392943955,-20.810152782761786
26.174649708912302,41.93005822374942,-20.81015278230367
25.571352466191357,40.97360488014551,-20.81015278187377
24.961551203529325,39.98486373115473,-20.810152781492135
24.34579903395671,38.96405634627871,-20.81015278117927
23.72461336395083,37.91147981634312,-20.810152780955356
23.098470932729242,36.82751206448241,-20.810152780839324
22.467802828709157,35.71261708469926,-20.81015278084791
21.832989556268306,34.56735003182318,-20.810152780994667
21.194356239592782,33.39236207204819,-20.81015278128909
20.552168064174648,32.18840488805705,-20.810152781735816
19.906626069756406,30.956334717764182,-20.810152782334036
19.25786342036599,29.697115791879252,-20.81015278307715
18.60594228653341,28.41182302397832,-20.810152783952674
17.950851480687255,27.101643798921287,-20.810152784942453
17.292504987886414,25.76787870273704,-20.810152786023124
16.63074152926518,24.411941040975925,-20.810152787166736
15.965325283821345,23.03535500431893,-20.81015278834156
15.295947874711757,21.639752360923012,-20.810152789512912
14.62223169873837,20.22686758504042,-20.810152790643933
13.94373464249588,18.798531370644657,-20.810152791696275
13.259956186686448,17.35666252605819,-20.810152792630785
12.570344853096296,15.903258298943658,-20.8101527934081
11.874306899069282,14.440383237680201,-20.810152793989403
11.171216114946782,12.97015675161346,-20.81015279433736
10.460424534124101,11.494739585068636,-20.810152794417455
9.741273826355444,10.016319464474991,-20.810152794199666
9.013107115632145,8.537096211016257,-20.810152793660606
8.275280946598604,7.0592666302763805,-20.810152792785814
7.527177119354659,5.585009493933494,-20.81015279157213
6.768214121827708,4.116470916546675,-20.81015279002974
5.9978579107788175,2.655750404111415,-20.81015278818361
5.215631825041543,1.2048878127495766,-20.810152786074035
4.421125455136098,-0.23414859105319244,-20.810152783756074
3.614002338871213,-1.6594728290653404,-20.81015278129788
2.7940063997563365,-3.0692905820281458,-20.810152778777926
1.9609670910230208,-4.46190719608515,-20.810152776281377
1.114803250280266,-5.835734333542359,-20.810152773895894
0.25552570640728817,-7.189295314174005,-20.810152771707216
-0.6167612899926683,-8.521229222283923,-20.810152769794875
-1.5018597189351592,-9.830293874778786,-20.810152768228342
-2.3994784175912853,-11.115367756968354,-20.81015276706387
-3.309234564306259,-12.375451036583417,-20.8101527663422
-4.230655901296508,-13.60966576385438,-20.81015276608719
-5.163183580125018,-14.817255357863996,-20.810152766305386
-6.106175520853482,-15.99758346824997,-20.81015276698652
-7.058910185383614,-17.150132288080815,-20.810152768104725
-8.020590676929112,-18.27450037959853,-20.81015276962045
-8.990349089924736,-19.370400060555067,-20.81015277148283
-9.967251047238275,-20.4376543858956,-20.810152773632378
-10.950300373702621,-21.476193748183462,-20.81015277600389
-11.938443866258801,-22.486052110856775,-20.810152778529286
-12.930576131044482,-23.46736288142728,-20.81015278114043
-13.92554446632772,-24.420354427212676,-20.810152783771706
-14.922153777113163,-25.345345234152603,-20.81015278636219
-15.919171512455977,-26.242738709616667,-20.810152788857554
-16.91533261999481,-27.113017632707244,-20.81015279121145
-17.90934451400948,-27.956738260155404,-20.810152793386443
-18.899892053530888,-28.774524102203422,-20.810152795354448
-19.8856425258444,-29.567059390502045,-20.810152797096762
-20.86525062834913,-30.33508226861306,-20.810152798603646
-21.83736343842597,-31.079377744743347,-20.810152799873524
-22.80062535702546,-31.800770455362237,-20.810152800911997
-23.75368300743826,-32.50011729687344,-20.81015280173054
-24.69519006649267,-33.17829999003929,-20.81015280234521
-25.623812001568016,-33.836217647933765,-20.810152802775267
-26.538230683628026,-34.47477942243524,-20.810152803041888
-27.43714884423194,-35.09489730634629,-20.810152803167
-28.319294343381003,-35.69747916793579,-20.810152803172315
-29.183424215241367,-36.28342209194841,-20.810152803078534
-30.02832846030617,-36.853606095955385,-20.810152802904824
-30.852833555393627,-37.40888828349407,-20.81015280266843
-31.65580565691569,-37.950097486044285,-20.810152802384565
-32.43615347791688,-38.478029434899476,-20.810152802066355
-33.19283082524046,-38.99344249186577,-20.81015280172499
-33.92483878955849,-39.49705395496179,-20.81015280136988
-34.63122758761317,-39.98953694240952,-20.81015280100887
-35.31109806257123,-40.47151784569479,-20.810152800648492
-35.96360285462202,-40.94357433078354,-20.810152800294162
-36.58794725961869,-41.406233856089074,-20.81015279995035
-37.1833897984804,-41.859972666794285,-20.81015279962076
-37.74924252410179,-42.305215217853565,-20.81015279930838
-38.28487109556723,-42.74233397255186,-20.81015279901563
-38.78969465150369,-43.1716495199205,-20.8101527987443
-39.26318551543468,-43.59343095256437,-20.81015279849568
-39.704868766063754,-44.0078964464452,-20.810152798270483
-40.11432170459142,-44.41521398574711,-20.81015279806889
-40.49117324955016,-44.81550217894829,-20.81015279789056
-40.83510328733271,-45.20883111644295,-20.810152797734624
-41.1458420037028,-45.595223225298966,-20.810152797599724
-41.42316921822727,-45.97465408280133,-20.81015279748406
-41.6669137398645,-46.3470531571259,-20.810152797385463
-41.87695275799154,-46.71230445063267,-20.81015279730145
-42.05321127905106,-47.07024702869282,-20.810152797229357
-42.19566161484432,-47.420675424510236,-20.81015279716646
-42.304322924379456,-47.7633399179169,-20.81015279711011
-42.37926080719462,-48.09794669346585,-20.810152797057917
-42.42058694230135,-48.424157890174456,-20.810152797007923
-42.42845876342553,-48.741591561841005,-20.810152796958793
-42.40307915815017,-49.049821572825046,-20.810152796910018
-42.344696175977155,-49.34837745940188,-20.810152796862116
-42.25360272831154,-49.63674429113019,-20.81015279681681
-42.13013626201406,-49.91436256997029,-20.81015279677716
-41.974678387537786,-50.18062820703361,-20.810152796747687
-41.78765444281806,-50.43489261772511,-20.810152796734403
-41.5695329750557,-50.67646297558269,-20.810152796744763
-41.32082512432529,-50.904602663284905,-20.81015279678756
-41.04208389552413,-51.118531956099964,-20.81015279687266
-40.733903308484564,-51.31742896855204,-20.8101527970107
-40.39691741999358,-51.50043088941063,-20.810152797212613
-40.03179921585002,-51.66663552345051,-20.810152797489078
-39.63925937575783,-51.81510315102537,-20.810152797849938
-39.22004491858912,-51.9448587086342,-20.810152798303474
-38.77493774012566,-52.05489428565694,-20.810152798855768
-38.304753059564305,-52.14417192462938,-20.81015279950999
-37.8103377946278,-52.21162670514721,-20.810152800265776
-37.292568887854365,-52.25617008504111,-20.81015280111876
-36.752351608385595,-52.27669346710769,-20.810152802060106
-36.19061785421444,-52.272071955615864,-20.810152803076356
-35.60832447933507,-52.24116826416136,-20.810152804149332
-35.00645166854971,-52.1828367352641,-20.810152805256276
-34.386001379888086,-52.09592743236709,-20.8101528063702
-33.74799587078694,-51.97929026650666,-20.810152807460362
-33.09347631950439,-51.83177912272746,-20.810152808492926
-32.42350154788023,-51.65225595511902,-20.810152809431802
-31.739146845688833,-51.43959482393518,-20.810152810239504
-31.04150289065778,-51.192685853401535,-20.81015281087821
-30.33167475192595,-50.91043909431003,-20.810152811310775
-29.6107809584538,-50.59178828116196,-20.8101528115019
-28.87995260781216,-50.235694479307604,-20.81015281141922
-28.140332484969708,-49.84114962314608,-20.810152811034484
-27.393074155245646,-49.40717995194563,-20.810152810324702
-26.639340990531327,-48.93284935522458,-20.8101528092733
-25.880305083222744,-48.41726264494389,-20.810152807871265
-25.117145998029102,-47.8595687770903,-20.810152806118214
-24.351049307896762,-47.25896405068966,-20.810152804023513
-23.583204856668566,-46.61469531801542,-20.810152801607288
-22.814804687739006,-45.92606324588609,-20.81015279890134
-22.047040574829772,-45.192425674600514,-20.810152795949964
-21.28110108808246,-44.41320112833604,-20.810152792810555
-20.518168125969197,-43.58787253877066,-20.81015278955398
-19.759412841137383,-42.71599125224449,-20.810152786264602
-19.005990886390762,-41.79718139979096,-20.810152783039825
-18.259036905835735,-40.83114471853116,-20.810152779989018
-17.519658196200304,-39.81766592171824,-20.810152777231746
-16.78892746506078,-38.756618722361324,-20.810152774894977
-16.06787461701351,-37.64797262074397,-20.81015277310922
-15.357477506806129,-36.4918005677777,-20.810152772003352
-14.65865161151232,-35.28828761203738,-20.81015277169802
-13.972238593751948,-34.03774062605023,-20.810152772297688
-13.298993756813346,-32.740599183987435,-20.81015277388131
-12.639572432677229,-31.397447624936007,-20.810152776492266
-11.994515397829739,-30.00902827975836,-20.81015278012806
-11.364233481661735,-28.576255761639715,-20.81015278473121
-10.74899161982264,-27.10023211792828,-20.81015279018274
-10.148892710480592,-25.582262512486977,-20.810152796300446
-9.563861753246462,-24.0238709548664,-20.81015280284396
-8.993630883622771,-22.42681542056522,-20.81015280952851
-8.437726051188628,-20.7931015262498,-20.810152816048188
-7.895456213416776,-19.124993752312893,-20.810152822107945
-7.3659060101715355,-17.42502306655789,-20.81015282746074
-6.84793292372664,-15.695989726698285,-20.81015283194397
-6.340169891272302,-13.94096005784203,-20.81015283550678
-5.841034199755922,-12.163256143382844,-20.810152838219516
-5.348743243174305,-10.366437652802258,-20.810152840258816
-4.86133736096392,-8.554275458814768,-20.81015284186683
-4.3767095227179995,-6.7307172456393625,-20.81015284329051
-3.8926411193928208,-4.899845929787923,-20.810152844713812
-3.4068426219974977,-3.0658323317189535,-20.810152846200346
-2.9169974417678812,-1.2328840663363014,-20.81015284766279
-2.4208070335195333,0.5948070175767114,-20.81015284886904
-1.916035171583912,2.4131163824643207,-20.810152849484787
-1.4005494131275358,4.218034976789414,-20.81015284914185
-0.8723580325610727,6.005712025651228,-20.810152847514853
-0.3296411206015198,7.772490938363039,-20.810152844387844
0.2292249686375474,9.514937444313839,-20.810152839696926
0.8056501355408101,11.229859688991969,-20.8101528335428
1.4008198721044354,12.9143205786069,-20.810152826174992
2.015690900707559,14.565643101927757,-20.81015281795529
2.6509923340977406,16.181409655961996,-20.810152809310758
3.307231424991072,17.75945655688727,-20.810152800685703
3.984702922444413,19.297864946827556,-20.81015279250008
4.683501080226286,20.794949239046804,-20.81015278511839
5.403533445992112,22.249244110805456,-20.81015277883023
6.144535676436181,23.659490884311,-20.810152773841715
6.90608675373456,25.02462395634971,-20.81015277027554
7.687624108324927,26.343757764108865,-20.81015276817734
8.488458273029645,27.616174619685474,-20.810152767525746
9.30778679850549,28.841313614641518,-20.810152768244315
10.1447072479711,30.01876069038855,-20.8101527702138
10.99822916029524,31.148239889061493,-20.810152773283804
11.867284926342418,32.2296057401296,-20.81015277728323
12.750739566162363,33.26283669678558,-20.81015278202934
13.647399426579714,34.248029509489534,-20.810152787335383
14.556019842300241,35.18539440848529,-20.810152793016762
15.47531182084646,36.0752509596461,-20.810152798896105
16.403947824171443,36.91802445616274,-20.810152804807238
17.340566729015183,37.71424271040714,-20.81015281059834
18.283778054955885,38.464533114347205,-20.81015281613439
19.23216555434745,39.16961984215911,-20.810152821299052
20.184290262329952,39.830321074586074,-20.81015282599609
21.138693108026228,40.4475461308621,-20.810152830150354
22.093897189879932,41.02229240066591,-20.810152833708386
23.048409818684117,41.55564197582139,-20.810152836638554
24.000724430922645,42.048757889699004,-20.81015283893079
24.949322472260803,42.50287988197995,-20.81015284059579
25.89267534601966,42.919319618127844,-20.810152841663683
26.82924651392231,43.2994553070399,-20.810152842182042
27.757493826065375,43.64472567726766,-20.81015284221335
28.675872143835996,43.95662329206291,-20.810152841831787
29.582836303439098,44.23668720621266,-20.81015284111959
30.476844449121064,44.48649499276072,-20.810152840163003
31.356361744619587,44.70765419451636,-20.810152839048047
32.219864449626144,44.90179328263299,-20.810152837856425
33.0658443261232,45.070552231127145,-20.810152836661747
33.89281331851678,45.215572840430106,-20.810152835526413
34.699308432758066,45.33848896328095,-20.81015283449933
35.48389672432963,45.440916800929756,-20.810152833614676
36.24518029410224,45.52444544541799,-20.81015283289172
36.98180118542117,45.59062784374176,-20.810152832335735
37.69244607577621,45.64097235160088,-20.810152831939746
38.37585066206187,45.67693502840064,-20.810152831687013
39.030803649338246,45.69991280199759,-20.810152831553925
39.65615026837817,45.71123760268299,-20.810152831512948
40.250795266047234,45.71217153279561,-20.81015283153547
40.81370533343678,45.70390310310162,-20.810152831594223
41.34391095831118,45.68754453168298,-20.810152831665235
41.84050770955116,45.6641300674215,-20.810152831729102
42.302656980741936,45.634615269873116,-20.81015283177171
42.72958623697227,45.599877151638125,-20.81015283178439
43.12058882265807,45.560715069064656,-20.81015283176364
43.475023398449196,45.51785223265656,-20.810152831710496
43.792313081951946,45.471937699882425,-20.810152831629694
44.07194437025879,45.423548709861535,-20.810152831528747
44.31346592244263,45.37319322106144,-20.810152831416996
44.516487277674955,45.32131251895754,-20.810152831304745
44.68067757994626,45.268283769797435,-20.810152831202448
44.805764373982086,45.214422408412936,-20.810152831120078
44.89153252930375,45.159984261730386,-20.810152831066553
44.9378233408605,45.10516732465215,-20.810152831049372
44.944533845563846,45.05011312084734,-20.81015283107426
44.911616384612785,44.994907597355386,-20.810152831144997
44.83907843186191,44.93958151854396,-20.81015283126329
44.72698269874547,44.88411034174342,-20.81015283142875
44.57544751647543,44.82841357374006,-20.810152831638884
44.3846474864032,44.772353624227414,-20.810152831889273
44.154814379593155,44.71573418926685,-20.81015283217375
43.886238256838105,44.65829821474295,-20.810152832484736
43.57926877063371,44.59972550660093,-20.81015283281367
43.234316601154525,44.53963007110959,-20.81015283315159
42.85185496925161,44.47755728417893,-20.810152833489816
42.43242116121061,44.41298100341511,-20.81015283382076
41.976617992844375,44.345300749525286,-20.810152834138822
41.485115134892894,44.27383909417604,-20.81015283444132
40.95865021816174,44.197839398659944,-20.810152834729323
40.39802963586382,44.11646405089351,-20.81015283500836
39.80412896272006,44.0287933465508,-20.810152835288847
39.177892915919024,43.93382515284157,-20.810152835586035
38.520334792276465,43.830475480102905,-20.81015283591953
37.83253532890615,43.71758006683102,-20.81015283631214
37.1156409511785,43.59389705827659,-20.810152836788113
36.37086139117437,43.45811082795363,-20.810152837370797
35.59946668140559,43.30883695652764,-20.81015283807988
34.802783551169874,43.144628345141676,-20.810152838928364
33.98219127523059,42.963982402235615,-20.810152839919617
33.13911704515148,42.765349206437875,-20.810152841044754
32.275030951187475,42.547140515301194,-20.810152842280726
31.391440675897705,42.307739462478565,-20.81015284358936
30.48988600865072,42.0455107659911,-20.81015284491749
29.571933292351588,41.75881125860974,-20.81015284619832
28.639169909887393,41.446000548528865,-20.810152847353976
27.69319890825567,41.10545162428422,-20.810152848298976
26.735633843806134,40.73556123149895,-20.810152848944565
25.768093913507272,40.3347598692801,-20.810152849203362
24.792199415875153,39.90152127935068,-20.810152848994235
23.80956756248665,39.43437132954038,-20.81015284824685
22.821808638125717,38.93189622333607,-20.810152846905893
21.830522485726313,38.39274999723072,-20.81015284493448
20.83729527231669,37.81566129629549,-20.810152842316896
19.84369647482408,37.199439444758134,-20.81015283906046
18.851276010291436,36.542979851779776,-20.810152835196536
17.86156142397225,35.845268812792504,-20.810152830780765
16.876055040882957,35.10538778368857,-20.810152825892583
15.896230981533115,34.322517219042716,-20.81015282063406
14.92353194045629,33.49594007673558,-20.810152815128134
13.959365626534355,32.62504510020146,-20.810152809516303
13.005100766678146,31.709329996376873,-20.81015280395568
12.062062579012494,30.748404632487638,-20.810152798615533
11.131527628260299,29.741994378097054,-20.810152793673094
10.21471798464714,28.68994372011148,-20.810152789308717
9.312794618685405,27.592220277157605,-20.81015278570015
8.426849978213427,26.44891933501429,-20.81015278301598
7.557899711887158,25.260269015325463,-20.81015278140818
6.706873526032869,24.02663617397834,-20.8101527810038
5.874605190682043,22.748533101282543,-20.81015278189599
5.061821747196057,21.42662506113743,-20.81015278413484
4.26913201564772,20.061738658323414,-20.810152787718444
3.497014556370803,18.654870959661423,-20.8101527925854
2.7458053076240914,17.207199214394823,-20.81015279860962
2.01568520001295,15.720090921256153,-20.810152805599213
1.3066681365620112,14.195113875661399,-20.810152813300725
0.6185898214496103,12.634045704414639,-20.81015282141024
-0.04890198595045195,11.038882264823824,-20.810152829591903
-0.6963551313290952,9.411844161984865,-20.810152837503583
-1.324517918229275,7.755380538197502,-20.810152844827762
-1.9343404074537578,6.072169231567575,-20.810152851303734
-2.5269714461026602,4.365112407999556,-20.81015285675604
-3.1037508054277305,2.6373268616107506,-20.810152861112975
-3.6661959794573815,0.8921283668429005,-20.81015286440979
-4.215983446523932,-0.8669902457577661,-20.81015286677376
-4.754924512657366,-2.6363872408283755,-20.810152868392137
-5.284936215536394,-4.41230587022941,-20.81015286946863
-5.808008134742326,-6.190913067197745,-20.810152870177827
-6.326166285384952,-7.968341591082227,-20.810152870628315
-6.841435524210865,-9.74073395355915,-20.81015287084338
-7.355802034304471,-11.504286281244324,-20.810152870763815
-7.87117745595177,-13.25529026208437,-20.810152870271175
-8.389366096445514,-14.990171485269016,-20.81015286922446
-8.912036399860169,-16.705522792342983,-20.8101528675005
-9.440697524241486,-18.39813166603161,-20.810152865028165
-9.976681501889859,-20.065001137494853,-20.810152861809605
-10.521131092287352,-21.703364136765785,-20.810152857925598
-11.074993113453464,-23.310691598888955,-20.81015285352653
-11.639016781109278,-24.884694938958663,-20.810152848812876
-12.213756407747347,-26.423323709205963,-20.810152844010737
-12.799577715324554,-27.92475935218922,-20.810152839347246
-13.396666986631866,-29.387405978999855,-20.810152835029655
-14.005042306980442,-30.809879049639825,-20.81015283123012
-14.624566213356962,-32.19099273577898,-20.81015282807688
-15.254959157094646,-33.52974662399051,-20.8101528256512
-15.89581328524379,-34.82531228689768,-20.810152823989014
-16.546606145208095,-36.07702012277814,-20.81015282308585
-17.20671401002211,-37.28434674916667,-20.81015282290364
-17.875424603856295,-38.446903137327865,-20.810152823378417
-18.5519490771313,-39.56442359376545,-20.810152824427846
-19.235433137767863,-40.63675563184298,-20.810152825958298
-19.924967290380636,-41.66385072952742,-20.81015282787088
-20.619596170002225,-42.64575593600785,-20.810152830066468
-21.318326982796677,-43.58260626804485,-20.810152832449646
-22.020137084804393,-44.474617823996056,-20.81015283493165
-22.72398074254969,-45.32208153739195,-20.810152837432398
-23.428795127645724,-46.12535749086224,-20.810152839881788
-24.13350560244311,-46.88486971362382,-20.810152842220393
-24.837030356171116,-47.601101390438934,-20.810152844399582
-25.538284451605463,-48.27459041601837,-20.810152846381392
-26.236183341589854,-48.90592523560315,-20.810152848137978
-26.929645913129253,-49.49574091942822,-20.81015284965093
-27.617597114541645,-50.04471542563084,-20.810152850910445
-28.298970218497047,-50.55356601271146,-20.81015285191441
-28.972708770820116,-51.02304576877566,-20.8101528526674
-29.637768271771744,-51.453940230435705,-20.8101528531797
-30.293117633209484,-51.84706406942739,-20.810152853466338
-30.937740451590404,-52.20325782973044,-20.81015285354609
-31.570636133243834,-52.5233847023079,-20.810152853440606
-32.19082090472317,-52.80832732854983,-20.810152853173506
-32.79732873736113,-53.05898462716117,-20.810152852769587
-33.38921221142274,-53.276268642607555,-20.8101528522541
-33.96554334150136,-53.46110141634786,-20.810152851652028
-34.52541438106899,-53.614411884946925,-20.810152850987553
-35.067938620416065,-53.73713281176777,-20.810152850283497
-35.59225118864539,-53.83019776126976,-20.810152849560914
-36.09750986697687,-53.894538126954245,-20.810152848838765
-36.58289591743091,-53.931080225661816,-20.810152848133626
-37.04761492804956,-53.940742472189,-20.810152847459573
-37.49089767324161,-53.92443264901416,-20.81015284682807
-37.912000985652426,-53.8830452862617,-20.810152846248013
-38.3102086342027,-53.81745916686265,-20.810152845725778
-38.68483220164238,-53.72853497117394,-20.8101528452654
-39.03521195414033,-53.61711307410186,-20.81015284486876
-39.36071769507665,-53.48401150606188,-20.810152844535864
-39.66074959530177,-53.33002408694276,-20.810152844265104
-39.93473899264,-53.15591873969185,-20.81015284405356
-40.182149154292986,-52.96243598728804,-20.81015284389732
-40.40247599697546,-52.750287633813514,-20.810152843791766
-40.59524876101752,-52.520155627188984,-20.81015284373186
-40.76003063621309,-52.27269109801069,-20.810152843712387
-40.896419338799,-52.00851356593753,-20.810152843728197
-41.00404764053249,-51.72821030233135,-20.81015284377434
-41.08258385231815,-51.43233583545215,-20.81015284384628
-41.13173226615142,-51.12141158253636,-20.810152843939925
-41.15123356023507,-50.79592559160962,-20.81015284405175
-41.14086517294323,-50.45633237495283,-20.810152844178802
-41.10044165182073,-50.10305281578185,-20.810152844318715
-41.02981498399573,-49.736474129926606,-20.810152844469687
-40.92887491424299,-49.356949865096404,-20.810152844630444
-40.79754925647066,-48.96479992167056,-20.81015284480019
-40.63580420362887,-48.56031058081825,-20.810152844978525
-40.44364463998014,-48.14373452807816,-20.8101528451654
-40.221114458359864,-47.71529086325781,-20.810152845361035
-39.96829688352833,-47.275165090575555,-20.81015284556582
-39.68531480101543,-46.82350908629371,-20.810152845780276
-39.372331089029956,-46.36044104460002,-20.810152846004964
-39.02954894909541,-45.88604540610777,-20.81015284624041
-38.65721222913145,-45.40037277697801,-20.810152846487046
-38.255605730774434,-44.90343985023739,-20.810152846745154
-37.8250554908725,-44.395229344284616,-20.810152847014773
-37.36592902534985,-43.87568997676315,-20.810152847295665
-36.87863552206066,-43.344736494839424,-20.810152847587247
-36.363625967893874,-42.80224978538168,-20.810152847888517
-35.821393194291076,-42.24807709050165,-20.810152848198022
-35.25247182454337,-41.68203235532402,-20.810152848513763
-34.6574381057766,-41.10389673561761,-20.810152848833145
-34.03690960844871,-40.51341929299906,-20.81015284915295
-33.391544776490925,-39.910317904760014,-20.810152849469233
-32.72204231193867,-39.29428041394522,-20.810152849777317
-32.029140379020276,-38.66496604311357,-20.810152850071717
-31.31361561418998,-38.022007092263564,-20.81015285034616
-30.576281930481674,-37.36501093774015,-20.810152850593546
-29.81798910678243,-36.69356234462784,-20.81015285080602
-29.03962115512819,-36.00722610026924,-20.810152850975005
-28.242094461844555,-35.305549971246116,-20.810152851091352
-27.42635570122027,-34.58806798055887,-20.810152851145475
-26.593379523330753,-33.85430399599514,-20.81015285112762
-25.744166020542554,-33.10377561495196,-20.810152851028086
-24.87973798004787,-32.33599832543449,-20.810152850837667
-24.001137932428954,-31.550489917758846,-20.810152850547958
-23.109425008674513,-30.746775116782747,-20.810152850151866
-22.205671620218677,-29.924390400401002,-20.810152849644084
-21.290959978420627,-29.0828889666702,-20.81015284902153
-20.366378471443475,-28.221845809331246,-20.810152848283888
-19.43301791773987,-27.340862859706174,-20.810152847433976
-18.491967716344888,-26.439574151944466,-20.810152846478125
-17.54431191496935,-25.517650968334586,-20.81015284542645
-16.591125217549006,-24.57480692179423,-20.810152844292915
-15.63346895351827,-23.61080293359453,-20.810152843095338
-14.672387031727562,-22.625452065722914,-20.81015284185513
-13.708901902696947,-21.61862416889571,-20.810152840596913
-12.744010553873176,-20.590250308938703,-20.81015283934792
-11.778680563797046,-19.54032693590937,-20.81015283813721
-10.813846242637036,-18.46891976180044,-20.810152836994757
-9.850404888420545,-17.376167313825643,-20.810152835950362
-8.889213190482199,-16.262284131063446,-20.81015283503256
-7.931083814098977,-15.1275635725825,-20.810152834267413
-6.976782202905115,-13.972380205100977,-20.810152833677382
-6.027023638345151,-12.79719173780338,-20.8101528332803
-5.0824705979592295,-11.60254047127226,-20.81015283308842
-4.1437304564901725,-10.38905422676719,-20.81015283310777
-3.2113535754119584,-9.157446721533825,-20.81015283333769
-2.2858318272337668,-7.908517355735183,-20.81015283377069
-1.3675976005482533,-6.64315037728634,-20.81015283439264
-0.457023329985229,-5.362313392682372,-20.810152835183242
0.4455784082579362,-4.06705519517492,-20.810152836116856
1.3399542000253302,-2.758502886680351,-20.81015283716354
2.2259084680974444,-1.4378582768343888,-20.810152838290307
3.103301500041551,-0.10639355178945971,-20.81015283946256
3.972046822233548,1.2345537833019689,-20.81015284064553
4.832107926631467,2.5835866708016932,-20.81015284180569
5.683494371710079,3.939254943695176,-20.810152842912082
6.526257294762914,5.300062396584364,-20.810152843937445
7.360484388915142,6.664474418975105,-20.810152844859108
8.186294413940901,8.030926108613913,-20.810152845659594
9.003831324557448,9.397830767067482,-20.810152846327007
9.813258112489413,10.763588666168445,-20.810152846855033
10.614750468530838,12.12659596321953,-20.81015284724281
11.408490377470626,13.485253635678387,-20.810152847494535
12.194659761651772,14.837976302969759,-20.810152847618856
12.97343428788269,16.183200804380466,-20.810152847628242
13.744977447423125,17.51939440770343,-20.81015284753817
14.509435010077413,18.845062533150983,-20.81015284736633
15.266929941510458,20.15875589054096,-20.810152847131796
16.017557858399993,21.459076944150485,-20.81015284685421
16.76138307971704,22.744685638064006,-20.810152846553006
17.498435315110733,24.01430433437686,-20.810152846246726
18.228707013885906,25.266721936317726,-20.81015284595238
18.952151381164565,26.50079718735867,-20.810152845684915
19.66868105217187,27.71546115495174,-20.810152845456827
20.378167401701386,28.909718923089592,-20.810152845277848
21.08044045405607,30.08265053103936,-20.81015284515483
21.77528934933709,31.233411206130718,-20.81015284509166
22.46246331492199,32.36123094634538,-20.810152845089426
23.141673086270394,33.465413513753546,-20.810152845146558
23.812592718651885,34.545334902782535,-20.81015284525916
24.47486173076707,35.60044134817066,-20.810152845421378
25.128087522242954,36.63024693658844,-20.81015284562578
25.771848009322248,37.63433088364721,-20.810152845863854
26.405694426426596,38.61233453470465,-20.810152846126392
27.029154245367323,39.563958143833396,-20.81015284640393
27.641734168542033,40.488957480822286,-20.81015284668713
28.242923157264624,41.38714031136722,-20.81015284696712
28.83219546124107,42.258362790868894,-20.810152847235756
29.40901361997258,43.102525807636475,-20.810152847485863
29.97283141142664,43.91957130690332,-20.81015284771136
30.523096727583074,44.70947862296587,-20.810152847907375
31.05925436038179,45.47226084299866,-20.810152848070263
31.5807486851424,46.2079612226964,-20.81015284819762
32.08702623168037,46.91664967084597,-20.810152848288197
32.57753813611512,47.59841931722543,-20.810152848341843
33.05174246876517,48.253383175840106,-20.81015284835938
33.509106435577074,48.88167091341337,-20.810152848342476
33.94910845226473,49.48342573122031,-20.81015284829352
34.37124009177237,50.058801366760996,-20.810152848215463
34.775007906848984,50.60795922038669,-20.81015284811171
35.15993513046285,51.1310656107948,-20.810152847985957
35.52556325752035,51.62828916227425,-20.81015284784211
35.87145351190966,52.099798325695055,-20.81015284768415
36.19718820329024,52.54575903447796,-20.81015284751606
36.50237197831568,52.966332496141796,-20.810152847341747
36.78663297112678,53.3616731194956,-20.810152847164964
37.04962385800299,53.731926577114386,-20.810152846989297
37.29102282102458,54.07722800240261,-20.81015284681811
37.510534425489915,54.39770032030487,-20.81015284665451
37.70789041565998,54.693452710562624,-20.81015284650137
37.88285043317748,54.96457920233432,-20.81015284636129
38.03520266223572,55.211157398989435,-20.810152846236633
38.164764405261785,55.43324733194826,-20.810152846129494
38.27138259253476,55.6308904425628,-20.810152846041735
38.35493422878812,55.80410869121254,-20.810152845974986
38.415326779451384,55.952903793014016,-20.81015284593066
38.452498498774325,56.077256579806004,-20.810152845909936
38.46641870165042,56.17712648836398,-20.81015284591379
38.45708798052057,56.25245117510727,-20.810152845942987
38.42453836829407,56.30314625788082,-20.810152845998047
38.36883344777644,56.329105185710375,-20.810152846079266
38.29006840764317,56.33019923773481,-20.810152846186682
38.18837004454743,56.30627765280446,-20.810152846320037
38.063896710498284,56.25716789149033,-20.810152846478783
37.91683820419415,56.18267603247016,-20.81015284666201
37.74741560454307,56.08258730543779,-20.810152846868434
37.555881044145615,55.956666762818784,-20.81015284709634
37.34251742005453,55.80466009266654,-20.810152847343552
37.10763803865585,55.62629457515948,-20.8101528476074
36.85158619103467,55.42128018512433,-20.810152847884677
36.574734654691284,55.18931084297722,-20.810152848171626
36.277485116957514,54.93006581641071,-20.81015284846392
35.96026751492332,54.643211275068445,-20.810152848756694
35.623539286119865,54.328402000349975,-20.810152849044506
35.26778452361346,53.985283252386715,-20.810152849321454
34.893513028547694,53.613492796137066,-20.810152849581208
34.50125925252932,53.212663088474606,-20.810152849817104
34.09158112159373,52.78242362809784,-20.810152850022305
33.66505873281712,52.32240347008043,-20.81015285018994
33.22229291397814,51.83223390691161,-20.810152850313315
32.763903636030015,51.31155131794788,-20.81015285038613
32.290528267551494,50.76000018930332,-20.810152850402734
31.802819659830497,50.17723630633513,-20.81015285035843
31.301444050840853,49.56293012101059,-20.810152850249757
30.78707877614612,48.91677029654053,-20.8101528500748
30.260409774766163,48.23846743168722,-20.810152849833507
29.72212887834049,47.52775796704063,-20.810152849527952
29.17293087260017,46.78440827523079,-20.81015284916262
28.613510321311427,46.00821893640806,-20.810152848744583
28.044558144586404,45.19902919926235,-20.810152848283643
27.466757945889096,44.356721626227596,-20.810152847792345
26.880782085327844,43.481226919172244,-20.810152847285924
26.287287501057047,42.57252891863032,-20.810152846782053
25.68691128595092,41.630669765292026,-20.8101528463005
25.080266033295793,40.65575520684722,-20.810152845862596
24.46793497319469,39.64796002617023,-20.81015284549055
23.8504669307775,38.60753355807934,-20.810152845206606
23.228371148201802,37.534805251378124,-20.810152845032135
22.602112024780993,36.430190220539906,-20.810152844986536
21.972103843255642,35.29419471729458,-20.810152845086197
21.33870556496992,34.12742143673125,-20.81015284534346
20.702215792106642,32.93057455574358,-20.81015284576569
20.062868010565108,31.704464384351425,-20.810152846354498
19.420826241723578,30.4500114935226,-20.810152847105286
18.776181244191807,29.16825016775714,-20.810152848007053
18.12894741651781,27.8603310182999,-20.810152849042503
17.479060557313066,26.527522585039755,-20.810152850188537
16.826376638989057,25.171211753663766,-20.810152851416962
16.170671743904197,23.792902821152598,-20.81015285269535
15.511643296070512,22.39421505868967,-20.810152853988026
14.848912696926755,20.976878647516223,-20.81015285525696
14.182029439891675,19.54272890051594,-20.810152856462537
13.510476736051219,18.093698729782183,-20.810152857564155
12.833678633834118,16.6318093765005,-20.810152858520752
12.151008561181865,15.159159481501447,-20.81015285929125
11.461799162579403,13.677912639182422,-20.810152859835206
10.765353248992877,12.190283639853845,-20.81015286011381
10.060955630100112,10.698523661337548,-20.81015286009134
9.347885558869564,9.204904715444204,-20.810152859737208
8.625429491630433,7.711703685117498,-20.81015285902845
7.892893854410915,6.22118630107607,-20.81015285795248
7.149617509415347,4.735591401736339,-20.81015285650983
6.394983633648915,3.257115797717193,-20.810152854716378
5.628430753201795,1.7879000245059384,-20.810152852604762
4.849462718853516,0.33001521734142464,-20.810152850224675
4.0576574580354015,-1.1145487147150792,-20.8101528476418
3.2526743910798976,-2.543893498666314,-20.810152844935416
2.434260452477083,-3.956221433387807,-20.810152842194903
1.6022547073748081,-5.349842847141585,-20.810152839515304
0.7565915972990434,-6.723182118586811,-20.8101528369925
-0.10269711466727405,-8.074782339508163,-20.810152834718206
-0.9754816011165318,-9.40330872358435,-20.810152832775415
-1.8615343124630537,-10.707550881452537,-20.810152831234376
-2.760531275223106,-11.98642408896388,-20.81015283014955
-3.672054213567745,-13.23896967423683,-20.810152829557545
-4.595593363266923,-14.464354641538069,-20.81015282947611
-5.530550853915749,-15.661870637876982,-20.810152829904165
-6.476244545634554,-16.8309323531443,-20.81015283082277
-7.431912219083089,-17.971075428145383,-20.81015283219686
-8.396716031582976,-19.081953928234554,-20.81015283397759
-9.369747166520998,-20.163337424460604,-20.81015283610514
-10.35003061729489,-21.21510770995276,-20.810152838511762
-11.336530060305195,-22.237255167256347,-20.81015284112493
-12.328152783473115,-23.229874792820596,-20.810152843870448
-13.323754647174896,-24.193161878040655,-20.810152846675408
-14.322145063128604,-25.127407342223282,-20.81015284947076
-15.322091983532395,-26.032992711538192,-20.810152852193617
-16.32232689759093,-26.910384739302064,-20.810152854789013
-17.321549835498022,-27.760129666613775,-20.81015285721121
-18.31843438104957,-28.58284712814205,-20.8101528594245
-19.31163269347848,-29.379223715422494,-20.810152861403477
-20.299780537027374,-30.150006218952036,-20.810152863132828
-21.28150231345182,-30.895994580223448,-20.810152864606675
-22.25541608837332,-31.61803459512316,-20.810152865827618
-23.220138597512765,-32.317010420292405,-20.81015286680544
-24.17429021369571,-32.99383694358143,-20.810152867555686
-25.11649985050602,-33.649452088075094,-20.81015286809813
-26.04540977394238,-34.28480912583982,-20.810152868455308
-26.9596802897419,-34.90086908210598,-20.8101528686511
-27.8579942714666,-35.49859331272136,-20.81015286870956
-28.739061493222852,-36.07893633717359,-20.81015286865389
-29.601622731137926,-36.64283900620221,-20.810152868505742
-30.444453599497177,-37.1912220770698,-20.810152868284675
-31.266368090699366,-37.72498026114334,-20.810152868007954
-32.06622179277735,-38.24497679789132,-20.810152867690437
-32.84291476393905,-38.752038597174035,-20.810152867344716
-33.5953940501332,-39.24695197831847,-20.810152866981277
-34.32265583871979,-39.73045902049162,-20.81015286660878
-35.023747248596315,-40.20325452488911,-20.810152866234368
-35.6977677642748,-40.6659835757837,-20.81015286586391
-36.343870328124446,-41.11923967501614,-20.810152865502253
-36.961262111037684,-41.56356341346288,-20.81015286515344
-37.54920498694486,-41.999441633689315,-20.810152864820818
-38.10701574075257,-42.42730703060001,-20.810152864507167
-38.63406604233424,-42.84753813153316,-20.810152864214718
-39.1297822211317,-43.26045959392971,-20.8101528639452
-39.59364487675784,-43.666342757370835,-20.810152863699827
-40.025188360784924,-44.065406387293486,-20.81015286347928
-40.42400016375218,-44.45781754988525,-20.81015286328371
-40.78972023944228,-44.84369256132424,-20.8101528631127
-41.12204029577995,-45.223097959446726,-20.8101528629653
-41.420703078423315,-45.59605145187259,-20.810152862840017
-41.685501669373416,-45.96252280138109,-20.810152862734885
-41.91627881883635,-46.32243461670229,-20.8101528626475
-42.112926324249266,-46.67566302468279,-20.810152862575134
-42.27538446592743,-47.022038207823435,-20.810152862514826
-42.40364150430581,-47.361344799307574,-20.81015286246354
-42.49773323932747,-47.69332213568742,-20.81015286241829
-42.55774262826716,-48.01766437522425,-20.810152862376384
-42.58379945426336,-48.33402049733676,-20.81015286233556
-42.57608003416144,-48.64199420555176,-20.81015286229425
-42.534806951040835,-48.94114376261892,-20.81015286225179
-42.460248794107756,-49.23098179188973,-20.810152862208632
-42.35271988657887,-49.5109750835143,-20.810152862166547
-42.21257998085002,-49.780544447326186,-20.8101528621288
-42.04023389971868,-50.03906465632615,-20.810152862100253
-41.836131102768675,-50.28586452532495,-20.810152862087403
-41.60076515826958,-50.520227168478804,-20.810152862098374
-41.334673103091475,-50.74139047711195,-20.81015286214272
-41.03843467615494,-50.94854785538557,-20.81015286223118
-40.71267141474437,-51.140849246120695,-20.8101528623753
-40.35804560748366,-51.317402472565036,-20.810152862586914
-39.97525910273606,-51.47727491432502,-20.810152862877526
-39.565051976431874,-51.619495527345144,-20.81015286325764
-39.12820106860767,-51.743057209036536,-20.810152863735972
-38.665518402996675,-51.84691950080142,-20.810152864318727
-38.17784950857998,-51.93001161164792,-20.81015286500884
-37.66607166584099,-51.99123573870999,-20.81015286580533
-37.13109210334269,-52.02947065361539,-20.81015286670274
-36.573846171994,-52.043575518061715,-20.810152867690793
-35.995295524871196,-52.032393887872445,-20.810152868754145
-35.396426329659356,-51.99475786233591,-20.810152869872425
-34.77824753869092,-51.92949233481128,-20.810152871020417
-34.14178923826015,-51.83541930136514,-20.810152872168505
-33.48810109451498,-51.71136218644709,-20.81015287328327
-32.81825090794685,-51.556150148132666,-20.810152874328253
-32.13332328251956,-51.36862233002029,-20.810152875264905
-31.434418409017027,-51.14763203221146,-20.81015287605358
-30.722650955464978,-50.892050779674165,-20.81015287665464
-29.99914905069558,-50.60077227245352,-20.810152877029644
-29.26505334045259,-50.27271620845077,-20.81015287714252
-28.52151608902336,-49.90683197568948,-20.810152876960732
-27.769700293338065,-49.502102217028835,-20.810152876456545
-27.010778770864803,-49.05754627612575,-20.810152875608154
-26.245933177482254,-48.57222353910559,-20.81015287440089
-25.476352906828186,-48.04523669193726,-20.81015287282835
-24.7032338183743,-47.47573491902733,-20.81015287089351
-23.927776737618238,-46.862917074183315,-20.810152868609784
-23.151185668255764,-46.20603486099787,-20.810152866002003
-22.374665652943367,-45.50439606602527,-20.810152863107326
-21.59942021623952,-44.75736789499324,-20.810152859975968
-20.826648320504372,-43.964380469813285,-20.810152856671714
-20.05754076296781,-43.12493055235651,-20.810152853272236
-19.293275939934166,-42.238585569791105,-20.810152849868892
-18.535014902357233,-41.304988025547374,-20.8101528465661
-17.783895626090505,-40.323860389328274,-20.810152843480072
-17.04102642045131,-39.29501056843563,-20.810152840736656
-16.3074784009918,-38.218338070165814,-20.810152838468206
-15.584276957449898,-37.09384096992066,-20.81015283680923
-14.87239215696216,-35.92162380033151,-20.81015283589068
-14.172728037296814,-34.70190647097051,-20.810152835832803
-13.486110767004126,-33.435034313458786,-20.81015283673647
-12.81327568121622,-32.12148931979313,-20.810152838673343
-12.15485324584204,-30.76190259889432,-20.810152841675254
-11.511354061639723,-29.357068013926245,-20.810152845723778
-10.883153095378876,-27.907956877265775,-20.81015285074128
-10.270473419507185,-26.41573346842629,-20.810152856585276
-9.673369854364902,-24.881771001909456,-20.81015286304828
-9.09171303554706,-23.30766750912705,-20.81015286986536
-8.525174567485488,-21.695260917970213,-20.81015287673107
-7.973214062182951,-20.046642428014657,-20.81015288332648
-7.435068983587321,-18.364167108354536,-20.81015288935445
-6.909748302614241,-16.650460515174654,-20.81015289457922
-6.396030990934879,-14.908420069170125,-20.81015289886293
-5.89247031835808,-13.141209981980357,-20.810152902190147
-5.397404748146075,-11.352248704319939,-20.81015290467144
-4.908975936315905,-9.545188202153525,-20.810152906520237
-4.425153940598993,-7.723884845950955,-20.810152908003317
-3.943769258539081,-5.892362289996857,-20.810152909373315
-3.4625507894720324,-4.054767364671699,-20.810152910798593
-2.9791683151825556,-2.215320624050916,-20.81015291230907
-2.491277687986869,-0.37826369559014483,-20.810152913774093
-1.9965666640189843,1.4521941104971672,-20.810152914919822
-1.4927992632462854,3.2719274081803533,-20.81015291538276
-0.9778566849763911,5.076942223884684,-20.81015291478548
-0.44977313415474834,6.863417443816132,-20.810152912815333
0.09323463167846817,8.627738867941266,-20.81015290928778
0.6527447087801429,10.3665251595661,-20.81015290418187
1.2301145708373171,12.076645605823828,-20.810152897644095
1.826472425919067,13.75523014468468,-20.81015288996473
2.4427147745860287,15.399672522474132,-20.810152881535707
3.0795093043937345,17.007627704222767,-20.810152872800828
3.7373021364148546,18.57700477350244,-20.810152864207723
4.416328416806344,20.10595655161323,-20.810152856168163
5.116625297744826,21.5928670695678,-20.8101528490299
5.838046452469901,23.036337873215242,-20.810152843060514
6.580277396185073,24.435173961419547,-20.810152838441823
7.342851020077164,25.788369972554467,-20.81015283527242
8.125162876780303,27.095097061762758,-20.81015283357573
8.926485874127835,28.354690760040842,-20.810152833311214
9.74598413589405,29.56663998059653,-20.810152834386855
10.582725872264737,30.730577238641565,-20.810152836671527
11.435695169779567,31.846270075933052,-20.810152840006552
12.303802662371677,32.91361362773789,-20.81015284421582
13.185895084305969,33.93262423370038,-20.810152849114473
14.08076373478481,34.90343397159117,-20.81015285451599
14.987151905068828,35.82628598068419,-20.810152860238077
15.903761334157954,36.701530436619066,-20.81015286610721
16.82925777003148,37.529621039684095,-20.810152871962295
17.76227572142172,38.31111188166652,-20.81015287765744
18.701422491013936,39.04665456142955,-20.810152883064184
19.645281585438447,39.736995425299035,-20.81015288807305
20.592415600800184,40.38297281466397,-20.81015289259479
21.541368684906,40.98551420971924,-20.810152896561107
22.49066867875362,41.54563316506926,-20.810152899925114
23.438829040051488,42.06442594023195,-20.810152902661294
24.3843506502609,42.54306773634147,-20.8101529047651
25.325723603548866,42.982808460037326,-20.810152906252025
26.26142907075764,43.38496794715519,-20.810152907156166
27.189941323716628,43.75093059285989,-20.810152907528163
28.109729994713412,44.082139351616206,-20.810152907432617
29.019262632609614,44.380089090016,-20.810152906944868
29.91700760102608,44.6463192978467,-20.810152906147398
30.80143734554355,44.882406187465364,-20.810152905125832
31.671032036522984,45.089954237767884,-20.810152903964838
32.524283572735584,45.270587265730065,-20.81015290274417
33.359699909504656,45.42593913428488,-20.81015290153509
34.17580965464242,45.55764422864939,-20.81015290039735
34.97116685731983,45.667327852528395,-20.81015289937721
35.74435590029186,45.75659670940048,-20.81015289850627
36.493996395612974,45.82702964109251,-20.810152897801483
37.2187479788479,45.88016879522774,-20.810152897266143
37.91731489719341,45.91751138456284,-20.8101528968917
38.58845029285973,45.940502184953516,-20.81015289666028
39.23096009409265,45.950526895521826,-20.810152896547503
39.843706441561785,45.94890645585653,-20.810152896525434
40.4256105964224,45.93689238245586,-20.810152896565317
40.97565529692273,45.91566315203567,-20.810152896639963
41.49288655166442,45.886321624728886,-20.81015289672558
41.97641487827561,45.84989346742411,-20.810152896802997
42.425416015230894,45.80732650808901,-20.81015289685837
42.83913115098659,45.75949092708924,-20.81015289688324
43.21686672790398,45.70718017201661,-20.81015289687426
43.557993888294185,45.65111246873313,-20.810152896832573
43.86194763628283,45.591932793190686,-20.810152896762958
44.1282257922192,45.53021516575712,-20.810152896672935
44.35638781636541,45.46646513169921,-20.810152896571804
44.546053576016575,45.401122297432906,-20.81015289646982
44.69690212549314,45.33456280139074,-20.81015289637738
44.80867056207879,45.26710161012697,-20.810152896304402
44.88115301338155,45.19899454390717,-20.81015289625979
44.91419980314203,45.13043995093578,-20.810152896251005
44.907716833495485,45.06157996511046,-20.81015289628381
44.86166521233116,44.99250129842604,-20.810152896362013
44.77606114483144,44.923235535665675,-20.810152896487406
44.650976098601745,44.853758915687486,-20.810152896659684
44.48653724206721,44.783991600379885,-20.8101528968765
44.28292814603811,44.71379644919174,-20.810152897133587
44.04038972855545,44.642977334015974,-20.810152897424977
43.75922141336645,44.57127704605678,-20.810152897743315
43.43978246273039,44.49837486301175,-20.8101528980803
43.08249343586454,44.42388386122878,-20.810152898427255
42.68783771542341,44.347348073111775,-20.81015289877582
42.25636303626205,44.26823960447794,-20.81015289911873
41.78868294374297,44.18595583920981,-20.810152899450735
41.285478103456214,44.09981686867747,-20.810152899769445
40.74749738092808,44.00906329022844,-20.810152900076197
40.17555860920423,43.912854521720526,-20.810152900376664
39.5705489645793,43.810267776814804,-20.810152900681253
38.933424876586756,43.70029783788846,-20.810152901004997
38.26521140788307,43.58185774953106,-20.81015290136702
37.567001052867525,43.45378053553409,-20.81015290178931
36.83995192051497,43.314822016350945,-20.810152902294938
36.08528528641117,43.16366477292437,-20.8101529029057
35.3042825205192,42.99892326774064,-20.810152903639363
34.49828141965858,42.819150096587094,-20.81015290450668
33.66867199574095,42.622843306695714,-20.81015290550854
32.81689179107865,42.40845468086893,-20.810152906633487
31.94442080919985,42.174398854920874,-20.81015290785593
31.052776162361827,41.91906310925514,-20.81015290913535
30.14350654443224,41.64081765619013,-20.810152910416654
29.21818663946458,41.338026233765135,-20.810152911631658
28.27841157201586,41.0090568146351,-20.810152912701795
27.325791495368232,40.65229224507685,-20.81015291354172
26.361946399039024,40.26614064328954,-20.81015291406371
25.38850119832592,39.849045406809694,-20.810152914182318
24.407081147364234,39.39949470438666,-20.810152913819252
23.419307594577358,38.91603035633979,-20.810152912907927
22.4267940767453,38.39725603752661,-20.81015291139748
21.43114272632595,37.84184476703559,-20.810152909256193
20.43394094705501,37.248545677295056,-20.810152906474016
19.436758295889685,36.61619008150798,-20.8101529030643
18.441143495458146,35.94369688157764,-20.810152899064637
17.4486214905026,35.230077378703015,-20.81015289453692
16.460690454334316,34.474439565590295,-20.810152889566663
15.478818646884184,33.675991992942336,-20.810152884261605
14.504441024279515,32.834047313862264,-20.810152878749776
13.538955500730266,31.94802561837875,-20.81015287317688
12.583718766624179,31.01745767675718,-20.810152867703145
11.640041571958156,30.0419882147556,-20.81015286249957
10.70918339155535,29.021379346474482,-20.81015285774345
9.792346398095344,27.95551429062926,-20.81015285361321
8.890668681189903,26.844401493331876,-20.81015285028244
8.005216666177132,25.688179273839612,-20.81015284791308
7.136976705836384,24.48712109788851,-20.810152846647817
6.286845842935347,23.241641564485292,-20.810152846601657
5.455621772693409,21.952303164383796,-20.810152847853168
4.643992073270551,20.61982382971634,-20.8101528504356
3.852522820606827,19.245085242174977,-20.810152854328713
3.0816467623925847,17.82914179983599,-20.810152859452295
2.3316512950625152,16.37323005903518,-20.810152865662445
1.6026665668205178,14.87877836782104,-20.810152872752283
0.8946541165537654,13.347416293694451,-20.810152880458226
0.20739654864996754,11.780983325694912,-20.81015288847306
-0.4595111698982061,10.181536208079644,-20.81015289646607
-1.1066681311269517,8.551354152496465,-20.810152904109437
-1.7348709213770876,6.892941094109137,-20.810152911108396
-2.345113359956839,5.209024123767328,-20.810152917231242
-2.9385818812924938,3.5025472627294456,-20.810152922333817
-3.5166460185271693,1.776659865497054,-20.810152926372957
-4.080843638079912,0.034699149733711576,-20.810152929404516
-4.63286083703981,-1.7198333417625002,-20.810152931564307
-5.174506734075155,-3.4833011601148547,-20.810152933034367
-5.707683733378877,-5.251967638059874,-20.810152934000975
-6.234354183694956,-7.022034810587976,-20.810152934613715
-6.756504649299528,-8.789685164449171,-20.810152934955273
-7.276109217605741,-10.551124549534995,-20.810152935029194
-7.795093359175076,-12.302624466206009,-20.81015293476802
-8.315299816634058,-14.040561985798545,-20.8101529340588
-8.838457834565073,-15.761455760590657,-20.81015293277858
-9.366156775989296,-17.461996905204987,-20.810152930830597
-9.899824838692751,-19.13907393788767,-20.81015292817278
-10.440713228177103,-20.78979140423243,-20.81015292483324
-10.989885803331003,-22.41148221732775,-20.810152920911225
-11.548213917819211,-24.001714097245305,-20.810152916565666
-12.116375954878695,-25.558290754616582,-20.810152911995417
-12.694860903645747,-27.07924862892566,-20.81015290741611
-13.283975248692743,-28.562850066732803,-20.810152903038052
-13.883852430974605,-30.00757382241704,-20.810152899048038
-14.494464173609696,-31.412103703203154,-20.8101528955968
-15.115633034505413,-32.77531608124124,-20.81015289279228
-15.747045635591705,-34.09626687652656,-20.81015289069807
-16.388266113614492,-35.37417849022091,-20.810152889335942
-17.03874943131347,-36.608427049172604,-20.810152888691015
-17.697854274528115,-37.798530215976974,-20.81015288871857
-18.36485533700943,-38.94413572836673,-20.81015288935129
-19.03895485907568,-40.045010758183864,-20.810152890506405
-19.719293338723226,-41.10103212307358,-20.81015289209211
-20.404959375244744,-42.11217734172628,-20.810152894013108
-21.094998637144283,-43.07851649383188,-20.81015289617512
-21.78842196968375,-44.000204826606016,-20.810152898488372
-22.484212674250756,-44.87747603859908,-20.81015290087018
-23.181333003283708,-45.71063616653101,-20.810152903246674
-23.87872992192492,-46.50005800042611,-20.810152905553874
-24.575340191896313,-47.24617595497586,-20.81015290773817
-25.270094835110196,-47.94948132974714,-20.810152909756397
-25.96192303486935,-48.61051789674821,-20.81015291157548
-26.649755531656577,-49.22987776035556,-20.810152913171933
-27.33252756881942,-49.808197441256205,-20.810152914531105
-28.00918144117868,-50.34615414258516,-20.810152915646334
-28.678668696910563,-50.84446216265206,-20.810152916518007
-29.33995204009602,-51.30386942445603,-20.810152917152617
-29.992006978179788,-51.725154097542095,-20.810152917561776
-30.63382325529007,-52.10912129265214,-20.810152917761286
-31.264406108973894,-52.45659981409246,-20.8101529177702
-31.882777384428426,-52.76843895881178,-20.810152917609958
-32.487976536775804,-53.0455053548976,-20.810152917303583
-33.079061548359775,-53.288679835590315,-20.810152916874916
-33.6551097844601,-53.498854348010916,-20.810152916347935
-34.215218807254864,-53.67692889861775,-20.810152915746155
-34.75850716434561,-53.82380853995432,-20.810152915092083
-35.28411516473678,-53.94040040551759,-20.810152914406796
-35.79120565187474,-54.02761080154692,-20.81015291370957
-36.278964780251506,-54.08634236618006,-20.810152913017568
-36.74660279921591,-54.117491307714566,-20.8101529123457
-37.19335484505818,-54.121944734615,-20.810152911706474
-37.618481740190646,-54.10057809038861,-20.81015291110998
-38.02127079637429,-54.05425270648896,-20.8101529105639
-38.40103661747006,-53.983813485984676,-20.81015291007367
-38.757121896141086,-53.89008672984709,-20.81015290964256
-39.08889819830345,-53.77387811638195,-20.810152909271967
-39.39576672890822,-53.635970842588605,-20.810152908961605
-39.67715907281152,-53.477123934124236,-20.810152908709785
-39.93253790501451,-53.29807072814789,-20.810152908513675
-40.161397665380214,-53.09951753069784,-20.81015290836961
-40.36326519399829,-52.88214244750806,-20.810152908273317
-40.53770032460447,-52.64659438439215,-20.810152908220193
-40.684296434795314,-52.39349221061515,-20.810152908205495
-40.80268095313991,-52.12342407613449,-20.81015290822456
-40.89251582460656,-51.836946871310026,-20.810152908272926
-40.95349793693026,-51.5345858157421,-20.81015290834648
-40.98535951158914,-51.21683416136259,-20.810152908441534
-40.98786846388744,-50.88415299383024,-20.810152908554876
-40.96082873722347,-50.53697111570226,-20.81015290868381
-40.904080616928354,-50.17568499479043,-20.810152908826137
-40.81750102908205,-49.80065876156126,-20.810152908980147
-40.701003829445554,-49.41222424039535,-20.81015290914459
-40.554540087098964,-49.01068100095322,-20.81015290931863
-40.37809836656183,-48.59629641776415,-20.810152909501763
-40.171705011118135,-48.1693057284142,-20.810152909693787
-39.9354244288042,-47.72991208330078,-20.81015290989471
-39.669359381077314,-47.278286582782435,-20.810152910104698
-39.37365127260694,-46.814568300615754,-20.810152910324007
-39.0484804389568,-46.33886429576457,-20.810152910552898
-38.69406642720206,-45.85124961791736,-20.810152910791608
-38.31066826279177,-45.351767315279446,-20.810152911040262
-37.89858469427026,-44.840428456342636,-20.810152911298808
-37.45815440585585,-44.317212180296934,-20.810152911566956
-36.989756186385506,-43.7820657934617,-20.810152911844163
-36.49380904181393,-43.23490493150031,-20.8101529121295
-35.970772237345244,-42.67561380917063,-20.81015291242165
-35.421145254414654,-42.10404558088322,-20.810152912718845
-34.84546764716017,-41.52002283632867,-20.810152913018783
-34.24431878276087,-40.923338255837336,-20.810152913318593
-33.618317450091446,-40.313755449907646,-20.810152913614793
-32.96812132156883,-39.69101000644947,-20.810152913903252
-32.29442625385203,-39.05481076772367,-20.810152914179113
-31.59796541419744,-38.4048413567206,-20.81015291443685
-30.879508220755103,-37.740761969832576,-20.810152914670212
-30.139859086890024,-37.06221144918365,-20.81015291487229
-29.379855961691117,-36.3688096439514,-20.81015291503554
-28.600368661140863,-35.660160065537106,-20.81015291515193
-27.80229698690617,-34.935852836620235,-20.810152915213052
-26.986568632312782,-34.19546792909216,-20.810152915210303
-26.15413687771622,-33.43857868073626,-20.810152915135156
-25.305978080115477,-32.66475557544624,-20.810152914979447
-24.443088964408744,-31.873570266889537,-20.8101529147357
-23.566483726106924,-31.06459982096055,-20.81015291439749
-22.677190957555656,-30.237431148245708,-20.81015291395989
-21.776250411736964,-29.39166559413847,-20.810152913419838
-20.864709619510947,-28.526923651269758,-20.81015291277659
-19.943620377715806,-27.64284975660353,-20.810152912032063
-19.01403512688763,-26.73911713390213,-20.810152911191153
-18.077003238522263,-25.815432641274597,-20.81015291026199
-17.13356723282601,-24.871541583136043,-20.81015290925604
-16.184758948846934,-23.90723244605403,-20.810152908188137
-15.231595689806085,-22.922341518542304,-20.81015290707629
-14.27507636742253,-21.916757355771495,-20.810152905941415
-13.316177670107283,-20.890425051280392,-20.81015290480684
-12.355850281139274,-19.84335027896814,-20.81015290369772
-11.395015174366387,-18.775603069814476,-20.810152902640198
-10.434560016610757,-17.68732128881412,-20.810152901660594
-9.475335707788776,-16.578713778449853,-20.810152900784416
-8.518153091742652,-15.450063135626149,-20.81015290003534
-7.563779872848813,-14.301728089338342,-20.810152899434236
-6.612937775512728,-13.134145446503943,-20.810152898998226
-5.666299985538822,-11.947831573419947,-20.810152898739837
-4.724488913905724,-10.743383380370215,-20.810152898666377
-3.7880743244807333,-9.52147877717141,-20.810152898779457
-2.8575718674525534,-8.282876568136285,-20.810152899074772
-1.9334420595171513,-7.02841575630062,-20.810152899542185
-1.0160897498900932,-5.759014229071579,-20.810152900166038
-0.105864107831413,-4.47566680097415,-20.81015290092573
0.7969408376147276,-3.1794425941362894,-20.810152901796577
1.6920850816560276,-1.87148174374905,-20.810152902750843
2.579380935989941,-0.5529914240739391,-20.81015290375885
3.4586907237863205,0.7747587993477596,-20.810152904790296
4.329923883582027,2.1104422739178004,-20.81015290581543
5.193033501095919,3.452681190185321,-20.810152906806245
6.048012301622934,4.8000530935197,-20.81015290773757
6.894888149612755,6.151097918226067,-20.810152908587874
7.733719115687457,7.504325470749545,-20.810152909339944
8.564588184060458,8.85822327517745,-20.810152909981287
9.387597684437514,10.211264682432178,-20.810152910504343
10.202863541401348,11.561917135047516,-20.81015291090638
11.010509440486867,12.908650472843037,-20.810152911189277
11.81066101325828,14.249945161615848,-20.810152911359104
12.603440143485022,15.584300327430325,-20.810152911425522
13.38895949294992,16.910241483263494,-20.810152911401183
14.167317338673017,18.226327842494168,-20.810152911300968
14.93859280374003,19.531159124635195,-20.810152911141273
15.702841551979933,20.823381772250368,-20.810152910939237
16.46009200304795,22.101694513488912,-20.810152910712052
17.21034210970902,23.364853221353503,-20.810152910476273
17.953556723967463,24.61167503791824,-20.810152910247247
18.689665563803647,25.841041748495027,-20.8101529100386
19.41856177823694,27.051902406559893,-20.810152909861845
20.140101095713597,28.2432752245642,-20.810152909726092
20.85410152977397,29.414248758179397,-20.81015290963788
21.560343606815223,30.56398242181437,-20.810152909601143
22.258571073638837,31.691706381299095,-20.810152909617262
22.948492037352743,32.79672087546926,-20.810152909685232
23.629780486988395,33.878395022138946,-20.8101529098019
24.302078144725563,34.936165165814096,-20.810152909962305
24.964996594675988,35.969532824730315,-20.810152910160028
25.618119638515537,36.9780622936731,-20.81015291038757
26.26100582961996,37.96137795684069,-20.810152910636756
26.893191140502672,38.919161362011074,-20.810152910899113
27.51419172204225,39.85114810372389,-20.810152911166213
28.12350671701581,40.75712455930229,-20.810152911429995
28.720621094643448,41.63692451750124,-20.810152911683012
29.30500847705115,42.49042573552277,-20.81015291191864
29.876133932658394,43.317546456197924,-20.810152912131237
30.433456715402805,44.11824191337963,-20.810152912316237
30.976432932365384,44.89250085007387,-20.810152912470173
31.504518125714398,45.640342070590954,-20.810152912590716
32.017169757921955,46.361811045036724,-20.8101529126766
32.51384959191635,47.05697658178713,-20.81015291272758
32.99402596021894,47.72592758118847,-20.810152912744314
33.45717591918912,48.36876988158542,-20.810152912728263
33.90278728628171,48.98562320688081,-20.810152912681577
34.33036055972987,49.57661822315461,-20.81015291260695
34.73941072132669,50.14189371039495,-20.81015291250751
35.12946892401329,50.68159385410235,-20.81015291238671
35.50008406681506,51.19586566040224,-20.810152912248192
35.85082426032203,51.684856497326024,-20.81015291209571
36.181278186405684,52.148711764083565,-20.810152911933038
36.491056356222316,52.587572689440265,-20.81015291176389
36.77979227078829,53.001574259720215,-20.810152911591885
37.047143488542176,53.390843276476,-20.81015291142047
37.29279260434512,53.75549654348858,-20.810152911252917
37.51644814432671,54.095639182481946,-20.81015291109227
37.71784538086916,54.411363076750526,-20.810152910941362
37.89674707184785,54.70274544179752,-20.810152910802785
38.05294412801889,54.969847522062274,-20.81015291067891
38.18625621217245,55.21271341286882,-20.810152910571873
38.29653227336088,55.4313690068472,-20.810152910483588
38.38365101916917,55.62582106425637,-20.81015291041577
38.447521328628234,55.79605640686342,-20.810152910369915
38.488082607983664,55.94204123529764,-20.810152910347323
38.50530509112916,56.06372057009072,-20.810152910349093
38.49919008609878,56.161017816923966,-20.81015291037612
38.469770168589434,56.23383445691969,-20.810152910429093
38.41710932305741,56.282049863126126,-20.81015291050846
38.34130303150305,56.30552124464307,-20.810152910614423
38.24247830962698,56.304083720109276,-20.810152910746925
38.12079368961059,56.27755052251502,-20.810152910905583
37.976439148342564,56.22571333750645,-20.81015291108968
37.80963597948066,56.14834277750785,-20.810152911298115
37.62063660730221,56.04518899410084,-20.810152911529357
37.40972433985397,55.9159824311636,-20.810152911781387
37.17721305845915,55.760434721291425,-20.810152912051688
36.9234468401722,55.5782397279941,-20.810152912337184
36.64879950928426,55.36907473610206,-20.81015291263422
36.35367411347142,55.132601792719946,-20.81015291293852
36.038502319636585,54.868469200952156,-20.810152913245215
35.70374372392237,54.57631316850144,-20.810152913548844
35.34988506976187,54.255759613120816,-20.81015291384338
34.977439367185944,53.90642612679374,-20.81015291412231
34.58694490592054,53.527924100440515,-20.810152914378712
34.17896415408764,53.11986101091162,-20.81015291460539
33.75408253357724,52.68184287204255,-20.81015291479503
33.31290706239465,52.213476851616264,-20.81015291494039
32.85606485352407,51.7143740562135,-20.810152915034543
32.38420145910727,51.18415248612631,-20.81015291507111
31.89797904804386,50.6224401627587,-20.8101529150446
31.398074404513192,50.0288784312244,-20.81015291495067
30.885176734442652,49.40312544114905,-20.810152914786503
30.359985266658907,48.744859808954295,-20.810152914551104
29.823206635423055,48.0537844650902,-20.810152914245656
29.2755520313485,47.329630689720915,-20.810152913873782
28.71773410842334,46.572162340164205,-20.810152913441833
28.150463636115568,45.781180272828045,-20.81015291295903
27.574445887451223,44.956526961338604,-20.81015291243758
26.99037675665961,44.09809131085362,-20.81015291189267
26.3989386036252,43.205813666016326,-20.81015291134225
25.800795827130987,42.27969100642057,-20.810152910806774
25.196590174884957,41.31978231860219,-20.8101529103087
24.58693580574549,40.32621412721401,-20.810152909871817
23.972414128540738,39.29918615995803,-20.810152909520422
23.35356845251185,38.23897711084371,-20.81015290927831
22.730898496743002,37.14595045427663,-20.810152909167734
22.104854819926594,36.02056024831286,-20.81015290920814
21.47583324728543,34.86335684922917,-20.810152909415056
20.844169388113073,33.67499244163087,-20.81015290979897
20.21013335468637,32.45622626915305,-20.810152910364415
19.573924810512416,31.207929431190166,-20.810152911109277
18.935668492015665,29.931089092108177,-20.810152912024478
18.29541036162265,28.62681193246851,-20.810152913093987
17.653114560319278,27.29632665863374,-20.810152914295262
17.008661332543365,25.94098537966478,-20.81015291559998
16.361846094097018,24.562263660682742,-20.810152916975074
15.71237980309549,23.16175907178375,-20.81015291838382
15.059890773598678,21.7411880727498,-20.810152919786994
14.403928040812179,20.302381107164333,-20.810152921143718
13.743966345656826,18.84727582519773,-20.810152922412207
13.079412756069043,17.377908411232955,-20.81015292355017
12.40961488460742,15.896403058361294,-20.810152924515023
11.733870599797129,14.404959703063401,-20.810152925264227
11.051439065968806,12.90584020553664,-20.8101529257558
10.361552887488713,11.401353228915422,-20.81015292594937
9.663431082671723,9.893838128718523,-20.810152925807934
8.956292574352553,8.385648207407304,-20.810152925300294
8.239369861208731,6.879133714220977,-20.810152924404054
7.511922528337528,5.376624975338693,-20.81015292310895
6.773250267621303,3.880416023659834,-20.81015292141989
6.022705106846094,2.3927490627636914,-20.810152919359407
5.2597025887577535,0.915800049257487,-20.81015291696895
4.483731693605017,-0.5483343836786526,-20.810152914308734
3.6943633570094296,-1.9976485059783742,-20.810152911456047
2.891257494911325,-3.430237485881318,-20.810152908502054
2.074168504920118,-4.844305776664721,-20.81015290554739
1.2429492653952086,-6.2381739268780825,-20.810152902696938
0.39755369765320164,-7.610283891583213,-20.810152900054284
-0.4619620085415566,-8.959202955926743,-20.810152897716293
-1.3354393810598881,-10.283626404300254,-20.81015289576826
-2.222618722407011,-11.58237907912732,-20.810152894279934
-3.12314109005807,-12.854415974383338,-20.810152893302597
-4.036551052961764,-14.09882200213391,-20.81015289286739
-4.962300083347144,-15.314811057662382,-20.810152892984746
-5.899750453688219,-16.501724492103357,-20.810152893644943
-6.8481795224232425,-17.659029082690243,-20.810152894819602
-7.806784307550976,-18.786314571288468,-20.810152896463897
-8.774686263485545,-19.883290823057134,-20.81015289851941
-9.750936192694414,-20.94978463980518,-20.81015290091729
-10.734519239007863,-21.985736247560062,-20.810152903581667
-11.724359923576687,-22.99119546549497,-20.81015290643302
-12.719327196911108,-23.96631755392258,-20.81015290939152
-13.718239491015469,-24.911358732667264,-20.810152912379984
-14.719869764190138,-25.826671357765502,-20.81015291532662
-15.722950537529309,-26.712698744013107,-20.810152918167187
-16.72617892649146,-27.569969623201953,-20.810152920846768
-17.72822167320684,-28.399092232721948,-20.810152923320913
-18.727720185519868,-29.200748036239606,-20.810152925556256
-19.723295587306787,-29.975685087031938,-20.810152927530616
-20.713553781581496,-30.724711054822535,-20.810152929232526
-21.697090523582816,-31.44868594814577,-20.810152930660408
-22.672496495754466,-32.148514575815284,-20.810152931821296
-23.638362370658477,-32.82513880241685,-20.810152932729373
-24.593283841807466,-33.47952966329141,-20.810152933404332
-25.535866596576525,-34.11267941363847,-20.810152933869656
-26.46473120016711,-34.72559359361344,-20.81015293415106
-27.37851785541379,-35.319283196149684,-20.81015293427497
-28.27589100036282,-35.89475702635044,-20.81015293426732
-29.15554370424162,-36.45301434044504,-20.810152934152555
-30.016201822817077,-36.99503784842186,-20.81015293395295
-30.856627876238036,-37.52178715763227,-20.81015293368821
-31.675624616197936,-38.03419272516332,-20.810152933375303
-32.472038254460266,-38.53315037500014,-20.81015293302851
-33.24476133120204,-39.01951642245909,-20.81015293265963
-33.992735208924884,-39.49410343366642,-20.810152932278292
-34.71495218549721,-39.95767663262012,-20.810152931892294
-35.410457227851424,-40.410950953241176,-20.810152931507957
-36.07834933560797,-40.85458871938722,-20.81015293113045
-36.71778255111022,-41.289197922589295,-20.81015293076406
-37.32796663876067,-41.715331055703835,-20.810152930412375
-37.9081674619434,-42.13348445106086,-20.810152930078463
-38.457707090061554,-42.544098064231434,-20.81015292976489
-38.97596367124102,-42.94755563931878,-20.81015292947381
-39.462371108041594,-43.34418518868254,-20.8101529292069
-39.91641857411697,-43.73425971913595,-20.810152928965383
-40.33764990925726,-44.11799813774769,-20.810152928749954
-40.725662928743496,-44.49556627322604,-20.81015292856077
-41.08010868057275,-44.86707795322744,-20.81015292839738
-41.400690681012236,-45.232596083570144,-20.81015292825878
-41.68716415524951,-45.5921336820035,-20.810152928143374
-41.93933530575686,-45.94565482665285,-20.81015292804903
-42.15706062650635,-46.29307548731483,-20.81015292797314
-42.340246276474105,-46.63426421621954,-20.81015292791271
-42.48884752106575,-46.96904268352674,-20.810152927864493
-42.60286824528029,-47.29718605151481,-20.810152927825115
-42.68236053770467,-47.6184231899987,-20.81015292779127
-42.727424339890995,-47.932436743822024,-20.81015292775991
-42.73820715141064,-48.23886307115725,-20.810152927728478
-42.71490377700397,-48.53729207865791,-20.810152927695157
-42.65775609885537,-48.827266986074996,-20.810152927659097
-42.56705285422669,-49.1082840586075,-20.810152927620674
-42.44312939658315,-49.379792349833345,-20.810152927581715
-42.28636741704551,-49.64119350139512,-20.810152927545687
-42.09719460258721,-49.891841647542265,-20.8101529275178
-41.87608420793568,-50.13104347302874,-20.810152927505097
-41.62355451967014,-50.35805847164303,-20.81015292751636
-41.34016819353823,-50.57209944976493,-20.810152927561973
-41.02653144949708,-50.77233331482582,-20.810152927653583
-40.683293113327125,-50.95788218249091,-20.810152927803706
-40.311143498725606,-51.12782482895845,-20.81015292802511
-39.91081312936152,-51.28119850623192,-20.810152928330158
-39.483071306226904,-51.41700112888878,-20.810152928730016
-39.028724531473046,-51.53419383112054,-20.810152929233833
-38.548614805482934,-51.63170388306773,-20.8101529298479
-38.043617818906974,-51.708427946146315,-20.81015293057486
-37.514641065502914,-51.763235638568744,-20.81015293141299
-36.96262190463358,-51.7949733749722,-20.810152932355674
-36.38852560400424,-51.80246843827815,-20.81015293339101
-35.793343393546856,-51.78453323783532,-20.810152934501634
-35.17809056023868,-51.73996970565727,-20.810152935664817
-34.54380461111011,-51.667573782167906,-20.81015293685275
-33.891543527852996,-51.56613994422775,-20.81015293803305
-33.22238413145026,-51.43446573116122,-20.81015293916953
-32.537420569318726,-51.27135622880261,-20.810152940223045
-31.83776293082669,-51.075628476949184,-20.810152941152573
-31.124535989965867,-50.84611577175641,-20.810152941916314
-30.3988780666649,-50.581671841243114,-20.810152942472946
-29.66193999095146,-50.28117487893212,-20.810152942782818
-28.914884147091513,-49.94353142751613,-20.81015294280926
-28.158883568106997,-49.5676801111506,-20.810152942519814
-27.395121044803737,-49.152595221436144,-20.810152941887488
-26.624788207691484,-48.6972901683307,-20.810152940891964
-25.849084534969585,-48.20082081315374,-20.81015293952079
-25.06921623507066,-47.662288706591184,-20.81015293777051
-24.286394948058796,-47.08084426030613,-20.81015293564778
-23.501836206407685,-46.45568988655789,-20.81015293317039
-22.716757592267694,-45.786083146299994,-20.810152930368226
-21.932376525202674,-45.07133995273118,-20.810152927284093
-21.14990761148601,-44.3108378843548,-20.810152923974403
-20.370559483371476,-43.50401966936087,-20.810152920509605
-19.59553105432718,-42.65039691160719,-20.810152916974303
-18.826007114141902,-41.74955413756602,-20.810152913466972
-18.063153186282563,-40.801153253102534,-20.8101529100991
-17.308109569232858,-39.80493850845105,-20.81015290699362
-16.561984484281748,-38.760742078603336,-20.810152904282432
-15.825846255080684,-37.66849037355295,-20.81015290210287
-15.100714450243569,-36.52821119710339,-20.81015290059287
-14.38754993063346,-35.340041872442015,-20.810152899884667
-13.687243759432805,-34.10423844508248,-20.810152900097027
-13.000604957667479,-32.82118605621311,-20.81015290132599
-12.328347122927166,-31.491410548554978,-20.810152903634403
-11.671073977202285,-30.115591318725908,-20.810152907040926
-11.0292639736511,-28.694575360892117,-20.810152911509505
-10.403254173946774,-27.2293923525922,-20.810152916940808
-9.793223708887085,-25.721270512585292,-20.810152923167674
-9.199177254650037,-24.171652812139982,-20.81015292995683
-8.62092909212124,-22.582212948622587,-20.810152937019232
-8.058088459872403,-20.95487030190206,-20.810152944030534
-7.51004705050339,-19.29180290477296,-20.810152950661745
-6.9759696176153305,-17.595457290415435,-20.81015295661793
-6.454788734082303,-15.868553961906006,-20.81015296167948
-5.945204745782026,-14.114087194701128,-20.81015296573797
-5.445691873241621,-12.335317966632584,-20.810152968816833
-4.954511207318314,-10.535759038126578,-20.810152971067968
-4.4697310169478115,-8.71915158946348,-20.810152972739708
-3.989254348409336,-6.889433349729172,-20.81015297411865
-3.5108533796932444,-5.0506987829203425,-20.810152975456383
-3.0322094546305967,-3.2071525621287287,-20.810152976898618
-2.5509572279304726,-1.3630581755223503,-20.810152978436264
-2.0647309749067433,0.4773160227785849,-20.810152979893175
-1.5712109167607748,2.3097507528320613,-20.81015298095558
-1.06816741635398,4.130127185013045,-20.81015298123589
-0.5535011094194949,5.934473464636628,-20.810152980354488
-0.025277417822404284,7.719004578656249,-20.81015297801856
0.5182456144953967,9.48015437600749,-20.810152974080474
1.0785966865698586,11.214599216994644,-20.810152968565017
1.6570778203854652,12.919273350597022,-20.81015296166443
2.254757738594335,14.591376635410109,-20.810152953707195
2.8724713020961357,16.228375591682425,-20.810152945111238
3.510824069232525,17.82799898837311,-20.810152936332305
4.170200950468562,19.38822924310534,-20.810152927816805
4.8507779373611495,20.90729087184555,-20.810152919964494
5.552535957265556,22.383637102943865,-20.810152913103657
6.275276020340005,23.815935600183682,-20.810152907478223
7.018634961006145,25.203054050156,-20.810152903245125
7.78210121515329,26.544046182062377,-20.810152900479054
8.565030205419776,27.838138617193483,-20.81015289918205
9.36665902300616,29.084718798715212,-20.810152899295552
10.186120192613322,30.283324132979583,-20.810152900713327
11.022454386881511,31.433632380893865,-20.810152903293798
11.874622019461043,32.535453269360886,-20.810152906871384
12.74151369380933,33.58872124482069,-20.810152911266215
13.621959520563815,34.593489259533825,-20.810152916292402
14.514737342436847,35.549923462657695,-20.810152921764683
15.418579924320024,36.45829865900937,-20.810152927503832
16.33218117962192,37.318994395853586,-20.81015293334082
17.25420151335667,38.13249153984701,-20.81015293912013
18.18327236933955,38.899369210699156,-20.810152944702196
19.118000073875695,39.620301943954956,-20.810152949965328
20.05696907209842,40.2960569617736,-20.810152954807062
20.99874465592285,40.92749143723861,-20.810152959145135
21.941875284517295,41.51554964445717,-20.810152962918067
22.8848945991833,42.06125989360073,-20.8101529660854
23.826323234369674,42.56573115740254,-20.810152968627524
24.76467052493233,43.03014930388631,-20.81015297054514
25.69843620634786,43.45577285975205,-20.810152971858205
26.626112199045878,43.84392824039544,-20.81015297260442
27.54618456003758,44.19600439643143,-20.810152972837095
28.45713567436938,44.51344684314703,-20.81015297262254
29.35744674554511,44.79775105864002,-20.81015297203686
30.245600628045846,45.05045525836639,-20.810152971162385
31.120085026757877,45.273132577975694,-20.810152970083774
31.97939606805689,45.467382721888846,-20.810152968884044
32.82204222627835,45.63482316098997,-20.810152967640768
33.646548568315204,45.777079987723965,-20.81015296642263
34.45146125924477,45.89577855931051,-20.810152965286715
35.23535225436684,45.992534078156254,-20.81015296427657
35.99682408894956,46.06894227142906,-20.810152963421274
36.734514667282696,46.12657033796946,-20.810152962735575
37.44710194801422,46.166948329472845,-20.810152962220926
38.13330842354047,46.191561123901096,-20.810152961867388
38.791905297385235,46.201841132653584,-20.81015296165613
39.421716274601955,46.199161859970665,-20.81015296156219
40.02162089547688,46.18483240466592,-20.81015296155739
40.590557361140064,46.16009296225295,-20.810152961613003
41.127524819877046,46.12611135171453,-20.81015296170201
41.63158510369988,46.083980557455135,-20.81015296180088
42.101863924868006,46.03471724514536,-20.81015296189076
42.53755156049161,45.979261181705986,-20.810152961958053
42.93790306927625,45.91847546572624,-20.810152961994525
43.30223809731599,45.85314745589366,-20.810152961996977
43.62994033931949,45.78399027185536,-20.810152961966605
43.920456727717784,45.71164473428754,-20.810152961908205
44.173296424914625,45.63668160847971,-20.810152961829246
44.38802969381704,45.55960401788001,-20.810152961738964
44.56428671913796,45.480849900110634,-20.810152961647507
44.7017564472492,45.4007943872053,-20.810152961565183
44.80018550603613,45.31975200352323,-20.81015296150184
44.85937725868148,45.23797858830106,-20.810152961466304
44.87919103694032,45.15567286456444,-20.810152961466017
44.859541590547025,45.0729775916977,-20.810152961506734
44.80039878012705,44.989980255048785,-20.810152961592316
44.701787531514164,44.90671326231619,-20.810152961724626
44.563788059783356,44.823153633005354,-20.81015296190345
44.3865363616475,44.73922218389117,-20.8101529621266
44.17022496515979,44.65478223014999,-20.810152962389992
43.91510391594044,44.56963783859395,-20.810152962687877
43.62148196945708,44.483531686179354,-20.810152963013145
43.289727949324316,44.39614259353023,-20.810152963357808
42.92027222230199,44.30708281938033,-20.8101529637135
42.51360823188713,44.2158952172392,-20.81015296407221
42.0702940244159,44.122050369747214,-20.810152964427047
41.590953694800504,44.02494382849104,-20.8101529647731
41.07627867387127,43.92389359678169,-20.810152965108305
40.527028776266775,43.81813799925433,-20.810152965434224
39.94403292741482,43.70683408430915,-20.81015296575665
39.32818949083169,43.58905670260377,-20.8101529660859
38.68046612309717,43.46379839639446,-20.810152966436718
38.00189909363886,43.32997022009976,-20.810152966827598
37.29359201986579,43.186403591947006,-20.810152967279564
36.556713984944835,43.031853250277095,-20.810152967814354
35.79249702504181,42.86500135679339,-20.810152968452037
35.00223299428673,42.6844627539661,-20.810152969208314
34.187269837953444,42.488791346570544,-20.810152970091575
33.34900732606591,42.27648753988303,-20.810152971100166
32.4888923194768,42.04600663148181,-20.81015297222003
31.608413657069924,41.795768021988316,-20.81015297342312
30.7090967649486,41.524165084316195,-20.810152974666742
29.792498095407527,41.229575512570584,-20.810152975894074
28.860199504644658,40.91037196163185,-20.810152977035866
27.913802673476514,40.564932787035254,-20.81015297801322
26.954923665128945,40.191652701766735,-20.81015297874135
25.985187699222074,39.78895318121263,-20.81015297913396
25.006224202388232,39.35529246844735,-20.810152979108004
24.01966217477866,38.889175057732785,-20.810152978588455
23.02712588932001,38.38916056281377,-20.81015297751279
22.03023091821969,37.853871906633785,-20.810152975834953
21.03058045999167,37.28200279893762,-20.810152973528602
20.02976192107363,36.672324496619815,-20.810152970589506
19.02934368957734,36.02369186769071,-20.810152967037098
18.030872025251096,35.33504880277979,-20.810152962915147
17.03586797949926,34.6054330379079,-20.810152958291646
16.045824252272983,33.83398046882622,-20.81015295325789
15.062201888656023,33.019929050719554,-20.810152947926937
14.086426716780803,32.16262238778815,-20.810152942431372
13.119885430068694,31.26151312545624,-20.81015293692051
12.16392122048075,30.316166263947157,-20.810152931556964
11.219828875372816,29.326262515810523,-20.81015292651259
10.288849258692887,28.291601831581584,-20.810152921963798
9.372163107839857,27.212107216723698,-20.810152918086054
8.470884090931621,26.087828958674617,-20.810152915047706
7.586051086146038,24.918949374165333,-20.81015291300296
6.718619666070791,23.70578817264118,-20.810152912084135
5.869452796707857,22.448808509893556,-20.810152912393313
5.0393107941566235,21.14862377495633,-20.81015291399378
4.228840623321952,19.806005110860486,-20.810152916901654
3.4385646734009185,18.42188961400487,-20.81015292107853
2.6688692051401426,16.997389086169466,-20.81015292642617
1.9199927349175925,15.53379912696821,-20.81015293278437
1.1920146993793017,14.03260825373581,-20.810152939933452
0.4848448287308607,12.495506623617109,-20.810152947602553
-0.20178625829190236,10.924393815065583,-20.81015295548442
-0.868334647000187,9.321385012649353,-20.810152963256776
-1.5154482559374256,7.688814843296938,-20.81015297060889
-2.1439688218042523,6.0292380504247,-20.810152977270533
-2.7549300733552657,4.345426183178158,-20.810152983039195
-3.349551498617459,2.640359539103165,-20.81015298780045
-3.929227247430941,0.9172137436759868,-20.81015299153642
-4.495509918463443,-0.8206594151533787,-20.810152994319118
-5.0500892500915615,-2.569756961310484,-20.810152996288327
-5.5947660503786425,-4.326455197390875,-20.810152997617237
-6.1314220345222665,-6.087044939722331,-20.810152998473008
-6.6619865523622686,-7.847770408151994,-20.810152998980964
-7.188401444982465,-9.60487033564277,-20.81015299920098
-7.712585433515814,-11.35461965396941,-20.81015299912143
-8.236399491484882,-13.093370046183225,-20.81015299867146
-8.761614576955091,-14.817587744121528,-20.810152997747522
-9.289882912746155,-16.52388717736025,-20.81015299624675
-9.822713727798181,-18.20905941592248,-20.810152994098562
-10.361454046606237,-19.870094746955473,-20.81015299128769
-10.907274775726346,-21.50419913567485,-20.810152987864576
-11.461162022435497,-23.10880469817583,-20.810152983942753
-12.023913317751477,-24.681574624610214,-20.810152979685775
-12.596138220052858,-26.22040321661904,-20.81015297528772
-13.178262651197372,-27.723411838033446,-20.81015297095177
-13.770536259833415,-29.188941629620686,-20.81015296687052
-14.373042105826796,-30.61554382170162,-20.810152963210466
-14.985708001572757,-32.00196841108613,-20.810152960101817
-15.608318916166965,-33.34715186948094,-20.81015295763366
-16.240529934110764,-34.650204435707515,-20.810152955853553
-16.881879351014543,-35.91039742672105,-20.810152954770754
-17.531801577018253,-37.12715089178327,-20.81015295436157
-18.189639599400035,-38.30002183596072,-20.81015295457595
-18.85465682635491,-39.42869315625316,-20.8101529553444
-19.526048193163646,-40.51296336680243,-20.810152956584556
-20.20295046009156,-41.552737138025066,-20.810152958207087
-20.884451669251295,-42.54801663651935,-20.810152960120714
-21.56959975661355,-43.498893626171125,-20.810152962236227
-22.257410336775123,-44.405542273878645,-20.810152964469587
-22.946873693385758,-45.26821259370432,-20.810152966744166
-23.63696101856249,-46.08722445922959,-20.810152968992163
-24.326629951279646,-46.8629621139063,-20.810152971155528
-25.01482946852536,-47.59586911201321,-20.81015297318623
-25.700504184696754,-48.28644362745483,-20.810152975046233
-26.382598114838693,-48.93523407333162,-20.810152976707084
-27.060057956354612,-49.54283498141459,-20.810152978149322
-27.7318359420574,-50.1098830969827,-20.81015297936174
-28.396892315121683,-50.63705365066755,-20.810152980340465
-29.054197473814067,-51.125056774832586,-20.81015298108813
-29.702733830932495,-51.57463403750224,-20.81015298161283
-30.34149742976003,-51.98655507191312,-20.810152981927267
-30.969499355086857,-52.361614284378625,-20.810152982047786
-31.585766974515543,-52.70062762735972,-20.81015298199351
-32.18934504186747,-53.00442942844635,-20.810152981785535
-32.77929669107776,-53.273869269407164,-20.810152981446144
-33.354704345526436,-53.509808912590444,-20.81015298099814
-33.91467056433126,-53.713119274777576,-20.8101529804642
-34.45831884375342,-53.884677451116694,-20.810152979866334
-34.984794388574805,-54.02536379400118,-20.810152979225425
-35.49326486513404,-54.13605905370056,-20.810152978560847
-35.982921144698814,-54.21764158918549,-20.810152977890166
-36.45297804304779,-54.27098465889441,-20.81015297722888
-36.90267505957906,-54.29695380214422,-20.810152976590324
-37.33127711699412,-54.29640432246752,-20.810152975985563
-37.738075300662814,-54.270178884346485,-20.81015297542341
-38.12238759518226,-54.21910523459499,-20.810152974910498
-38.48355961442303,-54.14399405901422,-20.810152974451377
-38.82096532051477,-54.04563698392264,-20.810152974048695
-39.13400772675884,-53.92480473076258,-20.8101529737034
-39.42211957935083,-53.782245430250086,-20.810152973414986
-39.68476401302269,-53.618683100515376,-20.810152973181708
-39.92143517623318,-53.434816291441656,-20.81015297300085
-40.131658822297354,-53.23131689502574,-20.81015297286898
-40.314992863794636,-53.00882911913669,-20.810152972782166
-40.47102788866866,-52.76796861962448,-20.810152972736205
-40.59938763756738,-52.509321783415565,-20.8101529727268
-40.69972944310643,-52.233445153107894,-20.810152972749723
-40.77174463281197,-51.94086498171978,-20.81015297280096
-40.815158898458634,-51.632076904720414,-20.810152972876796
-40.82973263531594,-51.307545715326505,-20.810152972973896
-40.81526125541675,-50.96770522832979,-20.810152973089323
-40.77157547933482,-50.61295821744724,-20.810152973220614
-40.69854161108859,-50.24367641137058,-20.810152973365717
-40.596061800666305,-49.86020053432903,-20.81015297352301
-40.46407429829582,-49.462840378052874,-20.810152973691252
-40.30255370396897,-49.05187489350597,-20.810152973869553
-40.11151121489486,-48.62755229260506,-20.810152974057313
-39.8909948725196,-48.19009015231477,-20.810152974254166
-39.641089809542336,-47.73967551594745,-20.810152974459918
-39.361918496010375,-47.276464989146206,-20.81015297467451
-39.053640982125515,-46.80058483082674,-20.810152974897917
-38.716455133877076,-46.31213104223202,-20.810152975130137
-38.35059685607369,-45.81116946014747,-20.81015297537108
-37.956340295815295,-45.297735863163474,-20.810152975620557
-37.5339980179693,-44.7718361025888,-20.81015297587819
-37.08392114283018,-44.233446272143496,-20.810152976143364
-36.606499434888214,-43.68251293282651,-20.81015297641519
-36.102161330549,-43.118953411295074,-20.81015297669241
-35.57137389176432,-42.54265619164893,-20.810152976973406
-35.01464267189015,-41.95348142162516,-20.810152977256074
-34.4325114797063,-41.35126155482755,-20.81015297753784
-33.825562027437456,-40.735802150697076,-20.81015297781558
-33.19441344882437,-40.10688285344424,-20.81015297808562
-32.539721673816196,-39.46425857009166,-20.810152978343655
-31.86217864729223,-38.80766086611121,-20.81015297858479
-31.162511380367445,-38.136799594896715,-20.81015297880351
-30.441480824274276,-37.45136477451853,-20.810152978993745
-29.69988055851859,-36.75102872190926,-20.81015297914888
-28.938535286947133,-36.0354484508925,-20.810152979261876
-28.158299137494854,-35.304268336373035,-20.810152979325366
-27.360053763656218,-34.55712304264961,-20.810152979331853
-26.544706248093096,-33.793640709299765,-20.810152979273877
-25.713186811198852,-33.01344638353182,-20.810152979144277
-24.86644632983212,-32.216165683419646,-20.810152978936493
-24.005453673764265,-31.401428672144778,-20.810152978644837
-23.13119286961067,-30.56887391937295,-20.810152978264878
-22.244660104103016,-29.7181527222826,-20.810152977793773
-21.34686058048669,-28.84893345561544,-20.81015297723062
-20.438805243583175,-27.9609060174893,-20.810152976576763
-19.521507390645763,-27.053786335630885,-20.810152975836083
-18.595979186573363,-26.12732089715758,-20.810152975015214
-17.663228103357973,-25.18129126404284,-20.810152974123667
-16.724253304863357,-24.215518535898035,-20.81015297317383
-15.780041999206297,-23.22986772163222,-20.810152972180905
-14.831565782182215,-22.22425198183346,-20.810152971162626
-13.879776996385617,-21.19863670426319,-20.810152970138915
-12.925605131957939,-20.153043375578527,-20.810152969131394
-11.969953296275028,-19.08755321320864,-20.810152968162726
-11.013694781371852,-18.002310522133378,-20.810152967255895
-10.057669759481154,-16.897525742086227,-20.810152966433392
-9.102682138700619,-15.773478151394029,-20.810152965716387
-8.14949661243837,-14.630518194266976,-20.81015296512381
-7.198835937830634,-13.469069398894018,-20.81015296467161
-6.251378479662451,-12.289629854246021,-20.81015296437196
-5.307756057310756,-11.092773214146789,-20.810152964232675
-4.3685521327062515,-9.879149198079459,-20.810152964256766
-3.434300377097807,-8.649483559524226,-20.810152964442207
-2.5054836533157254,-7.404577494565946,-20.810152964781885
-1.5825334480874411,-6.145306466271684,-20.810152965263853
-0.665829785598345,-4.87261842411856,-20.810152965871733
0.24429835121848661,-3.5875314027292147,-20.810152966585377
1.1475720713176296,-2.291130490481162,-20.81015296738169
2.0437610853383985,-0.9845641662693451,-20.81015296823558
2.932681670765201,0.33095998819182776,-20.810152969121003
3.8141940988475036,1.654180182748596,-20.810152970012037
4.6881995408536685,2.983785890631609,-20.810152970883884
5.554636483054146,4.318423856284506,-20.810152971713844
6.413476691870924,5.656704585248466,-20.810152972482097
7.26472078240385,6.997209249849409,-20.810152973172357
8.10839345452391,8.338496932906637,-20.810152973772286
8.944538470377108,9.679112121520156,-20.810152974273763
9.773213454969788,11.017592354763808,-20.810152974672917
10.594484607076433,12.352475923308461,-20.810152974969974
11.408421410697096,13.682309516008395,-20.810152975168936
12.215091437498423,15.005655708543463,-20.810152975277177
13.014555328053683,16.321100192390052,-20.81015297530486
13.806862034361762,17.62725864858943,-20.810152975264337
14.592044398328174,18.922783179717136,-20.810152975169487
15.370115131015675,20.2063682247089,-20.810152975035045
16.14106324599803,21.47675589423072,-20.81015297487596
16.904850987619916,22.73274067848547,-20.810152974706778
17.66141128194216,23.973173494092002,-20.81015297454106
18.410645725182746,25.19696505134032,-20.810152974390988
19.152423112049174,26.403088537159537,-20.81015297426689
19.886578494920247,27.590581622064263,-20.810152974177072
20.612912754706073,28.758547810805585,-20.810152974127522
21.33119265562413,29.90615716619842,-20.810152974121976
22.041151349204664,31.03264644349516,-20.810152974161873
22.74248928761649,32.13731867869961,-20.810152974246513
23.434875502837226,33.219542278429145,-20.810152974373274
24.117949206169744,34.27874966147108,-20.810152974537882
24.79132166196843,35.314435503226626,-20.810152974734713
25.4545782899953,36.32615463400893,-20.810152974957155
26.107280952370377,37.313519640889076,-20.810152975197923
26.74897038340505,38.2761982206925,-20.810152975449462
27.379168723512336,39.21391032905256,-20.81015297570418
27.99738212168967,40.126425167319745,-20.810152975954797
28.603103374606775,41.01355804577175,-20.81015297619456
29.19581457396424,41.87516715810907,-20.810152976417427
29.77498973740484,42.71115029876438,-20.810152976618227
30.34009740176905,43.52144155118593,-20.81015297679275
30.89060316082168,44.30600797203648,-20.81015297693779
31.42597213269057,45.06484629322134,-20.81015297705115
31.945671345119596,45.79797966084593,-20.810152977131644
32.44917202923082,46.505454427616996,-20.810152977178976
32.93595181480901,47.187337012843685,-20.810152977193724
33.40549682216869,47.84371084206004,-20.810152977177214
33.85730364745048,48.47467337636985,-20.810152977131402
34.290881239731576,49.08033323989584,-20.810152977058788
34.705752669644816,49.66080745218472,-20.810152976962268
35.10145679029654,50.21621877106455,-20.81015297684507
35.477549792177875,50.74669315025884,-20.810152976710608
35.83360665449297,51.25235731502106,-20.810152976562424
36.16922249590008,51.73333645815391,-20.810152976404094
36.48401382809433,52.1897520580113,-20.810152976239163
36.7776197159683,52.621719819438795,-20.81015297607108
37.04970284828469,53.029347738084475,-20.81015297590318
37.29995052289425,53.41273428809967,-20.81015297573862
37.52807555054657,53.77196673294192,-20.81015297558038
37.73381708127853,54.10711955878486,-20.810152975431237
37.916941357237825,54.418253029924465,-20.81015297529376
38.077242395613,54.70541186554197,-20.810152975170315
38.214542605107,54.968624037232104,-20.810152975063062
38.3286933391147,55.2078996868235,-20.810152974973956
38.41957538845304,55.42323016419589,-20.81015297490479
38.48709941615274,55.614587185026586,-20.810152974857118
38.53120633645762,55.78192210866551,-20.81015297483236
38.55186763979786,55.92516533663251,-20.810152974831727
38.549085665111356,56.044225832541215,-20.810152974856244
38.52289382048719,56.13899076456845,-20.810152974906742
38.4733567527004,56.20932527189651,-20.81015297498384
38.40057046580031,56.255072356845986,-20.810152975087917
38.30466238850813,56.27605290467982,-20.81015297521908
38.1857913897728,56.2720658332869,-20.810152975377154
38.0441477414282,56.24288837513806,-20.810152975561607
37.879953026487364,56.18827649404436,-20.810152975771544
37.693459991198786,56.10796543933406,-20.810152976005618
37.48495233857126,56.00167044009969,-20.810152976262007
37.25474446064444,55.86908754215234,-20.81015297653836
37.00318110633525,55.70989459026021,-20.810152976831766
36.73063698122107,55.5237523581496,-20.81015297713868
36.437516275122455,55.31030582861732,-20.810152977454926
36.12425211281497,55.06918562595437,-20.810152977775687
35.791305922626464,54.80000960272479,-20.81015297809548
35.43916671705751,54.50238458279361,-20.810152978408208
35.06835027889592,54.17590826236916,-20.81015297870721
34.679398245579385,53.820171270731876,-20.81015297898534
34.272877083795194,53.43475939227848,-20.810152979235063
33.849376945496545,53.019255951530496,-20.810152979448656
33.40951039566943,52.57324436284954,-20.810152979618348
32.95391100131591,52.09631084677753,-20.810152979736568
32.483231770246576,51.58804731517964,-20.81015297979622
31.998143427422676,51.04805442771037,-20.81015297979097
31.499332515788733,50.47594482253638,-20.810152979715568
30.987499307830827,49.87134652471607,-20.810152979566205
30.463355513535106,49.23390653612196,-20.810152979340874
29.92762177006755,48.563294611253255,-20.810152979039714
29.381024898425142,47.85920722365971,-20.810152978665357
28.824294912609076,47.12137172790185,-20.810152978223243
28.258161767648133,46.34955072190111,-20.810152977721813
27.6833518341759,45.54354661405642,-20.810152977172706
27.100584089378362,44.703206398462335,-20.810152976590796
26.510566017133982,43.828426639769276,-20.810152975994093
25.91398921423767,42.9191586664633,-20.810152975403494
25.311524704914255,41.97541396736779,-20.810152974842342
24.703817972572402,40.997269780720465,-20.810152974335864
24.091483726105416,39.98487485798691,-20.810152973910256
23.4751004281685,38.938455375377195,-20.81015297359179
22.85520462486672,37.85832095460999,-20.810152973405582
22.232285130218056,36.74487074066596,-20.81015297337436
21.606777134549617,35.59859946804691,-20.810152973517145
20.979056323437494,34.42010342853408,-20.810152973847984
20.349433112517538,33.210086232963924,-20.810152974374823
19.718147122852084,31.96936423774365,-20.81015297509859
19.085362040644284,30.69887148467358,-20.810152976012702
18.45116102276711,29.399663981468965,-20.8101529771029
17.81554282435235,28.072923131889386,-20.810152978347563
17.178418834855833,26.719958110641976,-20.810152979718502
16.53961121271178,25.342206971508627,-20.81015298118204
15.898852304031884,23.941236279808365,-20.810152982700345
15.255785516097895,22.518739074513356,-20.81015298423277
14.609967790373474,21.076530992778313,-20.810152985737048
13.960873781847518,19.61654443118526,-20.810152987170156
13.307901802085285,18.140820673375675,-20.810152988488806
12.65038152390474,16.651499981279436,-20.810152989649538
11.987583378817174,15.150809723700986,-20.810152990608664
11.318729508103079,13.641050697030437,-20.810152991322315
10.643006059332576,12.12458187266604,-20.81015299174689
9.959576557419151,10.603803878164682,-20.810152991840283
9.267596027937023,9.081141578116512,-20.81015299156399
8.566225514742188,7.559026161095991,-20.810152990886124
7.854646616957559,6.039877157178805,-20.81015298978508
7.132075673491352,4.526084804909111,-20.8101529882534
6.397777245989435,3.0199931580149335,-20.810152986301233
5.65107659124554,1.523884273529524,-20.810152983958886
4.891370867927614,0.03996375896169794,-20.81015298127781
4.118138885388168,-1.4296521174415109,-20.810152978329953
3.3309492693001954,-2.88294762631987,-20.81015297520517
2.5294669850791913,-4.318017034322364,-20.81015297200712
1.7134582213608924,-5.73307233368065,-20.810152968847873
0.8827936890303938,-7.126449315658177,-20.810152965841866
0.03745043439691795,-8.496612102770627,-20.8101529630997
-0.8224877028487552,-9.842156284429546,-20.810152960722306
-1.6968308352198498,-11.161810817195896,-20.810152958795996
-2.58528481403979,-12.454438855550594,-20.81015295738858
-3.487453892550528,-13.719037673988769,-20.81015295654675
-4.402844106236558,-14.954737828596533,-20.81015295629487
-5.3308672218291795,-16.160801688370753,-20.810152956634923
-6.270845121082419,-17.33662144552661,-20.810152957547626
-7.2220145024383875,-18.481716691755008,-20.810152958994493
-8.183531801869655,-19.59573162535382,-20.810152960920565
-9.154478252480716,-20.67843193352726,-20.810152963257696
-10.13386502007784,-21.72970137576723,-20.81015296592809
-11.120638368286272,-22.749538078661864,-20.810152968848023
-12.11368482148332,-23.738050540053724,-20.810152971931423
-13.111836306537523,-24.695453331351587,-20.810152975093313
-14.113875264914778,-25.62206248100878,-20.81015297825291
-15.118539735029842,-26.51829051964279,-20.81015298133631
-16.124528410749797,-27.384641167832402,-20.810152984278638
-17.130505685714486,-28.2217036510749,-20.810152987025692
-18.135106694701005,-29.03014663244172,-20.810152989534924
-19.136942362752464,-29.81071176180352,-20.810152991775926
-20.13460447040124,-30.5642068507077,-20.81015299373025
-21.1266707392889,-31.29149869362237,-20.81015299539073
-22.111709937126406,-31.993505568784904,-20.810152996760397
-23.088286994612442,-32.67118946472729,-20.81015299785098
-24.054968120047675,-33.32554809107094,-20.810152998681197
-25.010325890392963,-33.95760674374445,-20.81015299927492
-25.95294429087782,-34.568410104746995,-20.8101529996593
-26.881423669415856,-35.15901406437064,-20.810152999863078
-27.7943855674296,-35.73047765890566,-20.810152999915022
-28.690477385564083,-36.28385521890615,-20.81015299984269
-29.568376841419298,-36.820188821862246,-20.810152999671466
-30.4267961769897,-37.3405011385602,-20.81015299942397
-31.264486075977153,-37.8457887546438,-20.810152999119726
-32.08023925543538,-38.33701603823088,-20.810152998775138
-32.87289370209176,-38.815109611353215,-20.81015299840366
-33.641335530867885,-39.28095346806867,-20.810152998016104
-34.384501451208195,-39.735384766015905,-20.810152997621074
-35.101380835415526,-40.17919030165376,-20.810152997225387
-35.79101739186486,-40.613103663148756,-20.81015299683449
-36.4525104543279,-41.03780303948941,-20.810152996452818
-37.08501590634088,-41.453909650470514,-20.81015299608408
-37.68774676630224,-41.86198675014417,-20.810152995731485
-38.259973464583624,-42.26253914649145,-20.8101529953978
-38.801023848244284,-42.656013172610805,-20.810152995085495
-39.31028295189615,-43.0427970397082,-20.81015299479665
-39.78719257488232,-43.423221499561386,-20.810152994532995
-40.231250705268174,-43.79756074378243,-20.81015299429579
-40.64201083030531,-44.1660334689182,-20.810152994085808
-41.01908117114706,-44.52880403996548,-20.81015299390324
-41.36212387681783,-44.88598368997,-20.810152993747675
-41.670854208921064,-45.237631699757486,-20.81015299361806
-41.94503974446139,-45.583756509247046,-20.810152993512713
-42.184499619599755,-45.92431671997753,-20.810152993429366
-42.38910383228511,-46.259221957212176,-20.8101529933652
-42.55877261663479,-46.58833356907296,-20.81015299331698
-42.693475896776285,-46.9114651494117,-20.810152993281136
-42.79323282271941,-47.22838288038215,-20.810152993253975
-42.85811138579856,-47.53880569977774,-20.81015299323183
-42.88822810640756,-47.84240530698774,-20.810152993211307
-42.88374778224717,-48.13880602974251,-20.810152993189526
-42.844883281222025,-48.427584581499836,-20.81015299316439
-42.77189535957265,-48.70826974619655,-20.810152993134864
-42.66509248292285,-48.98034203296804,-20.81015299310123
-42.52483062578102,-49.24323334813802,-20.810152993065362
-42.351513023764795,-49.496326735117144,-20.810152993030933
-42.145589852521226,-49.73895623465326,-20.810152993003527
-41.90755780806426,-49.970406918005786,-20.810152992990734
-41.63795956509217,-50.18991514397271,-20.81015299300205
-41.33738309278025,-50.396669087239204,-20.810152993048703
-41.00646081151991,-50.58980958027278,-20.81015299314332
-40.64586857898588,-50.76843130407409,-20.810152993299404
-40.25632449959457,-50.93158435470577,-20.810152993530714
-39.838587557641304,-51.07827620295371,-20.810152993850487
-39.39345608090309,-51.20747405409142,-20.810152994270574
-38.92176604795207,-51.318107603948654,-20.81015299480054
-38.42438925851678,-51.40907217679659,-20.810152995446717
-37.90223139162478,-51.4792322204309,-20.81015299621138
-37.356229980656195,-51.52742512471548,-20.810152997091983
-36.78735233757804,-51.55246532214507,-20.810152998080614
-36.19659346031675,-51.55314862301475,-20.810152999163595
-35.58497395734729,-51.528256733767144,-20.810153000321407
-34.95353802209989,-51.47656190512793,-20.81015300152881
-34.30335148676391,-51.39683165672471,-20.810153002755243
-33.63549998063485,-51.28783352689064,-20.810153003965464
-32.9510872125035,-51.14833980006918,-20.81015300512041
-32.25123338996995,-50.977132169374556,-20.81015300617821
-31.537073781253476,-50.77300629809894,-20.810153007095355
-30.809757417342805,-50.53477625095233,-20.81015300782797
-30.07044592445782,-50.261278773248335,-20.810153008333096
-29.320312469016006,-49.95137740382076,-20.81015300857006
-28.560540789814876,-49.603966414937986,-20.810153008501793
-27.79232428511074,-49.2179745797076,-20.810153008096133
-27.016865115798044,-48.79236877433855,-20.810153007327113
-26.23537328002704,-48.326157429129395,-20.810153006176193
-25.44906560935084,-47.81839384822301,-20.810153004633452
-24.659164631837815,-47.26817942411054,-20.810153002698726
-23.866897243464933,-46.67466677872655,-20.81015300038268
-23.073493125446227,-46.03706286892536,-20.81015299770782
-22.28018284186544,-45.35463210035362,-20.81015299470939
-21.48819554899581,-44.62669950041295,-20.810152991436148
-20.69875624494558,-43.852654008292156,-20.810152987950964
-19.913082485744248,-43.03195194803721,-20.81015298433113
-19.13238049171756,-42.164120759337294,-20.81015298066836
-18.35784056610396,-41.24876307003759,-20.81015297706832
-17.590631746567414,-40.285561204087315,-20.810152973649508
-16.83189560993263,-39.27428222823166,-20.810152970541424
-16.0827391516678,-38.21478364952512,-20.810152967881745
-15.344226665164634,-37.10701988261185,-20.81015296581231
-14.617370552801486,-35.95104960920362,-20.810152964473787
-13.90312101254831,-34.747044150317016,-20.810152963998807
-13.202354562283388,-33.49529696209283,-20.810152964503537
-12.515861391225117,-32.19623434532151,-20.81015296607781
-11.844331566457564,-30.850427423521293,-20.810152968774105
-11.188340175164669,-29.458605390571,-20.810152972596253
-10.548331552535293,-28.02166995245327,-20.810152977488926
-9.9246028334966,-26.5407107851093,-20.810152983329665
-9.317287174436412,-25.01702169961543,-20.810152989925665
-8.726337117773541,-23.452117047309528,-20.810152997017724
-8.151508713355327,-21.84774771559619,-20.810153004293646
-7.592347157619029,-20.205915870035156,-20.81015301141234
-7.048174850397843,-18.52888740704321,-20.810153018038392
-6.518082880705689,-16.81920091880432,-20.8101530238836
-6.0009270124392255,-15.079671869291744,-20.81015302874951
-5.495329221806496,-13.313390673063937,-20.810153032561587
-4.999685715287737,-11.523713490539187,-20.810153035384836
-4.5121821126436945,-9.714244829229028,-20.810153037412544
-4.030816111010372,-7.888811475997997,-20.81015303892487
-3.5534274709105906,-6.051427860660873,-20.81015304022245
-3.0777346235404432,-4.206253615958425,-20.810153041548567
-2.601376651877726,-2.357544776037949,-20.81015304301951
-2.121958918752263,-0.5096006520015938,-20.810153044582727
-1.637100273978302,1.333291152311392,-20.81015304601587
-1.1444796238253507,3.1669089376729707,-20.81015304696839
-0.6418797136093433,4.987147761841892,-20.810153047034845
-0.1272262465408666,6.790064734173554,-20.81015304584087
0.40137910503399005,8.571917084271803,-20.810153043120366
0.9456327125379842,10.32919199463027,-20.810153038767254
1.5070103966485884,12.058627864406521,-20.81015303285386
2.0867560910925813,13.757227283586667,-20.810153025616977
2.6858772213563995,15.42226248368179,-20.810153017419978
3.3051459649440234,17.051274362370616,-20.81015300870211
3.945105392905651,18.642066352869584,-20.810152999926217
4.606079435756126,20.19269444327023,-20.810152991533005
5.288185647788822,21.701454578055202,-20.81015298390679
5.991349835669703,23.16686852894885,-20.81015297735404
6.7153217447717495,24.587669138356365,-20.810152972093892
7.459691138880186,25.962785643032582,-20.81015296825816
8.223903750008764,27.291329597935018,-20.81015296589814
9.007276704880908,28.572581752808116,-20.81015296499549
9.809013147543755,29.805980093153043,-20.810152965474977
10.628215871524436,30.99110914452903,-20.810152967217558
11.463899850243838,32.127690553228646,-20.81015297007266
12.315003612861638,33.215574894131464,-20.810152973869116
13.18039945683695,34.254734614034795,-20.810152978424558
14.0589025209479,35.24525799192602,-20.810152983553117
14.949278765889806,36.18734398271579,-20.810152989071682
15.850251926127996,37.08129780460543,-20.810152994804824
16.760509508296156,37.92752712980658,-20.810153000588617
17.678707919585044,38.72653874163771,-20.810153006273524
18.60347681536611,39.478935526504564,-20.810153011726612
19.533422759513318,40.18541367582067,-20.810153016833162
20.467132294011673,40.846759979841345,-20.810153021497786
21.40317451672156,41.46384910231514,-20.810153025645207
22.340103267656097,42.03764073172836,-20.810153029220647
23.27645902472275,42.569176511883626,-20.8101530321899
24.21077060935993,43.05957666193629,-20.810153034539027
25.14155680056472,43.510036204252856,-20.81015303627368
26.067327952119246,43.921820728052545,-20.81015303741794
26.986587702040868,44.29626162824419,-20.81015303801273
27.897834855113746,44.634750772605685,-20.810153038113633
28.7995655086069,44.93873456676885,-20.810153037788268
29.69027547788862,45.209707405463874,-20.8101530371131
30.56846306273193,45.44920451998537,-20.810153036169943
31.43263217700725,45.65879425540853,-20.81015303504214
32.2812958447386,45.84006983593852,-20.810153033810803
33.11298004494229,45.994640701853136,-20.810153032551064
33.926227867238026,46.124123525486645,-20.810153031328948
34.719603921014844,46.23013303514083,-20.810153030198748
35.49169892407907,46.31427279320436,-20.810153029201313
36.24113438328007,46.378126086736806,-20.810153028363278
36.96656727050685,46.42324709421194,-20.810153027697282
37.66669459331603,46.45115249029342,-20.81015302720313
38.34025776059579,46.46331364120363,-20.81015302686965
38.98604665001745,46.4611495267494,-20.81015302667723
39.60290329512913,46.446020502222254,-20.81015302660053
40.189725125020225,46.419222985485604,-20.810153026611296
40.745467707489794,46.38198512322737,-20.810153026680947
41.26914696639209,46.335463457405474,-20.81015302678275
41.759840864068174,46.280740580179625,-20.810153026893527
42.216690559334815,46.21882373480231,-20.810153026994747
42.63890106937543,46.1506442924667,-20.810153027073117
43.02574147927276,46.07705801206292,-20.8101530271206
43.376544755304785,45.99884597186152,-20.81015302713412
43.69070722722078,45.91671604962416,-20.81015302711493
43.96768781048798,45.83130482047847,-20.810153027067763
44.20700704211416,45.74317973974785,-20.81015302700002
44.40824600341619,45.652841480250075,-20.810153026920798
44.57104520042037,45.560726299700725,-20.810153026840123
44.69510346788799,45.46720832306497,-20.810153026768177
44.78017695669659,45.37260163629568,-20.81015302671467
44.82607825687659,45.27716210124993,-20.810153026688372
44.8326757003456,45.1810888161578,-20.81015302669667
44.799892878575015,45.08452516140885,-20.810153026745304
44.727708401265595,44.987559386320626,-20.810153026838172
44.61615591273997,44.89022470875633,-20.81015302697719
44.4653243732639,44.79249891584777,-20.810153027162293
44.27535860293307,44.69430347059196,-20.81015302739143
44.04646007613826,44.595502145686666,-20.81015302766072
43.77888794498232,44.49589922260937,-20.810153027964674
43.47296026042445,44.39523731054068,-20.810153028296458
43.12905535046986,44.29319485613497,-20.81015302864841
42.74761330556556,44.18938343109799,-20.810153029012532
42.32913751273576,44.08334489967819,-20.810153029381183
41.87419617220218,43.97454858202349,-20.810153029747873
41.38342372366867,43.8623885412827,-20.81015303010806
40.85752210455309,43.7461811316187,-20.810153030459983
40.29726175970718,43.62516295015773,-20.81015303080542
39.70348232206482,43.49848933751872,-20.81015303115023
39.077092886642,43.36523356820028,-20.810153031504584
38.419071806717454,43.22438686314567,-20.810153031882802
37.730465951027604,43.07485934189122,-20.810153032302633
37.01238937437243,42.91548201079005,-20.810153032783997
36.26602137084356,42.74500985724894,-20.81015303334712
35.492603898360606,42.56212608852257,-20.810153034010213
34.69343838446137,42.3654475186178,-20.810153034786747
33.86988194521792,42.15353106990788,-20.810153035682667
33.023343070454665,41.92488131907003,-20.810153036693723
32.15527684776906,41.677958982014594,-20.81015303780329
31.267179813895055,41.41119020161392,-20.810153038980953
30.36058453357796,41.122976477091996,-20.810153040182012
29.43705401250964,40.81170505633936,-20.810153041348205
28.498176051546825,40.47575960308978,-20.81015304240952
27.545557644361544,40.11353095015102,-20.810153043287137
26.580819510231926,39.72342775743171,-20.81015304389723
25.60559083862153,39.30388690850325,-20.810153044155395
24.621504303553706,38.853383500597815,-20.81015304398139
23.63019138477484,38.37044030869303,-20.810153043303856
22.63327801058931,37.853636632976844,-20.81015304206469
21.632380515257697,37.3016164688573,-20.810153040222918
20.629101883052957,36.71309596829357,-20.810153037757768
19.625028232333413,36.086870189352,-20.81015303467093
18.62172547694005,35.421819156632836,-20.810153030987912
17.620736089238974,34.71691327799847,-20.810153026758577
16.623575879364022,33.97121818259575,-20.81015302205678
15.631730698645203,33.18389906148626,-20.810153016979296
14.64665297168317,32.35422460543788,-20.81015301164402
13.669757960827129,31.481570644839262,-20.81015300618755
12.702419668703289,30.565423604536655,-20.810153000762117
11.745966288740352,29.60538389184597,-20.810152995531908
10.801675120263772,28.60116933910312,-20.810152990668765
9.870766873740576,27.552618822712045,-20.810152986347198
8.954399303389707,26.459696178298735,-20.810152982738675
8.053660119072445,25.32249452554253,-20.810152980005217
7.169559147805049,24.14124110546927,-20.810152978292216
6.303019738264019,22.916302716066987,-20.810152977720655
5.454869430333713,21.64819180735132,-20.81015297837892
4.625829947230225,20.33757326259833,-20.8101529803145
3.816506611154476,18.985271846478085,-20.810152983526294
3.027377335689577,17.59228024158788,-20.81015298795818
2.2587814096692296,16.159767521316382,-20.810152993494963
1.5109083575421554,14.689087819070274,-20.810152999961915
0.7837872385673775,13.18178885334864,-20.810153007129024
0.07727682793409141,11.639619858988164,-20.810153014721095
-0.608942798669731,10.064538364116077,-20.810153022434065
-1.2753766876589945,8.458715150295848,-20.810153029957135
-1.922718801276972,6.824536653721485,-20.81015303699901
-2.551852533285896,5.1646040243983045,-20.810153043315147
-3.1638473306892676,3.4817280752791815,-20.810153048731813
-3.759950896264126,1.7789194398435881,-20.810153053162104
-4.341576601745997,0.05937342498035703,-20.810153056609813
-4.910285960693453,-1.6735507023005174,-20.810153059158786
-5.467766283717428,-3.416355931509907,-20.810153060948615
-6.015803946848375,-5.165438793178937,-20.81015306214081
-6.556254016959401,-6.91712489127056,-20.81015306288264
-7.091007261118625,-8.667707511993841,-20.81015306327675
-7.62195578389109,-10.41348786443976,-20.81015306336372
-8.15095865844902,-12.150815352000294,-20.810153063121284
-8.679808926393788,-13.87612625659448,-20.810153062479564
-9.210203235675886,-15.585979343096648,-20.810153061347542
-9.743715180301407,-17.27708714108911,-20.810153059643515
-10.281773127189231,-18.94634200027468,-20.810153057322132
-10.825642999795363,-20.590836399963052,-20.810153054392195
-11.376416171250895,-22.20787737611504,-20.810153050922704
-11.935002333239614,-23.7949952720197,-20.81015304703748
-12.502126973250663,-25.349947292923982,-20.810153042901142
-13.078332924203313,-26.870716536615554,-20.810153038700353
-13.663985348779136,-28.355507279665513,-20.810153034624303
-14.259279480249669,-29.802737331313573,-20.810153030847424
-14.864250451238956,-31.21102823858712,-20.810153027516368
-15.478784588544334,-32.57919405451269,-20.810153024741947
-16.102631622720867,-33.90622928316103,-20.810153022595816
-16.7354173440528,-35.19129650541921,-20.810153021111198
-17.376656322602848,-36.43371407919052,-20.81015302028642
-18.025764392646202,-37.632944205112224,-20.810153020090468
-18.682070676750694,-38.788581558641276,-20.81015302046923
-19.34482898982677,-39.900342613730885,-20.810153021352022
-20.013228517899083,-40.9680557226706,-20.81015302265766
-20.686403710425438,-41.991651970106126,-20.810153024299836
-21.363443359613875,-42.971156785182735,-20.810153026191628
-22.043398866587324,-43.906682272231194,-20.810153028249083
-22.72529171374183,-44.79842020544711,-20.810153030393924
-23.408120176522562,-45.64663562473461,-20.810153032555483
-24.09086531726368,-46.451660966641846,-20.810153034671906
-24.772496309704508,-47.21389066471383,-20.810153036690814
-25.45197514613738,-47.93377615649405,-20.810153038569503
-26.128260780529317,-48.611821238929274,-20.810153040274777
-26.800312760915222,-49.24857771939362,-20.810153041782463
-27.46709440328399,-49.8446413154508,-20.81015304307683
-28.12757555737109,-50.40064776246569,-20.81015304414977
-28.780735012450315,-50.917269094021016,-20.810153044999943
-29.425562588541336,-51.39521006564465,-20.810153045631882
-30.06106095553001,-51.835204697524134,-20.810153046055056
-30.68624721961284,-52.23801291664204,-20.810153046283
-31.30015431328125,-52.604417283102144,-20.81015304633238
-31.901832221795548,-52.935219789346945,-20.810153046222247
-32.49034907579496,-53.231238724514,-20.81015304597319
-33.06479213637606,-53.49330559936881,-20.810153045606658
-33.62426869567478,-53.722262130108625,-20.810153045144343
-34.16790691273513,-53.91895728187372,-20.81015304460758
-34.694856601270935,-54.08424437504098,-20.810153044016904
-35.204289982859336,-54.21897825931265,-20.810153043391598
-35.6954024161811,-54.324012562247596,-20.81015304274939
-36.1674131101813,-54.400197020202896,-20.810153042106226
-36.61956582650001,-54.448374900647536,-20.810153041476042
-37.05112957425297,-54.469380525462775,-20.810153040870702
-37.461399298257554,-54.46403690514196,-20.81015304029995
-37.84969656012622,-54.4331534937385,-20.81015303977146
-38.21537021030707,-54.37752407398216,-20.810153039290892
-38.55779704814891,-54.29792478119877,-20.810153038862023
-38.87638246640691,-54.19511227354544,-20.810153038486963
-39.17056107627406,-54.069822054641975,-20.81015303816628
-39.439797309003076,-53.92276695298201,-20.810153037899287
-39.683585990441145,-53.75463576059605,-20.81015303768423
-39.901452885298426,-53.56609203137609,-20.810153037518504
-40.09295520866165,-53.357773037326055,-20.810153037398912
-40.257682103096606,-53.130288878847956,-20.810153037321843
-40.39525508060113,-52.88422174308481,-20.81015303728347
-40.50532842961959,-52.620125302391166,-20.810153037279893
-40.587589588255824,-52.33852424325863,-20.81015303730731
-40.641759485675145,-52.0399139145478,-20.810153037362078
-40.667592854422296,-51.72476008272062,-20.81015303744086
-40.66487851696501,-51.39349878096812,-20.810153037540623
-40.633439650171894,-51.04653623871535,-20.810153037658708
-40.573134031629024,-50.68424887797255,-20.81015303779282
-40.48385427167951,-50.30698336339238,-20.810153037941056
-40.36552803483116,-49.915056693676306,-20.810153038101856
-40.218118253723276,-49.50875632313059,-20.810153038273977
-40.041623338186604,-49.08834030367186,-20.810153038456473
-39.83607738108692,-48.65403743938709,-20.810153038648636
-39.601550361636974,-48.20604744781759,-20.810153038849936
-39.338148345718416,-47.74454112441132,-20.81015303905999
-39.04601368150722,-47.269660509017235,-20.810153039278493
-38.72532518737351,-46.78151905582355,-20.810153039505163
-38.37629832766491,-46.28020181070729,-20.8101530397397
-37.9991853706168,-45.765765602506306,-20.81015303998171
-37.594275521297455,-45.23823925718445,-20.81015304023068
-37.161895021228354,-44.697623846175794,-20.8101530404859
-36.702407205152326,-44.14389298230401,-20.810153040746428
-36.21621250438988,-43.57699317852078,-20.81015304101103
-35.70374838535786,-42.99684428623642,-20.810153041278134
-35.165489211152966,-42.40334003117668,-20.8101530415458
-34.60194601365284,-41.79634866544489,-20.810153041811645
-34.01366616337957,-41.17571375475963,-20.810153042072834
-33.401232924422935,-40.5412551196453,-20.81015304232605
-32.7652648820442,-39.892769948653395,-20.810153042567443
-32.10641523118079,-39.23003410047962,-20.81015304279266
-31.425370914946583,-38.55280361011817,-20.810153042996824
-30.722851603362162,-37.86081641197796,-20.81015304317458
-29.99960850393783,-37.153794290209554,-20.810153043320128
-29.256422997346167,-36.431445063401576,-20.81015304342731
-28.49410509322988,-35.69346500736378,-20.810153043489716
-27.713491703159015,-34.939541515993554,-20.81015304350082
-26.915444729839543,-34.16935599630733,-20.81015304345415
-26.10084897384013,-33.38258698969941,-20.81015304334352
-25.270609861303207,-32.578913507464456,-20.810153043163233
-24.425650998298888,-31.75801856468062,-20.810153042908368
-23.566911559628412,-30.919592892791183,-20.810153042575074
-22.695343521956666,-30.06333880772674,-20.810153042160845
-21.811908753126378,-29.18897420724941,-20.81015304166482
-20.91757597136504,-28.296236668432982,-20.810153041088046
-20.01331758983372,-27.384887613856648,-20.810153040433743
-19.10010646358811,-26.454716513206343,-20.81015303970743
-18.17891255753886,-25.50554508554694,-20.810153038917115
-17.25069955543017,-24.537231466532738,-20.810153038073253
-16.316421431226587,-23.549674304228326,-20.810153037188723
-15.377019005635537,-22.54281674696839,-20.81015303627859
-14.433416511821719,-21.51665028673522,-20.810153035359857
-13.486518195710964,-20.471218421814,-20.81015303445107
-12.537204977647097,-19.40662010293609,-20.810153033571712
-11.586331203556306,-18.323012927684005,-20.810153032741702
-10.634721515174137,-17.2206160485651,-20.810153031980647
-9.683167870266816,-16.099712760838454,-20.810153031307163
-8.73242674507715,-14.960652736898084,-20.810153030738118
-7.78321655237007,-13.803853874797666,-20.810153030287946
-6.836215309347393,-12.629803729399443,-20.810153029968003
-5.892058590229183,-11.439060495722556,-20.81015302978603
-4.951337798327988,-10.232253515461144,-20.810153029745734
-4.014598791829565,-9.010083279470479,-20.81015302984656
-3.0823408960934304,-7.773320901426014,-20.81015303008362
-2.1550163329590046,-6.52280704099808,-20.81015303044782
-1.2330300941655106,-5.2594502589000784,-20.810153030926188
-0.3167402814729319,-3.984224791186303,-20.810153031502384
0.5935410696442194,-2.698167736286269,-20.810153032157345
1.4975466727658784,-1.4023756555031397,-20.81015303287007
2.395052177825142,-0.09800059604496357,-20.810153033618477
3.2858738700194308,1.21375444500867,-20.81015303438034
4.169865897201327,2.531640587268484,-20.810153035134107
5.046917052881058,3.85436862493553,-20.81015303585979
5.916947152364135,5.180615026031902,-20.810153036539656
6.7799030496631705,6.509028312396424,-20.810153037158813
7.635754352230929,7.838235750043273,-20.810153037705664
8.484488898828646,9.166850270842287,-20.810153038172174
9.32610807256255,10.49347753949139,-20.810153038553935
10.16062202594137,11.816723074812325,-20.81015303885014
10.988044897460563,13.135199331820576,-20.810153039063312
11.808390099541597,14.447532650994228,-20.810153039199005
12.621665755602583,15.75236998375709,-20.810153039265337
13.427870359688582,17.048385308321766,-20.81015303927245
14.226988725643492,18.334285657496043,-20.810153039231956
15.018988284562061,19.60881668950973,-20.810153039156358
15.803815779603092,20.870767743943066,-20.810153039058445
16.581394396610776,22.118976336944375,-20.810153038950766
17.351621357840813,23.35233206259837,-20.81015303884509
18.114365994876184,24.569779880040013,-20.810153038752027
18.869468305965096,25.770322778232792,-20.81015303868063
19.616737992886506,26.95302382184006,-20.81015303863817
20.355953963341555,28.117007591989257,-20.810153038629945
21.08686427699762,29.261461044728833,-20.81015303865925
21.80918650680933,30.385633817465543,-20.810153038727364
22.522608482164372,31.488838019591313,-20.810153038833676
23.22678937673827,32.570447547887376,-20.810153038975873
23.921361101621343,33.62989697021334,-20.810153039150144
24.605929963188206,34.66668002258302,-20.810153039351498
25.280078545169545,35.68034776516137,-20.81015303957403
25.943367775294245,36.670506442166925,-20.810153039811233
26.59533913852647,37.636815089318816,-20.81015304005632
27.235517001159433,38.578982930503265,-20.8101530403025
27.863411012686978,39.496766602919315,-20.810153040543213
28.47851855531255,40.38996724724338,-20.810153040772366
29.080327214047614,41.25842749645412,-20.810153040984524
29.668317243491586,42.10202839398692,-20.810153041174996
30.241964010487496,42.92068626892533,-20.810153041339966
30.80074039484342,43.71434959304719,-20.81015304147654
31.344119133149196,44.48299584177344,-20.810153041582723
31.87157509336553,45.22662837844888,-20.810153041657443
32.38258747029554,45.945273378936186,-20.810153041700463
32.87664189425514,46.63897681123726,-20.810153041712326
33.35323244723493,47.30780148277388,-20.81015304169428
33.81186358259546,47.951824166059765,-20.81015304164816
34.2520519458672,48.57113281177448,-20.810153041576296
34.673328095547866,49.16582385669979,-20.81015304148142
35.07523812391533,49.7359996325922,-20.810153041366554
35.457345178819324,50.28176588083532,-20.810153041234926
35.819230888193175,50.803229376633446,-20.810153041089887
36.160496689652916,51.30049566556723,-20.810153040934825
36.48076506803989,51.7736669145266,-20.810153040773123
36.779680704126356,52.222839878358734,-20.810153040608082
37.05691153795546,52.648103983014856,-20.8101530404429
37.31214975043829,53.04953952554224,-20.810153040280635
37.54511266689257,53.427215990941896,-20.81015304012418
37.755543586189916,53.78119048569096,-20.810153039976253
37.943212539091064,54.11150628760561,-20.81015303983939
38.107916979199814,54.41819151168683,-20.81015303971593
38.24948240976491,54.70125789164021,-20.810153039608064
38.3677629493128,54.96069967688123,-20.810153039517772
38.4626418388101,55.19649264502034,-20.810153039446874
38.53403189274045,55.408593230055565,-20.810153039397033
38.58187589614178,55.59693776677264,-20.810153039369723
38.606146949293716,55.76144185215205,-20.81015303936628
38.60684876137603,55.90199982489587,-20.81015303938786
38.58401589404188,56.01848436450265,-20.810153039435423
38.537713955469194,56.11074621162438,-20.810153039509753
38.46803974507129,56.17861401172359,-20.810153039611397
38.37512134866738,56.22189428430151,-20.81015303974066
38.2591181835342,56.240371520181206,-20.810153039897546
38.12022099238231,56.23380840949482,-20.81015304008174
37.958651784922594,56.201946203137894,-20.810153040292544
37.77466372530731,56.14450521051196,-20.81015304052883
37.56854096334151,56.06118543638026,-20.81015304078899
37.34059840696,55.95166735961146,-20.81015304107086
37.091181433045854,55.81561285648826,-20.810153041371706
36.82066553322197,55.65266627111865,-20.810153041688142
36.52945589077041,55.46245563531676,-20.810153042016122
36.21798688431784,55.24459404012976,-20.8101530423509
35.88672151336224,54.99868116099069,-20.81015304268703
35.536150740099686,54.72430493828916,-20.81015304301838
35.16679274133635,54.42104341498926,-20.810153043338175
34.77919206353541,54.088466732802736,-20.81015304363907
34.37391867325138,53.72613928836204,-20.810153043913264
33.95156689434722,53.333622050848476,-20.81015304415262
33.51275422247809,52.91047504262741,-20.81015304434887
33.05812000636996,52.45625998463881,-20.81015304449384
32.58832398443704,51.97054310859206,-20.81015304457969
32.1040446642896,51.4528981384228,-20.810153044599232
31.605977531713048,50.90290944398143,-20.81015304454628
31.094833074785065,50.3201753705237,-20.81015304441598
30.571334607987932,49.70431174824162,-20.810153044205222
30.036215880523287,49.054955586768166,-20.810153043913
29.490218452617764,48.371768960261136,-20.810153043540808
28.934088823503025,47.654443089245866,-20.81015304309299
28.36857529506276,46.90270262577916,-20.810153042577014
27.79442455598109,46.116310148566086,-20.810153042003705
27.21237797273703,45.29507087426604,-20.810153041387384
26.62316757612692,44.43883759018181,-20.810153040745824
26.02751173533639,43.547515811616776,-20.81015304010008
25.426110516121046,42.62106916416087,-20.810153039474148
24.819640725597893,41.65952498674287,-20.810153038894413
24.208750653710386,40.66298014516211,-20.810153038388833
23.59405453081488,39.63160703767372,-20.810153037986012
22.976126732224284,38.56565976374896,-20.810153037713963
22.355495774064455,37.46548041411045,-20.810153037598802
21.732638160494275,36.331505424380644,-20.810153037663305
21.107972160129528,35.1642719161487,-20.810153037925485
20.481851609138843,33.964423928124084,-20.810153038397218
19.854559859466807,32.732718416743346,-20.81015303908311
19.226304012228866,31.47003088090954,-20.810153039979724
18.59720959744024,30.177360440652976,-20.810153041075203
17.967315880473077,28.855834176029994,-20.810153042349423
17.33657199123813,27.506710512584775,-20.810153043774672
16.704834082044385,26.131381425627808,-20.810153045316852
16.07186372223167,24.731373230115874,-20.810153046936904
15.437327729858657,23.308345728752222,-20.810153048592532
14.80079962110181,21.864089510470826,-20.810153050239705
14.161762825299821,20.400521226465646,-20.810153051833865
13.51961576737793,18.919676722043672,-20.81015305333061
12.873678860497973,17.42370196905166,-20.810153054685873
12.223203382362922,15.914841822993107,-20.810153055855587
11.567382132220779,14.39542671700727,-20.81015305679522
10.905361687064898,12.867857495862557,-20.810153057459576
10.236256000478175,11.334588680174647,-20.810153057803213
9.559161021968157,9.79811052697599,-20.810153057781932
8.873169964035895,8.260930310819537,-20.81015305735545
8.177388813052131,6.7255532844627695,-20.81015305649113
7.470951671014531,5.194463786646242,-20.810153055168414
6.753035529086992,3.670106945942363,-20.8101530533833
6.0228741089767075,2.154871386165377,-20.81015305115222
5.279770461258688,0.651073274827037,-20.81015304851447
4.523108075841775,-0.8390580222567223,-20.810153045532864
3.7523603332295212,-2.31339250282131,-20.810153042292235
2.967098200319061,-3.7699102151122825,-20.810153038895926
2.166996145995522,-5.206710058684599,-20.810153035460523
1.3518363155206459,-6.622016757064455,-20.81015303210952
0.5215110557590843,-8.014186115559202,-20.810153028966344
-0.3239760759521202,-9.381708717243434,-20.810153026147667
-1.1845106583640943,-10.723212234409594,-20.81015302375725
-2.059868931255427,-12.037462542807582,-20.810153021880957
-2.94972031620901,-13.323363823903525,-20.81015302058316
-3.85363075403979,-14.57995782871066,-20.81015301990456
-4.771066689924558,-15.806422458155263,-20.810153019861446
-5.70139955247578,-17.00206979197675,-20.8101530204463
-6.643910591385528,-18.166343673063587,-20.81015302162954
-7.597795958333054,-19.29881692874787,-20.81015302336204
-8.562171936371358,-20.399188286361852,-20.810153025578487
-9.53608024302976,-21.467279018347824,-20.810153028201004
-10.518493351183093,-22.50302933311739,-20.810153031143088
-11.50831978884121,-23.506494512106155,-20.810153034313526
-12.504409394065707,-24.477840781278708,-20.81015303762021
-13.50555851400795,-25.41734089676381,-20.81015304097366
-14.510515147458538,-26.325369419284026,-20.810153044290132
-15.517984038246219,-27.202397650453307,-20.810153047494317
-16.52663173231993,-28.048988205656215,-20.8101530505214
-17.53509161443566,-28.865789202848248,-20.810153053318544
-18.541968941141473,-29.65352805393284,-20.81015305584576
-19.545845885354925,-30.413004855023978,-20.81015305807611
-20.545286604460227,-31.145085383476935,-20.810153059995358
-21.53884233878673,-31.850693722575322,-20.810153061601042
-22.52505654090028,-32.5308045486408,-20.810153062901076
-23.502470028742948,-33.1864351294566,-20.810153063912075
-24.469626147746556,-33.81863709659332,-20.810153064657374
-25.42507591910961,-34.42848806679669,-20.810153065165004
-26.36738314396638,-35.017083198354904,-20.810153065465677
-27.295129426675835,-35.58552677667321,-20.810153065590995
-28.206919075353856,-36.134923928607144,-20.810153065571818
-29.101383834422673,-36.66637256704237,-20.810153065437035
-29.9771874026097,-37.18095566553172,-20.810153065212674
-30.833029690620787,-37.679733957475506,-20.81015306492138
-31.667650775633152,-38.163739145535224,-20.81015306458221
-32.47983451465928,-38.633967695068435,-20.810153064210713
-33.26841178546225,-39.09137527090767,-20.81015306381929
-34.03226333169503,-39.536871860448265,-20.810153063417584
-34.77032219786158,-39.971317608517126,-20.810153063013033
-35.481575749092826,-40.39551937165194,-20.810153062611377
-36.165067280132384,-40.810227981993215,-20.81015306221714
-36.81989722690414,-41.21613619467198,-20.810153061833997
-37.44522400221162,-41.61387727795235,-20.81015306146513
-38.040264484200534,-42.00402419291265,-20.81015306111335
-38.60429419198685,-42.38708929943123,-20.810153060781243
-39.13664718718918,-42.76352451784763,-20.810153060471187
-39.63671574296162,-43.13372187092781,-20.810153060185293
-40.10394982353014,-43.498014328589456,-20.810153059925373
-40.53785641727748,-43.85667687806724,-20.810153059692812
-40.93799876522534,-44.20992774457836,-20.810153059488492
-41.30399552448257,-44.557929691807864,-20.810153059312686
-41.635519903031714,-44.90079133737567,-20.81015305916505
-41.93229879828046,-45.23856842557767,-20.810153059044517
-42.19411196727398,-45.57126500783158,-20.810153058949357
-42.42079125149652,-45.89883449014765,-20.81015305887716
-42.61221987392439,-46.22118051635144,-20.810153058824913
-42.76833182054936,-46.53815766550803,-20.810153058789126
-42.88911131308254,-46.8495719518481,-20.81015305876593
-42.974592374078654,-47.15518112531039,-20.81015305875128
-43.02485848038795,-47.45469478043267,-20.810153058741143
-43.040042295748975,-47.74777429058683,-20.810153058731764
-43.02032546858628,-48.03403259330011,-20.810153058719912
-42.96593847678263,-48.3130338604598,-20.81015305870321
-42.87716049747798,-48.58429309437773,-20.8101530586804
-42.75431927693004,-48.84727569679459,-20.81015305865167
-42.597790973283416,-49.10139706272918,-20.810153058618948
-42.40799994385699,-49.346022254421456,-20.810153058586078
-42.18541844838292,-49.58046581229269,-20.810153058559052
-41.930566240598694,-49.803991759694135,-20.810153058546014
-41.64401002275608,-50.01581385612762,-20.81015305855721
-41.326362740967205,-50.215096149552735,-20.810153058604765
-40.978282703802414,-50.40095387238409,-20.810153058702287
-40.600472512064826,-50.572454717958614,-20.81015305886435
-40.19367779400469,-50.72862052484901,-20.81015305910572
-39.758685747148,-50.86842938574371,-20.81015305944053
-39.29632349509152,-50.99081818612286,-20.81015305988133
-38.807456274710816,-51.0946855661188,-20.81015306043806
-38.29298547587117,-51.17889528728179,-20.81015306111707
-37.753846561560756,-51.24227997501024,-20.810153061920182
-37.19100690104724,-51.28364519764958,-20.810153062843934
-36.605463551914916,-51.30177383515227,-20.810153063878968
-35.99824102846674,-51.29543068406418,-20.810153065009725
-35.370389093860446,-51.26336724167984,-20.81015306621435
-34.722980611474455,-51.20432661058314,-20.81015306746496
-34.057109487446,-51.1170484654173,-20.810153068728106
-33.373888731256905,-51.00027402644752,-20.81015306996558
-32.67444865489658,-50.85275098902643,-20.810153071135357
-31.95993522379209,-50.67323836411147,-20.81015307219281
-31.231508564672765,-50.460511192137176,-20.810153073091985
-30.490341627145224,-50.21336510042943,-20.810153073786964
-29.737618987290066,-49.93062068259981,-20.81015307423329
-28.974535773313423,-49.61112768666203,-20.810153074389444
-28.20229668540856,-49.25376900671863,-20.810153074218135
-27.422115074661164,-48.85746448080411,-20.810153073687776
-26.635212039168035,-48.42117450475106,-20.810153072773694
-25.842815489577866,-47.943903478757726,-20.810153071459453
-25.04615913100144,-47.42470310974282,-20.810153069737982
-24.24648130363326,-46.86267559869657,-20.810153067612738
-23.445023620404577,-46.25697674824536,-20.810153065098728
-22.64302933645702,-45.606819031735036,-20.810153062223506
-21.841741382091275,-44.91147467150939,-20.810153059027975
-21.04239998801852,-44.17027878090815,-20.81015305556712
-20.246239829160842,-43.3826326319901,-20.8101530519105
-19.45448661089069,-42.54800711919676,-20.81015304814244
-18.668353019510977,-41.66594649811535,-20.810153044361876
-17.889033957090003,-40.73607248805047,-20.81015304068166
-17.117700979732696,-39.75808883697288,-20.810153037227238
-16.35549585840532,-38.731786457055215,-20.810153034134473
-15.603523183153802,-37.65704924760782,-20.81015303154641
-14.86284193584152,-36.53386072861202,-20.810153029608855
-14.134455964566794,-35.362311610584385,-20.810153028464445
-13.419303306249564,-34.14260842305122,-20.810153028245217
-12.718244324440573,-32.87508331174689,-20.810153029063528
-12.03204865953555,-31.560205090465825,-20.810153031001548
-11.36138103092727,-30.19859159346651,-20.81015303409982
-10.706785988014042,-28.791023314290786,-20.81015303834566
-10.068671782062243,-27.338458232733867,-20.81015304366289
-9.447293625685687,-25.842047620103834,-20.810153049904656
-8.842736721741499,-24.3031524721529,-20.81015305685186
-8.254899576947906,-22.72336005043983,-20.81015306421959
-7.683478262155612,-21.104499822239255,-20.810153071673902
-7.127952430882888,-19.448657888471903,-20.810153078859777
-6.587574044786203,-17.758188797979155,-20.810153085439318
-6.061359857768502,-16.03572349211876,-20.81015309113598
-5.548088753407861,-14.28417203994444,-20.810153095777423
-5.046304985621939,-12.506719847830457,-20.810153099326946
-4.554328215507709,-10.706816191502115,-20.810153101893
-4.070270953426397,-8.8881542441638,-20.81015310370915
-3.59206360670108,-7.054642261575081,-20.810153105083174
-3.1174868239763627,-5.210366204639355,-20.81015310632309
-2.6442102652142654,-3.3595447725325953,-20.81015310765639
-2.169836378629383,-1.5064784992617655,-20.81015310916365
-1.6919473085022863,0.3445048634628527,-20.81015311074561
-1.2081527604090094,2.1891060836627574,-20.810153112134472
-0.7161365608007976,4.023108604057218,-20.810153112947468
-0.21369978062783565,5.842428582023905,-20.810153112768365
0.30120137444376405,7.643158702738737,-20.81015311123572
0.8304242252951537,9.421604255344743,-20.810153108116445
1.3756155964181165,11.174310651471812,-20.81015310334977
1.9381953198732744,12.898082246702982,-20.810153097056144
2.5193469879685275,14.589992918314762,-20.810153089514813
3.120015293902136,16.247389303936508,-20.810153081119893
3.7409090428252254,17.86788789375635,-20.81015307232707
4.382508782788589,19.449367298895563,-20.810153063601316
5.045077978681881,20.989957015158364,-20.810153055373505
5.728676707180919,22.488023899073724,-20.81015304800941
6.433176959526055,23.94215740833955,-20.81015304179185
7.15827877675114,25.351154463923894,-20.810153036914375
7.903526588791894,26.714004591676165,-20.810153033483832
8.668325270487738,28.0298758150276,-20.81015303152891
9.451955555010166,29.298101607685403,-20.81015303101208
10.25358855428662,30.518169080814985,-20.810153031842844
11.072299225373696,31.689708473553555,-20.810153033890845
11.907078692429925,32.812483936635196,-20.810153036997924
12.756845388119311,33.88638554282407,-20.81015304098868
13.620455018641232,34.91142242059138,-20.810153045679392
14.496709385896688,35.88771688491564,-20.810153050885226
15.384364121120841,36.81549942750116,-20.810153056426046
16.282135398839667,37.69510442491299,-20.81015306213088
17.188705710040892,38.52696642454069,-20.810153067841405
18.10272878038016,39.311616872932134,-20.810153073414455
19.0228337240972,40.04968115742096,-20.810153078723964
19.947628527795583,40.74187583910587,-20.81015308366231
20.87570296077254,41.38900596251866,-20.810153088141213
21.8056310103745,41.991962334455835,-20.81015309209232
22.735972941919837,42.55171867142742,-20.810153095467424
23.66527708294823,43.069328522185,-20.810153098238366
24.59208143069536,43.545921879173875,-20.8101531003966
25.51491517944999,43.98270140096117,-20.81015310195241
26.43230026049336,44.38093817721722,-20.810153102933647
27.342752981320654,44.74196697915894,-20.810153103384085
28.24478584252466,45.067180951911126,-20.81015310336118
29.13690959990178,45.358025721280306,-20.81015310293344
30.017635625980287,45.615992906039295,-20.81015310217733
30.885478609407464,45.84261304781211,-20.810153101173775
31.738959612811858,46.03944799356124,-20.81015310000452
32.576609490442316,46.20808278974567,-20.810153098748458
33.39697264684983,46.35011717138789,-20.81015309747815
34.1986110980663,46.46715675228583,-20.8101530962568
34.98010877820671,46.560804043016184,-20.810153095135885
35.74007601826595,46.63264943976819,-20.810153094153574
36.47715411112267,46.684262338109725,-20.810153093334126
37.190019868255206,46.7171825304732,-20.810153092688225
37.87739007001498,46.73291204379216,-20.810153092214144
38.53802571276082,46.73290756413612,-20.8101530918997
39.17073596263642,46.7185735787124,-20.81015309172468
39.77438173681917,46.69125634306444,-20.810153091663533
40.3478788479052,46.65223875396587,-20.810153091688093
40.89020066470882,46.60273617797176,-20.810153091770044
41.40038026198268,46.54389325359612,-20.81015309188305
41.87751205121567,46.47678165340141,-20.810153092004345
42.320752903611385,46.402398762536166,-20.810153092115787
42.72932279362173,46.321667203809355,-20.81015309220437
43.10250500625267,46.23543511727021,-20.810153092262272
43.4396459632657,46.14447708511939,-20.81015309228651
43.7401547321133,46.04949558088399,-20.810153092278334
44.00350228693966,45.951122815082876,-20.810153092242416
44.22922059341175,45.849922847754954,-20.81015309218601
44.41690158881882,45.74639384069149,-20.81015309211806
44.56619612617836,45.640970328357376,-20.810153092048413
44.67681294643782,45.534025395618826,-20.810153091987083
44.74851773668484,45.42587266184594,-20.810153091943643
44.78113232496144,45.31676798412594,-20.810153091926736
44.774534054147274,45.20691080669627,-20.8101530919437
44.7286553686991,45.096445098887415,-20.81015309200024
44.64348363900203,44.985459839559155,-20.810153092100283
44.51906123883648,44.873989022028255,-20.81015309224583
44.355485882077716,44.762011169700536,-20.810153092436924
44.15291121527091,44.649448368971925,-20.810153092671698
43.91154765319925,44.53616484240504,-20.810153092946486
43.63166343502497,44.421965101668036,-20.81015309325607
43.313585869096194,44.30659173614324,-20.81015309359395
42.95770272518434,44.18972290931062,-20.810153093952806
42.56446372391262,44.070969650720585,-20.810153094325035
42.13438206469265,43.949873046218585,-20.810153094703416
41.668035925915156,43.825901442567734,-20.810153095081866
41.166069864825765,43.69844779411996,-20.81015309545621
40.62919603990124,43.566827287990165,-20.81015309582501
40.05819517610042,43.43027538951385,-20.810153096190227
39.45391719357188,43.28794645082827,-20.81015309655772
38.817281423678246,43.13891302149061,-20.81015309693744
38.14927634286185,42.98216599056448,-20.810153097343175
37.4509587650792,42.81661567424099,-20.810153097791805
36.72345244720433,42.64109394181311,-20.81015309830197
35.9679460786175,42.454357446089354,-20.810153098892272
35.18569064554489,42.255091992943974,-20.810153099578873
34.377996181717435,42.04191804991802,-20.810153100372926
33.54622793845826,41.81339735724344,-20.810153101277827
32.69180202811679,41.56804056827455,-20.810153102286726
31.81618061351668,41.304315812114396,-20.810153103380475
30.92086673150723,41.02065804121403,-20.810153104526417
30.007398849723504,40.715479002665525,-20.810153105678065
29.077345261479387,40.38717765518023,-20.81015310677599
28.13229842392274,40.034150845198184,-20.81015310774979
27.17386933916772,39.65480405547996,-20.810153108521114
26.203682067486856,39.247562047562944,-20.81015310900752
25.223368446552602,38.81087923475953,-20.810153109126947
24.234563072195435,38.34324964365332,-20.810153108802368
23.23889857538876,37.843216347755735,-20.81015310796647
22.238001208425636,37.30938028545295,-20.810153106565917
21.233486731708062,36.74040840397699,-20.810153104565046
20.22695657227047,36.135041100423535,-20.810153101948806
19.219994206943863,35.49209895862327,-20.810153098724882
18.2141617075393,34.81048880607613,-20.810153094924814
17.21099637295481,34.08920913762255,-20.810153090604388
16.212007363840403,33.32735497178668,-20.810153085843048
15.218672249371837,32.52412222175468,-20.81015308074264
14.232433372644872,31.678811675880517,-20.81015307542541
13.254693941007544,30.790832692657236,-20.810153070031326
12.286813750095195,29.859706722467653,-20.810153064714797
11.330104455270856,28.885070773267554,-20.810153059640736
10.38582431155354,27.866680939638655,-20.81015305498002
9.455172313034575,26.80441611414575,-20.81015305090424
8.539281675508926,25.698281996150403,-20.810153047579806
7.639212622054405,24.548415505383943,-20.810153045161336
6.755944451249504,23.355089694570676,-20.810153043784403
5.8903668924896735,22.118719235831612,-20.810153043557797
5.043270783441829,20.83986652786764,-20.81015304455552
4.215338142116465,19.519248433274374,-20.810153046809
3.4071317512890924,18.157743606099142,-20.810153050300038
2.6190844267090245,16.75640030757964,-20.81015305495552
1.8514882027295176,15.316444532307111,-20.81015306064468
1.1044837387391828,13.839288178471298,-20.810153067180266
0.3780503247307971,12.326536896824724,-20.810153074324553
-0.32800305965535115,10.779997148421925,-20.81015308180104
-1.0140451075591435,9.201681898834895,-20.810153089311953
-1.6806273869176822,7.593814287353709,-20.810153096560697
-2.3284867678658596,5.958828547459667,-20.81015310327726
-2.9585444652910975,4.2993674352969276,-20.810153109243323
-3.571901138090588,2.618275461662678,-20.810153114312833
-4.169827595340318,0.918587333135345,-20.810153118423784
-4.753750829257514,-0.7964888037780695,-20.810153121597846
-5.3252353222160815,-2.5235934577443593,-20.810153123926533
-5.885959847670531,-4.259243044227033,-20.810153125545707
-6.437690280710705,-5.999861751609235,-20.810153126603193
-6.982249223451122,-7.741817123375852,-20.810153127226457
-7.521483500069882,-9.481458146914195,-20.810153127497678
-8.057230754215214,-11.215154414776539,-20.810153127441914
-8.591286463423929,-12.939334817273393,-20.810153127030595
-9.125372659328665,-14.65052425167179,-20.810153126198564
-9.661109511908364,-16.345376989546214,-20.810153124869558
-10.19999071834899,-18.020705608033875,-20.810153122983372
-10.743363360526434,-19.673504727091103,-20.81015312051823
-11.292412593318478,-21.300969160803422,-20.81015311750397
-11.848151231863655,-22.9005064448305,-20.810153114024377
-12.4114140467936,-24.4697440101083,-20.810153110209814
-12.982856370828902,-26.006531512394613,-20.81015310622284
-13.562956476630314,-27.50893898813441,-20.810153102240534
-14.152021104289616,-28.975251590704396,-20.810153098437013
-14.75019349051413,-30.40396167700411,-20.810153094968456
-15.35746326956486,-31.793758977122376,-20.81015309196237
-15.973677665965425,-33.143519505625015,-20.810153089511402
-16.59855346892241,-34.452293777272544,-20.810153087671353
-17.231689357959777,-35.71929478569689,-20.810153086462645
-17.872578230409275,-36.943886100661544,-20.810153085874298
-18.52061925842469,-38.12557034476149,-20.810153085869295
-19.17512947255179,-39.26397822775022,-20.810153086390628
-19.835354728784843,-40.358858247839365,-20.810153087367333
-20.500479965966463,-41.41006711440542,-20.810153088720085
-21.16963870071046,-42.41756090460074,-20.81015309036605
-21.841921738643062,-43.38138693584134,-20.81015309222293
-22.516385104823357,-44.301676315214706,-20.81015309421213
-23.192057213946192,-45.17863711367747,-20.810153096261132
-23.867945313530473,-46.012548105784745,-20.810153098305122
-24.543041241813498,-46.8037530131055,-20.810153100287987
-25.216326547420774,-47.55265519016568,-20.810153102162797
-25.886777020816623,-48.25971269469712,-20.81015310389188
-26.55336668867294,-48.92543368834883,-20.810153105446574
-27.215071322099032,-49.55037211922714,-20.810153106806695
-27.870871508521475,-50.13512364322136,-20.81015310795989
-28.51975533516431,-50.680321746725085,-20.81015310890087
-29.1607207297604,-51.186634038865094,-20.8101531096305
-29.792777501471935,-51.65475868656582,-20.810153110154975
-30.41494912211848,-52.08542097063075,-20.810153110484862
-31.026274284780662,-52.479369945478055,-20.810153110634307
-31.625808273722853,-52.837375189219365,-20.81015311062013
-32.212624176400574,-53.16022363442696,-20.810153110461115
-32.785813965122756,-53.44871647321525,-20.81015311017724
-33.344489472754816,-53.70366613318701,-20.810153109789038
-33.887783283704735,-53.92589332338465,-20.81015310931704
-34.414849558359975,-54.116224151655175,-20.810153108781233
-34.92486480616826,-54.275487316796585,-20.810153108200666
-35.417028619711125,-54.40451138050486,-20.810153107593088
-35.89056437943878,-54.50412212548511,-20.810153106974656
-36.34471993624916,-54.575140007121924,-20.810153106359774
-36.77876827683548,-54.618377706815984,-20.81015310576091
-37.192008174721465,-54.634637795479755,-20.810153105188586
-37.583764828177216,-54.62471051574092,-20.810153104651345
-37.95339048477749,-54.589371691128335,-20.8101531041558
-38.3002650512403,-54.52938076991961,-20.810153103706757
-38.62379668636856,-54.445479010427746,-20.810153103307332
-38.92342237440541,-54.33838781332089,-20.810153102959138
-39.19860847588949,-54.2088072051399,-20.810153102662447
-39.44885125313559,-54.0574144755453,-20.810153102416425
-39.67367736773712,-53.88486296904171,-20.81015310221932
-39.8726443479512,-53.69178103005086,-20.810153102068668
-40.045341024440816,-53.47877109829782,-20.81015310196149
-40.19138793356424,-53.246408949603115,-20.81015310189448
-40.31043768817223,-52.995243075400495,-20.810153101864145
-40.40217531664875,-52.72579419268715,-20.810153101866966
-40.46631857166788,-52.43855487471601,-20.81015310189951
-40.50261821079496,-52.133989291605886,-20.81015310195849
-40.51085825159993,-51.81253304921389,-20.81015310204088
-40.49085620434435,-51.47459311411436,-20.81015310214394
-40.442463285530756,-51.12054781237663,-20.810153102265225
-40.36556461564752,-50.75074689003775,-20.810153102402623
-40.26007940429862,-50.36551162372125,-20.810153102554324
-40.1259611255754,-49.9651349707453,-20.81015310271882
-39.96319768601309,-49.54988174927098,-20.81015310289487
-39.77181158679156,-49.119988840531434,-20.81015310308145
-39.551860081005046,-48.67566540692021,-20.810153103277734
-39.30343532586118,-48.217093121657115,-20.81015310348304
-39.02666452860082,-47.744426407846845,-20.810153103696774
-38.72171008378524,-47.257792686948605,-20.810153103918402
-38.388769698404616,-46.75729263893155,-20.810153104147368
-38.0280765000537,-46.24300047864749,-20.810153104383087
-37.6398991222271,-45.71496425515478,-20.81015310462486
-37.224541759639926,-45.17320618282136,-20.81015310487184
-36.78234418540977,-44.61772301496713,-20.810153105122996
-36.31368172097382,-44.04848647252594,-20.810153105377054
-35.818965148787164,-43.46544374166474,-20.810153105632455
-35.29864055718296,-42.86851805544811,-20.81015310588732
-34.7531891062937,-42.25760937543813,-20.810153106139403
-34.1831267036577,-41.63259518953819,-20.810153106386075
-33.589003578080096,-40.993331442394954,-20.810153106624295
-32.97140374049776,-40.33965361424609,-20.81015310685058
-32.330944321016894,-39.671377963230874,-20.810153107061023
-31.668274771954135,-38.988302944864614,-20.810153107251274
-30.984075927611464,-38.29021082062842,-20.8101531074166
-30.27905891264174,-37.57686946546311,-20.810153107551898
-29.553963892199825,-36.848034381415225,-20.810153107651782
-28.809558658601844,-36.103450921809454,-20.810153107710683
-28.04663705090628,-35.34285672717125,-20.810153107722954
-27.26601720565504,-34.56598437076124,-20.81015310768303
-26.46853963893761,-33.77256420808177,-20.810153107585606
-25.65506516193327,-32.96232742115256,-20.810153107425833
-24.826472634111173,-32.13500924480565,-20.81015310719954
-23.98365656029493,-31.29035235879707,-20.810153106903485
-23.12752453979858,-30.428110426246917,-20.810153106535587
-22.258994577791732,-29.548051755865934,-20.810153106095186
-21.378992270935754,-28.649963062660266,-20.81015310558323
-20.488447881139177,-27.733653299369184,-20.810153105002517
-19.58829331300524,-26.79895752881155,-20.810153104357816
-18.679459012189007,-25.845740805609392,-20.810153103655992
-17.762870803453303,-24.873902034420155,-20.810153102905982
-16.83944668872279,-23.88337777082864,-20.810153102118797
-15.910093626895188,-22.874145930400108,-20.81015310130731
-14.975704318590658,-21.846229371043123,-20.81015310048606
-14.037154020411297,-20.799699313736408,-20.8101530996709
-13.095297414644374,-19.734678566798266,-20.810153098878544
-12.150965561667006,-18.65134451918554,-20.810153098126126
-11.204962963576099,-17.549931868773967,-20.810153097430565
-10.258064768741411,-16.43073505217928,-20.81015309680801
-9.311014148011234,-15.29411034343047,-20.810153096273215
-8.364519874123227,-14.140477589724751,-20.810153095838942
-7.419254136405144,-12.970321553620199,-20.810153095515417
-6.475850622995334,-11.784192832419762,-20.810153095309857
-5.534902902463794,-10.582708327252544,-20.81015309522615
-4.596963135758268,-9.366551236562135,-20.810153095264546
-3.6625411477232994,-8.136470551476021,-20.81015309542168
-2.732103884938593,-6.893280033963149,-20.810153095690573
-1.8060752832086615,-5.637856662890418,-20.81015309606093
-0.8848365636474879,-4.3711385381438514,-20.810153096519507
0.03127302908458461,-3.0941222389363197,-20.81015309705063
0.9419550391978573,-1.807859639286244,-20.81015309763688
1.846950162915662,-0.5134541913718019,-20.810153098259757
2.746036170447702,0.7879433040686874,-20.810153098900436
3.639025403509704,2.095139412085501,-20.81015309954056
4.525761874040295,3.4069032250526403,-20.810153100162882
5.4061179987284715,4.721971924447485,-20.810153100751954
6.279991012619377,6.039056686882085,-20.81015310129463
7.1472991130584385,7.3568488700473935,-20.810153101780465
8.007977392212204,8.674026406972878,-20.810153102202
8.861973622041415,9.989260331192979,-20.81015310255485
9.709243959617627,11.301221351361919,-20.810153102837695
10.54974864285764,12.608586391810684,-20.810153103052137
11.383447746972191,13.910045015643929,-20.810153103202396
12.210297070154757,15.204305649273913,-20.810153103294954
13.030244213338502,16.490101531717208,-20.810153103338138
13.843224913385198,17.766196318364493,-20.810153103341598
14.649159682082638,19.031389277006554,-20.81015310331582
15.447950795126948,20.28452002331786,-20.810153103271585
16.239479666207636,21.524472753367718,-20.81015310321953
17.02360463177237,22.750179941630627,-20.810153103169654
17.800159162398973,23.960625483985403,-20.81015310313097
18.56895050729428,25.154847275939225,-20.810153103111148
19.32975876958157,26.33193922644653,-20.810153103116335
20.082336401985,27.49105271693528,-20.810153103150967
20.826408105461823,28.631397523295902,-20.810153103217704
21.56167110739907,29.752242225496598,-20.810153103317496
22.28779579124337,30.85291413509734,-20.810153103449608
23.004426645878105,31.932798775242652,-20.810153103611807
23.71118350065805,32.99133895077137,-20.81015310380059
24.40766301067613,34.02803344798309,-20.810153104011395
25.093440356460604,35.042435404468705,-20.810153104238857
25.768071122754076,36.034150389386,-20.81015310447711
26.43109332217193,37.00283423378887,-20.81015310472004
27.082029531237477,37.94819064924669,-20.810153104961532
27.720389108411606,38.869968671158176,-20.810153105195706
28.34567046615206,39.76795996099741,-20.810153105417097
28.957363371642032,40.64199599934117,-20.81015310562083
29.55495125352344,41.49194519900947,-20.810153105802726
30.137913494678063,42.31770996508512,-20.810153105959397
30.705727693754188,43.119223726023506,-20.81015310608828
31.257871880688434,43.89644795757027,-20.81015310618763
31.793826673883434,44.64936921880596,-20.81015310625655
32.31307736894729,45.37799621735936,-20.810153106294905
32.81511595096279,46.08235691868999,-20.810153106303268
33.299443024125296,46.76249571234676,-20.81015310628287
33.76556965426545,47.418470646267146,-20.81015310623546
34.21301912125886,48.05035073849213,-20.81015310616328
34.6413285796256,48.65821337413545,-20.810153106068917
35.050050626746355,49.24214179405799,-20.810153105955237
35.438754779079005,49.80222268045766,-20.81015310582531
35.8070288575608,50.33854384348662,-20.81015310568231
36.15448028403754,50.85119201204826,-20.810153105529473
36.48073729108474,51.3402507311013,-20.81015310537002
36.78545004798673,51.80579836710369,-20.810153105207117
37.06829170592953,52.24790622265975,-20.810153105043828
37.32895936565239,52.66663676098614,-20.810153104883106
37.56717497090041,53.06204194047876,-20.81015310472776
37.78268613103757,53.43416165943914,-20.810153104580436
37.97526687612307,53.78302231089615,-20.81015310444362
38.14471834763482,54.10863544743071,-20.810153104319646
38.29086942784903,54.41099655596697,-20.81015310421068
38.41357731066367,54.69008394262373,-20.81015310411873
38.512728016392586,54.94585772791338,-20.810153104045657
38.58823685276533,55.17825895282022,-20.810153103993176
38.640048824050375,55.38720879657326,-20.810153103962854
38.66813898988502,55.572607907236836,-20.81015310395611
38.67251277504789,55.73433584656301,-20.810153103974226
38.65320623105619,55.87225065086946,-20.8101531040183
38.61028625011302,55.98618851001182,-20.810153104089267
38.543850731573976,56.07596356680023,-20.810153104187847
38.45402870074889,56.141367839453785,-20.810153104314526
38.340980379504686,56.1821712698857,-20.810153104469517
38.20489720778853,56.19812190075901,-20.810153104652716
38.04600181484535,56.18894618434178,-20.81015310486364
37.864547938555845,56.15434942622095,-20.810153105101392
37.660820290967784,56.094016366903126,-20.810153105364577
37.43513436772668,56.00761190424344,-20.81015310565127
37.1878361987268,55.89478195950372,-20.81015310595893
36.91930203689071,55.755154489657535,-20.810153106284364
36.62993798153824,55.58834064834268,-20.81015310662368
36.32017953231402,55.39393609762301,-20.810153106972244
35.99049106909942,55.171522472477825,-20.81015310732469
35.641365252731134,54.92066899970248,-20.810153107674886
35.273322340679,54.64093427269771,-20.810153108015992
34.886909411094045,54.33186818346483,-20.81015310834052
34.48269948782222,53.99301401302729,-20.810153108640407
34.06129055808896,53.62391068148519,-20.810153108907173
33.623304473598694,53.22409515899234,-20.810153109132088
33.16938572476795,52.79310503914209,-20.81015310930637
32.70020007673477,52.33048127656688,-20.810153109421464
32.21643305467625,51.83577109100536,-20.810153109469347
31.718788264846793,51.30853104067044,-20.810153109442854
31.20798553665247,50.74833026845392,-20.810153109336046
30.684758870043847,50.1547539253138,-20.81015310914465
30.149854171591247,49.527406776078905,-20.810153108866416
29.60402676186641,48.865916993830275,-20.810153108501574
29.048038636270334,48.16994014991768,-20.810153108053203
28.48265546131126,47.43916340746048,-20.8101531075276
27.908643288661896,46.673309926754705,-20.810153106934543
27.326764970241516,45.872143491224676,-20.81015310628752
26.73777625923152,45.03547336224364,-20.81015310560377
26.14242158451887,44.16315937009317,-20.810153104904202
25.541429489770874,43.25511724628456,-20.81015310421315
24.935507733398435,42.31132419913798,-20.810153103557855
24.325338052299756,41.33182472958062,-20.81015310296778
23.711570600736238,40.31673667723384,-20.810153102473663
23.094818086211692,39.266257477649454,-20.810153102106327
22.47564963700955,38.180670599684916,-20.810153101895317
21.854584451233823,37.06035211718495,-20.810153101867343
21.232085294841013,35.905777351178045,-20.810153102044712
20.60855193613452,34.71752749768205,-20.810153102443753
19.98431462620543,33.49629613216778,-20.810153103073397
19.359627758259975,32.242895455305785,-20.810153103934105
18.734663862761515,30.958262116778265,-20.8101531050172
18.109508118543822,29.643462426117303,-20.810153106304767
17.484153580836683,28.299696733691178,-20.810153107770184
16.858497343418463,26.928302743568924,-20.810153109379222
16.23233786151305,25.530757505936673,-20.810153111091697
15.605373662075587,24.108677833139854,-20.810153112863404
14.977203656352504,22.663818893355252,-20.810153114648053
14.347329244051151,21.198070761985093,-20.810153116398954
13.7151583578767,19.71345275483986,-20.81015311807015
13.08001154149101,18.212105429386636,-20.81015311961678
12.441130084472745,16.696280219350825,-20.81015312099472
11.797686157592562,15.168326760308977,-20.810153122159775
11.148794805247801,13.630678064126768,-20.810153123066723
10.493527565141443,12.085833801031505,-20.81015312366883
9.830927404947037,10.536342041607599,-20.810153123918397
9.160024598535653,8.984779888832112,-20.81015312376868
8.479853116324383,7.433733485177149,-20.81015312317725
7.789467079819122,5.8857779065427565,-20.810153122110698
7.087956831642957,4.343457450857443,-20.8101531205499
6.374464198932194,2.809266795233995,-20.81015311849516
5.648196577168475,1.2856334352618874,-20.810153115970376
4.908439528498379,-0.22509826051045778,-20.810153113025237
4.154567667235649,-1.7206811408876344,-20.81015310973531
3.3860536888929214,-3.198977364423994,-20.810153106199493
2.602475481381162,-4.657968445019152,-20.81015310253532
1.8035213325211406,-6.0957632857206905,-20.810153098872597
0.9889933126838722,-7.510604305088076,-20.810153095345903
0.15880896272647158,-8.900871812666475,-20.810153092086928
-0.6869985455618337,-10.265086824477262,-20.810153089217202
-1.5482815862262695,-11.601912526868645,-20.810153086841844
-2.4247803924812734,-12.910154599665246,-20.81015308504475
-3.3161263063807267,-14.188760600091333,-20.810153083885318
-4.22184577356402,-15.43681859047862,-20.81015308339683
-5.141364907100786,-16.65355516830601,-20.81015308358633
-6.074014463954537,-17.838333029359294,-20.81015308443591
-7.019035099477711,-18.990648166015674,-20.810153085905004
-7.975582788145451,-20.110126774639646,-20.81015308793358
-8.942734321271429,-21.196521920140256,-20.810153090445848
-9.91949281386701,-22.249709982782502,-20.810153093354383
-10.904793172500717,-23.26968689291973,-20.810153096564306
-11.89750749358572,-24.256564143703233,-20.81015309997742
-12.89645037671674,-25.210564560121156,-20.810153103496187
-13.900384150349753,-26.132017794879292,-20.81015310702727
-14.908024017197262,-27.021355517533454,-20.810153110484706
-15.918043134180534,-27.879106262732154,-20.81015311379248
-16.92907764666108,-28.70588990620386,-20.810153116886504
-17.939731699028357,-29.50241174296066,-20.81015311971597
-18.948582443654473,-30.269456150781522,-20.81015312224401
-19.954185067897118,-31.007879833018443,-20.810153124447694
-20.955077854457187,-31.71860464770484,-20.81015312631741
-21.94978728426732,-32.4026100443255,-20.810153127855713
-22.93683318356335,-33.060925144838436,-20.81015312907565
-23.914733908305692,-33.694620520952256,-20.810153129998838
-24.882011550164833,-34.304799734531606,-20.81015313065325
-25.837197139397215,-34.89259072157372,-20.810153131071026
-26.778835811661363,-35.45913711172608,-20.8101531312863
-27.705491898686077,-36.005589584114816,-20.810153131333287
-28.6157538971739,-36.53309736574667,-20.810153131244682
-29.508239266784813,-37.04279998051353,-20.810153131050413
-30.381599006758112,-37.53581935463874,-20.81015313077683
-31.234521961813698,-38.0132523782502,-20.810153130446277
-32.065738811395605,-38.476164012864636,-20.81015313007705
-32.87402570190065,-38.925581021353764,-20.810153129683602
-33.65820748896167,-39.362486381054346,-20.810153129277044
-34.41716056571114,-39.78781442283985,-20.810153128865693
-35.14981526275023,-40.20244672003222,-20.81015312845569
-35.85515781577368,-40.607208731863984,-20.81015312805163
-36.53223190694143,-41.002867187632674,-20.810153127657077
-37.180139795677746,-41.390128180462376,-20.810153127274983
-37.79804306321947,-41.76963592431705,-20.810153126907977
-38.385163002618754,-42.141972115059104,-20.810153126558564
-38.94078069182033,-42.50765582621481,-20.810153126229185
-39.46423679176472,-42.86714386283707,-20.8101531259222
-39.95493111419243,-43.220831492442876,-20.81015312563982
-40.41232200498978,-43.56905347032433,-20.81015312538399
-40.83592558863608,-43.91208527737287,-20.810153125156273
-41.2253149177356,-44.25014449163687,-20.810153124957708
-41.58011906892242,-44.58339221983879,-20.810153124788727
-41.90002222279778,-44.911934521684,-20.81015312464905
-42.18476276118138,-45.235823767680316,-20.81015312453765
-42.434132410003045,-45.55505988005987,-20.810153124452736
-42.64797545078642,-45.86959141598372,-20.810153124391793
-42.82618801802242,-46.17931646227939,-20.81015312435162
-42.968717493920714,-46.484083321305114,-20.810153124328465
-43.07556200617481,-46.783690977969194,-20.810153124318163
-43.146770028582814,-47.07788934829287,-20.810153124316308
-43.18244007873275,-47.36637932003195,-20.810153124318493
-43.182720501591106,-47.64881260560704,-20.81015312432058
-43.1478093228345,-47.92479143676649,-20.810153124318983
-43.07795415125654,-48.19386813883808,-20.810153124310997
-42.97345210569234,-48.45554462991573,-20.810153124295148
-42.83464973876968,-48.709271896662315,-20.810153124271515
-42.661942927557114,-48.954449503364714,-20.81015312424204
-42.45577669997263,-49.190425194229434,-20.810153124210792
-42.216644965762335,-49.41649465044874,-20.810153124184136
-41.94509012205228,-49.63190146312257,-20.810153124170803
-41.641702505972475,-49.83583738057012,-20.810153124181802
-41.3071196706504,-50.02744288385841,-20.810153124230197
-40.94202546590924,-50.20580813755812,-20.81015312433063
-40.5471489111449,-50.369974353960004,-20.810153124498743
-40.1232628548842,-50.51893559851116,-20.81015312475036
-39.67118242315854,-50.65164105243187,-20.810153125100534
-39.19176326671734,-50.76699773582147,-20.810153125562504
-38.685899624863474,-50.86387368160041,-20.810153126146574
-38.15452223091017,-50.94110153795019,-20.81015312685905
-37.59859609053313,-50.997482565095176,-20.810153127701227
-37.01911816925998,-51.03179098186912,-20.810153128668613
-36.4171150287017,-51.04277860899916,-20.810153129750297
-35.793640452675156,-51.02917974977989,-20.81015313092867
-35.14977310398466,-50.98971624502371,-20.810153132179423
-34.486614250322795,-50.92310263793298,-20.81015313347187
-33.80528559362461,-50.828051385772,-20.810153134769557
-33.10692723146616,-50.70327805871167,-20.810153136031197
-32.39269577201491,-50.54750647166175,-20.81015313721178
-31.66376261594214,-50.35947370190208,-20.810153138263896
-30.921312409948335,-50.1379349534434,-20.810153139139157
-30.166541667478704,-49.88166823785945,-20.810153139789712
-29.400657543141758,-49.58947885043319,-20.810153140169756
-28.624876738567135,-49.26020362950978,-20.81015314023706
-27.840424509173022,-48.89271499568465,-20.810153139954405
-27.048533733716933,-48.48592477570161,-20.810153139290982
-26.25044400167146,-48.03878782361161,-20.810153138223765
-25.447400667433588,-47.550305458853146,-20.81015313673869
-24.640653815123848,-47.019528747542175,-20.810153134831893
-23.831457073199545,-46.445561659549846,-20.810153132510777
-23.02106621420454,-45.82756414009047,-20.81015312979504
-22.210737471598584,-45.16475514075828,-20.81015312671756
-21.401725502642876,-44.456415661460916,-20.810153123325215
-20.595280923668156,-43.70189186170602,-20.81015311967947
-19.792647341649584,-42.90059830736526,-20.810153115856778
-18.995057803840954,-42.05202142745979,-20.81015311194864
-18.203730585331826,-41.15572326466872,-20.810153108061268
-17.419864232938426,-40.21134561300189,-20.810153104314708
-16.644631783108018,-39.21861464605315,-20.810153100841184
-15.879174071968267,-38.177346148863,-20.810153097782624
-15.124592057970643,-37.08745147475947,-20.810153095287028
-14.38193808272055,-35.94894435430542,-20.81015309350349
-13.652206004847965,-34.76194868488252,-20.81015309257579
-12.936320156823784,-33.52670742415645,-20.810153092634273
-12.235123097549575,-32.243592695770296,-20.810153093786184
-11.54936216681829,-30.913117187574983,-20.810153096104546
-10.879674894143328,-29.535946877498645,-20.81015309961632
-10.226573376870656,-28.112915055484997,-20.810153104290677
-9.590427823549673,-26.645037517697425,-20.810153110029116
-8.971449560029503,-25.13352868822954,-20.810153116659347
-8.369673917790406,-23.579818272744163,-20.810153123935603
-7.784943564008363,-21.98556787007901,-20.810153131547978
-7.2168929842307055,-20.352686769301577,-20.810153139142678
-6.664934979638879,-18.683345955095252,-20.810153146354015
-6.128250174127686,-16.97998915573165,-20.810153152846095
-5.605780618513093,-15.245339625156333,-20.810153158359057
-5.096228602602487,-13.482401289813286,-20.810153162751448
-4.598061712504763,-11.694452949213412,-20.810153166027746
-4.109524977247465,-9.885034428675064,-20.810153168340705
-3.628660624285769,-8.057923959965674,-20.810153169961872
-3.1533355155644163,-6.217106603320512,-20.81015317122127
-2.681275795852163,-4.366734184303759,-20.810153172426986
-2.2101077082915626,-2.511077931817089,-20.81015317378333
-1.737402991175686,-0.6544756765868434,-20.81015317532966
-1.2607268426277196,1.1987239971590888,-20.810153176918107
-0.7776861928438399,3.0442179463469765,-20.810153178237705
-0.28597599720238914,4.877802279371309,-20.810153178879276
0.21657853802611582,6.695421303825153,-20.810153178423484
0.7319854954833804,8.493209625360658,-20.81015317652935
1.2620567303931562,10.267526062395405,-20.810153173002405
1.808385903645557,12.014978752737779,-20.810153167829807
2.3723341187419105,13.732441504370128,-20.81015316117961
2.9550227471004784,15.417062008637476,-20.810153153370415
3.557332674006151,17.06626294522104,-20.810153144822507
4.179908975522697,18.677737251191875,-20.810153136002782
4.823169937388292,20.249438913675352,-20.81015312737359
5.487319329275031,21.779570606610463,-20.81015311935214
6.172360924495959,23.26656936359914,-20.810153112283018
6.878114378578335,24.709091297489678,-20.810153106423986
7.604231725928982,26.105996174414418,-20.810153101942646
8.35021390344903,27.45633244912717,-20.810153098921305
9.115426850662525,28.759323185298506,-20.810153097367085
9.899116860237832,30.01435312755857,-20.81015309722462
10.700424957401903,31.22095706472892,-20.810153098389627
11.51840017132453,32.37880952529903,-20.810153100721926
12.352011627584508,33.48771577393712,-20.8101531040572
13.200159440805894,34.54760402770016,-20.810153108217087
14.061684423312894,35.55851877831772,-20.81015311301762
14.93537665199167,36.52061508834832,-20.810153118275927
15.819982953982779,37.434153720493875,-20.810153123815606
16.714213384485106,38.29949695785053,-20.81015312947075
17.616746778538094,39.117104975935526,-20.810153135089053
18.526235464467756,39.887532633099255,-20.81015314053404
19.44130923067726,40.6114265530718,-20.810153145686705
20.3605786402677,41.28952238100606,-20.81015315044658
21.28263778996242,41.9226421019411,-20.810153154732504
22.206066611140116,42.511691317901565,-20.810153158482933
23.12943281144803,43.05765638689857,-20.810153161656054
24.051293555325394,43.561601334125925,-20.81015316422952
24.970196980579644,44.02466445301284,-20.810153166199903
25.88468364562284,44.44805452195399,-20.810153167581785
26.793287997766956,44.83304657197754,-20.810153168406423
27.694539946780043,45.180977151802644,-20.810153168720035
28.586966619462487,45.493239050070315,-20.810153168581575
29.46909436015192,45.77127545025514,-20.810153168060072
30.339451028784193,46.01657351193483,-20.810153167231572
31.196568632578323,46.230657392513685,-20.810153166175812
32.03898630992808,46.41508074569352,-20.810153164972625
32.86525366623267,46.57141875619883,-20.810153163698494
33.67393444194323,46.70125979346569,-20.81015316242321
34.46361047396053,46.80619678895729,-20.810153161207076
35.232885893714545,46.88781846111267,-20.81015316009871
35.98039148983294,46.947700527302906,-20.81015315913364
36.70478915123353,46.98739705232034,-20.81015315833387
37.404776298561835,47.00843208688165,-20.810153157708218
38.07909020868814,47.012291746780846,-20.81015315725363
38.72651213871377,47.00041687354063,-20.810153156957075
39.34587116249837,46.974196401031925,-20.81015315679792
39.93604764364888,46.934961530393174,-20.81015315675058
40.49597628344759,46.88398078892083,-20.81015315678711
41.02464869935298,46.82245601895534,-20.8101531568796
41.52111550836511,46.7515193118373,-20.81015315700221
41.984487908558776,46.67223087144679,-20.810153157132635
42.41393877037583,46.58557776321539,-20.81015315725315
42.80870326590619,46.49247347911568,-20.81015315735108
43.168079078658344,46.393758227959644,-20.810153157418785
43.491426247743085,46.290199843985235,-20.810153157453357
43.77816670872922,46.18249519543199,-20.81015315745602
44.027783598652334,46.07127196853474,-20.810153157431337
44.23982039492483,45.957090700773556,-20.810153157386374
44.41387995749554,45.8404469397975,-20.810153157329886
44.549623540912066,45.721773410569334,-20.81015315727149
44.64676983835465,45.60144208230034,-20.810153157221002
44.70509411364164,45.47976603801795,-20.810153157187823
44.72442747002103,45.35700106255782,-20.810153157180473
44.70465629657797,45.23334687890942,-20.810153157206173
44.64572192455631,45.108947977786656,-20.810153157270616
44.547620517001526,44.98389400076146,-20.810153157377744
44.41040320601371,44.85821965309934,-20.81015315752962
44.234176482635114,44.73190413845445,-20.810153157726432
44.019102835040194,44.60487012374738,-20.810153157966496
43.7654016212861,44.47698225880849,-20.810153158246393
43.47335015346414,44.34804529165959,-20.81015315856119
43.1432849607388,44.21780183651693,-20.81015315890474
42.77560318958501,44.08592986755158,-20.810153159270108
42.37076409070942,43.95204002686289,-20.810153159650124
41.929290533908066,43.81567284962262,-20.810153160037995
41.45177048478618,43.67629602242436,-20.81015316042807
40.938858371226836,43.53330180190837,-20.81015316081655
40.391276263180984,43.38600472901432,-20.8101531612023
39.809814787226735,43.2336397789785,-20.810153161587426
39.19533369786645,43.07536108767728,-20.810153161977752
38.54876203109745,42.910241390433804,-20.8101531623829
37.871097772696245,42.73727229942191,-20.81015316281602
37.16340698402194,42.555365530033896,-20.810153163292988
36.42682234187878,42.363355165069635,-20.810153163831046
35.66254106573159,42.160001018787504,-20.810153164446977
34.87182222471942,41.94399313158881,-20.810153165154798
34.055983437578206,41.71395739165856,-20.81015316596322
33.216396999658905,41.468462243888006,-20.810153166873064
32.35448549146673,41.20602641074103,-20.81015316787485
31.47171694125631,40.92512751639486,-20.810153168947018
30.569599628976892,40.62421147641794,-20.810153170054793
29.649676629239554,40.30170249214625,-20.81015317115016
28.7135201962327,39.95601347308745,-20.81015317217283
27.762726093270814,39.58555670291739,-20.810153173052377
26.798907963949485,39.18875456515221,-20.810153173711328
25.823691831117422,38.764050153028755,-20.810153174069086
24.838710794824873,38.30991760363345,-20.810153174046334
23.84559998208709,37.82487201761698,-20.8101531735697
22.845991780884663,37.3074788513875,-20.810153172576264
21.841511369525413,36.75636269686177,-20.81015317101774
20.833772531470352,36.17021539308922,-20.810153168863998
19.824373725990725,35.547803442938765,-20.810153166105845
18.81489436738451,34.88797473539815,-20.810153162756944
17.8068912505216,34.18966459903005,-20.810153158854796
16.801895048560436,33.451901234211874,-20.810153154460856
15.80140679993562,32.67381059069213,-20.810153149659847
14.806894296141609,31.85462077267787,-20.81015314455824
13.819788279309025,30.99366606623255,-20.810153139282033
12.841478358908727,30.090390693385654,-20.810153133973905
11.873308559950944,29.14435240419992,-20.810153128789615
10.916572420654576,28.155226022186536,-20.810153123893922
9.97250756573179,27.122807059825753,-20.81015311945575
9.04228969229443,26.04701551924994,-20.810153115642752
8.12702591924215,24.927899987833086,-20.810153112615204
7.2277474683248695,23.76564212867919,-20.810153110519288
6.345401666555672,22.56056165070243,-20.81015310947982
5.480843286113446,21.313121820783177,-20.810153109592648
4.634825270242728,20.023935549825367,-20.810153110916914
3.807988932848037,18.693772043848202,-20.81015311346786
3.0008537662365105,17.323563959101886,-20.810153117210632
2.2138070461291592,15.914414935655692,-20.810153122056075
1.447093485278129,14.467607306894177,-20.810153127859486
0.7008052553689471,12.984609694168109,-20.81015313442333
-0.025127231533467992,11.46708409968934,-20.81015314150491
-0.7309433206280428,9.916892012279101,-20.81015314882943
-1.4170583678731332,8.336098948226159,-20.81015315610827
-2.0840676812603176,6.726976774574699,-20.810153163061365
-2.732747564366534,5.0920031182712,-20.810153169441328
-3.364052897643229,3.4338571664988775,-20.810153175055948
-3.979110762215123,1.7554112250357699,-20.81015317978524
-4.579209735484968,0.059717532717404494,-20.810153183589115
-5.165784668965502,-1.650009965611117,-20.810153186503314
-5.740396990336654,-3.3704189142166863,-20.810153188623207
-6.304710838905558,-5.098046616050286,-20.810153190078065
-6.86046562326408,-6.82935224241644,-20.810153191000836
-7.409445852818976,-8.56075222382913,-20.81015319150004
-7.953449309955509,-10.288657594329893,-20.810153191640083
-8.494254769204986,-12.009511884090408,-20.810153191434345
-9.033590514838913,-13.719828093866292,-20.810153190851878
-9.573104852175689,-15.416223348799068,-20.81015318983529
-10.11433965779109,-17.095450009414876,-20.810153188324534
-10.658707789430267,-18.754422289734183,-20.810153186280424
-11.207474905932097,-20.390237760551944,-20.810153183702642
-11.761745962380749,-22.000193460429585,-20.810153180638796
-12.322456375447402,-23.581796660771694,-20.810153177183818
-12.890367621732986,-25.132770605659612,-20.810153173471182
-13.466066852605788,-26.65105575403456,-20.8101531696587
-14.049969988388584,-28.13480718493492,-20.81015316591221
-14.642327690941713,-29.582388889128392,-20.810153162390034
-15.243233599310402,-30.99236567289387,-20.81015315923036
-15.852634237614888,-32.36349335591896,-20.810153156542448
-16.47034005624715,-33.6947078702611,-20.81015315440211
-17.09603713585251,-34.985113774926376,-20.81015315285082
-17.729299159350987,-36.23397260232665,-20.81015315189782
-18.36959933335483,-37.44069135727294,-20.810153151524226
-19.01632201188117,-38.60481140198613,-20.81015315168832
-19.66877383926594,-39.72599788511108,-20.810153152331225
-20.326194284211812,-40.804029810209784,-20.8101531533825
-20.987765482626745,-41.83879078959041,-20.810153154765263
-21.652621343760323,-42.83026049160528,-20.810153156400503
-22.31985590299443,-43.778506762229384,-20.810153158210767
-22.988530926576864,-44.68367838311823,-20.810153160122887
-23.657682789734167,-45.54599841674878,-20.810153162070026
-24.326328661042727,-46.3657580831096,-20.810153163993085
-24.99347203364235,-47.143311110358994,-20.81015316584148
-25.658107648673887,-47.87906850276789,-20.810153167573464
-26.319225858899898,-48.573493672178024,-20.810153169156116
-26.97581648137901,-49.22709788340956,-20.81015317056499
-27.6268721877462,-49.84043596899158,-20.810153171783575
-28.271391479438904,-50.41410227385782,-20.810153172802615
-28.908381293356115,-50.94872679596118,-20.810153173619305
-29.536859281134333,-51.444971493918345,-20.81015317423645
-30.155855802608563,-51.90352673767844,-20.81015317466163
-30.76441567120141,-52.3251078827446,-20.810153174906283
-31.361599686022867,-52.71045195263167,-20.81015317498496
-31.946485982423845,-53.06031441800835,-20.81015317491447
-32.51817122967139,-53.37546606435292,-20.810153174713186
-33.075771701339,-53.65668994296417,-20.810153174400376
-33.618424240962284,-53.904778402829265,-20.81015317399558
-34.145287142529014,-54.12053020317445,-20.810153173518135
-34.65554096248187,-54.30474770852681,-20.810153172986688
-35.14838927714027,-54.45823416980375,-20.810153172418836
-35.623059396825376,-54.58179109632752,-20.810153171830827
-36.07880304552652,-54.67621572473694,-20.810153171237328
-36.514897012705596,-54.7422985915363,-20.810153170651294
-36.93064378182486,-54.78082121648243,-20.810153170083844
-37.32537213842139,-54.7925539041652,-20.810153169544243
-37.69843775905806,-54.778253670987894,-20.810153169039936
-38.049223781263755,-54.738662304311035,-20.810153168576612
-38.3771413536412,-54.67450455980074,-20.810153168158298
-38.6816301646629,-54.586486502042554,-20.810153167787536
-38.96215894828552,-54.475293992273805,-20.81015316746551
-39.21822596436925,-54.34159132568914,-20.810153167192254
-39.44935945196728,-54.18602001922856,-20.810153166966817
-39.655118053818,-54.00919774911555,-20.81015316678747
-39.83509121079297,-53.811717435728134,-20.810153166651887
-39.988899525585495,-53.59414647171446,-20.810153166557306
-40.11619509552725,-53.357026087662945,-20.8101531665007
-40.21666181504921,-53.100870848159126,-20.810153166478894
-40.29001564891968,-52.826168269757886,-20.810153166488707
-40.336004877956746,-52.5333785513141,-20.810153166527027
-40.35441031939249,-52.22293440628442,-20.810153166590897
-40.3450455244332,-51.895240986065915,-20.810153166677562
-40.30775695579141,-51.5506758831919,-20.810153166784538
-40.242424148046304,-51.189589203272256,-20.810153166909565
-40.14895985360911,-50.81230369494336,-20.810153167050682
-40.02731017682741,-50.41911492777295,-20.810153167206156
-39.877454698359536,-50.0102915090311,-20.810153167374512
-39.699406591395906,-49.58607533146344,-20.810153167554486
-39.49321273061276,-49.14668184565825,-20.81015316774498
-39.258953793931205,-48.69230035224569,-20.810153167945042
-38.996744356243404,-48.223094310967795,-20.810153168153825
-38.706732973280545,-47.73920166556539,-20.810153168370526
-38.38910225275989,-47.240735185398606,-20.810153168594375
-38.04406890888725,-46.72778282670309,-20.810153168824556
-37.67188379523438,-46.20040811833624,-20.810153169060186
-37.272831909985356,-45.65865057873949,-20.810153169300257
-36.8472323665793,-45.10252617258629,-20.810153169543618
-36.395438321895504,-44.53202781715624,-20.810153169788904
-35.917836853356185,-43.94712594982973,-20.81015317003452
-35.41484877568441,-43.34776916919518,-20.81015317027861
-34.886928387573306,-42.733884963065854,-20.81015317051899
-34.33456313821326,-42.105380537183514,-20.81015317075318
-33.75827320350492,-41.46214375851644,-20.81015317097833
-33.15861096186634,-40.804044226819926,-20.81015317119124
-32.53616035983247,-40.13093448750683,-20.810153171388357
-31.89153615814685,-39.44265139787023,-20.810153171565766
-31.225383049757124,-38.739017657316005,-20.81015317171924
-30.538374642043724,-38.019843510514264,-20.810153171844284
-29.831212296721564,-37.284928630290686,-20.81015317193618
-29.10462382214542,-36.534064184685086,-20.81015317199008
-28.359362014199803,-35.767035089948024,-20.810153172001126
-27.59620304354257,-34.983622448377815,-20.81015317196456
-26.815944688672545,-34.183606166876125,-20.810153171875882
-26.019404416079364,-33.36676774898245,-20.81015317173104
-25.207417310581565,-32.532893249999724,-20.810153171526576
-24.380833860840855,-31.681776381709028,-20.810153171259874
-23.540517606932703,-30.81322175015261,-20.810153170929325
-22.687342658734185,-29.927048207098235,-20.810153170534548
-21.822191095742834,-29.023092293134226,-20.810153170076557
-20.945950260750667,-28.10121174792545,-20.810153169557942
-20.059509961557385,-27.161289061016948,-20.810153168982968
-19.163759596610294,-26.203235034725854,-20.810153168357655
-18.259585222104153,-25.22699232912309,-20.810153167689798
-17.347866579662217,-24.232538957875,-20.810153166988904
-16.429474105251103,-23.219891702783066,-20.810153166266073
-15.505265941456855,-22.189109414212112,-20.810153165533787
-14.576084976663818,-21.140296164215375,-20.810153164805612
-13.642755936023631,-20.073604219028397,-20.810153164095873
-12.706082550361998,-18.9892367976958,-20.8101531634192
-11.766844830320911,-17.887450583904045,-20.81015316279009
-10.825796474037123,-16.76855795861652,-20.81015316222238
-9.883662437465997,-15.632928921854104,-20.81015316172876
-8.941136697013562,-14.480992672956868,-20.81015316132025
-7.998880234367464,-13.313238819938759,-20.810153161005776
-7.0575192732395235,-12.130218190157704,-20.810153160791753
-6.117643797061913,-10.932543216533036,-20.810153160681793
-5.179806375427414,-9.720887876023223,-20.810153160676514
-4.2445213251464935,-8.495987160106584,-20.810153160773467
-3.3122642291351343,-7.258636060660265,-20.810153160967182
-2.383471832889798,-6.009688058971739,-20.81015316124937
-1.4585423340166,-4.750053110686416,-20.810153161609257
-0.5378360751605717,-3.4806951253097873,-20.81015316203398
0.37832335523357413,-2.202628945420239,-20.81015316250913
1.2896476165223871,-0.9169168379420186,-20.81015316301935
2.1958817132242365,0.3753354824405576,-20.810153163548936
3.096801713145179,1.6729832695456868,-20.81015316408245
3.9922121110665274,2.9748475651995716,-20.81015316460538
4.881942870508188,4.2797203774090065,-20.81015316510461
5.765846183446058,5.58637016488557,-20.810153165568906
6.6437929945818786,6.893547568576882,-20.81015316598927
7.515669342555882,8.199991324848012,-20.810153166359186
8.3813725750966,9.504434290243815,-20.810153166674702
9.240807498300455,10.8056095045918,-20.81015316693448
10.093882521865643,12.10225621775489,-20.810153167139624
10.940505862078883,13.393125805719302,-20.81015316729349
11.780581862655222,14.676987503924822,-20.81015316740137
12.61400749022389,15.952633889746421,-20.81015316747013
13.440669056475569,17.218886051666548,-20.81015316750779
14.260439212942075,18.474598389712657,-20.81015316752307
15.073174257324368,19.718662999891432,-20.810153167524966
15.878711782509285,20.950013604307703,-20.810153167522316
16.67686869122771,22.16762899807067,-20.81015316752343
17.467439591012564,23.370535993623903,-20.81015316753574
18.2501955760025,24.55781185246973,-20.81015316756552
19.02488339446179,25.7285862031118,-20.810153167617703
19.791224993861903,26.882042452178325,-20.810153167695734
20.54891742915945,28.017418702934044,-20.810153167801538
21.297633114620524,29.13400820162174,-20.81015316793553
22.037020395244635,30.231159337228963,-20.810153168096683
22.766704410546858,31.30827522433979,-20.810153168282696
23.486288221138693,32.364812901735306,-20.810153168490164
24.19535416714726,33.400282181415996,-20.810153168714777
24.893465426945113,34.414244183825495,-20.810153168951565
25.58016774482798,35.40630959536675,-20.810153169195175
26.254991297064972,36.37613668393501,-20.810153169440014
26.917452667041974,37.32342910726594,-20.810153169680582
27.56705690191313,38.24793354752547,-20.810153169911572
28.20329962516365,39.149437203857424,-20.810153170128125
28.825669181674325,40.02776517265037,-20.810153170325894
29.43364879418113,40.88277774317054,-20.810153170501195
30.02671871237034,41.71436763400245,-20.810153170651066
30.6043583381818,42.52245719350206,-20.8101531707733
31.166048313162634,43.306995585244735,-20.810153170866457
31.7112725558843,44.06795597727873,-20.810153170929844
32.239520239480065,44.80533275190168,-20.81015317096347
32.750287701259616,45.5191387506829,-20.810153170967997
33.24308027809974,46.20940256757286,-20.810153170944684
33.71741406289022,46.8761659011822,-20.81015317089526
34.17281757872916,47.51948097568328,-20.81015317082189
34.60883336881533,48.13940803829054,-20.810153170727084
35.02501950107999,48.7360129399143,-20.810153170613592
35.42095098754423,49.30936480435674,-20.81015317048434
35.79622111918767,49.859533790328115,-20.81015317034237
36.15044271777782,50.38658894960512,-20.810153170190773
36.483249306646854,50.89059618382958,-20.810153170032624
36.79429620282155,51.37161630175207,-20.81015316987097
37.083261533222625,51.82970317815893,-20.810153169708737
37.3498471778603,52.264902015277215,-20.81015316954879
37.59377964307285,52.677247707127215,-20.810153169393836
37.814810867892504,53.06676330707803,-20.81015316924645
38.01271896658788,53.43345859875319,-20.81015316910908
38.187308910331744,53.77732877042045,-20.810153168984
38.33841315078679,54.09835319307335,-20.810153168873388
38.46589218819813,54.396494302561855,-20.810153168779244
38.56963508633707,54.671696586341874,-20.810153168703465
38.649559936365705,54.923885675677624,-20.81015316864781
38.70561427139174,55.152967544431334,-20.810153168613912
38.73777543316586,55.35882781589928,-20.810153168603293
38.74605089204612,55.54133117948645,-20.810153168617333
38.73047852102049,55.70032091934041,-20.810153168657262
38.69112682424474,55.835618557375795,-20.810153168724167
38.62809512022205,55.94702361340041,-20.810153168818943
38.541513679424874,56.034313485292664,-20.81015316894225
38.4315438158402,56.09724345236737,-20.810153169094516
38.29837793160548,56.13554680519642,-20.810153169275853
38.14223951359229,56.14893510521683,-20.81015316948601
37.96338308048467,56.13709857745901,-20.810153169724327
37.762094078583814,56.09970663966302,-20.810153169989658
37.53868872424394,56.03640857092304,-20.81015317028031
37.29351379049834,55.946834322816144,-20.810153170593974
37.02694633506056,55.83059547573978,-20.810153170927688
36.73939336647452,55.6872863429136,-20.810153171277737
36.43129144472914,55.516485224210385,-20.810153171639655
36.103106212138016,55.317755811682154,-20.810153172008174
35.75533184970407,55.09064874835971,-20.81015317237722
35.3884904535339,54.83470334164544,-20.81015317273993
35.00313132513098,54.54944943240901,-20.810153173088715
34.59983016857565,54.234409420755306,-20.81015317341532
34.17918818669091,53.88910044938048,-20.810153173710944
33.74183106729764,53.51303674548699,-20.81015317396643
33.28840784958595,53.10573212240596,-20.81015317417245
32.81958965947972,52.66670264239093,-20.81015317431974
32.336068301664085,52.195469442511126,-20.810153174399446
31.83855469470123,51.69156172618996,-20.810153174403435
31.327777134405114,51.15451992370513,-20.810153174324675
30.804479369417717,50.58389902588108,-20.81015317415764
30.2694184717726,49.97927209624305,-20.81015317389879
29.723362484202678,49.34023396803137,-20.810153173546954
29.16708782511837,48.66640513364613,-20.810153173103824
28.601376431634495,47.957435835235,-20.810153172574307
28.027012620862635,47.21301036615783,-20.810153171966927
27.444779650033873,46.432851593834506,-20.81015317129406
26.855455957021547,45.616725714851405,-20.8101531705721
26.259811064667126,44.76444725296609,-20.810153169821472
25.65860113517376,43.87588430957048,-20.810153169066478
25.052564164947675,42.950964073960336,-20.810153168334885
24.442414815888036,41.989678597082246,-20.81015316765731
23.82883888652136,40.992090826912616,-20.810153167066353
23.21248743582367,39.95834089586443,-20.81015316659546
22.59397058434127,38.888652640201656,-20.810153166277487
21.973851031539812,37.783340317976744,-20.810153166143188
21.352637345341854,36.642815475166245,-20.810153166219422
20.730777099593666,35.46759388926375,-20.81015316652739
20.10864995759381,34.25830249560051,-20.810153167081005
19.486560824430732,33.01568617439838,-20.810153167885403
18.864733217007256,31.74061424670567,-20.81015316893601
18.243303027176722,30.43408649610177,-20.810153170218022
17.6223128788387,29.097238502128896,-20.810153171706713
17.001707302136023,27.731346043172078,-20.81015317336835
16.381328964628846,26.337828303897467,-20.810153175161886
15.76091620774429,24.918249608764825,-20.81015317704111
15.140102134045087,23.47431940215959,-20.810153178957002
14.518415474241209,22.00789021079861,-20.81015318086
13.895283430265671,20.520953358067224,-20.81015318270172
13.270036641033544,19.01563225446732,-20.810153184435823
12.64191635101534,17.49417316327304,-20.81015318601794
12.010083780559338,15.958933433495034,-20.810153187404637
11.37363160498171,14.412367298645405,-20.810153188551936
10.731597352593553,12.857009452609034,-20.810153189413864
10.082978437205215,11.295456724462198,-20.810153189941758
9.426748456044473,9.730348272801299,-20.810153190085057
8.761874316966589,8.164344797864683,-20.81015318979385
8.087333715561103,6.60010731886523,-20.81015318902323
7.40213246735006,5.040276079636314,-20.810153187739054
6.705321214047947,3.487450126520936,-20.810153185924218
5.996011064199505,1.944168050664216,-20.810153183584397
5.273387793138312,0.41289030807030463,-20.810153180752327
4.536724308804426,-1.1040165670242092,-20.810153177489653
3.785391181092564,-2.6042936474236615,-20.810153173886064
3.018865125502656,-4.085801096741512,-20.81015317005558
2.236735420101922,-5.546527451504533,-20.81015316613057
1.4387083127449465,-6.984596787152456,-20.810153162253975
0.6246095394493217,-8.39827392084611,-20.810153158570937
-0.20561487708213108,-9.785967851223491,-20.810153155220302
-1.051899347799302,-11.146233662636481,-20.81015315232709
-1.9140607385304846,-12.477773130843715,-20.810153149996196
-2.791801470204799,-13.7794342615523,-20.810153148307897
-3.6847134828685664,-15.050209976029695,-20.81015314731507
-4.5922828629896,-16.28923613275219,-20.810153147042257
-5.513894953767159,-17.49578904396298,-20.81015314748621
-6.44883979172153,-18.66928261386397,-20.81015314861784
-7.396317737905039,-19.80926519318747,-20.810153150385183
-8.355445197229937,-20.91541621474914,-20.81015315271707
-9.3252603435915,-21.987542647420014,-20.810153155527374
-10.304728790938224,-23.0255752824894,-20.810153158719388
-11.292749170719325,-24.029564847001204,-20.810153162190343
-12.288158593926617,-24.99967792346873,-20.810153165835658
-13.289737991078995,-25.936192644377027,-20.81015316955302
-14.2962173358961,-26.83949412293564,-20.81015317324598
-15.306280768051062,-27.710069578458043,-20.810153176827047
-16.318571637294188,-28.54850311529389,-20.81015318022022
-17.331697495442388,-29.355470118181017,-20.810153183362818
-18.34423506430602,-30.131731233941604,-20.810153186206676
-19.3547352066883,-30.878125919309035,-20.810153188718576
-20.36172792430801,-31.595565546967745,-20.810153190880065
-21.36372740109431,-32.285026076174155,-20.81015319268652
-22.359237103091292,-32.947540310068916,-20.810153194145776
-23.346754937577696,-33.584189778363786,-20.810153195276193
-24.3247784644231,-34.19609630077773,-20.810153196104455
-25.29181014270004,-34.78441330262569,-20.810153196663148
-26.246362585732292,-35.35031696851614,-20.81015319698841
-27.18696378867641,-35.89499733238681,-20.81015319711758
-28.112162284976968,-36.41964941136299,-20.81015319708728
-29.02053218211206,-36.925464496543135,-20.810153196931733
-29.91067802335791,-37.41362171535754,-20.81015319668158
-30.78123942111689,-37.885279977382396,-20.810153196363164
-31.630895408780713,-38.34157040843998,-20.810153195998236
-32.45836846208025,-38.78358936674437,-20.810153195604023
-33.262428147182575,-39.21239212026387,-20.810153195193664
-34.04189436106947,-39.62898724706802,-20.81015319477677
-34.79564013949325,-40.0343318010582,-20.810153194360172
-35.522594018508514,-40.42932726507645,-20.810153193948643
-36.2217419466493,-40.81481629289221,-20.810153193545563
-36.89212875570382,-41.191580221876066,-20.810153193153532
-37.53285920823118,-41.56033732007017,-20.810153192774766
-38.143098649047886,-41.92174171549657,-20.810153192411427
-38.7220732955701,-42.27638294237598,-20.810153192065744
-39.269070207922276,-42.62478602874458,-20.810153191740074
-39.78343698401555,-42.96741204287131,-20.810153191436836
-40.26458122735418,-43.30465901185056,-20.810153191158385
-40.71196983622332,-43.636863124609626,-20.81015319090689
-41.125128162282465,-43.96430013306715,-20.810153190684133
-41.50363908461285,-44.28718686898747,-20.810153190491363
-41.847142042144064,-44.605682799845475,-20.810153190329185
-42.155332063317616,-44.919891554392706,-20.810153190197433
-42.427958827032846,-45.22986235725694,-20.810153190095136
-42.664825783543854,-45.5355913215049,-20.810153190020486
-42.865789358199734,-45.8370225583725,-20.81015318997085
-43.030758254885825,-46.134049074082874,-20.810153189942863
-43.15969286985637,-46.42651343462036,-20.810153189932517
-43.25260482045832,-46.71420819033134,-20.81015318993533
-43.30955658713604,-46.99687606311511,-20.810153189946547
-43.33066126117602,-47.27420990959508,-20.810153189961365
-43.31608238500444,-47.5458524838607,-20.810153189975253
-43.266033866602115,-47.81139603297193,-20.81015318998424
-43.18077994487461,-48.070381767228795,-20.810153189985304
-43.06063517874995,-48.32229925501651,-20.810153189976724
-42.90596442951946,-48.56658579860846,-20.810153189958445
-42.71718280364349,-48.80262585240121,-20.810153189932432
-42.49475552206365,-49.02975054842012,-20.81015318990295
-42.2391976821315,-49.24723739534136,-20.81015318987676
-41.951073879687094,-49.45431021653159,-20.810153189863193
-41.63099766165977,-49.650139389575195,-20.81015318987404
-41.27963078382039,-49.83384244438924,-20.810153189923312
-40.89768225391647,-50.00448506936916,-20.81015319002673
-40.48590714721662,-50.16108256523466,-20.81015319020105
-40.04510518923928,-50.302601774651826,-20.81015319046316
-39.576119108825395,-50.42796350271482,-20.810153190829052
-39.079832773347434,-50.53604542950521,-20.810153191312637
-38.55716912629604,-50.62568550181974,-20.81015319192456
-38.0090879552957,-50.69568577741796,-20.81015319267102
-37.436583525332225,-50.74481668244366,-20.810153193552722
-36.84068211722939,-50.77182163161954,-20.81015319456402
-36.222439514870764,-50.775421951914815,-20.810153195692326
-35.582938486104055,-50.75432204401916,-20.810153196917852
-34.923286301587474,-50.70721471234521,-20.810153198213687
-34.24461233305991,-50.63278659347991,-20.810153199546203
-33.54806576777824,-50.52972361489949,-20.810153200875845
-32.83481346940637,-50.396716420095785,-20.81015320215817
-32.10603800778297,-50.23246570265737,-20.810153203345116
-31.362935871109773,-50.03568739985599,-20.810153204386506
-30.60671586458306,-49.80511770541837,-20.810153205231586
-29.83859768972149,-49.53951787093467,-20.81015320583067
-29.059810688974228,-49.23767877532801,-20.81015320613676
-28.27159273092185,-48.898425251617475,-20.810153206107135
-27.47518920273955,-48.520620169573455,-20.810153205704868
-26.67185206873724,-48.10316828161387,-20.810153204900253
-25.86283894681147,-47.645019847350916,-20.81015320367215
-25.04941214856174,-47.14517405959179,-20.810153202009246
-24.232837623604034,-46.6026823014302,-20.81015319991119
-23.414383744178604,-46.01665127050804,-20.81015319738967
-22.59531986238865,-45.38624601279497,-20.810153194469372
-21.776914569198052,-44.71069291456735,-20.810153191188846
-20.960433581536183,-43.98928270790696,-20.810153187601188
-20.147137181400147,-43.22137355219961,-20.81015318377457
-19.338277128639344,-42.40639426195934,-20.810153179792525
-18.535092967138002,-41.54384775991736,-20.810153175753832
-17.738807642445334,-40.633314843664635,-20.81015317177202
-16.950622347714667,-39.6744583640297,-20.810153167974214
-16.1717105144258,-38.66702792340843,-20.810153164499226
-15.403210865290243,-37.61086521176751,-20.810153161494696
-14.646219449731086,-36.50591010600411,-20.81015315911302
-13.901780588437784,-35.35220766332459,-20.810153157505887
-13.170876664124375,-34.149916139364116,-20.81015315681725
-12.454416712571101,-32.899316154389005,-20.810153157174607
-11.753223793527722,-31.600821112966464,-20.81015315867869
-11.068021157719155,-30.254988950211274,-20.810153161391842
-10.399417276916527,-28.862535226909376,-20.81015316532579
-9.747889871752314,-27.42434752207677,-20.81015317043
-9.11376915921405,-25.941500970791253,-20.810153176582297
-8.49722065005599,-24.41527466458308,-20.810153183584166
-7.898227955282621,-22.84716847082862,-20.810153191163216
-7.316576206851538,-21.238919639922777,-20.810153198985645
-6.751836852927985,-19.592518363630266,-20.810153206680308
-6.203354739012215,-17.910221241321455,-20.81015321387462
-5.670238513552421,-16.194561427410566,-20.810153220239457
-5.151355475091672,-14.448354105689317,-20.81015322553676
-4.6453319788737,-12.674695902096808,-20.810153229660344
-4.1505604160866385,-10.876956944411791,-20.81015323265848
-3.6652135473330825,-9.05876453486,-20.810153234727935
-3.1872666064818787,-7.223977831240413,-20.81015323617467
-2.7145271058295286,-5.37665351835437,-20.810153237344633
-2.244671707394263,-3.5210031463252958,-20.81015323853827
-1.775288940396495,-1.6613435371942842,-20.810153239929583
-1.3039260187864437,0.19795768278602238,-20.81015324151234
-0.8281376231724062,2.052538880928392,-20.810153243089623
-0.34553432082217733,3.89810076429538,-20.810153244311103
0.14617166293908387,5.730459545142588,-20.810153244748044
0.6491253455319002,7.545594529730366,-20.810153243986058
1.1652941407682487,9.339688291990715,-20.810153241711774
1.6964402926711684,11.109158285078186,-20.810153237774024
2.2441010326084943,12.85067946730213,-20.81015323220936
2.809576360890194,14.561198181176705,-20.81015322523183
3.393923908602048,16.237938057125387,-20.810153217195516
3.997960016608924,17.878399080765906,-20.810153208541784
4.622265982372561,19.4803511597935,-20.810153199743567
5.267198358763852,21.04182357237135,-20.81015319125604
5.932902218178464,22.561091607012493,-20.81015318347926
6.619326391332948,24.03666155254468,-20.810153176734506
7.326239825548032,25.467255002069873,-20.81015317125347
8.053248359015122,26.851793226588732,-20.810153167177816
8.799811358320637,28.189382173722308,-20.81015316456609
9.565257805139003,29.47929846831182,-20.810153163405005
10.348801538355993,30.720976641484555,-20.810153163622832
11.14955545768058,31.913997694897372,-20.810153165103046
11.966544574419062,33.05807901583072,-20.81015316769714
12.798717856474875,34.15306559320594,-20.810153171236017
13.644958860527739,35.19892244018093,-20.81015317553958
14.50409517767,36.19572810135682,-20.810153180424628
15.374906742326258,37.14366910772132,-20.81015318571114
16.256133070508803,38.04303523672364,-20.810153191227105
17.146479504404038,38.89421543540449,-20.810153196812216
18.044622547555424,39.69769426900092,-20.810153202320567
18.94921437972058,40.45404876418668,-20.810153207622612
19.858886643697918,41.163945523875334,-20.810153212606515
20.772253598609055,41.82813799850713,-20.810153217179035
21.687914735609077,42.44746380651684,-20.810153221266024
22.60445695290071,43.022842004078676,-20.810153224812645
23.520456387215702,43.55527021131559,-20.81015322778327
24.43447999844116,44.045821509188976,-20.810153230161102
25.345087002566796,44.49564102862405,-20.810153231947528
26.250830245314177,44.90594216152683,-20.810153233161074
27.1502576043649,45.278002332689255,-20.81015323383605
28.041913501734026,45.61315828260978,-20.810153234020735
28.924340599297974,45.91280082434696,-20.810153233775175
29.796081739640755,46.17836905289661,-20.81015323316855
30.655682181224496,46.411344003272845,-20.810153232276175
31.50169216158439,46.61324177326776,-20.810153231176233
32.33266980515248,46.78560614828915,-20.810153229946422
33.14718437398477,46.93000078797703,-20.810153228660578
33.94381984084475,47.04800105647981,-20.810153227385594
34.72117874567341,47.14118559913277,-20.810153226178812
35.477886279434095,47.21112778652486,-20.810153225085966
36.21259452465375,47.25938716126668,-20.810153224140024
36.92398677060964,47.2875010320158,-20.81015322336078
37.61078181378388,47.29697636256703,-20.81015322275538
38.271738151434114,47.289282100528396,-20.81015322231958
38.90565797810554,47.265842080176476,-20.81015322203968
39.511390901506665,47.2280286178852,-20.810153221894808
40.08783730492849,47.177156896871004,-20.81015322185949
40.63395129756283,47.11448021209705,-20.810153221906166
41.14874321071693,47.04118611750794,-20.81015322200744
41.63128161595292,46.9583934879363,-20.810153222138034
42.080694859506096,46.867150478646856,-20.810153222276192
42.49617212492684,46.76843333803475,-20.810153222404637
42.87696405186825,46.66314600470563,-20.810153222511016
43.222382952622986,46.55212039995448,-20.81015322258788
43.53180267894514,46.43611731110057,-20.810153222632383
43.80465819964865,46.31582775046212,-20.810153222645678
44.04044495443342,46.19187466889698,-20.810153222632177
44.23871805150387,46.06481490148051,-20.81015322259874
44.39909137608809,45.93514122555208,-20.810153222553865
44.52123667429401,45.803284417444466,-20.81015322250692
44.604882672238276,45.66961520308928,-20.810153222467488
44.649814284440524,45.53444600875673,-20.81015322244476
44.655871958441026,45.39803243088981,-20.8101532224471
44.62295119477667,45.26057435786701,-20.81015322248162
44.551002273080655,45.122216691207115,-20.810153222553964
44.44003020633737,44.983049628944194,-20.810153222668085
44.29009493635207,44.84310848946546,-20.810153222826123
44.10131177437038,44.70237306990165,-20.810153223028394
43.873852081558944,44.56076654911285,-20.810153223273417
43.60794417478284,44.418153961360694,-20.81015322355804
43.30387443383807,44.27434028282366,-20.81015322387764
42.96198857709894,44.12906818907511,-20.810153224226447
42.58269306354147,43.98201555731039,-20.81015322459794
42.166456570484165,43.832792802194426,-20.810153224985395
41.71381148839242,43.68094014831025,-20.81015322538249
41.22535536703625,43.525924954812304,-20.810153225784
40.70175224155282,43.3671392184119,-20.81015322618653
40.1437337629725,43.2038973885451,-20.810153226589197
39.55210005597087,43.03543463275067,-20.810153226994238
38.92772022744606,42.86090569018354,-20.810153227407348
38.27153245336829,42.67938444615496,-20.810153227837755
37.58454357846891,42.489864350135576,-20.810153228297857
36.867828173827775,42.29125978354111,-20.81015322880238
36.12252701116137,42.082408461927336,-20.81015322936704
35.34984492924159,41.86207492941815,-20.81015323000667
34.55104808675467,41.628955172158534,-20.810153230733025
33.72746061615917,41.38168234359805,-20.810153231552295
32.88046071363439,41.118833559087236,-20.81015323246266
32.01147621980736,40.83893768245762,-20.81015323345209
31.121979763357594,40.540483994898054,-20.810153234496678
30.213483553652733,40.221931608403416,-20.810153235559767
29.287533918287018,39.88171946398246,-20.81015323659203
28.345705686087726,39.51827673990418,-20.810153237532678
27.389596515491473,39.13003348826849,-20.810153238311628
26.420821262229026,38.715431319281016,-20.81015323885272
25.441006469428338,38.27293396141226,-20.810153239077625
24.45178504831078,37.80103754125561,-20.810153238910218
23.45479119961895,37.29828044811311,-20.810153238281135
22.451655605921296,36.76325267363684,-20.810153237132226
21.444000904169947,36.194604544654155,-20.810153235420493
20.433437427462227,35.59105479607133,-20.81015323312153
19.421559185848945,34.95139795912,-20.81015323023206
18.40994003902549,34.27451106706501,-20.810153226771696
17.400129999396135,33.559359705006116,-20.810153222783725
16.3936515926608,32.80500345204372,-20.810153218335035
15.391996194886184,32.01060078256961,-20.81015321351522
14.3966202599855,31.175413508721736,-20.810153208434865
13.408941349537296,30.29881085818194,-20.810153203223088
12.430333877771375,29.380273290627876,-20.8101531980245
11.462124488194846,28.419396162389717,-20.81015319299542
10.50558698463972,27.41589335222933,-20.810153188299488
9.561936748505332,26.369600961519524,-20.810153184102663
8.632324585803627,25.280481199110234,-20.810153180567617
7.717829962615977,24.148626554237666,-20.810153177847457
6.819453606231516,22.974264349110925,-20.81015317607897
5.938109472214894,21.757761745194674,-20.810153175375365
5.074616105724893,20.49963125238494,-20.8101531758189
4.229687459402112,19.200536756822995,-20.81015317745359
3.403923270820728,17.861300039624382,-20.81015318027862
2.5977991503641134,16.482907704203654,-20.8101531842431
1.8116565854567845,15.06651836362979,-20.810153189243117
1.0456931285948536,13.61346986203013,-20.810153195121856
0.29995310265596015,12.125286217426568,-20.810153201673934
-0.4256807758598323,10.603683881461588,-20.81015320865446
-1.13149439187845,9.050576820576481,-20.81015321579322
-1.8179473292948938,7.468079842280345,-20.810153222813376
-2.485675523108039,5.8585095305971855,-20.810153229453277
-3.135490915955347,4.224382129744564,-20.810153235488883
-3.768377606292063,2.5684077380539194,-20.810153240753465
-4.385484060863586,0.8934802567533264,-20.810153245151017
-4.988111102031276,-0.7973373123293772,-20.81015324866018
-5.577695569679596,-2.500832409938592,-20.81015325132708
-6.155789789185596,-4.213667220030732,-20.810153253247627
-6.72403723460271,-5.93240733431275,-20.81015325454235
-7.284145036108957,-7.6535540694231825,-20.810153255328924
-7.837854214901802,-9.373579435642151,-20.810153255698403
-8.386908708987551,-11.0889625298839,-20.810153255700435
-8.933024356388472,-12.796225993410182,-20.810153255340392
-9.47785901406977,-14.491971154684187,-20.810153254588414
-10.02298490932922,-16.1729105731654,-20.810153253397196
-10.569864155979255,-17.835896897688908,-20.810153251723527
-11.119828141338699,-19.477947227028714,-20.81015324954817
-11.674061229248853,-21.096262475736953,-20.81015324688976
-12.233588957993213,-22.688241568921356,-20.810153243810365
-12.799270666027063,-24.251490582877132,-20.810153240412596
-13.37179627229175,-25.78382719038418,-20.810153236830015
-13.951686783039461,-27.28328094634764,-20.810153233213434
-14.539297997007107,-28.748090057812703,-20.810153229716192
-15.134826832327239,-30.176695327079443,-20.81015322648056
-15.738319694066833,-31.567731948171993,-20.810153223627175
-16.349682330667648,-32.920019788578855,-20.810153221248154
-16.968690680236307,-34.232552713673826,-20.810153219403855
-17.59500227385702,-35.50448742292008,-20.810153218122977
-18.228167834787307,-36.73513217491393,-20.810153217405063
-18.86764278343368,-37.92393568993786,-20.81015321722471
-19.512798424216275,-39.070476438804505,-20.810153217536637
-20.16293264933435,-40.17445245803793,-20.81015321828105
-20.81728004488987,-41.23567177481448,-20.810153219388734
-21.475021326637705,-42.25404348033055,-20.8101532207857
-22.13529206627209,-43.229569456377085,-20.810153222397112
-22.7971906954665,-44.16233673546499,-20.81015322415046
-23.459785794866402,-45.052510458296624,-20.810153225978002
-24.12212268993107,-45.900327382167966,-20.81015322781851
-24.783229385916428,-46.70608988859587,-20.81015322961842
-25.442121881264686,-47.47016043685723,-20.81015323133243
-26.097808902972137,-48.192956411166236,-20.81015323292372
-26.749296109768128,-48.87494531206463,-20.810153234363806
-27.395589809660727,-49.51664024660148,-20.810153235632168
-28.035700237985452,-50.11859567653398,-20.81015323671565
-28.668644440841117,-50.681403388721954,-20.81015323760777
-29.29344880694573,-51.20568865685509,-20.81015323830794
-29.90915128867206,-51.692106568465945,-20.81015323882064
-30.514803350458294,-52.141338495730956,-20.810153239154562
-31.109471680032048,-52.55408869277852,-20.810153239321835
-31.692239695009192,-52.931081006076,-20.810153239337193
-32.26220887448829,-53.2730556879448,-20.810153239217296
-32.81849994230188,-53.58076630635791,-20.810153238979982
-33.36025392564365,-53.85497674691905,-20.81015323864372
-33.88663310989852,-54.09645830531975,-20.81015323822702
-34.39682190769074,-54.30598687063506,-20.810153237747997
-34.890027657461054,-54.484340201561466,-20.81015323722396
-35.36548136431557,-54.63229529913209,-20.810153236671095
-35.82243839348256,-54.75062588057087,-20.810153236104217
-36.260179124492936,-54.84009995977418,-20.81015323553659
-36.67800957218897,-54.90147754044001,-20.810153234979804
-37.07526197888241,-54.93550842810576,-20.810153234443714
-37.45129538044317,-54.94293016731311,-20.81015323393646
-37.80549614781268,-54.924466109802545,-20.81015323346449
-38.13727850440696,-54.88082361906603,-20.81015323303265
-38.44608501910058,-54.812692415774634,-20.8101532326443
-38.731387073955865,-54.72074306757487,-20.81015323230146
-38.992685305566695,-54.60562562554596,-20.810153232004968
-39.229510018801285,-54.467968408268916,-20.81015323175464
-39.44142157182724,-54.30837693301932,-20.81015323154946
-39.628010731552635,-54.127432992107366,-20.810153231387737
-39.78889899898494,-53.925693870898456,-20.810153231267282
-39.92373890445779,-53.70369170260623,-20.81015323118553
-40.03221427316701,-53.46193295360445,-20.810153231139715
-40.11404046195517,-53.20089803179998,-20.810153231126954
-40.16896456875386,-52.92104100958625,-20.810153231144355
-40.196765616503804,-52.622789452089485,-20.810153231189105
-40.19725471369824,-52.3065443408551,-20.81015323125854
-40.1702751939126,-51.97268008281824,-20.810153231350146
-40.115702736777514,-51.621544594371855,-20.810153231461634
-40.03344547281174,-51.25345945058883,-20.810153231590927
-39.92344407435182,-50.86872009016804,-20.81015323173616
-39.78567183449687,-50.46759606744267,-20.810153231895672
-39.62013473553513,-50.05033134379381,-20.810153232068007
-39.426871507744266,-49.61714461202739,-20.810153232251842
-39.205953678772964,-49.16822964866623,-20.81015323244601
-38.957485613035935,-48.703755690647185,-20.810153232649423
-38.68160453970594,-48.22386783455723,-20.810153232861055
-38.37848056698821,-47.728687458252274,-20.810153233079905
-38.04831667943705,-47.21831266643595,-20.810153233304952
-37.69134871414565,-46.692818763491076,-20.81015323353512
-37.30784531073221,-46.15225875851082,-20.810153233769242
-36.898107829183076,-45.596663909029296,-20.810153234006005
-36.462470228818866,-45.026044311361616,-20.81015323424395
-36.00129890094646,-44.44038954669354,-20.810153234481405
-35.514992447167415,-43.839669393075624,-20.81015323471648
-35.00398139485228,-43.22383461424475,-20.810153234947034
-34.46872784097614,-42.59281783668782,-20.810153235170638
-33.909725015358376,-41.946534526557514,-20.810153235384597
-33.32749675436988,-41.28488407792895,-20.810153235585908
-32.72259687637196,-40.60775102343832,-20.81015323577129
-32.095608450537284,-39.91500637756595,-20.81015323593718
-31.447142951275463,-39.20650912171882,-20.81015323607977
-30.777839291240667,-38.48210783884217,-20.810153236195067
-30.088362726829978,-37.741642503564655,-20.810153236278907
-29.3794036311782,-36.984946431881596,-20.81015323632709
-28.65167613090412,-36.21184839213986,-20.810153236335417
-27.90591660424844,-35.42217487664446,-20.81015323629986
-27.142882039745995,-34.61575253060561,-20.810153236216642
-26.363348256174664,-33.79241073243529,-20.810153236082435
-25.568107986198918,-32.95198431663416,-20.81015323589445
-24.757968827857326,-32.094316427736864,-20.81015323565068
-23.933751069809574,-31.219261491055946,-20.81015323535002
-23.096285398041577,-30.326688283331517,-20.810153234992416
-22.246410493510062,-29.416483083899127,-20.810153234579055
-21.3849705319767,-28.488552884671005,-20.810153234112462
-20.512812599023867,-27.54282863511752,-20.810153233596587
-19.630784034950395,-26.579268496561376,-20.81015323303686
-18.73972972590729,-25.597861078473457,-20.810153232440214
-17.840489359243694,-24.5986286280968,-20.810153231814994
-16.933894662584187,-23.581630143627866,-20.810153231170858
-16.02076664764066,-22.546964380351188,-20.810153230518587
-15.101912881163285,-21.49477271855172,-20.810153229869854
-14.178124806738316,-20.42524186171397,-20.810153229236906
-13.250175142322481,-19.338606333456898,-20.810153228632224
-12.318815379434595,-18.23515074184927,-20.810153228068113
-11.384773410765934,-17.115211780210874,-20.810153227556313
-10.448751313575276,-15.979179934245572,-20.81015322710754
-9.511423316546967,-14.827500866398896,-20.81015322673113
-8.573433977749087,-13.66067644971904,-20.810153226434608
-7.635396600866176,-12.47926542527001,-20.810153226223413
-6.697891915927878,-11.283883659347959,-20.81015322610064
-5.76146704924322,-10.075203979440326,-20.81015322606686
-4.826634805118991,-8.853955571094007,-20.81015322612012
-3.8938732791399753,-7.620922921669097,-20.810153226255945
-2.963625819287029,-6.3769443013814975,-20.810153226467527
-2.036301346957874,-5.122909777093234,-20.81015322674598
-1.1122750450557006,-3.859758759980403,-20.81015322708071
-0.1918894147770519,-2.588477094448212,-20.810153227459843
0.7245443033460393,-1.3100937023873445,-20.810153227870686
1.6367443550850387,-0.02567680395202862,-20.810153228300276
2.5444563625096124,1.263670256674918,-20.810153228735906
3.4474509028038387,2.556813544780254,-20.81015322916558
4.345520806991605,3.852593385075535,-20.810153229578475
5.23847821587538,5.149829478722029,-20.81015322996535
6.126151436065262,6.447326232184686,-20.81015323031881
7.00838164367664,7.743878237793106,-20.810153230633517
7.88501948690267,9.038275842197137,-20.810153230906288
8.755921641057656,10.329310736585125,-20.81015323113609
9.620947370724824,11.61578150171069,-20.810153231323934
10.479955153269804,12.89649904151308,-20.81015323147271
11.332799416204686,14.170291841412258,-20.810153231586902
12.17932743777483,15.436010991139225,-20.810153231672267
13.019376455817843,16.692534917085826,-20.81015323173552
13.852771024588082,17.93877377543144,-20.81015323178389
14.67932065306692,19.173673464487575,-20.810153231824806
15.498817751530446,20.3962192225277,-20.8101532318655
16.311035906075706,21.605438785558352,-20.810153231912686
17.115728493664747,22.800405087761476,-20.810153231972272
17.912627643267317,23.980238495438286,-20.81015323204916
18.701443542076834,25.14410857298171,-20.81015323214703
19.481864079714477,26.291235386507317,-20.81015323226828
20.253554817957404,27.420890357134123,-20.810153232413978
21.016159268923186,28.532396681425947,-20.810153232583893
21.76929946086593,29.62512934112367,-20.81015323277656
22.51257676780586,30.698514728003676,-20.810153232989446
23.245572977105365,31.752029912506423,-20.81015323321908
23.967851567776204,32.785201586740364,-20.81015323346127
24.678959171688646,33.797604713648916,-20.810153233711297
25.378427189873896,34.788860914616784,-20.81015323396415
26.065773536677234,35.75863662767831,-20.810153234214685
26.740504485538622,36.7066410678697,-20.81015323445788
27.402116591558844,37.63262402023193,-20.810153234688958
28.05009866766551,38.5363734946097,-20.81015323490357
28.683933793044613,39.417713269783846,-20.810153235097882
29.303101334478,40.276500352691784,-20.810153235268682
29.907078963263054,41.11262237659404,-20.810153235413427
30.495344652435584,41.92599496008767,-20.810153235530287
31.067378641027204,42.71655904689184,-20.81015323561812
31.62266535402989,43.484278244373016,-20.81015323567649
32.1606952685867,44.22913617686529,-20.810153235705588
32.68096671865958,44.95113386799637,-20.81015323570621
33.182987632028954,45.650287164470754,-20.810153235679664
33.666277194947604,46.32662421210029,-20.810153235627716
34.13036744109839,46.980182993318884,-20.810153235552516
34.57480476269103,47.61100893398144,-20.810153235456504
34.999151342578664,48.2191525859306,-20.81015323534236
35.40298650718344,48.804667390624616,-20.8101532352129
35.78590800079751,49.36760752805697,-20.810153235071063
36.14753318247599,49.90802585426553,-20.81015323491981
36.48750014726973,50.42597192992608,-20.81015323476209
36.8054687739642,50.9214901418514,-20.81015323460083
37.10112170180372,51.39461791867118,-20.81015323443886
37.37416523889668,51.845384041545955,-20.81015323427892
37.62433020512346,52.27380705046645,-20.810153234123636
37.85137271241418,52.67989374650167,-20.810153233975516
38.0550748852356,53.063637790277554,-20.810153233836925
38.235245524033616,53.4250183969846,-20.810153233710132
38.39172071423007,53.763999128316534,-20.810153233597262
38.52436438317543,54.080526781922636,-20.810153233500326
38.63306880722442,54.37453037919914,-20.810153233421243
38.71775507083457,54.645920252538815,-20.810153233361795
38.77837347929894,54.89458723348546,-20.8101532333237
38.814903926418836,55.1204019435892,-20.810153233308533
38.82735621810903,55.32321419011205,-20.810153233317788
38.81577035261157,55.502852469077894,-20.810153233352825
38.78021675768038,55.659123578482465,-20.810153233414866
38.72079648479095,55.79181234476346,-20.810153233504966
38.637641360130736,55.900681465868125,-20.810153233623996
38.530914091836266,55.98547147443497,-20.810153233772574
38.40080833266306,56.04590082472027,-20.810153233951045
38.24754869700113,56.0816661069444,-20.810153234159397
38.07139073087844,56.092442392704314,-20.81015323439722
37.8726208333218,56.07788371499822,-20.81015323466363
37.65155612716145,56.03762368623945,-20.810153234957195
37.408544277064856,55.971276257406,-20.810153235275877
37.14396325225519,55.878436621188634,-20.81015323561694
36.85822103100276,55.758682261677016,-20.810153235976905
36.55175524355994,55.61157415277372,-20.810153236351507
36.22503274973229,55.43665810716799,-20.81015323673562
35.87854914673003,55.23346627735244,-20.81015323712327
35.51282820231372,55.0015188098472,-20.810153237507638
35.12842120752959,54.74032565352813,-20.81015323788106
34.725906242515194,54.4493885227597,-20.810153238235134
34.305887347942125,54.12820301593022,-20.810153238560826
33.86899359364789,53.77626088999815,-20.810153238848578
33.415878034896494,53.393052491801306,-20.81015323908855
32.947216545503125,52.97806934717385,-20.81015323927082
32.46370651577481,52.530806909371954,-20.810153239385745
31.96606540187203,52.050767468938275,-20.8101532394242
31.45502911181034,51.53746322794206,-20.81015323937805
30.931350211926475,50.990419542513244,-20.81015323924053
30.39579593626967,50.40917833873398,-20.810153239006706
29.849145980096363,49.793301708236164,-20.81015323867395
29.29219005750639,49.142375691241284,-20.810153238242403
28.725725202338197,48.456014256213194,-20.810153237715443
28.150552790832528,47.733863486696116,-20.81015323710009
27.56747526439196,46.97560598717259,-20.81015323640735
26.977292531144542,46.180965520758924,-20.81015323565247
26.380798026125802,45.34971189207903,-20.810153234855054
25.778774411917666,44.481666088496354,-20.81015323403896
25.171988904748304,43.57670569176256,-20.810153233232086
24.56118821561861,42.63477056973263,-20.8101532324658
23.947093102263047,41.65586885371745,-20.81015323177421
23.330392535981066,40.64008320086875,-20.81015323119303
22.711737497905773,39.58757733225406,-20.810153230758306
22.091734432413343,38.49860282550902,-20.810153230504703
21.470938401381623,37.373506125704615,-20.81015323046377
20.849846002055124,36.2127357189716,-20.810153230661946
20.228888133399522,35.01684939027308,-20.81015323111867
19.60842272085105,33.7865214595397,-20.810153231844566
18.988727536810497,32.52254985956661,-20.81015323284011
18.36999328324165,31.225862885471624,-20.810153234094706
17.752317131993387,29.897525410567436,-20.81015323558657
17.135696946137507,28.538744329315264,-20.810153237283387
16.520026429330525,27.150872957417118,-20.810153239143865
15.905091467117646,25.73541409553927,-20.81015324111995
15.290567931018463,24.294021450597498,-20.810153243159608
14.67602120990945,22.828499111105867,-20.810153245209627
14.060907710693044,21.34079879463271,-20.81015324721811
13.444578529331777,19.83301462886862,-20.810153249136096
12.826285433133345,18.307375294588155,-20.810153250918056
12.205189216574306,16.76623344809499,-20.81015325252107
11.580370398936717,15.212052449159321,-20.81015325390304
10.950842127801778,13.647390541787008,-20.810153255020385
10.315565045160076,12.074882760716976,-20.810153255826073
9.67346377106962,10.497220955919019,-20.81015325626889
9.023444572335794,8.917132429623353,-20.81015325629461
8.364413718777898,7.337357755539175,-20.810153255849485
7.69529599357534,5.760628390269896,-20.81015325488581
7.015052820428064,4.189644688411377,-20.810153253368952
6.322699498960054,2.627054895520411,-20.8101532512846
5.617321097744975,1.0754356213222034,-20.810153248645108
4.898086635522156,-0.462725803076059,-20.81015324549363
4.1642612776792625,-1.9850467955667952,-20.810153241905372
3.41521637821199,-3.489262653911205,-20.81015323798554
2.650437298783382,-4.973237296957474,-20.810153233864217
1.8695290291166662,-6.434971670223079,-20.810153229688865
1.0722197115545198,-7.872609955179925,-20.810153225615345
0.25836223410205533,-9.2844437847951,-20.810153221798437
-0.5720659004373939,-10.66891470827865,-20.810153218382858
-1.418964195901491,-12.02461516698106,-20.810153215495486
-2.282112031425631,-13.350288243869828,-20.8101532132393
-3.1611725370015007,-14.64482643474999,-20.810153211689283
-4.055697248782243,-15.907269664406005,-20.810153210890327
-4.965131337343479,-17.13680273899191,-20.810153210856985
-5.888819227038925,-18.33275239067666,-20.810153211574807
-6.826010451857987,-19.494584034533137,-20.810153213002927
-7.77586562103729,-20.621898323048672,-20.810153215077683
-8.737462394784421,-21.714427551911353,-20.81015321771682
-9.709801395920287,-22.772031942831344,-20.810153220824077
-10.69181200643719,-23.794695805603148,-20.810153224293938
-11.682358018545184,-24.78252356260203,-20.81015322801629
-12.680243127551321,-25.73573560442189,-20.810153231880847
-13.68421626880549,-26.6546639352588,-20.810153235781264
-14.692976812937196,-27.53974756071292,-20.8101532396187
-15.705179642718445,-28.391527568681923,-20.810153243304903
-16.719440141156646,-29.21064185570169,-20.810153246764557
-17.7343391239022,-29.99781945620073,-20.81015324993706
-18.748427749825936,-30.753874440399226,-20.810153252777443
-19.76023244179657,-31.479699357694237,-20.81015325525665
-20.768259845436855,-32.17625821595829,-20.81015325736108
-21.771001847199642,-32.844579002788635,-20.810153259091425
-22.766940664805887,-33.485745771825826,-20.810153260461018
-23.754554013342045,-34.10089033515571,-20.810153261493614
-24.73232033962802,-34.69118362075936,-20.81015326222098
-25.698724106417604,-35.25782677114538,-20.81015326268026
-26.652261097209582,-35.80204207481212,-20.8101532629114
-27.591443702572068,-36.32506383517805,-20.810153262954753
-28.514806140530208,-36.82812929129457,-20.81015326284905
-29.420909557280147,-37.31246971035744,-20.81015326262972
-30.30834695069519,-37.7793017732977,-20.810153262327812
-31.175747858055434,-38.22981937133713,-20.81015326196934
-32.021782751255344,-38.6651859233841,-20.810153261575145
-32.84516708733351,-39.08652731184518,-20.810153261161147
-33.64466496925653,-39.49492551841352,-20.8101532607389
-34.41909238105252,-39.891413022457634,-20.81015326031638
-35.167319972088904,-40.27696800371619,-20.810153259898794
-35.8882753769167,-40.652510369128116,-20.81015325948946
-36.58094506902791,-41.018898601818066,-20.810153259090534
-37.24437575849199,-41.376927409473275,-20.81015325870363
-37.87767535421636,-41.72732613041958,-20.810153258330278
-38.48001352107646,-42.07075783929365,-20.8101532579722
-39.05062187006141,-42.40781908078142,-20.810153257631423
-39.58879382568285,-42.739040149718505,-20.810153257310287
-40.09388421911223,-43.06488582900761,-20.810153257011336
-40.5653086578681,-43.38575649321891,-20.81015325673714
-41.00254272347062,-43.70198948518985,-20.810153256490132
-41.40512104748238,-44.01386067512594,-20.81015325627237
-41.77263631396441,-44.32158611626123,-20.81015325608535
-42.10473823281623,-44.625323717679905,-20.81015325592989
-42.40113252396072,-44.92517486304575,-20.810153255805982
-42.66157994708954,-45.22118591337377,-20.810153255712724
-42.88589540589391,-45.51334954228451,-20.8101532556483
-43.07394714953546,-45.80160586312404,-20.810153255609993
-43.22565608770764,-46.08584331867281,-20.81015325559426
-43.340995229122086,-46.36589931569878,-20.810153255596852
-43.41998924673605,-46.6415605981618,-20.81015325561298
-43.46271416661647,-46.91256336428611,-20.81015325563752
-43.4692971711132,-47.17859314383332,-20.810153255665274
-43.43991650109375,-47.43928446256823,-20.810153255691294
-43.3748014364921,-47.69422033093626,-20.810153255711235
-43.27423232947576,-47.94293160316389,-20.810153255721723
-43.13854066028795,-48.18489626112448,-20.810153255720767
-42.96810908243533,-48.41953868412899,-20.810153255708176
-42.76337142153664,-48.64622897103674,-20.810153255685925
-42.52481259098885,-48.86428238446421,-20.810153255658467
-42.25296838779691,-49.07295898814376,-20.81015325563296
-41.948425133567866,-49.27146354743471,-20.810153255619326
-41.61181912886034,-49.45894575946564,-20.810153255630187
-41.24383589380821,-49.6345008733319,-20.810153255680504
-40.84520917412311,-49.79717075224486,-20.810153255787103
-40.41671969905465,-49.94594541872037,-20.810153255967872
-39.9591936863844,-50.07976511113722,-20.810153256240785
-39.47350109869494,-50.197522865761044,-20.810153256622765
-38.960553664559676,-50.29806762320508,-20.810153257128402
-38.42130268746247,-50.380207842963095,-20.81015325776863
-37.856736673678014,-50.4427155948245,-20.81015325854949
-37.26787881754045,-50.48433108238312,-20.810153259471
-36.655784388069506,-50.50376754213876,-20.810153260526253
-36.021538064466334,-50.49971645241134,-20.81015326170087
-35.36625126930925,-50.47085297984125,-20.810153262972747
-34.69105954727643,-50.41584158785373,-20.810153264312216
-33.99712003394058,-50.33334173115112,-20.810153265682622
-33.28560905379331,-50.22201356291032,-20.81015326704119
-32.55771987944582,-50.08052358659049,-20.810153268340255
-31.814660675288906,-49.90755019166136,-20.8101532695287
-31.05765263919512,-49.70178902162803,-20.810153270553606
-30.287928345548405,-49.46195813290805,-20.810153271361916
-29.506730282410704,-49.18680291387646,-20.810153271902244
-28.715309565359735,-48.875100744258425,-20.810153272126573
-27.9149248007718,-48.52566538562245,-20.810153271991926
-27.106841062316885,-48.1373511037243,-20.810153271461914
-26.292328936337576,-47.70905653269719,-20.810153270508216
-25.47266358467768,-47.23972829951839,-20.81015326911193
-24.64912376741765,-46.72836443484646,-20.810153267264777
-23.82299076280951,-46.174017603348695,-20.810153264970275
-22.995547117386565,-45.575798193220095,-20.810153262244715
-22.168075155624734,-44.93287731097641,-20.810153259118103
-21.341855175513132,-44.244489734045565,-20.810153255634905
-20.518163253814684,-43.50993688044111,-20.81015325185471
-19.6982685825496,-42.728589862103796,-20.81015324785261
-18.883430256241766,-41.89989269650738,-20.810153243719338
-18.074893427722685,-41.02336575991496,-20.810153239561032
-17.273884748868944,-40.09860957518474,-20.810153235498504
-16.48160701176084,-39.12530903702674,-20.81015323166582
-15.699232905753389,-38.103238187642546,-20.8101532282081
-14.927897807416374,-37.03226566498405,-20.810153225278263
-14.168691524055234,-35.91236095331939,-20.810153223032486
-13.422648918716487,-34.74360156982082,-20.81015322162422
-12.690739356729253,-33.526181319378594,-20.810153221196565
-11.973854932875776,-32.26041974008529,-20.810153221872913
-11.272797466584814,-30.946772840473646,-20.810153223746042
-10.588264292852898,-29.58584519268295,-20.810153226866007
-9.920832931910457,-28.178403388892814,-20.8101532312277
-9.2709447939073,-26.725390787139713,-20.810153236759366
-8.63888816850782,-25.227943363097967,-20.81015324331404
-8.024780864411023,-23.687406344124287,-20.810153250666463
-7.428552999338449,-22.10535113119598,-20.810153258518056
-6.849930592385317,-20.483591818117134,-20.810153266512778
-6.288420768461238,-18.82420040654327,-20.810153274265122
-5.743299533666115,-17.129519608766465,-20.810153281399835
-5.213603199409233,-15.40217195507018,-20.81015328759959
-4.698124595031685,-13.645063813635426,-20.81015329265314
-4.195415184052591,-11.861382927530084,-20.810153296493514
-3.7037940604690722,-10.054588212328003,-20.810153299214335
-3.2213645302449354,-8.228390865611008,-20.810153301054903
-2.746038577191312,-6.386726321264981,-20.810153302350898
-2.2755689927882696,-4.533717212701747,-20.81015330345702
-1.8075883626306977,-2.673628232065582,-20.810153304658193
-1.3396535168106853,-0.8108144999143683,-20.81015330609167
-0.8692935482843278,1.0503343115129087,-20.81015330770248
-0.3940591589651596,2.905451427522026,-20.81015330924588
0.08842903612068362,4.750249157982206,-20.8101533103373
0.5804355092441462,6.580571124399687,-20.81015331053616
1.08407006230368,8.392438240190534,-20.81015330944111
1.6012547583119137,10.182086772816417,-20.810153306772918
2.1336984098955813,11.945997538939523,-20.81015330242733
2.6828789048003916,13.680916009523955,-20.81015329649054
3.2500331220624354,15.383863741910146,-20.810153289219993
3.836153776197877,17.052142049985374,-20.81015328100071
4.441992243477481,18.683329144755604,-20.810153272289796
5.068066273841962,20.27527212909506,-20.81015326356109
5.714671456967919,21.82607523710713,-20.81015325525835
6.381895364615582,23.3340856068757,-20.810153247761516
7.069633404269186,24.797877704510555,-20.810153241366823
7.777605564198466,26.216237312531725,-20.810153236279344
8.505373385632327,27.588145784648507,-20.810153232615182
9.252356648147046,28.91276507126938,-20.81015323041006
10.017849389907884,30.189423847188415,-20.810153229631677
10.80103500017646,31.417604930049986,-20.810153230193464
11.601000216175038,32.5969340660456,-20.810153231968194
12.416747930984764,33.7271700755765,-20.810153234800545
13.247208775974793,34.80819629247717,-20.81015323851793
14.091251483217288,35.8400131913911,-20.81015324293968
14.947692063418957,36.82273207461068,-20.81015324788435
15.815301855846961,37.75656967813992,-20.810153253175525
16.69281452092029,38.64184355350486,-20.8101532586462
17.578932055517758,39.47896808415653,-20.81015326414211
18.472329917133603,40.26845100104283,-20.810153269524072
19.371661346915715,41.0108902694806,-20.810153274669656
20.275560984136394,41.70697122773209,-20.810153279474278
21.18264786627715,42.357463865978495,-20.810153283851886
22.09152790993146,42.96322014231304,-20.810153287735286
23.00079596823215,43.52517123984227,-20.81015329107616
23.909037560436683,44.0443246760914,-20.810153293844824
24.8148303684875,44.521761182923605,-20.810153296029785
25.71674559356085,44.95863128248326,-20.810153297636894
26.61334926253598,45.35615149270521,-20.81015329868829
27.503203569654413,45.715600105159986,-20.810153299220957
28.384868332116532,46.038312488858246,-20.81015329928486
29.256902629759868,46.32567588645827,-20.810153298940772
30.11786668815965,46.579123684309565,-20.810153298257653
30.966324051499452,46.80012915493226,-20.81015329730976
31.800844076555556,46.99019868965331,-20.810153296173453
32.62000476248358,47.15086455971884,-20.810153294924035
33.42239591333839,47.28367726553904,-20.81015329363253
34.20662261212,47.3901975548298,-20.810153292362823
34.971308967477654,47.47198821014584,-20.810153291169218
35.7151020779588,47.53060572341587,-20.8101532900946
36.436676144802036,47.56759198836489,-20.81015328916941
37.13473665360766,47.58446615005336,-20.810153288411378
37.808024538473425,47.582716753336996,-20.810153287826097
38.455320239819514,47.563794328368566,-20.8101532874083
39.07544756931165,47.52910454125746,-20.810153287143784
39.667277301878556,47.4800020220553,-20.81015328701159
40.22973042535477,47.41778496115084,-20.810153286986534
40.76178099204096,47.34369054009806,-20.810153287041544
41.26245853254681,47.258891235281524,-20.810153287149852
41.730850009636896,47.16449200418166,-20.810153287286838
42.1661013073962,47.06152833586852,-20.810153287431337
42.56741826789105,46.950965121121456,-20.810153287566553
42.93406730279186,46.833696274406925,-20.81015328768047
43.265375620499576,46.71054502071325,-20.81015328776583
43.56073111975176,46.58226474547597,-20.810153287819812
43.81958200826083,46.44954029574997,-20.810153287843484
44.041436209639656,46.312989615324064,-20.810153287841075
44.2258606238405,46.17316559533256,-20.81015328781919
44.37248030583444,46.03055802463206,-20.81015328778605
44.48097762462482,45.88559553022001,-20.810153287750737
44.55109146028865,45.73864740667888,-20.810153287722542
44.582616490938825,45.5900252444587,-20.81015328771045
44.57540261463227,45.43998427923886,-20.81015328772261
44.52935454360376,45.28872439819527,-20.810153287766028
44.44443160001292,45.13639075339162,-20.810153287846276
44.320647733829524,44.98307394745164,-20.810153287967314
44.158071774673395,44.828809771973354,-20.81015328813135
43.95682792045489,44.67357849469572,-20.810153288338842
43.71709645659034,44.51730370714063,-20.81015328858853
43.43911469044276,44.359850760257906,-20.81015328887752
43.12317807652355,44.20102483140792,-20.81015328920153
42.76964149897088,44.04056868169165,-20.810153289555195
42.37892066902422,43.87816017797623,-20.810153289932426
41.95149358682755,43.71340966866766,-20.810153290326973
41.48790200916309,43.54585731595174,-20.810153290732995
40.9887528579583,43.37497049934755,-20.810153291145703
40.45471949899412,43.20014141538719,-20.810153291562088
39.88654281658905,43.020685005364626,-20.810153291981525
39.28503200857623,42.83583734666399,-20.81015329240631
38.6510650270445,42.64475464248166,-20.810153292841953
37.98558859442915,42.446512939184586,-20.810153293297187
37.28961773185014,42.24010868965517,-20.810153293783543
36.56423474717242,42.024460264565604,-20.810153294314496
35.81058764396213,41.798410491728035,-20.81015329490407
35.02988792894867,41.56073027698131,-20.81015329556506
34.22340781413638,41.31012332939608,-20.810153296306837
33.39247682946633,41.04523198018436,-20.810153297133027
32.5384778818421,40.764644050178696,-20.81015329803918
31.66284281522089,40.46690068690613,-20.810153299010747
30.7670475431292,40.150505061003166,-20.810153300021625
29.852606838274422,39.813931784792324,-20.810153301033473
28.921068872967965,39.4556368948164,-20.81015330199597
27.97400960821393,39.07406822616279,-20.81015330284813
27.013027128261065,38.66767600017577,-20.810153303520647
26.039736011248984,38.234923448781,-20.81015330393908
25.055761815747815,37.77429730773067,-20.8101533040278
24.06273574824717,37.2843180267514,-20.810153303714266
23.06228955897834,36.76354956561017,-20.810153302933536
22.056050693965574,36.21060867005143,-20.81015330163249
21.04563771104035,35.62417354886834,-20.810153299773678
20.032655947794083,35.00299190156989,-20.810153297338534
19.018693411029,34.34588827387818,-20.810153294329723
18.005316840945184,33.651770744557226,-20.810153290772735
16.994067889614847,32.91963697103323,-20.810153286716428
15.986459342576161,32.148579642391724,-20.810153282232807
14.983971304779546,31.337791406348998,-20.810153277415868
13.988047267646039,30.486569351606484,-20.81015327237972
13.000089972565513,29.594319138646036,-20.810153267255956
12.021456987645493,28.660558880595904,-20.81015326219032
11.053455918807266,27.68492288135403,-20.81015325733877
10.097339183363498,26.667165340661445,-20.810153252862868
9.15429828405176,25.607164135084922,-20.810153248924614
8.225457534326727,24.504924779503128,-20.81015324568064
7.311867201867162,23.36058466507239,-20.810153243275913
6.4144960572233,22.174417655916177,-20.81015324183688
5.5342233389401745,20.9468391068604,-20.810153241464455
4.671830176051883,19.67841133719231,-20.810153242226832
3.827990544256585,18.369849559377126,-20.810153244152787
3.003261873922602,17.022028215775887,-20.810153247225806
2.198075476588091,15.635987619899694,-20.810153251379898
1.412727011477234,14.212940731545626,-20.810153256497838
0.6473672735777164,12.75427981833174,-20.81015326241279
-0.09800635236379608,11.261582672279316,-20.810153268914007
-0.8235573658233011,9.736617963759183,-20.810153275757187
-1.5296160912068508,8.18134923320219,-20.810153282679394
-2.21668358271147,6.597936952709842,-20.810153289417848
-2.8854329718661518,4.988738046344482,-20.810153295730686
-3.5367077490202634,3.3563022517905674,-20.810153301417422
-4.171516523056209,1.7033647491720598,-20.81015330633565
-4.791023903252864,0.0328345843900703,-20.81015331041092
-5.396537295733588,-1.652221421408799,-20.81015331363736
-5.989489600587419,-3.348599361050313,-20.81015331606808
-6.571418023760475,-5.052983343652068,-20.81015331779676
-7.143939462272957,-6.761974529066829,-20.810153318933764
-7.708723158676833,-8.472123322497549,-20.810153319581786
-8.267461524725414,-10.17996370397626,-20.8101533198164
-8.82184018021738,-11.88204848337106,-20.810153319675592
-9.373508321970805,-13.57498418139893,-20.81015331916018
-9.924050520393246,-15.255464253345119,-20.81015331824424
-10.474960939018949,-16.920299492900035,-20.810153316892126
-11.02762079859584,-18.56644466267819,-20.810153315077415
-11.583279683289518,-20.191020668595637,-20.810153312799205
-12.143041038377564,-21.79133189455599,-20.810153310092364
-12.707851962614235,-23.364878608967647,-20.810153307030124
-13.278497176658032,-24.90936461758079,-20.81015330371959
-13.85559686758457,-26.422700548374756,-20.810153300291752
-14.439607977136326,-27.903003303681448,-20.810153296888686
-15.030828419548449,-29.348592301279243,-20.81015329365036
-15.629403679500868,-30.75798315574295,-20.810153290703006
-16.23533524426218,-32.12987943430848,-20.810153288150474
-16.848490356929123,-33.4631630703439,-20.810153286068868
-17.468612630181195,-34.756883944616554,-20.810153284504565
-18.095333123477634,-36.010249060875886,-20.810153283474964
-18.72818155402709,-37.22261165659827,-20.810153282971356
-19.36659737787355,-38.393460508402434,-20.810153282963057
-20.00994053851278,-39.5224096187036,-20.810153283402315
-20.657501734516185,-40.60918840777815,-20.810153284229212
-21.30851210379143,-41.653632484237995,-20.810153285376362
-21.962152260284153,-42.655675026619456,-20.8101532867731
-22.61756064960329,-43.61533877838777,-20.810153288348953
-23.27384121402562,-44.532728636819975,-20.810153290036453
-23.930070375534594,-45.408024801514536,-20.810153291773247
-24.585303358924744,-46.24147643927814,-20.810153293503575
-25.238579886449635,-47.03339581757131,-20.810153295179195
-25.888929281806906,-47.78415285743932,-20.81015329675985
-26.535375025120036,-48.494170057977776,-20.81015329821336
-27.17693880256091,-49.16391774712932,-20.810153299515388
-27.81264409481831,-49.79390961738648,-20.81015330064902
-28.441519348118913,-50.384698509336026,-20.810153301604142
-29.062600770231914,-50.936872410588656,-20.810153302376776
-29.674934792053733,-51.45105064225885,-20.81015330296826
-30.277580233139616,-51.9278802096307,-20.810153303384475
-30.86961020704933,-52.368032297861824,-20.810153303635033
-31.450113799698318,-52.772198897477914,-20.810153303732513
-32.01819755112545,-53.14108954796112,-20.81015330369171
-32.57298676825939,-53.47542819092623,-20.810153303528942
-33.11362669343285,-53.77595012720872,-20.81015330326146
-33.63928355059454,-54.043399074667875,-20.810153302906837
-34.14914548843544,-54.278524325646586,-20.81015330248253
-34.642423437007714,-54.48207800484056,-20.810153302005418
-35.118351891899664,-54.65481242982392,-20.810153301491503
-35.57618963766168,-54.79747757766668,-20.810153300955612
-36.01522041998124,-54.91081866197121,-20.81015330041118
-36.43475357409928,-54.995573825256855,-20.810153299870148
-36.83412461516313,-55.05247195194491,-20.81015329934284
-37.21269579463768,-55.08223060724827,-20.81015329883796
-37.569856625555296,-55.08555410706434,-20.810153298362618
-37.90502437828023,-55.06313172352287,-20.81015329792235
-38.21764454759584,-55.015636030170654,-20.81015329752126
-38.507191291283455,-54.943721389908696,-20.810153297162127
-38.773167839940456,-54.84802258776327,-20.81015329684652
-39.01510687756194,-54.72915360940486,-20.81015329657497
-39.23257089236427,-54.587706565065865,-20.81015329634714
-39.42515249743155,-54.42425075719111,-20.810153296161957
-39.592474720988406,-54.23933188882747,-20.81015329601778
-39.73419126641185,-54.03347140846328,-20.810153295912546
-39.84998674245844,-53.80716598580826,-20.810153295843897
-39.93957686456822,-53.56088711190023,-20.810153295809283
-40.00270862848237,-53.29508081597134,-20.810153295806096
-40.03916045774906,-53.0101674907369,-20.8101532958317
-40.04874232696671,-52.706541817207466,-20.81015329588356
-40.03129586280419,-52.38457277978946,-20.810153295959218
-39.98669442492877,-52.044603762341566,-20.810153296056402
-39.91484316895153,-51.68695271599811,-20.810153296172988
-39.81567909336246,-51.31191238995235,-20.810153296307032
-39.689171072170424,-50.91975061700352,-20.81015329645675
-39.53531987459072,-50.51071064649375,-20.810153296620527
-39.354158172642556,-50.085011518273674,-20.810153296796887
-39.14575053694036,-49.642848472512775,-20.810153296984467
-38.910193420302114,-49.18439339148039,-20.810153297181987
-38.64761512807006,-48.70979527083423,-20.81015329738822
-38.35817577326367,-48.219180719428756,-20.81015329760197
-38.04206721388147,-47.71265448815957,-20.81015329782202
-37.6995129688576,-47.19030002985423,-20.810153298047105
-37.330768108382706,-46.65218009366802,-20.810153298275885
-36.9361191135378,-46.09833735880795,-20.81015329850692
-36.51588369948418,-45.528795113654375,-20.8101532987386
-36.070410595823226,-44.94355798744468,-20.810153298969183
-35.60007927720415,-44.34261274259532,-20.810153299196713
-35.105299636833514,-43.72592913644027,-20.810153299419024
-34.586511595241824,-43.093460861631065,-20.810153299633736
-34.044184636503196,-42.44514657465619,-20.810153299838223
-33.47881726409388,-41.78091102188007,-20.810153300029626
-32.89093636872254,-41.10066627216398,-20.810153300204874
-32.28109650077399,-40.40431306450904,-20.810153300360675
-31.649879040481206,-39.69174227825526,-20.81015330049356
-30.99789125957579,-38.96283653218875,-20.810153300599932
-30.325765268961806,-38.217471917465105,-20.81015330067612
-29.634156847903547,-37.455519867570466,-20.81015330071844
-28.923744151306373,-36.67684916663833,-20.810153300723286
-28.195226292887725,-35.88132809535057,-20.810153300687254
-27.449321803370093,-35.06882671141111,-20.81015330060722
-26.686766964262894,-34.23921925922819,-20.81015330048048
-25.908314019320056,-33.392386701017784,-20.810153300304897
-25.114729267347542,-32.52821935908926,-20.810153300079023
-24.30679104167347,-31.646619656636066,-20.81015329980223
-23.485287583266576,-30.74750494197061,-20.81015329947486
-22.65101481618114,-29.83081037885221,-20.81015329909831
-21.804774035703534,-28.89649188339369,-20.810153298675132
-20.947369521263678,-27.944529086027842,-20.810153298209134
-20.07960608784108,-26.974928295194132,-20.81015329770534
-19.202286591227118,-25.98772543779051,-20.810153297170036
-18.316209404089715,-24.98298895004088,-20.81015329661066
-17.4221658813095,-23.960822591268677,-20.81015329603573
-16.520937834501545,-22.921368152150286,-20.81015329545464
-15.613295036984393,-21.864808028357437,-20.81015329487748
-14.699992781684477,-20.791367630092655,-20.810153294314734
-13.7817695155412,-19.701317597886234,-20.810153293777027
-12.859344574870747,-18.594975795169397,-20.810153293274738
-11.933416046815804,-17.472709048583155,-20.810153292817716
-11.004658782407184,-16.334934607747684,-20.810153292414892
-10.07372258684129,-15.182121297330582,-20.810153292073945
-9.14123061227954,-14.01479033574631,-20.810153291801036
-8.207777977746403,-12.83351579673034,-20.810153291600535
-7.273930639486699,-11.638924692398017,-20.810153291474837
-6.34022453339036,-10.431696659256835,-20.81015329142424
-5.407165008763253,-9.212563232023378,-20.810153291446937
-4.475226569788262,-7.982306694024379,-20.810153291539063
-3.5448529374725806,-6.7417584974417775,-20.810153291694853
-2.6164574407280647,-5.491797251681208,-20.810153291906865
-1.6904237405212774,-4.233346283663785,-20.81015329216628
-0.7671068858268457,-2.9673707797957176,-20.810153292463305
0.15316530547905174,-1.69487452566164,-20.81015329278751
1.0700905535103582,-0.4168962659866091,-20.810153293128344
1.98339012974501,0.8654942860396915,-20.810153293475462
2.892806601481687,2.1512007545680563,-20.810153293819234
3.798101337622855,3.4391046804353405,-20.810153294151018
4.699051811210364,4.728070326925389,-20.810153294463518
5.595448738668189,6.016949660034793,-20.810153294751004
6.487093099401096,7.304587447490694,-20.81015329500947
7.373793082104635,8.5898264180341,-20.8101532952367
8.255361005743174,9.871512420984498,-20.810153295432233
9.131610263574592,11.148499525920418,-20.810153295597303
10.002352337817614,12.419655003473276,-20.810153295734644
10.867393930596343,13.68386413070977,-20.810153295848238
11.72653425373195,14.94003476828763,-20.81015329594308
12.579562515904389,16.18710166137723,-20.81015329602485
13.426255640836251,17.424030422071688,-20.810153296099575
14.2663762446435,18.64982115745373,-20.810153296173326
15.09967089455805,19.863511714422767,-20.81015329625191
15.925868665065925,21.064180519577345,-20.810153296340587
16.744680001326778,22.250948999670122,-20.810153296443854
17.555795893737198,23.42298357519459,-20.810153296565247
18.35888736183868,24.57949722634026,-20.81015329670722
19.153605240590664,25.719750636713634,-20.810153296871086
19.939580257436763,26.843052925748545,-20.810153297056985
20.716423384661205,27.94876198554094,-20.810153297263952
21.483726448304107,29.03628444189452,-20.81015329748998
22.241062972389066,30.105075262641602,-20.81015329773216
22.98798923539946,31.154637038823584,-20.81015329798685
23.724045514783768,32.18451896611425,-20.81015329824982
24.44875749472156,33.19431555500218,-20.810153298516475
25.161637812374796,34.183665098782555,-20.81015329878203
25.86218771831139,35.15224792841609,-20.810153299041676
26.549898827643545,36.099784482871506,-20.810153299290782
27.224254939597422,37.02603322275195,-20.810153299525005
27.884733904650563,37.930788413887115,-20.81015329974047
28.530809519972802,38.813877806218734,-20.81015329993379
29.16195343562432,39.67516023177665,-20.810153300102208
29.777637055748414,40.51452314388936,-20.810153300243577
30.377333420800475,41.33188011804246,-20.810153300356447
30.9605190586413,42.127168333030134,-20.810153300440003
31.52667579406015,42.900346049271356,-20.810153300494072
32.07529250795807,43.65139009941147,-20.81015330051905
32.60586683899422,44.3802934046242,-20.810153300515903
33.117906821965455,45.087062528386966,-20.810153300486036
33.6109324585415,45.77171527794,-20.810153300431285
34.08447721720897,46.4342783621681,-20.810153300353804
34.53808946038525,47.074785113275745,-20.810153300256026
34.97133379764501,47.693273278366725,-20.810153300140566
35.38379236486151,48.28978288589863,-20.81015330001018
35.77506602980247,48.8643541909625,-20.810153299867714
36.144775525340755,49.417025702444526,-20.81015329971602
36.49256251194836,49.94783229436076,-20.81015329955796
36.818090571542534,50.456803403019016,-20.810153299396333
37.12104613505314,50.94396131115284,-20.810153299233875
37.40113934628503,51.409319519788895,-20.810153299073225
37.658104864767324,51.852881208347064,-20.810153298916916
37.89170261031938,52.2746377833258,-20.810153298767382
38.10171845202914,52.674567515887006,-20.810153298626933
38.28796484424205,53.05263426871529,-20.810153298497777
38.45028141200554,53.40878631267496,-20.81015329838202
38.58853548821502,53.742955234013124,-20.810153298281655
38.702622604469575,54.05505493314384,-20.81015329819861
38.792466937379444,54.344980716383674,-20.810153298134715
38.858021711779955,54.61260848237564,-20.810153298091706
38.899269562006104,54.857794005322866,-20.81015329807125
38.91622285207669,55.0803723175376,-20.81015329807493
38.908923955331616,55.280157194181065,-20.810153298104215
38.877445493767695,55.45694074340966,-20.810153298160483
38.82189053703039,55.61049310543995,-20.81015329824494
38.74239276074378,55.74056226428609,-20.81015329835866
38.63911656360107,55.84687397609965,-20.810153298502453
38.51225714239076,55.92913181814431,-20.810153298676905
38.36204052389824,55.98701736246278,-20.81015329888225
38.188723552393604,56.02019047823718,-20.810153299118348
37.992593831188394,56.02828976670897,-20.810153299384588
37.773969616508765,56.01093313231343,-20.810153299679826
37.53319966168035,55.96771849340436,-20.8101533000023
37.27066300934126,55.89822463560755,-20.810153300349562
36.986768729081305,55.802012210458635,-20.81015330071839
36.681955597536316,55.67862488156941,-20.810153301104744
36.35669171753397,55.52759062014301,-20.81015330150371
36.011474072379215,55.34842315124327,-20.81015330190945
35.64682801077249,55.140623551837926,-20.810153302315214
35.26330665716241,54.903682001300936,-20.810153302713363
34.86149024153855,54.6370796847993,-20.810153303095394
34.44198534176285,54.34029084982638,-20.81015330345207
34.00542403051875,54.01278501609884,-20.810153303773507
33.55246291782379,53.6540293391291,-20.8101533040494
33.083782078810565,53.2634911280382,-20.810153304269235
32.60008385513962,52.84064051860224,-20.81015330442257
32.10209151698126,52.3849533031422,-20.810153304499355
31.59054777101001,51.89591391968062,-20.81015330449036
31.06621309832279,51.37301860380326,-20.81015330438755
30.529863904652956,50.81577870787431,-20.810153304184574
29.98229046375132,50.22372419364679,-20.81015330387726
29.424294633395814,49.59640730585819,-20.810153303464116
28.85668732224135,48.93340643606365,-20.810153302946816
28.280285684713217,48.234330187670515,-20.810153302330693
27.69591002048368,47.49882165481243,-20.81015330162514
27.10438035487585,46.72656292921622,-20.81015330084395
26.506512676962295,45.91727985041434,-20.810153300005517
25.903114813348623,45.0707470153354,-20.810153299132892
25.29498191786839,44.18679306321106,-20.81015329825365
24.6828915609156,43.265306250556186,-20.810153297399467
24.067598407191397,42.30624032833702,-20.810153296605485
23.449828477563205,41.30962072890445,-20.810153295909313
22.830272999874225,40.275551063346164,-20.810153295349785
22.20958186525714,39.20421992007573,-20.81015329496533
21.588356721142183,38.09590794218886,-20.810153294792133
20.9671437500013,36.950995143874074,-20.810153294862047
20.346426204128573,35.76996840456027,-20.810153295200486
19.726616791445597,34.55342905329695,-20.810153295824293
19.10805003520768,33.30210042516806,-20.810153296739962
18.490974760992607,32.01683523683261,-20.810153297942275
17.875546896447442,30.69862259062147,-20.81015329941367
17.261822801376713,29.348594377743336,-20.810153301124483
16.649753375700676,27.968030813597206,-20.810153303034163
16.039179217804584,26.55836480529683,-20.810153305093436
15.429827122518914,25.12118482736485,-20.810153307247283
14.821308212757408,23.65823597073397,-20.810153309438288
14.213117988029971,22.171418837385723,-20.810153311609888
13.604638543433447,20.66278598236861,-20.810153313709023
12.995143162125112,19.13453565956518,-20.810153315687458
12.383803412153041,17.589002708435228,-20.810153317501705
11.769698786472125,16.02864652437734,-20.810153319111265
11.151828817132884,14.456036180515584,-20.810153320475855
10.529127477615127,12.873832905657794,-20.81015332155223
9.900479569803075,11.284770261250971,-20.810153322291747
9.264738684115217,9.691632487150587,-20.81015332263973
8.62074623280191,8.097231589624965,-20.81015332253736
7.967350996071258,6.504383814600969,-20.81015332192635
7.303428594556623,4.915886177378904,-20.810153320756008
6.627900312218536,3.334493704022348,-20.810153318991638
5.939750739681115,1.7628979814082921,-20.810153316622813
5.2380437841687835,0.20370751912828403,-20.81015331367007
4.521936690713017,-1.340569692817185,-20.81015331018878
3.7906918305805894,-2.8675411792437924,-20.810153306269356
3.043686127079862,-4.37494241045801,-20.81015330203379
2.280418097109923,-5.860646675005491,-20.810153297628936
1.5005125819563607,-7.322672507095209,-20.81015329321741
0.7037233181802389,-8.759188863846253,-20.810153288967342
-0.11006644330605081,-10.168518304421504,-20.810153285042
-0.9408450248608374,-11.549138454941431,-20.810153281590402
-1.7884748529581413,-12.899682052427432,-20.810153278739534
-2.6526961663925017,-14.21893585183976,-20.810153276588665
-3.53313164629897,-15.505838657076783,-20.810153275205845
-4.4292917320907454,-16.759478704117683,-20.810153274626554
-5.340580413240887,-17.97909058642635,-20.81015327485429
-6.266301316117765,-19.16405187272775,-20.810153275862625
-7.2056639356383565,-20.313879527989275,-20.810153277598523
-8.157789891678565,-21.42822621180501,-20.81015327998655
-9.121719118811999,-22.50687649563895,-20.810153282933502
-10.09641592427955,-23.549743012240334,-20.810153286333403
-11.08077487267455,-24.556862527298097,-20.81015329007246
-12.07362647643656,-25.528391905068744,-20.810153294033903
-13.073742688797962,-26.464603926136927,-20.810153298102488
-14.079842210320853,-27.365882906403908,-20.81015330216858
-15.090595631635214,-28.2327200615687,-20.810153306131745
-16.104630443493466,-29.065708560493153,-20.81015330990367
-17.120535950845145,-29.865538213663548,-20.81015331341044
-18.13686813036666,-30.632989749223643,-20.810153316594093
-19.152154470831242,-31.368928638495124,-20.810153319413423
-20.164898832984907,-32.074298445222176,-20.81015332184396
-21.173586360374962,-32.75011368761435,-20.810153323877305
-22.176688465105343,-33.397452219159256,-20.810153325519703
-23.172667903109,-34.017447152564664,-20.81015332679011
-24.159983942673545,-34.61127837037821,-20.810153327717764
-25.1370976181737,-35.18016368501576,-20.81015332833945
-26.1024770488762,-35.725349729214635,-20.810153328696728
-27.054602790967866,-36.24810267437214,-20.810153328833177
-27.991973180309444,-36.749698887906824,-20.8101533287919
-28.913109614496687,-37.23141565083693,-20.81015332861341
-29.816561716194133,-37.694522062510416,-20.81015332833406
-30.70091231584189,-38.14027026035823,-20.810153327984956
-31.564782190997256,-38.56988707846129,-20.810153327591475
-32.406834501839796,-38.98456625970195,-20.81015332717326
-33.22577886761552,-39.385461322692386,-20.81015332674466
-34.020375036704564,-39.773679167192995,-20.810153326315483
-34.78943611308377,-40.15027448123564,-20.810153325891875
-35.53183131361733,-40.516244990689685,-20.81015332547735
-36.24648824317163,-40.87252756866747,-20.810153325073703
-36.932394687327694,-41.219995199066894,-20.81015332468185
-37.58859993480873,-41.55945476671124,-20.810153324302444
-38.2142156530827,-41.891645626841964,-20.81015332393637
-38.80841635048799,-42.21723888982602,-20.81015332358496
-39.3704394663397,-42.53683734331851,-20.810153323250113
-39.899585136615805,-42.850975924018755,-20.810153322934205
-40.39521568693355,-43.16012264461818,-20.810153322639973
-40.8567549066522,-43.46467987843532,-20.81015332237027
-41.28368715821252,-43.76498590430629,-20.810153322127828
-41.675556374437704,-44.06131661719684,-20.810153321915028
-42.031964993705955,-44.35388731532042,-20.810153321733683
-42.3525728789042,-44.64285448186371,-20.81015332158483
-42.63709626112522,-44.928317488327544,-20.810153321468643
-42.88530674340023,-45.21032015660886,-20.810153321384316
-43.09703039356257,-45.48885212794336,-20.81015332133004
-43.27214694878792,-45.76384999841499,-20.810153321303034
-43.410589147593846,-46.03519819267691,-20.810153321299588
-43.51234219823023,-46.30272955962244,-20.81015332131522
-43.57744338555604,-46.566225685822545,-20.810153321344817
-43.60598181177621,-46.825416934456655,-20.810153321382906
-43.598098259902194,-47.07998222905536,-20.810153321423883
-43.55398516260856,-47.32954861248471,-20.810153321462384
-43.47388665340624,-47.57369062205181,-20.810153321493654
-43.35809867188002,-47.81192953118739,-20.810153321513962
-43.20696909030285,-48.043732516620814,-20.81015332152104
-43.02089782541743,-48.26851181703329,-20.810153321514544
-42.80033689675163,-48.48562395456338,-20.810153321496443
-42.54579039169178,-48.694369093946,-20.81015332147137
-42.257814297844284,-48.8939906152112,-20.81015332144688
-41.93701616510291,-49.083674974511624,-20.8101533214335
-41.58405456338513,-49.26255192362254,-20.810153321444666
-41.19963830720943,-49.42969515190106,-20.81015332149633
-40.784525425070974,-49.58412340506681,-20.81015332160643
-40.33952185974652,-49.72480212328917,-20.810153321793987
-39.86547989492845,-49.85064562710609,-20.81015332207809
-39.363296313559346,-49.96051986418029,-20.810153322476577
-38.83391030343863,-50.05324571347376,-20.810153323004688
-38.278301135571674,-50.127602826840246,-20.81015332367361
-37.69748564978034,-50.182333972095414,-20.810153324489157
-37.092515589763664,-50.21614982710879,-20.810153325450568
-36.464474835623506,-50.22773416208808,-20.810153326549575
-35.81447658548694,-50.21574933758072,-20.810153327769868
-35.14366053903111,-50.17884203921698,-20.81015332908691
-34.453190134360874,-50.11564916707834,-20.81015333046816
-33.7442498858722,-50.0248037977957,-20.810153331873824
-33.0180428646632,-49.904941140867436,-20.81015333325782
-32.27578835506073,-49.75470441686318,-20.810153334569232
-31.51871971133106,-49.57275059364314,-20.81015333575388
-30.74808242810717,-49.357755926891194,-20.810153336756144
-29.96513242697433,-49.10842126252262,-20.81015333752078
-29.171134550467503,-48.82347707030159,-20.81015333799485
-28.36736124385496,-48.50168818977031,-20.810153338129517
-27.555091394842197,-48.14185828093587,-20.810153337881776
-26.73560929197514,-47.742833982784795,-20.810153337216057
-25.910203654204498,-47.303508792428026,-20.810153336105742
-25.08016667686311,-46.822826686474336,-20.810153334534462
-24.246793033195527,-46.29978551415174,-20.81015333249732
-23.411378765492632,-45.733440198899395,-20.810153330002017
-22.575219995705854,-45.12290579186231,-20.810153327069777
-21.739611381998465,-44.46736042720415,-20.8101533237362
-20.905844244879056,-43.766048235694534,-20.810153320051974
-20.07520428420542,-43.01828227989818,-20.810153316083387
-19.24896880632467,-42.22344758172799,-20.810153311912615
-18.428403378854185,-41.38100432128433,-20.810153307637712
-17.61475782910732,-40.490491294847224,-20.810153303372182
-16.80926150102602,-39.551529729529385,-20.81015329924403
-16.013117684932563,-38.56382756215857,-20.810153295394073
-15.227497134861677,-37.52718429990796,-20.81015329197339
-14.45353059031285,-36.44149658918856,-20.81015328913966
-13.692300223880656,-35.30676462611585,-20.810153287052135
-12.944829944625589,-34.12309954474114,-20.810153285865123
-12.212074500880194,-32.89073191591155,-20.81015328571973
-11.49490734751781,-31.61002147717662,-20.81015328673391
-10.794107274049942,-30.281468189034623,-20.810153288990982
-10.110343834135007,-28.905724670866597,-20.810153292527122
-9.44416167723825,-27.48361000662685,-20.810153297318777
-8.79596396219438,-26.016124821276517,-20.810153303271605
-8.165995132505612,-24.50446741034497,-20.81015331021295
-7.5543234550624225,-22.950050554975363,-20.810153317890634
-6.960823865717183,-21.354518474691137,-20.810153325980806
-6.385161821020536,-19.719763166217195,-20.810153334107326
-5.826779014529187,-18.047939162084077,-20.810153341873843
-5.284881961354067,-16.341475538715727,-20.810153348907058
-4.758434562691702,-14.603083840115426,-20.810153354906618
-4.24615580462566,-12.835760497075578,-20.810153359692848
-3.7465236924518277,-11.042782352959016,-20.81015336324118
-3.2577863469351995,-9.227694091277494,-20.810153365691185
-2.777980877108887,-7.394286719532152,-20.81015336732196
-2.3049601991153814,-5.546566796112784,-20.81015336849302
-1.8364274203636264,-3.688716758653647,-20.810153369560112
-1.3699768069244884,-1.825047455455955,-20.81015337078489
-0.9031397740253001,0.04005529836990948,-20.810153372262334
-0.4334338673229487,1.902187727589908,-20.810153373887083
0.04158758976142831,3.756985887687663,-20.81015337536931
0.524287571747868,5.600181381855826,-20.810153376296615
1.0169013645911822,7.4276523674155515,-20.81015337622479
1.5214983480738329,9.23546769849497,-20.810153374773414
2.0399508475418906,11.019922716942071,-20.810153371703073
2.573910757869943,12.777565946804238,-20.810153366958843
3.124794058550785,14.505216666221079,-20.810153360675667
3.69377283408457,16.1999739411301,-20.810153353150874
4.281774030274345,17.859218156164356,-20.81015334479536
4.889483930647183,19.4806063517109,-20.81015333607653
5.517357221900076,21.0620627830289,-20.810153327464214
6.165629511760391,22.60176608743853,-20.81015331938691
6.834332238249281,24.09813431763169,-20.810153312201894
7.52330903642244,25.549808912250878,-20.810153306179124
8.232232781141196,26.955638462862474,-20.810153301496918
8.960622682002228,28.31466292506732,-20.810153298246426
9.707860955255779,29.626098727933897,-20.81015329644176
10.473208729112736,30.88932506981347,-20.810153296033086
11.255820949560619,32.10387155359325,-20.810153296920568
12.054760143181362,33.26940721014467,-20.810153298967847
12.869008963026182,34.38573088219862,-20.81015330201417
13.697481495975833,35.45276288794122,-20.81015330588479
14.539033348221956,36.47053784970827,-20.810153310399496
15.392470552532505,37.4391985538846,-20.810153315379498
16.256557359503923,38.3589906995999,-20.8101533206527
17.13002298733579,39.230258392798454,-20.810153326057637
18.011567412627024,40.053440246139566,-20.810153331446475
18.899866289700228,40.82906595196521,-20.810153336686987
19.793575089047767,41.55775320379463,-20.810153341663998
20.69133254737413,42.240204850478236,-20.810153346280213
21.59176352283048,42.8772061756475,-20.81015335045672
22.493481349631008,43.46962220312929,-20.81015335413312
23.395089786366025,44.01839493649202,-20.810153357267424
24.2951846519092,44.524540447993644,-20.810153359835674
25.19235524168253,44.989145739188146,-20.810153361831333
26.0851856149488,45.413365302699255,-20.810153363264426
26.972255840466758,45.798417322625056,-20.81015336416035
27.85214328298131,46.14557946014,-20.81015336455837
28.723424006368713,46.456184181518616,-20.81015336450981
29.584674360617257,46.73161359833228,-20.810153364075777
30.434472809095556,46.97329380414238,-20.810153363324698
31.27140203977412,47.18268870861814,-20.81015336232944
32.09405138940775,47.361293388410566,-20.810153361164307
32.90101959351935,47.510626993838706,-20.810153359901978
33.69091785788742,47.632225270770746,-20.810153358610528
34.46237322982888,47.72763277707634,-20.81015335735074
35.214032230707595,47.79839489159307,-20.810153356173835
35.944564695679034,47.84604972951729,-20.81015335511989
36.65266775359026,47.872120090347856,-20.810153354216894
37.337069869999894,47.87810557196768,-20.81015335348061
37.99653487010928,47.865474986374146,-20.81015335291522
38.62986585642098,47.83565920853546,-20.8101533525146
39.235908938301506,47.7900445798229,-20.810153352264177
39.81355669716237,47.7299669718396,-20.810153352143097
40.36175132123914,47.65670659601833,-20.810153352126562
40.879487357247335,47.57148362021233,-20.81015335218814
41.36581404165038,47.47545462700195,-20.81015335230179
41.81983719091205,47.369709921044866,-20.8101533524436
42.24072064693432,47.25527166595375,-20.810153352593066
42.62768728997966,47.13309280620862,-20.810153352733902
42.98001964595728,47.00405670759378,-20.810153352854428
43.297060127409,46.86897743140549,-20.810153352947577
43.57821095745745,46.72860054370861,-20.810153353010552
43.82293383317656,46.583604351431795,-20.810153353044306
44.030749389293675,46.43460145201403,-20.81015335305284
44.20123652496911,46.282140482369336,-20.8101533530425
44.33403165586809,46.126707955682164,-20.810153353021168
44.428827951158134,45.96873008045556,-20.810153352997602
44.48537461077986,45.808574464746606,-20.810153352980816
44.50347623269398,45.64655161909142,-20.810153352979498
44.482992313121706,45.48291618375312,-20.810153353001613
44.423836915341376,45.31786781919959,-20.81015335305401
44.325978534604445,45.151551712799744,-20.81015335314218
44.18944017835773,44.98405866936593,-20.81015335327007
44.01429967232782,44.8154247681883,-20.81015335343998
43.8006901942258,44.64563058448181,-20.810153353652492
43.548801027926714,44.47459998860885,-20.81015335390656
43.25887852202836,44.302198551968374,-20.81015335419959
42.93122722776284,44.12823160395326,-20.810153354527657
42.56621118241718,43.9524419997246,-20.81015335488579
42.16425529585254,43.774507673516005,-20.810153355268387
41.7258467895832,43.5940390664577,-20.81015335566967
41.25153663043845,43.410576531091515,-20.810153356084285
40.74194089439352,43.22358782632682,-20.810153356507904
40.197741991086126,43.03246582596195,-20.810153356937864
39.61968967623741,42.836526570400075,-20.810153357373775
39.00860177808544,42.63500779412702,-20.81015335781794
38.365364565406665,42.427068060226816,-20.81015335827562
37.69093268906899,42.211786627118165,-20.810153358754956
36.98632863653472,41.98816416140535,-20.81015335926651
36.252641649351894,41.75512439410082,-20.81015335982237
35.49102606727287,41.51151679566112,-20.810153360434782
34.70269907881875,41.25612031881159,-20.810153361114356
33.888937876224055,40.98764822792744,-20.810153361868046
33.051076231886405,40.70475400105678,-20.810153362696855
32.190500532669226,40.40603825707643,-20.810153363593738
31.308645326521116,40.090056627717544,-20.810153364541716
30.406988451731703,39.755328464094845,-20.81015336551266
29.487045831683375,39.400346241632505,-20.810153366466782
28.550366026317036,39.023585507365105,-20.810153367353053
27.59852463512473,38.623515200585025,-20.810153368110694
26.633118645063647,38.198608172316916,-20.81015336867153
25.655760810465004,37.747351731212746,-20.810153368963284
24.66807414123982,37.268258052761944,-20.81015336891343
23.67168656120486,36.75987430433834,-20.81015336845343
22.66822578112246,36.220792359361155,-20.810153367523068
21.65931441214348,35.649657998323285,-20.810153366074548
20.646565325862454,35.045179521157635,-20.81015336407615
19.63157724817189,34.406135722946985,-20.810153361515233
18.61593055643993,33.73138321206837,-20.810153358400406
17.601183233951602,33.019863075458844,-20.810153354762868
16.58886692257045,32.270606919018206,-20.810153350656794
15.580483004519282,31.482742331705555,-20.810153346158916
14.577498637199572,30.655497839351753,-20.810153341367126
13.581342661090435,29.788207428486395,-20.810153336398464
12.593401299925418,28.880314731565093,-20.810153331386225
11.615013574441688,27.931376972919995,-20.810153326476453
10.647466355949721,26.941068779550964,-20.81015332182383
9.69198899376302,25.909185962438077,-20.810153317586852
8.749747461235552,24.835649372148627,-20.810153313922545
7.82183797898436,23.720508926702436,-20.8101533109805
6.909280091168052,22.563947899305795,-20.81015330889656
6.013009191922885,21.366287537814465,-20.81015330778608
5.133868524802871,20.127992065614016,-20.810153307737046
4.272600708946738,18.849674083887486,-20.810153308803333
3.429838882263697,17.532100356880466,-20.81015331099858
2.6060975945514397,16.176197913896853,-20.810153314291163
1.801763632096878,14.783060343968316,-20.810153318601117
1.0170870092857374,13.353954091850206,-20.81015332379964
0.252172420464968,11.890324488813311,-20.81015332971205
-0.49302849603749654,10.39380117182627,-20.810153336124806
-1.2187236744654046,8.86620246530304,-20.810153342796863
-1.9252854652019338,7.309538227905084,-20.810153349475044
-2.613253321799259,5.726010612263902,-20.810153355912433
-3.2833338424075573,4.118012158770901,-20.810153361887895
-3.9363977038434745,2.4881206570682126,-20.81015336722416
-4.573473093828698,0.8390902706792882,-20.810153371801547
-5.195735358630628,-0.8261614618352051,-20.810153375564525
-5.804492739418061,-2.5045709604595485,-20.810153378519527
-6.401168265200904,-4.192950256793447,-20.81015338072364
-6.987278090793983,-5.888012688451306,-20.810153382266154
-7.5644067962826576,-7.586402080139816,-20.81015338324654
-8.134180377182513,-9.284724595276964,-20.810153383753416
-8.698237827952395,-10.979582225929903,-20.810153383849162
-9.258202334546878,-12.667606745376828,-20.81015338356318
-9.81565312961699,-14.345492895816985,-20.81015338289479
-10.372099021459313,-16.010029630912616,-20.810153381824215
-10.928954489961447,-17.658128372909918,-20.81015338032833
-11.487519064154219,-19.28684745890824,-20.810153378396834
-12.048960477862844,-20.89341221367211,-20.810153376045168
-12.614301866610862,-22.475230366734266,-20.810153373321562
-13.184413043651691,-24.02990280029631,-20.810153370307297
-13.760005694854573,-25.55522984796273,-20.81015336711107
-14.341632174047199,-27.04921354699031,-20.810153363859097
-14.929687468464147,-28.510056371483987,-20.81015336068335
-15.52441383821201,-29.9361570415482,-20.810153357709957
-16.12590760950547,-31.326104020373467,-20.810153355049444
-16.734127611294525,-32.6786672877084,-20.810153352789715
-17.348904779982696,-33.99278892562003,-20.810153350992177
-17.96995250852191,-35.26757298201733,-20.81015334969063
-18.596877376567186,-36.50227499875784,-20.810153348892655
-19.22918996139231,-37.6962915118685,-20.810153348582592
-19.866315490354772,-38.84914975689111,-20.81015334872569
-20.50760415184377,-39.96049774600227,-20.81015334927263
-21.152340931139186,-41.030094827077825,-20.8101533501641
-21.799754879749596,-42.05780278873261,-20.81015335133508
-22.449027761599528,-43.043577539151734,-20.81015335271852
-23.099302047381222,-43.98746135928542,-20.810153354248477
-23.749688250215296,-44.889575711474,-20.810153355862553
-24.39927161233387,-45.75011457148595,-20.81015335750369
-25.04711816467185,-46.56933824401222,-20.810153359121436
-25.692280189838662,-47.34756761770439,-20.810153360672654
-26.333801124663495,-48.085178814865145,-20.81015336212187
-26.97071994198159,-48.78259819205773,-20.81015336344125
-27.602075053069477,-49.440297650516385,-20.81015336461028
-28.22690777256223,-50.05879021877929,-20.810153365615367
-28.84426538712665,-50.6386258740231,-20.810153366449157
-29.453203867881918,-51.180387572851835,-20.81015336710986
-30.052790264754382,-51.68468746656899,-20.81015336760048
-30.64210481878051,-52.15216328009073,-20.810153367928077
-31.220242825949494,-52.58347483754435,-20.810153368102963
-31.786316283594743,-52.97930072118039,-20.810153368137975
-32.339455347672065,-53.34033505347815,-20.81015336804781
-32.87880962655579,-53.66728439522938,-20.810153367848365
-33.403549334288684,-53.96086475494256,-20.810153367556186
-33.91286632357244,-54.221798707127554,-20.810153367187915
-34.405975016217205,-54.45081261890617,-20.810153366759906
-34.882113246307334,-54.64863398596057,-20.810153366287853
-35.34054302901286,-54.81598888008992,-20.810153365786455
-35.78055126580453,-54.95359951160725,-20.810153365269226
-36.201450394833564,-55.06218191048519,-20.810153364748317
-36.602578993433866,-55.14244373056162,-20.810153364234417
-36.98330233810557,-55.19508218125789,-20.81015336373668
-37.34301292595514,-55.22078209115646,-20.81015336326277
-37.68113096040288,-55.220214107449756,-20.810153362818827
-37.99710480302245,-55.19403303472633,-20.81015336240961
-38.290411392646156,-55.14287631582949,-20.81015336203856
-38.56055663234028,-55.06736265663342,-20.81015336170792
-38.80707574451553,-54.96809079556486,-20.810153361418887
-39.0295335942657,-54.84563841758833,-20.81015336117175
-39.22752498100229,-54.700561211206654,-20.810153360966037
-39.40067489854597,-54.533392065844765,-20.810153360800637
-39.54863876402065,-54.34464040582225,-20.810153360673972
-39.67110261614216,-54.13479165601609,-20.81015336058411
-39.76778328377319,-53.90430683330711,-20.810153360528858
-39.83842852590003,-53.653622257021986,-20.810153360505893
-39.88281714444977,-53.38314937085866,-20.810153360512814
-39.90075907158562,-53.09327466823684,-20.810153360547243
-39.89209543327261,-52.78435971266663,-20.810153360606847
-39.85669859098165,-52.45674124458688,-20.8101533606894
-39.794472163384455,-52.110731366195914,-20.81015336079278
-39.70535102977853,-51.74661779607864,-20.810153360915006
-39.58930131676785,-51.364664185918585,-20.81015336105424
-39.44632036941215,-50.96511049225666,-20.81015336120876
-39.2764367076511,-50.548173397102914,-20.81015336137696
-39.079709968318475,-50.11404677219987,-20.81015336155733
-38.85623083249608,-49.66290218285001,-20.810153361748444
-38.60612093733275,-49.19488942842627,-20.8101533619489
-38.32953277078538,-48.71013711795193,-20.81015336215732
-38.02664954704451,-48.20875328043275,-20.810153362372326
-37.69768505970347,-47.690826010915984,-20.810153362592487
-37.34288350903765,-47.15642415450544,-20.810153362816294
-36.96251929909635,-46.60559803174683,-20.81015336304216
-36.55689679969227,-46.03838020988173,-20.81015336326837
-36.12635006782135,-45.45478632542282,-20.810153363493047
-35.67124252257338,-44.854815964300556,-20.810153363714175
-35.19196656721766,-44.23845360644764,-20.810153363929544
-34.68894315188087,-43.60566964210238,-20.81015336413677
-34.162621270088074,-42.95642146730678,-20.810153364333274
-33.61347738242155,-42.29065466603833,-20.81015336451629
-33.04201476067359,-41.60830428613544,-20.810153364682897
-32.448762746133426,-40.90929621565301,-20.810153364829997
-31.834275916057283,-40.193548665515436,-20.810153364954406
-31.199133152924478,-39.460973763327864,-20.810153365052848
-30.543936611779458,-38.711479261970666,-20.810153365122048
-29.869310581794174,-37.944970365155605,-20.810153365158754
-29.175900239151307,-37.161351670483114,-20.810153365159895
-28.46437028943717,-36.360529228734705,-20.810153365122574
-27.735403498933344,-35.54241271619008,-20.810153365044236
-26.989699115496485,-34.70691771470693,-20.810153364922773
-26.22797118110306,-33.85396809217546,-20.810153364756594
-25.450946739596738,-32.9834984737942,-20.810153364544785
-24.659363944696175,-32.095456792444054,-20.810153364287192
-23.85397007488638,-31.189806904296564,-20.810153363984508
-23.03551946341221,-30.26653125371587,-20.81015336363841
-22.20477135320443,-29.325633569529483,-20.81015336325156
-21.36248768818156,-28.367141572882428,-20.810153362827684
-20.509430853969874,-27.39110967517607,-20.81015336237155
-19.646361382652977,-26.39762164305129,-20.81015336188898
-18.77403563768461,-25.386793206025562,-20.81015336138671
-17.893203496554,-24.358774581253275,-20.81015336087235
-17.004606050160888,-23.313752888965805,-20.81015336035415
-16.108973339111863,-22.25195443147815,-20.810153359840896
-15.207022148262794,-21.173646808240413,-20.810153359341587
-14.299453881770281,-20.079140839282488,-20.81015335886523
-13.386952541641618,-18.968792269570315,-20.810153358420553
-12.470182833246353,-17.843003227284996,-20.810153358015707
-11.549788421428318,-16.702223409878226,-20.81015335765799
-10.62639036068825,-15.546950972977818,-20.810153357353578
-9.700585722346212,-14.37773309884583,-20.810153357107293
-8.772946440593923,-13.19516622315927,-20.81015335692242
-7.844018397868631,-11.999895901417794,-20.810153356800562
-6.914320767988207,-10.792616299306506,-20.81015335674158
-5.984345632959463,-9.57406929486897,-20.810153356743605
-5.054557886300553,-8.345043184377113,-20.810153356803085
-4.125395432114457,-7.106370988305061,-20.81015335691496
-3.197269685046358,-5.858928358787992,-20.810153357072856
-2.2705663717091964,-4.60363109531588,-20.810153357269375
-1.3456466292498177,-3.3414322810919685,-20.810153357496386
-0.4228483915585589,-2.073319058367971,-20.810153357745403
0.49751195167359663,-0.8003090670192035,-20.810153358007895
1.4151376431265208,0.47655342351067326,-20.810153358275667
2.3297494184277605,1.7562016531531874,-20.810153358541175
3.2410831690636477,3.0375507401239785,-20.810153358797827
4.148887441790695,4.319502234302444,-20.810153359040207
5.052920812277998,5.600948805792275,-20.810153359264234
5.952949173465531,6.880779016502501,-20.8101533594673
6.8487429809557225,8.157882120762078,-20.81015335964827
7.740074498589511,9.431152840281186,-20.810153359807472
8.6267150871551,10.699496059239483,-20.81015335994653
9.508432577941681,11.961831386910468,-20.810153360068284
10.384988770627087,13.217097537970451,-20.81015336017649
11.25613709186246,14.46425648439617,-20.81015336027563
12.121620447008013,15.702297337494485,-20.810153360370606
12.981169292928277,16.93023992396831,-20.810153360466472
13.834499954738614,18.147138025821857,-20.81015336056815
14.681313204082912,19.352082260151278,-20.810153360680204
15.521293111091511,20.544202581258645,-20.81015336080658
16.35410617678745,21.72267039388263,-20.810153360950448
17.17940074753165,22.886700272487907,-20.81015336111406
17.99680670825649,24.035551287351485,-20.810153361298674
18.805935446840955,25.168527943508128,-20.81015336150449
19.606380078109535,26.284980743379194,-20.810153361730716
20.39771591264615,27.384306388048838,-20.810153361975566
21.17950115293046,28.465947635636724,-20.810153362236413
21.951277797231405,29.529392838039616,-20.810153362509883
22.712572730214298,30.574175179490833,-20.810153362792043
23.462898978300313,31.599871641948404,-20.810153363078527
24.201757107413556,32.60610172331533,-20.810153363364748
24.92863674080581,33.59252593497331,-20.81015336364604
25.64301817510173,34.55884410513462,-20.810153363917838
26.344374073494333,35.504793514146684,-20.810153364175815
27.032171216079828,36.43014688718299,-20.810153364416003
27.705872288592186,37.33471026877956,-20.810153364634907
28.364937692225322,38.21832080248452,-20.810153364829574
29.00882735876444,39.08084443752879,-20.810153364997646
29.637002556842567,39.92217358294359,-20.81015336513739
30.248927676755475,40.74222472798559,-20.810153365247697
30.844071982874816,41.54093604611722,-20.810153365328095
31.421911324268795,42.31826499815878,-20.81015336537869
31.981929795649506,43.07418594860593,-20.81015336540011
32.52362134219954,43.80868780751379,-20.8101533653935
33.04649130317373,44.521771708806654,-20.810153365360406
33.55005789041606,45.213448734395925,-20.810153365302753
34.03385359906903,45.8837376920938,-20.81015336522273
34.49742654878005,46.53266295400763,-20.8101533651228
34.94034175462351,47.16025236090073,-20.810153365005544
35.36218232775856,47.76653519691825,-20.81015336487368
35.76255060653111,48.35154023810796,-20.810153364729977
36.14106921930798,48.915293877321716,-20.810153364577218
36.497382080802986,49.457818327366425,-20.810153364418163
36.83115532402434,49.97912990368631,-20.810153364255513
37.14207817024497,50.479237387400104,-20.81015336409191
37.4298637395775,50.95814046918675,-20.8101533639299
37.69424980483017,51.41582827430586,-20.81015336377194
37.93499949133719,51.852277968950126,-20.810153363620365
38.15190192540225,52.267453448147464,-20.810153363477436
38.34477283387827,52.66130410555083,-20.8101533633453
38.513455097235635,53.03376368566342,-20.81015336322603
38.657819258256716,53.384749219330985,-20.8101533631216
38.77776398824321,53.71416004367923,-20.810153363033933
38.873216512345735,54.02187690806484,-20.810153362964872
38.9441329953295,54.30776116802904,-20.810153362916203
38.990498888785346,54.57165406967451,-20.810153362889658
39.01232924048941,54.813376127313944,-20.810153362886894
39.009668966313896,55.03272659764458,-20.810153362909507
38.982593084802446,55.22948305407198,-20.810153362958992
38.93120691424989,55.40340106512411,-20.810153363036733
38.85564623187223,55.554213981150546,-20.81015336314397
38.75607739441773,55.681632833680425,-20.810153363281742
38.6326974193553,55.78534635190974,-20.810153363450866
38.48573402557786,55.86502110079715,-20.810153363651835
38.31544563237168,55.92030174516718,-20.810153363884783
38.12212131522166,55.95081144405,-20.810153364149404
37.90608071683756,55.95615237923455,-20.810153364444844
37.66767391158763,55.935906421682404,-20.81015336476967
37.40728122130224,55.8896359390561,-20.810153365121725
37.12531298014766,55.81688474717122,-20.81015336549809
36.822209245955726,55.7171792077029,-20.810153365895
36.49843945501565,55.590029473983726,-20.81015336630777
36.1545020168749,55.434930886243016,-20.810153366730773
35.79092384514529,55.25136551717764,-20.81015336715739
35.40825981965609,55.03880386833786,-20.810153367580032
35.007092174528985,54.79670671747896,-20.81015336799017
34.58802980586157,54.524527116796975,-20.810153368378423
34.15170749169384,54.2217125418559,-20.810153368734642
33.69878501579323,53.88770719104788,-20.81015336904813
33.22994618553019,53.521954435627016,-20.810153369307812
32.745897732736694,53.1238994207406,-20.810153369502515
32.24736808495219,52.69299181846495,-20.810153369621315
31.735105992885085,52.22868873464896,-20.810153369653886
31.209878998272618,51.730457772385094,-20.81015336959094
30.672471724638783,51.19778025616659,-20.810153369424693
30.123683971764827,50.63015462224607,-20.810153369149393
29.564328593048064,50.027099982366614,-20.810153368761824
28.99522913338937,49.38815986986394,-20.81015336826183
28.417217203891724,48.712906179088144,-20.810153367652894
27.831129568560748,48.000943311096854,-20.810153366942558
27.237804917484073,47.251912540529204,-20.81015336614287
26.638080300765512,46.465496620348084,-20.810153365270697
26.032787197967586,45.64142464255926,-20.810153364347872
25.422747199171187,44.77947717385192,-20.810153363401163
24.808767276232622,43.87949168506787,-20.81015336246207
24.191634626684888,42.94136829214193,-20.810153361566254
23.572111078314716,41.96507582324052,-20.810153360752707
22.95092705011036,40.950658221762566,-20.810153360062603
22.328775075409972,39.898241287102366,-20.810153359537754
21.706302906091153,38.80803974400546,-20.81015335921878
21.08410623291774,37.680364616367136,-20.81015335914296
20.46272107702936,36.51563086186134,-20.810153359341925
19.84261593123041,35.31436519939896,-20.810153359839312
19.224183757215147,34.07721403187456,-20.810153360648528
18.607733975860203,32.80495133209843,-20.810153361770922
17.99348462151874,31.498486320859502,-20.81015336319458
17.381554866623098,30.15887072401955,-20.810153364893967
16.771958157973373,28.787305352510185,-20.810153366830704
16.164596238284663,27.385145708114,-20.81015336895539
15.559254352618732,25.953906282915156,-20.81015337121057
14.955597955388535,24.49526319606538,-20.810153373534476
14.353171235521332,23.011054803300215,-20.810153375864985
13.751397761014418,21.50327992771872,-20.810153378143312
13.149583506093528,19.97409339924255,-20.810153380316592
12.546922462406508,18.425798657832022,-20.81015338233879
11.942504950110315,16.860837272391425,-20.810153384169713
11.335328637908365,15.281775350515366,-20.81015338577216
10.724312158551648,13.69128695731226,-20.81015338710791
10.108311076301451,12.092134814449333,-20.810153388133706
9.486135835785692,10.487148700503461,-20.81015338879844
8.85657120900451,8.879202106559864,-20.810153389042856
8.218396669924902,7.271187803233316,-20.810153388802483
7.570407073061355,5.665993035946673,-20.81015338801386
6.911432999146557,4.06647507778786,-20.8101533866233
6.2403601586245285,2.4754378324170885,-20.810153384596767
5.556147308945412,0.8956100977725492,-20.81015338192908
4.85784223729901,-0.6703740159531135,-20.810153378650785
4.144595476551745,-2.2199921607737836,-20.8101533748313
3.4156715475877286,-3.7508481135857688,-20.810153370577908
2.6704576451592454,-5.260683367382746,-20.810153366030505
1.9084697974940112,-6.747386020174368,-20.810153361353137
1.1293566255110934,-8.208997135987333,-20.810153356723298
0.3329009015876844,-9.643714829634082,-20.810153352320405
-0.4809808408981279,-11.0498963754755,-20.810153348314774
-1.3122403666053792,-12.426058662111572,-20.810153344857937
-2.16070117510326,-13.770877313676367,-20.810153342075118
-3.0260630305553633,-15.083184779116385,-20.81015334006004
-3.9079073169003777,-16.361967658703954,-20.81015333887224
-4.805702977188081,-17.606363496990227,-20.810153338536526
-5.718812826667717,-18.815657227670094,-20.810153339044383
-6.646500062413866,-19.989277411788876,-20.810153340356862
-7.587934825628928,-21.1267923688528,-20.81015334240854
-8.54220070479204,-22.227906262377292,-20.810153345112276
-9.508301097550738,-23.29245516820082,-20.810153348364267
-10.485165376094438,-24.32040312595832,-20.810153352049348
-11.471654824419188,-25.31183815152617,-20.810153356046115
-12.466568336296048,-26.26696817085989,-20.810153360231887
-13.46864787990737,-27.18611682315934,-20.81015336448725
-14.476583749085659,-28.069719073379204,-20.810153368700096
-15.489019631960133,-28.918316570425677,-20.81015337276914
-16.504557535660506,-29.732552687644336,-20.810153376606728
-17.52176261060649,-30.51316718614572,-20.81015338014101
-18.539167919880917,-31.260990448893676,-20.810153383317235
-19.55527919831263,-31.976937244051527,-20.810153386098424
-20.568579642286902,-32.6619999895624,-20.810153388465075
-21.57753476512269,-33.31724150697908,-20.81015339041427
-22.580597344359393,-33.94378727069706,-20.810153391957993
-23.576212476837604,-34.54281717839744,-20.810153393120913
-24.56282274550692,-35.11555688894952,-20.8101533939377
-25.53887348902841,-35.66326879440414,-20.810153394450097
-26.502818152128658,-36.187242712074,-20.81015339470389
-27.453123682037265,-36.68878640003923,-20.810153394746052
-28.38827592494411,-37.169216013739884,-20.810153394622134
-29.306784966954837,-37.62984663171551,-20.810153394374154
-30.20719035711502,-38.071982984282734,-20.810153394039034
-31.088066146182147,-38.496910519505064,-20.81015339364761
-31.94802567422617,-38.90588693599412,-20.810153393224326
-32.78572604289391,-39.30013430200654,-20.81015339278736
-33.5998722141179,-39.6808318654082,-20.810153392349278
-34.389220685813704,-40.04910964010624,-20.81015339191794
-35.15258270614635,-40.40604283247937,-20.810153391497565
-35.88882700058374,-40.75264714730549,-20.810153391089884
-36.596881999455995,-41.08987498790131,-20.81015339069515
-37.27573756735985,-41.41861254083737,-20.81015339031302
-37.92444624879512,-41.73967771275129,-20.810153389943242
-38.54212405629843,-42.053818866361475,-20.81015338958609
-39.127950837580535,-42.36171428547081,-20.810153389242583
-39.681170266456164,-42.66397228499961,-20.81015338891453
-40.20108950850198,-42.96113187211651,-20.810153388604437
-40.68707861634993,-43.253663858350066,-20.81015338831527
-41.13856971139305,-43.54197231998741,-20.81015338805022
-41.555056008612304,-43.82639630479212,-20.810153387812377
-41.936090739447714,-44.10721168670024,-20.810153387604494
-42.28128602439228,-44.38463307623726,-20.8101533874287
-42.590311742546184,-44.65881570248399,-20.810153387286306
-42.86289443998937,-44.929857192071935,-20.81015338717769
-43.09881631274467,-45.19779918151382,-20.810153387102158
-43.297914293516506,-45.46262871083158,-20.810153387057934
-43.46007926447323,-45.724279358644445,-20.810153387042153
-43.58525541123667,-45.98263209138978,-20.81015338705099
-43.67343972606963,-46.23751581197598,-20.81015338707971
-43.72468166111103,-46.488707605748985,-20.810153387122902
-43.73908292549512,-46.73593269404465,-20.810153387174736
-43.71679741340161,-46.978864117652236,-20.810153387229192
-43.65803124362416,-47.21712218406883,-20.810153387280494
-43.56304288524234,-47.450273723292916,-20.81015338732347
-43.432143338581255,-47.67783120686664,-20.810153387354017
-43.26569633601628,-47.899251793669244,-20.810153387369585
-43.06411852351541,-48.113936373295225,-20.810153387369652
-42.827879581312345,-48.32122868340005,-20.810153387356173
-42.5575022409708,-48.520414580835514,-20.810153387333955
-42.25356215651906,-48.71072154741703,-20.81015338731094
-41.91668758945147,-48.891318509500515,-20.810153387298275
-41.547558871297795,-49.06131604601328,-20.81015338731019
-41.146907613158,-49.21976705211012,-20.81015338736366
-40.71551563899671,-49.365667915283865,-20.810153387477705
-40.254213628380484,-49.497960247785805,-20.810153387672532
-39.763879464401256,-49.615533204015684,-20.810153387968292
-39.24543629332765,-49.71722639470177,-20.81015338838375
-38.699850313541596,-49.80183339193101,-20.810153388934754
-38.12812832196905,-49.86810580123307,-20.8101533896327
-37.53131505590024,-49.91475785984354,-20.81015339048309
-36.91049037624248,-49.94047150482876,-20.81015339148429
-36.26676634435544,-49.94390184171952,-20.810153392626574
-35.601284248297546,-49.92368293430402,-20.81015339389158
-34.91521163532301,-49.87843382970257,-20.8101533952522
-34.20973940573591,-49.80676472999821,-20.81015339667294
-33.486079018825635,-49.70728322249837,-20.81015339811074
-32.745459854824645,-49.5786004849085,-20.81015339951619
-31.989126768023926,-49.41933738887012,-20.810153400835073
-31.218337855824164,-49.228130434882814,-20.810153402010187
-30.43436245711115,-49.00363746293666,-20.810153402983264
-29.638479381450892,-48.74454309555627,-20.81015340369703
-28.831975358698,-48.44956388276268,-20.810153404097147
-28.016143687133013,-48.11745313113892,-20.810153404134173
-27.192283047537313,-47.74700541130005,-20.81015340376534
-26.361696440926885,-47.33706074931307,-20.810153402956207
-25.52569019914872,-46.88650851782165,-20.810153401682136
-24.685573010250984,-46.394291051774495,-20.810153399929618
-23.84265489444435,-45.85940702182037,-20.81015339769749
-22.99824606148474,-45.28091460580273,-20.81015339499795
-22.153655576288585,-44.657934505611884,-20.810153391857448
-21.310189756374285,-43.98965286322929,-20.810153388317485
-20.469150222134555,-43.275324136429866,-20.810153384435196
-19.631831518823258,-42.514274001582265,-20.810153380283772
-18.799518227360196,-41.70590235854198,-20.810153375952616
-17.97348147954644,-40.84968652092585,-20.810153371547162
-17.154974792051117,-39.9451846841275,-20.81015336718825
-16.345229132697906,-38.9920397731627,-20.81015336301094
-15.545447132412448,-37.98998378249039,-20.81015335916252
-14.75679635714729,-36.9388427297371,-20.810153355799617
-13.980401556875774,-35.83854235381794,-20.810153353084054
-13.217335814336574,-34.689114693926676,-20.810153351177384
-12.468610525969916,-33.49070568738539,-20.810153350233747
-11.735164163179872,-32.24358391893327,-20.810153350391055
-11.017849785892665,-30.948150638578,-20.810153351760412
-10.317421314997855,-29.60495113587061,-20.81015335441412
-9.634518618635651,-28.21468751107671,-20.81015335837285
-8.969651532532763,-26.778232813595235,-20.810153363593123
-8.323183019526502,-25.29664642070415,-20.810153369956787
-7.6953117799969535,-23.771190401875522,-20.810153377264854
-7.086054753309326,-22.203346454254262,-20.810153385238458
-6.495230097772574,-20.594832805903874,-20.81015339352983
-5.9224413959979225,-18.94762027307478,-20.810153401745453
-5.367063991304191,-17.263946441335325,-20.810153409482094
-4.828234500009504,-15.546326741759012,-20.810153416373364
-4.304844638915515,-13.797561044849857,-20.810153422141035
-3.7955405274734706,-12.020734335251534,-20.810153426641385
-3.29872853999808,-10.219210099652678,-20.81015342989461
-2.8125885705299543,-8.396615292189345,-20.8101534320856
-2.3350952205733595,-6.556816152837209,-20.810153433529273
-1.8640469378907716,-4.70388473472968,-20.81015343460225
-1.3971025585538785,-2.842056702404959,-20.810153435653174
-0.9318240956555561,-0.9756817176325632,-20.81015343691317
-0.4657240555719894,0.8908315683471119,-20.81015343843061
0.0036848705562832424,2.753073354433987,-20.810153440049632
0.47884012712514773,4.606690505221806,-20.810153441439603
0.9620820100973086,6.44744149178324,-20.81015344216769
1.4556109225801697,8.271245910571755,-20.810153441794544
1.9614508768449594,10.074226582993541,-20.810153439968047
2.481420385855646,11.852742943486735,-20.810153436493245
3.0171112797009147,13.60341517789044,-20.810153431365734
3.5698754093905385,15.323139276093077,-20.81015342476725
4.1408187225852675,17.00909373751755,-20.810153417030698
4.730801847815165,18.658739072578683,-20.810153408587468
5.340446114792952,20.26981146889089,-20.81015339990985
5.970143857100387,21.840312055243764,-20.810153391459004
6.6200718652968735,23.368493133073237,-20.810153383644803
7.290206953406322,24.85284259447914,-20.81015337679984
7.980342740441605,26.292067546306463,-20.810153371166972
8.690106906258974,27.68507794345972,-20.810153366897957
9.418978338932696,29.0309708249552,-20.81015336405992
10.166303736665478,30.32901555822192,-20.810153362646723
10.9313133541463,31.57864033859328,-20.81015336259252
11.713135688582836,32.779420064094545,-20.81015336378583
12.51081098460725,33.93106560918156,-20.81015336608269
13.32330350186185,35.03341445155581,-20.81015336931831
14.149512537158094,36.086422559135215,-20.810153373316936
14.988282227760402,37.090157415087766,-20.81015337789987
15.838410186532496,38.044792043230316,-20.810153382891745
16.698655036008798,38.95059989030983,-20.81015338812541
17.567742919094016,39.80795042262334,-20.810153393445432
18.444373070779502,40.61730529965359,-20.810153398710693
19.32722253931004,41.37921499505104,-20.810153403796136
20.214950147589384,42.0943157440536,-20.810153408593912
21.106199786921692,42.76332670540875,-20.810153413014
21.9996031358421,43.38704723451655,-20.81015341698452
22.89378189698541,43.966354172598784,-20.810153420451726
23.787349644711185,44.50219906420288,-20.810153423379724
24.67891337545731,44.99560522243015,-20.810153425749995
25.56707485135455,45.44766456822657,-20.810153427560685
26.45043182526301,45.859534177271215,-20.810153428825636
27.327579231817595,46.232432475866695,-20.81015342957315
28.19711042402329,46.567635036202766,-20.810153429844437
29.057618528181816,46.86646993180914,-20.810153429691784
29.90769798128226,47.13031262622415,-20.81015342917633
30.745946304369475,47.36058038203067,-20.810153428365634
31.570966152861274,47.55872619341803,-20.81015342733091
32.381367670515274,47.72623226307427,-20.81015342614416
33.175771158109995,47.86460306302327,-20.81015342487527
33.95281005142753,47.97535803829758,-20.810153423589238
34.71113418647984,48.060024031184206,-20.810153422343657
35.44941331389086,48.12012752115792,-20.810153421186694
36.166340809774425,48.15718679042273,-20.810153420155626
36.860637518165916,48.17270413614431,-20.810153419276077
37.531055650822935,48.16815825703983,-20.810153418561963
38.176382664598805,48.14499694329954,-20.810153418016185
38.79544503498544,48.104630194470396,-20.810153417631906
39.38711184692881,48.04842387993606,-20.810153417394336
39.95029813047117,47.97769404137429,-20.81015341728285
40.48396787873063,47.89370191682262,-20.810153417273195
40.987136698524445,47.79764974280566,-20.810153417339652
41.4588740587426,47.69067736564955,-20.810153417457006
41.89830511746089,47.57385966700908,-20.81015341760213
42.30461212481206,47.44820478311896,-20.81015341775522
42.677035413945106,47.31465307358727,-20.810153417900523
43.01487400625445,47.17407677470041,-20.81015341802673
43.31748586888366,47.02728025496504,-20.810153418126944
43.584287871922236,46.87500077744372,-20.810153418198382
43.81475549952913,46.717909664536755,-20.81015341824186
44.008422373414916,46.55661375616019,-20.810153418261155
44.16487964882208,46.39165705150393,-20.810153418262274
44.28377534258765,46.223522427315736,-20.81015341825277
44.364813650352495,46.05263333144889,-20.81015341824105
44.40775430582068,45.87935535870859,-20.81015341823578
44.41241202949617,45.70399762631967,-20.810153418245378
44.37865610783146,45.526813878151,-20.810153418277554
44.30641013647356,45.348003259772604,-20.810153418338995
44.19565195349807,45.167710720171186,-20.81015341843511
44.04641378034675,44.98602701026578,-20.81015341856983
43.85878257974668,44.80298826307208,-20.810153418745493
43.632900631279895,44.61857515533718,-20.810153418962855
43.36896631655699,44.432711665606625,-20.810153419221077
43.0672350971918,44.245263458902215,-20.81015341951786
42.728020660050305,44.05603594336542,-20.81015341984965
42.35169619565806,43.864772059196916,-20.81015342021191
41.938695767337876,43.67114987476922,-20.810153420599505
41.48951572080842,43.4747800785912,-20.810153421007158
41.00471607685373,43.27520346845154,-20.810153421430005
40.48492184358364,43.071888550058056,-20.810153421864165
39.930824180100345,42.864229366233396,-20.810153422307316
39.343181340457576,42.6515436835788,-20.810153422759246
38.72281932603995,42.43307166581388,-20.81015342322223
38.070632176265434,42.20797516111474,-20.810153423701188
37.38758183211779,41.9753377241827,-20.810153424203584
36.674697514622046,41.73416548213174,-20.81015342473891
35.93307457099692,41.483388936483834,-20.810153425317754
35.16387275466439,41.22186577181214,-20.810153425950464
34.368313921155575,40.94838471542823,-20.81015342664544
33.547679139582144,40.661670462887194,-20.810153427407112
32.70330523789506,40.36038965223537,-20.810153428233882
31.83658081862146,40.04315783737377,-20.810153429116156
30.94894179905756,39.70854737934863,-20.810153430034667
30.04186654490857,39.35509614554168,-20.81015343095943
29.116870678108125,38.98131688224151,-20.81015343184948
28.175501647218773,38.58570710730951,-20.8101534326534
27.219333151880186,38.16675935761277,-20.810153433310973
26.249959511024795,37.72297162112731,-20.810153433755588
25.26899005815496,37.25285778617034,-20.810153433917527
24.27804363632631,36.75495794966996,-20.810153433727766
23.27874325133805,36.22784844187943,-20.810153433122117
22.27271092491781,35.67015144532893,-20.81015343204542
21.26156277144214,35.08054410972436,-20.810153430455433
20.246904303005774,34.457767090531824,-20.810153428326313
19.23032594943304,33.800632465763286,-20.810153425651368
18.213398762972567,33.10803101178842,-20.810153422445083
17.19767026262183,32.378938843840864,-20.810153418744175
16.18466036079223,31.612423449507048,-20.81015341460784
15.17585730566583,30.80764916336969,-20.81015341011706
14.17271356627058,29.963882147823835,-20.810153405373107
13.176641584046703,29.080494958751796,-20.810153400495246
12.189009314452955,28.156970785193927,-20.810153395617686
11.211135484897595,27.192907459376322,-20.810153390885933
10.244284500924763,26.18802133740923,-20.810153386452406
9.28966094115173,25.142151151512152,-20.810153382471583
8.34840359303848,24.055261931469406,-20.810153379094462
7.42157899639504,22.927449085713373,-20.810153376462672
6.510174479930516,21.75894272032275,-20.810153374702075
5.615090698563883,20.550112256485985,-20.810153373916222
4.7371337061601855,19.301471382665135,-20.810153374179734
3.8770066303335082,18.013683345815803,-20.810153375532067
3.0353010533635545,16.687566545693084,-20.810153377972053
2.2124882462350057,15.324100346929622,-20.81015338145381
1.408910450994288,13.924430965211073,-20.810153385884757
0.624772458995253,12.489877217394966,-20.810153391126363
-0.13986621281164024,11.021935852972135,-20.810153396998423
-0.8850981917793278,9.522286109602927,-20.81015340328714
-1.6111737617749706,7.992793064173352,-20.810153409757227
-2.3185045771107315,6.435509290426966,-20.810153416167417
-3.0076651193202846,4.852674293925069,-20.810153422288078
-3.6793914456585233,3.2467111850513555,-20.81015342791919
-4.334576819236096,1.6202200809994236,-20.810153432905892
-4.974263890622756,-0.024032193697660166,-20.8101534371493
-5.599633222029454,-1.683126407208123,-20.810153440610115
-6.211988105680075,-3.35400933757012,-20.810153443304067
-6.812735819944159,-5.033516198494912,-20.810153445289664
-7.403365676586376,-6.7183967141714955,-20.810153446650283
-7.985424421480078,-8.40534422926093,-20.81015344747439
-8.560489737838415,-10.091027010107977,-20.810153447837916
-9.130142744159764,-11.772120714161717,-20.810153447792505
-9.695940461119484,-13.445340899285547,-20.810153447361863
-10.259389231920968,-15.107474427007968,-20.81015344654636
-10.821920017431397,-16.75540868644394,-20.810153445333974
-11.384866358360144,-18.386157719364494,-20.810153443714295
-11.949445617281992,-19.996884542378847,-20.81015344169198
-12.51674390405209,-21.584919213601864,-20.810153439296542
-13.087704871281383,-23.14777245072816,-20.8101534365867
-13.66312236240918,-24.683144849738593,-20.810153433648857
-14.243636719486354,-26.188931958860667,-20.810153430590784
-14.829734421207867,-27.663225618717632,-20.810153427532118
-15.421750628126333,-29.104312082339973,-20.81015342459376
-16.01987416022376,-30.510667479989532,-20.810153421887872
-16.62415441714629,-31.880951200451467,-20.81015341950979
-17.23450976616399,-33.213997732198145,-20.810153417532547
-17.85073695921684,-34.50880745510118,-20.81015341600412
-18.47252119045007,-35.76453680607814,-20.810153414947198
-19.099446462656037,-36.98048816865188,-20.810153414360883
-19.731005989649407,-38.15609976341204,-20.810153414223862
-20.366612417907007,-39.29093574838352,-20.810153414498334
-21.00560770225998,-40.384676678139186,-20.810153415134266
-21.647272515624355,-41.43711041951469,-20.810153416073607
-22.290835111157122,-42.44812358027635,-20.81015341725407
-22.93547958690316,-43.41769347460232,-20.81015341861251
-23.580353528423473,-44.345880624853365,-20.8101534200876
-24.224575024756273,-45.232821781698355,-20.810153421621976
-24.867239068138364,-46.0787234330224,-20.81015342316377
-25.507423358988913,-46.88385576502997,-20.81015342466763
-26.144193545461647,-47.648547035516245,-20.8101534260953
-26.776607932056056,-48.37317831851402,-20.810153427415795
-27.403721694901435,-49.058178580675495,-20.810153428605325
-28.024590642854978,-49.70402005220835,-20.810153429646927
-28.638274563866197,-50.31121385847384,-20.81015343053001
-29.243840195457985,-50.88030588210408,-20.81015343124968
-29.84036385689962,-51.41187282943476,-20.81015343180607
-30.426933778885044,-51.90651847898184,-20.810153432203627
-31.002652164426124,-52.364870093480796,-20.810153432450328
-31.566637012336926,-52.78757498056563,-20.810153432556984
-32.118023732207895,-53.17529719043614,-20.810153432536566
-32.65596657721667,-53.52871434181597,-20.810153432403514
-33.17963991854876,-53.84851457012664,-20.81015343217321
-33.6882393826508,-54.13539359409227,-20.810153431861412
-34.1809828700478,-54.390051898950574,-20.81015343148382
-34.65711147205547,-54.61319203608696,-20.810153431055678
-35.11589029943525,-54.80551604024156,-20.81015343059147
-35.55660923489738,-54.967722966475336,-20.810153430104673
-35.97858361937494,-55.10050654983435,-20.810153429607546
-36.38115488018641,-55.204552991134626,-20.810153429111015
-36.76369110758893,-55.280538872517255,-20.81015342862461
-37.12558758480702,-55.329129206411956,-20.81015342815643
-37.466267275408214,-55.3509756213139,-20.81015342771314
-37.78518127088739,-55.34671468734464,-20.810153427300058
-38.081809200511564,-55.31696638395633,-20.810153426921225
-38.35565960485795,-55.26233271137579,-20.810153426579493
-38.60627027403764,-55.18339644649954,-20.810153426276663
-38.83320855131744,-55.08072004297553,-20.81015342601361
-39.03607160271423,-54.954844674174595,-20.810153425790404
-39.2144866531154,-54.80628941669937,-20.81015342560647
-39.3681111895517,-54.63555057103572,-20.810153425460694
-39.49663313238827,-54.44310111495581,-20.810153425351555
-39.59977097538114,-54.22939028436452,-20.81015342527723
-39.67727389574273,-53.994843275472114,-20.81015342523571
-39.72892183554972,-53.739861061501,-20.810153425224833
-39.75452555598706,-53.46482031661473,-20.810153425242415
-39.75392666603516,-53.17007343940876,-20.810153425286277
-39.72699762725894,-52.85594866813573,-20.81015342535426
-39.67364173633551,-52.5227502798574,-20.810153425444323
-39.593793086855605,-52.17075886592117,-20.81015342555447
-39.4874165117475,-51.800231676543596,-20.810153425682845
-39.354507507403085,-51.4114030278362,-20.810153425827657
-39.195092140236206,-51.004484765313805,-20.810153425987224
-39.00922693598097,-50.57966677876248,-20.81015342615993
-38.79699875155168,-50.137117564290406,-20.810153426344208
-38.55852462874851,-49.67698483041377,-20.810153426538538
-38.29395162851648,-49.1993961461146,-20.810153426741397
-38.00345664386665,-48.70445962991865,-20.81015342695125
-37.68724618896078,-48.192264680149904,-20.81015342716651
-37.345556161263126,-47.66288274759462,-20.810153427385544
-36.97865157308932,-47.11636815282395,-20.810153427606608
-36.586826248350455,-46.5527589513517,-20.810153427827867
-36.170402479814314,-45.97207785061823,-20.810153428047343
-35.729730641801325,-45.37433318346847,-20.81015342826293
-35.26518875291153,-44.75951994331073,-20.81015342847237
-34.777181983154904,-44.127620886485865,-20.81015342867324
-34.26614209973912,-43.47860770752811,-20.810153428862982
-33.73252684576602,-42.8124422929486,-20.81015342903889
-33.17681924620713,-42.129078058913066,-20.81015342919814
-32.59952683577427,-41.42846137771275,-20.810153429337802
-32.00118080367617,-40.71053309724364,-20.81015342945489
-31.38233505075758,-39.97523015681772,-20.810153429546403
-30.743565155151288,-39.22248730154153,-20.810153429609375
-30.085467243333742,-38.45223889622379,-20.81015342964096
-29.40865676435552,-37.664420838332944,-20.81015342963847
-28.713767166013238,-36.858972567936995,-20.810153429599502
-28.001448472830518,-36.0358391708456,-20.81015342952199
-27.272365766913612,-35.1949735693631,-20.810153429404323
-26.527197574031327,-34.336338793179465,-20.81015342924543
-25.766634158627596,-33.45991032100146,-20.810153429044874
-24.99137573289618,-32.56567848158931,-20.810153428802927
-24.202130586517,-31.653650900943404,-20.810153428520664
-23.399613145159257,-30.723854980509714,-20.81015342820001
-22.584541967382314,-29.776340389470477,-20.810153427843805
-21.75763769109602,-28.811181552484232,-20.81015342745574
-20.919620942260252,-27.82848011266222,-20.810153427040454
-20.071210219990565,-26.82836734814099,-20.8101534266034
-19.213119773671508,-25.81100651935671,-20.810153426150784
-18.34605748903914,-24.77659512306769,-20.810153425689464
-17.470722801452055,-23.72536702833096,-20.81015342522679
-16.587804655697898,-22.65759446903834,-20.810153424770423
-15.697979532646086,-21.57358986728184,-20.81015342432811
-14.801909563821896,-20.473707461771586,-20.81015342390748
-13.900240755502908,-19.358344715798726,-20.810153423515807
-12.993601344184638,-18.227943479848307,-20.81015342315973
-12.082600305185393,-17.082990884951947,-20.810153422845087
-11.167826035718312,-15.924019944255475,-20.81015342257667
-10.249845232910987,-14.75160984209031,-20.810153422358034
-9.329201985963827,-13.56638589210214,-20.810153422191398
-8.406417099879253,-12.369019148725071,-20.81015342207756
-7.48198766594579,-11.160225659502256,-20.810153422015837
-6.556386891419501,-9.940765349442632,-20.810153422004134
-5.630064197620165,-8.71144053275027,-20.810153422039036
-4.703445591981073,-7.473094051832302,-20.810153422115935
-3.776934315508511,-6.226607048428638,-20.810153422229263
-2.8509117626914553,-4.972896376934626,-20.810153422372725
-1.925738666245707,-3.7129116754087117,-20.810153422539578
-1.0017565342913606,-2.447632115252356,-20.81015342272292
-0.07928932277649577,-1.178062855983152,-20.81015342291602
0.8413546786864622,0.09476876325481225,-20.810153423112542
1.7598807737654385,1.3698172589428967,-20.81015342330687
2.6760056292556653,2.646023224368389,-20.81015342349427
3.5894549213062246,3.9223176922380083,-20.810153423671103
4.499960894164589,5.197626591371396,-20.81015342383492
5.4072598694420355,6.470875248177374,-20.81015342398451
6.311089744897132,7.740992882663582,-20.810153424119896
7.2111875218177826,9.006917048813392,-20.810153424242266
8.107286899248773,10.26759797028751,-20.81015342435385
8.99911597159172,11.522002724537156,-20.81015342445773
9.886395063561762,12.769119231479236,-20.81015342455764
10.768834733215446,14.007960006776134,-20.810153424657752
11.646133969886803,15.237565644350738,-20.8101534247624
12.517978609522102,16.45700799789755,-20.810153424875843
13.384039985237845,17.665393036658415,-20.81015342500205
14.243973826094074,18.861863356447152,-20.810153425144467
15.097419412225001,20.045600332667107,-20.810153425305863
15.94399898974009,21.215825907716184,-20.810153425488174
16.783317444323806,22.371804010579513,-20.810153425692448
17.614962228324707,23.51284161145628,-20.810153425918752
18.438503532415464,24.638289418863582,-20.810153426166217
19.253494689683084,25.747542230741033,-20.810153426433054
20.059472797308466,26.840038954603173,-20.81015342671665
20.855959538830813,27.91526231473342,-20.810153427013688
21.64246218836091,28.972738266783892,-20.810153427320262
22.418474776987157,30.012035141956773,-20.81015342763206
23.183479400976506,31.032762544225253,-20.810153427944485
23.936947651166104,32.03457002484557,-20.810153428252885
24.678342143121586,33.01714555876204,-20.810153428552624
25.407118128151794,33.98021384746514,-20.810153428839293
26.122725166063503,34.92353447247914,-20.810153429108794
26.824608841561,35.8468999229815,-20.810153429357474
27.51221250739344,36.75013352013989,-20.810153429582183
28.18497903868157,37.63308725963974,-20.810153429780343
28.842352584272113,38.49563959260769,-20.810153429949974
29.483780302435697,39.337693163752554,-20.810153430089734
30.108714069709674,40.159172524080084,-20.81015343019887
30.716612153162966,40.9600218340213,-20.810153430277232
31.30694083780265,41.740202571274665,-20.810153430325208
31.87917600223219,42.499691256123775,-20.810153430343693
32.43280463699332,43.23847720547709,-20.810153430334022
32.96732630126546,43.956560325403366,-20.81015343029791
33.48225451474882,44.65394895052367,-20.810153430237385
33.97711808261265,45.33065773728364,-20.81015343015473
34.45146235234413,45.98670561688097,-20.810153430052413
34.90485040218246,46.622113812475725,-20.81015342993304
35.33686416156595,47.23690392427442,-20.810153429799307
35.74710546465657,47.831096085161164,-20.81015342965392
36.1351970385381,48.404707188757556,-20.8101534294996
36.500783428112925,48.957749191131136,-20.81015342933903
36.843531860051456,49.49022748684312,-20.810153429174836
37.16313304838211,50.00213935962984,-20.81015342900956
37.45930194445342,50.49347250774708,-20.810153428845663
37.73177843405939,50.96420364386826,-20.810153428685503
37.980327984501685,51.414297169409856,-20.810153428531354
38.20474224427527,51.84370392325212,-20.81015342838539
38.404839597915924,52.252360005019796,-20.81015342824972
38.58046567834726,52.64018567337313,-20.81015342812635
38.731493838822125,53.007084320120896,-20.81015342801724
38.85782558627588,53.3529415213872,-20.8101534279243
38.95939097760892,53.67762416752773,-20.810153427849375
39.03614898010116,53.98097967397903,-20.810153427794294
39.08808779684153,54.26283527572011,-20.81015342776083
39.11522515773923,54.522997408509724,-20.81015342775072
39.1176085763785,54.76125118051864,-20.81015342776566
39.095315572690886,54.97735993838593,-20.810153427807283
39.04845386115365,55.17106493207827,-20.81015342787712
38.977161503983396,55.34208508320652,-20.810153427976605
38.8816070285816,55.490116861644324,-20.810153428106993
38.76198950830212,55.614834275390486,-20.810153428269327
38.61853860544837,55.715888978615524,-20.81015342846438
38.451514575263175,55.792910502730756,-20.81015342869257
38.2612082295409,55.84550661511748,-20.810153428953903
38.04794085835945,55.873263809859644,-20.810153429247862
37.812064108288205,55.87574793444401,-20.81015342957333
37.55395981526351,55.85250495593988,-20.8101534299285
37.274039790122536,55.80306186966097,-20.810153430310788
36.97274555453324,55.72692775276291,-20.810153430716742
36.65054802473869,55.62359496466147,-20.810153431141963
36.307947140132036,55.49254049559188,-20.810153431581064
35.945471433180266,55.33322746409064,-20.81015343202762
35.56367753660737,55.145106763694436,-20.810153432474156
35.163149623019166,54.92761885873952,-20.810153432912188
34.74449877129418,54.680195728834754,-20.810153433332236
34.30836225307143,54.40226296139636,-20.81015343372398
33.85540273153349,54.0932419915959,-20.81015343407637
33.38630736341265,53.752552489206636,-20.81015343437784
32.90178679374364,53.37961489215787,-20.810153434616566
32.40257403135726,52.973853087139915,-20.81015343478077
31.889423191468747,52.53469723835957,-20.810153434859096
31.363108089981786,52.061586766538646,-20.81015343484103
30.82442067232888,51.55397348148396,-20.81015343471736
30.27416925783271,51.01132487303662,-20.810153434480718
29.713176578742345,50.43312756692417,-20.81015343412611
29.14227759132204,49.818890953972875,-20.810153433651482
28.56231703471249,49.16815100325626,-20.810153433058296
27.974146711822176,48.48047427200679,-20.810153432352056
27.378622465336793,47.755462127423726,-20.810153431542822
26.77660082117764,46.992755197762115,-20.810153430645588
26.16893527154271,46.19203807213583,-20.810153429680568
25.556472170208536,45.3530442701146,-20.810153428673296
24.940046214276588,44.47556150318366,-20.810153427654555
24.32047548927922,43.559437250141514,-20.81015342665996
23.69855605882913,42.604584667136756,-20.810153425729304
23.075056086163823,41.610988849807796,-20.81015342490554
22.450709483409348,40.5787134593305,-20.810153424233338
21.82620909560757,39.50790771546549,-20.810153423757356
21.202199440974514,38.39881374725055,-20.81015342352009
20.579269046921254,37.251774275115174,-20.81015342355945
19.957942443438714,36.06724057627075,-20.810153423906208
19.338671901746178,34.84578065776252,-20.810153424581408
18.721829036614018,33.588087528339706,-20.810153425594066
18.10769642512243,32.29498742150848,-20.810153426939358
17.496459431951582,30.967447778579388,-20.810153428597566
16.88819847013283,29.606584753790397,-20.81015343053423
16.28288196430473,28.213669956214037,-20.810153432701423
15.680360317885855,26.790136098735807,-20.810153435040466
15.080361212390937,25.33758118756896,-20.810153437485678
14.482486581945652,23.85777086207497,-20.81015343996898
13.88621160417205,22.352638490099423,-20.81015344242453
13.290886025519193,20.824282644455177,-20.81015344479266
12.695738091220719,19.274961636387324,-20.8101534470223
12.099881275513486,17.707084864558677,-20.810153449071166
11.502323907200674,16.12320085291411,-20.8101534509036
10.901981662853933,14.525981993425964,-20.810153452486347
10.29769276202803,12.918206171665688,-20.810153453783276
9.688235555948788,11.302735621993063,-20.810153454750413
9.072348065490932,9.682493519779577,-20.810153455333037
8.448748908805669,8.060438954491536,-20.810153455465983
7.816158975469073,6.43954102507572,-20.81015345507804
7.173323161346417,4.822752847055594,-20.81015345410006
6.519031480988403,3.212986253725004,-20.810153452475625
5.852138921687383,1.6130879129196514,-20.810153450172418
5.171583489760511,0.025817473385116235,-20.810153447192214
4.476402015627914,-1.5461717869641882,-20.810153443577555
3.765743417810091,-3.100349499365625,-20.810153439413867
3.0388792644405216,-4.634321781567449,-20.810153434826816
2.2952116027002,-6.145841859646658,-20.810153429975124
1.534278142500817,-7.63281787056258,-20.810153425040106
0.7557549746065481,-9.093318083426695,-20.810153420213467
-0.04054292777713309,-10.525573847097702,-20.810153415684645
-0.8546631312161364,-11.92798060995872,-20.810153411629223
-1.6865187746626051,-13.299097368020517,-20.810153408199337
-2.5358928978991613,-14.637644884935941,-20.810153405516466
-3.402443765321816,-15.942502997944006,-20.81015340366704
-4.2857109095855455,-17.212707282959375,-20.81015340270057
-5.185121651615827,-18.447445305143397,-20.81015340263005
-6.099997889079795,-19.646052632574726,-20.81015340343423
-7.029562981979764,-20.80800874329106,-20.81015340506127
-7.972948599660381,-21.93293291222159,-20.81015340743333
-8.929201426921413,-23.020580125739745,-20.81015341045182
-9.897289657326532,-24.070837038423193,-20.810153414002833
-10.876109228803475,-25.083717959303364,-20.810153417962646
-11.864489780113583,-26.059360833280753,-20.810153422203
-12.861200326757793,-26.998023167150446,-20.810153426596138
-13.86495467148963,-27.900077838420696,-20.81015343101928
-14.8744165779516,-28.766008718409076,-20.810153435358664
-15.888204746155827,-29.596406038599437,-20.810153439512916
-16.904897635679568,-30.391961430631035,-20.810153443395755
-17.9230381866018,-31.15346257531599,-20.810153446937967
-18.9411384894146,-31.881787404523518,-20.81015345008856
-19.957684453458462,-32.57789781141003,-20.810153452815186
-20.971140518947628,-33.2428328390553,-20.810153455103645
-21.979954450530727,-33.87770133474604,-20.81015345695672
-22.9825622408294,-34.48367407647348,-20.810153458392236
-23.977393140884185,-35.06197539907761,-20.81015345944059
-24.962874821408242,-35.61387436912319,-20.810153460141823
-25.9374386548223,-36.14067557912749,-20.81015346054247
-26.89952509393549,-36.64370965216397,-20.81015346069234
-27.847589109628405,-37.12432356606207,-20.81015346064152
-28.780105637784263,-37.58387092135159,-20.810153460437714
-29.69557497575488,-38.02370228779276,-20.8101534601241
-30.59252806148819,-38.445155770010736,-20.81015345973783
-31.469531564568307,-38.849547932895646,-20.810153459309184
-32.325192718102706,-39.238165221839125,-20.810153458861365
-33.15816382367296,-39.61225600171312,-20.81015345841086
-33.96714636824227,-39.97302332226382,-20.810153457968237
-34.750894701557456,-40.32161849711998,-20.81015345753928
-35.508219234583784,-40.659135559976164,-20.810153457126177
-36.23798913312776,-40.98660663594609,-20.810153456728823
-36.93913449523374,-41.304998239890686,-20.810153456345923
-37.61064801538454,-41.61520848797151,-20.8101534559759
-38.25158615225972,-41.91806518489825,-20.81015345561763
-38.86106982918465,-42.21432472826865,-20.81015345527084
-39.43828470696085,-42.50467175373662,-20.810153454936287
-39.9824810771852,-42.78971943093018,-20.810153454615772
-40.49297343028311,-43.07001031026014,-20.81015345431197
-40.969139756282466,-43.34601761497566,-20.81015345402815
-41.41042063794591,-43.618146870809156,-20.810153453767878
-41.816318195451515,-43.88673776695256,-20.810153453534653
-42.186394939619085,-44.15206614647172,-20.81015345333161
-42.52027258700261,-44.414346031112,-20.810153453161234
-42.81763088529403,-44.67373159428741,-20.810153453025155
-43.078206491681556,-44.93031900642228,-20.81015345292394
-43.301791940318786,-45.18414808831995,-20.81015345285704
-43.48823472809902,-45.435203720520036,-20.810153452822725
-43.63743654066328,-45.68341696938862,-20.81015345281809
-43.74935263314138,-45.92866590373436,-20.810153452839145
-43.82399137264673,-46.170776088874845,-20.810153452880964
-43.861413942114226,-46.4095207581368,-20.810153452937836
-43.861734197776535,-46.644620674624846,-20.810153453003558
-43.82511866551347,-46.87574370859095,-20.810153453071724
-43.75178665458691,-47.102504167724284,-20.810153453136124
-43.64201046102166,-47.32446192896277,-20.810153453191173
-43.49611562726362,-47.54112143077319,-20.81015345323239
-43.31448121992306,-47.75193059397673,-20.810153453256923
-43.09754008359836,-47.95627974679476,-20.810153453264075
-42.84577902619374,-48.15350063550684,-20.81015345325577
-42.559738890014785,-48.342865605592586,-20.81015345323699
-42.24001446345197,-48.52358703912879,-20.810153453216046
-41.88725419040734,-48.69481713224292,-20.810153453204684
-41.50215963888209,-48.85564809137909,-20.81015345321796
-41.085484696332635,-49.00511281893353,-20.81015345327383
-40.638034467417484,-49.14218614754081,-20.81015345339244
-40.16066385937458,-49.26578666819982,-20.81015345359513
-39.65427585113353,-49.37477918097121,-20.81015345390313
-39.119819453908214,-49.46797777879042,-20.810153454336085
-38.55828738286113,-49.54414955581788,-20.810153454910413
-37.9707134708465,-49.60201891259295,-20.810153455637643
-37.35816986557119,-49.64027241202697,-20.810153456522904
-36.72176406013884,-49.6575641238928,-20.810153457563587
-36.06263581332416,-49.65252138177909,-20.810153458748385
-35.38195401965241,-49.62375086614442,-20.81015346005678
-34.68091359018712,-49.56984492058075,-20.81015346145898
-33.960732402795415,-49.48938800587433,-20.810153462916443
-33.222648375687704,-49.380963197876575,-20.810153464382775
-32.46791671050741,-49.243158640265506,-20.810153465805183
-31.697807341607035,-49.07457387148897,-20.810153467126177
-30.91360261691371,-48.87382595588676,-20.81015346828556
-30.116595223533682,-48.639555361464645,-20.810153469222552
-29.308086358545626,-48.37043154030046,-20.81015346987795
-28.489384132820508,-48.06515818141038,-20.81015347019625
-27.66180218363943,-47.722478119499264,-20.81015347012764
-26.826658460721596,-47.34117789590075,-20.810153469629864
-25.98527414027514,-46.92009197986951,-20.810153468669874
-25.138972612986546,-46.45810666906238,-20.810153467225366
-24.289078484512025,-45.95416369752353,-20.810153465286035
-23.436916520980972,-45.40726358788417,-20.810153462854743
-22.58381046715442,-44.81646879201045,-20.810153459948502
-21.73108166104033,-44.18090667126564,-20.810153456599306
-20.880047365766345,-43.499772374213016,-20.81015345285481
-20.03201873716115,-42.77233167630008,-20.81015344877882
-19.188298343625405,-41.99792385313237,-20.810153444451597
-18.350177153352263,-41.1759646666072,-20.81015343996986
-17.51893090271741,-40.30594955158331,-20.810153435446438
-16.695815758722425,-39.387457099929236,-20.810153431009443
-15.882063187888132,-38.42015294856084,-20.81015342680078
-15.078873944260835,-37.40379418806052,-20.810153422973872
-14.287411090724587,-36.338234417984125,-20.810153419690366
-13.508791971376118,-35.22342958295838,-20.81015341711557
-12.744079059402372,-34.05944472865124,-20.810153415412426
-11.994269616168182,-32.84646181662219,-20.810153414733847
-11.260284114964133,-31.584788729275537,-20.81015341521322
-10.542953409424015,-30.274869577334,-20.810153416953348
-9.84300466475976,-28.917296388463892,-20.81015342001392
-9.16104612274346,-27.51282220245221,-20.810153424398532
-8.497550841898736,-26.062375520998096,-20.810153430042355
-7.852839645346824,-24.567075954449404,-20.810153436802423
-7.227063621779641,-23.028250770681897,-20.810153444453086
-6.620186659613975,-21.447451882339234,-20.81015345268945
-6.0319686467211655,-19.826472611591555,-20.810153461141674
-5.46195012976484,-18.167363356259212,-20.810153469402092
-4.9094393837789205,-16.47244506520089,-20.81015347706502
-4.373502973333884,-14.744319240685797,-20.810153483776098
-3.8529609646629885,-12.98587305574259,-20.810153489284268
-3.3463879430326315,-11.200278145289642,-20.810153493485547
-2.8521208720050923,-9.39098174081622,-20.81015349644627
-2.3682745793439546,-7.561689099848347,-20.810153498394808
-1.8927652620922104,-5.716336643970593,-20.810153499676787
-1.4233418875732726,-3.859055843931381,-20.810153500678354
-0.9576247710557332,-1.994128623783883,-20.81015350173294
-0.4931500022452149,-0.1259358124185629,-20.810153503034606
-0.027417854142487017,1.741099155472182,-20.810153504582125
0.44205707909523106,3.6025686013771834,-20.810153506170682
0.9176964408682484,5.454138124218089,-20.810153507434475
1.401811721524419,7.291600468171045,-20.810153507928362
1.896562969586866,9.11092330642783,-20.810153507226282
2.4039241719434634,10.908289118100935,-20.810153505011062
2.9256562810698163,12.680126070744453,-20.81015350113564
3.4632882575685997,14.42312957533061,-20.8101534956462
4.018105941071641,16.134274858107503,-20.81015348876822
4.591148115886185,17.810821426991115,-20.81015348086533
5.183208827245299,19.450310666168587,-20.810153472383817
5.794844832309339,21.05055797088313,-20.810153463795594
6.426387021006511,22.60964085842176,-20.81015345554895
7.077954688315437,24.125884398107697,-20.810153448032178
7.749471651065647,25.597845133354507,-20.81015344155164
8.44068335013588,27.02429445995237,-20.81015343632275
9.151174239665542,28.40420220669002,-20.810153432471196
9.880384921607842,29.73672095832869,-20.81015343004124
10.62762862591188,31.021171479676877,-20.810153429007915
11.392106758282894,32.25702944909852,-20.81015342929104
12.172923337145518,33.443913591293224,-20.810153430769056
12.969098219990412,34.581575210486264,-20.810153433291866
13.779579079058005,35.6698890623667,-20.810153436691962
14.603252130303739,36.70884546161973,-20.810153440793723
15.438951650912319,37.69854349711258,-20.810153445420845
16.285468342182856,38.63918521451766,-20.810153450402144
17.141556608905994,39.53107062280147,-20.810153455575943
18.005940835462415,40.37459338364819,-20.810153460793224
18.877320744410262,41.17023704924389,-20.810153465919868
19.75437592651365,41.918571722217024,-20.8101534708381
20.635769632863823,42.620251020707876,-20.81015347544742
21.520151920537714,43.27600924072861,-20.810153479665047
22.406162243469378,43.88665861671767,-20.810153483426
23.292431580035732,44.45308658929519,-20.810153486682974
24.177584188290425,44.976252996710144,-20.810153489405934
25.0602390787193,45.45718711351358,-20.810153491581524
25.939011292657884,45.89698446689569,-20.810153493212244
26.812513071873912,46.296803368258665,-20.810153494315422
27.679355001019477,46.65786110537345,-20.810153494921902
28.538147199445618,46.98142974928782,-20.810153495074506
29.38750063202817,47.26883154036982,-20.810153494826135
30.226028600022833,47.521433829742115,-20.81015349423765
31.052348462489423,47.74064356601378,-20.810153493375445
31.86508362656197,47.927901332594054,-20.810153492308828
32.66286583099629,48.084674957726314,-20.8101534911073
33.444337732359195,48.21245273724242,-20.81015348983781
34.20815578744295,48.312736328232326,-20.81015348856217
34.95299340964028,48.38703338949748,-20.810153487334752
35.67754436184174,48.436850060828874,-20.810153486200672
36.380526334709835,48.463683386788745,-20.81015348519446
37.060684647718425,48.46901380078819,-20.81015348433945
37.71679600181308,48.45429779098229,-20.810153483647834
38.347672207486006,48.42096087022421,-20.810153483121358
38.952163810800045,48.370390967705504,-20.810153482752607
39.5291635425213,48.303932349991285,-20.81015348252672
40.07760952185347,48.22288016433196,-20.810153482423413
40.596488155880266,48.12847567813212,-20.810153482419082
41.08483668808086,48.02190226629853,-20.81015348248884
41.54174536339535,47.90428217407923,-20.810153482608357
41.9663591924155,47.77667405823755,-20.81015348275536
42.35787931248249,47.64007128525084,-20.810153482910778
42.71556395797697,47.4954009428359,-20.810153483059427
43.038729065194545,47.34352350143777,-20.810153483190376
43.3267485483787,47.18523304608229,-20.8101534832969
43.57905429237695,47.02125798662605,-20.810153483376236
43.795135913815855,46.852262146114484,-20.810153483429044
43.974540346638236,46.678846122623646,-20.810153483458834
44.116871309426486,46.50154881936643,-20.810153483471286
44.221788711361974,46.32084904060901,-20.81015348347358
44.28900805121774,46.137167056605115,-20.810153483473734
44.318299859754056,45.95086604882251,-20.810153483480068
44.30948923058724,45.762253356727314,-20.81015348350067
44.2624554783131,45.57158145886911,-20.810153483543
44.17713195563298,45.37904863359915,-20.810153483613572
44.053506053653734,45.184799258150555,-20.810153483717663
43.89161940157146,44.9889237187803,-20.81015348385918
43.69156827372144,44.79145791904318,-20.810153484040537
43.45350420357262,44.592382387909986,-20.810153484262614
43.17763479573746,44.391621004249075,-20.810153484524793
42.864224718526486,44.18903936905918,-20.81015348482509
42.51359685108337,43.98444287164344,-20.81015348516032
42.12613355080063,43.77757451047657,-20.81015348552638
41.70227799868453,43.56811254359993,-20.810153485918622
41.242535572809125,43.3556680566603,-20.810153486332275
40.74747519322234,43.13978254877845,-20.810153486762957
40.2177305759451,42.91992564679424,-20.810153487207216
39.654001329382545,42.695493066513265,-20.81015348766305
39.05705382391751,42.46580494475586,-20.81015348813039
38.427721765050116,42.230104667653436,-20.81015348861139
37.766906402523425,41.98755831816641,-20.810153489110583
37.07557631269309,41.73725485873692,-20.81015348963466
36.35476669910494,41.47820715303997,-20.810153490191936
35.60557816682098,41.209353913902234,-20.810153490791418
34.829174939272455,40.929562642862116,-20.81015349144148
34.02678250189539,40.637633601124215,-20.810153492148213
33.19968467388246,40.332304822734244,-20.810153492913543
32.34922012723694,40.01225814989759,-20.810153493733296
31.47677838996904,39.67612623896352,-20.810153494595397
30.5837953866865,39.32250045532408,-20.810153495478435
29.67174858396567,38.94993954798034,-20.810153496350832
28.74215181881603,38.55697897134171,-20.810153497170674
27.79654989553036,38.1421407042323,-20.810153497886542
26.836513038766945,37.703943405004445,-20.810153498439124
25.863631288670213,37.24091273758965,-20.810153498763775
24.879508917354602,36.751591706267426,-20.810153498793724
23.885758935609207,36.23455084646669,-20.810153498463833
22.883997744937684,35.68839813420656,-20.81015349771461
21.875839973920893,35.111788496711334,-20.810153496496195
20.862893520369617,34.50343283000171,-20.810153494772106
19.846754802825416,33.862106454513004,-20.810153492522442
18.82900420761046,33.18665696572087,-20.810153489746504
17.81120170164121,32.476011462203296,-20.810153486464472
16.79488256726378,31.729183157576013,-20.810153482718363
15.781553203923833,30.945277404571446,-20.810153478572005
14.772686932861173,30.123497178681223,-20.810153474110173
13.76971973538349,29.263148084932798,-20.81015346943687
12.774045852675947,28.363642964354398,-20.81015346467288
11.787013175526036,27.42450618641852,-20.810153459952524
10.809918355744825,26.44537772018606,-20.81015345541984
9.84400157742431,25.426017079906842,-20.810153451224068
8.890440935520662,24.36630724028192,-20.81015344751463
7.950346381714677,23.26625861213913,-20.810153444435592
7.024753213293606,22.12601316043852,-20.81015344211967
6.114615100242389,20.945848732669056,-20.810153440682004
5.220796669224017,19.726183646048025,-20.810153440213774
4.344065691094265,18.467581555639644,-20.81015344077598
3.485084951410859,17.170756591748187,-20.81015344239377
2.6444039212684234,15.836578713075477,-20.810153445051707
1.8224503886012586,14.46607917191807,-20.810153448690713
1.0195222572094906,13.060455929529068,-20.81015345320713
0.23577977080414958,11.621078795059761,-20.810153458454742
-0.5287615300061317,10.149493992883682,-20.810153464250128
-1.2742367621365178,8.647427794802411,-20.810153470381714
-2.000936170097295,7.1167887915607055,-20.81015347662225
-2.7093076893363763,5.559668329829001,-20.810153482744134
-3.3999571740198316,3.9783386151712645,-20.810153488536013
-4.073645880970489,2.3752479877868264,-20.81015349381886
-4.731284855072937,0.7530129244804118,-20.81015349845905
-5.373925952047355,-0.8855935865606237,-20.81015350237636
-6.002749362664796,-2.5376575101641135,-20.81015350554498
-6.619047664218901,-4.200143093932284,-20.810153507987312
-7.22420661114035,-5.869915870131664,-20.81015350976118
-7.819683072733053,-7.543768900848836,-20.81015351094316
-8.4069807139728,-9.218451608288426,-20.810153511611176
-8.987624175387705,-10.890700334152296,-20.810153511830137
-9.56313262183744,-12.557269628925914,-20.810153511643417
-10.13499358356961,-14.21496320165955,-20.81015351107165
-10.704637999268991,-15.860663472758606,-20.810153510118308
-11.273417291239808,-17.491358765143907,-20.81015350878003
-11.842583166778097,-19.10416733134804,-20.810153507058793
-12.413270663002468,-20.69635762596128,-20.81015350497263
-12.986484754355848,-22.26536447000433,-20.81015350256272
-13.563090642586188,-23.808800991409946,-20.810153499895478
-14.143807665798565,-25.32446644208299,-20.810153497059762
-14.729206609269903,-26.81035017092077,-20.81015349416027
-15.319710083886305,-28.26463216453617,-20.810153491308657
-15.915595560766997,-29.685680650779904,-20.810153488614155
-16.517000610914295,-31.072047297608513,-20.81015348617511
-17.123929891479065,-32.42246053834467,-20.8101534840724
-17.736263438616824,-33.73581752292581,-20.81015348236531
-18.353765863580865,-35.01117514279932,-20.81015348108974
-18.976096096726,-36.24774051345702,-20.810153480258627
-19.602817377554484,-37.444861230543395,-20.810153479863935
-20.233407243180054,-38.60201564862474,-20.810153479879833
-20.867267319286675,-39.71880336993596,-20.810153480266422
-21.503732764675018,-40.794936076053496,-20.810153480973717
-22.14208126166477,-41.83022878955518,-20.810153481945424
-22.781541479544963,-42.82459161547257,-20.81015348312237
-23.421300967053647,-43.778021983241885,-20.81015348444546
-24.060513452972177,-44.69059738806216,-20.810153485858038
-24.698305551972037,-45.562468615035485,-20.810153487307705
-25.333782886561142,-46.393853419109846,-20.810153488747623
-25.96603564604775,-47.18503062763463,-20.81015349013733
-26.59414361053215,-47.93633462933423,-20.81015349144318
-27.2171806726354,-48.64815021289765,-20.810153492638406
-27.834218892483463,-49.320907719494905,-20.81015349370296
-28.444332122806046,-49.95507847581724,-20.810153494623123
-29.046599241226605,-50.55117047726629,-20.810153495391013
-29.64010702619108,-51.109724294357186,-20.810153496003924
-30.223952711728256,-51.63130917900551,-20.810153496463656
-30.797246254527824,-52.11651935096002,-20.810153496775833
-31.35911234479881,-52.56597044809788,-20.810153496949173
-31.908692190136524,-52.98029612753369,-20.81015349699481
-32.445145099265055,-53.36014480745601,-20.810153496925675
-32.96764989009849,-53.70617654226565,-20.810153496755863
-33.47540614413186,-54.019060025935396,-20.81015349650014
-33.967635326774136,-54.299469720537395,-20.81015349617343
-34.44358179090615,-54.54808310859733,-20.81015349579046
-34.90251367871609,-54.76557806934062,-20.810153495365377
-35.34372373475831,-54.95263038000858,-20.8101534949115
-35.76653004121959,-55.10991134425255,-20.810153494441103
-36.17027668457624,-55.23808555017781,-20.81015349396527
-36.554334361199736,-55.33780876092108,-20.81015349349378
-36.91810092802668,-55.40972594072324,-20.81015349303509
-37.26100190315579,-55.454469419321725,-20.81015349259631
-37.58249092017186,-55.47265719715494,-20.810153492183247
-37.88205013912082,-55.46489139336832,-20.810153491800456
-38.15919061636367,-55.43175683796273,-20.810153491451327
-38.4134526350095,-55.373819808659,-20.810153491138223
-38.64440599725429,-55.29162691219666,-20.81015349086255
-38.851650279714065,-55.185704108871796,-20.810153490624902
-39.03481505271942,-55.05655587817949,-20.810153490425193
-39.19356006451002,-54.90466452249291,-20.81015349026276
-39.32757539130985,-54.73048960481418,-20.810153490136486
-39.4365815543541,-54.534467515801175,-20.810153490044918
-39.52032960505227,-54.3170111645359,-20.81015348998634
-39.57860117959003,-54.078509786877376,-20.810153489958875
-39.611208524373275,-53.81932886475427,-20.810153489960545
-39.61799449378605,-53.53981014941431,-20.81015348998932
-39.59883252175499,-53.2402717814689,-20.810153490043195
-39.553626568576256,-52.921008500557,-20.810153490120175
-39.4823110443589,-52.582291937601205,-20.810153490218323
-39.38485071026816,-52.22437098293685,-20.810153490335775
-39.261240558511524,-51.84747222405096,-20.810153490470725
-39.11150567170334,-51.4518004472584,-20.810153490621435
-38.93570106187508,-51.03753919835013,-20.810153490786213
-38.733911488975494,-50.604851398052055,-20.810153490963412
-38.5062512582393,-50.153880009009725,-20.81015349115139
-38.252863995304374,-49.6847487519395,-20.810153491348505
-37.97392239744058,-49.197562869534664,-20.810153491553102
-37.66962795873079,-48.69240993765925,-20.81015349176347
-37.340210666531185,-48.169360724277226,-20.810153491977836
-36.985928666048,-47.62847009742401,-20.81015349219434
-36.60706788941557,-47.0697779843077,-20.81015349241102
-36.20394164525914,-46.49331038430557,-20.8101534926258
-35.776890164389314,-45.89908043917709,-20.810153492836488
-35.326280097013424,-45.28708956422982,-20.810153493040747
-34.852503956675335,-44.65732864443328,-20.810153493236136
-34.355979506056094,-44.009779299566034,-20.810153493420078
-33.83714907979343,-43.34441522239344,-20.8101534935899
-33.296478839612924,-42.6612035936017,-20.810153493742845
-32.734457957313225,-41.96010657675604,-20.81015349387611
-32.15159772151427,-41.241082895907475,-20.810153493986867
-31.548430564562626,-40.50408949764899,-20.81015349407234
-30.925509006590783,-39.74908329842598,-20.81015349412982
-30.28340451444596,-38.97602301674846,-20.81015349415678
-29.622706274034353,-38.18487108864918,-20.810153494150907
-28.944019875564283,-37.37559566329872,-20.810153494110185
-28.24796591220908,-36.54817267414612,-20.81015349403299
-27.535178493840885,-35.70258797932366,-20.81015349391816
-26.80630367869972,-34.83883956335893,-20.81015349376507
-26.061997827148836,-33.956939790503306,-20.810153493573722
-25.302925883015728,-33.056917698236,-20.8101534933448
-24.52975958941531,-32.13882131776502,-20.810153493079724
-23.743175647384337,-31.202720006645066,-20.8101534927807
-22.94385382710783,-30.248706776994357,-20.810153492450702
-22.13247504297255,-29.276900601242865,-20.810153492093505
-21.309719405119555,-28.287448675909154,-20.810153491713628
-20.47626426156644,-27.280528622607473,-20.81015349131627
-19.632782246305567,-26.256350604356637,-20.81015349090721
-18.77993935003055,-25.215159334323566,-20.810153490492716
-17.918393031269236,-24.15723595341399,-20.810153490079358
-17.048790386674707,-23.082899752648487,-20.810153489673844
-16.171766400009965,-21.99250971606227,-20.81015348928286
-15.287942289918899,-20.886465859972056,-20.810153488912828
-14.397923976865584,-19.765210344892807,-20.810153488569718
-13.502300689605015,-18.629228337191766,-20.81015348825886
-12.601643731181259,-17.47904859876646,-20.810153487984746
-11.696505423695992,-16.315243784653475,-20.81015348775088
-10.787418249918927,-15.138430430538902,-20.810153487559656
-9.874894208196501,-13.949268614664948,-20.810153487412265
-8.959424395040251,-12.748461281616983,-20.81015348730867
-8.041478827238933,-11.536753218926659,-20.810153487247618
-7.121506512349931,-10.314929681320015,-20.8101534872267
-6.199935773014934,-9.083814661738955,-20.81015348724249
-5.2771748267593885,-7.844268812915649,-20.81015348729066
-4.353612618841437,-6.597187028208485,-20.810153487366254
-3.429619901399289,-5.343495695522209,-20.810153487463865
-2.505550547708928,-4.0841496433225934,-20.810153487577892
-1.5817430859239339,-2.8201288028911837,-20.810153487702834
-0.6585224323538821,-1.5524346159106228,-20.81015348783348
0.26379819971959784,-0.28208622108238823,-20.810153487965206
1.1849152433566013,0.9898835423868145,-20.81015348809411
2.1045326042199797,2.2624322730720534,-20.81015348821721
3.0223594031218917,3.5345122432450777,-20.81015348833256
3.9381076699930024,4.805074686318601,-20.81015348843927
4.851490025420321,6.073074088676187,-20.810153488537537
5.762217386079324,7.337472438648358,-20.81015348862858
6.6699967297284966,8.597243386257354,-20.810153488714526
7.574528953963606,9.851376269144893,-20.810153488798278
8.47550686069929,11.098879962758755,-20.810153488883316
9.372613295438782,12.338786516314235,-20.810153488973498
10.265519466913565,13.570154540149503,-20.81015348907281
11.153883468745557,14.792072314725,-20.810153489185183
12.037349020537603,16.003660596529713,-20.81015348931422
12.915544441370766,17.204075101400626,-20.81015348946307
13.788081864213442,18.392508651087525,-20.810153489634185
14.654556695354245,19.56819297416415,-20.810153489829247
15.514547318771399,20.730400157473124,-20.81015349004904
16.367615041442924,21.87844374908827,-20.810153490293438
17.213304272062093,23.0116795181969,-20.81015349056136
18.05114292250947,24.12950588128023,-20.810153490850862
18.880643018783854,25.231364007457458,-20.810153491159156
19.701301505928733,26.31673761883329,-20.810153491482765
20.512601229809867,27.385152504142663,-20.810153491817623
21.314012077390284,28.43617576592806,-20.810153492159245
22.104992256385955,29.469414822934834,-20.810153492502867
22.88498969483453,30.48451619039795,-20.810153492843614
23.653443541129086,31.481164061456393,-20.81015349317667
24.409785745414425,32.45907871311002,-20.810153493497378
25.153442703867658,33.41801475997089,-20.810153493801415
25.883836948240976,34.35775927860035,-20.810153494084876
26.600388864087247,35.27812982450715,-20.810153494344345
27.30251842227572,36.17897236295131,-20.810153494576994
27.98964690969622,37.06015913359192,-20.810153494780582
28.661198646410377,37.9215864677696,-20.810153494953504
29.316602677906033,38.76317257586036,-20.810153495094774
29.95529443251861,39.58485532070576,-20.810153495204
30.576717335477003,40.38658999164381,-20.81015349528135
31.180324372391794,41.16834709216053,-20.810153495327526
31.765579596312968,41.930110152678004,-20.810153495343684
32.331959573729286,42.67187357851092,-20.810153495331374
32.8789547660506,43.39364054158195,-20.810153495292496
33.40607084419884,44.09542092310325,-20.81015349522921
33.91282993492581,44.77722931312373,-20.81015349514389
34.39877179837158,45.43908307162526,-20.81015349503908
34.863454937171916,46.08100045473689,-20.810153494917397
35.30645763811553,46.7029988086378,-20.81015349478152
35.7273789479399,47.305092832844565,-20.810153494634143
36.12583958533962,47.88729291383451,-20.810153494477923
36.501482791644726,48.44960352934992,-20.81015349431548
36.853975122910256,48.99202172325898,-20.810153494149365
37.18300718634828,49.5145356505203,-20.81015349398202
37.48829432413207,50.0171231916062,-20.810153493815836
37.769577247617576,50.499750635680286,-20.810153493653075
38.02662262496471,50.96237143189172,-20.810153493495935
38.25922362500981,51.40492500833102,-20.810153493346508
38.46720042004838,51.82733565847996,-20.810153493206833
38.650400649944,52.22951149536649,-20.81015349307887
38.80869984969483,52.61134347408997,-20.810153492964552
38.942001842273804,52.97270448389432,-20.810153492865748
39.05023909822247,53.313448511519674,-20.810153492784313
39.133373063132574,53.63340987813698,-20.810153492722083
39.191394453802836,53.93240255274524,-20.81015349268088
39.22432352352138,54.210219545468554,-20.81015349266251
39.23221029660411,54.46663238471059,-20.810153492668764
39.21513477202423,54.70139068258944,-20.810153492701392
39.17320709570256,54.91422179347046,-20.810153492762083
39.106567700796774,55.10483057072347,-20.81015349285245
39.015387415131514,55.272899227042345,-20.810153492973964
38.899867534749525,55.41808730377119,-20.810153493127906
38.76023986243449,55.54003175467584,-20.810153493315333
38.596766709952135,55.63834714948126,-20.810153493536973
38.409740862671,55.712626002266205,-20.810153493793138
38.19948550514665,55.762439229472236,-20.81015349408367
37.966354106171245,55.78733674185478,-20.81015349440782
37.710730261690145,55.78684817419192,-20.81015349476415
37.43302749385251,55.760483755989526,-20.810153495150438
37.13368900427816,55.70773532579765,-20.81015349556359
36.813187379370234,55.628077491105685,-20.81015349599954
36.47202424516648,55.520968935135336,-20.810153496453207
36.11072986878526,55.385853871227056,-20.810153496918403
35.72986270297011,55.22216364494221,-20.81015349738784
35.33000886955716,55.02931848350685,-20.810153497853122
34.91178157687175,54.806729391828334,-20.810153498304775
34.475820465096305,54.55380019404957,-20.81015349873235
34.02279087253748,54.26992971949007,-20.81015349912453
33.55338301445446,53.954514131882455,-20.810153499469333
33.06831106469622,53.606949401067624,-20.810153499754342
32.56831212883959,53.22663391678188,-20.810153499967004
32.05414509583418,52.812971244870695,-20.810153500094977
31.526589353360258,52.36537302721264,-20.81015350012656
30.98644335021305,51.88326202784222,-20.81015350005114
30.434522987069684,51.36607532923027,-20.810153499859755
29.87165981500663,50.81326768441324,-20.810153499545596
29.29869901916006,50.224315032651184,-20.810153499104633
28.716497163011983,49.598718188516955,-20.810153498536213
28.125919667008333,48.93600671674103,-20.81015349784365
27.527837993654437,48.235743007698815,-20.81015349703476
26.923126509991995,47.49752657104642,-20.8101534961224
26.312658997569695,46.72099856756567,-20.81015349512478
25.697304779836674,45.90584660160306,-20.810153494065773
25.07792443751334,45.05180979836166,-20.810153492974905
24.455365084169227,44.158684191440784,-20.81015349188717
23.830455177256194,43.22632844605275,-20.810153490842524
23.203998844554192,42.254669941828965,-20.810153489885014
22.576769712790696,41.243711235516734,-20.81015348906156
21.949504234549515,40.19353691753005,-20.810153488420287
21.322894521987028,39.10432086653959,-20.810153488008467
20.69758071183643,37.97633389230237,-20.81015348787009
20.074142906192534,36.80995173796638,-20.81015348804314
19.453092758034234,35.60566338843775,-20.8101534885568
18.834864799593323,34.364079600539334,-20.810153489428643
18.219807645468006,33.085941533414946,-20.810153490662245
17.608175240340362,31.772129314238832,-20.810153492245476
17.00011836224925,30.423670325779153,-20.81015349414978
16.395676634826884,29.041746950662404,-20.810153496330756
15.794771343104628,27.627703455327,-20.81015349873028
15.197199383888583,26.183051648886245,-20.810153501280027
14.602628708883973,24.709474913874505,-20.810153503906296
14.01059563163828,23.20883018349468,-20.810153506535443
13.420504362669385,21.683147440313558,-20.810153509099134
12.831629105946119,20.134626340778905,-20.810153511538445
12.24311899053672,18.565629633424816,-20.81015351380583
11.654006022255636,16.978673138501502,-20.810153515864346
11.063216123093417,15.376412191521236,-20.810153517684025
10.469583186337754,13.761624616750689,-20.81015351923598
9.871865921584138,12.137190478101603,-20.81015352048579
9.26876710851144,10.506069039149379,-20.810153521387758
8.65895473554825,8.87127353356627,-20.810153521882032
8.041084383700174,7.235844484307435,-20.81015352189612
7.413822139184834,5.602822399144312,-20.810153521351037
6.775867289511167,3.975220701331522,-20.810153520171646
6.125974079268869,2.3559997238476282,-20.810153518299423
5.462971871337166,0.7480425076936836,-20.810153515705206
4.785783168325378,-0.8458669902193292,-20.810153512399733
4.093439085747285,-2.423062840564317,-20.810153508439708
3.385092018676275,-3.9810129777616674,-20.810153503928525
2.6600253935212215,-5.517331846898289,-20.810153499011598
1.9176605341070647,-7.029789938087166,-20.810153493867
1.157560787561461,-8.516320414834246,-20.810153488693082
0.3794331453588911,-9.975023138368227,-20.8101534836947
-0.416872343465844,-11.404166449516891,-20.81015347906969
-1.231365035242802,-12.802187095989401,-20.81015347499696
-2.063917688040196,-14.167688690793653,-20.81015347162715
-2.9142716569809206,-15.499439063283221,-20.810153469076027
-3.782042976465026,-16.796366824620062,-20.81015346742101
-4.66672904930931,-18.057557420445097,-20.810153466700235
-5.567715700338949,-19.28224889053385,-20.81015346691393
-6.484284391653063,-20.46982750229697,-20.810153468027572
-7.4156194361606635,-21.619823375117107,-20.810153469976257
-8.360815083343017,-22.731906167592424,-20.8101534726699
-9.318882385489136,-23.805880860813765,-20.810153475998884
-10.288755783319889,-24.841683638215095,-20.810153479839805
-11.26929937676358,-25.839377836232167,-20.81015348406113
-12.259312869696815,-26.799149919638598,-20.810153488528602
-13.257537196863545,-27.721305420526516,-20.810153493110203
-14.262659857118717,-28.606264769958237,-20.810153497680677
-15.273319989787966,-29.45455894587379,-20.81015350212539
-16.288113240429812,-30.26682485950868,-20.810153506343635
-17.305596468723817,-31.043800405054583,-20.810153510251162
-18.324292354638963,-31.786319103350447,-20.81015351378197
-19.34269395949254,-32.4953042798342,-20.810153516889308
-20.359269296029908,-33.17176272962839,-20.810153519545803
-21.37246595631949,-33.8167778382451,-20.810153521742812
-22.380715838218215,-34.43150214465379,-20.810153523488964
-23.382440000679438,-35.01714935390386,-20.810153524807987
-24.37605366563317,-35.57498582851628,-20.810153525735956
-25.359971370090044,-36.106321610663706,-20.81015352631818
-26.332612257161244,-36.612501049796265,-20.810153526605752
-27.29240547961165,-37.09489313176128,-20.810153526652257
-28.237795675207042,-37.554881624466724,-20.810153526510604
-29.167248460328715,-37.99385517061982,-20.810153526230295
-30.079255877909034,-38.41319746901195,-20.81015352585536
-30.97234172837187,-38.81427769139695,-20.81015352542285
-31.84506670844337,-39.19844128168949,-20.81015352496219
-32.696033282703446,-39.56700127780906,-20.810153524495078
-33.52389021659156,-39.92123028421358,-20.81015352403609
-34.32733670701501,-40.2623532055816,-20.810153523593634
-35.105126057249485,-40.591540830128515,-20.81015352317129
-35.856068855791285,-40.90990432585468,-20.810153522769163
-36.579035633409994,-41.21849068596052,-20.81015352238529
-37.27295898799204,-41.518279132117556,-20.810153522016815
-37.936835182006,-41.810178457591356,-20.810153521660997
-38.569725231784346,-42.09502526755901,-20.81015352131587
-39.17075552065761,-42.3735830523173,-20.810153520980666
-39.739117978809425,-42.646542011137235,-20.810153520655966
-40.274069881234595,-42.914519530706926,-20.810153520343608
-40.77493332123594,-43.17806121256957,-20.810153520046505
-41.241094420500744,-43.43764233862188,-20.810153519768267
-41.672002338088646,-43.69366966231572,-20.810153519512877
-42.067168139865515,-43.946483415293145,-20.810153519284267
-42.42616358731335,-44.196359424289,-20.810153519085997
-42.74861990054099,-44.44351124073238,-20.81015351892093
-43.03422654502067,-44.688092195051375,-20.810153518790997
-43.28273008536443,-44.93019729875826,-20.810153518697017
-43.493933142584275,-45.169864929545156,-20.810153518638586
-43.66769348396226,-45.407078247502774,-20.810153518614023
-43.80392326706134,-45.641766303904085,-20.8101535186204
-43.90258845167348,-45.873804817548375,-20.8101535186536
-43.963708385734265,-46.103016607264756,-20.810153518708482
-43.98735556352674,-46.329171682684574,-20.81015351877906
-43.973655546935795,-46.55198700867882,-20.810153518858776
-43.92278703319106,-46.771125971783036,-20.810153518940826
-43.83498204555833,-46.986197589338445,-20.810153519018588
-43.71052621694087,-47.19675551376687,-20.810153519086054
-43.549759130493854,-47.402296895123264,-20.810153519138364
-43.35307467633392,-47.60226117453858,-20.81015351917237
-43.12092137946015,-47.796028889033984,-20.81015351918717
-42.853802651333496,-47.98292057407946,-20.81015351918467
-42.552276916429044,-48.16219585379448,-20.810153519169994
-42.216957565704185,-48.333052809473855,-20.81015351915183
-41.84851269149417,-48.49462771484738,-20.81015351914252
-41.447664562967006,-48.64599522092373,-20.810153519157915
-41.015188807952555,-48.78616906433728,-20.81015351921696
-40.55191327559983,-48.9141033608961,-20.8101535193409
-40.058716564667705,-49.028694530803136,-20.810153519552195
-39.53652621393369,-49.12878388428454,-20.810153519873122
-38.986316563698374,-49.213160876804174,-20.810153520324167
-38.409106310047584,-49.280567022540076,-20.810153520922253
-37.805955785720755,-49.32970043433102,-20.810153521678988
-37.17796401241306,-49.359220938909786,-20.810153522599016
-36.526265578440636,-49.36775569892804,-20.810153523678657
-35.85202740234602,-49.35390525894502,-20.810153524904916
-35.15644544678284,-49.31624992190417,-20.810153526254997
-34.4407414476465,-49.25335635612625,-20.81015352769636
-33.7061597208607,-49.16378433068915,-20.810153529187296
-32.9539641036448,-49.046093479150116,-20.810153530678043
-32.185435078807664,-48.898849997535436,-20.81015353211241
-31.40186712012332,-48.72063319180679,-20.810153533429656
-30.60456628472381,-48.510041801888285,-20.81015353456668
-29.794848065321432,-48.26570004300435,-20.810153535460305
-28.97403550156902,-47.986263319731535,-20.810153536049597
-28.14345753655267,-47.670423583063425,-20.810153536278076
-27.30444759177108,-47.316914315297026,-20.810153536095843
-26.458342322362938,-46.92451514118992,-20.810153535461414
-25.606480504053568,-46.49205607629418,-20.8101535343435
-24.75020199443845,-46.01842143449821,-20.810153532722413
-23.89084670383165,-45.502553426607506,-20.810153530591382
-23.029753504916002,-44.94345549040823,-20.810153527957638
-22.168259005704208,-44.34019540032402,-20.810153524843308
-21.307696106674335,-43.69190821180669,-20.810153521286196
-20.449392260174463,-42.99779910233872,-20.810153517340357
-19.594667348095356,-42.25714617771433,-20.810153513076465
-18.744831092206596,-41.469303319416944,-20.81015350858198
-17.901179910306784,-40.63370315666483,-20.810153503961008
-17.06499313039124,-39.749860255190285,-20.810153499333744
-16.237528474429798,-38.817374624041285,-20.8101534948354
-15.420016723246489,-37.83593565144429,-20.81015349061448
-14.613655474749061,-36.8053265905917,-20.81015348683012
-13.819601909938255,-35.72542972534757,-20.810153483648413
-13.03896448558101,-34.59623235314011,-20.810153481237368
-12.272793480340239,-33.4178337260881,-20.81015347976036
-11.5220703340948,-32.19045308948712,-20.81015347936785
-10.787695740173774,-30.914438946318885,-20.810153480187378
-10.070476479739582,-29.590279653934427,-20.81015348231187
-9.371111029457033,-28.21861542036532,-20.81015348578684
-8.690174031004057,-26.800251708252155,-20.810153490597287
-8.028099786982976,-25.33617396949132,-20.81015349665574
-7.385165044877727,-23.827563519314367,-20.81015350379366
-6.761471450025089,-22.275814212148603,-20.810153511758752
-6.156928188879877,-20.68254940376764,-20.810153520221178
-5.571235500222508,-19.04963848015592,-20.810153528791446
-5.003869894405313,-17.37921201500526,-20.81015353705143
-4.454072073124711,-15.673674404862302,-20.810153544597746
-3.9208386618629203,-13.93571265256957,-20.81015355109335
-3.402918925826037,-12.168299862526613,-20.81015355631904
-2.898817607060176,-10.374692016330094,-20.81015356021363
-2.406804867230671,-8.55841675281845,-20.810153562889887
-1.9249340289521573,-6.723253208638485,-20.810153564616588
-1.451067378093178,-4.873202487610122,-20.810153565763876
-0.9829097441207671,-3.012448991192198,-20.810153566719386
-0.5180489660631821,-1.1453135949421636,-20.81015356779345
-0.05400175141280839,0.7237995962557392,-20.810153569137555
0.41173707122699454,2.5904605467326856,-20.810153570699423
0.8816442389301643,4.450271855101078,-20.810153572228423
1.3581191201404654,6.298925665108392,-20.81015357333035
1.8434384593202895,8.132256177669104,-20.810153573556367
2.3397167391631295,9.946285474452637,-20.81015357250176
2.8488735748977128,11.737261020322519,-20.81015356988994
3.372608949164128,13.501683966659519,-20.810153565624056
3.912386491766124,15.236328122618659,-20.810153559799595
4.469424477006655,16.93825010694479,-20.810153552681996
5.04469379939376,18.604791680655428,-20.810153544660274
5.6389219165633975,20.233575567314986,-20.810153536189997
6.252601612912083,21.822496200017643,-20.810153527737747
6.886003418493739,23.369706821082417,-20.810153519735103
7.539190586267855,24.873604240998624,-20.810153512546425
8.212035656081994,26.332812377963762,-20.81015350645074
8.904237788279447,27.746165484207445,-20.810153501636027
9.615340211787345,29.11269174786543,-20.810153498202745
10.344747285751236,30.43159775825631,-20.810153496173537
11.091740811055448,31.70225414880633,-20.810153495506256
11.855495344074722,32.92418259001774,-20.810153496107944
12.63509235890411,34.09704419477163,-20.810153497848567
13.429533177507349,35.22062931711789,-20.810153500573332
14.237750642324096,36.29484866932522,-20.810153504113227
15.058619545981923,37.31972564566292,-20.810153508293787
15.890965860967993,38.29538972062463,-20.81015351294196
16.733574831246493,39.22207078002635,-20.81015351789138
17.585198000263187,40.100094242199155,-20.810153522986322
18.44455925750682,40.92987683060236,-20.810153528084506
19.310359990309166,41.71192286648733,-20.810153533058983
20.181283429983573,42.44682095918291,-20.810153537799373
21.055998282516047,43.13524098105944,-20.810153542212504
21.93316173435127,43.77793122355602,-20.810153546222708
22.811421923657473,44.37571563943406,-20.810153549771762
23.689419966935194,44.92949108450589,-20.81015355281859
24.56579162994877,45.44022447953006,-20.810153555338747
25.439168730598386,45.908949819961265,-20.81015355732373
26.30818035933647,46.33676496809153,-20.81015355878007
27.171453999841834,46.72482816918573,-20.81015355972825
28.027616628656883,47.07435424088936,-20.81015356020132
28.875295867134433,47.386610393847924,-20.810153560243354
29.71312125213432,47.66291165144914,-20.810153559907576
30.539725683323482,47.90461584811311,-20.810153559254246
31.353747094626055,48.11311819870689,-20.81015355834834
32.15383038541836,48.28984544638268,-20.810153557257046
32.938629633677394,48.43624961217158,-20.810153556047183
33.70681059882493,48.55380138655194,-20.810153554782637
34.457053506955354,48.64398322030157,-20.810153553521975
35.18805609610889,48.70828218842808,-20.81015355231633
35.898536884952584,48.7481827159298,-20.81015355120777
36.58723861539981,48.76515926661393,-20.810153550228158
37.252931809051155,48.7606691052737,-20.810153549398642
37.89441836951019,48.736145248425174,-20.810153548729776
38.5105351581022,48.692989718966125,-20.810153548222292
39.100157469591785,48.63256721527276,-20.810153547868303
39.66220233721617,48.55619929544995,-20.810153547653012
40.195631602539,48.46515916309153,-20.810153547556588
40.69945469487328,48.36066712269604,-20.81015354755617
41.17273107671622,48.24388675178062,-20.810153547627777
41.61457232503883,48.11592181387499,-20.810153547748037
42.02414383256534,47.97781391316784,-20.81015354789558
42.40066612754286,47.83054086880386,-20.810153548052103
42.74341582418286,47.675015765761984,-20.810153548203022
43.05172622830855,47.51208662077266,-20.810153548337787
43.32498763326865,47.3425365865089,-20.810153548449875
43.562647349545585,47.167084605721946,-20.810153548536505
43.76420951752762,46.98638641925014,-20.810153548598187
43.929234756609496,46.80103582785769,-20.81015354863816
44.05733970524039,46.61156610743141,-20.81015354866176
44.14819650594656,46.41845147982444,-20.810153548675746
44.20153228697444,46.22210854715897,-20.81015354868776
44.21712868830966,46.02289760522625,-20.810153548705724
44.19482147471171,45.821123761305145,-20.8101535487374
44.13450027232658,45.617037792848606,-20.81015354878997
44.03610845863088,45.41083669570915,-20.810153548869724
43.89964322811385,45.20266388359979,-20.81015354898184
43.725155848369084,44.99260901409023,-20.810153549130163
43.51275211326472,44.780707430447464,-20.810153549317164
43.26259299167999,44.56693922291185,-20.81015354954386
42.97489546201502,44.351227927440455,-20.810153549809858
42.6499335143761,44.13343889443408,-20.810153550113466
42.288039294099114,43.913377374351434,-20.81015355045189
41.889604352215805,43.69078638121994,-20.810153550821468
41.455080960742826,43.465344408626144,-20.810153551218033
40.98498344348243,43.23666308548553,-20.810153551637306
40.47988946661318,43.00428487034098,-20.810153552075388
39.94044122801563,42.7676808926334,-20.810153552529226
39.36734648035306,42.526249056772265,-20.810153552997104
38.761379320765265,42.27931252931621,-20.810153553479033
38.12338067997927,42.026118730562835,-20.810153553977024
37.45425844600429,41.7658389488045,-20.810153554495106
36.75498716258818,41.49756868800755,-20.81015355503913
36.02660725038368,41.220328847468984,-20.81015355561614
35.27022370926027,40.93306781508509,-20.810153556233484
34.48700427317482,40.634664534510314,-20.810153556897497
33.67817700405017,40.32393258128541,-20.81015355761194
32.84502732757779,39.99962525488627,-20.81015355837623
31.98889453095382,39.66044166379201,-20.810153559183668
31.111167759348394,39.305033750518064,-20.81015356001985
30.213281563402834,38.93201417466005,-20.810153560861394
29.296711063280018,38.5399649459061,-20.81015356167534
28.362966804894356,38.12744667713764,-20.810153562419178
27.41358939024387,37.693008311341856,-20.810153563041787
26.45014396583279,37.23519716594897,-20.810153563485166
25.47421465087642,36.75256913480927,-20.810153563687003
24.487398980491093,36.24369889132384,-20.810153563583853
23.491302428843596,35.70718994579941,-20.81015356311481
22.487533063953975,35.14168442510923,-20.810153562225363
21.477696370368438,34.545872462132664,-20.810153560871193
20.46339025918833,33.91850110497867,-20.8101535590217
19.446200267910225,33.25838268038262,-20.810153556663
18.42769493609358,32.56440257066402,-20.810153553800273
17.409421327803045,31.835526388138682,-20.81015355045925
16.392900658699467,31.070806553971433,-20.81015354668693
15.379623975040335,30.269388309424,-20.810153542551358
14.371047824002126,29.430515205790122,-20.810153538140536
13.368589849823891,28.553534134686984,-20.810153533560573
12.373624248360535,27.63789997259201,-20.810153528932997
11.387477013731159,26.683179922455803,-20.810153524391403
10.411420914837315,25.689057640784004,-20.810153520077442
9.44667014661181,24.65533724062251,-20.810153516136218
8.494374610996351,23.581947259176918,-20.81015351271116
7.555613795965827,22.468944673002067,-20.810153509938456
6.631390237632347,21.31651903332976,-20.810153507941124
5.722622570863002,20.12499677855054,-20.81015350682291
4.830138198267122,18.894845759425078,-20.810153506662253
3.9546656361764843,17.626679984547767,-20.810153507506428
3.096826629581594,16.32126455829033,-20.810153509366575
2.2571281659044704,14.979520740546034,-20.8101535122138
1.4359545596105987,13.602531007175209,-20.810153515977042
0.633559825053875,12.191543932946807,-20.810153520543327
-0.1499393980902761,10.747978656810606,-20.810153525760818
-0.9145700565616225,9.27342862562525,-20.810153531445224
-1.66050768108277,7.769664251583843,-20.810153537389468
-2.388079786904467,6.238634066618187,-20.81015354337636
-3.0977672782356453,4.6824639214559545,-20.810153549193334
-3.79020346266592,3.103453766003919,-20.810153554647822
-4.46617031425742,1.504071569511369,-20.810153559581266
-5.126591688629809,-0.1130559996352401,-20.810153563879787
-5.7725232924193515,-1.745156409658049,-20.81015356747952
-6.405139341764801,-3.3893277437386162,-20.810153570365635
-7.025716004360756,-5.0425587628877215,-20.810153572564836
-7.635611896817441,-6.7017522852683316,-20.810153574132794
-8.236246089084753,-8.36375139686625,-20.810153575138898
-8.82907423331926,-10.025367805827006,-20.81015357565139
-9.415563568118346,-11.683411487056887,-20.810153575726062
-9.997167635099805,-13.334720654575964,-20.810153575400378
-10.575301572824394,-14.976191060329896,-20.810153574694134
-11.151318819278218,-16.604803654893416,-20.810153573615334
-11.726489962285894,-18.217649753386812,-20.810153572169718
-12.301984337904605,-19.811953015904365,-20.810153570370765
-12.878854805641268,-21.385087756388366,-20.810153568248076
-13.458025944212835,-22.9345933147378,-20.81015356585199
-14.040285730123037,-24.45818444212814,-20.81015356325401
-14.626280598414828,-25.95375784069926,-20.81015356054308
-15.216513651163606,-27.419395153096247,-20.810153557819064
-15.811345680332144,-28.85336280817665,-20.81015355518461
-16.41099860866301,-30.25410919567444,-20.810153552737006
-17.015560922789387,-31.620259668494942,-20.810153550561147
-17.62499467164275,-32.95060986342069,-20.810153548724365
-18.239143624170804,-34.244117797636925,-20.810153547273387
-18.85774221673605,-35.499895148103626,-20.810153546233373
-19.480424966229315,-36.717198061088475,-20.81015354560884
-20.10673607474954,-37.89541777646701,-20.810153545385845
-20.736139001676538,-39.0340712904679,-20.81015354553508
-21.368025826265853,-40.13279222463811,-20.810153546015414
-22.001726266729207,-41.19132201983593,-20.810153546777535
-22.63651625918329,-42.20950153286822,-20.81015354776737
-23.271626031548855,-43.18726308002387,-20.81015354892911
-23.906247633602437,-44.12462294573893,-20.810153550207836
-24.53954190534975,-45.02167435516627,-20.810153551551544
-25.17064488228157,-45.878580895570714,-20.81015355291268
-25.798673648528307,-46.695570362253555,-20.810153554249272
-26.42273165808306,-47.47292899920038,-20.810153555525513
-27.04191355070606,-48.210996102005204,-20.81015355671208
-27.655309493382084,-48.91015895012916,-20.810153557786137
-28.262009080730515,-49.570848036598996,-20.81015355873108
-28.86110482894587,-50.19353256534881,-20.81015355953615
-29.45169529798789,-50.77871618917167,-20.810153560195875
-30.03288787609858,-51.326932964377484,-20.810153560709466
-30.603801259501573,-51.83874350152775,-20.810153561080156
-31.163567658498177,-52.31473129487376,-20.810153561314518
-31.711334759241225,-52.75549921624947,-20.810153561421824
-32.246267468342865,-53.16166616208593,-20.81015356141337
-32.76754946523503,-53.53386384487272,-20.8101535613019
-33.274384584914806,-53.872733722764906,-20.81015356110109
-33.76599805142216,-54.178924063108234,-20.810153560824997
-34.241637580155206,-54.453087137427126,-20.81015356048772
-34.70057436496366,-54.69587654689394,-20.810153560102965
-35.14210396390021,-54.90794467848168,-20.810153559683798
-35.56554709557667,-55.08994029290861,-20.810153559242423
-35.970250356284005,-55.24250624612529,-20.810153558789963
-36.35558686640732,-55.36627734648878,-20.81015355833639
-36.72095685320808,-55.46187834993324,-20.81015355789042
-37.06578817576231,-55.52992209539927,-20.810153557459525
-37.38953679673741,-55.57100778254841,-20.810153557049915
-37.69168720475846,-55.58571939338635,-20.810153556666616
-37.971752790352866,-55.574624258874195,-20.810153556313505
-38.22927617785901,-55.53827177094738,-20.81015355599342
-38.463829515228504,-55.47719223961528,-20.810153555708272
-38.67501472332603,-55.39189589400927,-20.810153555459134
-38.86246370611829,-55.28287202541373,-20.810153555246377
-39.025838523024284,-55.150588269480366,-20.81015355506977
-39.1648315246524,-54.995490024022025,-20.81015355492859
-39.27916545315475,-54.81799999803247,-20.810153554821735
-39.36859350846531,-54.61851788690847,-20.810153554747806
-39.43289938173617,-54.3974201682815,-20.81015355470519
-39.47189725732814,-54.1550600124146,-20.810153554692132
-39.4854317847322,-53.891767300800396,-20.81015355470679
-39.47337802178415,-53.60784874641633,-20.810153554747284
-39.435641350475805,-53.30358810905858,-20.810153554811723
-39.37215736655562,-52.979246499285146,-20.81015355489825
-39.28289174394529,-52.63506276474818,-20.81015355500502
-39.16784007477547,-52.2712539530752,-20.81015355513023
-39.02702768556554,-51.88801584595762,-20.81015355527212
-38.86050942974352,-51.48552355970498,-20.810153555428958
-38.66836945632857,-51.06393220820862,-20.810153555599015
-38.4507209541903,-50.623377625004984,-20.81015355578058
-38.207705870864885,-50.16397714191776,-20.81015355597191
-37.939494604459696,-49.68583042256304,-20.81015355617125
-37.64628566672839,-49.18902034980171,-20.810153556376772
-37.32830531495918,-48.67361396699259,-20.81015355658659
-36.98580714990324,-48.13966347361795,-20.81015355679873
-36.619071676591076,-47.587207276496144,-20.810153557011127
-36.22840582455354,-47.016271098346095,-20.8101535572216
-35.81414242369314,-46.42686914590574,-20.810153557427867
-35.37663963185079,-45.81900534011634,-20.810153557627537
-34.91628030999292,-45.19267461105303,-20.810153557818104
-34.43347134091184,-44.547864260298624,-20.810153557996976
-33.9286428873961,-43.88455539331504,-20.8101535581615
-33.40224758599285,-43.20272442405974,-20.810153558308958
-32.85475967275461,-42.50234465362199,-20.81015355843663
-32.28667403774243,-41.783387924017106,-20.81015355854184
-31.698505205546123,-41.045826347480215,-20.81015355862197
-31.09078623968118,-40.28963411065278,-20.81015355867455
-30.4640675694289,-39.51478935196424,-20.810153558697323
-29.81891573849885,-38.72127610929204,-20.810153558688285
-29.155912075806082,-37.90908633364937,-20.810153558645784
-28.475651289664864,-37.0782219632202,-20.81015355856856
-27.778739987798204,-36.2286970505532,-20.810153558455877
-27.065795126740582,-35.36053993416143,-20.81015355830751
-26.337442395459842,-34.473795444174506,-20.810153558123865
-25.59431453933198,-33.568527130077115,-20.810153557906006
-24.837049631956816,-32.64481949696635,-20.810153557655685
-24.066289303688105,-31.702780235193774,-20.810153557375365
-23.282676937151653,-30.742542426752518,-20.81015355706822
-22.48685584142043,-29.76426671034952,-20.81015355673808
-21.67946741788394,-28.768143385795955,-20.810153556389423
-20.86114933216613,-27.754394437181116,-20.810153556027252
-20.03253370768344,-26.723275453296132,-20.810153555657017
-19.194245357561705,-25.675077422972596,-20.810153555284455
-18.346900072613067,-24.610128382429235,-20.810153554915484
-17.491102983875788,-23.52879489140875,-20.81015355455601
-16.627447018800677,-22.431483314870402,-20.81015355421175
-15.756511470488647,-21.31864088731501,-20.810153553888068
-14.878860699402644,-20.190756537491456,-20.810153553589764
-13.995042986655099,-19.048361452298263,-20.810153553320966
-13.105589557271859,-17.892029360179784,-20.81015355308493
-12.211013790724092,-16.722376516246463,-20.810153552883982
-11.311810634476585,-15.540061373739293,-20.81015355271938
-10.408456234310016,-14.345783929316037,-20.81015355259134
-9.501407792734527,-13.140284732955505,-20.81015355249901
-8.591103663934902,-11.924343557035728,-20.8101535524405
-7.677963690403611,-10.698777723305366,-20.810153552413052
-6.762389782773943,-9.464440090980125,-20.81015355241312
-5.84476674042723,-8.22221671398338,-20.810153552436553
-4.925463306299092,-6.973024180320419,-20.810153552478866
-4.004833445049353,-5.717806651619417,-20.81015355253537
-3.083217829501824,-4.4575326258660395,-20.810153552601456
-2.160945516126104,-3.193191451168955,-20.81015355267284
-1.2383357864510094,-1.9257896228820248,-20.81015355274572
-0.3157001277945142,-0.6563469004381725,-20.810153552816992
0.6066556763129065,0.6141077163098533,-20.81015355288439
1.528429378039781,1.8845401087108529,-20.810153552946588
2.4493200532435346,3.15391521443144,-20.81015355300326
3.369025880244207,4.4212012105322165,-20.810153553055056
4.28724194425978,5.685373658809,-20.810153553103575
5.203658101756907,6.945419568459311,-20.810153553151267
6.117956937573556,8.200341332778537,-20.81015355320126
7.029811845551038,9.449160499066867,-20.8101535532572
7.938885260649321,10.690921334151893,-20.810153553323076
8.844827067210025,11.924694151794657,-20.810153553402948
9.747273204290408,13.149578372622775,-20.810153553500754
10.645844484943803,14.36470529198646,-20.810153553620108
11.54014564209561,15.569240536120791,-20.81015355376409
12.429764609385625,16.76238619208161,-20.81015355393507
13.314272041136089,17.943382601972157,-20.810153554134608
14.193221071567516,19.111509816874914,-20.810153554363353
15.066147309613157,20.266088710546217,-20.810153554620967
15.932569062251954,21.406481757236243,-20.810153554906183
16.791987776245325,22.532093481900315,-20.810153555216786
17.64388868556219,23.642370594523953,-20.810153555549725
18.487741649629132,24.73680182326698,-20.810153555901195
19.32300216585245,25.81491746363116,-20.810153556266812
20.14911253861568,26.87628866287449,-20.81015355664173
20.965503186139124,27.920526460448887,-20.810153557020804
21.771594066166205,28.947280606350137,-20.81015355739879
22.566796201378846,29.956238179970356,-20.810153557770462
23.350513285699922,30.947122032368124,-20.810153558130775
24.1221433531724,31.919689074857207,-20.810153558475015
24.881080491869447,32.87372843649872,-20.8101535587989
25.62671658624541,33.809059512501975,-20.810153559098644
26.35844307244495,34.72552992473141,-20.810153559371077
27.075652692309415,35.6230134145173,-20.810153559613635
27.777741233122484,36.50140768680774,-20.81015355982442
28.464109241490693,37.36063222341103,-20.810153560002178
29.134163701132362,38.200626081690295,-20.810153560146276
29.78731966572661,39.02134569361183,-20.810153560256694
30.42300183933291,39.82276267854409,-20.810153560333937
31.04064609821315,40.60486168167652,-20.81015356037901
31.639700949157458,41.367638248402855,-20.81015356039336
32.21962892061999,42.111096743511084,-20.81015356037877
32.779907884100325,42.83524832256475,-20.810153560337348
33.320032304251896,43.54010896146535,-20.810153560271402
33.83951441715366,44.22569754887134,-20.810153560183434
34.33788533703937,44.89203404493233,-20.81015356007605
34.81469609253685,45.53913770869054,-20.810153559951914
35.269518594123895,46.16702539551912,-20.810153559813727
35.7019465350575,46.77570992511761,-20.81015355966415
36.111596228478,47.36519851987719,-20.81015355950581
36.49810738373131,47.93549131286721,-20.810153559341256
36.861143825192755,48.48657992428313,-20.810153559172967
37.200394157018906,49.01844610493395,-20.81015355900332
37.51557237730439,49.53106044523197,-20.810153558834596
37.80641844508499,50.024381148174285,-20.81015355866898
38.072698803513596,50.49835286496484,-20.81015355850857
38.314206862350545,50.95290559220855,-20.810153558355395
38.530763442663506,51.38795363000068,-20.810153558211397
38.722217186334696,51.80339460072143,-20.81015355807849
38.88844493263575,52.199108528909306,-20.810153557958547
39.029352063763795,52.57495698320844,-20.8101535578534
39.1448728208484,52.9307822820459,-20.8101535577649
39.234970591548574,53.26640676537193,-20.81015355769488
39.29963816997364,53.58163213547017,-20.810153557645194
39.33889798929117,53.87623887049255,-20.8101535576177
39.35280232703962,54.149985714976644,-20.81015355761427
39.34143348284947,54.40260925213975,-20.810153557636774
39.30490392800188,54.63382356319861,-20.810153557687045
39.24335642602223,54.843319979319496,-20.81015355776687
39.156964123318744,55.03076693204843,-20.810153557877936
39.04593060873445,55.19580990819633,-20.81015355802178
38.910489940779726,55.33807151515299,-20.810153558199733
38.75090664124743,55.45715166247549,-20.810153558412836
38.56747565387486,55.55262786534323,-20.81015355866175
38.36052226669424,55.62405567510001,-20.810153558946688
38.13040199669427,55.670969241623766,-20.81015355926728
37.87750043538235,55.692882011692035,-20.8101535596225
37.602233053774775,55.689287566862994,-20.81015356001053
37.30504496523073,55.659660603690135,-20.810153560428677
36.98641064436836,55.603458058356374,-20.810153560873268
36.64683360003725,55.5201203770763,-20.810153561339554
36.28684599995428,55.409072932900216,-20.810153561821675
35.907008244123006,55.269727588888195,-20.810153562312575
35.507908483534344,55.101484407033375,-20.810153562804025
35.090162079878034,54.90373350182905,-20.81015356328662
34.65441100106978,54.67585703701906,-20.81015356374986
34.20132314631297,54.417231363870236,-20.810153564182244
33.73159159316362,54.127229299283904,-20.810153564571447
33.24593375765506,53.805222542239854,-20.810153564904546
32.745090456969486,53.45058422746372,-20.81015356516827
32.22982486242745,53.062691615842894,-20.810153565349385
31.700921328716934,52.640928922004385,-20.81015356543504
31.15918408332041,52.1846902806237,-20.81015356541329
30.605435758044077,51.693382854466215,-20.810153565273573
30.040515742439116,51.166430088878734,-20.810153565007276
29.46527833676646,50.60327511944682,-20.810153564608378
28.880590680039983,50.003384341804946,-20.81015356407402
28.287330426644754,49.366251155108685,-20.810153563405194
27.686383143137533,48.69139989341226,-20.810153562607322
27.078639395183966,47.97838996207877,-20.810153561690825
26.464991493282263,47.226820199290685,-20.81015356067163
25.84632986510529,46.43633348559236,-20.810153559571482
25.223539022136556,45.60662162700132,-20.810153558418182
24.597493088996973,44.73743053932456,-20.81015355724551
23.969050865725787,43.82856576259063,-20.810153556092907
23.339050396614226,42.87989833454939,-20.810153555004813
22.708303024381625,41.891371050494044,-20.810153554029636
22.07758691598148,40.86300513261312,-20.810153553218264
21.44764005664068,39.79490732497186,-20.81015355262211
20.81915272242487,38.68727741924908,-20.810153552290778
20.19275945926159,37.54041620065549,-20.810153552269313
19.569030618482998,36.354733782170996,-20.81015355259514
18.948463526016067,35.13075826758332,-20.810153553295006
18.331473394589008,33.8691446492279,-20.810153554382033
17.718384125647525,32.57068380463951,-20.810153555853255
17.109419189497935,31.236311407947596,-20.810153557688103
16.504692817261613,29.867116518029615,-20.810153559848057
15.904201784435736,28.464349548509677,-20.81015356227789
15.307818110121788,27.02942926826391,-20.81015356490866
14.71528303417626,25.563948430165198,-20.810153567662326
14.12620266156881,24.06967758667488,-20.81015357045759
13.540045673339984,22.5485666308529,-20.810153573216255
12.956143490828657,21.00274360801985,-20.81015357586903
12.373693239029087,19.43451038360657,-20.810153578359575
11.791763782417824,17.846334831666482,-20.810153580645757
11.20930500145411,16.240839327763435,-20.81015358269754
10.625160342959823,14.620785486551704,-20.810153584491538
10.03808251971637,12.989055270038305,-20.810153586003374
9.446752065040279,11.34862879362911,-20.810153587199572
8.849798281298131,9.702559355706487,-20.81015358803125
8.245821973439,8.053946392591536,-20.81015358843179
7.633419245221241,6.405907194930773,-20.810153588319796
7.0112055694434865,4.761548298246555,-20.810153587607633
6.377839331604043,3.123937470525931,-20.810153586214234
5.732044090069534,1.4960771623294986,-20.81015358407995
5.072628889552028,-0.11911983271117778,-20.81015358118066
4.398506097454044,-1.7188519227286991,-20.810153577538323
3.7087063897942047,-3.3004470743968386,-20.81015357322609
3.0023906790581867,-4.86137778639649,-20.810153568367177
2.2788589355505287,-6.399272671235155,-20.810153563127834
1.5375559946105657,-7.911924798165792,-20.810153557705704
0.7780745562465919,-9.397297075710334,-20.810153552315477
0.00015566732629701262,-10.853525038612984,-20.810153547173734
-0.7963129708364026,-12.27891745156089,-20.81015354248479
-1.611300502219246,-13.671955154937285,-20.81015353842875
-2.444637855207862,-15.031288562663422,-20.810153535152562
-3.2960237708688327,-16.355734186220097,-20.810153532764375
-4.165031600820744,-17.644270509486613,-20.81015353133099
-5.051116593786922,-18.896033482536502,-20.81015353087797
-5.953623432404656,-20.110311844209676,-20.810153531392046
-6.8717938250254536,-21.28654242702221,-20.810153532825076
-7.804773998816488,-22.424305546388368,-20.81015353509914
-8.751621979020515,-23.523320530738154,-20.81015353811223
-9.711314573951823,-24.58344141058982,-20.81015354174428
-10.682754015873872,-25.60465275304495,-20.810153545863113
-11.664774234308856,-26.587065603188364,-20.810153550330234
-12.656146760740105,-27.530913474962585,-20.81015355500626
-13.655586282332177,-28.436548320640416,-20.81015355975582
-14.66175587746388,-29.30443639945829,-20.81015356445201
-15.67327197775891,-30.135153961795922,-20.810153568980148
-16.68870911005919,-30.929382665101414,-20.810153573240903
-17.706604477505177,-31.68790464127851,-20.810153577152686
-18.72546244160258,-32.41159714227304,-20.810153580653235
-19.743758966877497,-33.10142670096657,-20.810153583700426
-20.759946086470972,-33.758442758056546,-20.8101535862722
-21.772456440862058,-34.38377072217135,-20.81015358836565
-22.779707932981157,-34.978604449732174,-20.810153589995334
-23.780108531542815,-35.54419815257725,-20.810153591190872
-24.772061240889517,-36.081857764475856,-20.81015359199393
-25.753969240544848,-36.59293182155627,-20.81015359245486
-26.72424118172082,-37.07880193534985,-20.81015359262912
-27.68129661202252,-37.5408729594732,-20.810153592573748
-28.62357148443148,-37.98056297071826,-20.810153592344143
-29.549523693228707,-38.39929320130003,-20.8101535919913
-30.45763856868364,-38.798478070144164,-20.810153591559725
-31.34643425480019,-39.17951546652379,-20.81015359108609
-32.214466890691924,-39.543777438531194,-20.810153590598645
-33.060335516520986,-39.892601431628265,-20.810153590117366
-33.882686629368315,-40.22728220910599,-20.810153589654718
-34.68021832261374,-40.549064567346655,-20.81015358921683
-35.451683953849695,-40.85913693532653,-20.810153588804994
-36.195895300285315,-41.15862592109611,-20.81015358841718
-36.911725176141665,-41.44859183946683,-20.810153588049566
-37.598109502763,-41.73002522629686,-20.810153587697794
-38.25404883816858,-42.00384431701115,-20.81015358735797
-38.87860938773145,-42.270893441546455,-20.810153587027365
-39.47092353092916,-42.5319422657681,-20.81015358670479
-40.03018991017621,-42.7876857912605,-20.810153586390697
-40.55567313631878,-43.03874501164468,-20.810153586087026
-41.04670317132995,-43.28566811433764,-20.81015358579696
-41.50267445212651,-43.52893211180685,-20.810153585524514
-41.923044820404805,-43.76894478556361,-20.810153585274094
-42.30733432221785,-44.00604682892066,-20.810153585050116
-42.65512393800076,-44.240514080376,-20.810153584856565
-42.96605429922622,-44.472559747814834,-20.810153584696703
-43.23982444215954,-44.70233653400147,-20.810153584572788
-43.4761906425817,-44.92993858556866,-20.810153584485885
-43.6749653681149,-45.15540320047499,-20.81015358443575
-43.8360163771325,-45.37871224234066,-20.81015358442077
-43.95926598533312,-45.59979322390921,-20.810153584438005
-44.044690513038006,-45.81852003590554,-20.810153584483228
-44.092319918234956,-46.034713311603674,-20.8101535845511
-44.10223761242594,-46.24814043134977,-20.810153584635355
-44.07458044852051,-46.45851518498505,-20.810153584729107
-44.00953886244213,-46.665497123448404,-20.81015358482518
-43.90735714288812,-46.86869064364985,-20.81015358491652
-43.76833379694295,-47.06764386279208,-20.81015358499671
-43.59282197316051,-47.26184734941955,-20.810153585060522
-43.38122989850978,-47.450732788280334,-20.810153585104498
-43.13402128145796,-47.63367166422673,-20.810153585127544
-42.85171563070395,-47.80997405644961,-20.810153585131523
-42.53488843793487,-47.9788876379163,-20.810153585121707
-42.184171173704144,-48.1395969755555,-20.810153585107145
-41.800251048318614,-48.291223224156504,-20.810153585100757
-41.38387049459636,-48.43282430087779,-20.810153585119192
-40.935826336533594,-48.56339561759219,-20.810153585182356
-40.456968617182206,-48.6818714351243,-20.810153585312552
-39.948199070127934,-48.78712688706557,-20.810153585533346
-39.41046923145616,-48.87798070182364,-20.810153585868015
-38.844778202440565,-48.95319863062938,-20.81015358633782
-38.2521700867151,-49.01149756733221,-20.810153586960126
-37.633731138645985,-49.05155032403069,-20.81015358774652
-36.99058667124291,-49.07199100603432,-20.810153588701077
-36.323897781517104,-49.07142091141781,-20.81015358981893
-35.63485795809546,-49.04841486546869,-20.810153591085303
-34.92468963967977,-49.00152788939175,-20.81015359247502
-34.194640793347624,-48.929302096198,-20.81015359395267
-33.445981578692646,-48.83027370494583,-20.81015359547333
-32.68000115758531,-48.702980067281906,-20.810153596983863
-31.898004700282286,-48.545966607134254,-20.81015359842467
-31.101310627260826,-48.35779358479495,-20.810153599731823
-30.291248113142085,-48.13704260969479,-20.810153600839428
-29.469154865077247,-47.882322841042466,-20.810153601682053
-28.636375173670512,-47.592276831304225,-20.81015360219725
-27.794258220511235,-47.265585983442094,-20.810153602327816
-26.94415661319196,-46.90097560824297,-20.810153602024005
-26.087425106685178,-46.49721958245784,-20.810153601245474
-25.225419459394118,-46.053144621512445,-20.810153599962955
-24.359495363206857,-45.567634192110994,-20.81015359815974
-23.491007379478965,-45.03963210016122,-20.810153595832915
-22.621307806961543,-44.468145798267244,-20.81015359299437
-21.75174540312228,-43.852249464837094,-20.810153589671675
-20.883663876873005,-43.191086913971354,-20.810153585908694
-20.018400068195508,-42.48387440210673,-20.810153581766095
-19.15728172832957,-41.72990340424462,-20.81015357732158
-18.301624812865043,-40.92854343981739,-20.81015357266992
-17.452730199129743,-40.07924503607333,-20.810153567922605
-16.61187973863411,-39.18154292541358,-20.81015356320711
-15.78033155508158,-38.23505958235026,-20.810153558665565
-14.959314498784911,-37.239509215420966,-20.810153554452718
-14.150021669638086,-36.19470233896781,-20.810153550732927
-13.353602923712755,-35.10055105830776,-20.810153547676073
-12.57115628400534,-33.95707520820242,-20.810153545451996
-11.803718185137916,-32.764409486894706,-20.81015354422343
-11.052252496606513,-31.522811723940276,-20.810153544137144
-10.317638291616804,-30.232672406597477,-20.810153545313355
-9.60065636123969,-28.894525562954154,-20.810153547833597
-8.901974519523101,-27.509061055973856,-20.810153551727613
-8.222131807462077,-26.077138276577358,-20.81015355696033
-7.561521785336296,-24.59980113115217,-20.810153563420574
-6.920375206096774,-23.07829409573888,-20.81015357091372
-6.298742487837908,-21.51407895375237,-20.810153579161238
-5.696476548808278,-19.908851648069525,-20.810153587809932
-5.1132167277094815,-18.264558468507524,-20.810153596453553
-4.54837467362422,-16.583410576078347,-20.810153604667658
-4.001123235849974,-14.867895658416979,-20.810153612056236
-3.4703894897950294,-13.120785347749674,-20.810153618304675
-2.9548530715404655,-11.345136952121749,-20.810153623229972
-2.4529509298953402,-9.544288093389618,-20.81015362681586
-1.9628894144405398,-7.721843047771278,-20.81015362922067
-1.4826642869294746,-5.88164996758765,-20.810153630749316
-1.0100887772224842,-4.027768721702944,-20.810153631789387
-0.5428292350736543,-2.1644297892203164,-20.810153632721743
-0.07844731336880502,-0.29598540362736675,-20.81015363382626
0.38555296518356313,1.5731451266665444,-20.810153635207634
0.8516753724791926,3.4385334098118414,-20.810153636762713
1.3223812605689655,5.295800415671295,-20.81015363819961
1.800041396612657,7.140672468066053,-20.810153639103465
2.28689207010572,8.969032136291633,-20.810153639030425
2.784997280800231,10.77696189890739,-20.810153637604557
3.296218259365878,12.560779148872433,-20.81015363459443
3.8221909580848297,14.317061872751445,-20.810153629954332
4.364311557562753,16.042665063251626,-20.810153623826842
4.9237295326164645,17.73472853159291,-20.810153616512792
5.501347445936475,19.390677225328805,-20.810153608420983
6.097826405047069,21.00821541401825,-20.81015360001078
6.7135960176316125,22.58531619382221,-20.81015359173878
7.34886768899363,24.120207715240074,-20.81015358401661
8.003650193145466,25.61135739627014,-20.81015357718278
8.677766585453238,27.05745518613653,-20.81015357148838
9.37087168373897,28.457396726175773,-20.810153567094286
10.082469506255272,29.810267039769823,-20.810153564076764
10.811930205529181,31.11532518881692,-20.81015356243835
11.558506169003335,32.37199016900274,-20.810153562121272
12.321347067457554,33.57982818310056,-20.810153563021466
13.09951372027585,34.738541329748436,-20.810153565001926
13.891990714565084,35.84795767132105,-20.810153567904507
14.697697765751755,36.908022594205406,-20.810153571559884
15.515499843728323,37.91879134330638,-20.810153575795677
16.344216113939186,38.88042259551276,-20.81015358044282
17.182627759706968,39.79317293025495,-20.81015358534033
18.029484762885524,40.657392055945905,-20.810153590338853
18.88351172641663,41.47351865644694,-20.810153595303092
19.743412825965404,42.24207672977893,-20.810153600113413
20.607875979546716,42.96367230068046,-20.810153604666837
21.475576324646916,43.638990398313496,-20.81015360887749
22.34517909225469,44.2687921998166,-20.81015361267668
23.215341966699373,44.85391224917466,-20.810153616012737
24.08471701935443,45.3952556689141,-20.81015361885057
24.95195230307576,45.89379528951718,-20.81015362117104
25.815693192596676,46.35056862838651,-20.8101536229702
26.67458355381885,46.76667465697935,-20.81015362425829
27.52726682180899,47.143270301722445,-20.810153625058586
28.372387063109052,47.481566631884796,-20.810153625406034
29.208590092480957,47.78282469607711,-20.810153625345635
30.034524707260474,48.04835097876067,-20.810153624930614
30.848844093978126,48.27949245928428,-20.810153624220366
31.650207451796827,48.47763126860017,-20.81015362327823
32.43728186570511,48.644178952853096,-20.810153622169068
33.20874444950616,48.780570368227266,-20.81015362095688
33.963284764804605,48.888257247328234,-20.81015361970239
34.69960750788853,48.96870149334853,-20.81015361846088
35.41643544221747,49.023368273554375,-20.810153617280253
36.112512540813604,49.05371899737679,-20.810153616199567
36.78660729090105,49.06120427570958,-20.81015361524809
37.43751610330549,49.04725696607358,-20.810153614444864
38.06406676199047,49.01328541240036,-20.810153613798953
38.66512184510175,48.96066698782467,-20.81015361331015
39.23958204826817,48.890742043830954,-20.810153612970243
39.78638934370069,48.804808359452416,-20.810153612764584
40.30452991465327,48.7041161703655,-20.810153612673883
40.79303681366183,48.589863840330246,-20.81015361267611
41.250992304088015,48.46319421740639,-20.810153612748266
41.67752985716647,48.32519169578399,-20.810153612867985
42.07183579022646,48.17687998203061,-20.810153613014847
42.43315054527186,48.019220543172935,-20.81015361317134
42.7607696199536,47.85311169429014,-20.81015361332351
43.05404417455861,47.67938826601888,-20.810153613461203
43.312381348507664,47.498821778161755,-20.810153613578095
43.5352443276915,47.31212103483033,-20.810153613671392
43.72215220962378,47.11993304939147,-20.81015361374147
43.87267971682922,46.92284420387648,-20.810153613791268
43.98645681021096,46.72138154724751,-20.810153613825744
44.06316825353194,46.516014139670744,-20.81015361385128
44.10255317783417,46.30715435532529,-20.810153613875073
44.10440469086939,46.095159063857345,-20.810153613904657
44.06856957168559,45.88033061995571,-20.810153613947435
43.99494808465319,45.662917601293245,-20.810153614010286
43.883493940638516,45.44311524691993,-20.81015361409929
43.734214425923845,45.22106556082975,-20.81015361421946
43.547170711977955,44.99685705863955,-20.81015361437462
43.322478351416805,44.77052414894115,-20.810153614567255
43.060307957553235,44.54204615478134,-20.810153614798516
42.760886056899395,44.31134599476583,-20.810153615068227
42.4244960959393,44.07828855734677,-20.810153615375008
42.051479575526386,43.842678815786094,-20.81015361571643
41.642237278504965,43.60425974489339,-20.81015361608927
41.19723054876073,43.362710113659524,-20.810153616489842
40.716982573075796,43.117642240016266,-20.810153616914345
40.20207961114051,42.86859980474269,-20.81015361735934
39.65317211414628,42.61505583053404,-20.810153617822152
39.070975668867234,42.356410938915474,-20.810153618301296
38.456271702366934,42.09199200146009,-20.810153618796825
37.809907882758885,41.82105130210766,-20.810153619310512
37.13279815408526,41.54276632378598,-20.81015361984584
36.42592234855465,41.256240264637015,-20.810153620407704
35.69032532717939,40.96050337674703,-20.81015362100183
34.927115610207856,40.6545152034076,-20.810153621633823
34.137463471412254,40.337167769901285,-20.810153622307965
33.322598484833655,40.00728975822119,-20.810153623025663
32.48380652838746,39.66365166890199,-20.81015362378387
31.622426265017797,39.304971944430925,-20.810153624573466
30.739845137973116,38.92992399988814,-20.810153625377847
29.83749493132386,38.537144079010005,-20.810153626171903
28.91684695915215,38.12523982924245,-20.810153626921547
27.979406956117398,37.69279946889435,-20.810153627583993
27.02670974772705,37.23840140431044,-20.810153628108758
26.06031378024566,36.76062414582501,-20.810153628439522
25.0817955876604,36.25805636850128,-20.810153628516673
24.092744266671904,35.729306967262545,-20.810153628280453
23.094756020742857,35.1730149655413,-20.810153627674488
22.089428821475853,34.587859151235364,-20.8101536266495
21.07835722082156,33.972567332540116,-20.810153625166887
20.063127331733078,33.325925127947535,-20.810153623202027
19.045311978783335,32.64678422814459,-20.81015362074702
18.026466004791754,31.934070091533346,-20.8101536178128
17.008121705400068,31.186789058580448,-20.810153614430437
15.991784351389898,30.4040348923048,-20.810153610651533
14.978927748792023,29.58499477223792,-20.810153606547868
13.970989779798865,28.728954786638752,-20.810153602210114
12.969367863333634,27.835304982269317,-20.810153597745753
11.975414272934568,26.90354404241379,-20.810153593276304
10.990431251408225,25.933283671893005,-20.81015358893375
10.015665866500152,24.924252772443985,-20.810153584856444
9.052304559650747,23.876301492819977,-20.810153581184423
8.101467350818789,22.78940523506264,-20.810153578054198
7.164201676497356,21.663668691245103,-20.810153575593237
6.241475855613768,20.49932997311056,-20.810153573914164
5.3341721992436,19.296764879871827,-20.810153573108835
4.443079805237564,18.056491326380783,-20.81015357324266
3.568887108166685,16.779173924348687,-20.810153574349357
2.712174288498107,15.465628672884453,-20.81015357642658
1.873405682413869,14.116827671232985,-20.810153579432935
1.0529223745490535,12.73390371669132,-20.810153583286834
0.2509351989312126,11.318154595484891,-20.810153587867795
-0.5324815834362024,9.871046816147658,-20.810153593020534
-1.2973956214755336,8.39421847714534,-20.810153598562096
-2.0440204827059065,6.88948090793142,-20.81015360429202
-2.7727179684480516,5.358818681442138,-20.810153610004797
-3.4839983645058545,3.8043875733214882,-20.81015361550392
-4.178518272651725,2.228510046399492,-20.810153620615647
-4.857075711732224,0.6336678750366611,-20.81015362520103
-5.520602251148077,-0.9775084020021914,-20.810153629164155
-6.170152044599874,-2.6022533975496627,-20.810153632455304
-6.806887765556707,-4.237684207032432,-20.810153635068225
-7.432063601030108,-5.880821019751855,-20.810153637032066
-8.047005625977064,-7.528610678512083,-20.810153638399328
-8.653090042796753,-9.177952659583877,-20.81015363923231
-9.251719913028488,-10.82572677001276,-20.810153639590812
-9.844301116121267,-12.468821724938367,-20.810153639523378
-10.432218330574488,-14.104163689907256,-20.81015363906377
-11.016811838437782,-15.728743861867228,-20.81015363823267
-11.599355904079495,-17.33964421930939,-20.810153637043626
-12.181039377858898,-18.93406069018344,-20.810153635511266
-12.762949036080183,-20.509323151886193,-20.810153633659418
-13.346056005320236,-22.06291187220081,-20.810153631527193
-13.931205448207441,-23.592470203255278,-20.81015362917168
-14.519109524264799,-25.095813533437077,-20.810153626667045
-15.110343495896489,-26.570934669556724,-20.810153624100316
-15.705344734351902,-28.016005953355204,-20.810153621565107
-16.30441429758826,-29.429378508144517,-20.81015361915437
-16.907720701503052,-30.809579063324207,-20.810153616953468
-17.51530548510519,-32.155304820871635,-20.81015361503445
-18.127090173945867,-33.46541681518208,-20.81015361345209
-18.74288426870613,-34.738932183399974,-20.81015361224177
-19.36239392133654,-35.97501571513944,-20.81015361141924
-19.985231004204532,-37.172970994929194,-20.810153610981864
-20.610922323867616,-38.33223139327173,-20.810153610910916
-21.238918776936146,-39.452351106927956,-20.810153611174563
-21.86860428861914,-40.53299639863845,-20.81015361173122
-22.499304413459754,-41.573937142531314,-20.810153612532787
-23.130294511692593,-42.57503874459083,-20.810153613527767
-23.76080744336896,-43.53625447774745,-20.810153614663925
-24.390040746055252,-44.45761824792952,-20.810153615890556
-25.017163280909546,-45.33923779006012,-20.810153617160253
-25.641321346807402,-46.181288280635584,-20.810153618430192
-26.261644273493175,-46.98400634531275,-20.810153619663026
-26.877249513046607,-47.74768443503121,-20.810153620827347
-27.487247254804696,-48.47266554185859,-20.8101536218979
-28.090744592738215,-49.15933822532724,-20.810153622855466
-28.686849276558235,-49.808131920990235,-20.810153623686602
-29.274673078864776,-50.419512504825335,-20.810153624383197
-29.853334810730974,-50.99397808961124,-20.81015362494194
-30.421963017474717,-51.53205503222259,-20.810153625363675
-30.979698385190897,-52.034294133738186,-20.810153625652852
-31.52569588705212,-52.50126701718317,-20.8101536258168
-32.05912669655149,-52.933562670526136,-20.81015362586514
-32.57917989285387,-53.33178414515605,-20.810153625809203
-33.08506398131598,-53.696545402425066,-20.810153625661457
-33.57600825009248,-54.02846830293644,-20.810153625435035
-34.051263981612585,-54.328179735067835,-20.810153625143272
-34.510105535629286,-54.5963088807474,-20.810153624799383
-34.951831318543064,-54.833484617746386,-20.81015362441608
-35.37576465180945,-55.0403330587272,-20.810153624005384
-35.781254550474976,-55.21747522800198,-20.81015362357839
-36.167676421265085,-55.36552487742936,-20.81015362314515
-36.53443268818103,-55.485086443123485,-20.810153622714605
-36.88095335225785,-55.576753144688816,-20.810153622294475
-37.20669649099477,-55.64110522854823,-20.810153621891338
-37.51114870199237,-55.678708356622764,-20.810153621510594
-37.79382549451197,-55.6901121411738,-20.81015362115655
-38.05427163200516,-55.67584882605782,-20.810153620832505
-38.29206142813213,-55.63643211399741,-20.810153620540795
-38.506798998384944,-55.5723561387663,-20.810153620282954
-38.698118469137846,-55.48409458045011,-20.81015362005977
-38.86568414574507,-55.37209992120308,-20.81015361987142
-39.00919064117849,-55.23680283820287,-20.810153619717564
-39.12836296662347,-55.07861172983315,-20.810153619597436
-39.222956585413705,-54.89791237052014,-20.810153619509943
-39.29275743166673,-54.69506768913392,-20.810153619453747
-39.33758189496418,-54.470417665453425,-20.810153619427318
-39.35727677239257,-54.224279338898135,-20.810153619429
-39.351719189206534,-53.95694692355776,-20.810153619457076
-39.32081648929059,-53.668692023506914,-20.810153619509766
-39.264506096468,-53.359763942475325,-20.81015361958529
-39.18275534753483,-53.03039008215059,-20.810153619681866
-39.075561297680245,-52.68077642371223,-20.810153619797717
-38.94295049869311,-52.311108087620894,-20.81015361993107
-38.78497875005302,-51.92154996720072,-20.810153620080165
-38.60173082266712,-51.512247432139,-20.81015362024325
-38.39332015464891,-51.0833270986665,-20.81015362041853
-38.159888518152435,-50.63489766385374,-20.810153620604193
-37.901605655882655,-50.167050802141965,-20.810153620798403
-37.618668885513436,-49.679862122901234,-20.810153620999234
-37.31130266986783,-49.17339218845055,-20.81015362120469
-36.97975815036432,-48.647687592565696,-20.810153621412706
-36.62431264091781,-48.10278210002066,-20.810153621621108
-36.24526907921634,-47.53869784813904,-20.81015362182763
-35.84295543208535,-46.95544661165827,-20.810153622029897
-35.41772405150866,-46.353031132416376,-20.810153622225442
-34.969950977810136,-45.73144651544798,-20.810153622411715
-34.50003518651764,-45.090681693013366,-20.810153622586093
-34.00839777553997,-44.43072095787611,-20.81015362274591
-33.49548108949219,-43.751545566786824,-20.810153622888485
-32.961747778309885,-43.05313541462203,-20.81015362301117
-32.40767978770055,-42.33547077897064,-20.810153623111386
-31.833777279493376,-41.59853413415922,-20.81015362318667
-31.240557480566093,-40.84231203276947,-20.810153623234754
-30.6285534597494,-40.066797051635476,-20.810153623253605
-29.998312832932733,-39.271989798126896,-20.810153623241504
-29.35039639751656,-38.45790097124006,-20.810153623197113
-28.685376698370963,-37.62455347064823,-20.810153623119533
-28.00383652856114,-36.7719845454224,-20.810153623008382
-27.306367369279755,-35.90024797264232,-20.810153622863822
-26.593567774674028,-35.00941625459613,-20.810153622686652
-25.866041708559944,-34.099582821735524,-20.810153622478293
-25.124396841363147,-33.17086422703552,-20.810153622240808
-24.36924281699953,-32.22340231592773,-20.810153621976944
-23.60118950078894,-31.25736635455748,-20.810153621690063
-22.820845220860512,-30.272955097787538,-20.810153621384092
-22.02881501683294,-29.270398777160167,-20.810153621063492
-21.225698910807857,-28.249960987967704,-20.810153620733136
-20.412090216868148,-27.211940453700187,-20.810153620398165
-19.58857390628899,-26.15667264547162,-20.81015362006392
-18.75572504650987,-25.08453123360991,-20.810153619735722
-17.91410733253922,-23.99592934846601,-20.810153619418745
-17.06427172982763,-22.89132062769345,-20.810153619117855
-16.206755247707832,-21.771200027806866,-20.810153618837415
-15.342079862218352,-20.63610437878354,-20.810153618581182
-14.470751606464916,-19.486612661856654,-20.81015361835213
-13.593259845596052,-18.323345992490214,-20.810153618152377
-12.710076751952434,-17.14696729284106,-20.81015361798308
-11.82165699397819,-15.958180640812405,-20.810153617844446
-10.92843765005532,-14.757730286079997,-20.810153617735693
-10.030838355552733,-13.546399327206782,-20.810153617655125
-9.12926168809963,-12.325008048116818,-20.810153617600243
-8.224093792447848,-11.094411916717798,-20.810153617567835
-7.3157052423463425,-9.85549925326768,-20.81015361755417
-6.404452132698683,-8.609188581080035,-20.810153617555205
-5.490677391012534,-7.356425677242492,-20.81015361756678
-4.5747122928933495,-6.098180346057143,-20.810153617584845
-3.656878162206907,-4.835442942764659,-20.81015361760568
-2.7374882326649184,-3.569220679644738,-20.810153617626078
-1.8168496441013926,-2.30053375065536,-20.810153617643557
-0.8952655437237242,-1.030411314251406,-20.810153617656468
0.02696273975320639,0.2401126232059336,-20.810153617664113
0.949533482863344,1.5100033790685876,-20.81015361766679
1.8721423497355376,2.7782297755704994,-20.81015361766576
2.79448020486461,4.043768284875579,-20.810153617663246
3.7162309904836626,5.3056070930567865,-20.81015361766228
4.637069701284926,6.562750039667507,-20.81015361766659
5.556660487090832,7.814220392004085,-20.810153617680367
6.474654911292962,9.059064416339307,-20.810153617708117
7.390690389553359,10.296354712222547,-20.810153617754384
8.304388829514938,11.525193280268331,-20.810153617823545
9.21535548821944,12.744714298556158,-20.81015361791957
10.123178059709927,13.954086587701648,-20.81015361804583
11.02742600102504,15.15251574969662,-20.810153618204943
11.927650100591421,16.339245970625594,-20.810153618398566
12.823382288993727,17.513561482233282,-20.810153618627396
13.714135688338807,18.67478768194305,-20.81015361889106
14.599404893004095,19.822291915228536,-20.810153619188117
15.478666471524788,20.955483928157854,-20.81015361951613
16.35137967676593,22.07381600141779,-20.810153619871716
17.216987349363407,23.176782780157872,-20.810153620250688
18.074916997705536,24.263920816560027,-20.810153620648173
18.924582036454993,25.33480784414082,-20.810153621058816
19.765383164758337,26.389061804442523,-20.810153621476935
20.596709864828686,27.426339647987906,-20.810153621896664
21.417942001481084,28.44633593218796,-20.810153622312214
22.228451503410785,29.448781239332888,-20.810153622717934
23.02760410749194,30.43344043789717,-20.810153623108537
23.81476114809672,31.400110810183236,-20.81015362347918
24.589281374353238,32.34862006884853,-20.81015362382557
25.35052277933687,33.27882428414048,-20.81015362414405
26.097844426388722,34.19060574273453,-20.810153624431642
26.83060825904435,35.08387075796241,-20.810153624686063
27.548180882407213,35.95854744995985,-20.810153624905734
28.249935305187577,36.81458351288359,-20.810153625089754
28.935252633026895,37.65194398487262,-20.810153625237866
29.603523705118626,38.47060903488512,-20.810153625350424
30.25415066750201,39.27057177895494,-20.81015362542829
30.886548477729487,40.051836136804525,-20.81015362547281
31.50014633687762,40.814414738149175,-20.810153625485718
32.094389046073935,41.55832688645215,-20.810153625469088
32.66873828583741,42.28359658636526,-20.81015362542523
33.22267381756995,42.99025063963437,-20.810153625356648
33.75569460748289,43.67831681288408,-20.810153625265983
34.2673198740892,44.34782207943894,-20.810153625155923
34.757090061136175,44.99879093620406,-20.810153625029216
35.22456773848894,45.63124379563166,-20.810153624888557
35.66933843400245,46.24519545195139,-20.810153624736625
36.09101139983699,46.84065362015035,-20.810153624576007
36.48922031698069,47.41761754565894,-20.810153624409207
36.86362394194479,47.976076682333876,-20.81015362423862
37.21390669969679,48.51600943612858,-20.81015362406655
37.5397792268989,49.037381971801594,-20.81015362389518
37.84097886943006,49.540147080127205,-20.810153623726602
38.11727013799873,50.0242431033313,-20.810153623562826
38.36844512540751,50.489592916866094,-20.81015362340578
38.594323888722435,50.93610296614558,-20.81015362325732
38.79475479923803,51.363662357471576,-20.810153623119284
38.96961486272789,51.77214200306905,-20.810153622993468
39.11881001204093,52.161393820898304,-20.81015362288168
39.242275373658565,52.5312499906972,-20.81015362278571
39.33997550938079,52.881522268507354,-20.810153622707393
39.41190463387162,53.21200136272918,-20.810153622648592
39.45808680837793,53.52245637550909,-20.810153622611214
39.47857611055159,53.8126343139659,-20.810153622597195
39.4734567799614,54.082259676390194,-20.810153622608503
39.442843338586144,54.3310341190818,-20.810153622647103
39.38688068533874,54.558636209909196,-20.810153622714964
39.30574416348554,54.764721274967336,-20.810153622813978
39.19963959969538,54.94892134486606,-20.810153622945933
39.06880331337602,55.11084520719529,-20.810153623112445
38.91350209492603,55.250078571582314,-20.810153623314882
38.734033151537645,55.3661843534841,-20.810153623554275
38.53072401922029,55.45870308245153,-20.81015362383121
38.30393243975873,55.527153440073185,-20.810153624145748
38.054046201359384,55.571032932171605,-20.810153624497296
37.781482941752024,55.58981869910285,-20.810153624884478
37.48668991248417,55.582968467225434,-20.810153625305052
37.170143703049064,55.54992164378195,-20.81015362575577
36.832349923306076,55.49010055660413,-20.810153626232314
36.473842842363645,55.40291183923855,-20.810153626729175
36.09518498168182,55.28774796132473,-20.81015362723962
35.69696665959656,55.143988903369824,-20.81015362775565
35.27980548375868,54.97100397448132,-20.810153628268004
34.844345787104665,54.76815377117024,-20.810153628766212
34.3912580019287,54.534792275045355,-20.810153629238677
33.92123796540038,54.27026908710963,-20.810153629672826
33.43500614847273,53.973931796463965,-20.810153630055286
32.93330679855338,53.64512848154049,-20.81015363037218
32.4169069845778,53.283210342547406,-20.810153630609427
31.88659553123928,52.88753446462483,-20.810153630753145
31.343181827113085,52.45746671230197,-20.81015363079007
30.78749448928254,51.99238475722293,-20.810153630708115
30.220379864859947,51.49168124278011,-20.810153630496902
29.64270034752546,50.95476709126753,-20.810153630148374
29.055332484922808,50.38107496143906,-20.810153629657467
28.45916485049836,49.770062866919766,-20.810153629022746
27.855095651209655,49.12121796874833,-20.81015362824709
27.24403004053425,48.43406055838349,-20.810153627338302
26.626877104473678,47.708148250719674,-20.81015362630972
26.004546486887993,46.94308040992608,-20.810153625180604
25.377944619663662,46.13850283410226,-20.810153623976557
24.74797052310075,45.29411272762999,-20.810153622729565
24.11551114274032,44.409663992423575,-20.810153621477905
23.48143619093419,43.48497287068036,-20.810153620265677
22.846592465144248,42.51992397175511,-20.81015361914196
22.211797620677473,41.51447671385925,-20.81015361815955
21.577833383818508,40.46867220673304,-20.81015361737323
20.945438202684414,39.382640593456514,-20.810153616837532
20.315299348218456,38.25660885725101,-20.810153616604016
19.68804449720079,37.090909081515356,-20.810153616718228
19.064232853586663,35.88598712748037,-20.810153617216304
18.44434589436718,34.64241166290077,-20.81015361812167
17.82877786172577,33.360883436545265,-20.8101536194419
17.217826164384558,32.04224464675821,-20.810153621166336
16.611681896970428,30.687488198619963,-20.810153623264767
16.01042073547099,29.297766584776568,-20.810153625687654
15.41399451690747,27.874400062645602,-20.81015362836809
14.822223858606423,26.41888373971037,-20.810153631225937
14.234792212116094,24.932893124833004,-20.810153634173513
13.651241773054766,23.418287664224668,-20.810153637122646
13.070971674498216,21.87711176417791,-20.810153639991942
12.493238871408968,20.31159281732909,-20.810153642712955
11.917162071527073,18.724135802471675,-20.810153645233974
11.341728980646467,17.117314124631037,-20.810153647520213
10.765807007190547,15.493856502949932,-20.810153649549985
10.18815741671258,13.856629894169043,-20.810153651307147
9.60745275044715,12.20861864821626,-20.81015365277152
9.022297136923934,10.552900312929259,-20.810153653909374
8.431248948809744,8.892618716257603,-20.810153654666884
7.832845106626209,7.2309551338958045,-20.810153654968726
7.225626223349812,5.5710984775358305,-20.810153654723166
6.608161731470717,3.9162154985046147,-20.81015365383326
5.97907414284159,2.2694219862735086,-20.81015365221244
5.337061660154527,0.6337558534129684,-20.810153649801467
4.680918478601392,-0.9878471507777993,-20.81015364658346
4.009552273115902,-2.5925745483909695,-20.81015364259413
3.3219985433762758,-4.177754727319902,-20.810153637925374
2.6174316679096554,-5.740870900030722,-20.810153632721885
1.8951726847074595,-7.279571498607182,-20.810153627171502
1.154693957065083,-8.79167723811062,-20.81015362149123
0.395620992846042,-10.275185198745568,-20.81015361591098
-0.3822682394623606,-11.728270351973329,-20.81015361065729
-1.1790461123615914,-13.149284989284773,-20.810153605938766
-1.994639859837546,-14.536756510897371,-20.81015360193438
-2.828837428006307,-15.889384003046029,-20.810153598785284
-3.6812942943745837,-17.206033985096624,-20.81015359659014
-4.551540932648168,-18.485735649154392,-20.810153595403655
-5.438990644676018,-19.72767585169191,-20.810153595237864
-6.3429475279100895,-20.93119405402483,-20.810153596065444
-7.262614392727033,-22.09577734976043,-20.810153597824524
-8.197100487122299,-23.221055664836943,-20.810153600424375
-9.145428925495068,-24.306797170574598,-20.81015360375158
-10.106543752962656,-25.352903912575677,-20.810153607676305
-11.079316606776834,-26.359407628098772,-20.81015361205844
-12.062552962129544,-27.326465701129283,-20.81015361675343
-13.054997971232613,-28.254357187071477,-20.810153621617673
-14.055341922371042,-29.14347882708142,-20.810153626513376
-15.062225359968219,-29.994340964903298,-20.810153631312826
-16.074243917800835,-30.80756327614208,-20.81015363590208
-17.089952925516528,-31.58387022081757,-20.81015364018386
-18.107871853614487,-32.32408613453878,-20.81015364407981
-19.126488664065633,-33.02912988155055,-20.81015364753191
-20.144264132762206,-33.7000090041267,-20.810153650502993
-21.15963620599267,-34.33781331720474,-20.810153652976553
-22.171024446182017,-34.94370791460726,-20.810153654955563
-23.17683461235609,-35.518925573387634,-20.810153656460535
-24.175463408443477,-36.06475856532364,-20.810153657526904
-25.165303418034362,-36.58254990871302,-20.81015365820177
-26.144748228150156,-37.0736841185416,-20.8101536585403
-27.11219772767441,-37.53957753774499,-20.81015365860203
-28.066063549215112,-37.98166835546413,-20.810153658447128
-29.004774607251008,-38.401406438623596,-20.81015365813314
-29.926782671411964,-38.80024311957617,-20.810153657712185
-30.830567902543553,-39.17962109382569,-20.810153657228938
-31.714644271552956,-39.54096458706876,-20.810153656719375
-32.577564777454384,-39.88566994943147,-20.810153656210314
-33.41792638178623,-40.21509682667109,-20.810153655719805
-34.23437458161753,-40.53056004356191,-20.81015365525804
-35.02560755235907,-40.83332231440801,-20.810153654828763
-35.79037980394052,-41.12458787072078,-20.810153654430923
-36.52750530879515,-41.40549706793608,-20.810153654060368
-37.23586007656372,-41.67712200315895,-20.810153653711428
-37.914384167497964,-41.94046314587669,-20.81015365337828
-38.562083153257156,-42.19644695484539,-20.81015365305595
-39.17802904930313,-42.44592442820645,-20.810153652741015
-39.76136075672594,-42.68967051133273,-20.81015365243192
-40.31128406258463,-42.92838426862924,-20.810153652129046
-40.82707125643628,-43.162689711892874,-20.8101536518345
-41.308060426557205,-43.39313716894036,-20.810153651551772
-41.75365450249971,-43.62020507186398,-20.810153651285297
-42.1633201112766,-43.84430204409186,-20.81015365103996
-42.5365863129102,-44.06576916890574,-20.810153650820638
-42.87304327766149,-44.28488232862364,-20.810153650631786
-43.17234096232099,-44.50185451269387,-20.810153650477062
-43.43418783683621,-44.71683800390083,-20.81015365035905
-43.658349705578665,-44.929926364243656,-20.810153650279084
-43.84464865997847,-45.141156155382184,-20.810153650237083
-43.9929621912907,-45.35050834249975,-20.810153650231516
-44.10322248407044,-45.557909344738796,-20.810153650259437
-44.17541590264886,-45.76323170981877,-20.81015365031653
-44.209582674616925,-45.96629440489538,-20.81015365039726
-44.20581676711545,-46.16686273004417,-20.81015365049513
-44.164265943675396,-46.36464787483798,-20.810153650602917
-44.085131981538005,-46.55930615221069,-20.810153650713072
-43.968671021918,-46.75043795700105,-20.81015365081815
-43.81519401869671,-46.937586509040656,-20.81015365091134
-43.625067244724896,-47.1202364521213,-20.810153650987026
-43.39871280949625,-47.29781239031418,-20.81015365104146
-43.13660913767665,-47.46967745152469,-20.810153651073357
-42.83929135511918,-47.63513197441273,-20.810153651084537
-42.5073515278446,-47.79341241843379,-20.810153651080412
-42.14143870028623,-47.94369059731965,-20.81015365107038
-41.742258682103746,-48.085073333440356,-20.81015365106792
-41.31057353819593,-48.216602623902446,-20.810153651090463
-40.847200744208955,-48.33725639883381,-20.810153651158835
-40.3530119797226,-48.44594993817896,-20.810153651296396
-39.828931543120085,-48.541537995812654,-20.81015365152773
-39.2759343854593,-48.62281765945596,-20.810153651877073
-38.695043774863585,-48.688531952567196,-20.810153652366388
-38.087328617311,-48.73737416109925,-20.810153653013398
-37.453900473419395,-48.76799284492198,-20.810153653829563
-36.79591032307932,-48.77899747201025,-20.81015365481828
-36.114545139808705,-48.76896459435864,-20.8101536559734
-35.41102434384067,-48.73644446902102,-20.810153657278228
-34.686596206735615,-48.67996801647545,-20.810153658705122
-33.942534280476146,-48.598054002172255,-20.810153660215743
-33.180133920544755,-48.48921632579387,-20.810153661761905
-32.40070896562044,-48.351971306261866,-20.81015366328708
-31.605588626693272,-48.18484485839358,-20.810153664728297
-30.796114626177793,-47.98637946861704,-20.81015366601854
-29.97363861370367,-47.755140891421405,-20.810153667089235
-29.139519870413228,-47.489724504297996,-20.810153667872925
-28.29512329851444,-47.18876127587824,-20.81015366830583
-27.441817678168704,-46.850923318952816,-20.81015366833031
-26.58097416006523,-46.47492901636045,-20.8101536678971
-25.713964949644673,-46.0595477228508,-20.810153666967274
-24.842162128135644,-45.603604059634215,-20.810153665513937
-23.96693654647457,-45.1059818303096,-20.810153663523696
-23.089656720783616,-44.5656275972601,-20.810153660997806
-22.211687652276716,-43.981553966617405,-20.81015365795315
-21.33438949007013,-43.352842637820586,-20.810153654422983
-20.459115952166854,-42.67864728099721,-20.810153650457494
-19.587212417623174,-41.95819631226585,-20.81015364612415
-18.72001360135924,-41.190795643973615,-20.810153641507807
-17.85884072205017,-40.37583149416509,-20.810153636710595
-17.004998072897752,-39.51277334745936,-20.810153631851357
-16.159768904795374,-38.60117716808983,-20.81015362706472
-15.324410531541766,-37.64068897505769,-20.810153622499456
-14.500148567574517,-36.631048898855866,-20.81015361831615
-13.688170210627334,-35.57209584843609,-20.81015361468382
-12.889616485466043,-34.46377292505383,-20.810153611775362
-12.105573371441064,-33.306133724926816,-20.810153609761507
-11.337061747393564,-32.09934967334423,-20.810153608803212
-10.585026104278926,-30.843718526417494,-20.81015360904219
-9.8503220009879,-29.53967415985958,-20.810153610589865
-9.133702274952114,-28.187797733149058,-20.81015361351477
-8.43580206925121,-26.78883026776117,-20.81015361782935
-7.757122805233375,-25.343686605142175,-20.81015362347715
-7.098015316950863,-23.853470609326745,-20.810153630322365
-6.4586624728657815,-22.319491347204274,-20.810153638144158
-5.839061741276868,-20.743279815395347,-20.810153646638568
-5.239008305648748,-19.12660558938101,-20.81015365543112
-4.6580794969480905,-17.47149255656728,-20.810153664102167
-4.095621468952518,-15.78023267654646,-20.810153672225514
-3.550739179553483,-14.055396513858291,-20.810153679417695
-3.0222908303757996,-12.29983914455311,-20.810153685391565
-2.508887928429479,-10.516699987474508,-20.810153690003887
-2.008902036835726,-8.709395194886664,-20.81015369328453
-1.520479053201123,-6.881601487788305,-20.810153695435265
-1.0415614845342183,-5.037230753925811,-20.8101536967918
-0.5699186891269198,-3.180395327998876,-20.810153697751435
-0.10318446739611016,-1.3153645962505995,-20.810153698680043
0.3610992304926137,0.5534856695166456,-20.81015369982059
0.8254342709921757,2.42172914449381,-20.810153701228156
1.29231618771084,4.284947318640435,-20.810153702750505
1.7641843387178178,6.138787500355224,-20.810153704060404
2.2433747628339655,7.9790175945664865,-20.81015370473068
2.732077859070829,9.801575130838469,-20.81015370433096
3.2323025524464244,11.602608595380103,-20.810153702520697
3.745848028915045,13.378509845601863,-20.81015369911689
4.274283506809882,15.125937148128479,-20.810153694124736
4.818935940358987,16.84182908096443,-20.810153687730647
5.380885081038155,18.52341010425628,-20.81015368026578
5.960964987034467,20.168188992778106,-20.810153672153024
6.559770876430918,21.773951531329555,-20.810153663850265
7.177670152216812,23.338748921974343,-20.81015365579999
7.81481646085949,24.860883275130384,-20.810153648391065
8.471165750227827,26.33889139590645,-20.810153641934775
9.146493437667427,27.771527871319567,-20.81015363665406
9.84041196040992,29.157748244676217,-20.81015363268338
10.55238814008717,30.496692853223745,-20.810153630076066
11.281759939132549,31.787671718390026,-20.81015362881606
12.027752312937182,33.03015072159626,-20.81015362883164
12.789491965549711,34.22373917451619,-20.810153630009246
13.566020899001439,35.368178799037395,-20.810153632206358
14.356308709183969,36.46333406534843,-20.81015363526275
15.15926362756358,37.50918379196695,-20.81015363900984
15.973742341033413,38.50581388447961,-20.810153643278205
16.798558644854207,39.453411075985734,-20.810153647903427
17.632490998520293,40.352257528010014,-20.810153652730385
18.474289063667737,41.20272615292911,-20.81015365761643
19.322679308526258,42.00527652534813,-20.81015366243343
20.176369766203713,42.76045125856036,-20.810153667069166
21.034054035225353,43.46887273192629,-20.810153671428036
21.894414610877355,44.13124006483689,-20.81015367543135
22.75612563543534,44.74832624233708,-20.810153679017247
23.617855154515563,45.32097530620758,-20.81015368214038
24.47826696564508,45.85009953327155,-20.81015368477138
25.33602214367352,46.33667653000493,-20.810153686896125
26.18978032572819,46.78174617939862,-20.810153688514898
27.038200835876662,47.18640738274176,-20.810153689641314
27.879943726306852,47.55181454590547,-20.81015369030114
28.713670807455575,47.87917376715501,-20.810153690530868
29.53804673392138,48.16973869183015,-20.810153690376104
30.351740206033252,48.424806008673514,-20.810153689889827
31.153425338524617,48.64571057332937,-20.81015368913031
31.941783237878663,48.83382015662899,-20.810153688159023
32.71550381866708,48.99052982862474,-20.810153687038373
33.47328787681794,49.117256003667315,-20.81015368582941
34.213849424559626,49.21543018670609,-20.810153684589647
34.935918278249865,49.28649247583993,-20.81015368337105
35.6382428769624,49.33188489023974,-20.810153682218314
36.3195932971807,49.35304460510753,-20.810153681167563
36.978764417872355,49.351397185519104,-20.81015368024553
37.61457918119168,49.32834991806138,-20.81015367946928
38.22589188760183,49.28528534249379,-20.810153678846458
38.81159146070598,49.22355508480781,-20.81015367837606
39.37060461674365,49.14447408784902,-20.81015367804962
39.90189887655545,49.04931532620555,-20.810153677852735
40.40448536365707,48.939305078738876,-20.81015367776676
40.877421340509464,48.81561881558191,-20.810153677770547
41.31981244558773,48.67937773750465,-20.810153677842127
41.730814605784886,48.5316459852348,-20.810153677960177
42.10963561133393,48.37342851566087,-20.810153678105266
42.45553635308736,48.205669621851186,-20.81015367826071
42.76783173401034,48.02925205540626,-20.810153678413194
43.045891277568174,47.84499669357701,-20.810153678552968
43.28913946489718,47.653662680386134,-20.81015367867392
43.497055839951514,47.4559479610299,-20.810153678773265
43.66917492707211,47.25249012225532,-20.810153678851215
43.805086008605066,47.04386744816113,-20.810153678910428
43.90443281139051,46.830600100771164,-20.810153678955494
43.96691315031218,46.6131513374781,-20.81015367899236
43.99227857485668,46.39192868269226,-20.81015367902781
43.98033406101897,46.167284978362964,-20.81015367906895
43.93093778615015,45.939519247086125,-20.81015367912281
43.84400101870244,45.708877311913895,-20.81015367919597
43.719488148488736,45.475552128430934,-20.810153679294256
43.55741687621219,45.239683796895854,-20.81015367942254
43.35785857377678,45.00135923505473,-20.810153679584563
43.12093881937777,44.760611505447024,-20.810153679782847
42.846838103686444,44.517418804500764,-20.810153680018658
42.535792695673756,44.271703134323296,-20.81015368029203
42.18809564884962,44.02332869169988,-20.810153680601875
41.80409792103221,43.77210002225157,-20.81015368094614
41.38420957333019,43.517760000769854,-20.810153681322017
40.9289010069817,43.25998771117565,-20.810153681726295
40.43870419024591,42.99839631101294,-20.810153682155626
39.914213821925905,42.732530975484416,-20.810153682607005
39.356088373592414,42.46186702430438,-20.810153683078084
38.765050949477434,42.185808340576024,-20.810153683567574
38.14188990162501,41.90368619396681,-20.810153684075505
37.48745913851686,41.614758580150266,-20.810153684603335
36.80267806827969,41.31821018436177,-20.810153685153928
36.08853112289513,41.01315306865787,-20.81015368573117
35.346066817626145,40.69862816992471,-20.810153686339383
34.57639631005122,40.37360767892718,-20.81015368698242
33.78069143540275,40.03699835006267,-20.810153687662446
32.960182208903916,39.687645767600515,-20.810153688378577
32.116153800886664,39.32433956794001,-20.810153689125364
31.249943005909852,38.945819589936974,-20.810153689891404
30.362934242042048,38.5507828979349,-20.810153690658076
29.456555130055033,38.13789159618165,-20.810153691398764
28.53227171365462,37.70578133018704,-20.81015369207856
27.591583390327855,37.25307035151909,-20.81015369265471
26.636017627359713,36.77836900855267,-20.810153693077744
25.667124538744464,36.2802895174593,-20.81015369329338
24.6864713960227,35.75745586557935,-20.81015369324505
23.695637139711277,35.20851370317481,-20.810153692876987
22.696206948398405,34.63214008898874,-20.810153692137632
21.689766910385583,34.027052969290615,-20.810153690983135
20.67789882874499,33.39202028818959,-20.810153689380734
19.662175175670164,32.72586864784088,-20.810153687311807
18.64415419687623,32.02749145960034,-20.81015368477438
17.62537515234732,31.295856550093095,-20.81015368178496
16.607353666625063,30.53001320855605,-20.810153678379624
15.591577150648495,29.729098682849898,-20.8101536746142
14.57950024831893,28.892344150545046,-20.81015367056366
13.572540254767123,28.019080207965906,-20.810153666320723
12.572072449927006,27.108741933672146,-20.81015366199353
11.57942529056676,26.16087359331033,-20.810153657702752
10.595875406441513,25.175133059891415,-20.810153653577906
9.622642351741447,24.15129602715615,-20.810153649753147
8.660883071557697,23.08926009356773,-20.81015364636253
7.711686054754379,21.989048790339766,-20.810153643534818
6.7760651595439265,20.85081561840558,-20.810153641388
5.854953116383581,19.674848145917743,-20.810153640023703
4.949194734734218,18.461572199235032,-20.810153639521545
4.059539865916586,17.211556155910486,-20.810153639933898
3.1866362038408256,15.925515317534355,-20.810153641281183
2.3310220386602327,14.604316303229389,-20.810153643548333
1.4931191149858025,13.248981361352875,-20.81015364668261
0.6732257853152,11.86069244833057,-20.810153650593485
-0.12848931070610592,10.440794871135399,-20.8101536551549
-0.9119927718896879,8.99080023633721,-20.810153660210197
-1.677390862325943,7.512388397646016,-20.810153665579882
-2.424932509647484,6.007408050385626,-20.810153671071916
-3.1550105316199666,4.477875591329714,-20.810153676493847
-3.868160752314004,2.9259718524005844,-20.810153681665724
-4.565058695915507,1.3540363334132781,-20.81015368643233
-5.246513599266409,-0.23544139212605783,-20.810153690673125
-5.913459565474801,-1.8398333398260236,-20.810153694308337
-6.566943789678305,-3.456387967630725,-20.81015369730015
-7.208111920180197,-5.0822481902136785,-20.8101536996489
-7.838190765914715,-6.714472352133516,-20.810153701384696
-8.458468713369948,-8.350057775606484,-20.810153702556306
-9.070274359160626,-9.985966325251797,-20.81015370321948
-9.674953984117915,-11.619151284880079,-20.8101537034269
-10.273848578069465,-13.246584736863714,-20.810153703221793
-10.868271161803486,-14.865284585286336,-20.810153702636022
-11.459485139426752,-16.472340376104377,-20.810153701692492
-12.048684351647392,-18.06493713979565,-20.810153700410726
-12.636975395296886,-19.640376606084182,-20.810153698813693
-13.225362638007425,-21.196095302272173,-20.810153696934062
-13.814736203383605,-22.729679229087893,-20.81015369481836
-14.40586304576856,-24.238874992763357,-20.810153692528143
-14.999381087862798,-25.721597443179046,-20.81015369013807
-15.59579626914525,-27.175934013002884,-20.810153687731567
-16.195482254710917,-28.600146064168044,-20.810153685394955
-16.79868248544439,-29.992667622915857,-20.81015368321112
-17.405514210763787,-31.352101924236663,-20.810153681253766
-18.015974131389726,-32.67721619517788,-20.810153679582832
-18.629945287080496,-33.96693509027849,-20.810153678241598
-19.24720484773979,-35.220333158144946,-20.81015367725535
-19.867432500524036,-36.43662667250454,-20.81015367663171
-20.49021916588303,-37.615165109742,-20.810153676362063
-21.1150758180222,-38.75542250258676,-20.81015367642395
-21.741442227162047,-39.85698884968589,-20.810153676783894
-22.36869548016591,-40.91956171552611,-20.81015367740048
-22.996158171360637,-41.94293811582539,-20.8101536782273
-23.623106186059918,-42.92700675058972,-20.81015367921571
-24.248776025257325,-43.871740620448726,-20.81015368031718
-24.872371641347804,-44.777190041195375,-20.810153681485236
-25.493070771927865,-45.64347605599315,-20.810153682676965
-26.110030772188736,-46.47078423371355,-20.810153683854082
-26.722393956666718,-47.25935883454912,-20.810153684983653
-27.32929246865821,-48.00949731967541,-20.810153686038404
-27.92985270091535,-48.72154517964809,-20.81015368699684
-28.523199294734646,-49.39589105584507,-20.810153687843094
-29.108458746601166,-50.03296213011951,-20.81015368856657
-29.68476265246506,-50.63321975952665,-20.810153689161524
-30.251250619763308,-51.197155335215776,-20.81015368962653
-30.80707287666909,-51.725286347097345,-20.81015368996387
-31.35139260692595,-52.218152638523996,-20.810153690178936
-31.883388037142137,-52.676312837827304,-20.810153690279638
-32.40225430169365,-53.100340956036916,-20.81015369027582
-32.907205108501,-53.490823142407976,-20.810153690178698
-33.3974742269766,-53.84835459145595,-20.810153690000362
-33.872316817443796,-54.1735365970197,-20.810153689753353
-34.33101061935117,-54.4669737504325,-20.810153689450246
-34.77285701368362,-54.72927128117415,-20.81015368910335
-35.19718197313494,-54.96103253941013,-20.810153688724405
-35.60333691187786,-55.16285662060547,-20.8101536883244
-35.990699445164594,-55.335336132945116,-20.810153687913406
-36.358674067527296,-55.47905510861527,-20.810153687500467
-36.706692757031,-55.59458706012034,-20.81015368709352
-37.03421551186665,-55.68249318274829,-20.81015368669942
-37.34073082455794,-55.74332070407558,-20.8101536863239
-37.62575609819079,-55.77760138104542,-20.810153685971642
-37.8888380083507,-55.785850144684524,-20.81015368564633
-38.12955281386134,-55.76856389196956,-20.810153685350716
-38.34750661894645,-55.72622042374122,-20.810153685086732
-38.542335589070625,-55.65927752691743,-20.81015368485558
-38.71370612243858,-55.568172198602795,-20.810153684657806
-38.861314978929364,-55.45332000905374,-20.810153684493425
-38.984889368095324,-55.3151145998603,-20.810153684362007
-39.08418699774852,-55.15392731316661,-20.810153684262758
-39.1589960845733,-54.97010694729051,-20.810153684194596
-39.209135328129086,-54.76397963373296,-20.810153684156234
-39.23445384952785,-54.53584883030057,-20.81015368414621
-39.23483109597644,-54.2859954249076,-20.810153684162962
-39.21017671225487,-54.01467794457952,-20.810153684204856
-39.16043038005289,-53.72213286424953,-20.810153684270183
-39.08556162590316,-53.4085750101164,-20.81015368435725
-38.9855695982306,-53.07419805261124,-20.810153684464304
-38.8604828137825,-52.71917508438897,-20.810153684589604
-38.710358873418635,-52.34365927920665,-20.810153684731375
-38.535284146926955,-51.94778462805682,-20.81015368488783
-38.33537342619743,-51.531666749475136,-20.810153685057145
-38.11076954574089,-51.095403771516125,-20.81015368523744
-37.86164296919084,-50.639077283472105,-20.810153685426805
-37.58819134008379,-50.16275335597637,-20.810153685623227
-37.290638994888155,-49.66648362866472,-20.810153685824634
-36.969236435953725,-49.150306465049994,-20.81015368602885
-36.62425976179271,-48.61424817467448,-20.810153686233622
-36.25601005189118,-48.05832430293011,-20.810153686436575
-35.864812703093925,-47.48254098915985,-20.810153686635257
-35.451016714516975,-46.88689639376547,-20.810153686827128
-35.014993917928,-46.27138219503461,-20.810153687009567
-34.557138150601915,-45.635985156257895,-20.810153687179927
-34.077864367815465,-44.980688763427516,-20.81015368733552
-33.57760769239352,-44.3054749333908,-20.810153687473687
-33.05682239906759,-43.610325791774265,-20.810153687591818
-32.51598083185482,-42.8952255192979,-20.810153687687418
-31.955572253217113,-42.16016226427031,-20.810153687758156
-31.376101624414748,-41.40513011809892,-20.810153687801936
-30.77808831722672,-40.630131149575064,-20.81015368781693
-30.162064758069683,-39.83517749251129,-20.810153687801677
-29.528575006505072,-39.020293480030695,-20.810153687755133
-28.87817327117549,-38.185517817449536,-20.81015368767673
-28.211422367350178,-37.33090578427096,-20.810153687566434
-27.528892121477163,-36.456531454336336,-20.810153687424773
-26.83115772942609,-35.56248992168158,-20.810153687252914
-26.11879807644746,-34.648899518139096,-20.810153687052633
-25.392394028256312,-33.715904007234634,-20.81015368682634
-24.652526704050963,-32.763674737477274,-20.81015368657704
-23.899775743679726,-31.792412736756702,-20.81015368630832
-23.134717582543022,-30.802350728274146,-20.81015368602424
-22.357923749136088,-29.79375504727408,-20.810153685729283
-21.56995920136417,-28.766927436847382,-20.81015368542821
-20.771380718860105,-27.7222067002803,-20.81015368512596
-19.962735369461882,-26.659970186867213,-20.81015368482749
-19.144559068721332,-25.580635087830597,-20.8101536845376
-18.31737525176783,-24.484659519041273,-20.810153684260808
-17.481693676996223,-23.372543367649765,-20.810153684001172
-16.63800938084031,-22.24482888056627,-20.810153683762145
-15.786801802289311,-21.102100974001026,-20.810153683546464
-14.928534094767933,-19.944987245031143,-20.810153683356003
-14.063652641501847,-18.774157668418162,-20.81015368319175
-13.192586788511994,-17.59032396467586,-20.810153683053738
-12.315748806918554,-16.394238628678764,-20.81015368294109
-11.433534093301187,-15.186693611890373,-20.810153682852018
-10.546321613486334,-13.968518655539429,-20.810153682783962
-9.654474591365167,-12.74057927672458,-20.81015368273371
-8.758341440257244,-11.503774414403829,-20.810153682697553
-7.8582569300146625,-10.259033747425146,-20.810153682671505
-6.954543578616798,-9.007314702060281,-20.810153682651517
-6.047513252557856,-7.749599171780613,-20.81015368263369
-5.137468956010403,-6.486889977117174,-20.810153682614484
-4.2247067846936,-5.220207098226254,-20.810153682590993
-3.3095180167199336,-3.950583717089201,-20.810153682561047
-2.3921913095650216,-2.6790621099703844,-20.81015368252342
-1.4730149698133297,-1.4066894337175548,-20.810153682477882
-0.552279260569237,-0.13451345161325332,-20.810153682425295
0.3697212895470359,1.1364217542978534,-20.81015368236758
1.2926856120398906,2.40508003721297,-20.810153682307675
2.2163038943438256,3.670437359399873,-20.810153682249393
3.1402554798237894,4.93148584095493,-20.81015368219731
4.064206903752548,6.1872376410699355,-20.810153682156503
4.987810094134095,7.436728632635531,-20.810153682132373
5.910700762768919,8.67902183491688,-20.810153682130352
6.832497008044576,9.913210573474093,-20.81015368215569
7.752798146714102,11.138421341324808,-20.81015368221314
8.671183787528609,12.3538163404156,-20.810153682306805
9.58721315514911,13.558595687642242,-20.810153682439903
10.500424668397784,14.751999274805371,-20.810153682614583
11.410335772728786,15.933308276890678,-20.810153682831885
12.31644302289552,17.10184630782121,-20.810153683091603
13.218222408238745,18.25698022726262,-20.81015368339234
14.115129909872412,19.398120606108463,-20.810153683731514
15.006602276337828,20.524721861888782,-20.810153684105455
15.892058002049339,21.636282078506255,-20.810153684509558
16.77089849106886,22.732342527399144,-20.810153684938413
17.64250938741108,23.812486909462436,-20.810153685386
18.50626205217414,24.87634033883995,-20.8101536858459
19.36151516728183,25.923568091051344,-20.8101536863115
20.207616445477502,26.95387413886423,-20.810153686776147
21.04390442638701,27.96699949989138,-20.810153687233395
21.86971033892821,28.96272042011684,-20.810153687677147
22.684360011046877,29.940846417462712,-20.810153688101778
23.487175808664066,30.901218209131233,-20.81015368850227
24.277478586791467,31.84370554582295,-20.810153688874315
25.054589636974274,32.76820497507066,-20.81015368921434
25.817832616524875,33.674637554866436,-20.810153689519545
26.56653544638651,34.562946537522876,-20.81015368978793
27.300032165889117,35.433095042325085,-20.810153690018243
28.01766473410707,36.28506373402267,-20.810153690209955
28.71878476898016,37.1188485226067,-20.810153690363208
29.402755216797594,37.93445829814074,-20.81015369047875
30.068951946052618,38.73191271269366,-20.810153690557843
30.716765261039882,39.51124001968039,-20.810153690602192
31.34560133187364,40.27247497918137,-20.810153690613888
31.954883538842424,41.015656836107354,-20.81015369059528
32.544053730172955,41.74082737642769,-20.81015369054895
33.11257339334416,42.448029065111676,-20.810153690477605
33.65992474106247,43.13730326796594,-20.81015369038406
34.18561171387583,43.80868855820583,-20.81015369027113
34.68916090215954,44.46221910739445,-20.810153690141625
35.17012239084901,45.097923159333696,-20.810153689998305
35.6280705308192,45.715821584610666,-20.810153689843844
36.062604641217696,46.31592651279863,-20.810153689680803
36.47334964734757,46.898240038790725,-20.81015368951165
36.85995665887107,47.4627529994085,-20.810153689338705
37.22210349316828,48.009443816276026,-20.810153689164185
37.55949514864272,48.53827740097766,-20.81015368899018
37.87186423262544,49.04920411871673,-20.810153688818687
38.15897134829886,49.54215880705135,-20.8101536886516
38.42060544475229,50.01705984678827,-20.810153688490736
38.65658413390326,50.47380828274872,-20.81015368833786
38.86675397758596,50.91228699286192,-20.81015368819471
39.05099074763242,51.33235990487089,-20.810153688063
39.20919966126882,51.73387126082695,-20.81015368794445
39.34131559363162,52.116644930479936,-20.81015368784082
39.44730326869106,52.480483775614,-20.810153687753914
39.527157429366554,52.825169068308035,-20.810153687685567
39.58090298714304,53.15045996699008,-20.81015368763772
39.60859515106146,53.45609305497986,-20.810153687612345
39.61031953557038,53.74178194695158,-20.810153687611507
39.58619224639894,54.00721696937618,-20.810153687637293
39.53635994334848,54.25206492150256,-20.810153687691827
39.46099987870676,54.47596892379324,-20.810153687777213
39.3603199098631,54.67854836093162,-20.81015368789548
39.234558484644374,54.85939892655796,-20.810153688048533
39.08398459789256,55.018092776767844,-20.81015368823808
38.908897717856334,55.15417879912241,-20.81015368846552
38.70962768105845,55.267183003482764,-20.81015368873186
38.486534554411655,55.356609040404294,-20.810153689037595
38.24000846347014,55.42193885212818,-20.81015368938261
37.970469385800435,55.462633460408014,-20.810153689766018
37.67836690851249,55.478133894536576,-20.81015369018607
37.3641799489862,55.46786226201716,-20.81015369064001
37.02841643773668,55.43122296338824,-20.810153691123976
36.671612962161724,55.36760405178913,-20.81015369163291
36.29433436958559,55.27637873698069,-20.810153692160455
35.897173327536294,55.15690703273945,-20.81015369269893
35.48074983855289,55.008537545856036,-20.8101536932393
35.04571070600283,54.83060940441804,-20.810153693771205
34.592728946388505,54.62245432266869,-20.810153694283038
34.12250314243232,54.383398799531136,-20.810153694762057
33.635756729850456,54.112766447894245,-20.810153695194554
33.13323720916113,53.80988045198991,-20.810153695566118
32.61571527213088,53.474066150671405,-20.81015369586194
32.083983830554644,53.10465374514379,-20.810153696067136
31.538856933007647,52.70098113071531,-20.810153696167255
30.981168553018136,52.26239685344671,-20.810153696148728
30.41177122981489,51.788263194185944,-20.81015369599944
29.831534540428528,51.27795938439714,-20.81015369570936
29.241343379505857,50.73088496043178,-20.81015369527118
28.64209602077122,50.14646326544526,-20.810153694681016
28.03470193168827,49.52414511102404,-20.810153693939096
27.420079310600634,48.863412613732486,-20.81015369305045
26.79915231353795,48.16378322517084,-20.810153692025573
26.17284793606338,47.42481397768287,-20.810153690880956
25.54209251413537,46.646105971454126,-20.81015368963956
24.90780780712101,45.82730913223881,-20.810153688331077
24.27090662603554,44.96812727212164,-20.810153686991978
23.632287971051042,44.06832348825827,-20.810153685665263
22.992831644639356,43.12772593604608,-20.810153684399857
22.35339231078578,42.146234013147854,-20.810153683249574
21.714792977008337,41.12382498858917,-20.810153682271626
21.077817885000588,40.060561106011356,-20.81015368152456
20.44320480822126,38.956597181187554,-20.81015368106574
19.811636771372726,37.812188700094815,-20.81015368094826
19.18373322815381,36.62770040410653,-20.810153681217535
18.560040760602394,35.40361532216868,-20.8101536819076
17.941023396277604,34.140544175225905,-20.81015368303752
17.32705267870282,32.83923503505884,-20.810153684608203
16.718397671672363,31.500583068014574,-20.81015368660006
16.115215128313583,30.12564013461843,-20.810153688972065
15.517540109381846,28.715623950652994,-20.81015369166259
14.925277389210677,27.27192644733535,-20.810153694592397
14.338194037821774,25.796120902756975,-20.81015369766987
13.75591360839289,24.289967360567086,-20.810153700798093
13.177912383944687,22.755415813321168,-20.810153703883067
12.603518138468704,21.19460661629239,-20.810153706841838
12.031911838694624,19.609867622104726,-20.810153709608894
11.462132647536462,18.003707595025514,-20.81015371213934
10.89308648590394,16.378805580610454,-20.810153714407658
10.32355826699743,14.737996071041357,-20.81015371640174
9.75222774247119,13.08425001193222,-20.810153718112993
9.1776887044194,11.420651928671685,-20.81015371952464
8.598471087284754,9.750373689398884,-20.810153720601058
8.013065328880739,8.076645643322342,-20.810153721281374
7.419948199592712,6.4027260524712934,-20.810153721479573
6.817609210661656,4.731869850643824,-20.810153721092227
6.204576677843832,3.067297800944537,-20.81015372001283
5.579442549589702,1.4121670783302225,-20.810153718150275
4.9408852047422265,-0.23045581791471098,-20.810153715447676
4.287689571666399,-1.8576190993285429,-20.810153711897986
3.61876410143807,-3.4665061699474125,-20.810153707553347
2.9331543226628134,-5.054452288797528,-20.810153702526634
2.230052895810898,-6.6189573733535,-20.81015369698539
1.5088062550134438,-8.157695101259025,-20.81015369113942
0.7689180642127165,-9.668518623195002,-20.810153685224357
0.010049816803414165,-11.149463307806538,-20.810153679483825
-0.7679810273197776,-12.598747000236484,-20.810153674152204
-1.5652049430555837,-14.014768293963357,-20.810153669440016
-2.381505854086991,-15.396103299176911,-20.81015366552276
-3.2166278548091216,-16.741501348987587,-20.810153662533644
-4.070182771805116,-18.049880026395474,-20.81015366056009
-4.941658242192772,-19.320319828134345,-20.810153659643497
-5.83042603613432,-20.55205871269513,-20.81015365978157
-6.735750401168943,-21.744486713748675,-20.810153660932624
-7.656796254114777,-22.897140739943065,-20.810153663021136
-8.592637090439649,-24.009699629391374,-20.810153665943982
-9.542262520371734,-25.081979482776035,-20.81015366957694
-10.504585375351235,-26.113929262812913,-20.810153673781244
-11.478448357832114,-27.105626619307795,-20.81015367840975
-12.46263023226139,-28.057273877424084,-20.810153683312798
-13.455851575708747,-28.969194111213806,-20.810153688343505
-14.456780123500433,-29.841827214143297,-20.81015369336255
-15.464035758672765,-30.67572587258756,-20.810153698242274
-16.476195204352692,-31.47155134654699,-20.810153702870196
-17.491796485444233,-32.230068963791254,-20.810153707151755
-18.509343230309337,-32.95214323903371,-20.810153711012376
-19.52730888447146,-33.638732538467934,-20.81015371439864
-20.54414090670176,-34.290883221992196,-20.810153717278702
-21.558265013142318,-34.909723210638965,-20.810153719641768
-22.568089527405693,-35.496454944978346,-20.810153721496746
-23.57200988399212,-36.05234772130932,-20.81015372287009
-24.56841331914888,-36.57872941584378,-20.810153723802905
-25.5556837678905,-37.0769776321601,-20.810153724347515
-26.53220696890868,-37.54851033306297,-20.81015372456367
-27.49637576129993,-37.99477604353091,-20.810153724514603
-28.446595539334773,-38.417243735396,-20.810153724263298
-29.381289814875977,-38.81739252543468,-20.810153723869064
-30.298905822525327,-39.19670133532895,-20.810153723384825
-31.197920091067978,-39.556638673299425,-20.810153722855073
-32.07684389706114,-39.8986527021919,-20.810153722314784
-32.93422851301679,-40.224161756857654,-20.810153721789153
-33.768670163803534,-40.53454546468101,-20.810153721294096
-34.578814610567356,-40.831136607421506,-20.810153720837416
-35.36336129125897,-41.11521384094852,-20.81015372042041
-36.121066960089166,-41.38799536313743,-20.81015372003966
-36.85074878403528,-41.65063359063733,-20.81015371968889
-37.55128687187946,-41.904210874035726,-20.810153719360653
-38.22162622912556,-42.14973624977881,-20.810153719047708
-38.860778149515454,-42.38814319758778,-20.810153718744083
-39.46782106987268,-42.6202883453541,-20.810153718445722
-40.04190092894494,-42.846951040613355,-20.810153718150783
-40.58223108230958,-43.06883368936927,-20.81015371785963
-41.088091833974836,-43.28656274960632,-20.810153717574565
-41.558829650984045,-43.500690258321626,-20.810153717299436
-41.993856130207966,-43.71169576709321,-20.810153717039118
-42.392646786823185,-43.91998856165414,-20.810153716798972
-42.75473973203989,-44.12591004510514,-20.810153716584377
-43.07973430382404,-44.32973617165108,-20.810153716400237
-43.36728970903196,-44.53167982746393,-20.810153716250618
-43.61712372889324,-44.73189306686631,-20.810153716138437
-43.82901153245865,-44.93046912497388,-20.81015371606529
-44.00278463473776,-45.127444141795216,-20.810153716031273
-44.138330027999935,-45.32279854721599,-20.810153716034954
-44.235589506264084,-45.51645807102836,-20.810153716073376
-44.29455919447539,-45.70829435701368,-20.810153716142146
-44.31528928535218,-45.89812517490794,-20.810153716235593
-44.297883978453356,-46.085714238765505,-20.810153716346942
-44.24250160773826,-46.27077065468451,-20.8101537164687
-44.149354935849246,-46.452948034946665,-20.81015371659295
-44.01871158565159,-46.631843329196975,-20.810153716711874
-43.85089457236168,-46.806995436130045,-20.810153716818263
-43.64628289307021,-46.97788367097759,-20.81015371690616
-43.40531212485445,-47.14392617455299,-20.810153716971517
-43.12847497824498,-47.3044783582837,-20.810153717012874
-42.81632174986351,-47.458831486081905,-20.810153717031994
-42.46946061688716,-47.6062114975766,-20.810153717034446
-42.088557716906436,-47.745778177681885,-20.810153717029948
-41.674336959962574,-47.87662477429678,-20.810153717032545
-41.227579525224,-47.99777815883046,-20.81015371706039
-40.749123002913834,-48.10819961310468,-20.810153717135226
-40.23986015260347,-48.2067863111054,-20.810153717281388
-39.700737261538826,-48.29237354539576,-20.810153717524457
-39.13275210078574,-48.36373772638974,-20.810153717889524
-38.53695149202263,-48.41960015900278,-20.81015371839917
-37.91442851299281,-48.45863157654101,-20.810153719071387
-37.266319384093535,-48.47945738730532,-20.810153719917384
-36.59380009144843,-48.48066356656584,-20.810153720939766
-35.89808281226401,-48.4608031065459,-20.810153722130977
-35.180412215623576,-48.41840292092236,-20.81015372347231
-34.442061715629,-48.35197108892603,-20.810153724933567
-33.68432975370882,-48.26000431791228,-20.810153726473402
-32.90853618297489,-48.1409955024059,-20.81015372804036
-32.116018819988014,-47.99344126188724,-20.81015372957451
-31.308130218665642,-47.81584934843622,-20.810153731009613
-30.48623470798151,-47.60674582799229,-20.81015373227566
-29.651705720324166,-47.364681954463954,-20.810153733301586
-28.805923421688817,-47.088240673202826,-20.810153734018094
-27.950272639036555,-46.77604270844434,-20.810153734360366
-27.086141064843833,-46.426752207312546,-20.8101537342706
-26.214917704634324,-46.03908193016032,-20.81015373370031
-25.33799152053944,-45.611797992837516,-20.81015373261233
-24.45675021292243,-45.14372418063351,-20.810153730982503
-23.572579072926203,-44.63374586601738,-20.81015372880104
-22.686859831441513,-44.0808135729731,-20.81015372607372
-21.800969424310647,-43.483946239919916,-20.810153722822694
-20.916278589380834,-42.84223424124811,-20.810153719087182
-20.034150208055625,-42.154842234778776,-20.810153714923896
-19.155937302004993,-41.421011909384404,-20.81015371040726
-18.282980594443156,-40.64006471397152,-20.8101537056294
-17.416605544669856,-39.81140465635412,-20.810153700699797
-16.558118764269317,-38.934521268454695,-20.810153695744578
-15.708803723445413,-38.008992842833464,-20.810153690905288
-14.869915656551258,-37.034490054643285,-20.810153686337042
-14.042675577227852,-36.010780092367554,-20.810153682205772
-13.228263316201355,-34.937731429437484,-20.810153678684493
-12.427809499474728,-33.81531937597209,-20.810153675948296
-11.642386392490277,-32.64363255389961,-20.810153674167754
-10.872997548326005,-31.422880437507427,-20.810153673500803
-10.120566217045562,-30.15340209230967,-20.810153674082734
-9.385922501327537,-28.83567622462947,-20.810153676014597
-8.669789283247267,-27.47033261844422,-20.810153679350396
-7.972767001649665,-26.058164980327515,-20.810153684083772
-7.2953174320183205,-24.600145133083032,-20.810153690135717
-6.637746713731403,-23.09743838969806,-20.810153697345186
-6.000187984524312,-21.55141979873561,-20.81015370546526
-5.382584118084467,-19.963690780140027,-20.810153714167875
-4.784671213779059,-18.336095470949626,-20.8101537230598
-4.205963648565293,-16.67073588414123,-20.81015373171185
-3.6457416551928903,-14.969984769252747,-20.810153739700908
-3.103042516417028,-13.236494877833572,-20.810153746661292
-2.576656534833536,-11.473203215554374,-20.810153752337886
-2.065128921631604,-9.683328846305164,-20.810153756630164
-1.5667686161288366,-7.87036294091394,-20.810153759614153
-1.0796647810127804,-6.0380500630294005,-20.810153761531797
-0.6017113118210813,-4.190360165188808,-20.810153762743226
-0.1306391728006086,-2.3314514068736645,-20.810153763647378
0.3359442290325486,-0.4656246463433266,-20.81015376458728
0.8005100243166344,1.402728789212922,-20.810153765763637
1.265559134423437,3.2691837918558058,-20.8101537671807
1.7335720812303208,5.129339895220456,-20.81015376864047
2.2069597838718034,6.978878521664496,-20.810153769787345
2.688017674555892,8.813616267780382,-20.810153770190478
3.178885139466566,10.629551851243388,-20.810153769441037
3.681511790677611,12.422904968326263,-20.810153767239335
4.197631478764194,14.190146054184611,-20.810153763452842
4.72874434760514,15.928016689119259,-20.810153758136245
5.2761066863342485,17.633541059823916,-20.810153751515713
5.840727899946763,19.304029400930954,-20.810153743947293
6.423373624501587,20.937074679662626,-20.810153735862322
7.024573855502642,22.53054394747372,-20.81015372771228
7.644634921147196,24.08256579263187,-20.81015371992186
8.283654187830793,25.591515224543777,-20.810153712854966
8.94153650287399,27.055997145025543,-20.810153706794758
9.618011530605626,28.47482935043312,-20.810153701936184
10.312651299879716,29.847025790730136,-20.81015369838825
11.02488743749506,31.171780607451783,-20.81015369618272
11.754027702666034,32.44845329419568,-20.81015369528661
12.499271557568434,33.67655517616992,-20.810153695615867
13.259724606687227,34.85573729011847,-20.810153697049
14.034411814292325,35.98577966025115,-20.81015369943939
14.82228946731046,37.06658190562191,-20.810153702625907
15.622255893187573,38.09815507510303,-20.810153706441668
16.43316097216036,39.08061458312191,-20.810153710721
17.253814503552473,40.014174108526426,-20.810153715304693
18.082993498758462,40.899140316802935,-20.810153720043914
18.91944848150682,41.73590826953441,-20.810153724802955
19.761908880393925,42.524957392233205,-20.810153729461014
20.60908760075018,43.266847880856915,-20.810153733913296
21.459684863499156,43.962217437237065,-20.810153738071527
22.312391398383838,44.61177823353371,-20.81015374186405
23.165891078123803,45.216314015202265,-20.810153745235645
24.018863078922852,45.77667726059978,-20.810153748147048
24.869983651324223,46.29378632323495,-20.81015375057433
25.717927583666985,46.76862248989209,-20.810153752508082
26.561369438217177,47.20222689465297,-20.81015375395249
27.39898463726923,47.59569723548642,-20.810153754924233
28.229450472949832,47.950184246897514,-20.810153755451214
29.05144710991854,48.266887889450125,-20.81015375557116
29.863658644475827,48.54705322509592,-20.810153755330035
30.664774276629633,48.79196595639657,-20.81015375478026
31.453489643367725,49.00294761805867,-20.81015375397878
32.22850835174842,49.181350420741516,-20.810153752985038
32.988543739568186,49.328551759732015,-20.810153751858824
33.73232087951073,49.44594841454537,-20.810153750658166
34.45857883015868,49.53495047938379,-20.810153749437344
35.16607312448817,49.596975078111555,-20.810153748245003
35.853578473984484,49.63343993031408,-20.810153747122673
36.51989165488133,49.645756846368656,-20.81015374610361
37.16383453281839,49.63532523852562,-20.810153745212126
37.78425717397806,49.60352574110106,-20.810153744463392
38.38004098496767,49.55171403546001,-20.810153743863747
38.950101820695714,49.48121497415573,-20.810153743411483
39.49339299942712,49.39331709324892,-20.81015374309798
40.008908167086155,49.28926759258121,-20.81015374290916
40.495683958514995,49.17026785099874,-20.81015374282707
40.952802411426134,49.03746952782283,-20.810153742831496
41.37939309870087,48.89197128404091,-20.810153742901544
41.77463495588098,48.73481613765422,-20.810153743016983
42.137757792522805,48.566989448328634,-20.810153743159365
42.468043487885204,48.389417507881156,-20.810153743312867
42.764826882608794,48.2029666960326,-20.81015374346481
43.02749638810691,48.00844314595532,-20.81015374360589
43.25549434393699,47.80659285195448,-20.810153743730197
43.44831716019182,47.59810214245837,-20.810153743834977
43.60551528680533,47.383598435489105,-20.810153743920267
43.72669305458648,47.16365119090286,-20.810153743988455
43.811508433852296,46.93877297375701,-20.810153744043756
43.85967275587389,46.709420545909516,-20.8101537440917
43.870950440173054,46.47599590805273,-20.810153744138617
43.84515876723036,46.23884722147125,-20.810153744191204
43.782167731611636,45.99826954753833,-20.810153744256095
43.681900005100026,45.75450535299697,-20.810153744339548
43.54433103332499,45.50774474012022,-20.81015374444715
43.36948928277176,45.25812537266327,-20.810153744583573
43.15745664807017,45.00573208090332,-20.81015374475251
42.90836902221521,44.750596141844255,-20.81015374495648
42.622417024959056,44.492694243694764,-20.810153745196853
42.29984687712765,44.23194715687495,-20.810153745473862
41.94096140114597,43.96821814691944,-20.810153745786717
41.54612112071466,43.70131117755228,-20.810153746133693
41.115745425495945,43.43096896469679,-20.81015374651242
40.65031376000229,43.156870953982555,-20.810153746920093
40.15036678983412,42.878631305093954,-20.81015374735383
39.6165074932165,42.59579697567815,-20.810153747810997
39.049402121704475,42.30784600505095,-20.810153748289544
38.449780971244586,42.01418610312448,-20.8101537487883
37.81843890378464,41.7141536523397,-20.81015374930721
37.156235560577926,41.40701322945502,-20.810153749847377
36.46409521144914,41.091957749427905,-20.81015375041094
35.7430061897113,40.76810932505642,-20.810153751000733
34.99401987017037,40.434520923423925,-20.81015375161963
34.218249157613336,40.09017888362514,-20.810153752269684
33.41686646507573,39.73400634010828,-20.810153752950995
32.59110117459513,39.364867572866494,-20.810153753660412
31.742236587493622,38.98157328052513,-20.81015375439022
30.87160638578813,38.582886746183384,-20.81015375512687
29.980590640312712,38.167530839917276,-20.810153755849942
29.070611413741652,37.734195777438075,-20.810153756531584
28.143128017156624,37.281547532798946,-20.810153757136383
27.199631986447343,36.80823678539123,-20.81015375762195
26.24164184918267,36.31290826868243,-20.810153757940185
25.270697753363898,35.794210380832396,-20.810153758039142
24.288356026638862,35.25080491574668,-20.810153757865663
23.2961837283213,34.68137677719372,-20.810153757368248
22.29575324735198,34.08464354789628,-20.810153756500362
21.28863698776279,33.45936479929449,-20.810153755223737
20.276402169992966,32.80435104504642,-20.81015375351152
19.260605762350828,32.118472261236434,-20.810153751351045
18.242789542809362,31.400665917619424,-20.810153748746128
17.224475277912763,30.64994448599774,-20.810153745718615
16.2071599935043,29.86540241306543,-20.810153742309232
15.192311301798323,29.046222564957134,-20.810153738577554
14.18136274141841,28.191682168659803,-20.810153734601222
13.17570908169863,27.30115829088492,-20.81015373047427
12.176701539981886,26.374132907587814,-20.810153726304783
11.185642860957975,25.410197626780544,-20.810153722211748
10.203782210327944,24.409058133391927,-20.810153718321367
9.23230984130638,23.37053842746736,-20.81015371476271
8.272351501733022,22.294584925733947,-20.81015371166301
7.32496256193845,21.181270491192745,-20.810153709142487
6.391121859104303,20.03079844558938,-20.81015370730905
5.471725272805947,18.84350660495624,-20.81015370625286
4.567579068846813,17.619871358498823,-20.810153706041113
3.679393074453012,16.360511785550983,-20.810153706713276
2.8077737773284857,15.066193773933465,-20.810153708277028
1.9532174736815617,13.737834065881632,-20.81015371070547
1.1161036254851882,12.376504115269222,-20.810153713935875
0.29668862381325306,10.9834335932767,-20.81015371787046
-0.5048998086076767,9.56001333087453,-20.810153722379525
-1.2886673088875609,8.107797438410616,-20.810153727307068
-2.0547563649906286,6.628504299138724,-20.81015373247898
-2.8034482936470058,5.1240160996133275,-20.810153737713172
-3.5351633883184923,3.5963765411591897,-20.810153742831154
-4.2504589344387425,2.0477863790238033,-20.81015374766975
-4.950024825333835,0.48059646481119933,-20.810153752091612
-5.6346765731998705,-1.1027019725291,-20.81015375599319
-6.305345595946532,-2.6994899798459526,-20.81015375930892
-6.96306677059485,-4.307036517054059,-20.810153762010927
-7.608963372076361,-5.9225169809081715,-20.81015376410436
-8.244229654367782,-7.5430343550592935,-20.810153765619262
-8.87011146790448,-9.165642562019697,-20.81015376660058
-9.487885430609762,-10.787371442593455,-20.810153767098242
-10.098837267187696,-12.405252668082928,-20.810153767159285
-10.704239991979938,-14.016345813686454,-20.810153766823316
-11.305332627689081,-15.617763797073652,-20.81015376612179
-11.903300123396157,-17.20669691730556,-20.810153765080734
-12.499255063496184,-18.78043481266885,-20.810153763725598
-13.094221652091658,-20.336385782272007,-20.810153762086777
-13.68912232612616,-21.872093071682695,-20.81015376020414
-14.284767207939447,-23.385247891576498,-20.810153758129584
-14.881846466689217,-24.87369910461467,-20.810153755926947
-15.480925529192314,-26.335459666101695,-20.81015375366956
-16.08244297233648,-27.768710028544568,-20.81015375143589
-16.68671084612116,-29.17179881342316,-20.81015374930423
-17.293917120170697,-30.543241113756686,-20.810153747347332
-17.904129916052874,-31.88171482029363,-20.810153745627662
-18.5173031797736,-33.18605536665898,-20.81015374419395
-19.13328345908148,-34.45524927022084,-20.810153743079074
-19.751817473958376,-35.68842681186022,-20.810153742299484
-20.37256020130432,-36.88485415500111,-20.810153741855842
-20.99508323230525,-38.04392515715332,-20.810153741734705
-21.6188832000116,-39.16515307977869,-20.810153741910817
-22.243390112780773,-40.24816235737787,-20.81015374234981
-22.867975464744227,-41.292680546175184,-20.810153743011014
-23.491960026311464,-42.29853053767705,-20.810153743850094
-24.114621245412756,-43.265623093059,-20.810153744821477
-24.735200213599196,-44.19394973068723,-20.8101537458804
-25.352908170425277,-45.083575980679136,-20.81015374698459
-25.96693253506894,-45.93463500664884,-20.81015374809548
-26.5764424663207,-46.74732158498577,-20.810153749179147
-27.180593961354788,-47.521886425485405,-20.810153750206794
-27.778534510532022,-48.25863081323899,-20.81015375115502
-28.369407330297214,-48.9579015498075,-20.810153752005824
-28.95235519940039,-49.620086171347346,-20.810153752746338
-29.52652392551911,-50.24560842209487,-20.810153753368564
-30.091065470168065,-50.83492396310742,-20.810153753868857
-30.645140759785654,-51.38851629812218,-20.810153754247406
-31.187922210278227,-51.906892900615965,-20.810153754507688
-31.718595991238864,-52.390581528465745,-20.81015375465587
-32.23636405466709,-52.84012671489967,-20.810153754700277
-32.74044595140188,-53.25608642660627,-20.8101537546508
-33.23008045672649,-53.63902888187477,-20.81015375451844
-33.70452702477703,-53.989529523434456,-20.81015375431484
-34.163067089540775,-54.30816814222295,-20.8101537540519
-34.60500522840922,-54.59552614963165,-20.810153753741407
-35.02967020248757,-54.85218399685052,-20.81015375339476
-35.43641588618604,-55.07871874076837,-20.81015375302276
-35.824622097046976,-55.275701756490754,-20.810153752635404
-36.193695335313386,-55.44369659692782,-20.81015375224179
-36.54306944142697,-55.58325700009854,-20.81015375184999
-36.8722061784646,-55.69492504481295,-20.81015375146708
-37.18059574548221,-55.77922945525389,-20.81015375109906
-37.46775722683309,-55.83668405470594,-20.810153750750942
-37.73323898175768,-55.867786368295796,-20.810153750426753
-37.97661897789669,-55.873016374141194,-20.810153750129608
-38.19750507184764,-55.852835401777476,-20.810153749861815
-38.395535239454546,-55.807685176169116,-20.810153749624938
-38.57037775817736,-55.73798700503991,-20.810153749419882
-38.721731343616256,-55.64414110669444,-20.810153749247004
-38.84932524205248,-55.526526074975386,-20.810153749106192
-38.9529192806943,-55.38549847752481,-20.81015374899693
-39.03230387717204,-55.221392583109974,-20.810153748918417
-39.08730000969415,-55.03452021344757,-20.81015374886958
-39.11775914914725,-54.82517071472574,-20.810153748849164
-39.12356315428469,-54.59361104388598,-20.810153748855765
-39.104624130994296,-54.34008596469109,-20.81015374888789
-39.06088425645931,-54.06481834866913,-20.810153748943954
-38.9923155688241,-53.76800957618339,-20.81015374902232
-38.89891972274639,-53.44984003312704,-20.810153749121305
-38.780727710961344,-53.11046969906831,-20.810153749239184
-38.63779955170198,-52.750038823065225,-20.81015374937421
-38.47022394152061,-52.36866868381327,-20.81015374952456
-38.27811787274181,-51.966462431268596,-20.81015374968839
-38.06162621445728,-51.54350600738596,-20.81015374986378
-37.82092125565475,-51.09986914410689,-20.810153750048734
-37.55620220876528,-50.635606437210896,-20.810153750241188
-37.267694671626,-50.15075849508311,-20.81015375043898
-36.955650045598354,-49.645353161838955,-20.810153750639852
-36.62034490736356,-49.1194068145629,-20.81015375084144
-36.26208033174897,-48.5729257346508,-20.810153751041298
-35.881181162827794,-48.005907553379494,-20.810153751236875
-35.477995230491466,-47.41834277185256,-20.810153751425553
-35.05289250972404,-46.81021635537815,-20.810153751604656
-34.60626421992093,-46.181509402116745,-20.810153751771463
-34.13852186179478,-45.532200885487796,-20.810153751923274
-33.650096189705415,-44.862269469343815,-20.810153752057417
-33.141436117643565,-44.17169539430564,-20.81015375217132
-32.61300755759186,-43.46046243290734,-20.810153752262558
-32.06529218958567,-42.72855991032602,-20.810153752328908
-31.498786163500416,-41.97598478647682,-20.810153752368404
-30.91399873340285,-41.20274379414465,-20.810153752379428
-30.311450826219268,-40.408855626610666,-20.810153752360748
-29.691673547491927,-39.594353166924996,-20.810153752311592
-29.055206628111407,-38.7592857495906,-20.81015375223171
-28.402596817121076,-37.90372144397092,-20.8101537521214
-27.73439622698199,-37.0277493472337,-20.81015375198158
-27.051160639050707,-36.13148187311277,-20.810153751813765
-26.353447778444725,-35.21505702123054,-20.810153751620113
-25.641815568932447,-34.27864061019957,-20.81015375140337
-24.91682037996524,-33.32242845623819,-20.810153751166858
-24.179015279441735,-32.346648477623035,-20.810153750914406
-23.428948307228737,-31.351562703992034,-20.810153750650247
-22.667160785823018,-30.337469168344036,-20.810153750378934
-21.894185685783867,-29.3047036585932,-20.81015375010519
-21.110546064652358,-28.253641304774877,-20.81015374983378
-20.316753598951486,-27.18469797750954,-20.810153749569338
-19.513307229479825,-26.098331473163885,-20.810153749316225
-18.700691940416586,-24.995042461353357,-20.810153749078342
-17.879377692695712,-23.875375171058785,-20.81015374885899
-17.049818531629732,-22.739917792729155,-20.810153748660753
-16.21245188782604,-21.589302575354676,-20.810153748485355
-15.367698089001893,-20.42420559965352,-20.810153748333605
-14.515960098344413,-19.245346211243394,-20.810153748205348
-13.657623492567897,-18.053486100972613,-20.810153748099466
-12.793056689799322,-16.849428023452393,-20.810153748013942
-11.922611433902128,-15.634014149230135,-20.810153747945947
-11.04662353787709,-14.408124050915465,-20.810153747891967
-10.165413884629993,-13.172672328835851,-20.81015374784797
-9.279289678763586,-11.928605887351743,-20.81015374780967
-8.388545938251438,-10.676900878674424,-20.810153747772702
-7.493467210016092,-9.418559336757157,-20.81015374773289
-6.594329488708803,-8.154605529411416,-20.81015374768648
-5.691402313524244,-6.886082062068014,-20.810153747630405
-4.784951013831817,-5.6140457713911145,-20.810153747562453
-3.8752390709083504,-4.339563451103546,-20.810153747481433
-2.962530560241912,-3.0637074557539514,-20.81015374738734
-2.047092636847783,-1.7875512306341195,-20.81015374728139
-1.1291980248710396,-0.5121648175538476,-20.810153747166023
-0.20912747248887759,0.7613896133476541,-20.810153747044865
0.7128278662224997,2.0320621561404386,-20.810153746922598
1.6363641592544789,3.2988194379532048,-20.810153746804787
2.5611627689029666,4.560648718610931,-20.81015374669765
3.48688829961825,5.8165617789003505,-20.810153746607828
4.413186849098548,7.065598559386097,-20.810153746542035
5.339684486061726,8.306830516362114,-20.810153746506824
6.265985973592499,9.539363666609578,-20.810153746508263
7.191673752231077,10.76234129798784,-20.810153746551666
8.116307192186415,11.974946328356806,-20.810153746641348
9.039422119355793,13.17640330077688,-20.810153746780443
9.960530615330386,14.365980008231048,-20.810153746970748
10.87912108736313,15.542988746156931,-20.810153747212624
11.794658600449706,16.706787195780244,-20.810153747504998
12.70658546028343,17.85677894554163,-20.810153747845405
13.614322032927149,18.992413661763614,-20.810153748230036
14.517267784617687,20.113186923089255,-20.810153748653924
15.414802523181454,21.21863973613081,-20.810153749111116
16.306287821079984,22.308357752199917,-20.81015374959486
17.191068599096464,23.381970206965395,-20.81015375009786
18.06847484908538,24.439148606422155,-20.81015375061252
18.937823473998794,25.479605183680917,-20.810153751131146
19.79842022353214,26.5030911518319,-20.810153751646205
20.64956170415778,27.50939477852481,-20.81015375215049
21.49053744299323,28.49833930797118,-20.81015375263733
22.32063198584356,29.469780755839643,-20.810153753100714
23.139127010826297,30.423605602006678,-20.8101537535354
23.945303440198693,31.359728405368095,-20.810153753936987
24.738443534330248,32.27808936393406,-20.81015375430198
25.51783295317126,33.17865184224495,-20.810153754627756
26.28276277203579,34.06139988677993,-20.810153754912584
27.03253144002346,34.926335748507164,-20.810153755155564
27.76644667092941,35.7734774300693,-20.810153755356566
28.483827258017453,36.60285627333364,-20.810153755516172
29.184004805542006,37.41451460119105,-20.810153755635554
29.866325371384622,38.208503425587644,-20.81015375571642
30.53015101660621,38.984880231847534,-20.810153755760894
31.174861259093888,39.7437068474224,-20.810153755771434
31.799854429788134,40.485047401313196,-20.810153755750747
32.404548931200885,41.20896637858032,-20.810153755701716
32.98838439906665,41.915526772618534,-20.810153755627308
33.55082276899774,42.60478833624754,-20.81015375553052
34.091349250932076,43.276805931183176,-20.810153755414344
34.60947321496132,43.93162797412846,-20.810153755281686
35.104728992802336,44.56929497657558,-20.810153755135374
35.5766765997228,45.18983817445491,-20.810153754978103
36.024902382150096,45.793278243014875,-20.810153754812436
36.44901959648176,46.379624091773074,-20.810153754640787
36.848668924777655,46.94887173404818,-20.81015375446542
37.223518933052546,47.50100322546012,-20.810153754288464
37.573266477809796,48.03598566586802,-20.81015375411191
37.897637066269304,48.55377025949189,-20.81015375393764
38.196385175455916,49.05429142842009,-20.810153753767423
38.46929453494019,49.53746597532522,-20.810153753602968
38.716178377572845,50.00319229197514,-20.810153753445913
38.936879662043644,50.45134961101128,-20.810153753297868
39.13127127053769,50.881797299448216,-20.810153753160453
39.2992561841749,51.294374193400095,-20.810153753035294
39.44076763831639,51.68889797463284,-20.810153752924066
39.555769259221606,52.06516459064691,-20.8101537528285
39.64425518295835,52.422947721084896,-20.81015375275043
39.7062501569188,52.76199829430199,-20.810153752691757
39.74180962379287,53.08204405890786,-20.810153752654504
39.75101978740785,53.3827892159588,-20.81015375264078
39.733997659470226,53.66391411822562,-20.81015375265278
39.69089108595046,53.92507504356435,-20.810153752692777
39.621878751637674,54.16590404985611,-20.810153752763057
39.52717016126152,54.38600891924697,-20.810153752865897
39.40700559552972,54.58497319949939,-20.810153753003494
39.261656040456415,54.76235635016261,-20.810153753177886
39.091423088448664,54.91769400098123,-20.810153753390857
38.89663880976219,55.050498329499284,-20.810153753643856
38.677665593116515,55.160258564195104,-20.810153753937847
38.434895954452806,55.24644161871874,-20.810153754273216
38.16875231300286,55.30849286192416,-20.81015375464961
37.879686733990084,55.345837027419805,-20.810153755065812
37.56818063737704,55.35787926533571,-20.810153755519632
37.234744472083456,55.34400633795539,-20.810153756007736
36.879917354998334,55.3035879598223,-20.810153756525562
36.504266673876174,55.23597828193695,-20.810153757067223
36.10838765281956,55.140517518747004,-20.81015375762543
35.692902878489875,55.01653371582981,-20.810153758191454
35.25846178444093,54.86334465550596,-20.810153758755156
34.805740090026724,54.680259897129815,-20.81015375930499
34.33543918918827,54.4665829485033,-20.81015375982815
33.84828548307509,54.22161356477417,-20.81015376031069
33.34502964890716,53.94465017132786,-20.81015376073777
32.82644583574118,53.634992407580086,-20.81015376109391
32.29333077588164,53.2919437892401,-20.810153761363388
31.746502798588548,52.91481448755665,-20.810153761530596
31.186800730497726,52.502924225291984,-20.81015376158059
30.6150826648088,52.055605290708016,-20.81015376149959
30.032224578835926,51.57220567270231,-20.81015376127562
29.43911877698638,51.05209232241174,-20.810153760899173
28.836672133667527,50.494654549113,-20.810153760363878
28.225804108064715,49.89930756109299,-20.810153759667287
27.607444500231804,49.265496165328024,-20.810153758811527
26.982530915556218,48.592698643274694,-20.810153757804088
26.35200590248165,47.88043082378928,-20.810153756658416
25.716813726497225,47.12825037807967,-20.81015375539448
25.07789674196636,46.335761365533294,-20.810153754039217
24.436191322543618,45.50261906308086,-20.810153752626704
23.79262331093595,44.62853511420237,-20.810153751198143
23.148102949888102,43.713283036423604,-20.810153749801472
22.50351925886444,42.756704127745586,-20.81015374849058
21.859733825398816,41.758713812329674,-20.810153747324097
21.217573987017712,40.719308463219065,-20.810153746363568
20.577825389631386,39.638572734058094,-20.810153745671148
19.94122392203918,38.5166874216736,-20.810153745306685
19.308447044477276,37.35393786588743,-20.810153745324282
18.68010455273478,36.15072287084652,-20.81015374576849
18.05672884900125,34.9075641023251,-20.81015374667032
17.438764826835534,33.62511587687739,-20.810153748043405
16.826559520675616,32.304175210781615,-20.810153749880744
16.220351719815735,30.945691939442312,-20.810153752152573
15.620261801646317,29.550778652307972,-20.81015375480585
15.026282097020795,28.120720116742227,-20.810153757765924
14.438268158426093,26.656981790660478,-20.810153760940658
13.855931354286506,25.16121695401927,-20.81015376422697
13.278833253880133,23.635271931278357,-20.81015376751938
12.706382289480038,22.081188840241566,-20.810153770719467
12.137833177381319,20.501205297612874,-20.810153773744663
11.572289539823158,18.897750548195383,-20.810153776534715
11.008710089649613,17.273437570821773,-20.810153779053824
10.445918616422917,15.631050853612493,-20.810153781287568
9.882617848988277,13.97352972172206,-20.81015378323434
9.317407073409065,12.303947332635802,-20.81015378489292
8.748803170944633,10.625485709927803,-20.810153786248648
8.175264527483018,8.941407442383722,-20.81015378726193
7.59521707542917,7.255024904175523,-20.810153787862472
7.007081582861922,5.569668026542811,-20.810153787951585
6.409301220158246,3.888651750488755,-20.81015378741306
5.800368421470036,2.21524430072825,-20.81015378613108
5.178850118647851,0.5526373424168584,-20.81015378401146
4.543410550462998,-1.0960810753818604,-20.810153781002164
3.892831024658174,-2.727950101755886,-20.810153777108855
3.2260262140566534,-4.340155752594835,-20.81015377240282
2.542056778981863,-5.930046480843563,-20.810153767019962
1.84013830686847,-7.495144697917187,-20.81015376115169
1.1196467308940712,-9.033154492377239,-20.810153755029617
0.3801205231333457,-10.541965939395311,-20.810153748906934
-0.3787399496722984,-12.019656489213457,-20.81015374303898
-1.1570754669709933,-13.464489967419707,-20.8101537376656
-1.9548729336255501,-14.874913721512595,-20.81015373299673
-2.771971850068615,-16.249554416494536,-20.810153729201993
-3.6080718575058732,-17.587212927338673,-20.81015372640464
-4.462740987321879,-18.88685870767519,-20.810153724679303
-5.335424296090291,-20.14762393999973,-20.810153724052995
-6.225452622095327,-21.36879769930623,-20.81015372450857
-7.13205125245317,-22.54982029358797,-20.810153725989878
-8.054348339448753,-23.690277883747203,-20.810153728407997
-8.99138294927099,-24.78989743336062,-20.81015373164796
-9.942112665409336,-25.84854199571509,-20.81015373557554
-10.905420702569508,-26.866206311138555,-20.81015374004391
-11.880122515400783,-27.84301266110202,-20.81015374489985
-12.864971910081847,-28.779206905895094,-20.810153749989578
-13.85866668640072,-29.67515461891113,-20.810153755163903
-14.859853853852892,-30.531337221852425,-20.810153760282837
-15.867134477840365,-31.348348020778968,-20.81015376521961
-16.87906822153536,-32.12688804235783,-20.810153769863902
-17.894177655511427,-32.86776157259079,-20.810153774124476
-18.91095241087666,-33.57187130652456,-20.810153777931006
-19.927853252333144,-34.24021302691213,-20.810153781235073
-20.943316145266035,-34.87386974248039,-20.810153784010353
-21.9557563855819,-35.47400523234246,-20.81015378625191
-22.9635728525776,-36.04185696206895,-20.810153787974606
-23.96515243374639,-36.578728358751164,-20.810153789210727
-24.958874656383863,-37.08598045660662,-20.810153790006893
-25.9431165445878,-37.56502295060876,-20.81015379042039
-26.916257702386297,-38.01730472234368,-20.81015379051521
-27.87668560508833,-38.44430392865079,-20.810153790357976
-28.822801062485205,-38.84751776826676,-20.810153790014077
-29.75302380027923,-39.22845206325117,-20.810153789544252
-30.66579809112524,-39.588610809042066,-20.810153789001834
-31.559598354907845,-39.92948585834012,-20.81015378843085
-32.43293464013695,-40.25254690870016,-20.81015378786502
-33.28435789516938,-40.559231961157245,-20.810153787327668
-34.11246493958817,-40.850938407335555,-20.810153786832448
-34.915903052387236,-41.12901488567943,-20.81015378638469
-35.693374104181075,-41.39475402457934,-20.810153785983182
-36.443638174761006,-41.64938616251285,-20.81015378562218
-37.165516614005426,-41.894074104444215,-20.810153785293316
-37.8578945223505,-42.12990894133775,-20.810153784987417
-38.51972264563457,-42.35790692745587,-20.810153784695924
-39.15001869710569,-42.57900737971722,-20.810153784411934
-39.74786813582454,-42.79407153612269,-20.810153784130836
-40.31242444490068,-43.00388228713882,-20.81015378385056
-40.84290896448581,-43.20914467562038,-20.810153783571508
-41.33861034295844,-43.41048704766723,-20.810153783296222
-41.79888367522624,-43.608462728727424,-20.810153783028923
-42.22314939967291,-43.80355209600084,-20.81015378277494
-42.61089202524904,-43.99616491928748,-20.81015378254014
-42.961658757896764,-44.18664284726021,-20.81015378233037
-43.27505809129559,-44.37526192406769,-20.810153782151
-43.550758421214475,-44.56223503153366,-20.81015378200649
-43.788486735920905,-44.74771416440652,-20.81015378190011
-43.988027427454995,-44.93179245959728,-20.810153781833698
-44.14922126039363,-45.11450591468615,-20.81015378180754
-44.27196452621661,-45.29583474583599,-20.810153781820297
-44.35620840270065,-45.47570435037134,-20.81015378186904
-44.40195852902068,-45.65398585448474,-20.8101537819493
-44.4092747985124,-45.8304962416915,-20.810153782055252
-44.3782713624113,-46.00499807267198,-20.81015378217992
-44.30911682939603,-46.177198821923646,-20.810153782315524
-44.20203463750897,-46.34674987107826,-20.81015378245381
-44.05730356711359,-46.51324521266425,-20.81015378258661
-43.875258356126764,-46.676219931289474,-20.810153782706355
-43.6562903720309,-46.83514854139027,-20.810153782806747
-43.40084828937153,-46.98944327146547,-20.810153782883464
-43.10943871686798,-47.138452393642254,-20.810153782934865
-42.782626715227586,-47.281458704004855,-20.810153782962693
-42.4210361455832,-47.417678262830094,-20.81015378297263
-42.02534978947786,-47.54625950420747,-20.81015378297475
-41.59630918475237,-47.66628282103596,-20.81015378298361
-41.134714127709806,-47.77676072377132,-20.81015378301808
-40.64142180056423,-47.876638659418795,-20.810153783100763
-40.117345494293716,-47.96479656123712,-20.81015378325692
-39.56345291028722,-48.04005117982352,-20.81015378351304
-38.98076403908887,-48.10115922335985,-20.81015378389499
-38.37034863040973,-48.146821309764675,-20.810153784425875
-37.73332328456411,-48.175686707490165,-20.810153785123795
-37.07084821067621,-48.18635881605568,-20.81015378599963
-36.38412371046046,-48.17740131350087,-20.810153787055047
-35.67438645723927,-48.147344877087455,-20.81015378828096
-34.94290564740223,-48.09469436691838,-20.810153789656535
-34.19097910522046,-48.017936350536104,-20.81015379114895
-33.41992942155717,-47.91554684051484,-20.810153792713812
-32.631100202586275,-47.78599911669318,-20.81015379429637
-31.825852496441943,-47.627771509736554,-20.810153795833358
-31.005561454304022,-47.4393550325677,-20.810153797255353
-30.17161326848426,-47.219260759985445,-20.810153798489498
-29.325402414429757,-46.96602687346989,-20.81015379946244
-28.46832920704706,-46.678225306643604,-20.810153800103294
-27.60179766517883,-46.35446794606002,-20.81015380034647
-26.727213662143075,-45.99341236097839,-20.810153800134323
-25.845983325544346,-45.5937670537992,-20.810153799419503
-24.959511636496547,-45.15429623933393,-20.81015379816693
-24.06920116720358,-44.67382417575665,-20.8101537963555
-23.176450886615605,-44.1512390828388,-20.810153793979424
-22.282654956570536,-43.585496694002224,-20.810153791049252
-21.389201435292016,-42.97562349808684,-20.810153787592732
-20.497470801122457,-42.320719734876626,-20.810153783655256
-19.60883420665878,-41.6199622157758,-20.810153779300258
-18.72465137175628,-40.87260704800506,-20.81015377460927
-17.846268022922466,-40.07799234769254,-20.810153769681705
-16.97501278623787,-39.23554103458812,-20.810153764634375
-16.112193440996585,-38.34476380903698,-20.81015375960055
-15.259092441748072,-37.40526242035206,-20.81015375472845
-14.416961617483528,-36.416733344653984,-20.810153750179094
-13.587015958671575,-35.37897199916387,-20.810153746123227
-12.770426406270593,-34.29187762806391,-20.810153742737132
-11.968311562578853,-33.15545900119838,-20.81015374019715
-11.18172825302502,-31.969841069395393,-20.81015373867261
-10.411660882347629,-30.735272716794373,-20.810153738317098
-9.659009550100981,-29.45213573837602,-20.810153739258013
-8.92457692153898,-28.120955146356856,-20.81015374158452
-8.209053893535113,-26.74241086807775,-20.810153745334503
-7.513004154379248,-25.31735083592571,-20.81015375048147
-6.8368478140261795,-23.846805382121538,-20.810153756922844
-6.180844379986644,-22.332002734007137,-20.81015376447198
-5.545075474436807,-20.774385256625052,-20.810153772856495
-4.929427828655055,-19.175625909893633,-20.810153781725916
-4.333577246162261,-17.537644183414134,-20.810153790671308
-3.7569743854175686,-15.86262055548431,-20.810153799258188
-3.1988333599355525,-14.153008315031663,-20.810153807071565
-2.6581242651855375,-12.411541415436472,-20.81015381376861
-2.1335707893350153,-10.641236934510095,-20.8101538191304
-1.6236540184707764,-8.845390735598485,-20.81015382310101
-1.1266233793900877,-7.02756509772834,-20.810153825801564
-0.6405153580482827,-5.191567431637074,-20.810153827509772
-0.16318019137734735,-3.3414197236323453,-20.810153828603067
0.30768381889740626,-1.4813190188693266,-20.810153829473798
0.7744893267433076,0.38440999626204436,-20.81015383043499
1.2397138395036513,2.2513685208003715,-20.810153831641077
1.7058505204304755,4.115140874211317,-20.810153833045852
2.1753582307243535,5.971352651522907,-20.810153834410308
2.6506132240756846,7.8157269103710165,-20.810153835358264
3.133864742962635,9.644135706673708,-20.810153835463847
3.627196387648733,11.452644770043705,-20.81015383434702
4.132494597462797,13.237549774367585,-20.8101538317533
4.651424980272982,14.995403409189116,-20.810153827601333
5.185416632176564,16.723033188475018,-20.810153821992785
5.735654073148873,18.417550559069994,-20.810153815188933
6.303076029668544,20.076352337278617,-20.810153807565015
6.888380039742707,21.69711578858915,-20.810153799555373
7.492031734039173,23.277788782080876,-20.81015379160059
8.114277637917294,24.816576427036324,-20.810153784104457
8.755160414003642,26.31192547380103,-20.81015377740421
9.414535593341755,27.76250757385892,-20.810153771754422
10.092088998249112,29.167202280118826,-20.81015376732261
10.78735422088142,30.5250804540992,-20.810153764193437
11.49972967363155,31.835388549895118,-20.810153762378683
12.228494862243512,33.09753407557764,-20.810153761830048
12.972825645948452,34.31107239498146,-20.81015376245283
13.73180834041747,35.475694926400934,-20.810153764119093
14.504452590378666,36.59121871664495,-20.81015376667939
15.289702992004297,37.657577314986504,-20.81015376997282
16.086449483711814,38.67481283716603,-20.810153773835097
16.893536550888076,39.64306909032217,-20.810153778104937
17.709771307998352,40.56258562157771,-20.81015378262886
18.533930532927005,41.43369255268257,-20.810153787264653
19.364766735114966,42.25680606794641,-20.810153791883746
20.20101334258644,43.032424430628126,-20.810153796372738
21.04138909439334,43.76112441247451,-20.81015380063424
21.884601725133994,44.44355803114798,-20.810153804587195
22.729351027547064,45.08044950015745,-20.810153808166838
23.57433137806303,45.672592305197796,-20.810153811324344
24.418233808773625,46.220846329335565,-20.81015381402628
25.25974770759505,46.72613495724573,-20.810153816253848
26.0975622264026,47.18944209583333,-20.810153818002053
26.930367474490392,47.61180905528261,-20.81015381927865
27.75685557170618,47.99433124114103,-20.810153820103046
28.575721631856076,48.33815461476972,-20.810153820504972
29.385664742295816,48.644471886677785,-20.81015382052311
30.185388999874263,48.91451841517291,-20.81015382020347
30.97360465646231,49.149567791613414,-20.8101538195977
31.74902941913751,49.35092710345704,-20.810153818761226
32.51038994073114,49.51993187727509,-20.81015381775129
33.25642352599976,49.65794071581476,-20.810153816624968
33.98588006737797,49.766329655783096,-20.810153815437243
34.69752421242143,49.84648628589104,-20.810153814239097
35.39013775306985,49.899803677310565,-20.810153813075928
36.062522215229286,49.92767419044193,-20.810153811986154
36.71350161641575,49.93148323209124,-20.810153811000255
37.341925349847045,49.91260304515228,-20.810153810140203
37.94667114590889,49.87238661806391,-20.81015380941939
38.52664805676638,49.81216180319092,-20.81015380884296
39.08079940733687,49.73322573154105,-20.810153808408582
39.60810565602576,49.636839605787536,-20.81015380810757
40.10758711153222,49.52422394455232,-20.810153807926227
40.57830645746142,49.39655433868871,-20.81015380784734
41.019371044088764,49.25495776546111,-20.810153807851677
41.4299349159355,49.10050948979098,-20.81015380791943
41.80920055427461,48.93423056396599,-20.810153808031476
42.15642032469151,48.75708591927223,-20.810153808170377
42.47089763078151,48.56998302575666,-20.81015380832118
42.751987785430394,48.37377108051976,-20.810153808471853
42.99909862043286,48.169240671204115,-20.81015380861354
43.21169086309784,47.95712385014647,-20.810153808740555
43.38927831472905,47.738094546286945,-20.810153808850167
43.53142787032571,47.51276923650069,-20.810153808942268
43.63775942150213,47.28170779549986,-20.810153809018974
43.707945685540544,47.04541444369479,-20.810153809084134
43.7417120028027,46.80433871515507,-20.810153809142847
43.738836142608776,46.55887637277473,-20.81015380920101
43.699148154345885,46.30937020459215,-20.81015380926488
43.62253029619862,46.056110643620876,-20.81015380934071
43.50891706869452,45.79933616320766,-20.810153809434425
43.35829537440604,45.539233410575534,-20.81015380955132
43.17070481880151,45.275937052601115,-20.81015380969593
42.946238160522306,45.00952931981799,-20.81015380987182
42.68504191239316,44.74003924696421,-20.810153810081516
42.387317087347334,44.46744162095401,-20.81015381032649
42.05332007626101,44.191655659805356,-20.810153810607158
41.683363637540644,43.91254345864182,-20.810153810922973
41.27781797130579,43.62990825122776,-20.81015381127257
40.837111844291364,43.3434925473685,-20.81015381165395
40.361733725321805,43.05297621764247,-20.810153812064723
39.8522328855783,42.75797460700319,-20.8101538125024
39.309220413116414,42.45803676741625,-20.810153812964685
38.733370087444584,42.152643906454706,-20.81015381344977
38.12541905771031,41.84120815321239,-20.810153813956553
37.48616826742139,41.52307174455608,-20.81015381448482
36.81648256989107,41.19750673320318,-20.810153815035232
36.117290481923526,40.86371531404131,-20.81015381560917
35.389583528753434,40.52083085627634,-20.810153816208338
34.63441514091885,40.16791971635344,-20.81015381683414
33.852899073445684,39.80398389029063,-20.810153817486846
33.04620732917791,39.427964544477746,-20.810153818164505
32.215567580872914,39.03874644174706,-20.81015381886181
31.362260100236004,38.63516325546143,-20.810153819568907
30.487614215720363,38.2160037395297,-20.810153820270283
29.59300433393368,37.78001869781051,-20.810153820944002
28.679845571120666,37.32592867352113,-20.810153821561236
27.74958905073219,36.85243225919897,-20.810153822086384
26.803716929953985,36.35821491151094,-20.810153822477776
25.843737221821293,35.8419581435901,-20.81015382268899
24.8711784799608,35.30234896113897,-20.81015382267081
23.887584410070556,34.73808940749188,-20.810153822373703
22.894508466186405,34.147906087060186,-20.810153821750706
21.893508481003902,33.530559545675395,-20.81015382076049
20.886141368603898,32.8848533996166,-20.810153819370445
19.873957925555093,32.209643121691954,-20.81015381755962
18.858497743279347,31.503844411659284,-20.810153815321236
17.841284231507437,30.766441098504163,-20.810153812664687
16.82381974031768,29.99649254266645,-20.81015380961685
15.8075807572474,29.193140526329806,-20.81015380622269
14.794013146801067,28.35561563859735,-20.81015380254503
13.784527392739529,27.483243179143773,-20.810153798663524
12.780493799103299,26.575448618265167,-20.810153794672875
11.783237604189372,25.631762662762323,-20.810153790680303
10.794033962785067,24.651825985492835,-20.810153786802324
9.81410275594009,23.635393681461373,-20.810153783160946
8.84460319448641,22.582339514748252,-20.810153779879343
7.886628192452546,21.49266001814884,-20.810153777077137
6.9411984995347495,20.36647850082285,-20.810153774865356
6.00925659796467,19.20404900820906,-20.810153773341273
5.0916603885298475,18.005760262606966,-20.810153772583334
4.189176713201457,16.77213959184946,-20.81015377264631
3.3024747877534866,15.503856827175015,-20.810153773557076
2.432119646704246,14.201728119739071,-20.810153775311296
1.5785657344002333,12.866719588497748,-20.810153777871342
0.74215080925255,11.49995067124681,-20.810153781165965
-0.07690963829263395,10.102697006840367,-20.810153785091877
-0.8785272214094477,8.676392632266337,-20.810153789517653
-1.6627444855121936,7.2226312364210745,-20.810153794289874
-2.4297374483342256,5.743166177094984,-20.81015379924144
-3.179816559925711,4.23990894360405,-20.81015380420147
-3.913425795669803,2.7149257398752833,-20.81015380900601
-4.631139618412403,1.1704318767370874,-20.810153813508446
-5.333657590090097,-0.3912162979982813,-20.810153817588365
-6.02179648036123,-1.9675321346823844,-20.810153821157687
-6.69647980917398,-3.5559121881704896,-20.810153824163216
-7.3587248688347024,-5.153652478749135,-20.810153826585186
-8.009627393038173,-6.757967349786483,-20.810153828432213
-8.650344166922293,-8.366010614573508,-20.81015382973363
-9.282073993004968,-9.974898539678948,-20.810153830530727
-9.90603753157038,-11.581734085622937,-20.810153830868572
-10.523456610142572,-13.183631731155474,-20.81015383078997
-11.135533636855476,-14.777742155525281,-20.81015383033237
-11.743431752153176,-16.3612760499867,-20.81015382952796
-12.348256312082446,-17.931526376046296,-20.810153828406296
-12.951038218687057,-19.48588847859099,-20.810153826998395
-13.552719506692187,-21.021877587257396,-20.81015382534089
-14.154141471330018,-22.537143386179924,-20.81015382347914
-14.756035491329731,-24.029481486362002,-20.810153821468386
-15.359016574714136,-25.49684178289607,-20.81015381937289
-15.96357954218903,-26.937333810042656,-20.81015381726308
-16.570097669996066,-28.349229313088234,-20.810153815211436
-17.178823544598927,-29.7309623329736,-20.810153813287815
-17.789891836199605,-31.081127147414865,-20.810153811554954
-18.403323675301838,-32.398474432899505,-20.81015381006473
-19.019032313249546,-33.68190600969322,-20.810153808855567
-19.636829759899,-34.930468511992004,-20.81015380795113
-20.256434115113965,-36.143346292959855,-20.810153807360187
-20.877477341599594,-37.31985383459241,-20.810153807077626
-21.499513261233073,-38.45942788938539,-20.810153807086152
-22.122025592703373,-39.56161953799228,-20.810153807358596
-22.744435882847974,-40.62608630681939,-20.81015380786037
-23.366111216142865,-41.652584453365684,-20.810153808552013
-23.98637161550462,-42.640961495889606,-20.810153809391576
-24.60449707249112,-43.591149037941605,-20.810153810336704
-25.21973416606875,-44.503155917305826,-20.81015381134643
-25.831302246505487,-45.37706169255375,-20.810153812382588
-26.438399174953968,-46.213010468182745,-20.810153813410814
-27.040206620283904,-47.011205050587044,-20.810153814401286
-27.635894923115302,-47.77190142127671,-20.810153815329123
-28.22462754319321,-48.4954035102455,-20.810153816174505
-28.805565110604537,-49.18205825067528,-20.81015381692259
-29.377869104204112,-49.8322508958038,-20.810153817563283
-29.940705182284596,-50.446400579397825,-20.81015381809087
-30.49324619124371,-51.02495610255697,-20.81015381850354
-31.03467487798476,-51.568391931277255,-20.810153818802874
-31.56418633120765,-52.077204391136256,-20.81015381899332
-32.08099017575241,-52.551908047476154,-20.810153819081645
-32.584312542863586,-52.99303226144836,-20.810153819076397
-33.0733978377477,-53.40111791416548,-20.81015381898743
-33.547510324175185,-53.77671429292957,-20.810153818825434
-34.00593554419519,-54.12037613503437,-20.81015381860155
-34.44798158933677,-54.43266082595477,-20.81015381832696
-34.8729802380038,-54.7141257498285,-20.81015381801268
-35.280287972164004,-54.965325791004915,-20.81015381766921
-35.6692868849106,-55.186810986088446,-20.810153817306436
-36.039385489054794,-55.379124326351565,-20.810153816933415
-36.39001943560276,-55.54279971064987,-20.81015381655831
-36.72065214978882,-55.678360049056714,-20.81015381618834
-37.030775391281345,-55.786315517368116,-20.81015381582974
-37.31990974424883,-55.8671619624316,-20.81015381548777
-37.58760504216765,-55.92137945794828,-20.810153815166764
-37.833440731562696,-55.949431010009896,-20.810153814870176
-38.05702617828947,-55.95176141118486,-20.810153814600643
-38.258000919479436,-55.92879624148352,-20.810153814360064
-38.43603486386767,-55.88094101403596,-20.810153814149686
-38.590828442889126,-55.80858046282663,-20.810153813970178
-38.72211271465426,-55.71207796936889,-20.810153813821735
-38.82964942268142,-55.59177512478746,-20.810153813704126
-38.91323101106021,-55.44799142342168,-20.810153813616797
-38.97268059753409,-55.28102408378095,-20.810153813558898
-39.00785190581121,-55.09114799248331,-20.81015381352938
-39.01862915823059,-54.878615766696356,-20.81015381352702
-39.00492692971859,-54.64365793057696,-20.810153813550453
-38.96668996376321,-54.38648320127326,-20.81015381359822
-38.903892950907064,-54.10727888020468,-20.810153813668773
-38.81654027001341,-53.806211345564975,-20.81015381376049
-38.70466569229252,-53.48342664229228,-20.8101538138717
-38.568332047792424,-53.139051166104046,-20.810153814000653
-38.407630853760104,-52.773192438592034,-20.81015381414555
-38.22268190397479,-52.385939970796386,-20.810153814304506
-38.013632817847984,-51.97736621311259,-20.810153814475573
-37.780658547785464,-51.54752758981383,-20.810153814656704
-37.523960843020866,-51.09646561687676,-20.810153814845766
-37.24376766786881,-50.624208102164545,-20.81015381504052
-36.94033257211657,-50.13077042733122,-20.810153815238618
-36.61393401108536,-49.61615691105071,-20.81015381543761
-36.26487461275603,-49.08036225332919,-20.81015381563496
-35.89348038927613,-48.52337306071808,-20.810153815828016
-35.50009989015612,-47.94516945219692,-20.81015381601408
-35.085103294528245,-47.34572674533218,-20.810153816190386
-34.6488814399908,-46.725017222032804,-20.81015381635416
-34.19184478579915,-46.083011972811725,-20.810153816502652
-33.71442230849885,-45.419682817922,-20.81015381663318
-33.2170603285315,-44.73500430306575,-20.810153816743167
-32.70022126688392,-44.02895576657528,-20.810153816830244
-32.16438233150044,-43.301523474041325,-20.810153816892264
-31.61003413393814,-42.55270281531807,-20.810153816927397
-31.03767923761785,-41.78250055767527,-20.810153816934193
-30.447830640009283,-40.99093714760183,-20.810153816911637
-29.84101019218496,-40.17804905240333,-20.810153816859223
-29.217746960382012,-39.34389113128919,-20.810153816777
-28.578575535516272,-38.48853902412678,-20.81015381666562
-27.924034297991927,-37.612091544467006,-20.81015381652635
-27.254663646629695,-36.71467306183526,-20.810153816361105
-26.571004202081408,-35.79643585665564,-20.810153816172434
-25.873594996689118,-34.857562429559394,-20.810153815963453
-25.162971664356675,-33.898267745249036,-20.810153815737834
-24.43966464560136,-32.91880138958095,-20.8101538154997
-23.7041974245053,-31.919449617128752,-20.810153815253525
-22.957084815749518,-30.9005372652409,-20.81015381500398
-22.198831321238984,-29.862429509556225,-20.81015381475582
-21.42992957696106,-28.805533435144056,-20.81015381451372
-20.6508589116048,-27.730299396947498,-20.810153814282053
-19.862084039042585,-26.637222143090618,-20.810153814064797
-19.06405390697634,-25.526841674922892,-20.810153813865295
-18.257200723816208,-24.39974381847879,-20.810153813686153
-17.44193918513311,-23.25656048338242,-20.81015381352909
-16.61866591975781,-22.097969587175466,-20.810153813394855
-15.78775917374996,-20.92469462562858,-20.810153813283172
-14.94957874800777,-19.737503872832637,-20.81015381319272
-14.10446620222885,-18.537209198758234,-20.81015381312118
-13.252745334283768,-17.324664496496617,-20.81015381306532
-12.394722939870421,-16.100763716502897,-20.810153813021152
-11.530689852649783,-14.86643851077443,-20.810153812984087
-10.66092226002036,-13.622655495905175,-20.810153812949174
-9.78568328439285,-12.370413150224906,-20.810153812911363
-8.905224814423963,-11.110738366599547,-20.810153812865757
-8.019789565322021,-9.844682688756095,-20.810153812807922
-7.12961334221996,-8.573318265011265,-20.810153812734107
-6.234927475899706,-7.297733558832976,-20.81015381264156
-5.335961396014468,-6.019028860560953,-20.81015381252867
-4.43294530354594,-4.738311648687156,-20.810153812395182
-3.5261129016811763,-3.4566918522049197,-20.810153812242277
-2.615704142696264,-2.1752770675694095,-20.810153812072606
-1.7019679478512053,-0.8951677847040671,-20.810153811890274
-0.7851648577517931,0.38254732378420414,-20.8101538117007
0.1344304279029022,1.6567959974307056,-20.810153811510446
1.056526659857015,2.926526816514868,-20.810153811327005
1.9808138335257015,4.190713417627315,-20.810153811158465
2.9069611993371427,5.448358453674678,-20.8101538110132
3.8346155160547926,6.698497260748499,-20.81015381089952
4.763399568980139,7.9402011997344655,-20.8101538108253
5.692910969729203,9.172580646306997,-20.810153810797665
6.622721248991522,10.394787608869429,-20.810153810822644
7.552375248471018,11.606017959902324,-20.81015381090495
8.481390813209341,12.80551327193113,-20.810153811047748
9.409258780817925,13.992562254801639,-20.810153811252533
10.335443259884979,15.166501796064601,-20.810153811519072
11.25938218604319,16.32671761095145,-20.810153811845396
12.180488140923885,17.47264451262772,-20.810153812227913
13.098149416502377,18.603766317115998,-20.81015381266151
14.011731305156527,19.719615400481953,-20.810153813139816
14.920577594098832,20.819771928583673,-20.81015381365536
15.824012241672218,21.90386278191586,-20.810153814199918
16.721341212282425,22.97156019986263,-20.810153814764732
17.611854446431195,24.02258017003483,-20.810153815340847
18.494827942367625,25.05668058934058,-20.81015381591934
19.36952592624248,26.073659224050733,-20.810153816491606
20.235203088287225,27.073351496401155,-20.810153817049564
21.091106863402533,28.055628125245878,-20.810153817585835
21.9364797355924,29.020392647961117,-20.810153818093912
22.770561546884537,29.967578850219095,-20.81015381856823
23.59259179270546,30.89714812942039,-20.81015381900427
24.401811887103285,31.809086816511222,-20.810153819398543
25.197467382709508,32.70340347963439,-20.8101538197486
25.978810131882828,33.58012623158799,-20.81015382005299
26.74510037706564,34.43930006141404,-20.810153820311168
27.495608759990045,35.28098420863203,-20.81015382052345
28.22961824098043,36.10524959669546,-20.810153820690875
28.946425921198184,36.91217634020909,-20.810153820815117
29.645344762247092,37.70185133833233,-20.810153820898375
30.325705199090105,38.47436596464135,-20.810153820943242
30.986856643706183,39.22981386156293,-20.810153820952625
31.6281688783244,39.96828884536168,-20.810153820929646
32.24903333839916,40.68988292559338,-20.810153820877527
32.84886428672056,41.39468444096435,-20.81015382079955
33.427099881177064,42.08277631169153,-20.810153820698964
33.98320313969138,42.75423440677021,-20.810153820578954
34.51666280672703,43.40912602305018,-20.810153820442572
35.02699412650319,44.04750847172074,-20.81015382029275
35.513739528656146,44.66942776672461,-20.810153820132218
35.97646923254094,45.274917408775785,-20.810153819963567
36.414781776679234,45.86399725805231,-20.810153819789164
36.828304480027306,46.43667248827518,-20.810153819611234
37.216693841768844,46.99293261476636,-20.81015381943181
37.579635886234314,47.5327505891953,-20.810153819252786
37.916846459323395,48.05608195406238,-20.810153819075914
38.22807148246843,48.56286405051394,-20.81015381890284
38.513087169738526,49.053015273816904,-20.810153818735127
38.771700213160265,49.526434371719006,-20.810153818574282
39.003747940737384,49.98299978195687,-20.810153818421767
39.209098451005985,50.42256900632088,-20.81015381827907
39.38765072728082,50.84497801991219,-20.810153818147686
39.539334734050996,51.25004071550165,-20.810153818029185
39.664111497288474,51.63754838419036,-20.81015381792522
39.76197316975769,52.00726923484413,-20.810153817837527
39.832943081777564,52.3589479559964,-20.810153817767993
39.87707577730427,52.69230532505491,-20.81015381771862
39.89445703468848,53.00703787067672,-20.81015381769156
39.88520387102741,53.3028175950665,-20.81015381768908
39.84946452868901,53.57929176368137,-20.81015381771356
39.78741844233969,53.83608277037013,-20.810153817767475
39.69927618466043,54.07278808632294,-20.810153817853305
39.585279388888445,54.28898030134718,-20.810153817973553
39.445700646366504,54.48420726591445,-20.810153818130576
39.28084337740963,54.65799234214355,-20.810153818326565
39.091041673996244,54.80983477140498,-20.810153818563403
38.87666011303776,54.93921016556772,-20.81015381884256
38.63809353925689,55.045571128081704,-20.81015381916496
38.375766816984715,55.12834801012421,-20.810153819530814
38.09013455044245,55.186949805968325,-20.81015381993952
37.78168077227814,55.22076519058986,-20.810153820389473
37.45091860025054,55.229163701354324,-20.810153820877954
37.09838986196542,55.211497064454925,-20.81015382140098
36.72466468744513,55.16710066564547,-20.810153821953193
36.33034106902721,55.09529516376562,-20.810153822527806
35.91604438762131,54.995388244624834,-20.81015382311649
35.48242690368805,54.866676512028626,-20.81015382370939
35.03016721042883,54.7084475121244,-20.810153824295156
34.5599696455829,54.5199818868397,-20.810153824861
34.072563656916735,54.300555652004086,-20.810153825392852
33.56870311496348,54.04944259580543,-20.81015382587553
33.049165564834766,53.76591679354728,-20.810153826293032
32.514751406994556,53.449255235258924,-20.81015382662884
31.966282994772115,53.09874056357665,-20.810153826866344
31.404603634115304,52.71366392047359,-20.81015382698927
30.830576468669495,52.29332790287941,-20.810153826982283
30.245083230735407,51.83704962900973,-20.810153826831534
29.649022836037915,51.34416391933198,-20.81015382652535
29.043309797558894,50.81402659853838,-20.810153826054922
28.42887243098553,50.2460179276862,-20.810153825415075
27.806650821643693,49.63954617880166,-20.81015382460501
27.177594520175308,48.99405136771825,-20.810153823629058
26.54265993174411,48.309009164707035,-20.810153822497423
25.902807361299818,47.583935006507055,-20.81015382122682
25.25899767550421,46.81838843759406,-20.81015381984101
24.61218854046739,46.01197771280417,-20.810153818371163
23.96333019364282,45.164364697564295,-20.81015381685604
23.31336070832749,44.27527010569951,-20.810153815341796
22.663200710515866,43.34447911771885,-20.810153813881485
22.013747510752793,42.37184742413358,-20.810153812534107
21.36586861860362,41.35730773810447,-20.81015381136308
20.720394614992724,40.30087681875944,-20.810153810434215
20.07811136864371,39.202663039917255,-20.810153809813002
19.439751597967653,38.0628745275836,-20.810153809561356
18.805985799840062,36.881827872211296,-20.810153809733762
18.177412592645528,35.659957397023675,-20.81015381037311
17.554548553537288,34.39782493042287,-20.810153811506353
16.937817669633258,33.09612998758276,-20.810153813140516
16.32754057002995,31.75572021315281,-20.81015381525942
15.723923759607917,30.37760187372747,-20.810153817821817
15.127049135258655,28.96295011665735,-20.810153820761524
14.536864127807448,27.51311863372334,-20.810153823990014
13.953172874491473,26.029648288906458,-20.81015382740188
13.375628881706854,24.51427419585768,-20.810153830882864
12.80372967862202,22.9689306717295,-20.810153834319955
12.236813980727247,21.395753460507464,-20.810153837611995
11.674061869585625,19.797078622361372,-20.810153840679128
11.114498442893153,18.17543753652072,-20.810153843468846
10.557001291748417,16.53354757163217,-20.810153845956748
10.000312018212783,14.874298142218558,-20.810153848141088
9.443051819949586,13.200732088269236,-20.81015385003134
8.883740950734621,11.516022574222372,-20.810153851632915
8.320821633169592,9.823445982387653,-20.810153852931457
7.7526837751887205,8.126351546515046,-20.81015385388092
7.17769264918654,6.428128703293528,-20.81015385439903
6.594217554372699,4.732173304716472,-20.810153854372565
6.0006604162180235,3.041853911287691,-20.81015385367195
5.395483289787032,1.360479364959312,-20.810153852172768
4.777233824255829,-0.30873127537272615,-20.81015384977986
4.14456790205377,-1.9626755484033598,-20.810153846448912
3.496268868387736,-3.598390517265902,-20.81015384220145
2.8312629920039156,-5.213071445115016,-20.81015383713057
2.148631022481357,-6.8040861249316,-20.810153831396946
1.4476159130750381,-8.368985008172125,-20.810153825216403
0.7276269467080336,-9.90550746874149,-20.81015381884179
-0.011759371753665366,-11.411584674511282,-20.81015381254217
-0.7708012130697198,-12.885339617318227,-20.810153806582356
-1.5495956280329028,-14.325084879350555,-20.81015380120504
-2.348084571726453,-15.72931869834226,-20.810153796616937
-3.1660622837193952,-17.09671984712855,-20.8101537929795
-4.003183602112143,-18.426141775955625,-20.810153790404133
-4.858972842357164,-19.71660638832983,-20.810153788951332
-5.732832929742671,-20.96729774106009,-20.810153788632896
-6.624054532634733,-22.177555882282814,-20.810153789416493
-7.531824998801961,-23.346870971432143,-20.810153791231635
-8.455236947454457,-24.47487776439447,-20.81015379397644
-9.393296414079044,-25.56135049621272,-20.810153797524798
-10.344930483532904,-26.606198152507655,-20.81015380173334
-11.308994379421602,-27.609460088510573,-20.810153806448128
-12.284278005046126,-28.571301930211654,-20.810153811510908
-13.269511953764935,-29.492011674494925,-20.810153816764732
-14.263373025074708,-30.37199589319371,-20.81015382205905
-15.264489297574306,-31.211775938851346,-20.810153827254098
-16.271444821623376,-32.01198404690452,-20.810153832224728
-17.282784003185174,-32.773359229527124,-20.810153836863485
-18.297015756167756,-33.49674286018603,-20.810153841083
-19.312617503556247,-34.18307385493652,-20.81015384481762
-20.328039107695332,-34.833383366606036,-20.81015384802423
-21.341706807138884,-35.44878892131769,-20.810153850682227
-22.352027231454528,-36.03048794330318,-20.810153852792585
-23.35739155624649,-36.579750633578534,-20.810153854376093
-24.35617984855014,-37.09791219057156,-20.810153855470723
-25.34676563792728,-37.58636438575151,-20.810153856128387
-26.32752073151316,-38.046546534019974,-20.81015385641103
-27.296820272595188,-38.47993592611449,-20.81015385638655
-28.2530480228885,-38.888037817349826,-20.810153856124558
-29.194601829513996,-39.27237509229253,-20.810153855692494
-30.11989921986607,-39.63447774695922,-20.810153855152134
-31.027383052171235,-39.97587234740735,-20.81015385455688
-31.915527137585602,-40.298071634876635,-20.81015385394998
-32.782841741973556,-40.60256445196674,-20.810153853363666
-33.62787887259733,-40.89080616114464,-20.8101538528192
-34.449237257042974,-41.164209716097126,-20.810153852327872
-35.245566928672055,-41.42413752853388,-20.810153851892466
-36.015573344232585,-41.67189424894887,-20.810153851509284
-36.75802097420268,-41.90872055092321,-20.81015385117025
-37.4717363239674,-42.135787976449365,-20.810153850865
-38.1556103629125,-42.35419486626869,-20.810153850582715
-38.80860035780512,-42.56496336612521,-20.810153850313593
-39.42973112534314,-42.76903746877589,-20.810153850049904
-40.01809573557177,-42.96728202392542,-20.810153849786545
-40.57285571227646,-43.16048262499005,-20.81015384952129
-41.09324078799211,-43.34934626338359,-20.810153849254622
-41.57854827968614,-43.534502628130404,-20.810153848989344
-42.028142156456845,-43.71650592098741,-20.810153848730085
-42.441451872900636,-43.895837054568226,-20.81015384848263
-42.81797104143201,-44.07290610268538,-20.810153848253343
-43.15725601416394,-44.24805487761713,-20.81015384804854
-43.45892444038529,-44.42155951757251,-20.810153847874044
-43.72265385961511,-44.59363297859397,-20.810153847734707
-43.94818038305127,-44.76442733787702,-20.810153847634126
-44.13529750829097,-44.934035829464484,-20.810153847574405
-44.28385510375252,-45.10249454805158,-20.810153847556
-44.393758590478285,-45.26978377188165,-20.81015384757769
-44.46496834009902,-45.43582887117875,-20.810153847636553
-44.497499298795454,-45.60050078408505,-20.81015384772808
-44.49142083817778,-45.763616057534854,-20.810153847846316
-44.44685682517607,-45.92493646581765,-20.810153847984093
-44.363985894354826,-46.08416823467453,-20.81015384813336
-44.24304189761067,-46.24096091352604,-20.810153848285584
-44.08431449809366,-46.39490595268504,-20.810153848432236
-43.88814986756528,-46.54553505593849,-20.810153848565424
-43.65495143947395,-46.69231839137767,-20.81015384867854
-43.385180664051894,-46.83466275442469,-20.810153848766998
-43.07935770701907,-46.97190978616964,-20.810153848829014
-42.73806203035932,-47.103334356867265,-20.810153848866285
-42.36193279246003,-47.228143228183434,-20.81015384888467
-41.95166900600611,-47.345474107987165,-20.81015384889453
-41.50802939566467,-47.45439520768498,-20.810153848910943
-41.03183190395747,-47.55390540395487,-20.810153848953465
-40.523952802827246,-47.64293509412283,-20.81015384904549
-39.985325380116414,-47.7203478174517,-20.810153849213155
-39.4169381841507,-47.78494269369319,-20.81015384948376
-38.81983282530918,-47.83545770610666,-20.810153849883847
-38.19510135013064,-47.870573829788015,-20.810153850436908
-37.54388322026845,-47.88891997882995,-20.81015385116105
-36.86736194448697,-47.88907871896729,-20.810153852066655
-36.166761425906344,-47.86959266741106,-20.810153853154326
-35.44334209793376,-47.82897147993341,-20.810153854413315
-34.698396930016365,-47.7656993081276,-20.810153855820587
-33.93324738798423,-47.67824259802401,-20.81015385734059
-33.149239433076154,-47.56505809540497,-20.810153858925858
-32.34773963880398,-47.42460092332318,-20.810153860518373
-31.530131495950005,-47.25533260317473,-20.8101538620516
-30.697811963787316,-47.05572890153549,-20.81015386345305
-29.852188310829803,-46.824287399890714,-20.810153864647205
-28.99467527192734,-46.5595347022546,-20.810153865558647
-28.126692531217635,-46.26003321531584,-20.810153866115186
-27.2496625231778,-45.924387456031724,-20.810153866250765
-26.365008527523784,-45.551249861540974,-20.810153865908234
-25.474153018572554,-45.13932609508692,-20.810153865041706
-24.57851621632462,-44.68737985878882,-20.81015386361856
-23.67951477518165,-44.19423723926362,-20.8101538616211
-22.778560536960402,-43.658790625208916,-20.810153859047823
-21.877059267635186,-43.08000224723236,-20.810153855914415
-20.97640929186503,-42.45690739973102,-20.810153852254416
-20.077999935592697,-41.78861741286996,-20.810153848119658
-19.18320968455932,-41.07432245012036,-20.810153843580444
-18.29340396517389,-40.313294213838184,-20.810153838725487
-17.409932453554298,-39.50488864839676,-20.810153833661516
-16.534125818518124,-38.648548737747035,-20.81015382851259
-15.667291804739197,-37.743807502151476,-20.8101538234189
-14.810710563214986,-36.790291307227925,-20.810153818535035
-13.965629137784774,-35.787723607123866,-20.81015381402745
-13.13325501907502,-34.73592925210621,-20.810153810071064
-12.31474868155265,-33.634839498225574,-20.810153806844603
-11.511215026269731,-32.48449786169282,-20.810153804524674
-10.723693662676165,-31.285066961368408,-20.810153803278137
-9.95314797926353,-30.03683648690086,-20.81015380325289
-9.200452976928307,-28.74023241450397,-20.810153804566923
-8.466381873380792,-27.395827563430792,-20.81015380729595
-7.751591534593457,-26.0043535396346,-20.810153811460296
-7.056606853230942,-24.5667140443461,-20.810153817012043
-6.381804277041662,-23.083999429957387,-20.810153823824322
-5.727394794281544,-21.557502260248373,-20.81015383168487
-5.0934068086351605,-19.988733475265956,-20.810153840296806
-4.479669480215005,-18.37943857530079,-20.810153849289463
-3.8857972653395643,-16.73161303098517,-20.8101538582417
-3.3111765438089056,-15.04751591225693,-20.81015386671828
-2.7549553599735104,-13.32968053087937,-20.810153874317464
-2.2160373985628516,-11.58092074089924,-20.81015388072413
-1.6930813390872508,-9.804331476839678,-20.810153885758933
-1.1845066540334552,-8.003282170242425,-20.810153889411538
-0.6885067116666383,-6.181401905061046,-20.810153891845882
-0.20306970239531705,-4.342555569125811,-20.810153893369986
0.27399256307080333,-2.490810824288441,-20.810153894370963
0.7450085013205229,-0.6303964108883269,-20.810153895226527
1.2124043689732644,1.2343469513593393,-20.81015389621352
1.6786573204641924,3.0990211028051826,-20.810153897437544
2.1462460279263897,4.959227910320552,-20.810153898803936
2.6176012242671702,6.81062683860739,-20.810153900038657
3.095058540686048,8.64898978965424,-20.810153900753207
3.5808157842454325,10.470250655989373,-20.81015390053504
4.076896377242145,12.270547564143973,-20.81015389903923
4.585120125729146,14.046256476509914,-20.810153896059486
5.107081881471522,15.794015567232309,-20.810153891565136
5.6441380884640076,17.510740490520455,-20.81015388570139
6.197400723128578,19.193631240557472,-20.810153878759422
6.7677377827747405,20.840171716595655,-20.810153871128044
7.355779260604554,22.448123343676514,-20.810153863239407
7.961927457343309,24.01551417438388,-20.81015385551922
8.586370495815276,25.54062484275372,-20.810153848347788
9.229097995885262,27.021972597472914,-20.810153842034488
9.88991800380992,28.458294446271932,-20.810153836805334
10.56847442706464,29.848530229289988,-20.810153832801166
11.264264384086538,31.191806230135228,-20.81015383008372
11.97665502536256,32.487419744873506,-20.810153828646357
12.70489951067904,33.73482486947015,-20.810153828427154
13.448151934199986,34.93361963795432,-20.810153829322353
14.205481074389732,36.083534545696274,-20.810153831198985
14.9758829114913,37.18442242139142,-20.81015383390605
15.758291904086088,38.23624956330153,-20.810153837283828
16.55159105125684,39.23908802545302,-20.810153841171427
17.35462079101165,40.193108923545786,-20.810153845412565
18.166186801533506,41.09857662453093,-20.810153849859898
18.985066781706724,41.95584368505559,-20.810153854378086
19.810016293011007,42.765346409773485,-20.81015385884585
20.639773747628336,43.52760090899228,-20.81015386315721
21.47306462848624,44.243199544892406,-20.81015386722212
22.308605026672858,44.91280766564703,-20.8101538709666
23.145104580675458,45.53716053658179,-20.810153874332574
23.981268900495774,46.1170603866866,-20.81015387727737
24.815801558018606,46.65337349719067,-20.81015387977309
25.647405723080414,47.14702726655463,-20.810153881805785
26.474785522448006,47.59900719325508,-20.81015388337453
27.296647196264534,48.01035372435292,-20.81015388449034
28.111700123307383,48.38215892431148,-20.810153885175005
28.918657782473634,48.71556292514892,-20.810153885459805
29.71623871311018,49.01175012604664,-20.810153885384054
30.503167531009172,49.27194511823418,-20.810153884993586
31.278176050006014,49.49740831950965,-20.81015388433905
32.040004551117704,49.68943131222901,-20.810153883474168
32.78740323208659,49.84933188899385,-20.81015388245387
33.519133860176495,49.97844882145582,-20.810153881332457
34.23397164032298,50.07813637937353,-20.81015388016179
34.930707299573605,50.14975863892331,-20.810153878989627
35.608149377554376,50.19468363078586,-20.810153877858127
36.26512670191145,50.21427738913652,-20.810153876802698
36.90049101778254,50.209897971747786,-20.81015387585113
37.51311973182937,50.18288952836925,-20.810153875023182
38.10191872464952,50.134576498846336,-20.81015387433057
38.66582518084633,50.06625802365632,-20.810153873777324
39.203810383917,49.97920264742175,-20.8101538733606
39.71488242353539,49.87464339044685,-20.810153873071698
40.198088765716165,49.75377325456389,-20.810153872897367
40.65251864156004,49.61774121793212,-20.81015387282115
41.07730521746605,49.46764875944476,-20.810153872824838
41.47162751841504,49.30454693775494,-20.81015387288972
41.83471208566433,49.12943403340271,-20.810153872997773
42.165834360395365,48.94325374591504,-20.8101538731326
42.46431979498465,48.74689392183172,-20.81015387328008
42.7295447031254,48.54118577507161,-20.810153873428874
42.96093686859354,48.32690354846284,-20.81015387357056
43.157975939701124,48.10476455503748,-20.8101538736997
43.320193642193225,47.8754295300952,-20.810153873813583
43.447173847404066,47.639503220181645,-20.810153873911986
43.538552534874114,47.39753513297568,-20.81015387399675
43.59401768939958,47.15002037249671,-20.810153874071364
43.613309171759,46.8974004868069,-20.810153874140507
43.59621860029681,46.64006426021974,-20.810153874209647
43.5425892773225,46.37834838863908,-20.810153874284616
43.45231619009339,46.112537984743746,-20.810153874371256
43.32534611116792,45.84286686902053,-20.810153874475144
43.161677817309965,45.56951761288094,-20.81015387460133
42.96136244003902,45.2926213110512,-20.81015387475413
42.72450395448153,45.012257071912764,-20.810153874937008
42.45125980649623,44.728451226322605,-20.81015387515249
42.14184167122098,44.441176267509675,-20.810153875402108
41.79651632931668,44.15034954677253,-20.810153875686453
41.41560664036858,43.85583176173269,-20.810153876005216
40.99949258626155,43.55742528563853,-20.810153876357344
40.54861235101134,43.254872397441574,-20.810153876741182
40.06346339766939,42.94785348280778,-20.810153877154722
39.54460349771619,42.63598528556312,-20.810153877595827
38.992651664032785,42.31881929693646,-20.810153878062486
38.4082889353288,41.99584037595165,-20.810153878553056
37.79225895805339,41.666465698012885,-20.810153879066455
37.14536831155901,41.330044129707225,-20.810153879602225
36.46848652383588,40.985856125743915,-20.810153880160527
35.76254572864037,40.63311423846667,-20.81015388074193
35.028539920380446,40.27096432134108,-20.81015388134697
34.26752377066664,39.89848749522225,-20.810153881975577
33.480610979839255,39.51470293023087,-20.81015388262624
32.668972147756904,39.118571477104666,-20.810153883295058
31.83383216026257,38.70900016056332,-20.810153883974664
30.97646710049219,38.284847524346254,-20.81015388465323
30.098200706928797,37.84492979413875,-20.81015388531354
29.20040041214852,37.38802780168331,-20.810153885932355
28.284473006868193,36.91289459210556,-20.810153886480226
27.351859982554352,36.41826361794149,-20.81015388692168
26.404032611963714,35.90285740847775,-20.81015388721608
25.4424868301817,35.36539659254265,-20.81015388731904
24.468737978822237,34.80460914728134,-20.810153887184345
23.484315473066065,34.219239744886806,-20.810153886766386
22.490757445365073,33.608059073608324,-20.810153886022896
21.489605411326384,32.96987301821158,-20.810153884917852
20.482398993057178,32.30353159777616,-20.810153883424377
19.470670723742213,31.60793757447171,-20.81015388152735
18.45594094513254,30.88205466483782,-20.8101538792257
17.43971279763499,30.124915304157827,-20.810153876534145
16.423467291453566,29.335627933847658,-20.810153873484232
15.408658437315053,28.51338380054041,-20.8101538701247
14.396708407185583,27.657463273007647,-20.810153866521045
13.389002689424393,26.767241698613752,-20.81015386275429
12.386885199298947,25.842194834161244,-20.8101538589191
11.391653304893028,24.881903896364864,-20.81015385512105
10.40455273030235,23.886060284475985,-20.810153851473363
9.426772302715117,22.854470031497268,-20.81015384809306
8.459438517579747,21.787058040726656,-20.810153845096636
7.503609906623216,20.683872160791303,-20.810153842595412
6.560271207054023,19.545087144602473,-20.810153840690656
5.630327346909331,18.371008525499352,-20.81015383946866
4.714597281203502,17.162076426989437,-20.810153838996023
3.8138077362564293,15.918869300739427,-20.810153839315273
2.928586945154153,14.642107560771532,-20.810153840441245
2.0594584853554303,13.332657050368443,-20.810153842358446
1.2068353593573045,11.991532242546526,-20.8101538450198
0.371014490043904,10.619899036183481,-20.810153848347085
-0.4478281676265102,9.21907696968072,-20.81015385223329
-1.2496416696129218,7.79054063483497,-20.810153856547107
-2.0345030294179747,6.335920038599947,-20.810153861139412
-2.802618803559804,4.856999633569414,-20.810153865851547
-3.554325049021605,3.3557157237618456,-20.810153870524694
-4.2900853987667755,1.8341519552442869,-20.810153875009675
-5.010487032345099,0.29453262551924725,-20.81015387917596
-5.716234369534306,-1.2607864054482238,-20.810153882918925
-6.408140386334959,-2.8293293448764154,-20.810153886164372
-7.087115542890471,-4.408514680404285,-20.81015388886973
-7.754154418072319,-5.995671900187908,-20.810153891021805
-8.410320259157656,-7.58806051071144,-20.81015389263165
-9.056727768771516,-9.182891008245372,-20.810153893727563
-9.694524555335116,-10.777347334486409,-20.8101538943476
-10.324871757802638,-12.368610243403221,-20.810153894533016
-10.94892441185359,-13.953880935664717,-20.810153894323648
-11.56781214682385,-15.530404287157058,-20.810153893755988
-12.182620787883335,-17.095491012581455,-20.810153892863678
-12.794375387612318,-18.64653816261117,-20.810153891679875
-13.404025130248243,-20.181047447494457,-20.810153890240457
-14.012430448490413,-21.696641001500026,-20.810153888586996
-14.620352576640437,-23.191074339177398,-20.810153886768568
-15.228445645183045,-24.662246393547758,-20.81015388484198
-15.837251309933485,-26.108206656718398,-20.810153882870225
-16.447195810970687,-27.527159556095807,-20.8101538809196
-17.058589277677502,-28.917466288518167,-20.810153879055868
-17.67162703870075,-30.277644397614463,-20.810153877340287
-18.286392659593396,-31.60636541677809,-20.810153875825932
-18.90286241455749,-32.90245091380237,-20.81015387455482
-19.520910899097153,-34.16486726740225,-20.81015387355609
-20.140317503916364,-35.39271948517447,-20.810153872845284
-20.760773493333957,-36.585244341721044,-20.81015387242467
-21.381889460369322,-37.741803078966704,-20.810153872284406
-22.00320296249523,-38.86187387174365,-20.810153872404314
-22.624186174480673,-39.94504422329206,-20.81015387275604
-23.244253425994764,-40.99100341941876,-20.81015387330536
-23.862768520520277,-41.999535137929016,-20.810153874014436
-24.479051757922978,-42.97051028225075,-20.81015387484392
-25.09238660541259,-43.90388008509486,-20.810153875754782
-25.7020259805697,-44.79966950939484,-20.810153876709826
-26.307198125749295,-45.6579709592803,-20.81015387767485
-26.90711206577807,-46.47893830297828,-20.810153878619516
-27.500962650774767,-47.262781201765655,-20.810153879517888
-28.087935193499543,-48.00975973387863,-20.8101538803487
-28.6672097162339,-48.720179299114626,-20.810153881095427
-29.23796482613837,-49.394385788284055,-20.810153881746125
-29.799381240629913,-50.032761001288854,-20.810153882293164
-30.350644985826808,-50.63571829809013,-20.81015388273284
-30.890950291752308,-51.203698467904395,-20.810153883064928
-31.419502207959734,-51.73716580341925,-20.810153883292188
-31.935518962700645,-52.236604368472264,-20.810153883419833
-32.4382340878371,-52.702514449360265,-20.81015388345505
-32.92689833050655,-53.13540918164348,-20.810153883406507
-33.400781371172776,-53.53581134590824,-20.81015388328389
-33.85917336620996,-53.90425032740614,-20.810153883097495
-34.301386331628564,-54.241259235764815,-20.810153882857897
-34.72675538300624,-54.547372182048946,-20.810153882575595
-35.13463984517257,-54.82312171133196,-20.810153882260778
-35.5244242437412,-55.06903638962138,-20.810153881923096
-35.895519189208436,-55.285638544470295,-20.810153881571544
-36.24736216305939,-55.473442158916434,-20.81015388121429
-36.579418214151374,-55.632950918534675,-20.81015388085865
-36.89118057258567,-55.764656411386625,-20.810153880511017
-37.18217118733391,-55.86903648052267,-20.810153880176884
-37.451941193053116,-55.946553728459286,-20.810153879860838
-37.70007131079807,-55.99765417273989,-20.810153879566613
-37.92617218671487,-56.02276605131373,-20.810153879297157
-38.12988467226465,-56.022298776056516,-20.810153879054678
-38.310880049071784,-55.9966420323308,-20.810153878840726
-38.468860201103425,-55.946165022063006,-20.810153878656287
-38.60355773655565,-55.87121584741706,-20.810153878501826
-38.71473606153255,-55.772121031787584,-20.81015387837739
-38.80218940734705,-55.64918517453301,-20.81015387828267
-38.865742813034515,-55.50269073563186,-20.810153878217044
-38.90525206444264,-55.332897946281975,-20.810153878179666
-38.92060359103536,-55.14004484137817,-20.810153878169487
-38.91171432131726,-54.9243474098,-20.810153878185293
-38.87853149754428,-54.68599985851741,-20.810153878225737
-38.82103245013164,-54.42517498667405,-20.810153878289384
-38.7392243319015,-54.142024666027886,-20.81015387837468
-38.633143812029694,-53.836680424409096,-20.81015387848
-38.50285672925637,-53.509254129182594,-20.81015387860364
-38.34845770362235,-53.15983876806531,-20.810153878743794
-38.170069705687276,-52.78850932503092,-20.81015387889858
-37.96784358188277,-52.395323749422424,-20.810153879066007
-37.74195753436107,-51.98032401676975,-20.810153879243995
-37.492616553424995,-51.54353728015908,-20.81015387943035
-37.22005180037647,-51.08497711130802,-20.810153879622753
-36.92451993840728,-50.60464483075035,-20.810153879818778
-36.6063024089854,-50.10253092671261,-20.810153880015886
-36.2657046510723,-49.57861656235875,-20.810153880211438
-35.903055260449406,-49.032875171078,-20.81015388040268
-35.51870508644389,-48.46527413938437,-20.810153880586814
-35.113026263432786,-47.87577657677631,-20.810153880760993
-34.68641117467866,-47.264343171565436,-20.810153880922346
-34.23927134631538,-46.63093413121935,-20.810153881068086
-33.77203626966766,-45.97551120517195,-20.810153881195458
-33.285152150557224,-45.29803978733515,-20.810153881301897
-32.77908058482872,-44.59849109469708,-20.81015388138504
-32.25429716002406,-43.87684441741737,-20.810153881442798
-31.71128998394881,-43.133089434731495,-20.81015388147346
-31.150558141811736,-42.367228589759705,-20.810153881475703
-30.572610084679802,-41.579279514986005,-20.810153881448723
-29.977961953176244,-40.76927749873951,-20.810153881392267
-29.367135841655955,-39.93727798148098,-20.810153881306675
-28.740658009515894,-39.083359069085695,-20.81015388119294
-28.099057047829852,-38.20762404863327,-20.810153881052706
-27.44286201112502,-37.31020389048294,-20.810153880888304
-26.772600525825,-36.39125971865155,-20.810153880702682
-26.088796888648226,-35.45098522974552,-20.8101538804994
-25.39197017004348,-34.48960903895903,-20.810153880282513
-24.68263233953004,-33.50739692997521,-20.81015388005651
-23.961286431546377,-32.50465398403854,-20.810153879826156
-23.228424772048033,-31.481726562055112,-20.81015387959635
-22.484527287574895,-30.439004112379884,-20.810153879371967
-21.73005991976633,-29.376920776031167,-20.810153879157642
-20.96547316926935,-28.295956760500754,-20.810153878957628
-20.191200793586706,-27.19663945317804,-20.81015387877555
-19.407658683572798,-26.079544245753272,-20.810153878614308
-18.615243942932647,-24.945295041882936,-20.81015387847583
-17.814334194144287,-23.794564421958135,-20.810153878361053
-17.005287132650732,-22.6280734410734,-20.810153878269745
-16.18844034891062,-21.44659103929259,-20.81015387820053
-15.364111434933767,-20.250933047073055,-20.810153878150892
-14.532598388260627,-19.041960773236553,-20.810153878117234
-13.694180322002723,-17.820579168131655,-20.810153878095022
-12.849118484606107,-16.58773456055056,-20.810153878078975
-11.997657587526321,-15.344411973439101,-20.81015387806326
-11.140027433137979,-14.09163203033347,-20.81015387804184
-10.276444829102234,-12.830447471597967,-20.810153878008695
-9.407115769262592,-11.561939306724893,-20.8101538779582
-8.532237855133557,-10.287212635970118,-20.810153877885426
-7.652002926395692,-9.007392181206122,-20.810153877786462
-6.766599863720998,-7.723617571850123,-20.810153877658657
-5.876217522917072,-6.437038436854852,-20.810153877500888
-4.981047755966242,-5.148809357846837,-20.810153877313695
-4.081288472180844,-3.8600847414130386,-20.810153877099403
-3.1771466914900635,-2.572013670169972,-20.810153876862103
-2.268841541860997,-1.285734792551239,-20.81015387660759
-1.3566071540300828,-0.0023713102270337934,-20.8101538763432
-0.4406954090245818,1.276973880216483,-20.810153876077568
0.4786215027144756,2.551222838148502,-20.810153875820312
1.4010487475768563,3.8193269735659237,-20.810153875581644
2.3262667724265795,5.08027114207595,-20.810153875371977
3.253929512208991,6.3330774025746805,-20.8101538752015
4.18366290228761,7.576808406293554,-20.810153875079727
5.115063710341088,8.810570392377228,-20.810153875015118
6.047698696760475,10.033515771664689,-20.810153875014706
6.981104106805801,11.244845286702901,-20.81015387508382
7.914785492446943,12.443809742089847,-20.810153875225836
8.848217856935937,13.629711304912732,-20.810153875442108
9.780846110816038,14.801904380239385,-20.810153875731842
10.712085824316311,15.959796071288464,-20.810153876092215
11.641324257932434,17.102846238024217,-20.810153876518463
12.567921650453178,18.230567171494194,-20.8101538770041
13.491212741737156,19.342522904269174,-20.81015387754118
14.410508506139784,20.43832817988197,-20.810153878120595
15.32509807158948,21.517647106230424,-20.810153878732407
16.234250798862202,22.580191519547267,-20.81015387936622
17.137218495548783,23.62571908678311,-20.810153880011487
18.033237739495274,24.65403117513186,-20.810153880657847
18.92153228707045,25.6649705179805,-20.810153881295413
19.80131554242911,26.658418706810632,-20.810153881915014
20.67179306495229,27.63429353853686,-20.810153882508423
21.532165093220136,28.592546247450834,-20.810153883068473
22.381629065178835,29.533158650360573,-20.810153883589173
23.21938211557428,30.456140232681282,-20.81015388406579
24.044623533221362,31.361525202154574,-20.810153884494778
24.8565571622408,32.24936953555746,-20.810153884873834
25.654393733010657,33.11974804222199,-20.81015388520177
26.437353110233495,33.97275146643676,-20.810153885478424
27.204666447199365,34.808483648861824,-20.810153885704572
27.955578237017054,35.62705876498343,-20.81015388588177
28.689348253277537,36.42859865639261,-20.810153886012248
29.40525337429026,37.21323026832637,-20.810153886098753
30.102589286679606,37.98108320449802,-20.81015388614443
30.780672065729807,38.73228740780441,-20.8101538861527
31.43883963140503,39.4669709730741,-20.81015388612716
32.076453080430724,40.185258095653644,-20.810153886071472
32.69289789618632,40.88726715736055,-20.810153885989266
33.2875850394124,41.573108949200765,-20.810153885884127
33.85995192386299,42.24288502829144,-20.81015388575948
34.40946328202342,42.89668620467838,-20.810153885618583
34.935611926856005,43.53459115221991,-20.810153885464484
35.43791941622135,44.156665136444936,-20.810153885300018
35.91593662714787,44.76295885130017,-20.810153885127797
36.36924424748425,45.35350735598784,-20.8101538849502
36.79745319266882,45.92832910266498,-20.81015388476939
37.20020495539194,46.48742504562575,-20.810153884587343
37.57717189581747,47.0307778227105,-20.810153884405832
37.92805747977783,47.55835100006685,-20.8101538842265
38.25259647197591,48.07008837200916,-20.810153884050838
38.550555090729866,48.565913308562024,-20.810153883880268
38.821731130200305,49.04572814430336,-20.81015388371612
39.06595405536191,49.5094136033143,-20.810153883559696
39.28308507424076,49.956828256363394,-20.81015388341233
39.47301719115726,50.387808007867996,-20.810153883275355
39.635675243910654,50.80216561164895,-20.81015388315019
39.77101592703855,51.19969021599027,-20.81015388303836
39.87902780250219,51.58014693999499,-20.810153882941503
39.95973129840748,51.943276484655634,-20.81015388286141
40.01317869569018,52.28879478339678,-20.810153882800055
40.0394541020906,52.61639269806393,-20.810153882759565
40.03867341223139,52.925735767396645,-20.81015388274224
40.01098425220498,53.21646401590618,-20.81015388275057
39.95656590678312,53.48819183175646,-20.81015388278714
39.875629227184,53.74050792270277,-20.810153882854664
39.76841651727331,53.97297535936434,-20.810153882955873
39.63520139612927,54.18513171508841,-20.810153883093477
39.476288635058765,54.37648931140627,-20.810153883270054
39.29201396739791,54.54653557759545,-20.810153883487942
39.08274386974588,54.6947335321616,-20.81015388374913
38.84887531364291,54.82052239316237,-20.810153884055104
38.59083548708383,54.923318323242796,-20.810153884406695
38.30908148562808,55.00251531407148,-20.810153884803945
38.00409997319257,55.057486213598246,-20.81015388524592
37.676406812864094,55.08758389823895,-20.81015388573058
37.32654666820834,55.09214259077441,-20.81015388625459
36.955092575554744,55.07047932347153,-20.810153886813243
36.56264548757075,55.02189554473735,-20.8101538874003
36.14983378808178,54.94567886653981,-20.810153888007953
35.71731277752576,54.841104948908864,-20.810153888626747
35.26576412763765,54.70743951709737,-20.810153889245615
34.795895302933104,54.543940506461674,-20.81015388985192
34.30843894529702,54.34986032983644,-20.810153890431547
33.80415221648599,54.124448262145414,-20.810153890969115
33.2838160916305,53.86695293722294,-20.810153891448174
32.748234594886625,53.57662495233026,-20.810153891851563
32.198233966253525,53.25271957664589,-20.810153892161726
31.63466174626214,52.894499561098534,-20.81015389236123
31.058385762774932,52.50123804830314,-20.810153892433238
30.470293001539982,52.07222158306557,-20.81015389236212
29.871288339441953,51.6067532259507,-20.810153892134117
29.2622931166163,51.104155774773304,-20.810153891738025
28.644243520772353,50.563775101585044,-20.810153891165978
28.01808875424204,49.98498361580073,-20.810153890414195
27.384788951475482,49.36718386753926,-20.81015388948382
26.745312811995646,48.7098123090394,-20.810153888381656
26.100634911266667,48.01234323612374,-20.810153887120926
25.451732649612165,47.274292936073614,-20.810153885721913
24.799582797354034,46.49522407285281,-20.810153884212443
24.145157592880896,45.6747503452362,-20.810153882628256
23.489420349597683,44.81254145784965,-20.81015388101301
22.833320527915404,43.908328449108446,-20.81015387941806
22.17778822994904,42.961909423142835,-20.810153877901726
21.523728077829563,41.97315573447483,-20.810153876528176
20.872012442034563,40.94201867375965,-20.810153875365604
20.223473994545966,39.86853669945214,-20.81015387448391
19.57889757371402,38.7528432527444,-20.81015387395159
18.939011364309035,37.59517518031231,-20.810153873832125
18.304477418311986,36.39588176993324,-20.81015387417967
17.675881570475546,35.15543437645462,-20.810153875034523
17.053722838425095,33.874436578531586,-20.81015387641849
16.438402440658137,32.553634758895036,-20.81015387833071
15.830212617366671,31.19392894208677,-20.810153880744497
15.229325497937282,29.796383653927293,-20.810153883605842
14.635782323606165,28.362238488111608,-20.81015388683432
14.049483401004478,26.89291798068037,-20.810153890326852
13.470179227500449,25.3900403082829,-20.8101538939646
12.897463285802715,23.85542424913259,-20.81015389762276
12.330767045019025,22.291093786660408,-20.81015390118214
11.769357718854716,20.699279707136164,-20.81015390454096
11.21233930924224,19.08241755651699,-20.810153907624613
10.658657396996059,17.443141389743403,-20.810153910390977
10.107108024729484,15.784272875175578,-20.810153912829275
9.556350850908311,14.10880550912744,-20.810153914951734
9.004926543845903,12.419883943369364,-20.810153916778933
8.451278144372449,10.720778715385741,-20.810153918321614
7.893775876397761,9.014856971581438,-20.810153919563383
7.330744650915067,7.305550055854585,-20.810153920448855
6.760493317618414,5.596319066701302,-20.810153920881266
6.181344592492848,3.8906196360160274,-20.810153920731263
5.591664545342226,2.191867232185046,-20.81015391985574
4.989890573671772,0.5034042324767143,-20.81015391812314
4.374556912610051,-1.1715301467179875,-20.81015391543998
3.7443169183871263,-2.829826207409682,-20.81015391177297
3.0979615919741526,-4.468525842860484,-20.810153907162686
2.434434053709311,-6.0848400498279664,-20.81015390172655
1.7528399144169982,-7.6761618843752855,-20.810153895651368
1.0524536938444473,-9.240075104719077,-20.81015388917745
0.332721600156872,-10.774358927652182,-20.8101538825777
-0.40673890108323346,-12.276989445838478,-20.810153876135033
-1.1661422330517073,-13.746138313777122,-20.810153870121113
-1.9455400489969428,-15.180169318410456,-20.810153864778716
-2.7448282587221686,-16.57763341750575,-20.81015386030875
-3.5637552652596534,-17.93726276744552,-20.81015385686226
-4.401930988243991,-19.25796418360003,-20.810153854537123
-5.2588363106443445,-20.53881239092743,-20.810153853378548
-6.133832648296741,-21.77904333745527,-20.810153853382563
-7.02617140273056,-22.978047764104595,-20.810153854501557
-7.935003114305867,-24.135365154094405,-20.81015385665097
-8.859386183146688,-25.250678125393925,-20.810153859716603
-9.798295069206329,-26.323807280614098,-20.81015386356201
-10.750627920126629,-27.3547064897668,-20.810153868035613
-11.71521360683989,-28.34345855141771,-20.810153872977406
-12.690818172785738,-29.29027115566469,-20.81015387822507
-13.6761507238899,-30.195473056833688,-20.81015388361952
-14.66986880373198,-31.059510353669385,-20.81015388900975
-15.670583312147633,-31.882942769181266,-20.810153894257073
-16.676863036250964,-32.66643982049188,-20.810153899238706
-17.68723887075493,-33.410776770565036,-20.810153903850644
-18.70020780960108,-34.116830258318736,-20.810153908009898
-19.714236793261293,-34.78557351127452,-20.810153911655867
-20.727766495545985,-35.41807105559753,-20.810153914751
-21.739215130219396,-36.01547285222538,-20.810153917280527
-22.74698235108119,-36.57900780482614,-20.810153919251366
-23.749453309399588,-37.10997660552292,-20.81015392069012
-24.74500291977843,-37.60974390745826,-20.81015392164029
-25.73200036998481,-38.07972983889726,-20.810153922158772
-26.708813892432076,-38.52140090096622,-20.81015392231188
-27.673815795594205,-38.93626031929607,-20.81015392217101
-28.62538773350727,-39.3258379475369,-20.810153921808407
-29.56192617173349,-39.6916798464914,-20.81015392129313
-30.48184798985312,-40.03533768495161,-20.810153920687608
-31.383596144839707,-40.35835812572493,-20.810153920045003
-32.26564530759526,-40.66227237149106,-20.810153919407494
-33.12650737730445,-40.948586049053844,-20.810153918805582
-33.96473677565498,-41.21876960669107,-20.81015391825836
-34.778935425559716,-41.474249387627616,-20.81015391777462
-35.56775732662857,-41.716399523673715,-20.810153917354597
-36.329912651736194,-41.94653476779921,-20.81015391699212
-37.0641713047722,-42.16590435429835,-20.810153916676864
-37.76936589797728,-42.37568694197139,-20.810153916396537
-38.4443941269731,-42.57698666127651,-20.81015391613878
-39.08822054149049,-42.77083025252947,-20.810153915892663
-39.69987772877884,-42.95816525061643,-20.810153915649675
-40.27846694380403,-43.13985914371431,-20.810153915404342
-40.82315823489981,-43.316699410196556,-20.810153915154327
-41.333190125067155,-43.489394319857915,-20.810153914900223
-41.807868917404846,-43.65857437305407,-20.810153914645145
-42.2465676982101,-43.82479424421655,-20.810153914394117
-42.64872511330147,-43.98853509409284,-20.810153914153386
-43.013843992406755,-44.15020711740832,-20.8101539139298
-43.341489893427045,-44.310152198767,-20.810153913730147
-43.631289633465805,-44.46864655878343,-20.810153913560672
-43.88292986712433,-44.62590328396616,-20.810153913426614
-44.09615576509961,-44.782074647120304,-20.810153913331888
-44.27076983791061,-44.937254139462155,-20.81015391327884
-44.406630940892306,-45.09147815080782,-20.81015391326812
-44.50365348763592,-45.24472724978412,-20.810153913298603
-44.56180688996446,-45.396927031782205,-20.810153913367408
-44.581115233411765,-45.547948518179,-20.81015391346997
-44.56165718808764,-45.69760810608738,-20.810153913600246
-44.503566145813025,-45.845667083490774,-20.810153913750884
-44.40703056555239,-45.99183073999229,-20.810153913913595
-44.27229450053207,-46.13574711845912,-20.81015391407957
-44.09965827212318,-46.2770054674073,-20.810153914239994
-43.88947924774693,-46.41513446781563,-20.810153914386653
-43.64217267294197,-46.549600320858715,-20.81015391451266
-43.35821250158979,-46.67980479439119,-20.8101539146132
-43.038132163447045,-46.805083335401925,-20.81015391468636
-42.682525204940184,-46.924703362522386,-20.81015391473383
-42.292045738008206,-47.037862856425754,-20.810153914761603
-41.867408632981146,-47.1436893660165,-20.81015391478037
-41.40938939534338,-47.24123954418571,-20.81015391480569
-40.918823672933854,-47.32949931824133,-20.810153914857764
-40.3966063497139,-47.40738478677211,-20.810153914960733
-39.84369019453451,-47.4737439167953,-20.810153915141505
-39.26108404799628,-47.52735909301225,-20.810153915428117
-38.64985054693572,-47.56695054561897,-20.810153915847653
-38.01110340351265,-47.59118065546817,-20.810153916423868
-37.346004273375705,-47.598659106787444,-20.810153917174716
-36.655759263918334,-47.58794882962287,-20.810153918109936
-35.94161514816543,-47.55757264824416,-20.810153919228924
-35.20485536139438,-47.50602052937937,-20.81015392051915
-34.44679586540895,-47.431757306590335,-20.810153921955255
-33.66878096891071,-47.333230745274676,-20.810153923498905
-32.872179191409515,-47.208879807196254,-20.810153925099552
-32.05837925265679,-47.057142974171406,-20.810153926695946
-31.228786260048327,-46.876466497207616,-20.810153928218384
-30.384818153461584,-46.66531244926326,-20.81015392959145
-29.527902451385888,-46.42216647584797,-20.8101539307372
-28.65947332489828,-46.14554515671801,-20.81015393157841
-27.78096900797949,-45.83400291269675,-20.810153932041842
-26.89382953473926,-45.486138412984765,-20.81015393206135
-25.999494777095286,-45.10060045919002,-20.810153931580615
-25.099402740925644,-44.67609334189736,-20.81015393055558
-24.194988065109097,-44.21138168335155,-20.810153928956435
-23.287680656410117,-43.705294795452524,-20.81015392676924
-22.378904383916282,-43.15673059569854,-20.8101539239971
-21.470075749610043,-42.56465913510998,-20.810153920661108
-20.562602446461735,-41.928125801829005,-20.81015391680087
-19.65788171190052,-41.24625427242509,-20.810153912474824
-18.757298382356225,-40.51824929040362,-20.810153907760295
-17.862222553470133,-39.7433993584685,-20.810153902753207
-16.974006750285476,-38.921079438136,-20.810153897567574
-16.093982512055295,-38.050753757638084,-20.810153892334554
-15.22345629715277,-37.13197883685169,-20.810153887201025
-14.363704614978419,-36.16440684620646,-20.810153882327533
-13.515968293942866,-35.147789424875384,-20.81015387788544
-12.681445797992453,-34.081982091444395,-20.810153874053103
-11.861285509432642,-32.96694938671579,-20.810153871010822
-11.056576904005729,-31.802770891895257,-20.810153868934357
-10.268340556683087,-30.589648264179136,-20.81015386798687
-9.497516935245104,-29.327913423128393,-20.81015386830913
-8.744953965688042,-28.01803800197762,-20.810153870008207
-8.011393391465502,-26.660644144350897,-20.810153873144834
-7.297456000479172,-25.256516674427704,-20.810153877720364
-6.603625862552558,-23.806616592926417,-20.81015388366442
-5.930233808428434,-22.312095748227538,-20.81015389082534
-5.277440490636541,-20.774312398656633,-20.810153898965552
-4.645219496397405,-19.194847217967258,-20.81015390776513
-4.033341129412404,-17.575519105020305,-20.810153916835887
-3.4413576328391278,-15.918399949964849,-20.810153925748345
-2.8685907762575966,-14.225827299747271,-20.810153934071323
-2.3141228550778137,-12.500413680782103,-20.81015394142141
-1.7767922259949154,-10.745051209334076,-20.81015394751558
-1.2551944976391507,-8.962910089064586,-20.8101539522167
-0.7476903832028663,-7.157429698483217,-20.810153955559855
-0.25242098047950656,-5.332301238302779,-20.810153957748405
0.23266913189312707,-3.4914413508957196,-20.81015395911438
0.7098010897879167,-1.638956724247437,-20.810153960046634
1.181323914157403,0.22089959912300303,-20.810153960900756
1.649670931210545,2.0837787530843537,-20.810153961912352
2.117312243302653,3.9452913032936627,-20.81015396313726
2.5867054351670857,5.801064628139829,-20.810153964435827
3.0602468784809025,7.646799599643803,-20.81015396550594
3.540225940913789,9.47832380814534,-20.810153965955266
4.0287841231449715,11.291638928138912,-20.810153965392296
4.527880685330678,13.082960400265147,-20.810153963512377
5.039265755378026,14.848748313099083,-20.810153960159134
5.564461316478928,16.58572910353824,-20.810153955350874
6.104749924517615,18.290908362218474,-20.810153949272166
6.661170561273574,19.961575562645947,-20.810153942238625
7.234520715591923,21.595301894978792,-20.81015393464702
7.8253636063711465,23.189932574506173,-20.81015392692257
8.434039404048706,24.743575031709803,-20.810153919472647
9.060679345722951,26.254584310161903,-20.810153912652087
9.70522174356679,27.721546839707756,-20.810153906741736
10.367429028666372,29.143263552048833,-20.810153901939337
11.046905129563568,30.518733093793355,-20.810153898360188
11.74311263946274,31.847135689668022,-20.810153896044554
12.455389367221706,33.127818029165894,-20.810153894969076
13.182963988968856,34.3602793999722,-20.810153895059877
13.924970617434747,35.54415917260375,-20.81015389620566
14.680462185432,36.67922565108417,-20.81015389826979
15.448422600478604,37.76536624056829,-20.810153901100808
16.22777767218224,38.80257884024815,-20.81015390454113
17.017404845704778,39.790964344161814,-20.81015390843394
17.81614179625397,40.73072011957903,-20.810153912628458
18.622793953598066,41.62213432890685,-20.810153916983815
19.436141034140572,42.46558096363456,-20.810153921371757
20.25494266277117,43.26151546542914,-20.810153925678364
21.077943168781974,44.010470818368205,-20.810153929805054
21.903875640525772,44.713054006201865,-20.81015393366902
22.731465322838012,45.369942738608344,-20.81015393720319
23.559432439967694,45.981882360105516,-20.810153940355935
24.386494525110987,46.549682864304906,-20.81015394309048
25.211368335729528,47.07421594444124,-20.810153945384172
26.03277143167777,47.556412018614985,-20.810153947227587
26.849423490704375,47.99725717509045,-20.81015394862354
27.66004743302721,48.39778998950627,-20.81015394958597
28.46337042327762,48.75909817223135,-20.81015395013877
29.25812481402607,49.08231501060077,-20.810153950314426
30.04304909020372,49.36861557764364,-20.81015395015265
30.81688886791445,49.61921268638344,-20.810153949698837
31.578397994320003,49.83535257700312,-20.810153949002462
32.32633978746598,50.0183103331936,-20.810153948115385
33.05948844615299,50.169385033817086,-20.81015394709013
33.77663065037965,50.28989465647625,-20.810153945978154
34.47656736270702,50.38117076043196,-20.810153944828233
35.1581158304109,50.44455298719282,-20.81015394368489
35.820111777861534,50.48138342755158,-20.810153942587164
36.46141176861205,50.493000913344446,-20.810153941567513
37.080895707623725,50.48073530020988,-20.810153940651173
37.677469446338485,50.445901813589515,-20.810153939855795
38.25006744731583,50.3897955336772,-20.810153939191512
38.79765546119607,50.313686095626224,-20.810153938661372
39.31923316704519,50.21881267886293,-20.81015393826207
39.81383672776066,50.10637935380012,-20.81015393798496
40.28054121511948,49.97755084575844,-20.810153937817265
40.71846286403944,49.833448764836994,-20.81015393774335
41.126761122389965,49.67514833733372,-20.81015393774599
41.50464047082189,49.5036756597351,-20.810153937807595
41.85135199611148,49.320005480982125,-20.810153937911245
42.16619471093269,49.12505950340199,-20.81015393804154
42.44851662229032,48.91970517807467,-20.81015393818525
42.69771555961697,48.704754957099425,-20.810153938331673
42.913239781377555,48.480965953750385,-20.810153938472872
43.09458838564263,48.24903995223858,-20.810153938603623
43.24131155528703,48.00962370196445,-20.810153938721278
43.35301067213648,47.76330942684725,-20.810153938825493
43.42933833650306,47.510635478530304,-20.810153938917864
43.46999832916985,47.25208706285798,-20.810153939001516
43.474745552114385,46.98809697180185,-20.81015393908074
43.44338598224138,46.71904625773236,-20.810153939160568
43.375776669291774,46.445264793318614,-20.810153939246394
43.2718258050787,46.167031668120984,-20.810153939343675
43.131492886434735,45.884575381859385,-20.810153939457642
42.95478898889364,45.59807380416017,-20.81015393959306
42.74177716230948,45.30765388109525,-20.81015393975405
42.49257295345906,45.01339107984585,-20.810153939943948
42.207345054287835,44.71530857418404,-20.81015394016526
41.88631606794584,44.41337618501383,-20.810153940419575
41.529763378218135,44.10750910179387,-20.81015394070762
41.13802010148851,43.79756642210696,-20.810153941029316
40.711476094105656,43.48334955775327,-20.810153941383874
40.250578982082835,43.164600566297025,-20.81015394176996
39.75583517461804,42.841000476720275,-20.810153942185902
39.22781081815427,42.51216768642062,-20.810153942629842
38.667132643815975,42.17765651388125,-20.810153943100016
38.07448865827862,41.83695599656196,-20.810153943594884
37.450628626676796,41.489489026519905,-20.810153944113285
36.79636429624619,41.1346119165936,-20.810153944654488
36.112569311202876,40.77161448734581,-20.810153945218076
35.4001787730176,40.399720759114736,-20.810153945803748
34.66018840578922,40.01809032434191,-20.810153946410864
33.89365329381156,39.6258204628578,-20.810153947037875
33.10168616749719,39.22194904722196,-20.810153947681563
32.28545522428521,38.80545826694123,-20.810153948336136
31.44618148261211,38.37527918003234,-20.81015394899235
30.585135678955716,37.93029707874066,-20.810153949636597
29.703634729782987,37.46935763420226,-20.810153950250182
28.803037791314406,36.99127376345835,-20.810153950808903
27.88474195973792,36.494833142534375,-20.81015395128295
26.95017766229588,35.97880627225841,-20.810153951637346
26.00080379506496,35.44195498996266,-20.81015395183283
25.038102665932445,34.883041310836376,-20.810153951827346
24.06357480109455,34.30083647788398,-20.810153951577938
23.078733670403885,33.69413009931703,-20.810153951043137
22.085100381294605,33.061739256630915,-20.810153950185523
21.084198383199325,32.40251747518854,-20.81015394897447
20.0775482148544,31.715363461245417,-20.810153947388763
19.066662316269774,30.999229524242704,-20.81015394541899
18.05303991605734,30.25312962001221,-20.810153943069587
17.03816199390698,29.476146968400023,-20.810153940360255
16.0234863078701,28.667441216866877,-20.810153937326785
15.010442467287106,27.826255139078064,-20.810153934021173
14.000427025120928,26.951920873662072,-20.81015393051099
12.994798558486933,26.04386572261125,-20.810153926877966
11.994872703563733,25.101617540738957,-20.81015392321596
11.001917111019143,24.124809756803934,-20.810153919628142
10.01714629071931,23.113186073039948,-20.810153916223662
9.041716319894208,22.066604892605884,-20.810153913113794
8.076719397169313,20.98504352363954,-20.810153910407656
7.1231782359845495,19.868602203906597,-20.810153908207685
6.182040304934148,18.717507981238768,-20.810153906604956
5.254171939473956,17.532118471826706,-20.810153905674582
4.34035236920311,16.312925500799956,-20.810153905471367
3.441267727388443,15.060558607322301,-20.81015390602596
2.557505134268027,13.775788369774268,-20.810153907341856
1.6895469724313759,12.4595294758851,-20.810153909393502
0.8377655004181583,11.112843428706674,-20.810153912125713
0.002417978420720029,9.736940743391354,-20.810153915454915
-0.8163574940035171,8.333182453750164,-20.81015391927214
-1.6185452060945864,6.90308071409654,-20.810153923447896
-2.4042538919445215,5.448298254146284,-20.81015392783889
-3.1737173697978283,3.9706464265015615,-20.810153932295997
-3.927293525481296,2.4720815815354977,-20.810153936673053
-4.66546142136274,0.9546995172353,-20.81015394083554
-5.388816349921453,-0.5792722149801878,-20.81015394466829
-6.098062706946906,-2.1274843113086517,-20.8101539480812
-6.794004633074812,-3.6874781074571845,-20.810153951012396
-7.477534461374449,-5.256700346218108,-20.810153953428355
-8.149619108444243,-6.83252019132506,-20.810153955321166
-8.811284650383742,-8.412248236652344,-20.810153956703616
-9.463599425012239,-9.993157140846153,-20.81015395760292
-10.10765608904864,-11.572503411924874,-20.810153958054492
-10.74455312531565,-13.147549784758104,-20.81015395809671
-11.375376333613925,-14.715587585283624,-20.810153957767596
-12.001180845541512,-16.273958464336406,-20.81015395710356
-12.622974177269832,-17.820074912490924,-20.81015395614006
-13.241700777605663,-19.351439032519902,-20.810153954913588
-13.85822844709204,-20.865659141272776,-20.810153953463974
-14.473336905178703,-22.36046388849755,-20.81015395183633
-15.087708675486237,-23.833713705496226,-20.81015395008181
-15.701922352697578,-25.283409520739106,-20.810153948257117
-16.316448216344092,-26.707698793287328,-20.81015394642263
-16.931646072594543,-28.104879011022273,-20.81015394463953
-17.547765138803,-29.473398874946604,-20.810153942966444
-18.164945738536158,-30.811857441634043,-20.810153941456086
-18.78322254668195,-32.11900152405435,-20.810153940152375
-19.402529113186237,-33.39372165904412,-20.81015393908828
-20.022703397183662,-34.63504694128671,-20.81015393828469
-20.643494057555547,-35.84213900292691,-20.81015393775014
-21.264567268004747,-37.01428538895246,-20.810153937481463
-21.885513851597,-38.15089254488878,-20.81015393746509
-22.505856558839987,-39.251478598217794,-20.81015393767878
-23.125057342745247,-40.315666080581416,-20.81015393809369
-23.742524512466577,-41.34317470590819,-20.810153938676436
-24.357619673038283,-42.333814291134225,-20.81015393939112
-24.969664381864376,-43.28747788169305,-20.810153940201186
-25.577946472673606,-44.204135123552746,-20.810153941070947
-26.181726014632105,-45.08382590713128,-20.81015394196691
-26.78024088833608,-45.92665429559383,-20.8101539428587
-27.372711971733647,-46.73278274039725,-20.8101539437198
-27.958347937945,-47.502426580025386,-20.810153944527887
-28.53634967378001,-48.23584881318222,-20.810153945265053
-29.105914332804513,-48.93335513483582,-20.810153945917776
-29.66623904037412,-49.59528922203538,-20.810153946476714
-30.216524270402463,-50.22202825601064,-20.810153946936417
-30.755976914993994,-50.81397866741446,-20.81015394729496
-31.283813068651433,-51.37157209244584,-20.810153947553466
-31.799260548737507,-51.89526152879634,-20.81015394771563
-32.30156117337391,-52.38551768174792,-20.81015394778728
-32.78997281711864,-52.84282549219562,-20.810153947775866
-33.263771263674336,-53.26768083978903,-20.81015394769004
-33.72225187362774,-53.66058741571788,-20.81015394753924
-34.164731083868915,-54.022053760867735,-20.81015394733332
-34.59054775394287,-54.35259046611316,-20.810153947082245
-34.99906437318762,-54.652707532384326,-20.810153946795793
-35.38966814114533,-54.922911888832296,-20.81015394648336
-35.76177193242249,-55.16370506793229,-20.810153946153772
-36.11481515594022,-55.3755810367098,-20.810153945815173
-36.44826451736935,-55.559024183465134,-20.810153945474905
-36.761614692496025,-55.71450745942429,-20.810153945139483
-37.054388918314906,-55.8424906746746,-20.810153944814566
-37.32613950779945,-55.943418947575076,-20.810153944504954
-37.576448293548694,-56.01772130658239,-20.810153944214637
-37.80492700485205,-56.06580944312701,-20.81015394394683
-38.01121758213959,-56.08807661383046,-20.81015394370402
-38.194992432286234,-56.08489668999489,-20.81015394348805
-38.35595462780352,-56.056623351938946,-20.810153943300175
-38.493838052571014,-56.003589425417246,-20.81015394314115
-38.60840749642053,-55.92610635705986,-20.810153943011265
-38.69945870057838,-55.82446382551602,-20.81015394291046
-38.766818355685096,-55.6989294847936,-20.810153942838344
-38.81034405383826,-55.54974883616003,-20.810153942794262
-38.82992419583546,-55.377145224915566,-20.810153942777333
-38.8254778545244,-55.18131995836854,-20.81015394278651
-38.796954594891126,-54.962452541432114,-20.810153942820573
-38.744334251232864,-54.720701026419505,-20.810153942878188
-38.66762666146738,-54.45620247383327,-20.810153942957893
-38.566871358326665,-54.1690735212138,-20.81015394305813
-38.44213721687165,-53.85941105742333,-20.810153943177212
-38.29352205744912,-53.52729300008067,-20.810153943313377
-38.12115220289743,-53.17277917421513,-20.810153943464726
-37.92518198849948,-52.79591229056177,-20.810153943629263
-37.7057932228862,-52.3967190222582,-20.810153943804856
-37.46319459781876,-51.975211179011275,-20.810153943989267
-37.19762104453159,-51.53138697806582,-20.8101539441801
-36.909333034107156,-51.065232411512014,-20.810153944374854
-36.59861581918862,-50.576722709601206,-20.810153944570892
-36.26577861422325,-50.06582389978871,-20.810153944765464
-35.91115371137936,-49.532494461177116,-20.810153944955722
-35.53509552929859,-48.97668707388389,-20.81015394513875
-35.13797959194306,-48.39835046259634,-20.810153945311598
-34.72020143498176,-47.797431333197835,-20.810153945471296
-34.28217543743917,-47.17387640084709,-20.81015394561495
-33.82433357671064,-46.52763450726389,-20.810153945739764
-33.347124105540466,-45.85865882421683,-20.810153945843126
-32.851010150166466,-45.16690913932191,-20.810153945922657
-32.33646822956702,-44.45235421924333,-20.810153945976307
-31.803986696607833,-43.7149742442429,-20.810153946002416
-31.254064102881717,-42.95476330675253,-20.810153945999808
-30.687207490169484,-42.17173196525107,-20.81015394596784
-30.10393061272488,-41.36590984321506,-20.810153945906496
-29.504752096002022,-40.5373482612922,-20.810153945816396
-28.890193538996186,-39.68612288912375,-20.810153945698872
-28.260777569051424,-38.81233640143105,-20.810153945555967
-27.61702585978964,-37.916121121097106,-20.81015394539042
-26.959457124718234,-36.99764163003758,-20.810153945205634
-26.28858510105331,-36.05709732669199,-20.810153945005645
-25.604916540321558,-35.094724907009,-20.810153944794962
-24.908949224336066,-34.11080074388863,-20.810153944578516
-24.201170027130736,-33.10564313822903,-20.81015394436146
-23.482053045325966,-32.079614413063304,-20.810153944148997
-22.75205782111704,-31.033122820831064,-20.810153943946226
-22.011627683549463,-29.96662423268577,-20.810153943757882
-21.261188234887914,-28.880623577978085,-20.810153943588162
-20.501146009608753,-27.775676001767117,-20.810153943440497
-19.73188733375775,-26.652387708490064,-20.81015394331739
-18.953777412025843,-25.511416460858765,-20.81015394322022
-18.167159668823,-24.353471704735746,-20.81015394314916
-17.372355367802836,-23.179314293246822,-20.810153943103053
-16.569663531656907,-21.989755786767862,-20.810153943079428
-15.759361180529728,-20.785657309708974,-20.810153943074535
-14.941703903107385,-19.56792795020744,-20.810153943083442
-14.116926769343106,-18.337522694888435,-20.810153943100197
-13.285245587981377,-17.09543989767543,-20.810153943118074
-12.446858505647416,-15.842718289099565,-20.810153943129837
-11.601947937441055,-14.580433540494504,-20.810153943128107
-10.750682811909053,-13.309694405655353,-20.810153943105682
-9.893221106192353,-12.031638470739159,-20.810153943055937
-9.029712640299586,-10.747427551120229,-20.810153942973187
-8.160302093096673,-9.458242781307522,-20.810153942853066
-7.285132196970386,-8.16527945061193,-20.810153942692807
-6.404347063445888,-6.86974164276976,-20.81015394249153
-5.518095588504963,-5.572836741974687,-20.81015394225042
-4.626534884106914,-4.275769870585394,-20.810153941972807
-3.7298336815465767,-2.9797383250634355,-20.810153941664176
-2.828175652820804,-1.6859260764262383,-20.810153941332047
-1.9217625980817468,-0.3954983997134286,-20.810153940985757
-1.0108174504378729,0.8904033062351813,-20.810153940636177
-0.09558705367583081,2.1706664518439256,-20.810153940295294
0.8236553262707327,3.444211891361917,-20.81015393997574
1.7466077893034946,4.709998213886867,-20.81015393969033
2.672937915326594,5.967025652695617,-20.81015393945148
3.6022812246155973,7.21433958191667,-20.810153939270748
4.53423999766247,8.451033576852751,-20.8101539391583
5.468382461206851,9.67625202140625,-20.810153939122536
6.4042423409548075,10.889192252902046,-20.810153939169705
7.341318775773338,12.08910624100343,-20.81015393930371
8.279076583036394,13.275301803280028,-20.810153939525904
9.216946860353472,14.44714336525208,-20.810153939835125
10.154327905167658,15.60405227737786,-20.810153940227742
11.090586430668226,16.74550670547349,-20.810153940697823
12.02505905410035,17.8710411144823,-20.810153941237438
12.957054031827932,18.980245368385056,-20.810153941836944
13.885853214357907,20.072763471412163,-20.810153942485403
14.81071419390056,21.148291977637022,-20.810153943170977
15.73087261685167,22.206578097546654,-20.81015394388135
16.64554463377082,23.24741753134678,-20.810153944604146
17.553929459932327,24.270652059601286,-20.810153945327293
18.455212020283508,25.276166922358374,-20.81015394603935
19.34856565360974,26.263888018197637,-20.810153946729844
20.2331548518356,27.23377895465402,-20.810153947389445
21.108138011653207,28.18583798124103,-20.810153948010154
21.972670177037127,29.120094835805247,-20.810153948585402
22.825905752660358,30.036607534195007,-20.810153949110067
23.667001169754254,30.935459132213616,-20.810153949580517
24.495117487545944,31.816754487551453,-20.81015394999449
25.309422915051368,32.68061704785369,-20.810153950351054
26.109095239693403,33.52718568928994,-20.810153950650427
26.89332415094371,34.35661162796378,-20.81015395089386
27.661313448945684,35.16905542425546,-20.810153951083496
28.412283129851847,35.96468409776075,-20.81015395122214
29.145471341389538,36.74366836790813,-20.810153951313186
29.860136203937333,37.5061800326479,-20.8101539513604
30.555557494133712,38.252389494857866,-20.810153951367802
31.2310381897294,38.982463443350234,-20.810153951339544
31.885905876015233,39.696562692645394,-20.810153951279794
32.51951401568709,40.3948401830517,-20.81015395119265
33.13124308542881,41.077439140104865,-20.810153951082057
33.7205015837834,41.74449139012271,-20.810153950951786
34.286726916026026,42.39611582656083,-20.810153950805333
34.82938616273374,43.03241702004698,-20.81015395064595
35.34797673955691,43.653483963455294,-20.8101539504766
35.842026956326386,44.25938894217504,-20.810153950299966
36.311096484075726,44.85018651884618,-20.810153950118465
36.75477673881809,45.425912621280574,-20.810153949934236
37.17269119099619,45.986583722061106,-20.810153949749186
37.56449560942782,46.53219609840192,-20.81015394956501
37.929878248308974,47.06272516124692,-20.81015394938321
38.26855998542467,47.578124843258514,-20.81015394920515
38.580294419170215,48.07832703627907,-20.81015394903207
38.86486793132028,48.56324107000305,-20.81015394886513
39.12209972172163,49.032753224943924,-20.81015394870545
39.35184182024705,49.48672627428076,-20.81015394855416
39.5539790804583,49.92499905078445,-20.810153948412403
39.72842915850658,50.347386036713274,-20.81015394828143
39.87514247987535,50.75367697628905,-20.810153948162572
39.99410219566561,51.143636512076945,-20.81015394805733
40.08532412926195,51.51700384825228,-20.81015394796737
40.14885671342004,51.87349244530535,-20.81015394789455
40.184780917104376,52.21278975217189,-20.810153947840956
40.19321016079583,52.53455698304657,-20.810153947808868
40.17429021849798,52.83842894720738,-20.81015394780081
40.12819910430967,53.12401394102196,-20.810153947819483
40.055146941206836,53.390893711902244,-20.81015394786775
39.9553758095902,53.63862350430466,-20.81015394794859
39.829159573205516,53.86673219793128,-20.810153948065004
39.67680368021905,54.074722548074156,-20.81015394821996
39.49864493752059,54.26207153756645,-20.810153948416247
39.295051256707545,54.42823084907751,-20.81015394865638
39.06642137065331,54.57262746553884,-20.81015394894245
38.8131845200501,54.69466440534491,-20.81015394927594
38.53580010980872,54.79372159767626,-20.810153949657572
38.234757335658244,54.86915690188418,-20.810153950087162
37.91057478168187,54.920307273404916,-20.8101539505634
37.563799989812516,54.946490077184436,-20.810153951083706
37.19500900245924,54.94700454814175,-20.810153951644104
36.80480587940979,54.921133396827685,-20.81015395223902
36.39382218992763,54.86814455718992,-20.810153952861256
35.96271648051015,54.78729307227528,-20.810153953501885
35.51217371808181,54.677823112820015,-20.810153954150238
35.042904707450056,54.53897012302756,-20.81015395479392
34.555645480649744,54.369963087432915,-20.810153955418933
34.051156654344936,54.17002691262017,-20.81015395600978
33.53022274975395,53.93838491770734,-20.81015395654972
32.993651467627835,53.6742614279475,-20.81015395702102
32.44227290866149,53.3768844665243,-20.81015395740535
31.876938727372654,53.04548854064603,-20.81015395768418
31.29852120496958,52.67931751937212,-20.810153957839304
30.707912224070345,52.277627602244486,-20.81015395785342
30.10602212536174,51.839690379752625,-20.81015395771075
29.493778423421194,51.36479598894714,-20.810153957397784
28.87212435600119,50.85225637014469,-20.810153956903996
28.242017238123054,50.30140863365255,-20.810153956222674
27.604426589381372,49.711618548794455,-20.810153955351712
26.960331999963532,49.082284171248105,-20.810153954294453
26.310720698092947,48.412839628802026,-20.810153953060468
25.656584778976978,47.70275909008085,-20.8101539516663
24.998918052970893,46.95156094551782,-20.810153950136105
24.338712468677524,46.15881223477453,-20.81015394850209
23.676954065249976,45.32413335976492,-20.810153946804807
23.014618407466937,44.44720312719976,-20.810153945093084
22.352665457490264,43.527764168798484,-20.81015394342365
21.69203383896102,42.56562879056132,-20.810153941860243
21.033634452711897,41.56068530415111,-20.810153940472187
20.378343409456306,40.512904892724286,-20.8101539393324
19.726994254069485,39.422349059501194,-20.810153938514613
19.080369469343864,38.28917769880528,-20.810153938089947
18.43919126533286,37.11365781486521,-20.810153938122827
17.80411168462051,35.8961728918523,-20.810153938666282
17.175702085094972,34.63723288784884,-20.810153939756997
16.554442100965083,33.33748478423185,-20.81015394141042
15.940708230440237,31.997723569157046,-20.810153943616484
15.334762254744575,30.618903468926,-20.810153946336623
14.736739757143368,29.202149164556666,-20.810153949502805
14.146639080390653,27.74876664493157,-20.810153953019352
13.56431113284902,26.260253256579638,-20.810153956768126
12.9894505219985,24.738306420024838,-20.810153960617054
12.421588551668645,23.184830402933688,-20.81015396443167
11.86008865683344,21.601940482706972,-20.810153968088382
11.304144856792549,19.991963809077284,-20.810153971487214
10.752783773654006,18.357436304290992,-20.81015397456162
10.204870679625094,16.70109502616986,-20.810153977282564
9.659119898969221,15.025865574631483,-20.810153979654906
9.114109699853223,13.334844344431437,-20.810153981705742
8.568301576570416,11.631275705589802,-20.81015398346618
8.020063560808042,9.91852450730813,-20.810153984950396
7.467696935841438,8.200044621107835,-20.810153986137067
6.909465488136442,6.479344528782071,-20.810153986958397
6.343626245143405,4.759951184836563,-20.81015398730066
5.768460539433556,3.0453735119735037,-20.810153987017195
5.182304221770958,1.339066904391748,-20.810153985951892
4.583575921145623,-0.35559998472316817,-20.81015398396816
3.9708024076975392,-2.035375094247655,-20.81015398097737
3.3426403340395003,-3.697148640309871,-20.810153976960848
2.6978938847008145,-5.33797414322696,-20.81015397198144
2.0355281238411234,-6.9550846188930615,-20.810153966183087
1.3546780727098073,-8.545904043874613,-20.81015395977959
0.6546537515693622,-10.108054438320071,-20.81015395303526
-0.06505842517851457,-11.639359081075481,-20.810153946241417
-0.8047974105581365,-13.137842474211617,-20.810153939692334
-1.5647319015334866,-14.601727714665817,-20.810153933663713
-2.3448667795412894,-16.029431919398515,-20.810153928395565
-3.1450510878325715,-17.419560300476178,-20.81015392408043
-3.964987065014212,-18.770899411204244,-20.81015392085692
-4.804239814468272,-20.082409995860544,-20.81015391880787
-5.662247255673685,-21.353219783442782,-20.81015391796234
-6.538330070110832,-22.5826164772581,-20.810153918300262
-7.43170141747403,-23.770041111776607,-20.810153919758843
-8.341476255014372,-24.915081878462015,-20.81015392223996
-9.266680142895762,-26.01746846417103,-20.81015392561781
-10.206257461273667,-27.077066898929502,-20.81015392974653
-11.159079000778501,-28.09387487348855,-20.81015393446735
-12.123948917898748,-29.068017459717208,-20.810153939615223
-13.099611071229337,-29.999743147172815,-20.81015394502482
-14.084754774477812,-30.88942009575394,-20.810153950535863
-15.078020018201057,-31.73753249601206,-20.810153955997794
-16.07800222502333,-32.5446769245487,-20.81015396127378
-17.083256612936523,-33.311558581287585,-20.810153966244087
-18.09230224841312,-34.0389872978697,-20.810153970808756
-19.10362587553089,-34.727873211780135,-20.810153974889598
-20.11568560905999,-35.37922200905586,-20.810153978431387
-21.126914578367863,-35.994129649636285,-20.810153981402323
-22.135724604901064,-36.57377650373434,-20.81015398379357
-23.140509988781062,-37.11942084512304,-20.810153985617937
-24.139651469663832,-37.63239166793418,-20.810153986907714
-25.131520413560075,-38.1140808172467,-20.810153987711686
-26.114483261075655,-38.565934449951385,-20.810153988091468
-27.08690625400506,-38.98944387037793,-20.810153988117328
-28.047160437110524,-39.38613581392814,-20.810153987863806
-28.993626911166867,-39.75756228017909,-20.810153987405343
-29.924702293028968,-40.105290043111324,-20.810153986812225
-30.83880431975504,-40.43088998869743,-20.81015398614718
-31.73437751785995,-40.73592644752092,-20.81015398546278
-32.60989884663512,-41.02194670104468,-20.810153984799882
-33.46388321699597,-41.290470843613356,-20.81015398418707
-34.294888785043206,-41.542982177717704,-20.81015398364112
-35.10152192262307,-41.78091830747761,-20.8101539831683
-35.88244177542798,-42.0056630752777,-20.810153982766288
-36.636364332006515,-42.21853946011063,-20.81015398242649
-37.36206594354967,-42.42080352496574,-20.810153982136413
-38.05838625336745,-42.61363946635711,-20.810153981881953
-38.72423051532769,-42.79815578374811,-20.810153981649307
-39.358571300962026,-42.97538255209238,-20.810153981426517
-39.96044961431596,-43.14626974866817,-20.81015398120443
-40.52897545098482,-43.31168655722188,-20.810153980977233
-41.06332785242365,-43.472421549156806,-20.810153980742534
-41.56275451810194,-43.62918362369508,-20.810153980501106
-42.02657104620067,-43.78260357679997,-20.810153980256366
-42.45415987835834,-43.933236162021686,-20.81015398001374
-42.844969025680534,-44.081562504901015,-20.81015397977994
-43.19851065218338,-44.22799273552127,-20.81015397956227
-43.514359588467734,-44.37286871052243,-20.810153979367975
-43.79215184316806,-44.516466705635914,-20.810153979203708
-44.03158317302553,-44.658999971845624,-20.810153979075075
-44.232407764693754,-44.80062106198831,-20.81015397898629
-44.394437072932526,-44.94142384943124,-20.810153978939947
-44.51753885094573,-45.08144517598001,-20.81015397893686
-44.60163639947322,-45.22066608205576,-20.81015397897602
-44.646708051989236,-45.35901258822068,-20.810153979054583
-44.65278690408409,-45.496356013183586,-20.810153979167964
-44.6199607858682,-45.63251282939498,-20.81015397931
-44.548372467084945,-45.767244073181004,-20.81015397947322
-44.4382200756014,-45.90025434199822,-20.810153979649115
-44.28975770113744,-46.031190426714076,-20.810153979828634
-44.10329614760732,-46.15963964166792,-20.810153980002685
-43.8792037894474,-46.285127929402066,-20.81015398016279
-43.61790748001399,-46.40711783003429,-20.8101539803018
-43.31989345383934,-46.525006416837,-20.81015398041472
-42.98570815957135,-46.63812330916958,-20.81015398049952
-42.61595895716939,-46.7457288808839,-20.81015398055791
-42.21131461177448,-46.84701278606432,-20.810153980596027
-41.772505517985365,-46.941092923863835,-20.81015398062488
-41.30032359235453,-47.027014959734124,-20.8101539806605
-40.795621778964374,-47.10375251114504,-20.810153980723683
-40.259313122985695,-47.17020809180198,-20.810153980839253
-39.69236937999919,-47.22521488953508,-20.81015398103482
-39.09581914418838,-47.2675394299214,-20.81015398133902
-38.470745495677484,-47.29588515112681,-20.810153981779354
-37.81828318546511,-47.30889688655857,-20.810153982379695
-37.13961539460697,-47.30516622211268,-20.810153983157686
-36.43597012144326,-47.28323766566085,-20.810153984122255
-35.70861626566185,-47.24161553957525,-20.81015398527144
-34.95885948983647,-47.178771484064704,-20.81015398659081
-34.188037946970034,-47.09315244118814,-20.81015398805257
-33.39751796595685,-46.983188977563266,-20.81015398961557
-32.588689785522575,-46.84730379850719,-20.81015399122618
-31.762963421208784,-46.683920307668046,-20.810153992819973
-30.921764739757382,-46.49147107371593,-20.810153994324196
-30.066531801504162,-46.268406078547976,-20.810153995660713
-29.198711514985607,-46.01320063862691,-20.81015399674937
-28.31975662987904,-45.72436291124661,-20.810153997511414
-27.431123075624573,-45.400440919390576,-20.81015399787294
-26.534267634542694,-45.04002905118676,-20.810153997768012
-25.63064592075254,-44.64177401169937,-20.810153997141533
-24.721710620327027,-44.20438022510848,-20.810153995951637
-23.808909934308403,-43.72661470365144,-20.810153994171692
-22.89368615467241,-43.20731141574961,-20.81015399179185
-21.977474294114533,-42.645375199482814,-20.810153988820154
-21.061700683533672,-42.03978527917428,-20.81015398528336
-20.147781446092903,-41.389598452640826,-20.810153981227366
-19.23712075346025,-40.69395202507866,-20.810153976717384
-18.331108767960455,-39.95206657306924,-20.81015397183782
-17.431119173595626,-39.16324862926622,-20.81015396669185
-16.53850619895585,-38.326893385365786,-20.810153961400687
-15.65460103575404,-37.44248751825674,-20.81015395610239
-14.78070755800738,-36.50961225192309,-20.810153950950195
-13.918097248821677,-35.5279467756456,-20.81015394611014
-13.068003244570491,-34.49727214697024,-20.81015394175789
-12.231613410485782,-33.41747581509721,-20.81015393807445
-11.41006236805723,-32.2885569057147,-20.81015393524071
-10.604422404275088,-31.110632410293906,-20.81015393343045
-9.81569320713082,-29.8839444193698,-20.81015393280177
-9.044790392817676,-28.608868527630396,-20.810153933486898
-8.292532820080853,-27.285923515375796,-20.810153935580438
-7.559628728857101,-25.915782372153306,-20.810153939126685
-6.846660796637272,-24.499284669795934,-20.81015394410673
-6.1540702797255715,-23.037450209324376,-20.810153950426905
-5.482140500028184,-21.531493755450807,-20.81015395791052
-4.83098005214985,-19.982840531533334,-20.810153966295488
-4.20050623908732,-18.393141977424253,-20.81015397524066
-3.5904293928750546,-16.76429107786531,-20.81015398434346
-3.0002388896169734,-15.098436361252345,-20.810153993170296
-2.4291918111370454,-13.397993466740727,-20.81015400129897
-1.8763053166430632,-11.665653009089363,-20.810154008369274
-1.3403538408414588,-9.90438336988412,-20.81015401413411
-0.8198722010248904,-8.11742704918562,-20.810154018500256
-0.31316554844912736,-6.3082893590883575,-20.8101540215469
0.18167317829171023,-4.480718554774169,-20.810154023512382
0.6667380486848757,-2.6386769828861114,-20.810154024745763
1.1442774524881059,-0.7863034555326097,-20.810154025629778
1.616654775343775,1.0721322276852772,-20.810154026491084
2.0863038562535032,2.93228097439113,-20.810154027520447
2.5556811310276393,4.7897700657117115,-20.810154028724583
3.02721669090613,6.64026013811097,-20.810154029923652
3.5032665969207226,8.47950068202295,-20.810154030795125
3.9860686693379526,10.303381408586791,-20.810154030951175
4.477703637754122,12.107977252903805,-20.810154030028222
4.980063045160308,13.889585396680568,-20.81015402776581
5.494824723602192,15.644753408251606,-20.81015402405786
6.023436079225904,17.370298312170114,-20.810154018968944
6.567104908633671,19.06331702735415,-20.810154012718193
7.126797063187474,20.72118909413376,-20.810154005640058
7.703240004733605,22.3415729212048,-20.810153998133934
8.296931154026716,23.922396927523515,-20.810153990613838
8.908149904251452,25.46184695660444,-20.810153983465906
9.536972229753033,26.958351237627383,-20.810153977018018
10.183286935316659,28.410563997640153,-20.81015397152226
10.846812737489376,29.817348626463104,-20.810153967148832
11.527115525140596,31.177761087849415,-20.810153963988757
12.223625296454175,32.491034075916716,-20.81015396206244
12.935652404354448,33.75656224605231,-20.810153961331494
13.662402857251355,34.97388870942715,-20.810153961711702
14.402992515685805,36.14269287050313,-20.810153963085714
15.156460098985686,37.26277960522159,-20.81015396531449
15.921778971716547,38.33406972012915,-20.81015396824717
16.69786772040132,39.35659159516703,-20.810153971729093
17.48359955963358,40.330473890902915,-20.810153975608124
18.277810626040985,41.25593919071245,-20.81015397973942
19.079307230922744,42.13329844648606,-20.810153983988883
19.886872149720574,42.962946100139504,-20.81015398823545
20.699270030309947,43.74535576042992,-20.810153992372584
21.51525200357077,44.48107632373884,-20.810153996309054
22.33355957965325,45.17072843744516,-20.810153999969124
23.15292791237632,45.81500121450358,-20.81015400329244
23.972088512658065,46.41464911739015,-20.810154006233564
24.789771489997033,46.9704889384269,-20.810154008761337
25.60470739889519,47.483396811574174,-20.81015401085804
26.415628764744756,47.95430519813522,-20.810154012518435
27.221271361035154,48.38419979559601,-20.810154013748775
28.020375306675508,48.77411632522814,-20.81015401456559
28.811686048651758,49.12513716035016,-20.81015401499455
29.59395529101966,49.438387763515124,-20.810154015069084
30.36594192626056,49.71503290759764,-20.81015401482903
31.1264130192056,49.95627266297773,-20.810154014319146
31.87414488701643,50.16333814089098,-20.810154013587542
32.607924311099694,50.3374869915832,-20.810154012684094
33.32654990839546,50.47999866513104,-20.81015401165885
34.02883368035358,50.592169452523095,-20.81015401056041
34.71360274830756,50.67530733459193,-20.81015400943445
35.37970127415134,50.73072667630377,-20.810154008322357
36.02599255555902,50.75974281332589,-20.810154007260103
36.65136127583821,50.76366658622917,-20.81015400627734
37.25471588026954,50.7437988846506,-20.810154005396846
37.834991043841995,50.70142526876882,-20.81015400463429
38.39115018998609,50.63781073812941,-20.810154003998345
38.92218801650471,50.554194717896856,-20.810154003491157
39.42713298357706,50.45178632984664,-20.810154003109034
39.905049719521436,50.33176000984619,-20.810154002843454
40.355041302881766,50.195251525378644,-20.81015400268214
40.77625138416456,50.043354436175285,-20.81015400261026
41.167866116902424,49.87711702871607,-20.81015400261161
41.52911587528027,49.697539741815774,-20.810154002669698
41.85927674389671,49.50557308638125,-20.810154002768687
42.15767177389098,49.30211604836177,-20.810154002894183
42.423672008200704,49.088014950549706,-20.8101540030338
42.656697286722455,48.86406273677944,-20.810154003177512
42.85621684928418,48.6309986316761,-20.810154003317823
43.02174976034078,48.38950812075731,-20.81015400344977
43.1528651839931,48.140223189600235,-20.810154003570762
43.24918254120993,47.88372275703861,-20.81015400368035
43.3103715829836,47.62053323592673,-20.810154003779886
43.33615241361741,47.35112915578609,-20.81015400387218
43.3262954975226,47.075933784456154,-20.81015400396112
43.28062168092217,46.795319690479936,-20.81015400405131
43.19900225686707,46.50960919412343,-20.810154004147737
43.081359098121396,46.21907466240706,-20.810154004255462
42.92766487791853,45.92393861207996,-20.810154004379374
42.73794339347258,45.62437359387362,-20.810154004523948
42.512270001576645,45.32050184143291,-20.810154004693093
42.25077216974986,45.01239467886105,-20.810154004890027
41.95363014031371,44.70007169166811,-20.8101540051172
41.62107769858707,44.38349967692256,-20.81015400537624
41.25340303018842,44.06259139941378,-20.810154005668004
40.850949646331806,43.737204191464976,-20.81015400599259
40.414117350118254,43.4071384444945,-20.810154006349453
39.943363211295676,43.07213605027994,-20.810154006737545
39.43920251194269,42.73187885886784,-20.81015400715544
38.90220962120443,42.38598722789165,-20.810154007601557
38.333018753764705,42.034018744377185,-20.810154008074267
37.732324564382814,41.67546720457568,-20.81015400857208
37.100882529758614,41.30976193961292,-20.8101540090937
36.43950906940213,40.936267574445466,-20.81015400963803
35.74908135922612,40.55428430448769,-20.810154010204045
35.03053679534901,40.163048768117896,-20.810154010790527
34.28487207111485,39.76173558400458,-20.810154011395653
33.51314183753596,39.34945960987914,-20.81015401201644
32.71645692606967,38.92527896425193,-20.81015401264801
31.895982122567066,38.48819883503802,-20.810154013282837
31.05293349198951,38.03717607971833,-20.81015401390995
30.18857526459591,37.57112460126095,-20.810154014514193
29.304216305215412,37.08892146343545,-20.810154015075675
28.401206197360573,36.58941368931092,-20.810154015569516
27.48093098274408,36.07142566858115,-20.810154015965914
26.544808603732733,35.533767083792576,-20.810154016230683
25.594284101001428,34.975241253318224,-20.810154016326265
24.63082462086751,34.39465378059263,-20.810154016213225
23.655914286381062,33.79082139504383,-20.81015401585211
22.67104898327838,33.16258087041935,-20.810154015205754
21.677731106595147,32.50879791065092,-20.810154014241686
20.677464306450144,31.82837590165187,-20.810154012934653
19.671748262730564,31.120264438920252,-20.81015401126902
