theta_1,theta_2,energy
90.0,90.0001,1.712167996042681e-05
89.9718964215695,90.00009999772213,1.7121583488842462e-05
89.88758578108231,90.00009982832555,1.7121294090462202e-05
89.74706893089399,90.0000980305044,1.7120812011953146e-05
89.55034918451217,90.00008892373526,1.712013827043224e-05
89.29743515449483,90.00005774320068,1.7119275584481786e-05
88.98834472011497,89.99997383762377,1.7118229644896843e-05
88.62311011371214,89.99978194838593,1.7117010668366017e-05
88.20178410343372,89.99939160691397,1.7115635126407902e-05
87.72444723299687,89.9986647156746,1.711412739857643e-05
87.19121605521089,89.99740141785921,1.7112521034201578e-05
86.60225226468584,89.99532441307277,1.7110859138913526e-05
85.95777259638105,89.9920619412855,1.7109193326980687e-05
85.25805931118067,89.98712973396209,1.7107580542186085e-05
84.5034710393287,89.97991231704171,1.71060771476661e-05
83.69445370036671,89.96964414075897,1.7104729885808467e-05
82.83155116859758,89.9553910995192,1.7103563740850092e-05
81.91541531172011,89.93603308249483,1.71025673894043e-05
80.94681500374568,89.91024825207886,1.7101677818320837e-05
79.92664370850311,89.87649977198804,1.7100766529498657e-05
78.85592525317239,89.83302568963097,1.7099630505779118e-05
77.73581746671816,89.77783261087231,1.7097991336534335e-05
76.56761344710992,89.7086936864489,1.7095505370434694e-05
75.35274034105015,89.62315126086445,1.709178652831156e-05
74.09275566328769,89.51852432615297,1.708644133824322e-05
72.78934133795667,89.39192069039451,1.7079113324491857e-05
71.4442957971767,89.24025353501311,1.7069531839553065e-05
70.05952460668142,89.06026181845424,1.705755894487737e-05
68.6370301900439,88.84853380823063,1.704322796758362e-05
67.17890128118948,88.60153290518939,1.7026768555084004e-05
65.68730274362191,88.31562487248718,1.700861531972464e-05
64.16446635441248,87.98710559786139,1.698939997751836e-05
62.612683067440045,87.61222859379203,1.696992932664898e-05
61.034297153878775,87.18723156201827,1.6951153199329383e-05
59.431702481184686,86.70836149876766,1.6934127176071456e-05
57.80734104786876,86.1718979763317,1.6919974401119475e-05
56.16370375177262,85.57417438846726,1.6909849735569082e-05
54.50333324334906,84.91159707842942,1.690490793393451e-05
52.82882860835741,84.18066237084257,1.69062759241001e-05
51.14285153902072,83.37797159845792,1.6915028062669535e-05
49.44813358898588,82.5002442527248,1.6932162488103586e-05
47.747484063336394,81.54432939692676,1.6958576242842582e-05
46.04379806714502,80.50721546862464,1.6995037016798165e-05
44.34006422072593,79.38603857192354,1.7042149773160986e-05
42.639371542774,78.17808932798238,1.7100316938467586e-05
40.94491499991468,76.88081832284254,1.7169691620466665e-05
39.259999218803074,75.49184017382679,1.7250123704570797e-05
37.58803985060582,74.0089362384023,1.734109914508508e-05
35.93256206276324,72.43005602188704,1.744167296990895e-05
34.29719560369275,70.75331741290793,1.755039621897936e-05
32.68566583542726,68.97700599959977,1.7665237329822503e-05
31.101780047997053,67.09957390854935,1.7783497774814805e-05
29.54940824622577,65.11963887821328,1.790172301241455e-05
28.032457420648512,63.03598464744874,1.80156116904584e-05
26.55483806369867,60.84756422875882,1.8119931649351884e-05
25.120421354242854,58.55350826647442,1.8208463266944364e-05
23.732984995969986,56.15314147033078,1.827401120735317e-05
22.396145157973482,53.64601106971293,1.8308560640889482e-05
21.113271355490838,51.03193232722905,1.830370362654321e-05
19.887380502668993,48.31105729362869,1.8251520685907963e-05
18.721005934403248,45.48397397720313,1.814614533302006e-05
17.616037240868916,42.55184355015856,1.798619948800706e-05
16.573527801087895,39.51658245637258,1.7778042593619148e-05
15.593469701013872,36.38109330913537,1.753915837454656e-05
14.674541234355537,33.14954196063922,1.7299926934555288e-05
13.813841302510816,29.82766678983357,1.710081703265587e-05
13.00663794799112,26.42308962534845,1.6981877017485658e-05
12.24617341013939,22.945577571489203,1.6964340304070902e-05
11.523581001259839,19.407186958055703,1.7031324151872695e-05
10.827972144952856,15.822214578833751,1.7122433323635278e-05
10.146736625521632,12.206898604136455,1.7155815587699408e-05
9.466061629270545,8.578857547228125,1.70733841535764e-05
8.77162250844168,4.9563218463366665,1.688088754292494e-05
8.049349221142073,1.3572747398005987,1.665079879131781e-05
7.286149295957572,-2.2013516866252956,1.648370858831072e-05
6.4704824314652285,-5.704298047835524,1.6457080668885737e-05
5.592726121259068,-9.138346356469594,1.659525554487118e-05
4.645325121992498,-12.492433079673065,1.687175353382031e-05
3.6227595149213148,-15.757555641813706,1.7231585346166867e-05
2.521386611678647,-18.92654517282439,1.7615430721207304e-05
1.3392127671675125,-21.993776757395377,1.7975119845914378e-05
0.07564016207826464,-24.95487230293853,1.8279092699913235e-05
-1.2687811524506625,-27.806430968661974,1.8511228926598733e-05
-2.692578998623638,-30.545804489021194,1.8666917874554656e-05
-4.193555439468393,-33.17092220433535,1.874889750652642e-05
-5.76895271654962,-35.68016309914111,1.876396693134552e-05
-7.415590926383217,-38.07226846728512,1.87207807869072e-05
-9.12998089532956,-40.346287640376005,1.8628538498433045e-05
-10.908415876626394,-42.50154945709107,1.849628826278149e-05
-12.74704529251188,-44.537653081403285,1.833260409966897e-05
-14.641933128541977,-46.454472953873356,1.8145468587249525e-05
-16.58910295149642,-48.25217383901563,1.794226047735492e-05
-18.584570963731412,-49.931232994162094,1.772979404890407e-05
-20.624368066273504,-51.49246737936327,1.751438569286279e-05
-22.704551592999387,-52.93706453328733,1.73019363707283e-05
-24.821207200847464,-54.2666162467443,1.7098021192651913e-05
-26.970441357513256,-55.48315446234765,1.6907972064217347e-05
-29.14836496431306,-56.58918889924046,1.6736928895255687e-05
-31.351068899187492,-57.58774572379878,1.658982203167625e-05
-33.57459267705514,-58.48240613905179,1.647123802328565e-05
-35.814888010786916,-59.27734303731248,1.6385119042894303e-05
-38.067779806777246,-59.97735287280266,1.6334264490325268e-05
-40.32892799895402,-60.587878740477066,1.631965174198058e-05
-42.593794511525296,-61.115019454483964,1.6339678087007314e-05
-44.85762036802976,-61.56551846986921,1.6389535009153633e-05
-47.115418284325834,-61.94672614864347,1.646101845764747e-05
-49.36198570945557,-62.266529547347744,1.654308401910498e-05
-51.59194196323009,-62.53324594101734,1.662330349461172e-05
-53.79979076929387,-62.7554798071087,1.6690057499602062e-05
-55.98000627483898,-62.94194768245968,1.673491156495288e-05
-58.12713708769045,-63.10128041458115,1.6754382540895563e-05
-60.23591971105849,-63.24181673091673,1.6750408050825172e-05
-62.301390825743155,-63.37140457285506,1.6729307105833868e-05
-64.31898772692111,-63.49722648418821,1.669963823935916e-05
-66.28462795947556,-63.62566241285757,1.666977908776346e-05
-68.19476237421513,-63.762198262188434,1.664605038875777e-05
-70.04639964298633,-63.91138262378799,1.6631843660519507e-05
-71.83710384909895,-64.07682864015709,1.6627738750329968e-05
-73.56496944770103,-64.26125386025045,1.6632266866878354e-05
-75.22857936737861,-64.46654870560165,1.664288621938681e-05
-76.82695234888459,-64.69386367681997,1.6656837352968523e-05
-78.35948507020434,-64.94370627573986,1.6671716283056526e-05
-79.82589355238939,-65.21604024955592,1.6685750470202265e-05
-81.22615710767269,-65.51038168090138,1.6697845492075203e-05
-82.56046691722554,-65.82588829091505,1.6707494143730628e-05
-83.82918034387333,-66.16143988422296,1.6714627117941916e-05
-85.03278134369408,-66.51570906621492,1.6719458775682483e-05
-86.17184683224288,-66.88722220988426,1.6722356332543598e-05
-87.24701854951118,-67.27441119311719,1.672374262717824e-05
-88.25897980616159,-67.67565673527582,1.672403166796954e-05
-89.20843643743453,-68.08932430043465,1.6723591250489278e-05
-90.09610130311601,-68.51379355988759,1.6722725476370215e-05
-90.92268172371314,-68.94748236198504,1.6721670558439428e-05
-91.6888693144629,-69.38886607428827,1.672059869539666e-05
-92.39533175677722,-69.83649306261655,1.6719626164007906e-05
-93.04270612312564,-70.28899696725396,1.671882308018624e-05
-93.63159344173117,-70.74510633625843,1.6718223222911277e-05
-94.16255424978279,-71.20365208357373,1.671783304835195e-05
-94.63610493766127,-71.66357315712946,1.6717639446328647e-05
-95.0527147323438,-72.12392072946061,1.6717616094119592e-05
-95.41280320659885,-72.58386115985654,1.671772844313857e-05
-95.7167382329211,-73.0426779214796,1.6717937472709998e-05
-95.96483432856918,-73.49977263789953,1.671820229942611e-05
-96.15735136170835,-73.95466532965769,1.6718481884003822e-05
-96.29449360960523,-74.40699393142611,1.6718735909637683e-05
-96.37640917906327,-74.85651310276971,1.671892501170502e-05
-96.40318981771495,-75.30309231926728,1.6719010468013717e-05
-96.37487116319062,-75.74671319473367,1.671895343505203e-05
-96.29143349624542,-76.18746594859178,1.671871390698798e-05
-96.15280308418922,-76.62554489433441,1.6718249482405856e-05
-95.95885422281356,-77.06124278500916,1.6717514163211433e-05
-95.70941210858004,-77.49494380963108,1.6716457430926424e-05
-95.40425669793356,-77.92711499076972,1.671502397210256e-05
-95.04312773654797,-78.35829568939741,1.671315459661482e-05
-94.6257311667487,-78.78908488058421,1.6710788950102806e-05
-94.15174714400561,-79.22012582633786,1.6707870957810567e-05
-93.62083990976834,-79.65208774519377,1.6704357838626116e-05
-93.03266977303777,-80.08564406970149,1.670023366462381e-05
-92.3869074402051,-80.52144690298323,1.6695527928045628e-05
-91.68325089330165,-80.96009734703185,1.6690338883407208e-05
-90.92144494080392,-81.40211149365481,1.668485979378076e-05
-90.10130344175522,-81.84788206030098,1.6679403887165378e-05
-89.22273402343828,-82.29763593229782,1.6674420806328527e-05
-88.28576486923866,-82.75138824953106,1.6670493967696487e-05
-87.29057284854768,-83.2088941470994,1.6668306161538027e-05
-86.23751190902674,-83.66959980520383,1.6668561404920013e-05
-85.12714028495111,-84.13259503730956,1.6671857149930247e-05
-83.96024474514003,-84.59657017186898,1.667851369768769e-05
-82.73785987960333,-85.05978035908512,1.6688386484275952e-05
-81.46128038415124,-85.52002054333792,1.670070674020252e-05
-80.13206451798247,-85.97461407669473,1.671400836311676e-05
-78.75202742158237,-86.42041724492184,1.6726193187821536e-05
-77.3232237788926,-86.85384084658502,1.6734758037095787e-05
-75.84792030948731,-87.27088851751266,1.673715905603501e-05
-74.32855964155941,-87.6672099287869,1.673123896495099e-05
-72.76771806666284,-88.03816556373083,1.6715612804141244e-05
-71.16806034099103,-88.37889874899511,1.668991372838491e-05
-69.53229495722464,-88.68441015445802,1.6654842166730077e-05
-67.86313313259173,-88.94963014307194,1.6612021616069228e-05
-66.16325420065562,-89.16948507086565,1.6563717517570353e-05
-64.43527928359428,-89.33895473326174,1.651250288681183e-05
-62.6817542155097,-89.4531194042809,1.6460950744701108e-05
-60.90514183168661,-89.50719610969539,1.641140767283389e-05
-59.1078230391219,-89.49656475849699,1.6365869324630467e-05
-57.29210559287923,-89.41678544731842,1.632595045109042e-05
-55.46023922529689,-89.26360863664327,1.629292494875756e-05
-53.614435680865164,-89.0329800125099,1.6267806204339763e-05
-51.75689225126896,-88.72104175621283,1.6251440946746243e-05
-49.88981753211628,-88.32413171677113,1.6244596560355262e-05
-48.015458291107706,-87.83878167894161,1.6248029595544722e-05
-46.136126513665864,-87.26171559166968,1.6262529310751006e-05
-44.25422585488552,-86.58984830125502,1.6288934633124086e-05
-42.37227686484786,-85.8202850400457,1.6328125635567403e-05
-40.492940464386606,-84.95032166510128,1.6380992144959805e-05
-38.61903923199313,-83.97744542543383,1.6448382968548003e-05
-36.75357612435625,-82.89933586107007,1.653103963761282e-05
-34.899750298921575,-81.71386530086833,1.662951905245791e-05
-33.06096974263942,-80.41909832749369,1.6744109547772723e-05
-31.24086044156175,-79.01328951695152,1.6874745153216963e-05
-29.443271854223237,-77.4948787378724,1.7020922392418925e-05
-27.672278478474496,-75.86248331544812,1.718162290131886e-05
-25.932177324203483,-74.11488643184806,1.735524319812498e-05
-24.227481116822577,-72.25102125716033,1.7539529409305032e-05
-22.562907047123037,-70.26995049425703,1.773150983552796e-05
-20.943360834220414,-68.17084129486335,1.7927411089857515e-05
-19.373915753444763,-65.9529358882569,1.812253548649778e-05
-17.859786062545197,-63.6155187967572,1.8311067787379898e-05
-16.406293884999414,-61.15788225042584,1.848577234397908e-05
-15.018828006710061,-58.57929244072876,1.8637542105182092e-05
-13.702792115927453,-55.87896068889307,1.8754782239227552e-05
-12.463538642546437,-53.05602561349594,1.8822679702878986e-05
-11.306282385057584,-50.1095551734037,1.8822574695320782e-05
-10.235985403277647,-47.038581270613946,1.873199100543843e-05
-9.257201119074335,-43.84218460356237,1.8526502621796226e-05
-8.373861342489711,-40.51965359554316,1.8185557994598867e-05
-7.5889857054981595,-37.07074774242565,1.770536250234045e-05
-6.904290540646442,-33.49610042623344,1.7121662885699607e-05
-6.319677374902232,-29.797794252066627,1.6540567507661308e-05
-5.83259653925312,-25.98012447390437,1.6161364943201306e-05
-5.437317999987114,-22.050520582218066,1.6250923085436852e-05
-5.124206674096692,-18.020511845877657,1.7015891160099272e-05
-4.879187282190307,-13.906505587129105,1.8374435065027228e-05
-4.683658418814899,-9.730042984946598,1.9790946325315417e-05
-4.515106564811699,-5.517199461481828,2.045580087894905e-05
-4.348511405423866,-1.2969962090466687,1.9847419043372838e-05
-4.158343767505955,2.9009361809379373,1.819032715033586e-05
-3.9206882862930996,7.048850137949226,1.6289015139392404e-05
-3.614962184325271,11.12285876105998,1.4916044751345225e-05
-3.2248954760336117,15.103981973326281,1.4383300772635721e-05
-2.7387430688973065,18.978241086172215,1.4564835080221883e-05
-2.148927324769007,22.736072563542532,1.5150547021391958e-05
-1.4513807306493,26.371414639347943,1.5855811692944144e-05
-0.6448113626821106,29.880750499715965,1.650158265320556e-05
0.2699744088670687,33.26227191615737,1.7007445826777712e-05
1.2906346201029133,36.515225839654775,1.7356229061959993e-05
2.4137311610339656,39.63944450729431,1.756186389911818e-05
3.6350608553037747,42.63503126639746,1.7649050654711118e-05
4.949900579064221,45.502166714806584,1.7643049154969503e-05
6.3531882146924294,48.241002225957175,1.7565727784329965e-05
7.839657453798957,50.851613979999705,1.743477058724352e-05
9.4039400752241,53.33399704254317,1.7264172551989532e-05
11.04064541611693,55.6880845553785,1.7065074018773885e-05
12.744423654689374,57.9137814323458,1.6846527881142492e-05
14.5100172213738,60.011005193013006,1.661607081615557e-05
16.332303020535367,61.979728941522296,1.638009457849421e-05
18.20632702547875,63.820023231937576,1.614406016869907e-05
20.12733206898249,65.53209483765845,1.5912608120061122e-05
22.09077917979408,67.11632139669986,1.5689613178437867e-05
24.092362527642408,68.57328163199578,1.5478221190079466e-05
26.12801787209442,69.90378141035349,1.5280895414804263e-05
28.193924318159404,71.10887634659966,1.5099489033332247e-05
30.286499132389224,72.18989200573975,1.4935353117806471e-05
32.402385348155406,73.14844301789815,1.4789482214894178e-05
34.53843188019383,73.98645259961908,1.4662694287181921e-05
36.69166588061607,74.70617406045618,1.455583565856955e-05
38.859257118532675,75.31021584184667,1.4469993242727242e-05
41.03847428480483,75.80157144602784,1.4406683941814435e-05
43.22663335934325,76.18365520785363,1.4367973093953879e-05
45.42103859240852,76.46034416611819,1.4356450105168506e-05
47.618917313637155,76.63602521855992,1.4374967156172147e-05
49.817350756534886,76.7156452233656,1.4426039461667983e-05
52.01320439997011,76.7047597197643,1.4510841420900533e-05
54.20306292884793,76.60957357769293,1.4627845747128276e-05
56.38317661213144,76.43696444425834,1.4771363673560245e-05
58.54942730674635,76.19447789010344,1.4930519911970919e-05
60.6973228454173,75.89028249473151,1.508940230721123e-05
62.822027580276576,75.5330746936814,1.5229033767383271e-05
64.91843379020227,75.13192777845627,1.5331228949477804e-05
66.98127344963483,74.69608703434731,1.538340027984475e-05
69.00526320928348,74.23472254640065,1.53824842072936e-05
70.98526887987906,73.75666047143953,1.533610190129764e-05
72.91647117746001,73.27011977777583,1.5260179806020346e-05
74.79451356434986,72.78248235997512,1.5173985230987341e-05
76.61561617029024,72.30011944126477,1.5094746423471861e-05
78.37664607704754,71.82828768657726,1.5033947685871851e-05
80.07514178559074,71.3710972727773,1.4996234355635352e-05
81.7092964060257,70.93154428183838,1.498053593262938e-05
83.27790860732169,70.51159322904884,1.4982290046816615e-05
84.78031220605276,70.11229291398149,1.4995677464213486e-05
86.21629486140759,69.73390948239101,1.5015233787885052e-05
87.58601450146641,69.3760633957007,1.5036688862046788e-05
88.88991968195545,69.03786067162926,1.5057185259070849e-05
90.1286777086757,68.71801234837478,1.5075123769747734e-05
91.30311239498026,68.41493910771287,1.5089853076410975e-05
92.41415189859269,68.12686018474142,1.5101344641887948e-05
93.46278616103118,67.85186712927353,1.510992232134356e-05
94.45003296028615,67.58798380730515,1.5116067295650737e-05
95.37691136839159,67.33321440866938,1.5120292912840227e-05
96.2444213771843,67.08558131092829,1.5123073861644798e-05
97.05352853789596,66.84315455881303,1.5124812928535292e-05
97.80515259709762,66.604074537589,1.5125831323237193e-05
98.50015926671257,66.36656920280178,1.512637229428293e-05
99.13935441799535,66.12896701114671,1.5126611173532645e-05
99.72348012739154,65.88970649567608,1.512666766134707e-05
100.25321212136927,65.64734325137763,1.5126618009841941e-05
100.72915826680735,65.4005549465741,1.5126505939710988e-05
101.15185783455604,65.14814485058454,1.512635185518807e-05
101.52178132852428,64.88904426602329,1.5126160334943961e-05
101.83933072355262,64.62231417177217,1.5125926052211858e-05
102.10483999480363,64.34714631678938,1.512563838393377e-05
102.31857585159311,64.06286395252094,1.5125284950290308e-05
102.48073861135008,63.76892235013369,1.5124854355008654e-05
102.59146316626479,63.46490921588043,1.5124338324734588e-05
102.65082000741816,63.150545091801845,1.5123733384414528e-05
102.6588162797843,62.8256838081713,1.5123042270082099e-05
102.6153968472581,62.4903130373858,1.5122275108414573e-05
102.52044535041502,62.14455498542072,1.5121450490207522e-05
102.37378524155883,61.78866724570488,1.5120596415174603e-05
102.17518078215937,61.423043830686034,1.5119751205716625e-05
101.92433798735897,61.04821638789766,1.5118964295623982e-05
101.6209055011228,60.66485559953295,1.511829693190414e-05
101.26447538409197,60.27377275694074,1.5117822689703075e-05
100.85458379454415,59.87592149365221,1.511762771033709e-05
100.3907115413737,59.47239965206395,1.5117810571396717e-05
99.87228448703083,59.064451249217036,1.5118481555109753e-05
99.29867377835697,58.65346849557939,1.5119761110682362e-05
98.66919588480211,58.240993806544544,1.5121777198867647e-05
97.98311242737734,57.82872172843752,1.5124661086662883e-05
97.2396297889065,57.418500677751844,1.5128541018150088e-05
96.43789850806316,57.01233436223931,1.5133533080025074e-05
95.5770124781455,56.61238271279725,1.5139728294144561e-05
94.65600799900362,56.2209621024509,1.5147174766028115e-05
93.6738627702444,55.840544558590835,1.515585345845949e-05
92.62949497010732,55.473755581023255,1.5165645909753778e-05
91.52176264285579,55.12337005353303,1.5176292120777646e-05
90.34946372542205,54.79230557055108,1.5187337169209059e-05
89.11133719052368,54.48361228066208,1.5198066077637407e-05
87.8060659796929,54.20045806004954,1.5207429107988446e-05
86.43228265850807,53.946107454559424,1.5213964609905872e-05
84.9885790613151,53.72389235176434,1.5215736223872511e-05
83.47352161536615,53.53717175121525,1.5210317057423595e-05
81.88567454859684,53.389277291382314,1.5194878432822634e-05
80.22363377766003,53.283440392496935,1.5166474796046714e-05
78.48607489510677,53.22269606516392,1.5122654318133755e-05
76.67181921722022,53.209757786076416,1.5062546392385912e-05
74.77992210926608,53.24685766934064,1.4988536154447729e-05
72.80978742509473,53.33554698236811,1.4908447489858645e-05
70.76131036748988,53.47645462542046,1.483770966537179e-05
68.63504774081007,53.66900645873047,1.4800225288880142e-05
66.4324087999503,53.91111720865333,1.4825797595818813e-05
64.15585148310618,54.19887937598636,1.4941776001364815e-05
61.80905858424797,54.52628881136894,1.515838162191585e-05
59.39705895660706,54.88506056146601,1.5451939875177345e-05
56.926254652149744,55.26459457281385,1.575631178951653e-05
54.40432124695439,55.652141168554465,1.597438554767905e-05
51.83996850763889,56.03318646792349,1.6012312759272618e-05
49.242579256604934,56.392032148769225,1.5821750697142534e-05
46.62177604638276,56.71249641562575,1.542454290159867e-05
43.98698507341065,56.97863276467669,1.4903576204261526e-05
41.34706583601715,57.17536319672152,1.4366921753605766e-05
38.710054344887816,57.28895179307117,1.3908460694267433e-05
36.08303708930163,57.30728889906579,1.3584712370118268e-05
33.472144724378495,57.21999770192682,1.3412450162064715e-05
30.88263668163638,57.018401736885274,1.33797034465033e-05
28.319042208326863,56.695401178236175,1.3460144050014833e-05
25.785326611495254,56.245301904747635,1.362445539143664e-05
23.28505916672821,55.66363075116194,1.3846787741300659e-05
20.821567550997138,54.94695843586005,1.4107110519745447e-05
18.39807070644118,54.09274146851711,1.439107743550494e-05
16.017787056264858,53.0991869842906,1.4688789164551963e-05
13.684018108397842,51.965139824783854,1.4993318515621468e-05
11.400209153574474,50.6899886982616,1.5299419068526277e-05
9.169989478694,49.27358723804052,1.5602558910643438e-05
6.997194664175367,47.71618568972305,1.589827896353313e-05
4.8858733815009225,46.01836940775736,1.6181816132387894e-05
2.840280810965041,44.181001086794346,1.644791398902612e-05
0.8648604343013995,42.20516455944492,1.6690742778990852e-05
-1.0357844607057036,40.092109001539185,1.690385366970304e-05
-2.856928719112308,37.84319349447232,1.7080098203337002e-05
-4.593772475847981,35.45983313802332,1.721145336830432e-05
-6.2414981256082225,32.943449358403626,1.7288715113750186e-05
-7.795338814984116,30.295428822901634,1.730107317499119e-05
-9.250661683114915,27.51709759557436,1.7235684193650513e-05
-10.603071103425435,24.609720009549225,1.7077563011724806e-05
-11.848539783361462,21.574535328755253,1.681047070789532e-05
-12.983578704992837,18.412849630597893,1.642003282853466e-05
-14.005460177898655,15.126205100007333,1.5900977778926517e-05
-14.912510742599274,11.7166529185502,1.5270628800578834e-05
-15.704490196168171,8.187156487234917,1.4589173812140643e-05
-16.383065790079215,4.542143804103221,1.3981104860505411e-05
-16.952370972674768,0.788203661731459,1.3639251054797796e-05
-17.41959983207135,-3.0651287568982197,1.377789475398572e-05
-17.795530347168146,-7.004628169622103,1.450805474689787e-05
-18.094804939883403,-11.012897077415083,1.567308109073906e-05
-18.335762577514643,-15.068416702506081,1.67933176946633e-05
-18.5396659165364,-19.146346219968915,1.727970411025126e-05
-18.72932902674423,-23.220079707712227,1.6837114525714014e-05
-18.927377734151996,-27.263275963863332,1.5693078463385746e-05
-19.154538782973976,-31.251860437291043,1.4408127707810081e-05
-19.428343205992196,-35.16551081096305,1.3474565328408517e-05
-19.76245069655878,-38.98836943136355,1.3078601789118238e-05
-20.166575519033504,-42.70901805247117,1.313573912042898e-05
-20.64684273093058,-46.319942731701715,1.3450071843834621e-05
-21.206365342113216,-49.8167596843723,1.3841519653112755e-05
-21.845873821231606,-53.19741432373742,1.4195497968216841e-05
-22.564295832937063,-56.46147646525244,1.4460019631457044e-05
-23.359241443136813,-59.609579918542686,1.4624436058596757e-05
-24.227385872462463,-62.64300821127007,1.4699160836073588e-05
-25.164760419036423,-65.56340606454174,1.4702246645015293e-05
-26.16696871766612,-68.37258960421951,1.4652278103710614e-05
-27.229345681084414,-71.07242955088425,1.4565388205767249e-05
-28.347073962911608,-73.66478595856294,1.4454483498127502e-05
-29.51526958885295,-76.15147794481578,1.432945365209548e-05
-30.729045431842465,-78.53427618938547,1.4197707749019628e-05
-31.983558775107102,-80.8149094519526,1.406473420928478e-05
-33.274047350570974,-82.99507899018333,1.393457124976294e-05
-34.59585688380821,-85.07647668764233,1.3810164848138129e-05
-35.94446221694621,-87.06080408787302,1.3693627355593208e-05
-37.31548341903019,-88.94979051710128,1.3586420370970131e-05
-38.70469784785289,-90.7452091746477,1.3489484787854167e-05
-40.108048834973154,-92.4488905597411,1.3403336240003227e-05
-41.52165147947836,-94.06273294533554,1.3328139097268377e-05
-42.94179592166398,-95.588709845661,1.3263767698390438e-05
-44.36494840062469,-97.02887458400284,1.3209859865526141e-05
-45.78775036243234,-98.38536217131268,1.3165865494713103e-05
-47.20701586608173,-99.66038876944158,1.3131091304074971e-05
-48.6197275245364,-100.85624904573925,1.3104741935165976e-05
-50.02303121261107,-101.97531173642021,1.3085957125014147e-05
-51.414229768679874,-103.02001373050989,1.3073844588262773e-05
-52.790775911300216,-103.99285296908317,1.3067508209729795e-05
-54.15026458375863,-104.89638042966419,1.306607148521266e-05
-55.49042492889459,-105.73319143610907,1.306869617856421e-05
-56.80911208336845,-106.50591650249919,1.3074596463269472e-05
-58.10429896508336,-107.21721188749866,1.3083048951756382e-05
-59.374068210143534,-107.86975000482516,1.3093399067187761e-05
-60.61660439697394,-108.46620980712045,1.310506443807924e-05
-61.83018667547816,-109.00926723542526,1.3117535714535222e-05
-63.01318189878218,-109.50158580520134,1.3130375503322966e-05
-64.16403833457626,-109.9458073826618,1.3143215804589659e-05
-65.28128001266762,-110.3445431920913,1.3155754409410747e-05
-66.36350174540966,-110.700365085659,1.3167750541498435e-05
-67.40936483848718,-111.01579710156277,1.3179020023734722e-05
-68.41759349141397,-111.29330733364833,1.3189430117854783e-05
-69.38697187034894,-111.53530013525658,1.3198894168731101e-05
-70.31634182077137,-111.7441086812169,1.3207366134082577e-05
-71.20460117448178,-111.92198791384094,1.3214835035579853e-05
-72.05070259460325,-112.0711079007039,1.3221319421941047e-05
-72.85365289399687,-112.19354763321746,1.3226861880433205e-05
-73.6125127569646,-112.29128929489227,1.3231523671164425e-05
-74.32639679139277,-112.36621302630856,1.3235379571874262e-05
-74.99447383858578,-112.42009220989274,1.3238513055124912e-05
-75.61596747082716,-112.45458929157405,1.3241011878051268e-05
-76.19015661192999,-112.47125214842204,1.3242964185700146e-05
-76.71637622333307,-112.47151100178945,1.3244455242089614e-05
-77.19401800718747,-112.45667586482598,1.3245564779662544e-05
-77.62253108781344,-112.42793450212876,1.3246365046404307e-05
-78.00142264330115,-112.3863508684701,1.3246919503551169e-05
-78.33025846929199,-112.33286398371641,1.3247282135780969e-05
-78.60866346655699,-112.26828719290427,1.3247497255591822e-05
-78.83632205241149,-112.19330775454738,1.3247599762677975e-05
-79.0129785028907,-112.10848669705064,1.3247615667594248e-05
-79.13843723771363,-112.01425888286902,1.3247562810132785e-05
-79.21256306325958,-111.91093322285413,1.3247451652917408e-05
-79.23528139009112,-111.79869298897364,1.3247286017190052e-05
-79.206578441119,-111.6775961819954,1.3247063724304564e-05
-79.12650146456848,-111.5475759213701,1.3246777063005699e-05
-78.99515896280943,-111.40844083687915,1.3246413084033737e-05
-78.81272094425674,-111.25987545500223,1.3245953676271904e-05
-78.5794192013657,-111.10144058672108,1.3245375511006241e-05
-78.29554761368527,-110.93257373691554,1.3244649843591194e-05
-77.9614624714128,-110.75258956795307,1.3243742307267325e-05
-77.57758281229626,-110.56068046091123,1.324261274748828e-05
-77.14439076336504,-110.35591722657946,1.3241215231163395e-05
-76.66243187905864,-110.13725002455452,1.3239498333650346e-05
-76.13231546898093,-109.90350955210548,1.3237405803945279e-05
-75.55471491173746,-109.65340856492415,1.3234877753731666e-05
-74.93036795599514,-109.38554378943834,1.3231852402428856e-05
-74.2600770158017,-109.09839828125205,1.322826847927061e-05
-73.54470947397392,-108.79034427682797,1.3224068307060577e-05
-72.78519801457948,-108.45964657620486,1.3219201527192581e-05
-71.9825410127017,-108.10446648388454,1.3213629453279196e-05
-71.1378030162651,-107.72286632361079,1.3207329940811974e-05
-70.25211536018435,-107.31281453117006,1.3200302662941255e-05
-69.32667695698773,-106.87219131808817,1.3192574640719101e-05
-68.36275530992616,-106.39879488860832,1.3184205853278286e-05
-67.36168779407058,-105.89034818290642,1.3175294771627932e-05
-66.324883247783,-105.34450611128109,1.3165983592244856e-05
-65.25382391109986,-104.75886323703902,1.3156462980390415e-05
-64.15006773897629,-104.13096185982657,1.3146976164613022e-05
-63.01525110610677,-103.45830044595607,1.3137822127973209e-05
-61.851091906342674,-102.73834234747223,1.3129357670393915e-05
-60.659393033833965,-101.96852474688802,1.3121998106768729e-05
-59.442046215234846,-101.1462677592911,1.3116216308617368e-05
-58.20103614296926,-100.26898361754539,1.3112539742010654e-05
-56.93844483898731,-99.33408585938272,1.3111545182908912e-05
-55.656456156975864,-98.33899842727446,1.3113850672041849e-05
-54.357360308881574,-97.28116458331607,1.312010432386046e-05
-53.0435582790499,-96.15805553248263,1.313096949573378e-05
-51.71756596634455,-94.96717863941555,1.3147105997646236e-05
-50.38201787117832,-93.70608511772431,1.3169146805935839e-05
-49.03967012009649,-92.37237706849258,1.3197669947118129e-05
-47.69340259469386,-90.96371374875679,1.323316515744466e-05
-46.34621990300962,-89.4778169644282,1.327599483502695e-05
-45.00125089824849,-87.91247550965015,1.3326348806685928e-05
-43.661746408929275,-86.26554862129258,1.33841921670097e-05
-42.331074792358145,-84.53496849006152,1.3449205168214462e-05
-41.012714854086795,-82.71874197733392,1.3520713817882779e-05
-39.71024558217841,-80.81495184054764,1.3597609456184045e-05
-38.42733201667662,-78.82175798405979,1.3678255694316022e-05
-37.16770639887239,-76.73739954477024,1.3760381737171201e-05
-35.93514350611042,-74.56019901449702,1.384096434620119e-05
-34.73342875790879,-72.28857011994786,1.3916106890832225e-05
-33.56631725948262,-69.92103185413268,1.3980937534796567e-05
-32.43748141461986,-67.4562319054527,1.4029572472651353e-05
-31.350444089374818,-64.89298377429354,1.4055229318188367e-05
-30.308493569057642,-62.230323079068846,1.4050632568540777e-05
-29.314575810204875,-59.467589839488326,1.400892010749999e-05
-28.371158938584834,-56.60454465556741,1.3925305033524182e-05
-27.480064946995785,-53.641527223266664,1.3799689806859305e-05
-26.642264713966494,-50.57966475346143,1.3640115909652195e-05
-25.857635707963148,-47.42113438159495,1.3466159913377851e-05
-25.124688211696895,-44.16947599689741,1.3310077722650249e-05
-24.440276651053228,-40.829938555781474,1.321213991545278e-05
-23.799327789557037,-37.40982344387745,1.3206825503431219e-05
-23.19463505024484,-33.918765271617524,1.3300922663717074e-05
-22.616782310426515,-30.36887089681338,1.3453951741126957e-05
-22.05426178048012,-26.774633720057686,1.3579744884140155e-05
-21.493829309817464,-23.152565370096813,1.3582363727948632e-05
-20.92109380440882,-19.520545027340948,1.3413481752877487e-05
-20.321276450976477,-15.896963850329467,1.3111353279526838e-05
-19.680024315876977,-12.299806901455476,1.2787460686780605e-05
-18.984146327961394,-8.745835415842068,1.2568635831655683e-05
-18.222166109152607,-5.249997364645437,1.2537544829882563e-05
-17.38464158293189,-1.8251226256103714,1.2707914983423052e-05
-16.464259667687426,1.5181150977437712,1.3037539943638876e-05
-15.455754407291767,4.771036783387081,1.3458499861229711e-05
-14.35571171071635,7.926680385845388,1.3903897180256308e-05
-13.16231882754175,10.979481050619235,1.4322305389669054e-05
-11.875101734838768,13.924962116771862,1.4681147995077026e-05
-10.494677126850435,16.75946741569332,1.4963876786566743e-05
-9.02253225310571,19.479947652745345,1.5165187242871525e-05
-7.460836777815202,22.08380203498498,1.528662100014344e-05
-5.812285666041043,24.56876994427537,1.533337456294248e-05
-4.07996974984594,26.932864790210882,1.5312309436410487e-05
-2.2672700243893473,29.174341760651387,1.5230862643988985e-05
-0.37777206500552996,31.291691959587673,1.509653371201125e-05
1.584802282405905,33.28365671308809,1.49167017688967e-05
3.616647908971514,35.14925725616956,1.469861965475161e-05
5.713915288324031,36.88783639326344,1.4449507055758204e-05
7.872735589121628,38.49910996012936,1.4176715659175443e-05
10.08923192824806,39.98322695657364,1.3887966705539156e-05
12.359516261247595,41.34083802385094,1.3591666757406529e-05
14.679671239971501,42.573172446061406,1.3297289527258727e-05
17.045716466446063,43.68212396450466,1.301576647350089e-05
19.453559022769472,44.6703452692593,1.2759751676583164e-05
21.89892907520958,45.541349898984784,1.2543523002506163e-05
24.37730286362238,46.29961825854596,1.2382178905312458e-05
26.88381758650841,46.95070143970837,1.22897597698568e-05
29.413185548726176,47.50131257617621,1.2276087673512848e-05
31.95961818164422,47.9593910153689,1.2342612279780951e-05
34.51677353225026,48.33412061708189,1.2478394562975836e-05
37.07774248305256,48.63588156178997,1.2658256441255844e-05
39.63508796836351,48.876117098668644,1.284535719747737e-05
42.18094663762835,49.06710429818686,1.2999204500374617e-05
44.707193532655424,49.22163134317424,1.3087297354275051e-05
47.20565871937511,49.35260112952451,1.309568021312657e-05
49.66837342523127,49.47259750783178,1.3033083554603309e-05
52.0878158020586,49.59346092151197,1.2926278785130307e-05
54.45712576281325,49.725920449627786,1.2809100507382709e-05
56.77026483311775,49.879318866084596,1.2710764899281912e-05
59.022108345939046,50.06144972853577,1.2648517401459003e-05
61.20846979820008,50.27850636958296,1.2626341252541806e-05
63.32606726254804,50.53512721145397,1.2638216659865975e-05
65.37244747848825,50.834512933028485,1.2673090768799966e-05
67.34588455786401,51.178588813261584,1.2719239517622327e-05
69.24526830680865,51.56818832104792,1.2766971405397953e-05
71.06999356344164,52.00323937696501,1.2809682257142185e-05
72.8198580122734,52.48294067322487,1.284377648858026e-05
74.49497249507628,53.005920734844246,1.2868028832713208e-05
76.09568524695794,53.57037647780021,1.2882805764391492e-05
77.6225197697033,54.174190802804844,1.2889376002078734e-05
79.0761250676527,54.81503044955527,1.288939532706479e-05
80.4572365177459,55.490426205606475,1.2884568350912673e-05
81.76664554095818,56.19783788427368,1.2876453688193124e-05
83.0051763423978,56.93470647184859,1.2866371106312613e-05
84.17366818996247,57.6984956496115,1.2855374011522258e-05
85.27296194126188,58.48672462146925,1.2844259769551059e-05
86.30388976720039,59.296993884427295,1.2833599060790846e-05
87.26726723825794,60.12700529984827,1.2823772549630519e-05
88.16388712776593,60.97457757422615,1.28150080715983e-05
88.99451444376469,61.837658044106604,1.2807414791815575e-05
89.75988232937023,62.71433148005078,1.2801012770680131e-05
90.46068857464459,63.6028264755278,1.2795757582395595e-05
91.09759256495354,64.50151986355894,1.2791560151992343e-05
91.67121255582762,65.40893950189275,1.2788302313548883e-05
92.18212321616835,66.32376568186224,1.2785848646057474e-05
92.6308534235385,67.24483134279268,1.278405521665249e-05
93.01788433003178,68.17112120940654,1.2782775741904118e-05
93.34364774716583,69.10176991119417,1.2781865680544513e-05
93.60852492529146,70.03605908779757,1.2781184697274739e-05
93.81284582867696,70.97341343120827,1.2780597974826335e-05
93.95688903282728,71.91339556264117,1.277997677284759e-05
94.04088239642466,72.855699588523,1.277919873809985e-05
94.06500468669834,73.80014312604753,1.2778148524850153e-05
94.02938836356385,74.74665753503997,1.277671943489267e-05
93.93412375316552,75.69527604151527,1.2774816814165035e-05
93.77926486303788,76.64611939301254,1.2772364256563584e-05
93.56483710505475,77.59937865234063,1.2769313535887505e-05
93.29084719299749,78.55529472314915,1.2765659140101526e-05
92.95729546129972,79.51413421904415,1.2761457861887315e-05
92.56419080070035,80.47616135204173,1.2756852778572636e-05
92.11156831403348,81.44160564255809,1.2752099330382016e-05
91.59950964978485,82.41062545903237,1.2747588517214581e-05
91.02816576291447,83.38326769516662,1.2743859142627656e-05
90.39778157791099,84.35942429334472,1.2741587887443728e-05
89.70872169458285,85.33878681600153,1.2741544514249803e-05
88.96149590489193,86.3208008219251,1.274450172628061e-05
88.15678292149929,87.30462236190776,1.2751097186347593e-05
87.29545041905725,88.28907937707284,1.2761659849536144e-05
86.37856933694002,89.27264104901717,1.277603197702426e-05
85.4074204683966,90.25339809458292,1.279343532090138e-05
84.38349172739883,91.22905652742291,1.2812435716158532e-05
83.30846515634983,92.19694649528182,1.283104604943297e-05
82.18419366454867,93.15404651194217,1.2846971873869961e-05
81.01266854706141,94.0970219040222,1.2857957061740422e-05
79.7959798522275,95.02227483013307,1.2862147774850285e-05
78.53627245756607,95.92600206831723,1.2858381079450254e-05
77.23570113133323,96.80425612076407,1.2846326896021054e-05
75.89638783397446,97.65300515469437,1.282645929601145e-05
74.52038408067347,98.46818785094631,1.2799884682834772e-05
73.10964045588295,99.24576021566918,1.2768088965664504e-05
71.66598450031013,99.98173260877401,1.2732674238513653e-05
70.19110733702769,100.67219643595772,1.2695140660490267e-05
68.6865586866823,101.3133409678339,1.2656743093586442e-05
67.15374940899302,101.90146149208682,1.2618426433519403e-05
65.59396041301189,102.43296044783786,1.2580826144414914e-05
64.00835667674488,102.90434336602267,1.2544312979478889e-05
62.398005160902926,103.31221140680535,1.2509061073195937e-05
60.763895539300606,103.65325211490318,1.2475123228661289e-05
59.10696285252427,103.92422976957171,1.2442503052767506e-05
57.428111385464476,104.12197643689134,1.2411218493824094e-05
55.72823924860295,104.24338457061846,1.238135522463324e-05
54.0082632935707,104.28540177243882,1.2353110003360257e-05
52.269144109520504,104.24502812015069,1.2326825171271594e-05
50.51191092779196,104.1193163028473,1.2303015211045931e-05
48.73768631094846,103.9053746610244,1.2282385958073405e-05
46.947710522931466,103.60037311024665,1.2265846272896397e-05
45.14336547483196,103.20155182278825,1.2254511355891395e-05
43.32619812069916,102.70623244642009,1.2249696382582442e-05
41.49794314478852,102.11183154837472,1.2252898851983218e-05
39.6605447403659,101.41587588210149,1.2265767983521414e-05
37.816177235143066,100.61601898292551,1.22900599848208e-05
35.967264274059524,99.71005850589124,1.232757852598354e-05
34.11649623088831,98.6959536261055,1.2380101010123212e-05
32.26684549048724,97.57184173129578,1.24492926669717e-05
30.421579227867124,96.33605355165062,1.2536612029379057e-05
28.584269312850335,94.9871257977076,1.2643213374019524e-05
26.75879899379071,93.52381031796898,1.2769853238836504e-05
24.949366063743554,91.94507874900756,1.291680963078079e-05
23.160482289632732,90.25012161667955,1.3083822992143723e-05
21.39696898982665,88.43834086152631,1.3270067817927611e-05
19.663948776516513,86.50933480725739,1.3474161782767169e-05
17.9668336321923,84.46287466982237,1.3694215713400126e-05
16.31130965690536,82.29887181635596,1.3927922111633961e-05
14.703318993454827,80.01733512816247,1.4172671338741338e-05
13.149039594615887,77.61831800098228,1.4425673267481898e-05
11.654863616745349,75.10185473415753,1.4684045957835679e-05
10.227375274656769,72.46788633205122,1.4944810629913263e-05
8.873328926180225,69.7161760974035,1.5204699579385306e-05
7.599627901047422,66.84621589906985,1.545963572624487e-05
6.413304040193157,63.85712476009014,1.570367252057281e-05
5.321496899650656,60.74754263843908,1.5927086266742663e-05
4.331429829533546,57.51552430862291,1.611320173466879e-05
3.4503772349146753,54.158441676169154,1.623347311863199e-05
2.6856125876619,50.67290860812976,1.6240557506819187e-05
2.04431916246877,47.05475190416224,1.606021424294113e-05
1.5334335736182223,43.29906748769252,1.5586275690537832e-05
1.1593742801388114,39.40042492018777,1.469146731380988e-05
0.9275822046844711,35.35331804958582,1.3284075340180834e-05
0.8417707766727974,31.153002934039996,1.1463723890159372e-05
0.9027606312237417,26.7969006396162,9.823662754371298e-06
1.1067956196802116,22.28672525924786,9.793211088293674e-06
1.4433742791682787,17.631328310297516,1.3446545867878967e-05
1.8929764730350114,12.849800251101392,2.1753272751112718e-05
2.4256104099268443,7.973636982986553,3.159560145604701e-05
3.00150640041528,3.046214354212722,3.587145043582041e-05
3.574838196000248,-1.8816359234086812,3.0184313690284625e-05
4.099768071178998,-6.75907335376485,1.8400790509076614e-05
4.536490286506791,-11.542689758918694,8.086344848834415e-06
4.85495005042159,-16.200919836577956,3.048277058326221e-06
5.0355382306284895,-20.714553726141826,2.437465859372878e-06
5.067643976048118,-25.07456283721783,3.905804305759375e-06
4.947390138046621,-29.27899601692172,5.743649396094952e-06
4.675474489764497,-33.330136284315216,7.206087428102137e-06
4.2554948146761,-37.232375608720936,8.14107326618796e-06
3.692791175051193,-40.990815595104486,8.633550955039482e-06
2.993701734862014,-44.61043341028112,8.81753109638339e-06
2.1651073577778477,-48.09563537069494,8.806540272132679e-06
1.214162375666939,-51.45005717254239,8.679467807581887e-06
0.1481387795772844,-54.6765130554168,8.485690297987958e-06
-1.0256638887373932,-57.77703083011665,8.254062088042247e-06
-2.299972749325667,-60.75293364469742,8.000664657004108e-06
-3.6675777902204993,-63.604944743227634,7.734303284934185e-06
-5.121360335622664,-66.3333009518413,7.46003992446731e-06
-6.654319278875987,-68.93786633341209,7.181301764802583e-06
-8.25959765431397,-71.41824085052458,6.901034947048856e-06
-9.93051036022924,-73.77386090610176,6.622246246479335e-06
-11.660572824818841,-76.00408987017954,6.348167303826813e-06
-13.443529860873815,-78.10829749477573,6.082199753620898e-06
-15.273383714484286,-80.0859276661163,5.827748044140435e-06
-17.144420269251125,-81.93655435559519,5.588012147228483e-06
-19.051232447790493,-83.65992596580394,5.365788236844082e-06
-20.98874000626146,-85.25599855318583,5.163307150723995e-06
-22.952205108942074,-86.7249586549436,4.982126792896224e-06
-24.937243271779934,-88.06723665710388,4.823083919802684e-06
-26.93982945657085,-89.28351181240627,4.6863025673360426e-06
-28.95629926664714,-90.37471015022297,4.571251135843113e-06
-30.983345330824196,-91.34199661690012,4.47683692073042e-06
-33.01800905871843,-92.18676284686501,4.401525760755476e-06
-35.057668004343896,-92.91061199790919,4.34347518130096e-06
-37.10001908555288,-93.51534209538002,4.300671360368824e-06
-39.14305787586741,-94.00292932775065,4.27106289890844e-06
-41.18505411574542,-94.37551272833922,4.252687769934482e-06
-43.22452348724855,-94.63538167161553,4.243792783853451e-06
-45.26019556649568,-94.78496761127757,4.242947827748367e-06
-47.290977722466934,-94.82684148937867,4.249158708446998e-06
-49.31591458401088,-94.76371824087721,4.261982141429144e-06
-51.33414257259171,-94.59846978276622,4.281642999259816e-06
-53.34483893151195,-94.33414776973261,4.309144799208298e-06
-55.3471647245798,-93.97401715289638,4.346347676431606e-06
-57.34020150039093,-93.52160109873557,4.395961354930478e-06
-59.322881815692604,-92.98073698593119,4.4613652594449604e-06
-61.29391468947172,-92.35564185402497,4.546133499871985e-06
-63.25170841528876,-91.65098370015713,4.65313479836027e-06
-65.19429503097172,-90.87195236363084,4.783141671182989e-06
-67.11926303172046,-90.02432055292893,4.933075985036339e-06
-69.02370727560978,-89.11448234103835,5.094361125834723e-06
-70.90420681028549,-88.14945411150723,5.252250849352436e-06
-72.75684158851725,-87.13682281678003,5.387181164273613e-06
-74.57725670781628,-86.08462993322158,5.4787469698780455e-06
-76.36077728066037,-85.00118749387882,5.511661041346372e-06
-78.10256870025657,-83.89483444724225,5.48149540868792e-06
-79.79782767163434,-82.77365479086508,5.397300591347687e-06
-81.4419817631892,-81.64518944075158,5.279323143980719e-06
-83.03087220948116,-80.51617768197367,5.152613947068119e-06
-84.56089763918047,-79.3923594339365,5.039554806351987e-06
-86.02910444046445,-78.27835778498526,4.95458752380884e-06
-87.43321987917707,-77.17764624877252,4.90273854358847e-06
-88.77163361989965,-76.0925915819831,4.8813855850760035e-06
-90.0433396503797,-75.02455405077887,4.883530675403591e-06
-91.24785305011547,-73.97402372904354,4.90093085891985e-06
-92.38511521848515,-72.94077279180652,4.926207819000439e-06
-93.45539839465188,-71.92400793374033,4.953817632324942e-06
-94.459216855334,-70.92251212937312,4.980180146496593e-06
-95.39724897505316,-69.93476965587524,5.003357750998916e-06
-96.27027182833476,-68.95907197600793,5.022587426850578e-06
-97.07910830587926,-67.99360458700268,5.037841097843554e-06
-97.8245857088025,-67.03651642608129,5.049485781505325e-06
-98.50750430230839,-66.085974139382,5.05805323625097e-06
-99.12861417702405,-65.14020372384073,5.06410085909792e-06
-99.68859883979731,-64.19752194922623,5.0681381753570065e-06
-100.18806413387806,-63.25635970911274,5.070595871847772e-06
-100.62753130508067,-62.315279131702866,5.071819771496067e-06
-101.00743324713385,-61.37298596091606,5.072077960965871e-06
-101.32811315599805,-60.42833842465756,5.071573750181635e-06
-101.58982499120758,-59.48035355316777,5.070460188827397e-06
-101.79273528075316,-58.52821169837694,5.0688541142207555e-06
-101.93692591664329,-57.571259832587245,5.066848671742008e-06
-102.02239767456861,-56.60901406659747,5.06452413895353e-06
-102.04907425693747,-55.6411617179459,5.061957070395806e-06
-102.01680670765064,-54.667563173869816,5.059228003867489e-06
-101.92537808258976,-53.68825372609072,5.056427938354702e-06
-101.77450828462143,-52.70344550161746,5.053663850507206e-06
-101.56385898817288,-51.71352957215696,5.051063368899378e-06
-101.29303858786386,-50.719078291861415,5.048778739524806e-06
-100.96160710965934,-49.72084788703702,5.046990129375928e-06
-100.56908102260955,-48.71978130060231,5.045908289869061e-06
-100.11493788531166,-47.7170112774279,5.04577651083693e-06
-99.59862075443311,-46.713863663452116,5.046871832448119e-06
-99.01954227353363,-45.71186088114945,5.049505419574274e-06
-98.37708834948988,-44.71272553622862,5.054021951167442e-06
-97.6706213115081,-43.71838410519959,5.060797941602857e-06
-96.8994824344405,-42.730970650608946,5.070238841220487e-06
-96.06299369437353,-41.75283051026669,5.0827747397619305e-06
-95.16045861075774,-40.78652390859972,5.098854495955152e-06
-94.19116201634155,-39.83482944216009,5.118937956183345e-06
-93.15436858465219,-38.90074739682599,5.143485819480986e-06
-92.04931993578347,-37.987502860471025,5.172946411668988e-06
-90.87523013621053,-37.09854860028944,5.2077380940929174e-06
-89.63127940922725,-36.23756767598834,5.248225333431833e-06
-88.31660588220382,-35.40847575462914,5.294685200496474e-06
-86.93029521930542,-34.61542307372669,5.347259158128281e-06
-85.47136802969838,-33.86279595671518,5.405882312459198e-06
-83.93876501074632,-33.155217704629436,5.4701782197241755e-06
-82.33132989705608,-32.49754854823204,5.539301771051441e-06
-80.64779046030361,-31.89488411370506,5.611705320873739e-06
-78.88673807294651,-31.352551484853393,5.684794549765115e-06
-77.04660675823474,-30.87610136561994,5.754432592652847e-06
-75.12565326901537,-30.47129395693627,5.814249671942662e-06
-73.12194066997375,-30.144074816337245,5.854735590560267e-06
-71.03332928511905,-29.900534966120745,5.862165487258153e-06
-68.8574809064033,-29.746846591495473,5.8175997388332235e-06
-66.59188507530226,-29.689161509312942,5.696621123263412e-06
-64.23392028156057,-29.733453894928846,5.4712966068848345e-06
-61.78096817437285,-29.885281451521458,5.117227381390421e-06
-59.23060500642065,-30.149430893887025,4.630271689620713e-06
-56.58090010003243,-30.529406498972353,4.058087281322287e-06
-53.83085253326038,-31.026719896971414,3.546496905926233e-06
-50.98098734606965,-31.639955639203208,3.3812140713962435e-06
-48.034100190283354,-32.3636363912478,3.9658939883224775e-06
-44.99607287758091,-33.18701011265912,5.642735416699907e-06
-41.8765822213467,-34.093027555061624,8.324838816520241e-06
-38.68942543401124,-35.05792073588008,1.1166867295742122e-05
-35.452168048345854,-36.05181408509265,1.2762322700865525e-05
-32.18497333981114,-37.040572372765155,1.2045494674595147e-05
-28.908788602968965,-37.98862476690707,9.165071453764995e-06
-25.643372769295574,-38.86205045011112,5.367395594646496e-06
-22.405726447046142,-39.6310951026907,2.036509762604055e-06
-19.20927142144207,-40.27159509023073,-8.754285829581931e-08
-16.06379206560441,-40.76527305117501,-9.833096150657639e-07
-12.975912906840735,-41.099220305195445,-1.0038567772596707e-06
-9.94982633127041,-41.26497691320362,-5.479643370165377e-07
-6.988047711846983,-41.25753474589997,9.246715038102593e-08
-4.0920736784332865,-41.074449238636916,7.515136104530029e-07
-1.2628986521070162,-40.71513060544208,1.355104313205402e-06
1.498608818992186,-40.18031666426329,1.8817682629901356e-06
4.191448342672661,-39.47169862582413,2.3345174184896678e-06
6.814322423090215,-38.59166305878265,2.7246523472967965e-06
9.365539990134847,-37.543115866107186,3.063870565256366e-06
11.842969773328834,-36.32936049399047,3.3611620828821742e-06
14.244029258407334,-34.95400937230361,3.6221364467792228e-06
16.565698787310698,-33.420913456374294,3.849439792702469e-06
18.804553196885387,-31.734099405712875,4.043566743661131e-06
20.95680538244943,-29.89770750115639,4.203726021501097e-06
23.018357537682935,-27.91592609021444,4.328593412594728e-06
24.984856773762022,-25.792920385063923,4.416864683776112e-06
26.85175253931764,-23.53275500978902,4.4675532500093595e-06
28.614353899102678,-21.139310963299238,4.479988859884543e-06
30.267885412883153,-18.616198777494525,4.453475856536215e-06
31.807541210196362,-15.966670759973395,4.386569131042961e-06
33.228538015008695,-13.193536503527444,4.275931612340855e-06
34.52616950115292,-10.299087569604664,4.114769240004534e-06
35.69586667045751,-7.285039751455883,3.8909482817928165e-06
36.73327222405797,-4.1525050546334645,3.585197180910882e-06
37.63434148683221,-0.9020110725664127,3.1704912473173863e-06
38.39548867066326,2.4664066206317403,2.615151572626928e-06
39.01380518194968,5.953002792406101,1.8946722128987403e-06
39.48738546578848,9.557962797054314,1.0203809388542595e-06
39.815802542559055,13.280825234853811,9.336450901287208e-08
40.00077260428093,17.119628190641805,-6.20677557350291e-07
40.04702164437048,21.069751410696288,-6.44002607685934e-07
39.96329653859521,25.122517113345147,6.070776912281417e-07
39.76333280119263,29.263784822837216,3.4140768789825415e-06
39.46642327796634,33.473004812975546,7.1541967727739575e-06
39.09712783434627,37.72334645198228,1.0165362105851727e-05
38.68379169662235,41.98336396050685,1.0752716057993439e-05
38.25598272231209,46.22008355092705,8.65679481165671e-06
37.84151234819326,50.402658306060424,5.2561199304079764e-06
37.46395110152294,54.50540387166957,2.26405020242737e-06
37.14127059116505,58.50939339503577,5.398290738867217e-07
36.885682348529464,62.40253074574982,5.587619256175458e-09
36.70431705882467,66.17857886148596,1.8045920313625174e-07
36.600278843923114,69.8357535239173,6.180617546647227e-07
36.573723100615375,73.37533376489736,1.0533783125765694e-06
36.62277568634461,76.800513213664,1.3781523833245046e-06
36.74423942759072,80.11554894911244,1.5744137407125436e-06
36.9341023748723,83.32517785713002,1.6625017806859432e-06
37.18788737108554,86.43424128402566,1.6723449896005604e-06
37.5008847830988,89.44745890932079,1.6311421866532783e-06
37.86830351407096,92.36930376066722,1.5597280302870331e-06
38.28536677209899,95.2039429556023,1.4726618626781374e-06
38.74737139529905,97.95521954614637,1.3795138187333578e-06
39.249723598468826,100.62665896823448,1.2862697875704043e-06
39.78795972922147,103.2214893293817,1.196489801458256e-06
40.35775766095926,105.74266865751552,1.112156940763498e-06
40.954942451476526,108.1929148101762,1.0342603005142337e-06
41.57548856912444,110.57473542222124,9.631788948638587e-07
42.21552011858589,112.89045635148449,8.989268831527397e-07
42.871309934469785,115.14224777146661,8.413063969925361e-07
43.53927805005349,117.33214749568786,7.900007545913468e-07
44.215989821294336,119.46208139020251,7.446302241476133e-07
44.898153846527215,121.53388089768323,7.047847905283788e-07
45.58261973943819,123.54929779631107,6.700433186068722e-07
46.26637576666731,125.5100163737646,6.399846927962471e-07
46.9465463383255,127.41766322644487,6.141946249371699e-07
47.620389330938494,129.27381490662634,5.922700241356438e-07
48.28529322200995,131.0800036418218,5.738221835471791e-07
48.93877401969938,132.83772134533262,5.584792655000115e-07
49.57847197756739,134.54842212731535,5.45888436676023e-07
50.20214809138938,136.21352350340692,5.35717683547432e-07
50.8076803817346,137.83440648410533,5.276573009638241e-07
51.393059971818474,139.41241471343545,5.214210645476669e-07
51.956386974809064,140.94885281043648,5.167469856459661e-07
52.49586620823222,142.44498405204376,5.133976630489201e-07
53.00980275542188,143.9020275212563,5.111602323637499e-07
53.49659739521976,145.32115483027263,5.098458721874977e-07
53.95474192150102,146.70348651468444,5.092889732161154e-07
54.38281437376433,148.05008818194716,5.093459356508845e-07
54.779474199154784,149.3619664852823,5.098937170266993e-07
55.14345736505552,150.64006498296567,5.108281491139621e-07
55.47357143994681,151.8852599326634,5.120620869547565e-07
55.76869065872862,153.09835606112347,5.135234557585022e-07
56.027750987255935,154.28008234113335,5.151532129765712e-07
56.24974519954985,155.43108780022888,5.169033465701744e-07
56.43371798010745,156.5519373791955,5.187348401936021e-07
56.57876106301227,157.64310785294893,5.206157178694326e-07
56.68400841920423,158.70498382193114,5.225191570534804e-07
56.748631503351945,159.73785377872315,5.244216849664696e-07
56.77183457232305,160.74190625218336,5.263014555279e-07
56.752850088304854,161.7172260300973,5.281366690645939e-07
56.690934221220246,162.66379046111066,5.299040315431824e-07
56.58536246724177,163.5814658376639,5.315773707881277e-07
56.435425402956696,164.47000386380773,5.331262902252831e-07
56.24042459810394,165.32903821522265,5.345150047020297e-07
55.99966871381178,166.15808120356036,5.35701190740312e-07
55.71246981792958,166.95652056344673,5.366350230850969e-07
55.378139954377,167.72361638819612,5.372583249396712e-07
54.995988009422156,168.4584982495466,5.375038987232017e-07
54.56531692442173,169.16016254756298,5.37295099301005e-07
54.08542131175285,169.82747014926582,5.365456803296809e-07
53.555585538344346,170.45914438847225,5.351600553815672e-07
52.97508234922412,171.05376951464464,5.330340147047252e-07
52.3431721116257,171.60978969500573,5.300560763643603e-07
51.65910276814305,172.12550869143485,5.261095896713641e-07
50.92211059479489,172.59909035119827,5.210757065832183e-07
50.13142186615424,173.0285600676872,5.148373842800424e-07
49.2862555342882,173.41180738312792,5.072844970754886e-07
48.38582703038712,173.74658991854602,4.983201082886524e-07
47.429353296770216,174.03053882572388,4.878678474540266e-07
46.41605915146565,174.26116595986645,4.7588028539991e-07
45.3451850767469,174.43587296838274,4.6234787109966646e-07
44.215996505832926,174.55196247866465,4.473080466027568e-07
43.02779465748582,174.60665154407718,4.3085371892459534e-07
41.77992893572747,174.5970874708052,4.1314022691807395e-07
40.47181087095164,174.52036609734827,3.943896809133207e-07
39.10292952943517,174.37355253258235,3.7489149029568125e-07
37.67286826141821,174.15370427759993,3.5499794481808067e-07
36.18132259510229,173.8578965623927,3.351139312712803e-07
34.62811901758602,173.48324962369423,3.156801957615585e-07
33.01323431733672,173.02695753939852,2.9715028215804296e-07
31.336815100557377,172.48631812395766,2.799619824855881e-07
29.599197040684388,171.85876328550725,2.645049086424933e-07
27.800923381491803,171.1418891576459,2.510868393201804e-07
25.942762194986692,170.33348525565341,2.399018326215696e-07
24.02572189985422,169.43156187684534,2.310036038011276e-07
22.051064577758723,168.43437497469915,2.2428743307045806e-07
20.02031668460698,167.34044779093009,2.194832084967402e-07
17.935276840984873,166.1485886302448,2.1616121514966835e-07
15.798020497034361,164.85790430672108,2.137508836597135e-07
13.610901396370291,163.46780897243627,2.115713613193293e-07
11.376549903625811,161.9780282482952,2.0887151386261849e-07
9.097868401905775,160.38859880133342,2.048762155482109e-07
6.778024100307519,158.69986373766235,1.9883541391152448e-07
4.420439708493716,156.91246439072202,1.9007268470261351e-07
2.0287825268496187,155.0273292664128,1.7803074570110766e-07
-0.39304743959391064,153.04566104763163,1.6231207844441542e-07
-2.8409297122219734,150.9689226510056,1.427138869303235e-07
-5.310535299802622,148.79882336148808,1.192571001951137e-07
-7.797337830456662,146.5373060422851,9.220932106757118e-08
-10.2966233910554,144.18653632741237,6.210163761011245e-08
-12.803498742768088,141.7488945534577,2.9737892148773426e-08
-15.312897747444561,139.22697097915582,-3.805460835337726e-09
-17.819586034747985,136.62356458110776,-3.719265961876772e-08
-20.318164158712587,133.941685408003,-6.885980141646542e-08
-22.803069727117915,131.18456013271523,-9.706922554642006e-08
-25.268579227609344,128.3556400732195,-1.1999206250834504e-07
-27.708810507342097,125.45861057493391,-1.3582214108964763e-07
-30.117727070509535,122.49740027941282,-1.429204754543889e-07
-32.48914551854564,119.47618847374908,-1.3998347014876344e-07
-34.81674754540246,116.39940845391965,-1.2622081690949472e-07
-37.094097887363745,113.27174468056906,-1.015201274157107e-07
-39.314669486703835,110.09812149589489,-6.656904005808428e-08
-41.47187684013913,106.88368134043654,-2.290208911404079e-08
-43.55911805680696,103.63375078345497,2.7156639603731492e-08
-45.56982555405878,100.35379326691437,8.067204682049578e-08
-47.4975246023015,97.04934824215627,1.3439517232427534e-07
-49.335898146019126,93.72595730141167,1.851505029293321e-07
-51.078855551987,90.38907889439432,2.3026150053340189e-07
-52.720602256336214,87.04399417044873,2.6794549690123404e-07
-54.255706789507556,83.69570728481251,2.9760793829325394e-07
-55.679161427892964,80.34884404534776,3.199811846599232e-07
-56.986432799178594,77.0075529705394,3.3708423785583363e-07
-58.173499160442155,73.67541263873484,3.5201739834178625e-07
-59.236871734646094,70.35534864059933,3.686412455294885e-07
-60.17359835319135,67.04956255878795,3.9121210626547054e-07
-60.981248603325014,63.75947428641443,4.2405179456750375e-07
-61.65788060337753,60.48567777476706,4.7131792335619593e-07
-62.201990318376545,57.227909085757055,5.369184119530246e-07
-62.6124448989334,53.98502451049405,6.245873560573045e-07
-62.88840182421397,50.75498556296632,7.381161388764212e-07
-63.029215634648644,47.53484688755946,8.81717937772919e-07
-63.034333758661674,44.32074251206772,1.0604943874170658e-06
-62.90318239545052,41.1078653816752,1.2809652467637989e-06
-62.6350426465073,37.8904346481862,1.551602888838488e-06
-62.22891612639327,34.661644674472186,1.8832608574825827e-06
-61.68337816039441,31.41358906048682,2.2892546951425174e-06
-60.996415430912826,28.137152141380678,2.7845519134928054e-06
-60.165243636732406,24.82185935195383,3.3828618484221806e-06
-59.186099551387706,21.45567675163828,4.0889702681568e-06
-58.054001235233095,18.024749376452412,4.880571346177476e-06
-56.76247109557131,14.513069267794675,5.667370608364308e-06
-55.303221389864476,10.902070231080272,6.202288133749789e-06
-53.66581607822637,7.170165021626455,5.896616954714773e-06
-51.83735884621734,3.2922885105823134,3.463619908217197e-06
-49.80234115472618,-0.7603757697908712,-3.651430063200678e-06
-47.542970609332514,-5.020052526164432,-1.967895587284829e-05
-45.040684045731346,-9.520449293183217,-4.84862380680795e-05
-42.280227055038054,-14.291333063284027,-8.168420617238326e-05
-39.25842732309301,-19.34662125407554,-6.957695649845164e-05
-35.998982935862394,-24.664035877460453,7.130499914609345e-05
-32.56823568972438,-30.16309114983575,0.00026441970102908385
-29.075188543571716,-35.70448412672654,0.00021450644071663305
-25.64199549845968,-41.13011474653276,-2.770461663104129e-05
-22.363231816630005,-46.31869430888938,-0.00016857844402906608
-19.28756523038073,-51.210628712263,-0.0001815844903667596
-16.42605591265304,-55.79643458912155,-0.00015591367010259205
-13.768695890026967,-60.094076926802146,-0.00013443663169709907
-11.296910865475573,-64.13203280445792,-0.00012323021942961532
-8.99030748300169,-67.94030657706274,-0.00011883821892411106
-6.829628669735664,-71.54661978520126,-0.00011784789997193457
-4.797769616679201,-74.97520800380717,-0.00011828661339663427
-2.8799309179874633,-78.24675045870738,-0.00011920066307169463
-1.063435281064973,-81.37872142780705,-0.00012017736178293603
0.6625572131570665,-84.38585226900291,-0.00012106003202561055
2.3073383348724548,-87.28057993540001,-0.00012180458008614892
3.878910090226064,-90.07344000602727,-0.0001224125563048517
5.384203163117949,-92.77339635591497,-0.00012290140691817442
6.829256694192404,-95.38811250044817,-0.00012329193569371455
8.219364185124435,-97.92417355216118,-0.0001236034733977931
9.559190965075098,-100.38726800690714,-0.000123852380685463
10.85286821596093,-102.78233755800605,-0.00012405191235487223
12.104067785593731,-105.11370179204083,-0.00012421257483197223
13.316061235672338,-107.38516332354152,-0.00012434260837324018
14.49176589130712,-109.6000977969518,-0.00012444844893977347
15.633780113007994,-111.76153223658397,-0.00012453512161236802
16.74440960035868,-113.87221443303073,-0.00012460655810997423
17.825686246694413,-115.93467538148917,-0.0001246658458100569
18.87938088046889,-117.951286199356,-0.00012471542003567038
19.90701113523658,-119.9243104203982,-0.00012475721115556837
20.909845668707923,-121.85595207416733,-0.00012479275640231435
21.88890598203702,-123.74839950741749,-0.00012482328441620893
22.84496714929921,-125.60386449723643,-0.0001248497785972802
23.778558825290197,-127.42461586409598,-0.000124873024109462
24.6899679246782,-129.21300654815172,-0.00012489364242185275
25.579244323225243,-130.97149300064208,-0.0001249121166573275
26.44621079174832,-132.70264579908928,-0.0001249288107505464
27.290478114987373,-134.4091506435364,-0.0001249439852610834
28.111465966420557,-136.09379933276114,-0.00012495781233567982
28.908429624043187,-137.75947092579412,-0.00012497039172032487
29.68049206252848,-139.40910400380267,-0.00012498176879027767
30.426680405362067,-141.0456616711012,-0.00012499195436710409
31.145965238606067,-142.67209156738454,-0.00012500094508993698
31.83730094529378,-144.29128360620228,-0.0001250087420885393
32.499665068136395,-145.9060283323637,-0.00012501536596865037
33.13209477121394,-147.51897867051673,-0.00012502086627463882
33.73371873710239,-149.13261743529353,-0.00012502532467717486
34.30378326100235,-150.74923235254988,-0.00012502885228560245
34.84167182223076,-152.3708995951736,-0.00012503158227161748
35.3469179520499,-153.99947607068415,-0.00012503365966232138
35.81921170745079,-155.6366000070025,-0.00012503523027351804
36.2584004525003,-157.28369883783364,-0.0001250364305054319
36.66448491431317,-158.94200302762286,-0.00012503737920610547
37.03761161456936,-160.61256430285778,-0.00012503817233611159
37.37806279323582,-162.29627675027268,-0.00012503888046389022
37.68624486411593,-163.99389936551844,-0.00012503954886344815
37.96267630230359,-165.7060788440023,-0.0001250401995189776
38.20797569099217,-167.4333716566315,-0.00012504083441555736
38.422850474139935,-169.17626471209505,-0.0001250414393956234
38.60808679048401,-170.93519414871813,-0.0001250419880785003
38.76454061486755,-172.71056200724962,-0.0001250424453447252
38.893130310483635,-174.50275070402324,-0.00012504277025637833
38.9948306016321,-176.31213535094875,-0.00012504291821002766
39.070667909095924,-178.13909405810173,-0.00012504284240399954
39.12171694571005,-179.9840164119521,-0.00012504249460310035
39.1490984438452,-181.84731035401978,-0.0001250418253935237
39.15397787507463,-183.72940769737318,-0.00012504078395281226
39.13756502135707,-185.6307685175958,-0.00012503931753649056
39.10111426339546,-187.55188464539353,-0.00012503737066804632
39.045925462837594,-189.49328247362928,-0.00012503488422943576
38.97334532873589,-191.4555252750567,-0.00012503179435707779
38.88476917380645,-193.43921521036592,-0.00012502803131120288
38.78164298161359,-195.44499519070638,-0.0001250235182048698
38.66546572130846,-197.4735507454654,-0.00012501816967969148
38.537791861697016,-199.52561203527168,-0.00012501189041191907
38.40023405112766,-201.60195614222184,-0.00012500457347730531
38.25446594403553,-203.70340976432607,-0.00012499609844240922
38.10222516911567,-205.83085243918526,-0.00012498632917434804
37.94531644823384,-207.98522042297884,-0.00012497511120290739
37.78561488957472,-210.16751135500962,-0.00012496226858704773
37.62506949343758,-212.37878984542226,-0.00012494760011616535
37.465706924793764,-214.62019413444727,-0.00012493087477505327
37.30963562347905,-216.89294398587373,-0.00012491182630203213
37.15905034094565,-219.1983499957396,-0.00012489014684291533
37.01623721202876,-221.5378245198418,-0.00012486547965373518
36.883579491284586,-223.91289445102984,-0.00012483741110003166
36.76356410605832,-226.32521610973873,-0.00012480546236659507
36.65878920218417,-228.77659254905515,-0.0001247690820864733
36.571972882252076,-231.26899361861078,-0.00012472764176507667
36.505963359009975,-233.80457917877075,-0.00012468043772528858
36.46375076460064,-236.38572590544933,-0.00012462670611057547
36.448480864480906,-239.01505817127352,-0.0001245656620394442
36.46347091357819,-241.6954835208534,-0.00012449658204083391
36.512227845396175,-244.43023325859986,-0.00012441896197223912
36.598468875155184,-247.222908604864,-0.00012433280380719225
36.72614437982849,-250.07753269430637,-0.0001242391194296033
36.89946251425305,-252.9986082928521,-0.00012414079236933162
37.12291430476342,-255.99118033106086,-0.00012404401588739233
37.4012967157312,-259.06090091121246,-0.00012396062347974635
37.73972905546608,-262.2140918697005,-0.00012391170898062853
38.14365449759318,-265.457795480565,-0.00012393286086087585
38.618812522088376,-268.7997962013935,-0.0001240807075522099
39.17115833297542,-272.24858353218,-0.00012443827020192089
39.806689876786685,-275.8132053285575,-0.00012511063111020349
40.531119923538945,-279.50292917425526,-0.00012618897905980475
41.3492993218069,-283.32658542548444,-0.0001276383238462131
42.26426418352974,-287.29141666886085,-0.0001290494056824798
43.275768717614206,-291.40123632131355,-0.00012927371687609934
44.3782374999538,-295.65378571135847,-0.0001263243200604336
45.55833011942685,-300.0375171600228,-0.00011857011002902595
46.792833413197634,-304.52873033248034,-0.00010783679202575058
48.04819636158289,-309.0908089836005,-0.00010120385764977868
49.28302297224764,-313.677330227862,-0.0001055563611807031
50.45353620649461,-318.2390841247838,-0.00011904897739967168
51.52001239961752,-322.7323366502474,-0.00013290626869277844
52.45142666529135,-327.12465943018844,-0.0001409855892156031
53.22691951499286,-331.3965140921898,-0.00014321788050608575
53.83466591058535,-335.5394305878045,-0.0001422836178655018
54.269589599304275,-339.55274437327716,-0.00014045732131151567
54.53106867120136,-343.4404191971622,-0.00013883584393781234
54.621147164447024,-347.2086148086717,-0.00013771447632038303
54.54332674741177,-350.8640677781916,-0.00013704396075198133
54.301827872023274,-354.4131158085458,-0.0001366868121799314
53.90117659500469,-357.86116183143326,-0.0001365171121925357
53.345997870061936,-361.2124147346425,-0.00013644484478447794
52.64093129160923,-364.46979520020267,-0.0001364132051655531
51.79061456060843,-367.6349366148819,-0.00013638971779172948
50.79970049267081,-370.70823935589607,-0.00013635811933809805
49.672886719757365,-373.6889545757777,-0.0001363124699906848
48.41494556785801,-376.57528422837277,-0.00013625322219468217
47.030746734469034,-379.364490112717,-0.00013618464280185094
45.52526858680108,-382.05300794523623,-0.00013611307498706537
43.90359594373614,-384.636564039504,-0.00013604569622671647
42.17090356688257,-387.1102927815701,-0.00013598957368543552
40.33242554244042,-389.46885317260063,-0.00013595092064377923
38.39341143563887,-391.7065425399395,-0.00013593452216298374
36.35907061910148,-393.8174052636777,-0.0001359433325660575
34.23450654995705,-395.7953341375463,-0.00013597826224298615
32.02464301144657,-397.63416184971635,-0.00013603817186336187
29.734144449781645,-399.32774007339145,-0.00013612008609698023
27.36733253508538,-400.87000382357587,-0.00013621963207199883
24.928100974772008,-402.2550190797969,-0.00013633170654614446
22.41983044258159,-403.4770122088642,-0.00013645138604800877
19.845305313048975,-404.53038047317193,-0.0001365751241308999
17.20663379838847,-405.4096839362876,-0.00013670233379059482
14.505173210691002,-406.1096204975685,-0.0001368375359760421
11.741462632300868,-406.6249878277857,-0.00013699335557504355
8.91516661093817,-406.9506390442281,-0.0001371947173467447
6.025036142955247,-407.0814437511495,-0.00013748447612371706
3.0688980185516535,-407.01227371770057,-0.00013792997584971545
0.04369187690411264,-406.738044736507,-0.00013862760010141528
-3.05441209907111,-406.2538656039917,-0.0001396959546866583
-6.229760848258413,-405.5553745905164,-0.00014123401508214783
-9.486747613985283,-404.6393847153487,-0.00014319566409426443
-12.829003753725715,-403.50500601891366,-0.00014511100901515306
-16.258112112982168,-402.15543950157485,-0.00014564804396854925
-19.771741474979258,-400.60057223305597,-0.00014236211739060423
-23.361300247126696,-398.8602118588335,-0.00013273914206024529
-27.00966250699738,-396.96714587831605,-0.00011766839015692199
-30.690139904523654,-394.9683338687465,-0.0001047956092357083
-34.368101395802405,-392.9222388687112,-0.00010421395189652571
-38.0056778501502,-390.8917130459916,-0.0001171816336267284
-41.5680014163933,-388.93470935585117,-0.00013412932116452225
-45.02821233222693,-387.09682547879385,-0.0001456946918807489
-48.36941039945185,-385.40831691557196,-0.00014988314774200262
-51.58376829595239,-383.88527583412684,-0.00014942058609079822
-54.670209412793916,-382.5329550150409,-0.0001473238712357272
-57.63193734579079,-381.34936813505414,-0.00014526225351119137
-60.47446148283134,-380.3282153644343,-0.00014378940386450267
-63.204250048243985,-379.4609237916645,-0.00014291966491697394
-65.82790664650689,-378.73793753220434,-0.00014249991724568645
-68.35171386250803,-378.1494745630001,-0.0001423695703230976
-70.78141022485623,-377.68593930730293,-0.0001424071857414333
-73.12210598023287,-377.33812639684976,-0.00014253268020247845
-75.37827683901227,-377.0973038337988,-0.0001426973117588659
-77.55379867597622,-376.9552299572662,-0.00014287317628358664
-79.65200152358615,-376.9041365538147,-0.00014304527254793697
-81.67573059871383,-376.9366967552682,-0.00014320621439445347
-83.62740768208208,-377.04598811424466,-0.00014335292957312618
-85.50908940239404,-377.22545637361696,-0.0001434846817165436
-87.32252081106247,-377.4688826164301,-0.00014360192186835263
-89.06918364868899,-377.77035487208286,-0.0001437056419408833
-90.75033924775849,-378.12424436384924,-0.00014379702428435337
-92.3670662915535,-378.5251861141709,-0.00014387726229081466
-93.9202937759003,-378.96806340085266,-0.0001439474773485827
-95.41082956647651,-379.44799547479096,-0.0001440086882649183
-96.83938494893782,-379.96032794637074,-0.00014406180775594635
-98.20659555374245,-380.5006252867047,-0.00014410765148387128
-99.5130390139976,-381.06466494993896,-0.00014414695169850944
-100.75924968896396,-381.6484326912818,-0.00014418037116570304
-101.94573076087833,-382.24811872486714,-0.000144208515487243
-103.07296398960108,-382.86011443185845,-0.00014423194289125973
-104.14141738847984,-383.48100939004195,-0.0001442511715525896
-105.1515510655442,-384.1075885504334,-0.0001442666846243057
-106.10382145636065,-384.7368294337175,-0.00014427893342450204
-106.99868415822465,-385.36589925969236,-0.00014428833924018392
-107.83659555954625,-385.99215195659974,-0.00014429529420123544
-108.61801344307564,-386.6131250247708,-0.00014430016157618297
-109.34339672687288,-387.22653625096046,-0.0001443032757988405
-110.0132044925841,-387.83028028670503,-0.00014430494245321057
-110.6278944366234,-388.42242511664153,-0.00014430543838783727
-111.18792086630225,-389.0012084515899,-0.00014430501202022938
-111.69373234983628,-389.5650340869095,-0.00014430388393882332
-112.1457691165511,-390.11246826975344,-0.0001443022477303213
-112.54446029155784,-390.6422361198498,-0.00014430027108613963
-112.89022103772331,-391.1532181478042,-0.00014429809709182173
-113.18344966695406,-391.6444469130218,-0.00014429584567787757
-113.42452477267034,-392.11510386055375,-0.0001442936151636598
-113.61380242586485,-392.5645163727591,-0.0001442914838395426
-113.75161346831376,-392.99215506789807,-0.00014428951150452507
-113.83826092829995,-393.39763137383557,-0.000144287740936222
-113.87401757658165,-393.78069540110107,-0.00014428619926801223
-113.85912363323551,-394.1412341357568,-0.00014428489913806408
-113.79378462935503,-394.47926996897775,-0.0001442838397198165
-113.67816942132087,-394.7949595770279,-0.00014428300749119716
-113.51240834939442,-395.0885931624935,-0.00014428237677219236
-113.29659152663609,-395.36059406526175,-0.00014428191004350888
-113.03076723852455,-395.61151874986183,-0.00014428155800361164
-112.71494042806205,-395.84205717445144,-0.00014428125936283287
-112.34907123550053,-396.0530335459889,-0.00014428094039820039
-111.9330735560239,-396.24540746601144,-0.00014428051427273214
-111.46681357268224,-396.4202754720048,-0.00014427988012077897
-110.95010821550795,-396.57887298064315,-0.00014427892191792857
-110.38272349096972,-396.72257664126124,-0.0001442775071578417
-109.76437261866536,-396.85290711084497,-0.00014427548535156376
-109.0947139043562,-396.97153226564495,-0.0001442726864451238
-108.37334827006421,-397.08027086924915,-0.00014426891913332796
-107.59981635297613,-397.1810967225873,-0.00014426396927147422
-106.77359507536605,-397.2761433277936,-0.00014425759849512332
-105.89409357777325,-397.3677091049189,-0.00014424954332215023
-104.96064839749091,-397.4582632077642,-0.00014423951519759726
-103.97251776445721,-397.5504519918961,-0.00014422720213413953
-102.92887487761101,-397.6471061930373,-0.00014421227302907624
-101.82880001785617,-397.751248875594,-0.00014419438636892323
-100.6712713508552,-397.8661042060875,-0.00014417320595327965
-99.45515427693384,-397.995107089991,-0.00014414842780396953
-98.1791892011066,-398.1419136756636,-0.00014411982452955385
-96.84197763093762,-398.31041266451575,-0.00014408731680237707
-95.44196657496703,-398.50473725508937,-0.0001440510864165745
-93.97743132726384,-398.72927736424026,-0.0001440117521251949
-92.44645691120729,-398.9886914713442,-0.00014397063841009583
-90.8469187588978,-399.28791696144685,-0.00014393017790759188
-89.17646368374733,-399.6321771107439,-0.00014389449724561132
-87.4324929553984,-400.02698173008736,-0.0001438702350267107
-85.61215044331723,-400.47811676769936,-0.0001438676073473033
-83.7123205485183,-400.9916156038734,-0.00014390162328759004
-81.7296432439099,-401.5737009992782,-0.00014399306306422943
-79.66055728876455,-402.2306812836192,-0.0001441681968668007
-77.50138782863938,-402.96877706566204,-0.0001444550132774225
-75.24850112248355,-403.7938455983964,-0.00014487183213773847
-72.89855623147534,-404.71096022062574,-0.00014540228342951877
-70.44888850488672,-405.7237959493918,-0.00014595189822408372
-67.89805654119557,-406.8337781373153,-0.00014629400829946348
-65.24656205404943,-408.0389848590977,-0.0001460475991326149
-62.49769623478625,-409.3328759795367,-0.0001447817040638455
-59.65836830650225,-410.70306432662653,-0.00014233863828749804
-56.73965214804314,-412.1305173512987,-0.0001392701089564241
-53.75671843625093,-413.58967516552053,-0.00013691545878913303
-50.727912605137014,-415.0498349719352,-0.00013667302516040536
-47.673039553114656,-416.47771612912015,-0.00013890184569476105
-44.61129022590794,-417.84057732516067,-0.0001426215566873168
-41.55942827734819,-419.10898808300857,-0.00014634380028510918
-38.53070177481859,-420.25857158769116,-0.00014906153993976545
-35.53458738753688,-421.27054802195136,-0.0001505450612206971
-32.57717114908894,-422.1313471067722,-0.00015105924984126773
-29.661859814938506,-422.83172338226285,-0.0001509945855566741
-26.79016507424955,-423.3657446860938,-0.00015066428159471457
-23.962408549731826,-423.729876097222,-0.00015025769162591018
-21.178287558977456,-423.92225030494563,-0.00014986555493123888
-18.437297522082215,-423.9421342057548,-0.0001495187255748931
-15.739031899643662,-423.78956405078725,-0.00014921805675172095
-13.083386901392627,-423.4651107093704,-0.00014895242424728394
-10.470695851455252,-422.96973862746364,-0.00014870804179523134
-7.901812875860515,-422.304728547397,-0.00014847265045148106
-5.378160265431053,-421.4716410319002,-0.00014823706645827883
-2.901749490510647,-420.47230379284514,-0.0001479955014858092
-0.47518260325582345,-419.30881044158815,-0.00014774536135320204
1.8983614657231953,-417.9835217015874,-0.00014748683573984067
4.215152639418688,-416.4990626321499,-0.00014722239746234322
6.470945216099861,-414.85831127042053,-0.0001469562486775544
8.661021360793457,-413.0643755162743,-0.00014669372677644787
10.780240885199591,-411.12055620937315,-0.00014644068670577326
12.823095601236533,-409.03029527511643,-0.00014620289013222987
14.783766416169849,-406.79710860404225,-0.00014598544919408596
16.656181210366857,-404.424504010514,-0.00014579238824907748
18.43407146822391,-401.91588521370693,-0.00014562640134840876
20.111025682786106,-399.2744433230431,-0.00014548889815557686
21.680537794781703,-396.5030378373581,-0.00014538045396150778
23.136049444687995,-393.60406976937054,-0.00014530181620742155
24.470985736702936,-390.5793503426498,-0.00014525568325751692
25.678785729666426,-387.42997005158645,-0.00014524955936323636
26.75293129433346,-384.1561751857786,-0.00014530007571522674
27.686981814214864,-380.75726294860584,-0.00014543912717002172
28.474628256168124,-377.23151323025746,-0.0001457216383293769
29.109789588352733,-373.5761867082874,-0.00014623280480208223
29.586788964924306,-369.7876376713921,-0.00014708721254663715
29.900668112665002,-365.8616184089388,-0.00014839988600812148
30.0477259417159,-361.7938909501916,-0.00015018783381748335
30.02639557201452,-357.58130441866797,-0.0001521432394895328
29.838581149159708,-353.2235144286034,-0.000153274899400202
29.491510208409423,-348.72544521872715,-0.00015170572972067475
28.999932296615807,-344.1003057764623,-0.0001454861682610442
28.38804586077989,-339.37237251593706,-0.00013517784010019795
27.69000636716378,-334.57802337022963,-0.00012612885831941867
26.947804798003695,-329.7633822232332,-0.0001252467015682157
26.206332505494533,-324.97826844869223,-0.00013342118223391708
25.50721864329403,-320.26850313182433,-0.00014444204373020852
24.88394378334095,-315.6698590135812,-0.00015216850928112535
24.359793973040528,-311.20569509901384,-0.0001551376802630955
23.948448888203732,-306.8879669285744,-0.00015499928930040596
23.65598333509571,-302.71997971103946,-0.0001537081929292583
23.483133702635968,-298.69937971085875,-0.00015239764989516402
23.427211692756188,-294.8206018460334,-0.0001514689204711317
23.48349555405362,-291.0765852504929,-0.0001509494845493009
23.64615355305012,-287.45985607598664,-0.00015074162211803355
23.908820080515028,-283.9631526067192,-0.00015073595642078885
24.264937874673628,-280.5797502296346,-0.00015084751261085216
24.707951929844196,-277.3036017921951,-0.0001510194281095778
25.231413281518062,-274.12937007518246,-0.0001512168566044636
25.829030041643843,-271.05240052220125,-0.00015141983882216437
26.49468883830087,-268.0686633365107,-0.0001516176958702431
27.22246062034095,-265.1746820594267,-0.00015180520984614532
28.00659902376058,-262.3674584267519,-0.0001519802115801383
28.841535950430373,-259.64439893284816,-0.00015214213248526676
29.721876857859282,-257.00324596980425,-0.00015229117251003288
30.642396970656918,-254.4420149288922,-0.0001524278453572947
31.598038868117154,-251.95893781021672,-0.0001525527474779409
32.58391147257773,-249.5524134175026,-0.00015266645518430266
33.59529023362364,-247.2209639598573,-0.00015276949210907276
34.62761819601843,-244.96319774802268,-0.00015286233204747646
35.676507606291175,-242.77777760519263,-0.0001529454171098621
36.737741724060065,-240.6633945812984,-0.00015301917958510103
37.80727654038924,-238.61874654781803,-0.00015308406132064079
38.88124215456478,-236.64252124866798,-0.00015314052791204347
39.95594361476792,-234.73338338708106,-0.00015318907668770976
41.02786108213338,-232.8899653365243,-0.00015323023883162534
42.09364922836841,-231.11086107484482,-0.0001532645765642826
43.15013582249543,-229.3946229546855,-0.00015329267655150858
44.19431950127724,-227.7397609396868,-0.0001533151407810962
45.22336675003164,-226.14474395495668,-0.00015333257617555773
46.234608145840035,-224.6080030215245,-0.00015334558378299334
47.22553393392593,-223.12793586764715,-0.0001533547485434994
48.19378902076562,-221.7029127344719,-0.0001533606300467838
49.13716747497853,-220.33128311917056,-0.00015336375482188913
50.0536066299846,-219.01138322472232,-0.00015336461028692128
50.94118088159184,-217.74154391151836,-0.00015336364040585693
51.79809526985475,-216.52009897141485,-0.00015336124309861532
52.62267892844425,-215.34539356935747,-0.0001533577691557042
53.41337847705183,-214.21579272089323,-0.00015335352254197687
54.16875142359647,-213.12968969551534,-0.0001533487618470275
54.88745963371619,-212.08551425566202,-0.0001533437026584039
55.568262915625276,-211.08174065920488,-0.00015333852062671127
56.21001275924639,-210.11689536936697,-0.00015333335502809575
56.811646259850626,-209.18956443021912,-0.00015332831264025515
57.37218024846003,-208.29840047826983,-0.00015332347177099415
57.890705644129525,-207.4421293712841,-0.00015331888628811186
58.36638203702177,-206.6195564244517,-0.00015331458961709288
58.79843250597142,-205.82957225151006,-0.00015331059851875217
59.186138670020995,-205.07115821454434,-0.00015330691670811802
59.52883597019237,-204.34339149107538,-0.00015330353816978004
59.82590917550371,-203.6454497708307,-0.00015330045023531635
60.07678810590928,-202.97661559739245,-0.00015329763635518745
60.28094356437289,-202.336280371831,-0.0001532950785729792
60.43788347062495,-201.72394803654498,-0.00015329275975251022
60.54714919023378,-201.13923845790825,-0.00015329066551594828
60.608312054380285,-200.58189052601273,-0.0001532887859517773
60.62097006809762,-200.05176498882818,-0.0001532871170556449
60.58474480766572,-199.5488470364818,-0.000153285662023106
60.499278511276806,-199.07324864909268,-0.0001532844323065552
60.36423137096187,-198.62521071865996,-0.00015328344849863118
60.17927903803971,-198.20510495187327,-0.00015328274109283058
59.94411035897687,-197.8134355563564,-0.00015328235103873045
59.658425363482756,-197.4508407077341,-0.0001532823302089481
59.32193353186943,-197.11809378899326,-0.00015328274163972644
58.934352374131734,-196.81610438686522,-0.00015328365966360558
58.495406358801,-196.5459190223696,-0.00015328516980983586
58.00482623533357,-196.30872158423762,-0.0001532873684928493
57.46234879953845,-196.1058334247002,-0.00015329036238953542
56.8677171572342,-195.9387130671489,-0.00015329426749244313
56.22068154683608,-195.80895546456267,-0.0001532992077160067
55.52100078676264,-195.7182907364952,-0.0001533053129971762
54.76844441823665,-195.6685823010598,-0.0001533127167876458
53.962795618015335,-195.66182430701605,-0.0001533215528053411
53.10385495855764,-195.7001382601238,-0.00015333195099742625
52.191445094813126,-195.78576872783555,-0.0001533440325771629
51.22541645684885,-195.92107799767868,-0.00015335790412818184
50.205654025529796,-196.1085395579547,-0.00015337365070422493
49.132085264020496,-196.350730265339,-0.00015339132796210464
48.00468927055425,-196.65032106334417,-0.00015341095346110833
46.82350720730308,-197.01006611918316,-0.00015343249727983732
45.58865404589422,-197.43279025509185,-0.0001534558722235957
44.30033165184213,-197.92137456434384,-0.00015348092398603796
42.95884320768616,-198.47874012260024,-0.00015350742175357368
41.56460894786952,-199.10782973228717,-0.00015353504966242326
40.11818314746161,-199.81158767156154,-0.00015356339981664746
38.62027227200842,-200.5929374599828,-0.00015359196723530033
37.07175415759632,-201.4547576998131,-0.00015362014731579166
35.473698049337855,-202.3998561041249,-0.00015364723609767594
33.82738528381525,-203.43094187950277,-0.0001536724335764461
32.1343303575483,-204.5505966907228,-0.0001536948500042712
30.396302080346608,-205.76124449588357,-0.00015371351512882825
28.6153444704818,-207.0651206015425,-0.00015372738999985813
26.793797008887523,-208.46424034715298,-0.0001537353812359754
24.93431383279503,-209.96036788549483,-0.00015373635751636527
23.03988141588476,-211.55498558030158,-0.0001537291686872777
21.11383425257277,-213.2492645938653,-0.00015371266810859652
19.159868038838873,-215.04403728644704,-0.00015368573954432918
17.18204982163529,-216.93977209645848,-0.0001536473302792274
15.184824574506777,-218.93655161610437,-0.00015359649266422082
13.173017650604997,-221.03405462133688,-0.00015353243563431818
11.151832569025597,-223.23154285620637,-0.00015345458721505167
9.126843611068281,-225.52785340683934,-0.000153362666967638
7.103982745911558,-227.92139752396108,-0.00015325676461053206
5.089520477918186,-230.41016675739715,-0.0001531374176710898
3.0900403186384935,-232.9917472416316,-0.00015300567691767242
1.1124067434449645,-235.6633429074987,-0.00015286314493323516
-0.8362732983971959,-238.42180828116062,-0.00015271197167088246
-2.748694988215365,-241.26369136000923,-0.00015255479035580777
-4.617405710529246,-244.1852868234216,-0.0001523945819403849
-6.434859591594329,-247.18269954926444,-0.00015223446282774944
-8.193475122064866,-250.25191807887828,-0.0001520774018857196
-9.885694102599588,-253.38889732829085,-0.0001519258835926962
-11.504039801233812,-256.58964951531505,-0.0001517815455791549
-13.041171921113289,-259.8503420016519,-0.0001516448247791402
-14.489935773960145,-263.16740057985265,-0.00015151464680229765
-15.843402957488044,-266.5376167088427,-0.00015138818516291508
-17.09490085029806,-269.9582573537642,-0.00015126070262994062
-18.238028356186888,-273.4271764405933,-0.00015112546813256245
-19.266655525178653,-276.9429275051974,-0.00015097372533645625
-20.174904909756126,-280.50487790001927,-0.00015079467837253446
-20.95711272972388,-284.11332590976724,-0.0001505754667796566
-21.607768061996392,-287.769623304857,-0.00015030113790359678
-22.121428292525568,-291.47630720819524,-0.0001499547160257464
-22.492608937753015,-295.2372466382284,-0.00014951766758386498
-22.71564568033086,-299.0578106591551,-0.00014897148039239028
-22.784526183075634,-302.94506656990495,-0.0001483019537573682
-22.692689261951493,-306.9080176271085,-0.00014750962885301533
-22.43279005427729,-310.95788953302844,-0.0001466335654924933
-21.996433563485834,-315.10847125730277,-0.00014580316728896037
-21.373889003999302,-319.37650401668986,-0.00014534635091223436
-20.553821493339047,-323.7820820283148,-0.00014600129306785448
-19.523132325838997,-328.34895754178746,-0.00014927911579931674
-18.267117749886456,-333.1044843107387,-0.0001578764109844144
-16.770399866886564,-338.07860185390723,-0.00017525579973920458
-15.01953298158128,-343.3006384790566,-0.00020097742423530462
-13.00882124018423,-348.79180706279567,-0.0002149336370003141
-10.751048803991555,-354.55094609756156,-0.00015931243911992965
-8.292201220039267,-360.53450176005185,-3.2050968208352515e-06
-5.721015128011722,-366.64296440539783,8.93895076714557e-05
-3.1571718734537866,-372.7358134325485,-4.661035302433447e-05
-0.7165127413920849,-378.67749434067923,-0.0002312036694540609
1.5206204002357528,-384.3791968179215,-0.0003002130484972554
3.5160124011198155,-389.8069067739528,-0.00029269787028951555
5.261804086762045,-394.96501316890686,-0.0002711248168196789
6.766170335055955,-399.87697886015934,-0.0002567395539543327
8.043615226569536,-404.57255242634426,-0.0002502290556840592
9.109908121481766,-409.08132109918216,-0.000248336515046077
9.979882234626622,-413.43007958792134,-0.0002485757138401823
10.666686209902682,-417.64207526691234,-0.0002496052484310951
11.181692786594963,-421.73705913357895,-0.00025080554983958336
11.53467216517752,-425.73162905788075,-0.0002519257804927122
11.734050584411174,-429.6396400556496,-0.0002528849210357009
11.787177146408226,-433.47259209128697,-0.00025367379717522454
11.700568893682034,-437.23996633787596,-0.0002543101298861927
11.48012475714084,-440.94950620443996,-0.0002548190875408807
11.131307498808164,-444.60744909780533,-0.00025522551365142476
10.659295864294142,-448.2187177197465,-0.0002555512769646384
10.069109933761883,-451.787079715364,-0.0002558147382529796
9.36571253055435,-455.31528344998003,-0.00025603099428650467
8.554089147625572,-458.8051763505414,-0.0002562123270415384
7.639308455212188,-462.25781090554017,-0.00025636863535538623
6.626565161865164,-465.6735421838607,-0.0002565077815575023
5.521206839015841,-469.05211963947954,-0.00025663585316237914
4.328746273450396,-472.3927750207319,-0.0002567573640455123
3.054860952225376,-475.69430739902816,-0.0002568754258582828
1.7053813741070878,-478.9551656721816,-0.0002569919149433275
0.28626998392939174,-482.17352838255255,-0.0002571076515316406
-1.1964073910698445,-485.3473803195107,-0.0002572225975292497
-2.7365156860275115,-488.47458514508713,-0.00025733606909028595
-4.3278884305010905,-491.5529531814187,-0.0002574469542366842
-5.96436746424485,-494.58030351281735,-0.00025755392093529395
-7.639842887924951,-497.55451966263473,-0.0002576556019349141
-9.348291808784662,-500.47359828033797,-0.0002577507448329186
-11.083814688538503,-503.33569049069695,-0.00025783832068526635
-12.840668368349775,-506.139135789104,-0.00025791758927695696
-14.613295115451004,-508.8824885924402,-0.00025798812473176724
-16.396347291688596,-511.56453775606326,-0.00025804980752397455
-18.184707473388535,-514.1843195325241,-0.00025810279217886034
-19.973504046010273,-516.7411245702872,-0.00025814745940522243
-21.758122451858515,-519.234499629807,-0.0002581843611668688
-23.534212384175216,-521.6642447325603,-0.0002582141656102266
-25.297691298700112,-524.030406461569,-0.0002582376067490344
-27.044744658755583,-526.3332681066097,-0.0002582554416710181
-28.771823347691754,-528.573337301223,-0.0002582684169594174
-30.475638679086774,-530.7513317389848,-0.0002582772441162007
-32.15315541616575,-532.8681634895928,-0.00025828258321336506
-33.8015831825851,-534.9249223662522,-0.0002582850335217657
-35.41836661129016,-536.922858728493,-0.0002582851295684918
-37.00117453994825,-538.863366041523,-0.0002582833411732821
-38.547888522966474,-540.7479634561379,-0.00025828007621964133
-40.056590893032435,-542.5782786227938,-0.0002582756849731638
-41.52555257053751,-544.3560309098332,-0.00025827046531468056
-42.953220787733315,-546.0830151586988,-0.00025826466814748983
-44.338206866250786,-547.7610860777281,-0.0002582585027415263
-45.679274161654405,-549.3921433500617,-0.00025825214166630417
-46.975326266838756,-550.9781175096066,-0.00025824572538279966
-48.225395547054426,-552.5209566211867,-0.0002582393662318161
-49.42863206290022,-554.0226137863586,-0.0002582331520950554
-50.58429292347359,-555.4850354843741,-0.0002582271496098798
-51.69173209979032,-556.910150748009,-0.00025822140704212515
-52.750390718364876,-558.2998611661405,-0.00025821595688046983
-53.75978784631707,-559.6560316987977,-0.00025821081820609493
-54.71951177241025,-560.980482285776,-0.00025820599888781715
-55.629211782931186,-562.2749802266991,-0.000258201497519428
-56.48859042722285,-563.541233308546,-0.00025819730530352025
-57.29739626492754,-564.7808836561426,-0.00025819340779120736
-58.05541708555916,-565.9955022819294,-0.0002581897864457616
-58.762473590881925,-567.1865843134995,-0.0002581864200885686
-59.41841353172274,-568.3555448809957,-0.0002581832862957878
-60.023106293287505,-569.503715651521,-0.00025818036260716326
-60.576437926795855,-570.6323420043364,-0.00025817762761182195
-61.078306630302464,-571.7425808488547,-0.00025817506195724427
-61.528618687941695,-572.8354990973876,-0.0002581726492114633
-61.9272848845094,-573.9120728163055,-0.00025817037661646225
-62.27421742125294,-574.9731870927872,-0.00025816823566637837
-62.56932736891344,-576.0196366696382,-0.0002581662225626946
-62.81252270533002,-577.0521274176537,-0.0002581643384891308
-63.00370699707352,-578.0712787334861,-0.00025816258969735273
-63.14277879730625,-579.0776269705659,-0.00025816098731379356
-63.22963184489711,-580.0716300306948,-0.00025815954689711873
-63.26415616208868,-581.0536732635995,-0.0002581582875995636
-63.246240158800326,-582.024076839685,-0.00025815723096545007
-63.175773859750386,-582.9831047757388,-0.0002581563992067881
-63.052653374442166,-583.9309758021288,-0.00025815581297372603
-62.87678672777152,-584.8678762602581,-0.00025815548855367965
-62.64810115830423,-585.7939752072547,-0.0002581554345115755
-62.36655196955546,-586.7094418771379,-0.00025815564779740896
-62.03213298410796,-587.614465599699,-0.00025815610948276557
-61.64488859837803,-588.5092782057349,-0.00025815678037810486
-61.20492736487345,-589.3941788461963,-0.0002581575966500438
-60.71243693727609,-590.2695610204976,-0.0002581584660594771
-60.1677001013812,-591.1359414449803,-0.0002581592651331732
-59.57111148362299,-591.9939901986593,-0.0002581598377542349
-58.92319438311638,-592.8445613664211,-0.00025815999573630677
-58.22461702067793,-593.6887231714417,-0.0002581595217021615
-57.47620735067672,-594.527786366163,-0.0002581581747591599
-56.6789654539753,-595.3633294579107,-0.0002581556989778022
-55.83407244080491,-596.1972192091049,-0.00025815183483679505
-54.94289476088501,-597.0316248035818,-0.0002581463333690692
-54.00698286346747,-597.8690241394522,-0.0002581389723452787
-53.02806328759853,-598.7122009192354,-0.00025812957362081335
-52.00802350099799,-599.5642315728081,-0.0002581180197669397
-50.94888914236888,-600.428461564869,-0.00025810426776562423
-49.85279374151072,-601.3084712828339,-0.0002580883566718484
-48.72194146519557,-602.2080324284082,-0.00025807040628578193
-47.55856392258443,-603.1310565821893,-0.00025805060429284765
-46.364872511448,-604.0815382980481,-0.0002580291807614543
-45.14300814263592,-605.0634956323365,-0.00025800637121875525
-43.89499039772188,-606.0809113513939,-0.000257982371657306
-42.62266821990966,-607.1376781409188,-0.0002579572908949501
-41.327674097836734,-608.2375509463712,-0.0002579311059989209
-40.01138338623326,-609.3841091254164,-0.0002579036257781553
-38.67487994949627,-610.5807304470716,-0.0002578744645322928
-37.318928764392,-611.8305782092759,-0.00025784302509279655
-35.943955535200395,-613.136601961174,-0.0002578084871807107
-34.55003281622168,-614.5015515999326,-0.0002577697943646484
-33.13687164982102,-615.928004039853,-0.0002577256321458776
-31.703817343456763,-617.4184012745068,-0.0002576743894575628
-30.249847737296577,-618.9750984934324,-0.00025761409628977106
-28.773572147354248,-620.600420971452,-0.0002575423309263414
-27.273229084816823,-622.2967287005257,-0.0002574560903418899
-25.746680817450862,-624.0664881517774,-0.00025735161721485156
-24.19140281542853,-625.9123511092216,-0.0002572241771474637
-22.604466071850158,-627.837241184543,-0.00025706778088618876
-20.982510168770343,-629.8444493945894,-0.00025687485408454336
-19.321704735665392,-631.9377410662472,-0.00025663587539881405
-17.617696584421743,-634.1214773490761,-0.0002563390511696184
-15.86553927255516,-636.4007557985608,-0.00025597020205125887
-14.059601124212053,-638.7815758775035,-0.0002555132754871181
-12.193446834194086,-641.2710368205198,-0.0002549524196560071
-10.259686773701958,-643.8775770409401,-0.0002542776891232279
-8.249787264862743,-646.6112658254929,-0.0002534989038309732
-6.153835070962579,-649.4841585959974,-0.00025267742094214896
-3.9602518102421564,-652.5107243395299,-0.00025199646472273685
-1.6554628247978938,-655.7083426924692,-0.00025191176135663795
0.7764508285386267,-659.0978364114808,-0.0002534578587045644
3.3540289325712007,-662.7039247666395,-0.00025880379640597084
6.09840965035324,-666.555293727131,-0.00027196583103616945
9.032473881104425,-670.6835570029083,-0.0002983854880120873
12.178011999090472,-675.1195353247268,-0.00033765511563643713
15.54882274681212,-679.8839553383568,-0.0003565508185481292
19.13723894127832,-684.9690487945777,-0.0002582664602108764
22.895271763127937,-690.3125877910309,-1.4183642470300128e-05
26.723865762939006,-695.7829324852077,5.760937918708464e-05
30.49248794121731,-701.2058920976796,-0.0002147856584073793
34.08534620796276,-706.4283363329432,-0.00045259921400742087
37.43450019131685,-711.3635382726782,-0.000499364616231901
40.51867803406471,-715.9890727777528,-0.0004685786356759536
43.34488555407789,-720.3211473220964,-0.00043759431734002874
45.932076427489704,-724.3920380596489,-0.00042105839360573327
48.301912364540826,-728.2374530978286,-0.00041465835173681853
50.47468930196466,-731.8910543959629,-0.0004132649480332873
52.46795083890132,-735.3826665030845,-0.00041390456980394674
54.29628247117179,-738.7380813602167,-0.00041517838262095097
55.971553809107704,-741.9794506680529,-0.000416506352159729
57.503289698050494,-745.1258313196832,-0.00041768240344453034
58.899043619547875,-748.1937141716307,-0.0004186576005977827
60.16473022340687,-751.1974800292007,-0.0004194428228139202
61.30490802937292,-754.1497725056372,-0.0004200674367247359
62.323016178562135,-757.0617941274801,-0.000420562854664297
63.221573024500685,-759.9435368104182,-0.00042095674954367723
64.00234470659291,-762.8039579764613,-0.0004212716346536638
64.66649091835184,-765.6511122124313,-0.00042152509720594367
65.21469379467555,-768.4922467297863,-0.00042173055281757854
65.64727454527637,-771.3338674417055,-0.0004218980756913737
65.96430126288871,-774.1817813632613,-0.0004220351505441755
66.16569024982131,-777.0411202697951,-0.0004221473114771612
66.25130222121535,-779.9163500706015,-0.0004222386752044116
66.22103384467651,-782.8112701023498,-0.00042231238702328255
66.07490426288197,-785.7290064424287,-0.00042237099344077933
65.81313553415798,-788.6720033039502,-0.00042241674692355957
65.43622534782875,-791.6420165160149,-0.0004224518382738296
64.9450099699041,-794.6401129315162,-0.0004224785460937852
64.34071519749189,-797.6666792666392,-0.00042249929132687214
63.62499318691223,-800.7214433081516,-0.0004225165910458628
62.79994339098113,-803.8035096053547,-0.0004225329186837712
61.86811648478153,-806.9114107131861,-0.00042255049528705513
60.83250102840411,-810.043173836639,-0.0004225710527858695
59.696493624220075,-813.1964014503171,-0.00042259562128066364
58.463854361201,-816.368363263458,-0.0004226243908078686
57.13865027343597,-819.5560959083562,-0.000422656684477829
55.72519025717605,-822.7565060671942,-0.0004226910560323205
54.22795530327684,-825.9664724946431,-0.0004227254969233485
52.65152796793545,-829.1829425599065,-0.00042275771518163197
51.00052473344104,-832.4030194812487,-0.0004227854353864302
49.27953435800556,-835.6240372677552,-0.00042280666973226744
47.49306456814088,-838.8436213958256,-0.0004228199216029793
45.64549861140405,-842.0597343028452,-0.00042282430191065146
43.74106236050711,-845.2707057625146,-0.00042281955677836436
41.7838019221912,-848.4752490292655,-0.00042280602077759966
39.77757110968493,-851.6724642526892,-0.00042278451815391804
37.72602771148084,-854.8618310517465,-0.0004227562369152338
35.63263723218942,-858.0431923161206,-0.0004227225977473381
33.50068267562972,-861.2167313012256,-0.00042268513396237495
31.333278957435933,-864.3829439466547,-0.00042264539241188004
29.1333906414852,-867.5426081194464,-0.0004226048591888798
26.90385185956041,-870.6967512036274,-0.0004225649097833184
24.64738746928259,-873.8466171588451,-0.0004225267802411281
22.366634709706734,-876.9936338779434,-0.0004224915547030861
20.064164811322783,-880.1393814023725,-0.0004224601643318948
17.74250419719078,-883.2855613149108,-0.00042243339267145075
15.40415506856053,-886.433967425684,-0.0004224118836617663
13.051615298729947,-889.5864577008194,-0.0004223961490090744
10.687397662267179,-892.744927252134,-0.00042238657237980703
8.314048503338865,-895.9112821090822,-0.00042238340894407145
5.934165997395687,-899.0874134288605,-0.00042238677906070166
3.5504181853701025,-902.2751717658164,-0.0004223966558161152
1.1655609588939866,-905.4763410168686,-0.0004224128464613841
-1.2175438516698553,-908.6926116863783,-0.0004224349688630724
-3.595910188397402,-911.9255531737685,-0.0004224624246855768
-5.966409260398171,-915.1765848829692,-0.0004224943722803687
-8.325750917815883,-918.4469460875981,-0.000422529703463681
-10.670465142869945,-921.7376646624153,-0.0004225670299273787
-12.996884065805183,-925.0495250113429,-0.0004226046862196853
-15.301125108368188,-928.3830357837421,-0.0004226407572200941
-17.579076068679708,-931.7383982678336,-0.0004226731381002935
-19.826383175936527,-935.1154766711054,-0.0004226996328924315
-22.03844334193855,-938.5137718224743,-0.0004227180946543285
-24.21040199321792,-941.93240013118,-0.000422726603108714
-26.337157951040016,-945.370079875388,-0.0004227236679756885
-28.41337680180206,-948.8251270247707,-0.00042270843456648777
-30.43351403316975,-952.2954627785425,-0.0004226808605274357
-32.391848874309495,-955.778634780117,-0.00042264182478213286
-34.28252925879,-959.2718535212454,-0.0004225931320060994
-36.09962763516914,-962.7720447647638,-0.0004225373862531967
-37.83720651996186,-966.2759179206638,-0.00042247772787185056
-39.48939178757199,-969.7800492672669,-0.00042241745542348497
-41.05045081479259,-973.2809778162049,-0.00042235958310676835
-42.51487185162981,-976.7753106017688,-0.00042230640410600984
-43.87744048167824,-980.2598333662978,-0.00042225913576210417
-45.133308848580256,-983.7316221343913,-0.00042221770870121134
-46.278053504732554,-987.1881511039386,-0.0004221807310518244
-47.30771827696438,-990.6273926612173,-0.00042214561994669
-48.21883938032313,-994.0479061193141,-0.00042210885585980407
-49.00845103987026,-997.4489128972234,-0.0004220662898166694
-49.67407096979733,-1000.830357176454,-0.0004220134273182907
-50.21366607376274,-1004.1929524545407,-0.0004219456207774641
-50.62559955211336,-1007.5382157342104,-0.00042185812423412017
-50.90856114515707,-1010.8684922496209,-0.0004217459856921124
-51.06148246046012,-1014.1869745890876,-0.0004216037741215928
-51.08343921650013,-1017.497720827759,-0.00042142515072640663
-50.973541802773504,-1020.8056768788621,-0.0004212023020180311
-50.730814840585296,-1024.1167087884676,-0.00042092526233972194
-50.35406546476493,-1027.4376512399822,-0.00042058117912446846
-49.841738863398135,-1030.7763792164678,-0.0004201536497596692
-49.19175823057074,-1034.1419107054876,-0.0004196224476160637
-48.40134472829649,-1037.5445496125044,-0.0004189643993903758
-47.46681137843638,-1040.9960796924959,-0.0004181571943178142
-46.38332320191081,-1044.5100221444525,-0.00041719019184682793
-45.14461491998103,-1048.1019709022135,-0.0004160913795665522
-43.742658494710135,-1051.7900188312933,-0.0004149907195696301
-42.16727905771498,-1055.5952805486418,-0.0004142632160757387
-40.40573733066176,-1059.5424926259852,-0.00041483774458228595
-38.44234807666155,-1063.6606040380045,-0.0004188097593278428
-36.258329517529866,-1067.9831006516627,-0.00043041801072263297
-33.832366973310855,-1072.5474129913146,-0.0004565052887244292
-31.14298198239381,-1077.3919142949835,-0.0005012575380334283
-28.174851395911777,-1082.547537040291,-0.0005396277612312872
-24.932107119583,-1088.0197384973148,-0.0004682196624230528
-21.458922509103502,-1093.7601821327548,-0.00019978294558242737
-17.855138255994213,-1099.644792355404,-4.4881618652681254e-05
-14.260980397210682,-1105.4940097946387,-0.0003171646525856886
-10.807605307065334,-1111.1400726405684,-0.00061399309343102
-7.576018033269675,-1116.4828817418468,-0.0006871370658743103
-4.594522487693874,-1121.493043962324,-0.0006570751862717827
-1.8583659100715566,-1126.1847708669195,-0.0006222446499535295
0.6516672191992401,-1130.5905664271177,-0.0006033012624087064
2.958567660849399,-1134.74691519398,-0.0005959522914587012
5.084357062807903,-1138.6881151096668,-0.0005943421320928621
7.048440371426493,-1142.4442887078549,-0.0005950484984822424
8.867313776276466,-1146.0411801837204,-0.00059647072789204
10.554786608573659,-1149.500598409032,-0.0005979513066378672
12.122353617731727,-1152.8410231372811,-0.0005992593734802654
13.579573964765146,-1156.0781899428798,-0.0006003413396236112
14.934407620870592,-1159.2255951191394,-0.0006012102176740086
16.19349816061311,-1162.2949113382092,-0.0006018992066607609
17.362405256795455,-1165.296322410537,-0.0006024434939639889
18.445794583982707,-1168.238790077883,-0.0006028739909069714
19.447593341574613,-1171.1302654961332,-0.0006032158872670834
20.371118740231772,-1173.9778562283361,-0.0006034889927377662
21.219185580345076,-1176.7879574805559,-0.0006037086145838089
21.994197872535466,-1179.5663544416798,-0.000603886483489191
22.698228426020403,-1182.3183010633713,-0.0006040315625313042
23.33308947281296,-1185.0485794400902,-0.0006041507015197567
23.90039667760253,-1187.7615430826168,-0.0006042491484201662
24.401628268684263,-1190.4611467754369,-0.0006043309423180432
24.83818048070044,-1193.1509653257915,-0.0006043992134863174
25.211419999030273,-1195.8342033120039,-0.0006044564128071528
25.522733622460688,-1198.5136978847959,-0.0006045044866329619
25.77357491138445,-1201.1919167294639,-0.000604545010247648
25.965507172564035,-1203.8709534149652,-0.0006045792876125944
26.100241771271527,-1206.5525224856779,-0.0006046084237407712
26.179670491904783,-1209.2379567323537,-0.000604633372779162
26.205890530768066,-1211.9282090461554,-0.0006046549648814903
26.181220740824084,-1214.623861053802,-0.0006046739148111158
26.10820798786405,-1217.3251403098527,-0.0006046908164716314
25.989622927586236,-1220.0319471719276,-0.0006047061292413503
25.82844514734573,-1222.74389163642,-0.0006047201635919208
25.62783837139969,-1225.4603394428395,-0.0006047330738425671
25.39111720840627,-1228.1804657810694,-0.0006047448644839193
25.121707611136177,-1230.903314094809,-0.0006047554135104605
24.823103711916925,-1233.6278568961302,-0.0006047645110278665
24.498823913284344,-1236.3530552823884,-0.0006047719076249791
24.152369019401245,-1239.0779140094621,-0.0006047773637618548
23.787184812629786,-1241.8015294879358,-0.0006047806913240805
23.406630881947063,-1244.5231288365974,-0.0006047817807868228
23.013956796339176,-1247.2420990210358,-0.0006047806113382848
22.612285993986063,-1249.9580059900263,-0.0006047772450337163
22.204607118805775,-1252.6706044867724,-0.0006047718092645482
21.793772042020112,-1255.3798397831433,-0.0006047644729409996
21.382499485632028,-1258.0858429342295,-0.0006047554216070949
20.973383013931496,-1260.788921287817,-0.0006047448352433094
20.568902153074617,-1263.4895459455138,-0.0006047328709914979
20.171435500399483,-1266.1883377091015,-0.0006047196512852793
19.783274855004233,-1268.886052808557,-0.0006047052569773115
19.406639603912183,-1271.5835694418224,-0.0006046897241205329
19.043690806272586,-1274.2818758948847,-0.0006046730429734026
18.696544612579743,-1276.9820607766442,-0.0006046551580976001
18.3672848259166,-1279.6853057088792,-0.0006046359680489388
18.057974553220003,-1282.3928806618308,-0.00060461532405931
17.77066700656049,-1285.1061420197907,-0.0006045930268463451
17.507415600344792,-1287.8265333946185,-0.000604568820996576
17.27028355463841,-1290.555589173104,-0.0006045423865543853
17.061353262523237,-1293.294940781136,-0.0006045133271985748
16.882735715618,-1296.0463256690075,-0.0006044811545251605
16.73658031137219,-1298.8115990642689,-0.0006044452677222978
16.625085392872982,-1301.5927485989705,-0.0006044049277988961
16.550509900683906,-1304.3919119959992,-0.0006043592253064389
16.515186550390556,-1307.2113980948716,-0.0006043070405024054
16.521536992641057,-1310.0537116126497,-0.0006042469947082907
16.572089468080225,-1312.9215821736764,-0.0006041773922618177
16.669499541250975,-1315.817998307063,-0.0006040961533244626
16.816574588787578,-1318.7462473088951,-0.0006040007407328574
17.0163028311777,-1321.709962103349,-0.0006038880897989429
17.27188783591594,-1324.713176519589,-0.0006037545611619066
17.586789581829812,-1327.7603907334908,-0.0006035959603547525
17.964773351719188,-1330.8566490022051,-0.0006034077122958337
18.40996789088628,-1334.007632226865,-0.0006031853661312425
18.92693438128985,-1337.2197682612953,-0.0006029257720854275
19.520747725724693,-1340.500363117697,-0.0006026295907695101
20.197091190142373,-1343.8577560331569,-0.0006023063903057846
20.962364166895224,-1347.301500188825,-0.0006019846704958809
21.82379980902653,-1350.842567565807,-0.0006017310020176581
22.789582800051516,-1354.4935686674694,-0.0006016851757806307
23.86894417271206,-1358.2689610679427,-0.0006021205357704673
25.07218342201416,-1362.18518613723,-0.0006035333846021729
26.41051644939296,-1366.2606045674374,-0.0006067257687867311
27.89555193371622,-1370.5149713308524,-0.0006126930357837068
29.538035038488374,-1374.9679648717413,-0.0006217037374902645
31.345266971743015,-1379.63595989612,-0.0006303038266395333
33.31644604210675,-1384.525983358223,-0.0006260475836441515
35.43559700788976,-1389.6263202232728,-0.000589317811119372
37.66378469209584,-1394.8959576793857,-0.0005251628469302716
39.936117105315006,-1400.2602672523553,-0.0004975702834038032
42.170363989766045,-1405.6222279609724,-0.0005527030334562255
44.2862414979569,-1410.887985146374,-0.0006331572283073683
46.22330648597117,-1415.9904256222608,-0.0006750486649167442
47.946960285025966,-1420.8966263322598,-0.0006797859362492886
49.443859131922515,-1425.6011271359478,-0.000671195383262102
50.71392997314012,-1430.1148862678085,-0.0006626958319415621
51.76376009090965,-1434.4563198711735,-0.0006575226306964055
52.60247361268725,-1438.6458148400911,-0.0006551215743542116
53.2395624429686,-1442.7029044590033,-0.0006543665127658471
53.68390948034899,-1446.6450309904349,-0.0006544307151443718
53.943452538040795,-1450.4871352182458,-0.0006548363437524074
54.02516433053751,-1454.241635223776,-0.0006553381220193444
53.935174971898334,-1457.9185669749645,-0.0006558212067773184
53.67894913968715,-1461.5257768828917,-0.0006562378910039968
53.26147516146683,-1465.069117501128,-0.0006565731171193079
52.68744598831674,-1468.5526277914614,-0.0006568269665834237
51.9614230503136,-1471.9786937461495,-0.0006570062407327271
51.08797913562943,-1475.3481915461305,-0.0006571206391754458
50.07181871470563,-1478.6606178764655,-0.0006571811366349323
48.91787508768396,-1481.9142125259186,-0.0006571993191570868
47.63138414679466,-1485.1060779600627,-0.0006571870593710116
46.217934799883004,-1488.2322996678565,-0.0006571562390007557
44.68349637292259,-1491.2880699901432,-0.0006571184045824907
43.034423662481586,-1494.2678169826054,-0.0006570843409505756
41.277440746526395,-1497.1653387322435,-0.0006570635993767837
39.41960515357564,-1499.9739424987745,-0.0006570640398599892
37.468254490785775,-1502.6865871399716,-0.0006570914492520785
35.43093809269414,-1505.296026540622,-0.0006571492847626814
33.31533663097936,-1507.7949512232926,-0.0006572385728951247
31.129172889147338,-1510.1761249868282,-0.0006573579711641742
28.880117034797777,-1512.432513293716,-0.0006575039828788931
26.57568970908517,-1514.557400197371,-0.0006576712999866174
24.22316610201197,-1516.5444908439783,-0.0006578532428100914
21.829483905251514,-1518.3879969742975,-0.0006580422607385117
19.40115764870341,-1520.08270335888,-0.0006582304590807553
16.944201453747386,-1521.6240136932436,-0.0006584101153812583
14.464061698196836,-1523.007975123327,-0.0006585741518527755
11.965560509897893,-1524.2312812296896,-0.0006587165316815913
9.452850413664406,-1525.291253933668,-0.000658832554599087
6.929379876332182,-1526.1858053626054,-0.000658919035007699
4.397868953341758,-1526.9133811900253,-0.0006589743610341259
1.8602937619012712,-1527.472887322926,-0.0006589984495235512
-0.682121887957615,-1527.8636020262024,-0.0006589926308713245
-3.2289096638216326,-1528.0850756532752,-0.0006589595190575892
-5.780356813172479,-1528.1370201122154,-0.0006589029456556261
-8.337505359589994,-1528.0191900838438,-0.0006588280674755254
-10.902152416579838,-1527.7312579028328,-0.0006587418023720204
-13.476853276107823,-1527.2726840459775,-0.0006586538183448454
-16.06492822247876,-1526.6425855553023,-0.0006585784091477365
-18.670472766468585,-1525.8396058050319,-0.0006585377383991897
-21.298368808316457,-1524.8617913806231,-0.0006585670803076482
-23.954290446732756,-1523.706486452092,-0.0006587226426013615
-26.644691596310086,-1522.3702635280636,-0.0006590917161659604
-29.376751349656157,-1520.8489245323929,-0.0006598015821879244
-32.158234198658285,-1519.137631805436,-0.0006610137987728137
-34.99719197084024,-1517.231270193811,-0.000662866423997599
-37.90138956120441,-1515.1252030391092,-0.0006652807244442727
-40.87728135461962,-1512.8166606749753,-0.0006675047460582562
-43.92832836350761,-1510.3070495706543,-0.0006673890234125679
-47.05251445545611,-1507.605371746235,-0.0006611328512491355
-50.23926498091413,-1504.7324580475856,-0.0006457449841441587
-53.4667485710824,-1501.7246290494422,-0.000625595793934508
-56.701474598982664,-1498.6340985484017,-0.0006152133450871844
-59.90201695299289,-1495.5235684820752,-0.0006256125878909558
-63.02646794622224,-1492.4556112661307,-0.000648809052774979
-66.04023743054397,-1489.4816348790741,-0.0006680686097375599
-68.92045211323718,-1486.6357066651829,-0.0006762819271699527
-71.65597522318252,-1483.9345948746377,-0.0006764739916782503
-74.24471163616909,-1481.381656142579,-0.0006736241844862434
-76.69030635919378,-1478.9715801888726,-0.0006706485135925533
-78.99943125546149,-1476.6942981165307,-0.0006685071092693562
-81.17995552094506,-1474.5376340216965,-0.00066722923423157
-83.2398621812139,-1472.4888934676687,-0.0006665771565756984
-85.18667453143344,-1470.5357225393402,-0.0006663129335926499
-87.02719352867157,-1468.666519521355,-0.0006662655773403969
-88.76741065186296,-1466.8705918330531,-0.0006663279243888098
-90.4125130800798,-1465.1381769572433,-0.0006664379655951791
-91.96693322694924,-1463.46039629112,-0.0006665620001218286
-93.43441621382054,-1461.8291802595838,-0.0006666829405528318
-94.81809139166873,-1460.2371851772434,-0.0006667930173245296
-96.12054106556405,-1458.6777122548144,-0.0006668894778290024
-97.3438634286618,-1457.144633586555,-0.0006669721401424411
-98.48972875741666,-1455.6323269749641,-0.0006670420401357902
-99.55942895855968,-1454.1356199104794,-0.0006671007048844046
-100.55392104730981,-1452.6497422791247,-0.000667149776761633
-101.47386533096449,-1451.1702870546928,-0.0006671908305069252
-102.31965911413785,-1449.693178140204,-0.0006672252938200174
-103.09146670904244,-1448.2146445431106,-0.0006672544215229337
-103.7892464679785,-1446.731200138292,-0.0006672792960982221
-104.41277547725375,-1445.2396283590758,-0.0006673008395265967
-104.96167247271039,-1443.736971242026,-0.0006673198287501236
-105.43541946147289,-1442.2205223275107,-0.0006673369109257976
-105.83338246383522,-1440.6878229813149,-0.0006673526166247612
-106.15483172315233,-1439.1366617515964,-0.0006673673706369954
-106.39896166923914,-1437.5650764105171,-0.0006673815003539474
-106.56491086095724,-1435.971358351811,-0.0006673952424529617
-106.65178207532591,-1434.3540590258208,-0.000667408748324938
-106.65866265284765,-1432.7119980938264,-0.0006674220892337601
-106.58464515139963,-1431.0442729757954,-0.000667435261779481
-106.42884830408687,-1429.3502694522747,-0.000667448194449527
-106.19043822045036,-1427.629672964501,-0.0006674607556851342
-105.86864971643553,-1425.882480239663,-0.000667472763740129
-105.46280760806232,-1424.1090108534984,-0.0006674839983338288
-104.97234775864452,-1422.309918332866,-0.0006674942136619677
-104.39683763172862,-1420.4862003993571,-0.0006675031521048425
-103.73599607368962,-1418.6392079636244,-0.0006675105575251195
-102.98971203290452,-1416.770652500531,-0.000667516186961592
-102.15806191786814,-1414.8826114681065,-0.0006675198195047471
-101.24132530497522,-1412.977531478096,-0.0006675212610494086
-100.23999872741894,-1411.0582289808049,-0.0006675203442636501
-99.15480730806198,-1409.1278882887457,-0.0006675169236567413
-97.9867140383854,-1407.1900568279896,-0.0006675108661040596
-96.73692654886665,-1405.2486375678366,-0.0006675020381852192
-95.40690125881746,-1403.3078786329006,-0.0006674902924821424
-93.99834483099434,-1401.3723601416702,-0.0006674754553435136
-92.51321288363947,-1399.4469783377988,-0.0006674573187943622
-90.95370592639,-1397.5369270824008,-0.0006674356397891046
-89.32226248461153,-1395.647676757509,-0.0006674101484280826
-87.62154935911119,-1393.7849505956558,-0.0006673805671475463
-85.854448937232,-1391.954698404565,-0.0006673466402205008
-84.0240434319147,-1390.1630676086063,-0.0006673081724795082
-82.1335958847095,-1388.4163714920376,-0.0006672650737566954
-80.18652773608581,-1386.7210545168707,-0.000667217403472975
-78.18639275194866,-1385.0836546145488,-0.0006671654093199919
-76.13684710916851,-1383.510762428169,-0.0006671095514416692
-74.0416154938219,-1382.008977620004,-0.0006670505045018871
-71.90445315932119,-1380.584862561319,-0.0006669891301775976
-69.72910402866886,-1379.244893984407,-0.0006669264159189225
-67.51925510077663,-1377.9954134881239,-0.0006668633787541012
-65.27848762352923,-1376.8425781267902,-0.0006668009393848706
-63.01022570778869,-1375.7923126490334,-0.0006667397764132943
-60.71768325303973,-1374.8502652534044,-0.0006666801760157881
-58.403810209752436,-1374.021768955822,-0.0006666218946449476
-56.071239288541655,-1373.3118107884889,-0.000666564051698515
-53.722234218184546,-1372.725011049279,-0.0006665050646592618
-51.358640537086224,-1372.2656146880736,-0.0006664426303100157
-48.98183966936089,-1371.9374966639011,-0.0006663737456698016
-46.59270669188388,-1371.7441827649016,-0.0006662947513120798
-44.19157175717548,-1371.6888870000585,-0.0006662013727130045
-41.77818462070133,-1371.774566307223,-0.0006660887311262798
-39.3516811547125,-1372.0039930417151,-0.0006659513000251138
-36.91055013621432,-1372.379845577503,-0.0006657827941829453
-34.452597988991506,-1372.9048174245486,-0.0006655760019143031
-31.974908543665343,-1373.5817455844003,-0.00066532261337926
-29.473794250537345,-1374.4137594574179,-0.0006650131779259993
-26.94473462835614,-1375.4044524813944,-0.0006646374821706047
-24.382297060011176,-1376.5580797859764,-0.0006641859641121073
-21.780034399989148,-1377.8797863757284,-0.0006636534485338075
-19.130353401229673,-1379.37587142389,-0.0006630478721305622
-16.424348134684912,-1381.0540945105197,-0.0006624094966269922
-13.651594401990165,-1382.924027581619,-0.0006618517367869003
-10.799906997329654,-1384.9974487126651,-0.0006616452116645632
-7.855076815099575,-1387.288753096726,-0.0006623829957277394
-4.800640654597769,-1389.8153071271386,-0.0006652765352939127
-1.6178172184204964,-1392.5975594738013,-0.0006725683924102555
1.7140843874293383,-1395.6584826242665,-0.0006876176308132642
5.2161341193250825,-1399.0214402962745,-0.000712551091069713
8.90590117374183,-1402.7047709169142,-0.0007375955716426574
12.789421003684003,-1406.7105744499436,-0.0007186154717686577
16.8480367081829,-1411.0063583288972,-0.0005899370674207205
21.02460784756715,-1415.505856081141,-0.0004223087854171581
25.223319342941167,-1420.0689699062605,-0.0004633970156220357
29.33509305752619,-1424.5376227951176,-0.0006806215470120947
33.27399255909086,-1428.786952019562,-0.000816995755684502
36.99529021934107,-1432.7506678339373,-0.000833957742312208
40.48938119542355,-1436.412461533052,-0.0008102035425601173
43.76692971119362,-1439.7850977824971,-0.0007887211438699637
46.846978776155574,-1442.8936677439517,-0.0007770543471181668
49.750295724043895,-1445.766193311066,-0.0007723088717987991
52.496380860823535,-1448.4293769885116,-0.0007711401870444945
55.10241593458334,-1450.9070810136802,-0.0007715204626386196
57.583096648464256,-1453.220054973683,-0.0007724400407589371
59.950816871986156,-1455.3861645261368,-0.0007734508192669409
62.21596191357785,-1457.420779678734,-0.0007743771721102632
64.3872090885495,-1459.3371785091854,-0.0007751659065675653
66.47179791584834,-1461.1469121562566,-0.0007758147120533465
68.47575996643656,-1462.8601158818424,-0.0007763397636537661
70.40410952938356,-1464.485766787541,-0.0007767617849410158
72.26100012522339,-1466.0318943343843,-0.0007771005145258414
74.04985268996859,-1467.505751056922,-0.0007773728703686089
75.77346085317454,-1468.9139504138716,-0.0007775926598316829
77.43407795383091,-1470.262577722959,-0.0007777708740412947
79.03348961522227,-1471.5572790644114,-0.0007779161500902632
80.57307495923362,-1472.8033320856225,-0.0007780352332336093
82.05385891585694,-1474.0057018501345,-0.0007781333789758094
83.47655757214865,-1475.1690842460687,-0.0007782146826738057
84.8416180911408,-1476.2979389823934,-0.0007782823412085804
86.14925439727696,-1477.3965138313642,-0.000778338857848837
87.39947955439831,-1478.4688614986824,-0.0007783862012811227
88.59213554150706,-1479.5188502990472,-0.0007784259286705009
89.72692094976075,-1480.5501696667297,-0.000778459280847521
90.8034169732868,-1481.5663314244807,-0.0007784872558458389
91.82111194051924,-1482.5706676578634,-0.0007785106656381657
92.77942452767009,-1483.5663259863197,-0.0007785301795628641
93.67772570885796,-1484.5562629789304,-0.0007785463575658014
94.51535942657692,-1485.5432364252465,-0.0007785596752931667
95.29166191061492,-1486.5297971342486,-0.000778570542968815
96.00597953275566,-1487.5182808929987,-0.0007785793192756074
96.65768505842357,-1488.5108011675202,-0.0007785863217906197
97.24619214473348,-1489.5092430695183,-0.0007785918344485054
97.77096793691196,-1490.5152590425137,-0.000778596113286234
98.23154363118452,-1491.5302666396449,-0.0007785993905393696
98.62752290092915,-1492.555448673826,-0.000778601877868379
98.95858812259264,-1493.5917559211312,-0.0007786037686901004
99.22450438638215,-1494.63991245328,-0.0007786052397484866
99.4251213313817,-1495.700423568622,-0.000778606452288777
99.5603729023827,-1496.7735861873668,-0.0007786075524247593
99.63027518301949,-1497.8595014803097,-0.0007786086712584517
99.63492251342625,-1498.9580894152007,-0.0007786099244402322
99.57448214750579,-1500.0691048347235,-0.000778611411650143
99.44918774245569,-1501.1921546275798,-0.0007786132159188774
99.25933199956935,-1502.3267155209244,-0.0007786154032947135
99.00525878949597,-1503.472152008818,-0.0007786180226454498
98.68735509696246,-1504.6277339365477,-0.000778621106012789
98.30604311013025,-1505.7926532827144,-0.0007786246694454491
97.86177275969256,-1506.966039717121,-0.0007786287143718429
97.35501498445167,-1508.1469745593804,-0.0007786332292978315
96.78625596569836,-1509.3345028172391,-0.0007786381917753715
96.15599253457097,-1510.5276430414629,-0.0007786435703813765
95.46472891689831,-1511.7253947926035,-0.0007786493266908057
94.7129749407204,-1512.9267435716151,-0.0007786554168063287
93.90124579420902,-1514.1306631192729,-0.000778661792358859
93.03006338705367,-1515.336115037644,-0.0007786684011028555
92.09995933700172,-1516.5420457302314,-0.0007786751865106467
91.11147957511706,-1517.7473806962416,-0.0007786820867383693
90.06519053797541,-1518.9510162498098,-0.0007786890328007612
88.9616868916001,-1520.151808768422,-0.0007786959458218057
87.80160070932193,-1521.3485616081032,-0.0007787027336338959
86.58561200257277,-1522.5400098582613,-0.0007787092866542444
85.31446047842677,-1523.724803148552,-0.0007787154731913049
83.98895836898618,-1524.9014867658427,-0.000778721134355731
82.61000414402756,-1526.0684813931837,-0.000778726078972003
81.1785968784074,-1527.2240618461017,-0.0007787300784820594
79.69585099859,-1528.36633525538,-0.000778732862960041
78.16301107776847,-1529.4932192298104,-0.0007787341183460583
76.58146628650235,-1530.602420626031,-0.0007787334863280648
74.95276403655406,-1531.691415652904,-0.00077873056764588
73.27862228176669,-1532.757432140422,-0.0007787249304733734
71.56093986489311,-1533.7974349011774,-0.0007787161249090957
69.80180422845883,-1534.8081151967044,-0.0007787037052686685
68.00349574810511,-1535.7858853796372,-0.0007786872606843076
66.16848790745912,-1536.7268798011426,-0.0007786664538622645
64.29944252520598,-1537.6269630351162,-0.0007786410667662835
62.39919927967513,-1538.481746359034,-0.0007786110493119835
60.47075886598988,-1539.286613230108,-0.0007785765654304555
58.517259276235244,-1540.0367541923806,-0.000778538028699316
56.54194492104464,-1540.7272112406201,-0.0007784961174515104
54.54812861209456,-1541.352931156178,-0.0007784517606044261
52.539146791018716,-1541.9088267383115,-0.0007784060864963749
50.51830880218971,-1542.3898442178859,-0.000778360332766681
48.48884143415654,-1542.7910345107866,-0.0007783157220977444
46.45383035656709,-1543.1076254101301,-0.0007782733170635936
44.41616040900624,-1543.3350913991478,-0.000778233874141776
42.37845690791195,-1543.4692175553703,-0.0007781977208498603
40.34303018763388,-1543.506154059623,-0.0007781646780173901
38.31182545722298,-1543.4424581408186,-0.0007781340414556581
36.28637973274602,-1543.2751208645875,-0.0007781046253683144
34.26778711714285,-1543.0015769585432,-0.000778074856121691
32.256673089509924,-1542.619696776122,-0.0007780428937991246
30.253177792496693,-1542.127760431875,-0.0007780067523537326
28.25694763528968,-1541.524414987865,-0.0007779643907745992
26.267133920221813,-1540.8086162403984,-0.0007779137529286828
24.282396698308915,-1539.9795570813778,-0.0007778527438659921
22.30091168680775,-1539.0365845542196,-0.0007777791403569267
20.320377841000955,-1537.9791075878,-0.0007776904414207308
18.338023042709427,-1536.8064969963846,-0.0007775836702101913
16.350605313453396,-1535.5179787177594,-0.0007774551416552811
14.354406935105123,-1534.1125204691552,-0.0007773002172939414
12.345218816521154,-1532.5887110692981,-0.0007771130818561289
10.31831233497304,-1530.9446306323382,-0.0007768866133517349
8.268395668940512,-1529.1777087017144,-0.0007766124978019207
6.1895513041224195,-1527.2845661729762,-0.0007762819131684751
4.0751509517929465,-1525.260835589396,-0.0007758874681051964
1.9177436536241623,-1523.1009531930054,-0.0007754278317833041
-0.2910874011333846,-1520.79791527758,-0.0007749180241312104
-2.5609032790803106,-1518.342991661756,-0.0007744114403251956
-4.902624230042732,-1515.7253922074694,-0.0007740457256595334
-7.328774846977618,-1512.931892140705,-0.0007741354103387721
-9.85373433514111,-1509.946447061844,-0.0007753492192392741
-12.493923276573137,-1506.7498874532314,-0.000779011387528783
-15.267762443067925,-1503.3199135874722,-0.0007874586762390834
-18.195038647093376,-1499.6318881240811,-0.0008038057969166346
-21.294929117969662,-1495.6614555957326,-0.0008285001730747865
-24.581342806240627,-1491.3908468811628,-0.0008466395529431736
-28.053841643636332,-1486.8212946585631,-0.0008083797961866424
-31.683999615284396,-1481.9918049870666,-0.0006664675950638355
-35.40373830493313,-1476.9952721186523,-0.000540510639964964
-39.110761486452915,-1471.970966229896,-0.0006377629977123433
-42.69819947943248,-1467.0635155808127,-0.0008390893202410155
-46.08807778815687,-1462.3767153965855,-0.0009351941908413153
-49.24298463173206,-1457.9577000907304,-0.0009357274141095218
-52.156849987509965,-1453.8100419482757,-0.0009117813479733172
-54.840551884338346,-1449.9138557694837,-0.000893518411590577
-57.3114623668779,-1446.2403002541212,-0.0008842075604107436
-59.58786131054017,-1442.7592677345333,-0.0008806279755404489
-61.68650882690375,-1439.4426850596703,-0.0008798909390783649
-63.621839077474604,-1436.2655782773088,-0.0008803441108504728
-65.405879888419,-1433.2061475572546,-0.000881187046992693
-67.04845545879135,-1430.2454649356976,-0.0008820723427120924
-68.55747254544809,-1427.3670692655935,-0.0008828684262560671
-69.93920741252846,-1424.5565710968501,-0.0008835392821744392
-71.19856379345971,-1421.8013075211165,-0.0008840877883944387
-72.3392949098263,-1419.0900560578161,-0.000884530307146747
-73.36419168979839,-1416.4128045113457,-0.0008848858869772158
-74.27524239442221,-1413.7605697706017,-0.0008851720727154344
-75.07376937613876,-1411.1252579433865,-0.0008854035976018082
-75.76054821109018,-1408.4995588865274,-0.0008855922628878687
-76.33591363461602,-1405.8768691875632,-0.0008857472536707434
-76.7998558401648,-1403.251238600259,-0.0008858755715781541
-77.15210987262513,-1400.6173357000146,-0.0008859824595255361
-77.39224008124202,-1397.9704290774864,-0.0008860717801564277
-77.51972089159958,-1395.306380745468,-0.0008861463439462369
-77.53401450248388,-1392.6216486306598,-0.0008862081952223377
-77.4346455088082,-1389.9132951032873,-0.0008862588651918912
-77.22127190268505,-1387.1789985139974,-0.0008862995967824361
-76.89375142819169,-1384.417064713187,-0.0008863315398439653
-76.45220188754546,-1381.626435578206,-0.0008863559089125062
-75.89705374897072,-1378.8066917212514,-0.0008863740915252549
-75.22909332116755,-1375.9580468393551,-0.0008863876941394011
-74.44949486061998,-1373.0813316263493,-0.0008863985170197708
-73.55984027621943,-1370.1779658016364,-0.0008864084579531806
-72.5621255803113,-1367.2499176013025,-0.0008864193575170987
-71.45875387159312,-1364.2996509744153,-0.0008864328105460118
-70.2525153652313,-1361.3300616572822,-0.0008864499786831459
-68.94655573345558,-1358.3444041714502,-0.0008864714405909524
-67.5443347026634,-1355.346212515518,-0.0008864971116260278
-66.04957739299641,-1352.339217817653,-0.0008865262503636728
-64.46622122366195,-1349.327266432992,-0.0008865575528638203
-62.7983613096747,-1346.3142418913603,-0.0008865893171510209
-61.05019714266809,-1343.303993747332,-0.0008866196490053824
-59.225983009431296,-1340.300275810544,-0.0008866466745161006
-57.32998410919486,-1337.3066955154943,-0.0008866687280892904
-55.36643974920578,-1334.3266754113897,-0.0008866844932171603
-53.33953439390828,-1331.3634269937563,-0.0008866930848494547
-51.25337677397867,-1328.4199364252568,-0.0008866940740013263
-49.11198677089899,-1325.4989611470576,-0.0008866874629731569
-46.91928940682312,-1322.6030359854428,-0.0008866736255335184
-44.679114997738985,-1319.734487112375,-0.0008866532268232419
-42.39520436627971,-1316.8954521094768,-0.0008866271367171663
-40.071217945388646,-1314.087904388967,-0.0008865963474562477
-37.71074761653383,-1311.3136803149623,-0.0008865619019555737
-35.31733019582298,-1308.5745075168718,-0.000886524836714031
-32.894461588817485,-1305.8720330692345,-0.000886486139787479
-30.445610763484115,-1303.2078504097449,-0.0008864467227205353
-27.97423282751028,-1300.5835240651127,-0.0008864074043088976
-25.48378063173787,-1298.0006114433859,-0.0008863689032700961
-22.977714449634203,-1295.4606811261046,-0.0008863318377194673
-20.459509400118364,-1292.9653272520811,-0.0008862967284635204
-17.932660386358126,-1290.5161797267656,-0.0008862640048192816
-15.40068441643719,-1288.1149101185756,-0.0008862340112258948
-12.867120254041842,-1285.7632332183443,-0.0008862070137585221
-10.335525419958486,-1283.4629043424543,-0.0008861832058517649
-7.809470629754434,-1281.2157125562492,-0.0008861627131526717
-5.292531810956792,-1279.0234700834521,-0.000886145596993515
-2.7882798954839902,-1276.887998250334,-0.0008861318569337584
-0.3002686307644276,-1274.8111103903332,-0.0008861214324031863
2.1679793038097026,-1272.7945922050274,-0.0008861142037517311
4.612987549870219,-1270.840180139406,-0.000886109993254891
7.031342333958855,-1268.949538381326,-0.0008861085665685664
9.419709356702727,-1267.124235134504,-0.0008861096349779274
11.774850902148414,-1265.3657188388515,-0.0008861128594848111
14.093642751582141,-1263.6752950189618,-0.0008861178566466066
16.37309048602438,-1262.0541044290242,-0.0008861242071436237
18.610344773064845,-1260.5031031289748,-0.0008861314667250042
20.802715257609226,-1259.0230450718852,-0.0008861391797214679
22.947682712669195,-1257.614467707134,-0.0008861468945511319
25.042909155043066,-1256.2776810098671,-0.0008861541804181527
27.086245690304413,-1255.012760237963,-0.0008861606439891645
29.075737919835955,-1253.819542597659,-0.0008861659452072956
31.009628816905106,-1252.6976278736313,-0.0008861698104549731
32.886359055633136,-1251.64638295454,-0.0008861720423896102
34.704564852538184,-1250.664950066918,-0.0008861725253579422
36.46307345151612,-1249.752258424357,-0.0008861712261332144
38.16089644634884,-1248.9070389100054,-0.000886168189847325
39.79722118735282,-1248.1278413419393,-0.0008861635317529704
41.371400558630924,-1247.4130538251088,-0.0008861574255520921
42.88294143849283,-1246.7609236707935,-0.000886150089460358
44.33149216780634,-1246.1695793639517,-0.0008861417711329977
45.71682935003938,-1245.6370530782679,-0.0008861327327069901
47.038844293972005,-1245.161303274974,-0.0008861232368904126
48.297529387458916,-1244.7402369708204,-0.0008861135349871319
49.49296466048721,-1244.371731318862,-0.0008861038572876012
50.62530476049598,-1244.0536542090026,-0.0008860944060744558
51.694766524830506,-1243.7838836598648,-0.0008860853512406841
52.70161729640129,-1243.5603258363567,-0.0008860768283511788
53.64616409089483,-1243.380931585843,-0.0008860689387253373
54.528743688652064,-1243.243711438254,-0.0008860617512347346
55.349713692613804,-1243.146749060673,-0.0008860553052141285
56.10944456617929,-1243.0882131943376,-0.0008860496143063834
56.808312641754185,-1243.0663681315896,-0.0008860446706346892
57.446694072221,-1243.0795828123817,-0.000886040449170844
58.02495968337923,-1243.126338635188,-0.0008860369119469969
58.54347067525165,-1243.2052360863045,-0.0008860340120346866
59.00257511361783,-1243.315000295512,-0.0008860316971643911
59.402605149744524,-1243.4544856257671,-0.0008860299128359284
59.74387490555113,-1243.6226794008855,-0.000886028605066147
60.026678962906786,-1243.8187048688758,-0.0008860277226240276
60.251291398965655,-1244.0418234903823,-0.0008860272188667695
60.41796531401693,-1244.2914366321993,-0.0008860270531933501
60.52693280391179,-1244.5670867355332,-0.0008860271921976581
60.57840533543909,-1244.8684580179909,-0.0008860276104459275
60.57257448980856,-1245.195376757495,-0.0008860282910267137
60.50961304646395,-1245.5478111956681,-0.000886029225874635
60.38967638662191,-1245.9258710878623,-0.0008860304158632704
60.212904203080555,-1246.3298069170476,-0.0008860318707212822
59.979422509852334,-1246.7600087792644,-0.0008860336087195275
59.689345951953484,-1247.217004939347,-0.0008860356562356841
59.34278042214358,-1247.7014600471473,-0.0008860380470822049
58.93982599747449,-1248.2141729965547,-0.0008860408216407878
58.480580214102744,-1248.7560744022167,-0.0008860440258293689
57.965141703864724,-1249.3282236620728,-0.000886047709820259
57.393614220527205,-1249.9318055676115,-0.0008860519265414535
56.766111087318244,-1250.5681264182422,-0.0008860567299349142
56.08276010021969,-1251.238609591392,-0.0008860621729263052
55.343708923460085,-1251.94479051598,-0.0008860683051894469
54.549131014578535,-1252.6883109939251,-0.0008860751706247783
53.69923211622324,-1253.470912812416,-0.0008860828046126645
52.794257350393806,-1254.2944305889653,-0.000886091230989372
51.834498948022556,-1255.160783791936,-0.0008861004588611721
50.82030464251886,-1256.0719678814196,-0.0008861104792607932
49.75208675008074,-1257.030044519204,-0.0008861212616464442
48.63033195213719,-1258.0371308022138,-0.0008861327503608685
47.45561178616977,-1259.095387481368,-0.0008861448610586464
46.22859384033776,-1260.2070061373245,-0.0008861574771543701
44.95005363478728,-1261.3741952961384,-0.0008861704463836162
43.62088715826378,-1262.5991654814734,-0.0008861835773465998
42.24212401268467,-1263.8841132156426,-0.0008861966362125884
40.81494110068161,-1265.2312039994686,-0.0008862093435411111
39.340676771793945,-1266.6425543206967,-0.0008862213709619482
37.82084532197018,-1268.1202127625984,-0.0008862323380842696
36.25715171826116,-1269.6661403085384,-0.0008862418093027458
34.65150639597828,-1271.282189964964,-0.0008862492907191211
33.00603994902327,-1272.970085854829,-0.0008862542274767904
31.32311750544594,-1274.7314019664532,-0.0008862560016149601
29.605352549467852,-1276.5675407798146,-0.0008862539314096196
27.85561991825789,-1278.4797120340143,-0.000886247273038876
26.077067666926034,-1280.4689119467196,-0.000886235225546983
24.273127459158758,-1282.535903249219,-0.0008862169412697796
22.44752310485208,-1284.6811964592748,-0.0008861915428788336
20.604276831948322,-1286.9050328775095,-0.0008861581493206927
18.747712850316546,-1289.2073698598897,-0.0008861159118840334
16.882457744860712,-1291.5878689859612,-0.0008860640612375903
15.013437228119283,-1294.0458878053757,-0.0008860019647585204
13.145868795457737,-1296.5804758978525,-0.0008859291919218748
11.285249865262285,-1299.1903760165567,-0.0008858455830278444
9.43734105917071,-1301.8740310934563,-0.0008857513135609452
7.608144389510997,-1304.6295978588098,-0.0008856469453313309
5.803876277252075,-1307.4549677577052,-0.0008855334517523517
4.0309355255381885,-1310.3477957290027,-0.000885412206484304
2.295866618926877,-1313.3055372445147,-0.0008852849242195759
0.6053189995625254,-1316.3254937926035,-0.0008851535478608952
-1.0339967237584855,-1319.404866740992,-0.0008850200805206043
-2.6153543666434462,-1322.5408192459324,-0.0008848863688069031
-4.132057996820878,-1325.7305456131448,-0.0008847538508884867
-5.577486175366417,-1328.9713472894093,-0.0008846232884103244
-6.945132585968792,-1332.2607145045326,-0.0008844945033175122
-8.22864089748623,-1335.596412523349,-0.000884366139121795
-9.421831656309353,-1338.9765715347462,-0.000884235459910343
-10.51871903376726,-1342.399779421513,-0.0008840981889441935
-11.513515345050443,-1345.8651770354038,-0.0008839483791724945
-12.400621383410494,-1349.3725561528013,-0.0008837782964050689
-13.174600740733567,-1352.9224610080717,-0.0008835782947471671
-13.830136371119153,-1356.5162951907919,-0.0008833366756029193
-14.361967655640298,-1360.1564367446394,-0.0008830395608399044
-14.764806109735453,-1363.8463655128671,-0.0008826709071350081
-15.033227626944587,-1367.590808120454,-0.0008822129932539724
-15.161538808311127,-1371.395907412592,-0.0008816481506848106
-15.1436146193732,-1375.2694245302314,-0.0008809634275763756
-14.972704690062596,-1379.220982700343,-0.0008801617997740152
-14.641206819754316,-1383.2623612946097,-0.0008792874907079806
-14.140410427481001,-1387.4078445499088,-0.0008784807424113694
-13.460223626142664,-1391.6746165538877,-0.000878091247287216
-12.588923544503063,-1396.0831616589483,-0.0008788977379730056
-11.513027862161392,-1400.6575536937312,-0.0008824755861631672
-10.217511277892353,-1405.4253496152344,-0.0008915797999229369
-8.686846632607384,-1410.416454620828,-0.0009095462125152665
-6.907815491550464,-1415.6596795029025,-0.00093503893959479
-4.875659838889801,-1421.1748121428463,-0.0009454823728738404
-2.605196765384662,-1426.9578565225536,-0.0008816786286409695
-0.1455363505339997,-1432.961025081509,-0.0007236404842529964
2.4115164557053106,-1439.0807317807232,-0.0006493343288660469
4.945325346752702,-1445.1753291230436,-0.0007995061947312365
7.34197971768494,-1451.1121166895425,-0.0009771398490698857
9.524363533192673,-1456.8069223260638,-0.0010370034514792792
11.456868378377857,-1462.2295319159125,-0.001026546001863693
13.133006965615671,-1467.3864584675587,-0.0010051655573732887
14.56137209517107,-1472.3019907025282,-0.0009915030503933053
15.756358104017277,-1477.005967722727,-0.000985509820822017
16.733391377150475,-1481.5277075995914,-0.0009838968655131453
17.506889753388663,-1485.8935678541895,-0.0009842684605061436
18.089594327296812,-1490.1262730459682,-0.0009853538456461308
18.492517605377166,-1494.2449939220344,-0.0009865729695626158
18.725137467693298,-1498.265694577619,-0.0009876945704583306
18.79566800791396,-1502.2015369389492,-0.0009886467345729955
18.711334997773836,-1506.0632598787622,-0.000989424377525694
18.478627860798547,-1509.859507049843,-0.0009900470880630508
18.103519330240072,-1513.5971012505113,-0.0009905410411121807
17.59165186916919,-1517.281272048892,-0.000990931862133948
16.948492771576245,-1520.9158458740997,-0.0009912422488937978
16.179460566698214,-1524.5034076017482,-0.0009914915198159235
15.29002524960449,-1528.0454414772043,-0.0009916958351539051
14.285784554356416,-1531.5424577411434,-0.000991868566199372
13.172518220884944,-1534.994109838198,-0.0009920206196696313
11.956222068774233,-1538.3993057133027,-0.0009921606743716893
10.643123687963136,-1541.7563154746426,-0.0009922953492136344
9.239681658516163,-1545.0628766459145,-0.0009924293436434084
7.752570373775726,-1548.3162973558917,-0.0009925655881737327
6.188652714566618,-1551.5135571289054,-0.00099270543445229
4.554942962364822,-1554.651404449958,-0.0009928488939330293
2.8585624120854454,-1557.7264499793034,-0.000992994920665069
1.1066901291716598,-1560.7352541703463,-0.0009931417201993753
-0.6934888160183669,-1563.674408078486,-0.0009932870596571775
-2.534835504708041,-1566.540606305611,-0.0009934285532740006
-4.410307859199361,-1569.330711268593,-0.0009935639027069953
-6.31300833069841,-1572.041808272487,-0.000993691077713521
-8.236227397168946,-1574.6712511748965,-0.0009938084340195275
-10.173482027446946,-1577.216698717838,-0.0009939147708095675
-12.118548589530958,-1579.6761418559004,-0.0009940093380294002
-14.065489964487602,-1582.04792261162,-0.0009940918061719373
-16.00867686374254,-1584.3307451358098,-0.0009941622117288773
-17.94280353349121,-1586.5236797436685,-0.0009942208912292472
-19.86289816717983,-1588.6261607430984,-0.0009942684127857149
-21.764328440484622,-1590.637978878714,-0.0009943055122647593
-23.642802639913814,-1592.5592691933132,-0.0009943330379442727
-25.494366883712942,-1594.3904950675142,-0.0009943519049269156
-27.3153989395221,-1596.1324291457518,-0.0009943630594353436
-29.102599133644574,-1597.7861317990855,-0.000994367451466971
-30.852978827029776,-1599.3529277165437,-0.0009943660144013933
-32.563846907032236,-1600.834381159557,-0.000994359649795662
-34.232794714371956,-1602.2322703596767,-0.0009943492160058298
-35.85767979320346,-1603.5485614884121,-0.0009943355193566816
-37.43660881979409,-1604.7853825794575,-0.0009943193074288814
-38.96792003254161,-1605.944997737188,-0.0009943012639066495
-40.450165453190166,-1607.0297819206737,-0.00099428200474172
-41.882093156297586,-1608.042196549185,-0.0009942620757943388
-43.262629811431715,-1608.98476613318,-0.000994241951810082
-44.590863690451854,-1609.8600560941684,-0.0009942220369030252
-45.86602830085395,-1610.6706518979988,-0.0009942026662552728
-47.08748677587363,-1611.4191395894075,-0.0009941841092837578
-48.25471712322364,-1612.1080877816387,-0.0009941665737738248
-49.36729840736144,-1612.7400311240428,-0.0009941502110102363
-50.42489791536955,-1613.3174552431594,-0.0009941351215201344
-51.427259334153895,-1613.8427831292183,-0.0009941213612449928
-52.37419194691379,-1614.3183629203259,-0.0009941089478751053
-53.2655608398135,-1614.7464570209088,-0.0009940978671481027
-54.10127809551051,-1615.1292324790932,-0.0009940880788954498
-54.881294938609486,-1615.4687525393972,-0.0009940795227785237
-55.605594789093004,-1615.7669692820932,-0.000994072123482681
-56.27418717315673,-1616.0257172584531,-0.0009940657954592425
-56.887102436440394,-1616.2467080314693,-0.00099406044708239
-57.444387202168215,-1616.4315255340719,-0.0009940559842587238
-57.94610051595646,-1616.581622161,-0.0009940523135073542
-58.39231061977652,-1616.6983155158944,-0.0009940493445678156
-58.78309229955555,-1616.7827857415737,-0.0009940469925338036
-59.11852475394352,-1616.836073368507,-0.000994045179605163
-59.39868993568586,-1616.859077623958,-0.000994043836492181
-59.623671321646114,-1616.8525551519651,-0.0009940429034984155
-59.79355307267327,-1616.817119102054,-0.0009940423313472418
-59.908419550075884,-1616.7532385522645,-0.0009940420817765444
-59.968355161337996,-1616.661238239616,-0.0009940421279439546
-59.97344451379301,-1616.5412985784922,-0.000994042454618118
-59.92377286117885,-1616.393455954591,-0.0009940430582369986
-59.81942683425415,-1616.217603289036,-0.0009940439467699957
-59.660495452894956,-1616.0134908740051,-0.0009940451394390426
-59.447071423246626,-1615.780727487831,-0.0009940466662450298
-59.17925272951479,-1615.5187818039713,-0.0009940485673447519
-58.85714453577292,-1615.226984114558,-0.0009940508921877367
-58.48086141867149,-1614.9045283954354,-0.0009940536984220372
-58.05052995707634,-1614.5504747456596,-0.0009940570505742041
-57.566291709351056,-1614.1637522403514,-0.0009940610183902798
-57.02830661313112,-1613.7431622414895,-0.000994065674859268
-56.43675684590166,-1613.2873822166719,-0.0009940710938551867
-55.791851187357565,-1612.7949701208815,-0.000994077347350908
-55.09382992625106,-1612.264369400775,-0.0009940845021909617
-54.34297035505893,-1611.6939146847667,-0.0009940926163185537
-53.5395928951556,-1611.0818382249565,-0.0009941017345185266
-52.684067893074,-1610.4262771585409,-0.0009941118835947726
-51.77682312467773,-1609.725281656407,-0.0009941230670058587
-50.81835203845503,-1608.9768240248484,-0.0009941352589706298
-49.80922276147722,-1608.1788088224066,-0.0009941483981297239
-48.75008788164971,-1607.329084047362,-0.000994162380775876
-47.64169500754536,-1606.4254534420245,-0.000994177053899925
-46.48489809219993,-1605.4656899473482,-0.000994192208045419
-45.28066948965366,-1604.4475503251745,-0.0009942075704092446
-44.03011269268125,-1603.3687909453226,-0.000994222798182065
-42.7344756770641,-1602.2271847105255,-0.0009942374727751613
-41.39516475200332,-1601.0205390637018,-0.0009942510949487726
-40.0137587880209,-1599.7467149891474,-0.000994263081725677
-38.59202366323287,-1598.4036468819443,-0.0009942727651051086
-37.131926736616656,-1596.9893631183095,-0.0009942793935744376
-35.63565112340628,-1595.5020071140186,-0.000994282136769442
-34.10560951379022,-1593.9398586088107,-0.0009942800942024377
-32.54445724263615,-1592.301354862426,-0.0009942723085805127
-30.95510428626512,-1590.5851113934416,-0.0009942577845585276
-29.340725833895043,-1588.7899418364884,-0.0009942355134349157
-27.704771058168337,-1586.914876438164,-0.000994204504328522
-26.050969693459034,-1584.9591786588976,-0.0009941638218169402
-24.383336025103382,-1582.9223592994763,-0.0009941126294954472
-22.706169900370266,-1580.804187529746,-0.0009940502382494998
-21.024054396225424,-1578.6046981664495,-0.0009939761565274097
-19.341849823211344,-1576.324194530923,-0.0009938901397674726
-17.664683812398202,-1573.9632462192974,-0.0009937922329701365
-15.997937326211588,-1571.522681141552,-0.0009936828014822652
-14.347226555941585,-1569.0035712342515,-0.0009935625417476501
-12.718380819408358,-1566.407211326707,-0.0009934324660854088
-11.117416750241095,-1563.7350907413477,-0.0009932938534955582
-9.550509271897445,-1560.9888573332107,-0.0009931481625482519
-8.023960068846923,-1558.1702738143192,-0.000992996903658394
-6.544164495888432,-1555.281166356238,-0.000992841472188033
-5.11757809419102,-1552.323365604407,-0.0009926829473840826
-3.750684098283335,-1549.298640353673,-0.0009925218660313817
-2.449963511242921,-1546.208624205807,-0.0009923579816728534
-1.2218694870977007,-1543.0547355352592,-0.0009921900213960555
-0.07280788484734263,-1539.8380910074075,-0.000992015450950845
0.990874052703445,-1536.5594127038667,-0.0009918302575400162
1.9628888846709955,-1533.2189285946401,-0.0009916287593583206
2.8369979753627823,-1529.8162656437817,-0.0009914034567231056
3.6069862396826577,-1526.3503342369313,-0.0009911449615032097
4.266620524251711,-1522.8192018788666,-0.0009908420944810814
4.809589486346859,-1519.219953249625,-0.0009904823580662026
5.229422835586033,-1515.5485327907663,-0.0009900532402227213
5.51938794644827,-1511.7995651648644,-0.000989545308019757
5.672362386986948,-1507.9661485164033,-0.0009889590539557958
5.680682395713409,-1504.039616165465,-0.0009883194122188854
5.535970942490933,-1500.009265688309,-0.0009877054862990065
5.228957139732194,-1495.862063439203,-0.000987309058572805
4.749316327290548,-1491.5823539962578,-0.0009875427111758484
4.085596898644841,-1487.151651062923,-0.000989215226589124
3.2253744834686584,-1482.548684847435,-0.0009937258608729849
2.155918529156329,-1477.7500763566584,-0.001002924235624647
0.8659120552088223,-1472.7323627441406,-0.0010173459630387072
-0.650869487031854,-1467.4766181504992,-0.0010300241474823224
-2.388797803941482,-1461.9772666878075,-0.0010162187138718082
-4.320356385941532,-1456.2555164049245,-0.0009440121132833212
-6.38647763828065,-1450.372694017397,-0.0008486911591703006
-8.496757969903866,-1444.430712400995,-0.0008535919294132555
-10.547436108708505,-1438.5488528198441,-0.0009682014632623748
-12.448878581295066,-1432.8278021412348,-0.0010637106152024955
-14.142988019885179,-1427.327247489779,-0.0010905083423331519
-15.602914781113313,-1422.06708464278,-0.0010821823395801289
-16.82326106535177,-1417.040991643768,-0.0010690061520577387
-17.81013956718351,-1412.2297888927244,-0.0010604498953199482
-18.574551696318874,-1407.6101133297132,-0.0010565262044437418
-19.128818801374965,-1403.1589354395112,-0.0010553930115619892
-19.48493676082409,-1398.8555258951915,-0.0010556072208309786
-19.65395854239881,-1394.6821022322958,-0.0010563482181495942
-19.645874009535408,-1390.6238659865862,-0.0010572139623370447
-19.46970824240609,-1386.668791705436,-0.001058030520596276
-19.133701091665355,-1382.8073375056522,-0.0010587363034026964
-18.645503405575752,-1379.032150575602,-0.0010593210894072058
-18.012361102310436,-1375.3377952131214,-0.0010597961382572407
-17.241275295017314,-1371.7205102741693,-0.0010601802440142194
-16.339134578112365,-1368.1779942588416,-0.0010604935194216125
-15.312819136731814,-1364.7092132747023,-0.0010607547724887922
-14.16927789272803,-1361.3142267032842,-0.0010609804783712207
-12.915580577640096,-1357.9940260793885,-0.00106118442344183
-11.55894695093743,-1354.7503837735208,-0.0010613776231096494
-10.106755588558753,-1351.5857092120616,-0.0010615683605621484
-8.566534835101645,-1348.5029114186261,-0.0010617623025126477
-6.945938657356171,-1345.5052675386562,-0.001061962689064444
-5.252710243234848,-1342.5962976857882,-0.0010621705989315444
-3.494636237367165,-1339.7796469158966,-0.001062385285091949
-1.6794944754114414,-1337.0589754023108,-0.0010626045642680992
0.18500203486328753,-1334.437857974798,-0.0010628252339692779
2.0912623346287185,-1331.9196941250268,-0.0010630434874414618
4.03187365518249,-1329.5076294066864,-0.0010632552992575484
5.999654521290764,-1327.2044889047982,-0.001063456758426895
7.987703217151673,-1325.0127231497602,-0.0010636443349181235
9.989440387430818,-1322.9343665367753,-0.0010638150738806473
11.998644912432278,-1320.9710080043817,-0.0010639667180782908
14.009482542187913,-1319.1237734445244,-0.0010640977659246431
16.0165270875834,-1317.3933190729092,-0.001064207473685741
18.014774240071773,-1315.7798347892933,-0.0010642958137907499
19.99964832101013,-1314.2830564060087,-0.0010643633997347024
21.96700244592989,-1312.9022855197093,-0.0010644113883255812
23.91311272893051,-1311.636415744371,-0.0010644413687135312
25.83466725016465,-1310.4839640098292,-0.0010644552461958057
27.728750568383674,-1309.4431056554367,-0.0010644551277234626
29.592824584777826,-1308.511712107799,-0.0010644432151352134
31.42470655841795,-1307.6873900193145,-0.0010644217100654885
33.22254504236079,-1306.9675208543517,-0.0010643927338715997
34.984794457969784,-1306.3493000359126,-0.0010643582643048433
36.71018895828863,-1305.8297749012397,-0.001064320089298576
38.39771615428478,-1305.4058808539037,-0.0010642797773225965
40.04659119501198,-1305.0744752369842,-0.0010642386628951783
41.656231608291456,-1304.8323685822913,-0.0010641978450305345
43.22623322583055,-1304.6763530104226,-0.0010641581959882629
44.75634743854775,-1304.603227663112,-0.0010641203779311326
46.24645995630324,-1304.6098211410986,-0.0010640848647858192
47.696571182602874,-1304.6930109969373,-0.001064051967053281
49.10677825988187,-1304.8497403928438,-0.0010640218577515625
50.47725879487457,-1305.07703207963,-0.0010639945977963805
51.80825623609637,-1305.3719998852418,-0.0010639701598709195
53.100066846035794,-1305.7318579219302,-0.0010639484498975449
54.35302818848899,-1306.1539277314023,-0.0010639293259675497
55.56750903564478,-1306.6356435891234,-0.0010639126141418487
56.743900589071565,-1307.1745561840012,-0.001063898121607565
57.88260890269841,-1307.768334879482,-0.0010638856471794078
58.98404839330156,-1308.4147687480377,-0.0010638749892613042
60.04863632406334,-1309.1117665542604,-0.001063865951843379
61.076788148716695,-1309.8573558432938,-0.0010638583487092568
62.06891360698398,-1310.6496812718888,-0.0010638520061898582
63.0254134659243,-1311.4870022995503,-0.0010638467648145244
63.946676805983905,-1312.3676903375301,-0.0010638424799522816
64.83307875465788,-1313.2902254340784,-0.001063839021801627
65.68497857446604,-1314.2531925556639,-0.0010638362750521324
66.50271801525501,-1315.2552775059257,-0.0010638341379345384
67.2866198435723,-1316.2952625070516,-0.0010638325212894983
68.0369864640098,-1317.372021452188,-0.0010638313474027328
68.75409854905234,-1318.48451482247,-0.0010638305488208655
69.43821359525072,-1319.6317842484916,-0.0010638300672161094
70.08956432471525,-1320.8129466837277,-0.001063829852278264
70.7083568523496,-1322.0271881468952,-0.0010638298607448249
71.29476854137947,-1323.2737569819674,-0.0010638300555512181
71.8489454731672,-1324.551956579088,-0.0010638304050920588
72.37099946275696,-1325.861137497789,-0.0010638308828005982
72.86100455990909,-1327.2006889365343,-0.001063831466951548
73.3189929874973,-1328.5700295008191,-0.0010638321406268858
73.74495048606425,-1329.9685972369532,-0.00106383289222034
74.13881105604298,-1331.3958389213906,-0.00106383371616392
74.5004511184992,-1332.8511986270169,-0.001063834614146053
74.82968315177312,-1334.3341056287845,-0.0010638355967182989
75.12624890511059,-1335.8439617614274,-0.0010638366852857573
75.38981234049916,-1337.3801284006706,-0.0010638379141418852
75.61995250863771,-1338.9419133040385,-0.0010638393324184925
75.81615662114031,-1340.528557614018,-0.001063841005173316
75.97781363416304,-1342.1392233892227,-0.0010638430132319243
76.10420870273775,-1343.7729820808072,-0.0010638454505853545
76.19451889330117,-1345.4288044030375,-0.0010638484188376651
76.24781054704125,-1347.105552049642,-0.0010638520177854716
76.26303866236435,-1348.8019716735691,-0.0010638563323208672
76.23904860678871,-1350.5166914720935,-0.0010638614157825188
76.1745803761893,-1352.248220601659,-0.0010638672716805075
76.0682754964835,-1353.9949514931832,-0.0010638738358847988
75.91868651852702,-1355.7551649611503,-0.0010638809623637613
75.72428890465065,-1357.5270378166967,-0.0010638884156257689
75.48349496123735,-1359.3086525275098,-0.0010638958717921199
75.19466935270044,-1361.0980083372588,-0.001063902929895555
74.85614565231928,-1362.8930331822019,-0.0010639091322826033
74.46624335365955,-1364.691595733212,-0.0010639139921488905
74.02328478506271,-1366.4915169492776,-0.0010639170248030183
73.52561143431983,-1368.290580645846,-0.0010639177788078769
72.97159929080058,-1370.0865427430963,-0.0010639158641829738
72.35967293416547,-1371.8771390458687,-0.001063910975137361
71.68831822772589,-1373.6600915984586,-0.0010639029070134143
70.95609359757775,-1375.4331138362409,-0.0010638915678029548
70.16163998625237,-1377.1939149093769,-0.0010638769855955132
69.3036896564238,-1378.9402036746385,-0.001063859313980231
68.38107408487245,-1380.6696929380057,-0.0010638388365755702
67.39273123141851,-1382.3801045857854,-0.001063815972258908
66.3377124960665,-1384.0691762708248,-0.00106379128076739
65.21518969527908,-1385.7346703292699,-0.0010637654685172748
64.02446240015387,-1387.3743855980842,-0.0010637393924906036
62.76496598935059,-1388.9861727885425,-0.0010637140597395955
61.43628078028312,-1390.5679540479994,-0.0010636906188103978
60.038142613523746,-1392.117747310187,-0.0010636703385813462
58.57045527508961,-1393.6336959883001,-0.0010636545698758937
57.03330514372948,-1395.1141044961425,-0.0010636446842759995
55.426978436468154,-1396.5574799770734,-0.0010636419868603753
53.75198138269712,-1397.9625804598977,-0.0010636476006844475
52.00906356849861,-1399.3284694221566,-0.0010636623266364609
50.1992445391002,-1400.6545763980741,-0.0010636864890543052
48.32384350764739,-1401.940762794064,-0.0010637197882772398
46.38451167457697,-1403.1873914479638,-0.0010637611925083945
44.383266203914694,-1404.3953976823627,-0.001063808911741404
42.32252433783416,-1405.5663586780163,-0.0010638604979078536
40.20513549296138,-1406.7025569930786,-0.0010639131019942738
38.03440854221189,-1407.807033096247,-0.0010639638823271014
35.81413095716299,-1408.8836210472207,-0.001064010499828072
33.548576216580265,-1409.9369611772872,-0.0010640515696529462
31.242496038126696,-1410.9724840421575,-0.0010640868937379366
28.901094694930755,-1411.996361234282,-0.0010641173160728101
26.529983985272096,-1413.0154209156915,-0.0010641441452108324
24.135119246336185,-1414.0370290188393,-0.0010641682610668113
21.722718899681634,-1415.0689405755297,-0.001064189195936649
19.29917201786452,-1416.1191289922215,-0.001064204556829651
16.870939898376832,-1417.1956036496822,-0.0010642100718101233
14.444458289890193,-1418.3062274391211,-0.001064200317390629
12.02604658822434,-1419.4585455089605,-0.0010641699215838685
9.621829089978217,-1420.6596346964966,-0.0010641148654393362
7.237671546741427,-1421.9159802801473,-0.001064033500014716
4.879134194670108,-1423.2333834051997,-0.0010639270347176932
2.5514405238102245,-1424.6168993974272,-0.0010637994516216054
0.2594595748552835,-1426.0708046242619,-0.001063656966813653
-1.9923013627509476,-1427.5985878155877,-0.0010635072410778434
-4.199697135964885,-1429.2029608324985,-0.0010633585397101797
-6.358941585978902,-1430.885883643628,-0.0010632189854220542
-8.466603862752974,-1432.6485985365916,-0.0010630959772086612
-10.519606606391365,-1434.4916691539902,-0.001062995788252863
-12.515227776551685,-1436.415020633595,-0.0010629233180559083
-14.451107301140233,-1438.4179778396865,-0.0010628819574023396
-16.32525916029641,-1440.4992993409285,-0.0010628735251643207
-18.13608902515714,-1442.6572054093538,-0.0010628982444700341
-19.882417114646753,-1444.8893989078076,-0.0010629547410907492
-21.563505485818972,-1447.1930785424458,-0.00106304006311575
-23.17908849823927,-1449.5649446327282,-0.0010631497392807887
-24.729404660378467,-1452.0011983379989,-0.0010632779101271694
-26.215227462944227,-1454.4975361999825,-0.0010634175764927534
-27.63789214795356,-1457.0491428978874,-0.001063561009203795
-28.999314715045397,-1459.6506861920006,-0.001063700341070728
-30.301998944737782,-1462.2963190034798,-0.0010638283133772575
-31.5490269928828,-1464.9796942172836,-0.0010639390784028535
-32.74402938547883,-1467.693997825385,-0.0010640288886278881
-33.89113120710677,-1470.4320051816167,-0.0010640964713815038
-34.9948730295843,-1473.1861632564855,-0.001064142933302037
-36.060107600472904,-1475.9486989129234,-0.0010641711742849225
-37.091876212175386,-1478.7117497140384,-0.0010641849715504748
-38.09527150357332,-1481.4675102395527,-0.0010641880324087083
-39.075295609241245,-1484.208384091536,-0.0010641833254005917
-40.03672354358186,-1486.9271303940416,-0.001064172862580648
-40.983981221771764,-1489.6169940001128,-0.0010641578984014188
-41.92104566708869,-1492.2718107238445,-0.0010641393453063586
-42.851372156511125,-1494.886082200618,-0.0010641181650292708
-43.77784992071577,-1497.4550186902661,-0.0010640955730885082
-44.702785139878635,-1499.974551528387,-0.0010640730208386628
-45.62790779427042,-1502.4413194655747,-0.001064052022503148
-46.55439762927613,-1504.8526345832872,-0.0010640339329270887
-47.48292404640625,-1507.2064338891528,-0.0010640197654474548
-48.413694955918466,-1509.5012223071644,-0.0010640100957743925
-49.34651028482963,-1511.7360118920067,-0.0010640050557739755
-50.28081669985265,-1513.9102609941049,-0.001064004395271212
-51.21576100265881,-1516.0238159968183,-0.0010640075811139127
-52.15024047188449,-1518.0768572720547,-0.001064013905546446
-53.08294910533636,-1520.069850217375,-0.0010640225852611707
-54.012419240822794,-1522.0035016573843,-0.0010640328404445398
-54.93705841433395,-1523.878721495691,-0.0010640439510183342
-55.855181572016676,-1525.696589257693,-0.0010640552917315915
-56.76503891361455,-1527.4583250326198,-0.0010640663491390256
-57.66483973464578,-1529.1652642723452,-0.001064076725727503
-58.55277267377656,-1530.818835907069,-0.0010640861346082886
-59.427022777390945,-1532.4205432729811,-0.001064094388540937
-60.28578577780577,-1533.9719473993166,-0.001064101386001326
-61.12727995388539,-1535.4746522613698,-0.0010641070961625587
-61.94975590909656,-1536.9302916654615,-0.0010641115441032412
-62.75150456630722,-1538.3405174875409,-0.0010641147968488696
-63.53086364335926,-1539.7069890370021,-0.0010641169512553006
-64.28622284006717,-1541.0313633605879,-0.0010641181233399521
-65.01602793655321,-1542.3152863378562,-0.0010641184394506453
-65.71878397501739,-1543.5603844500667,-0.001064118029125538
-66.39305767218008,-1544.7682571291264,-0.0010641170195100358
-67.03747918759451,-1545.9404696131905,-0.0010641155311184036
-67.65074335359355,-1547.0785462514152,-0.001064113674868139
-68.23161045556716,-1548.1839642129146,-0.0010641115500797937
-68.77890663632041,-1549.2581475648478,-0.0010641092433747446
-69.29152398520357,-1550.3024616923065,-0.0010641068282275512
-69.76842036133117,-1551.3182080387646,-0.0010641043651005155
-70.20861899033332,-1552.3066191506784,-0.0010641019019814735
-70.61120786555989,-1553.268854013692,-0.001064099475299507
-70.9753389773599,-1554.2059936710284,-0.0010640971110471575
-71.30022738788799,-1555.1190371172113,-0.0010640948261233518
-71.5851501637668,-1556.0088974623634,-0.0010640926297376119
-71.82944517480404,-1556.8763983640242,-0.0010640905249044152
-72.03250976377942,-1557.7222707247631,-0.001064088509981742
-72.19379929004889,-1558.5471496548116,-0.0010640865802491462
-72.31282554833187,-1559.3515716995169,-0.001064084729318182
-72.38915506352456,-1560.135972331563,-0.001064082950747336
-72.42240726268744,-1560.9006837076618,-0.001064081239246395
-72.4122525264466,-1561.6459326887148,-0.0010640795921431634
-72.3584101238745,-1562.3718391213686,-0.0010640780104653746
-72.26064603741112,-1563.0784143774263,-0.0010640764999995111
-72.11877068746801,-1563.7655601458475,-0.001064075072245818
-71.93263656993348,-1564.433067470136,-0.0010640737451060867
-71.70213582375702,-1565.0806160219363,-0.0010640725434850618
-71.4271977500235,-1565.7077735997752,-0.001064071499777608
-71.10778630831008,-1566.3139958402471,-0.0010640706540568923
-70.74389762053812,-1566.8986261277646,-0.0010640700542369208
-70.33555751687575,-1567.4608956884092,-0.0010640697560704293
-69.88281916241864,-1567.9999238536232,-0.0010640698230354184
-69.38576080729452,-1568.5147184806099,-0.0010640703261273199
-68.84448370644056,-1569.0041765184837,-0.0010640713436128602
-68.25911025854917,-1569.4670847125267,-0.0010640729605342347
-67.62978241654568,-1569.902120443408,-0.0010640752684123456
-66.95666042444489,-1570.30785270394,-0.001064078364598764
-66.23992193753979,-1570.6827432228308,-0.0010640823516294695
-65.47976158461535,-1571.0251477529011,-0.0010640873363598757
-64.6763910322649,-1571.3333175502453,-0.0010640934288050907
-63.83003961241517,-1571.605401080689,-0.001064100740614915
-62.94095557481759,-1571.8394460004374,-0.001064109383079881
-62.00940802649384,-1572.0334014687935,-0.0010641194644911423
-61.03568961984474,-1572.1851208619767,-0.0010641310867294251
-60.02012005022093,-1572.2923649680629,-0.0010641443408969664
-58.963050422032644,-1572.3528057535245,-0.0010641593018201334
-57.86486853971845,-1572.3640308013291,-0.0010641760212437568
-56.726005175817114,-1572.3235485285652,-0.00106419451972517
-55.54694136266103,-1572.228794297515,-0.0010642147769148735
-54.328216746456924,-1572.077137537355,-0.0010642367202802205
-53.07043903232854,-1571.8658899935053,-0.0010642602124413258
-51.774294535837946,-1571.5923152173034,-0.0010642850372786228
-50.440559840151764,-1571.2536393993062,-0.0010643108849297533
-49.07011453798454,-1570.8470636342756,-0.0010643373365590847
-47.66395501341261,-1570.3697776839542,-0.0010643638493323948
-46.223209190398876,-1569.8189752742862,-0.0010643897427762283
-44.74915214235702,-1569.1918709261352,-0.0010644141875291169
-43.24322242048578,-1568.4857182723256,-0.0010644361980460815
-41.70703891836877,-1567.6978297587605,-0.0010644546306206593
-40.142418047246274,-1566.8255975636075,-0.0010644681886464724
-38.551390951591586,-1565.8665154966588,-0.0010644754364612652
-36.93622044976397,-1564.818201562039,-0.0010644748233943346
-35.299417341617065,-1563.6784207831267,-0.0010644647188549072
-33.6437556865264,-1562.445107801098,-0.0010644434593931607
-31.972286624305337,-1561.11638867078,-0.0010644094067231435
-30.28835029121411,-1559.6906011929082,-0.0010643610158602712
-28.59558537730168,-1558.1663130443142,-0.0010642969103198396
-26.89793588333178,-1556.5423369011744,-0.0010642159604898893
-25.199654669116246,-1554.8177416994959,-0.0010641173596255271
-23.505303443452615,-1552.9918591454948,-0.0010640006902598032
-21.81974893165205,-1551.0642845798889,-0.0010638659737072231
-20.148155071519884,-1549.0348713167862,-0.00106371369338909
-18.495971233024356,-1546.9037176207937,-0.0010635447844364876
-16.868916629611547,-1544.6711455542466,-0.001063360581465389
-15.272961287249313,-1542.3376710167825,-0.0010631627204276128
-13.714304155915766,-1539.9039644059446,-0.0010629529915249236
-12.199349180516164,-1537.3708014413705,-0.0010627331472150559
-10.73468038535266,-1534.7390038050673,-0.0010625046721095543
-9.327037257786511,-1532.0093693429594,-0.001062268530979793
-7.983291930469583,-1529.1825916340958,-0.0010620249164929874
-6.71042984339111,-1526.259168750822,-0.0010617730322977081
-5.5155356997715055,-1523.2393009979082,-0.001061510963090484
-4.405786590167657,-1520.1227773341254,-0.001061235714736597
-3.3884541109868254,-1516.9088500703006,-0.0010609435659993949
-2.470917085301166,-1513.5960973670994,-0.0010606309798291136
-1.6606859936936171,-1510.1822731593297,-0.0010602965219419502
-0.9654392336316818,-1506.6641446793071,-0.0010599445890449033
-0.39306946166775364,-1503.037319250906,-0.0010595923512859429
0.04826518152795947,-1499.2960654372566,-0.001059282231686609
0.35009651927186575,-1495.4331407258094,-0.001059103324827504
0.5036316366982752,-1491.4396519646634,-0.0010592252607217745
0.49981220962818734,-1487.3050014564149,-0.0010599427943880357
0.3295291580326779,-1483.0170205146771,-0.0010617055283255183
-0.01586342013585755,-1478.5624772553015,-0.0010650322920113808
-0.5434947543238845,-1473.9282797268493,-0.001070035828220739
-1.2570256242335272,-1469.1038677905779,-0.0010750738674936144
-2.1533839799732077,-1464.0853882068643,-0.0010745267415188664
-3.2180411777169584,-1458.8819273212043,-0.0010589587054639082
-4.419737735061621,-1453.5226910517476,-0.0010259465833648562
-5.707544199769543,-1448.0613497310749,-0.000997767285710438
-7.014393112824264,-1442.5719919109144,-0.0010065599285589144
-8.268402612774413,-1437.134807148036,-0.0010468580007270134
-9.40689426436196,-1431.8182078190282,-0.001083062565548687
-10.385358231607675,-1426.6676601185704,-0.0010978704005388806
-11.178435202816152,-1421.7050150448217,-0.0010977344829008473
-11.775762576215959,-1416.9344256672648,-0.0010928685219688816
-12.176690923793478,-1412.3495001808456,-0.001088459581403356
-12.38604023767035,-1407.9388824497387,-0.0010857573336089388
-12.411334563711945,-1403.6897737744903,-0.001084492020250849
-12.26121507931646,-1399.5898627872314,-0.0010841238471783754
-11.944616823835181,-1395.6282484570843,-0.0010842299778346387
-11.470389224118458,-1391.795791706678,-0.00108454971083205
-10.847155966312078,-1388.0851659411887,-0.0010849419053187148
-10.083294560436048,-1384.4907595769544,-0.0010853385115794367
-9.186968934794463,-1381.0085124783102,-0.0010857120444001112
-8.166179208860763,-1377.6357281889784,-0.0010860558988383673
-7.0288101060394075,-1374.3708823873387,-0.0010863732200263598
-5.782669053730321,-1371.2134369427308,-0.0010866708457548668
-4.435510308848269,-1368.1636635240159,-0.0010869561091304547
-2.995044377025269,-1365.222478241032,-0.0010872352270254737
-1.4689336229318026,-1362.3912878251194,-0.0010875125752214387
0.13522413233081354,-1359.6718475895398,-0.0010877904750650202
1.809921759811257,-1357.0661314353738,-0.001088069284335802
3.5477762460356934,-1354.5762142660124,-0.0010883476743330789
5.341566895361833,-1352.2041672376793,-0.0010886230140272346
7.184275920650234,-1349.9519662609382,-0.0010888918039846374
9.069129232883778,-1347.8214140702,-0.0010891501153729166
10.989635512185759,-1345.814076005505,-0.0010893939967147048
12.93962196212049,-1343.931229423675,-0.0010896198212151376
14.913265494900264,-1342.173826398422,-0.001089824556942176
16.905118447426236,-1340.5424691050948,-0.0010900059506724347
18.910128269360516,-1339.037397036677,-0.0010901626251751395
20.923650939871212,-1337.6584849805693,-0.0010902940974730768
22.94145814782656,-1336.4052505127536,-0.001090400729395924
24.959738503090097,-1335.2768696443693,-0.001090483627082861
26.975093229730927,-1334.272199187917,-0.0010905445053115415
28.984526924158512,-1333.389804394448,-0.0010905855338627646
30.985434043899975,-1332.627990444005,-0.0010906091799416373
32.97558182957887,-1331.984836441469,-0.001090618059155446
34.95309035873766,-1331.4582306693796,-0.0010906148032301388
36.916410391422204,-1331.0459059679417,-0.0010906019505743103
38.86429960010037,-1330.7454742398616,-0.0010905818615594143
40.795797686415455,-1330.5544592038584,-0.0010905566588537141
42.71020077967426,-1330.470326636519,-0.0010905281900814856
44.607035391050516,-1330.4905114395656,-0.0010904980096153594
46.48603206633656,-1330.6124409417966,-0.001090467374286419
48.34709874069457,-1330.8335538865526,-0.0010904372476723267
50.1902936523748,-1331.1513145626961,-0.0010904083074851911
52.01579751952958,-1331.563221507789,-0.001090380949422709
53.8238845262653,-1332.0668101471263,-0.001090355281650801
55.61489150394822,-1332.6596486362464,-0.0010903311036862817
57.389184538376625,-1333.339326058636,-0.0010903078644375341
59.14712209648784,-1334.1034320159213,-0.0010902845968141506
60.88901367256646,-1334.9495265716696,-0.0010902598327726665
62.61507294461256,-1335.875099531403,-0.001090231513804163
64.3253645699545,-1336.87751825012,-0.0010901969346646112
66.01974412522182,-1337.9539636801073,-0.0010901527883673268
67.69779142445665,-1339.1013553654825,-0.0010900954214703162
69.35873865589377,-1340.3162677282721,-0.0010900214382720819
71.00139655967119,-1341.5948424055496,-0.0010899287777723643
72.62408421948051,-1342.9327045760688,-0.0010898182664869083
74.22457074116488,-1344.324894848927,-0.0010896953675700871
75.80003958600497,-1345.7658316042578,-0.0010895714233596365
77.34708767063842,-1347.2493203676593,-0.00108946332606763
78.8617703350468,-1348.7686252075848,-0.0010893906586066926
80.33969888194548,-1350.3166108625292,-0.0010893703092116347
81.77618943501267,-1351.885953141088,-0.001089410221197351
83.16645167448725,-1353.4694009861093,-0.0010895052525876636
84.50579643558649,-1355.0600604534438,-0.0010896377287523684
85.7898356175578,-1356.6516634811287,-0.0010897829011682347
87.01464869237479,-1358.238785921268,-0.0010899167173792357
88.17689724643132,-1359.816989671193,-0.0010900222162524287
89.27387989236414,-1361.3828792281856,-0.0010900921641021633
90.30353086824898,-1362.9340784080787,-0.0010901279295403299
91.26437364889561,-1364.46914405913,-0.0010901362599660125
92.15544461182796,-1365.987438579625,-0.001090125850192969
92.97620163391575,-1367.488982545329,-0.001090104859319263
93.72642982181193,-1368.9743047574268,-0.0010900796568773519
94.40615290939672,-1370.4443016797436,-0.0010900545379193272
95.01555530761053,-1371.9001131247169,-0.0010900319896942623
95.55491695740693,-1373.343016994391,-0.0010900131629656418
96.02456117854904,-1374.7743431029483,-0.0010899983385002088
96.4248145368633,-1376.1954044633428,-0.0010899872976328773
96.75597717987905,-1377.6074436340482,-0.0010899795785883626
97.01830191704121,-1379.0115915059894,-0.001089974634671087
97.2119803827063,-1380.40883602997,-0.0010899719202757119
97.33713480111636,-1381.799998674192,-0.0010899709297200744
97.39381409727093,-1383.1857167525225,-0.0010899712074730061
97.3819933223229,-1384.5664301149259,-0.0010899723430224384
97.30157556438196,-1385.9423710103424,-0.0010899739587935109
97.1523956862614,-1387.31355620654,-0.0010899756956810336
96.93422536916601,-1388.6797806791712,-0.0010899771991206286
96.64677904789703,-1390.0406123668258,-0.001089978106906031
96.28972040281747,-1391.3953876359863,-0.0010899780395368097
95.8626691309827,-1392.743207215594,-0.0010899765930902916
95.3652077577049,-1394.0829324510794,-0.0010899733350040464
94.79688827413771,-1395.4131817970322,-0.0010899678024687276
94.15723839946249,-1396.732327520089,-0.0010899595033979637
93.44576727066875,-1398.038492622119,-0.0010899479203043683
92.6619703610781,-1399.3295480206511,-0.00108993251637024
91.80533342267651,-1400.6031100404514,-0.0010899127442733914
90.87533523879685,-1401.8565382785064,-0.0010898880573524394
89.87144896440792,-1403.0869339055464,-0.0010898579231692906
88.79314182287438,-1404.2911384618033,-0.0010898218397361603
87.63987292230607,-1405.4657331944268,-0.0010897793549329293
86.41108895350612,-1406.6070389709575,-0.0010897300898573548
85.10621753751471,-1407.711116790673,-0.0010896737685932578
83.72465800706941,-1408.7737689083121,-0.001089610257299256
82.26576943750646,-1409.7905405900276,-0.0010895396191745732
80.7288557953295,-1410.7567225505175,-0.001089462194322266
79.11314815679823,-1411.6673541898579,-0.0010893787191736948
77.41778407953164,-1412.517227883505,-0.001089290507666263
75.64178441038187,-1413.3008948164322,-0.0010891997253565933
73.78402811807072,-1414.01267324757,-0.001089109799762511
71.84322620308757,-1414.6466607252548,-0.0010890260210416614
69.81789644108947,-1415.1967527678642,-0.0010889563902303223
67.70634177917067,-1415.6566720489573,-0.0010889127481803484
65.50663679861864,-1416.0200144255502,-0.0010889121258266243
63.21662901795402,-1416.2803215458273,-0.0010889780068623622
60.83396523007574,-1416.4311946625444,-0.0010891406301993811
58.356157850712925,-1416.4664710442773,-0.001089434337725237
55.78071255398928,-1416.380493148351,-0.0010898880733378746
53.10534588612859,-1416.1685107876444,-0.001090502752973066
50.32832829913787,-1415.8272651409168,-0.001091208572240987
47.44898952416281,-1415.35580378472,-0.001091803211853204
44.46841014138317,-1414.7565544930853,-0.0010919011290724256
41.390281108679076,-1414.036621641254,-0.0010909816647171056
38.22182745183284,-1413.2091425865067,-0.0010886652904105176
34.97456686640992,-1412.2943589741956,-0.001085225646260568
31.66455991585157,-1411.3198952502091,-0.0010819456675292827
28.311816033669558,-1410.3197536926546,-0.001080638082562757
24.93875166518713,-1409.3318797498762,-0.0010823215463666713
21.568006308617043,-1408.3947526896327,-0.0010863144765806965
18.220255029316633,-1407.5439454867337,-0.0010908199361097104
14.912650487944749,-1406.8095944669897,-0.0010942882056923509
11.658192204308106,-1406.2152338484327,-0.0010961567098490832
8.465921922563918,-1405.777867062277,-0.0010966628086741537
5.34162289511638,-1405.5088169451224,-0.0010963310605269783
2.288694623879651,-1405.4148784196916,-0.0010956239233514964
-0.6910181317132528,-1405.499446843528,-0.0010948324102280083
-3.5965457367440994,-1405.7634637447372,-0.0010940984479752558
-6.427286415260923,-1406.206139604315,-0.001093471063178697
-9.182653673492574,-1406.8254743407242,-0.0010929530667986853
-11.861847076727498,-1407.6186180602224,-0.0010925296307036092
-14.463715121527478,-1408.5821160667715,-0.0010921827191658906
-16.986684240210536,-1409.7120753239458,-0.0010918970456827992
-19.42873416664335,-1411.0042808726107,-0.0010916616907614696
-21.787405248629472,-1412.4542827895432,-0.0010914697918131822
-24.05982737476381,-1414.057467908037,-0.001091317544712922
-26.24276309280091,-1415.8091256994755,-0.0010912030976726328
-28.332659499334547,-1417.7045141599747,-0.00109112559111324
-30.325704854567814,-1419.7389289484088,-0.0010910844454485868
-32.217886857465516,-1421.9077771129437,-0.0010910789364615425
-34.00505029319533,-1424.206655306712,-0.0010911080737692203
-35.68295248494641,-1426.6314312520908,-0.0010911707911738233
-37.24731577060841,-1429.1783262058834,-0.0010912664571200992
-38.69387719945907,-1431.8439951350326,-0.0010913957130114227
-40.018436934824145,-1434.62560003091,-0.0010915616360449576
-41.21690861641373,-1437.5208700066014,-0.0010917711718434475
-42.28537738922423,-1440.5281391891544,-0.0010920366358284639
-43.22017470590958,-1443.6463494971931,-0.0010923767141797214
-44.01798363918873,-1446.87499968582,-0.0010928156089065055
-44.675994480341906,-1450.2140141470356,-0.0010933775017250014
-45.192137597327616,-1453.6634950099924,-0.0010940713178975159
-45.56542747180504,-1457.2233107396464,-0.0010948589775203743
-45.796454609986874,-1460.8924687128672,-0.0010956034337468168
-45.8880522500384,-1464.6682293407212,-0.0010960113494249413
-45.84612826261436,-1468.5449646991485,-0.0010956312322925044
-45.680572577522305,-1472.5128692035837,-0.0010940229677487423
-45.40602296650471,-1476.5568012913936,-0.0010911697544386811
-45.04213755065911,-1480.6557216482329,-0.0010879020672156514
-44.612990459933265,-1484.783248664058,-0.001085728356070348
-44.14540903864287,-1488.909595094944,-0.001085801550026133
-43.66650670563792,-1493.0045747666406,-0.0010879300855179963
-43.20108779974459,-1497.0408027169563,-0.0010908090971497586
-42.76967823682516,-1500.9961029255905,-0.0010931509778124848
-42.38760114021071,-1504.8545784382686,-0.0010944299765576204
-42.06504453538902,-1508.6064216221066,-0.0010947932288551954
-41.807771101333046,-1512.2469296460263,-0.0010946322698046629
-41.618082034490925,-1515.7752323476013,-0.0010942838040932656
-41.495762164218505,-1519.1930814432665,-0.0010939426449851908
-41.438872771154756,-1522.5038641460708,-0.0010936875602443052
-41.444357710954534,-1525.711874933283,-0.0010935312650275364
-41.5084795883735,-1528.8218148296655,-0.0010934583061903425
-41.627120681060276,-1531.8384670274927,-0.0010934460049050188
-41.79598408457558,-1534.7664991116424,-0.0010934735800312012
-42.01072464811666,-1537.6103516057237,-0.0010935249497325827
-42.26703204860551,-1540.374183078388,-0.0010935887597849359
-42.5606819769412,-1543.0618509884698,-0.0010936574776518881
-42.88756646539221,-1545.6769142105554,-0.0010937263590786728
-43.24371079661145,-1548.2226479893543,-0.001093792575222352
-43.62528192943966,-1550.7020653624784,-0.0010938545597287685
-44.028591669022966,-1553.117941291456,-0.001093911551819815
-44.45009666309284,-1555.4728371877122,-0.001093963289553912
-44.886396546341665,-1557.7691244599976,-0.0010940098098455309
-45.33423105558587,-1560.0090063134837,-0.0010940513212425174
-45.7904766135855,-1562.194537414211,-0.001094088124499848
-46.25214267049755,-1564.3276412727157,-0.0010941205641081808
-46.71636795970525,-1566.4101253480683,-0.0010941489992282172
-47.180416742947855,-1568.4436939612742,-0.001094173786794883
-47.64167507079549,-1570.429959156469,-0.0010941952719747405
-48.097647056941426,-1572.370449673514,-0.0010942137829497156
-48.5459511507933,-1574.2666182054195,-0.0010942296282845376
-48.984316387312006,-1576.119847114282,-0.00109424309577566
-49.41057859259,-1577.931452773853,-0.001094254452033816
-49.822676526063404,-1579.7026886978015,-0.0010942639426172462
-50.21864794408226,-1581.434747601787,-0.0010942717924118384
-50.59662557391507,-1583.1287625355224,-0.0010942782061338363
-50.95483299158753,-1584.7858072087854,-0.0010942833690545939
-51.29158040093906,-1586.4068956231843,-0.0010942874477519737
-51.60526031477212,-1587.9929811096877,-0.001094290591120206
-51.89434314192048,-1589.5449548606862,-0.0010942929313042526
-52.157372686495194,-1591.0636440347441,-0.0010942945849263808
-52.39296156754392,-1592.54980950238,-0.001094295654278099
-52.599786568970764,-1594.0041432921928,-0.0010942962286617508
-52.77658393091359,-1595.4272657885551,-0.0010942963857623056
-52.92214459497521,-1596.8197227249232,-0.0010942961930928696
-53.035309416867285,-1598.1819820106975,-0.0010942957094361994
-53.114964361265166,-1599.5144304245061,-0.001094294986386135
-53.16003569510015,-1600.817370202908,-0.0010942940697797887
-53.16948519724353,-1602.091015550874,-0.001094293001217661
-53.14230540467383,-1603.33548909911,-0.0010942918195100404
-53.07751491787171,-1604.5508183334498,-0.001094290562113187
-52.97415379146372,-1605.7369320232863,-0.0010942892665233295
-52.83127904013933,-1606.8936566794584,-0.001094287971646235
-52.64796029469699,-1608.0207130773335,-0.001094286719024673
-52.4232756488267,-1609.1177128881427,-0.00109428555409119
-52.1563077439909,-1610.184155471137,-0.0010942845271402213
-51.84614014758398,-1611.2194248909216,-0.0010942836942988698
-51.49185408846567,-1612.2227872385618,-0.0010942831181157686
-51.09252562396333,-1613.1933883517634,-0.0010942828678954797
-50.64722332345082,-1614.1302520486113,-0.001094283019592357
-50.15500656547996,-1615.0322790108844,-0.0010942836551657287
-49.61492455790014,-1615.8982464765702,-0.001094284861189898
-49.02601620304636,-1616.726808926353,-0.0010942867266572343
-48.387310942330224,-1617.5164999748458,-0.0010942893397216658
-47.69783072565105,-1618.2657357030143,-0.0010942927832866545
-46.95659325994361,-1618.9728196921628,-0.0010942971293550485
-46.162616696632554,-1619.635950040054,-0.0010943024321141692
-45.31492591825705,-1620.2532286538171,-0.0010943087198702628
-44.412560578321454,-1620.8226731193538,-0.0010943159861893648
-43.45458503361356,-1621.342231439702,-0.0010943241807108706
-42.440100282852015,-1621.8097999116517,-0.0010943332005215467
-41.36825798773069,-1622.2232443672042,-0.0010943428831016178
-40.238276600716134,-1622.5804249408636,-0.0010943530021867431
-39.04945955744512,-1622.8792244326137,-0.0010943632679687454
-37.801215410338344,-1623.117580218414,-0.0010943733330108785
-36.493079685454646,-1623.2935195156365,-0.0010943828050056226
-35.12473813960341,-1623.4051976430017,-0.00109439126684574
-33.69605098402281,-1623.4509387291246,-0.0010943983035662797
-32.207077531012175,-1623.4292781297045,-0.0010944035346618364
-30.658100618812703,-1623.3390056227145,-0.0010944066490088389
-29.049650086816392,-1623.1792082780516,-0.0010944074385417224
-27.382524517096137,-1622.949311758773,-0.001094405826245648
-25.657810437683874,-1622.6491187207678,-0.001094401884005336
-23.876898204339966,-1622.2788429499537,-0.0010943958367626294
-22.04149384398635,-1621.8391379202642,-0.0010943880510367876
-20.153626253782043,-1621.3311185755263,-0.0010943790080943927
-18.215649299934217,-1620.7563753308257,-0.0010943692645923875
-16.23023854058898,-1620.1169795440544,-0.0010943594054833028
-14.200382495109674,-1619.4154800098493,-0.001094349995296895
-12.129368583424473,-1618.6548903552507,-0.0010943415341575502
-10.020764049415922,-1617.8386675462623,-0.001094334423992649
-7.878392348564754,-1616.9706820246527,-0.0010943289483549279
-5.706305612266021,-1616.0551802654775,-0.0010943252671307135
-3.508753893375928,-1615.0967407635383,-0.001094323424839061
-1.2901519478929184,-1614.1002246131068,-0.0010943233695499544
0.9449556814746178,-1613.0707219377648,-0.0010943249781014686
3.1919305372040934,-1612.013495459855,-0.0010943280832371727
5.44607638103712,-1610.9339224797702,-0.0010943324985497327
7.702674963988755,-1609.8374364748074,-0.0010943380384169643
9.957020882328752,-1608.729469437155,-0.0010943445311255573
12.204455047851553,-1607.615395961877,-0.0010943518248538453
14.44039637543985,-1606.5004799778958,-0.0010943597872188349
16.660371358439008,-1605.3898248951195,-0.0010943682999347004
18.86004126106971,-1604.2883278235986,-0.0010943772504568017
21.035226707098047,-1603.2006384081953,-0.001094386522739299
23.18192948664631,-1602.1311227150834,-0.0010943959889573307
25.29635144057999,-1601.0838325034997,-0.0010944055037978018
27.374910316892713,-1600.0624801160234,-0.0010944149022318328
29.41425252835908,-1599.0704191216641,-0.0010944240012848994
31.41126277737356,-1598.1106307471773,-0.001094432605651896
33.363070553535096,-1597.1857160331042,-0.0010944405164243776
35.267053552480974,-1596.2978935529102,-0.001094447541943211
37.12083811013889,-1595.4490024381287,-0.0010944535094958852
38.92229679357927,-1594.640510362294,-0.0010944582764169652
40.669543336047106,-1593.8735260548322,-0.001094461739381103
42.36092514723237,-1593.1488158462869,-0.001094463841015525
43.99501366804925,-1592.466823691271,-0.0010944645730717184
45.57059287000808,-1591.8276940777082,-0.0010944639760435138
47.08664622100633,-1591.23129721167,-0.0010944621355122308
48.54234245097737,-1590.677255866755,-0.0010944591756052446
49.93702045195956,-1590.164973304727,-0.0010944552504490446
51.270173638121314,-1589.6936617081876,-0.0010944505345737987
52.54143407306128,-1589.2623706138556,-0.0010944452129502125
53.75055664575066,-1588.870014893293,-0.001094439471573061
54.89740354458216,-1588.5154018932633,-0.0010944334892162288
55.98192924308049,-1588.197257416827,-0.001094427430676781
57.00416617285233,-1587.914250295559,-0.001094421441834914
57.964211221110006,-1587.6650153701073,-0.0010944156464800514
58.86221315315312,-1587.4481747584414,-0.0010944101448029375
59.698361025793886,-1587.2623573468773,-0.0010944050133310235
60.472873626793735,-1587.1062164872467,-0.0010944003061061913
61.18598994854582,-1586.9784459238663,-0.0010943960566429656
61.83796068179955,-1586.877794006166,-0.001094392280616363
62.4290406972354,-1586.8030762672927,-0.001094388978809313
62.95948246901785,-1586.753186466272,-0.001094386140187531
63.429530384787704,-1586.7271062021423,-0.001094383744939642
63.83941588051316,-1586.7239132137602,-0.0010943817673934042
64.18935333575507,-1586.7427884795563,-0.001094380178594201
64.47953666475142,-1586.7830222283094,-0.0010943789486554667
64.71013654083053,-1586.8440189657554,-0.0010943780487434884
64.88129819559194,-1586.9253016133193,-0.001094377452706588
64.99313973965195,-1587.0265148450412,-0.0010943771383870454
65.0457509581906,-1587.1474276974016,-0.0010943770886908746
65.03919254175014,-1587.287935514658,-0.001094377292256591
64.97349572045935,-1587.448061279832,-0.001094377743898138
64.84866227786624,-1587.6279563688922,-0.0010943784447300445
64.66466492865547,-1587.8279007532112,-0.0010943794021437275
64.42144805253257,-1588.0483026631616,-0.0010943806293683134
64.11892878431142,-1588.289697713962,-0.001094382144953443
63.75699846759351,-1588.5527474836783,-0.0010943839718461912
63.33552448621848,-1588.8382375228234,-0.0010943861362640583
62.85435249373608,-1589.147074765399,-0.001094388666357582
62.31330906632515,-1589.4802843027228,-0.0010943915904838564
61.712204808676475,-1589.8390054741753,-0.0010943949353497961
61.05083794515879,-1590.2244872233978,-0.0010943987238025699
60.32899842987989,-1590.6380826647408,-0.001094402972496411
59.54647260880719,-1591.0812428033244,-0.001094407689357979
58.70304846469016,-1591.5555093532664,-0.0010944128710046463
57.79852147090445,-1592.0625066028904,-0.0010944185000820728
56.83270107331437,-1592.6039322834554,-0.0010944245429964639
55.80541780966711,-1593.1815474095117,-0.0010944309477207703
54.716531063798385,-1593.7971650746708,-0.0010944376423083213
53.56593743704579,-1594.4526382065922,-0.0010944445340510534
52.35357970185221,-1595.149846309339,-0.0010944515096227292
51.07945628286135,-1595.8906812497485,-0.0010944584363392629
49.74363118928907,-1596.677032176679,-0.0010944651647761816
48.34624429960707,-1597.510769697184,-0.00109447153274278
46.88752187638974,-1598.3937294707805,-0.0010944773707635136
45.367787166514134,-1599.3276954206613,-0.0010944825088294863
43.78747092087376,-1600.3143827972922,-0.0010944867843321049
42.14712164957462,-1601.355421363429,-0.001094490050850716
40.447415414468026,-1602.4523389981507,-0.0010944921872573232
38.689164952036954,-1603.6065460389211,-0.0010944931066099173
36.87332791716017,-1604.819320693,-0.0010944927644001012
35.001014042979016,-1606.0917958509542,-0.001094491165396505
33.073491024531144,-1607.424947624274,-0.0010944883686381246
31.092188954169565,-1608.8195859053524,-0.0010944844901796813
29.058703164816176,-1610.2763472112165,-0.0010944797033012321
26.974795372148108,-1611.7956900229708,-0.0010944742361527204
24.842393047824086,-1613.3778927721912,-0.0010944683668920874
22.663587001429295,-1615.0230545554516,-0.001094462416771691
20.440627197302152,-1616.731098581247,-0.0010944567413844197
18.175916882011784,-1618.5017782726966,-0.0010944517207374105
15.872005147161394,-1620.334685867642,-0.0010944477486756199
13.531578098667193,-1622.2292632782128,-0.001094445222227236
11.15744884615435,-1624.184814897536,-0.0010944445311196205
8.752546563326355,-1626.2005219745784,-0.0010944460479098694
6.31990490110155,-1628.2754581212662,-0.0010944501188578926
3.862650059272006,-1630.4086054706165,-0.001094457055698328
1.3839888390008697,-1632.5988709716669,-0.0010944671279915497
-1.1128029925683738,-1634.845102287075,-0.0010944805559685022
-3.6243916930217996,-1637.1461027524917,-0.0010944975038000848
-6.147395564501997,-1639.5006448630402,-0.0010945180724650783
-8.678393690515763,-1641.9074817711214,-0.0010945422924848458
-11.213933099514133,-1644.3653563110458,-0.0010945701156668264
-13.750534095196167,-1646.8730071094744,-0.001094601406116169
-16.28469353251823,-1649.4291713965397,-0.001094635929970167
-18.812885867232445,-1652.0325842013885,-0.0010946733444665568
-21.331561866671244,-1654.6819736988355,-0.0010947131863492388
-23.837144941917916,-1657.3760525724306,-0.0010947548610413804
-26.326025148041683,-1660.1135053755766,-0.001094797633642841
-28.794551001195654,-1662.892972008595,-0.0010948406241393371
-31.23901938007831,-1665.7130275879763,-0.0010948828095127539
-33.655663914597234,-1668.5721591658341,-0.0010949230362911067
-36.040642415032046,-1671.4687399628133,-0.001094960047096194
-38.39002405673938,-1674.4010020038347,-0.0010949925250720582
-40.69977720152036,-1677.367008287083,-0.001095019158421806
-42.96575889635394,-1680.3646258617193,-0.0010950387262145256
-45.183707228080834,-1683.3915014223917,-0.0010950502022630815
-47.349237809223816,-1686.445041225962,-0.0010950528706938911
-49.45784570229903,-1689.5223972692881,-0.0010950464403212123
-51.50491403290318,-1692.620461703679,-0.0010950311414106295
-53.48573037227861,-1695.7358713682022,-0.0010950077838565164
-55.39551167064884,-1698.8650240711634,-0.0010949777564999152
-57.22943808724905,-1702.004107818502,-0.0010949429520348275
-58.982695501851204,-1705.1491435791008,-0.0010949056119908818
-60.65052583601984,-1708.2960414136635,-0.001094868101075619
-62.22828361171017,-1711.4406689265827,-0.0010948326364701444
-63.71149649940621,-1714.5789301055418,-0.0010948010116287321
-65.0959270371614,-1717.7068517865155,-0.0010947743607587768
-66.37763231331981,-1720.820674323227,-0.0010947530062725974
-67.5530182615422,-1723.9169426405313,-0.0010947364170661444
-68.61888535092729,-1726.9925937741054,-0.0010947232829465747
-69.57246286356848,-1730.0450372678695,-0.0010947116865818174
-70.41142959530505,-1733.0722253938052,-0.0010946993341622857
-71.13391961844981,-1736.0727110118987,-0.0010946837971648193
-71.73851261315993,-1739.0456919057121,-0.0010946627182040203
-72.22420910737115,-1741.991041502749,-0.0010946339458453025
-72.59039167511227,-1744.9093269143432,-0.0010945955797669882
-72.836773663496,-1747.8018161241503,-0.0010945459237170496
-72.96333731251225,-1750.6704768653176,-0.001094483356606446
-72.97026319053082,-1753.5179702367002,-0.0010944061380673276
-72.85785270747489,-1756.3476424328794,-0.0010943121653763654
-72.62644511774565,-1759.1635181416523,-0.0010941986944796867
-72.27632992322462,-1761.9702992537148,-0.0010940620330934792
-71.80765496807672,-1764.7733725990993,-0.0010938972110317025
-71.22032980844504,-1767.57883054258,-0.0010936976381898944
-70.51392315681365,-1770.3935085023957,-0.0010934547839962505
-69.6875523469367,-1773.225043863331,-0.0010931579698514327
-68.73976183878345,-1776.0819613836675,-0.0010927945000922534
-67.66838678919137,-1778.9737910654912,-0.0010923506475286615
-66.47039669541289,-1781.9112255257144,-0.0010918146327441036
-65.14171322115051,-1784.9063249797139,-0.0010911840635614567
-63.67699593129228,-1787.9727784988058,-0.0010904830968136991
-62.06939075172948,-1791.1262289199933,-0.0010898003577786142
-60.31024076206085,-1794.3846626209142,-0.0010893699957534864
-58.38877245748232,-1797.7688473912256,-0.001089737947712166
-56.29180403238301,-1801.302756397054,-0.0010920778105933948
-54.0035995230491,-1805.0138103667293,-0.0010986881796348769
-51.50616232495048,-1808.932535675397,-0.0011133412997530456
-48.78060794983955,-1813.090753961052,-0.001139543572975299
-45.810863556986696,-1817.5165664854846,-0.0011704849533131778
-42.59162347542887,-1822.2234239500765,-0.00116406532318436
-39.14187451099741,-1827.191378195123,-0.0010446916749877744
-35.519915680182905,-1832.3460593127973,-0.0008620130392387182
-31.825204252248035,-1837.5557052303748,-0.0008786688800199727
-28.17315809082368,-1842.6656435912018,-0.001095553877739519
-24.656743346926785,-1847.5512157508508,-0.001243341001607945
-21.326288653986996,-1852.145573657376,-0.001267212698728315
-18.194995116132393,-1856.4320115572923,-0.0012456548369605969
-15.254209798160186,-1860.4229264100693,-0.0012244314090423813
-12.48584935340949,-1864.1428179075203,-0.0012124656056471395
-9.869415477494577,-1867.6187865088016,-0.0012073296836696557
-7.385195809669451,-1870.876276790083,-0.0012058111815100858
-5.015436542933465,-1873.9375837824193,-0.00120590847964408
-2.744583745070101,-1876.8216108416595,-0.0012066072810199557
-0.5591474862605703,-1879.5441227915562,-0.0012074477997785493
1.552557360774117,-1882.1181524282626,-0.0012082429550162033
3.6006857605993394,-1884.5544182984183,-0.0012089301788122953
5.594111295074484,-1886.861701886621,-0.0012094999780458693
7.540636748975404,-1889.0471710278664,-0.0012099631657278564
9.447166012512067,-1891.116651793644,-0.0012103364867463995
11.319841097285156,-1893.074856375168,-0.0012106367115976013
13.164149138278056,-1894.9255754999158,-0.0012108785107756148
14.98500407144052,-1896.6718432691248,-0.0012110739553712335
16.786807091633758,-1898.3160811071957,-0.001211232663944628
18.573489372829368,-1899.8602262177035,-0.001211362167659047
20.348540013642783,-1901.3058487034332,-0.0012114683142918636
22.115021799916658,-1902.6542603674789,-0.0012115556436178565
23.875577151160858,-1903.9066171642405,-0.0012116277131273279
25.632426517138555,-1905.0640163014784,-0.0012116873717111787
27.387361481116308,-1906.1275881051238,-0.001211736982350331
29.141734866045198,-1907.0985819609577,-0.0012117785943992487
30.89645018305498,-1907.9784449717622,-0.001211814064628669
32.651952760400654,-1908.7688914579035,-0.0012118451247697948
34.408224800986574,-1909.4719611311775,-0.0012118733971497875
36.164786402918374,-1910.0900637279353,-0.001211900363990992
37.920704221384405,-1910.6260081221624,-0.0012119273038067035
39.67460895409744,-1911.0830144485062,-0.0012119552135079203
41.42472222274528,-1911.4647085111455,-0.0012119847386546923
43.16889274729685,-1911.7750986650028,-0.0012120161328628143
44.90464103161962,-1912.0185363330604,-0.001212049259647685
46.62921116576543,-1912.1996622572901,-0.0012120836409295066
48.339627864091675,-1912.3233413659727,-0.0012121185449966987
50.03275654397128,-1912.3945896939674,-0.0012121530984963158
51.70536412862022,-1912.4184970657222,-0.0012121864026628515
53.354178325679435,-1912.400149233613,-0.0012122176363007497
54.97594336454853,-1912.3445528832406,-0.0012122461315264843
56.567470528404165,-1912.256566427259,-0.001212271417313282
58.12568224235365,-1912.1408388808252,-0.0012122932310774104
59.64764892891997,-1912.0017584189975,-0.0012123115048403577
61.13061827448037,-1911.8434115267382,-0.001212326334091074
62.57203693430772,-1911.6695530191412,-0.0012123379385320376
63.969565020060216,-1911.4835866698058,-0.0012123466215170353
65.32108395334805,-1911.2885557586842,-0.0012123527334884088
66.62469843261584,-1911.0871425424687,-0.0012123566421538001
67.87873335454033,-1910.8816754548154,-0.0012123587102941258
69.08172656576264,-1910.6741427470986,-0.001212359280299058
70.2324183080426,-1910.4662112657052,-0.0012123586649215312
71.32973817192638,-1910.25924911053,-0.0012123571424940138
72.37279030190945,-1910.0543510133336,-0.0012123549552276458
73.36083750948148,-1909.8523653979037,-0.001212352309759357
74.29328485722574,-1909.6539222229217,-0.0012123493788771533
75.16966318342207,-1909.4594608521822,-0.0012123463043023364
75.9896129468574,-1909.2692573371478,-0.001212343199469057
76.75286868886677,-1909.0834506278252,-0.0012123401528050248
77.45924433593119,-1908.902067345883,-0.001212337230952043
78.10861950244393,-1908.7250448565726,-0.001212334482024735
78.70092689980824,-1908.5522524625853,-0.001212331938535538
79.23614091461825,-1908.3835106135512,-0.0012123296204245015
79.71426738470656,-1908.2186080803083,-0.0012123275378960185
80.13533457649723,-1908.0573170845926,-0.00121232569378249
80.49938534942603,-1907.8994064039232,-0.0012123240860339723
80.80647048217628,-1907.7446524898392,-0.0012123227094735234
81.05664313011589,-1907.5928486469056,-0.0012123215576700236
81.24995438263271,-1907.4438123216692,-0.0012123206243346701
81.38644989212096,-1907.2973905464864,-0.0012123199042872838
81.46616755229628,-1907.1534635742996,-0.001212319394314848
81.48913621148475,-1907.011946728307,-0.001212319093464094
81.45537541575028,-1906.872790476317,-0.0012123190031160247
81.36489618642037,-1906.735978724584,-0.0012123191267781191
81.21770284596137,-1906.60152531135,-0.001212319469304557
81.01379591443339,-1906.469468667359,-0.0012123200360330544
80.75317610505981,-1906.3398646006517,-0.0012123208312904699
80.43584945085219,-1906.2127771573998,-0.0012123218567016147
80.06183359372913,-1906.0882675109906,-0.00121232310891628
79.6311652620737,-1905.9663808397115,-0.0012123245772991398
79.14390895103928,-1905.847131171053,-0.0012123262410004276
78.60016680095946,-1905.7304841996734,-0.0012123280661184843
78.00008964179457,-1905.616338128302,-0.0012123300021391614
77.34388913462361,-1905.5045026378946,-0.0012123319787362696
76.63185089396845,-1905.394676166436,-0.0012123339024481261
75.86434841681293,-1905.2864217654787,-0.0012123356534661234
75.04185757572588,-1905.1791419093609,-0.0012123370828547309
74.16497135548495,-1905.0720527523606,-0.0012123380104998027
73.23441442702683,-1904.9641584602705,-0.001212338223978815
72.25105706267965,-1904.8542263794402,-0.0012123374792620822
71.21592780718693,-1904.7407639402506,-0.001212335503047779
70.13022423631709,-1904.6219983126043,-0.0012123319983237124
68.99532106676644,-1904.4958599253252,-0.0012123266534649346
67.81277483690066,-1904.3599710141173,-0.0012123191553694568
66.58432436788782,-1904.2116403575324,-0.0012123092073741404
65.31188624937847,-1904.0478652809713,-0.001212296551445391
63.99754468255179,-1903.865341840921,-0.0012122809934895784
62.64353516308386,-1903.6604838358355,-0.001212262429188371
61.25222170020738,-1903.4294509241029,-0.0012122408669119622
59.82606754228026,-1903.1681856713294,-0.0012122164423455928
58.367599703315626,-1902.872458818857,-0.0012121894202010708
56.8793679394023,-1902.5379214963527,-0.0012121601781185376
55.36389918129494,-1902.1601625386982,-0.001212129170969689
53.823648755691636,-1901.734768565064,-0.0012120968762641127
52.260949985924334,-1901.2573840919927,-0.0012120637249850574
50.677963918027025,-1900.7237687329266,-0.0012120300269220508
49.076630943086116,-1900.1298485198122,-0.0012119958991529955
47.458625966937845,-1899.4717585818314,-0.0012119612076979536
45.825318515611905,-1898.745874818913,-0.0012119255280556018
44.177738778684905,-1897.94883277305,-0.0012118881259972625
42.516550117087114,-1897.0775325659654,-0.0012118479542451155
40.842028040706815,-1896.1291294610103,-0.0012118036562256407
39.15404514057631,-1895.1010102418406,-0.0012117535638918042
37.45206098157574,-1893.990756110655,-0.0012116956780889865
35.735115554052,-1892.7960931422176,-0.0012116276174172214
34.00182456067672,-1891.5148314556857,-0.0012115465268109915
32.25037457582758,-1890.1447941748909,-0.001211448936420112
30.478515941121074,-1888.683736946246,-0.0012113305648391304
28.68355112263799,-1887.1292582886072,-0.001211186061265579
26.862316114612888,-1885.4787003793012,-0.0012110086876369053
25.0111522877572,-1883.7290390473213,-0.0012107899507078912
23.125865802937064,-1881.8767607491197,-0.0012105192266638198
21.20167129878016,-1879.9177231319338,-0.001210183489963157
19.233115977205543,-1877.8469944221754,-0.001209767417488905
17.21397943370111,-1875.658665295949,-0.0012092544920534465
15.137143634941165,-1873.3456251242128,-0.0012086304997467323
12.994426473475677,-1870.8992927036024,-0.0012078924831051552
10.77637173588388,-1868.3092903063791,-0.001207069813091266
8.471989145665336,-1865.5630504793385,-0.0012062716497958093
6.068442879444189,-1862.6453508469037,-0.0012057905062476948
3.5507014283834697,-1859.5377911596104,-0.0012063196615699212
0.9011992245433672,-1856.218277299816,-0.001209377397717759
-1.9003491492761175,-1852.6607000944023,-0.0012179961158125252
-4.876635166210195,-1848.8352801634796,-0.0012372250244467864
-8.051158393084913,-1844.7106557310888,-0.001271559477693529
-11.443760589969626,-1840.2599042539075,-0.0013096034332313877
-15.060778242081984,-1835.4740013265032,-0.0012863967538265797
-18.87819116581505,-1830.38502979905,-0.0010996296460206167
-22.823890068891178,-1825.09073510975,-0.0008789554699646374
-26.77937513706444,-1819.752263310387,-0.0009996569741232975
-30.615842960351078,-1814.544263990898,-0.0013096682077637922
-34.23955180014827,-1809.5922237466423,-0.0014494142908958452
-37.60797534447096,-1804.9504388978391,-0.0014431540247556995
-40.71698913215416,-1800.6200943397669,-0.0014071605637546725
-43.58191000255246,-1796.5756553034264,-0.0013829270623695322
-46.22460959124749,-1792.7826791046691,-0.0013719057405765511
-48.66714521111245,-1789.206537445856,-0.0013683844984733184
-50.929262365262595,-1785.815777348344,-0.0013682187895582842
-53.027728750367345,-1782.5829673866313,-0.0013692823723303604
-54.976416714242504,-1779.4845306888901,-0.001370636509378187
-56.786639588397165,-1776.500245584144,-0.0013719157106493185
-58.46753635635505,-1773.6126942508902,-0.001373005648606096
-60.02642818788562,-1770.8067621540558,-0.0013738933066065329
-61.469124691993194,-1768.0692170638315,-0.0013746015409985546
-62.80017913364717,-1765.388367785259,-0.0013751620466102565
-64.02309926531971,-1762.7537931391034,-0.0013756050833784172
-65.14052212942597,-1760.1561298031131,-0.0013759562461821417
-66.1543607339957,-1757.5869084937528,-0.001376236033703293
-67.06592936372606,-1755.038429634996,-0.0013764604072701303
-67.87605304140124,-1752.5036713350553,-0.0013766415994691528
-68.58516550082214,-1749.9762238992455,-0.0013767888934790307
-69.19339901678056,-1747.4502461817901,-0.001376909286133099
-69.70066854695061,-1744.9204398359348,-0.001377008025485793
-70.10675184554557,-1742.3820380027892,-0.0013770890409077197
-70.41136648222474,-1739.8308052360885,-0.0013771552886563398
-70.61424402549946,-1737.2630455471276,-0.0013772090346027
-70.71520102521399,-1734.6756154293032,-0.0013772520887318507
-70.71420586597928,-1732.0659386471746,-0.0013772859994052311
-70.61144008905399,-1729.4320195169319,-0.001377312208637349
-70.40735243101571,-1726.7724514312492,-0.001377332163782441
-70.10270364525935,-1724.0864175549277,-0.0013773473788170065
-69.69860019490575,-1721.3736809887923,-0.0013773594391128796
-69.19651515770232,-1718.6345622954875,-0.001377369948555085
-68.59829516652887,-1715.8699030974567,-0.001377380427335595
-67.9061528947484,-1713.0810154521319,-0.0013773921784423493
-67.12264542342544,-1710.2696178027254,-0.0013774061497260348
-66.25063970971125,-1707.4377593870386,-0.0013774228222400708
-65.293267209204,-1704.587735940845,-0.0013774421515657664
-64.25387038756381,-1701.7220002444194,-0.0013774635789189915
-63.13594430476876,-1698.843071447411,-0.0013774861133306615
-61.94307661959858,-1695.9534471301583,-0.0013775084707132734
-60.67888923450182,-1693.05552173169,-0.0013775292451052579
-59.34698441529724,-1690.1515143563493,-0.0013775470818604418
-57.95089764176237,-1687.2434081564597,-0.0013775608262296402
-56.494058757624074,-1684.332902586992,-0.0013775696287146033
-54.979762277566095,-1681.4213789450598,-0.0013775729992353547
-53.41114704903232,-1678.5098788279283,-0.0013775708128749287
-51.79118491200065,-1675.599094525109,-0.001377563276374616
-50.122677580991834,-1672.6893699294528,-0.0013775508691349359
-48.408260698499085,-1669.780710308099,-0.0013775342719437589
-46.65041386821671,-1666.8727991957262,-0.0013775142949032926
-44.85147544873483,-1663.9650207268623,-0.001377491812802667
-43.013660946945215,-1661.0564858736475,-0.0013774677122508905
-41.13908396773266,-1658.1460612644391,-0.001377442852126265
-39.22977882770548,-1655.2323994960734,-0.0013774180368644195
-37.287724105324436,-1652.3139700943152,-0.0013773940002330676
-35.31486656248068,-1649.389090505967,-0.0013773713970497425
-33.31314502281634,-1646.4559567114395,-0.0013773507998866563
-31.284513923384974,-1643.5126732224853,-0.0013773326982118306
-29.230966365192643,-1640.5572823740663,-0.0013773174973588098
-27.154556573428295,-1637.5877929319997,-0.0013773055158452507
-25.057421739728383,-1634.6022081203266,-0.0013772969794239032
-22.9418032571741,-1631.598553225845,-0.0013772920109147435
-20.81006737457594,-1628.5749029631957,-0.0013772906157214493
-18.664725290520618,-1625.5294087830268,-0.0013772926631094862
-16.508452679985446,-1622.4603262780688,-0.0013772978641402034
-14.344108597276769,-1619.366042786819,-0.0013773057482069362
-12.174753628937385,-1616.2451052109948,-0.0013773156409015996
-10.003667079897099,-1613.0962479501243,-0.001377326647041599
-7.834362867324719,-1609.9184207145197,-0.0013773376436354567
-5.670603672833351,-1606.7108158078963,-0.0013773472885407756
-3.5164127706740715,-1603.4728942771037,-0.0013773540510513271
-1.3760828160879575,-1600.2044101162933,-0.0013773562692129815
0.745819243699041,-1596.9054314983298,-0.0013773522379612047
2.844452067433773,-1593.5763578042443,-0.0013773403277586027
4.91470560583691,-1590.2179310538795,-0.0013773191287231867
6.951213534758342,-1586.8312402335841,-0.0013772876083191221
8.94837328653898,-1583.417716997779,-0.0013772452642832889
10.900374317343628,-1579.9791213170197,-0.0013771922481655707
12.801234919931742,-1576.5175158764691,-0.0013771294323134953
14.644847449731524,-1573.0352284048506,-0.0013770583950414306
16.425031293861768,-1569.534801628141,-0.001376981307801728
18.135592311370864,-1566.018931167581,-0.0013769007216719586
19.770386857779915,-1562.4903923901818,-0.0013768192690584158
21.323387938984244,-1558.9519579057396,-0.0013767393145194262
22.78875058363735,-1555.4063080101114,-0.001376662601590084
24.16087323824028,-1551.8559368218616,-0.0013765899455844277
25.43445191755746,-1548.3030570813473,-0.001376521015227894
26.60452400135518,-1544.7495065332007,-0.001376454226871715
27.666498942854926,-1541.1966584806917,-0.0013763867506426664
28.616173700367398,-1537.645338501653,-0.0013763146027212514
29.44973135226396,-1534.0957484969783,-0.0013762327771047467
30.163722022788253,-1530.5473982691733,-0.001376135360764863
30.755025845027813,-1526.9990437705221,-0.0013760155731645796
31.220798138131876,-1523.4486300801134,-0.001375865681172428
31.558397214571826,-1519.893236107704,-0.0013756767526693636
31.76529521498818,-1516.329016992913,-0.0013754382324258074
31.838972066515744,-1512.7511391508424,-0.0013751373521628807
31.77679206404613,-1509.1537018590398,-0.0013747584411376579
31.57586168301834,-1505.5296381103444,-0.0013742823187889996
31.232866060804007,-1501.8705860865025,-0.001373686216712855
30.743880174711688,-1498.1667209756915,-0.0013729452798187936
30.104149219569685,-1494.4065349948517,-0.001372038061273173
29.30783137043512,-1490.5765516782706,-0.001370961477906718
28.347695826051368,-1486.6609597047152,-0.0013697674384403058
27.214771766610525,-1482.6411542796684,-0.0013686478389303147
25.89795438802335,-1478.4951866213553,-0.0013681237121261347
24.38360363866228,-1474.1971593958067,-0.0013694427749584293
22.65524524243554,-1469.7167029121626,-0.0013753205607827113
20.693658391112358,-1465.0189015177689,-0.0013908994511631079
18.478022795055832,-1460.0655701190888,-0.001423031062113722
15.989567496886801,-1454.8198490356956,-0.0014694544778244278
13.22029503422133,-1449.2576908962844,-0.0014807654202044773
10.189468104011587,-1443.3900961788324,-0.0013329658475171868
6.96466389790471,-1437.2920345585644,-0.0010525725038448286
3.6684483253116675,-1431.112297682334,-0.0010692981359845533
0.4474984039268128,-1425.032320458297,-0.001410016736947739
-2.5799130490980304,-1419.1954222079141,-0.0016162290238881383
-5.351257583522367,-1413.6703932134637,-0.0016308941558094148
-7.850685877461893,-1408.4644956175994,-0.0015932114531516106
-10.087914945398484,-1403.5523531103895,-0.0015649692418939765
-12.082464543775428,-1398.8971310093573,-0.0015519144966624765
-13.855498849288672,-1394.4612180732304,-0.0015478345858532805
-15.426468311164479,-1390.2104081408993,-0.0015477650318018732
-16.81208196836736,-1386.1150011495909,-0.0015491316791518273
-18.02625664522221,-1382.149665221988,-0.0015508101981005495
-19.080417506382464,-1378.2928935977127,-0.0015523735079874257
-19.98388693872249,-1374.5263963305715,-0.001553695168045266
-20.744261084563544,-1370.8345495510969,-0.001554766867815971
-21.367741893607523,-1367.2039357655908,-0.001555620191112439
-21.859419827810036,-1363.6229745579021,-0.0015562951402507963
-22.22351208190268,-1360.0816318306727,-0.0015568286820055732
-22.46356371000059,-1356.5711935056897,-0.0015572515054991243
-22.582618789147986,-1353.084090608252,-0.0015575879301010787
-22.583367550564812,-1349.6137645490523,-0.0015578568550438376
-22.46827401626926,-1346.1545633057224,-0.001558072911041819
-22.23968737679861,-1342.7016608154015,-0.0015582475066295842
-21.899939230310338,-1339.2509931818315,-0.0015583896778927908
-21.451427898463436,-1335.7992063273032,-0.001558506733365661
-20.896690341414104,-1332.3436105588996,-0.001558604713224554
-20.238461709469973,-1328.882138246764,-0.0015586886902330122
-19.479722288416422,-1325.413301494425,-0.0015587629416913273
-18.623731513075228,-1321.9361473647523,-0.001558831023233509
-17.67404882705208,-1318.4502089365637,-0.001558895777398206
-16.634541433722752,-1314.955451211163,-0.0015589593107883104
-15.509379379830913,-1311.4522116490105,-0.0015590229731028415
-14.303018891912682,-1307.9411358605018,-0.0015590873662567617
-13.020175391125894,-1304.4231096555955,-0.0015591524030025283
-11.665788084240768,-1300.8991892250885,-0.0015592174226455313
-10.244978411400906,-1297.3705316368414,-0.0015592813569487163
-8.763004879702596,-1293.8383280516387,-0.0015593429291698158
-7.225216897719118,-1290.3037420832557,-0.0015594008599997267
-5.637010142317716,-1286.7678555549392,-0.001559454052948439
-4.003785748243827,-1283.2316235691485,-0.0015595017358318586
-2.3309152424418538,-1279.6958403531382,-0.0015595435421893455
-0.6237126890647131,-1276.1611168212228,-0.0015595795277167923
1.1125849887488986,-1272.6278702560444,-0.0015596101259145456
2.872829047514239,-1269.096325998687,-0.0015596360551715094
4.651961334143394,-1265.56653058119,-0.001559658193508895
6.445008505209078,-1262.0383753502413,-0.0015596774394346369
8.247068856661038,-1258.5116293187687,-0.0015596945750822044
10.053292872659885,-1254.9859797327797,-0.0015597101464628338
11.85885885730586,-1251.4610786370781,-0.0015597243722549337
13.658945226451678,-1247.9365935464912,-0.0015597370902113994
15.448701217048484,-1244.412260162986,-0.0015597477477928834
17.22321792201149,-1240.8879349152062,-0.0015597554414252812
18.977501674813784,-1237.3636449381552,-0.0015597590058362698
20.70645187569329,-1233.8396329730056,-0.0015597571502201646
22.404845346749276,-1230.3163945798324,-0.001559748631978053
24.067329195364138,-1226.7947050604146,-0.0015597324507972132
25.68842392092171,-1223.27563363138,-0.001559708037740748
27.26253809003053,-1219.7605427152557,-0.0015596754077300545
28.78399531531685,-1216.2510707612435,-0.001559635242237789
30.24707350994506,-1212.7490977771533,-0.0015595888749864173
31.646055491766216,-1209.2566937227102,-0.0015595381669815112
32.975289047052165,-1205.7760510159642,-0.0015594852784470703
34.22925363162443,-1202.309403534356,-0.001559432367868041
35.402630099920266,-1198.8589355191568,-0.0015593812668619478
36.49036932012436,-1195.4266845793259,-0.0015593331876537775
37.487755341193306,-1192.0144434199335,-0.0015592885139614765
38.39045896677833,-1188.6236649159814,-0.0015592467066660731
39.19457814778831,-1185.2553746992787,-0.0015592063284710633
39.8966624604063,-1181.9100945727946,-0.001559165164904286
40.49371997704591,-1178.5877789168433,-0.0015591203989337998
40.98320592833335,-1175.2877649414013,-0.0015590687883726417
41.362993560011226,-1172.0087363122427,-0.0015590067979101008
41.63132839716424,-1168.7486984598588,-0.0015589306487129306
41.7867676629781,-1165.5049628554211,-0.00155883626269393
41.828106824647875,-1162.274136745859,-0.0015587190901751313
41.754295155769576,-1159.0521142712944,-0.0015585738172418928
41.56434183928098,-1155.8340644931307,-0.001558393952009851
41.25721352715404,-1152.6144115609818,-0.0015581712881740373
40.83172346164552,-1149.3868019436522,-0.0015578952477710573
40.286411276304165,-1146.1440532359843,-0.001557552121791872
39.6194114444666,-1142.8780784183211,-0.0015571242844245603
38.82830702265807,-1139.579778479139,-0.0015565896032008197
37.90996383177257,-1136.238894917239,-0.0015559216241101126
36.86033853458413,-1132.8438117635799,-0.0015550919390996398
35.67425229498618,-1129.3812944738486,-0.0015540780432807821
34.345120181542825,-1125.8361507409636,-0.001552884303258395
32.86462617625068,-1122.1907971995681,-0.0015515933308627439
31.222337079263813,-1118.4247194457691,-0.0015504861320430052
29.405261958700486,-1114.51382908613,-0.0015503120530730996
27.39740199009422,-1110.4297709333994,-0.0015528589792772607
25.179433550258672,-1106.1393640948093,-0.0015619992269542138
22.728903638716623,-1101.6046814092213,-0.0015848647613765365
20.021847123791755,-1096.785001747744,-0.001629570142739567
17.037771409738365,-1091.6433137275765,-0.0016849736627975176
13.771305241983423,-1086.1619728992853,-0.001662169107707001
10.25294937345981,-1080.3710581220228,-0.0014081933243943467
6.571072179716516,-1074.3788776092308,-0.001125544501519471
2.86795056331704,-1068.3672139616353,-0.0013401219114861362
-0.7077609515189688,-1062.5267436971017,-0.0017381033512364752
-4.054648583984168,-1056.9840428022355,-0.001873829080835776
-7.131637627956557,-1051.7842300098644,-0.0018475731747393809
-9.938731072877554,-1046.917736625215,-0.0018036113899917439
-12.49477021423126,-1042.3507236550174,-0.0017786515358366728
-14.823945055167702,-1038.04325044602,-0.001768894187662795
-16.94971030599841,-1033.957255317468,-0.0017667078007086445
-18.892651544433434,-1030.059183610063,-0.0017675372274581491
-20.670076337657818,-1026.3203306506018,-0.0017692761454490835
-22.29625287896321,-1022.7163644159502,-0.001771078652403446
-23.78283679277864,-1019.2266407573559,-0.0017726577812240407
-25.139308136383832,-1015.833541347268,-0.0017739526635054403
-26.373359115931724,-1012.5219061824062,-0.0017749843069019278
-27.491220050476148,-1009.2785713886288,-0.0017757967977090061
-28.49792819132731,-1006.0920020632022,-0.0017764350715268051
-29.397548984284345,-1002.9520046656648,-0.0017769377120053775
-30.193359718395662,-999.8495040029359,-0.0017773356098302884
-30.88800429048213,-996.7763721226418,-0.001777652684740616
-31.483626229486468,-993.7252988904884,-0.0017779071566472737
-31.981985599984224,-990.689696153419,-0.0017781128034179972
-32.38456406064969,-987.6636290493391,-0.0017782800314627423
-32.69266119440639,-984.6417692326373,-0.001778416732824084
-32.90748421925065,-981.6193656064909,-0.0017785289530145576
-33.030232296522705,-978.5922286629832,-0.0017786214049806404
-33.06217585228245,-975.556724806082,-0.0017786978601819214
-33.00473060989567,-972.5097771461325,-0.001778761439833687
-32.85952540872556,-969.4488692851197,-0.0017788148221136169
-32.62846238252083,-966.3720486393593,-0.001778860374349378
-32.31376773162081,-963.2779259504757,-0.0017789002180403912
-31.91803119010989,-960.1656678902917,-0.0017789362341193993
-31.444232401319063,-957.0349801284141,-0.0017789700209451809
-30.895752793092157,-953.8860789324997,-0.001779002822781095
-30.276372178413425,-950.7196503007546,-0.0017790354523690155
-29.590250149642852,-947.5367967283346,-0.0017790682337643915
-28.841893299084646,-944.3389728836762,-0.0017791009889602805
-28.03611026777828,-941.1279125846547,-0.0017791330830831953
-27.177957468133933,-937.9055503746949,-0.0017791635295303365
-26.272678924663545,-934.6739415796376,-0.001779191141514147
-25.32564394500721,-931.4351848954101,-0.001779214704889398
-24.342286236665174,-928.1913512946927,-0.0017792331419279606
-23.328047646991593,-924.9444223948922,-0.001779245638674709
-22.28832899980828,-921.6962405030043,-0.0017792517186556722
-21.228449639886787,-918.4484714821883,-0.0017792512583199027
-20.153616395919215,-915.2025805130442,-0.0017792444519635353
-19.068901841853062,-911.9598198733672,-0.0017792317421321258
-17.97923105691541,-908.7212271206137,-0.0017792137343271008
-16.889375602815758,-905.4876315749648,-0.0017791911131208593
-15.803953164694676,-902.2596667704337,-0.001779164571777514
-14.72743122470346,-899.0377865381301,-0.00177913476157876
-13.66413321951066,-895.8222825616117,-0.0017791022615742946
-12.618245832510787,-892.6133015436085,-0.001779067565555792
-11.593826344086992,-889.4108604924387,-0.0017790310810390508
-10.59480926946357,-886.214859028716,-0.0017789931343248355
-9.625011821405264,-883.0250879922978,-0.0017789539766930318
-8.688138020575098,-879.8412339702592,-0.0017789137878008177
-7.787781524045783,-876.6628796528819,-0.0017788726740413097
-6.927427443503378,-873.4895001478733,-0.0017788306610153626
-6.110453575952146,-870.320455540757,-0.0017787876802373148
-5.340131572466127,-867.1549800832486,-0.0017787435508616056
-4.619628629242342,-863.992168425857,-0.0017786979574374584
-3.9520103067506525,-860.8309592920044,-0.001778650424343553
-3.3402450756009654,-857.6701169254678,-0.0017786002869648598
-2.7872111612920905,-854.5082105378184,-0.001778546658899316
-2.2957062241699835,-851.3435918440335,-0.0017784883933753548
-1.8684603756769442,-848.1743706076556,-0.0017784240359990378
-1.5081530070757205,-844.9983879250274,-0.0017783517648002345
-1.2174339016820273,-841.8131867621582,-0.0017782693125791837
-0.998949125276436,-838.6159790156603,-0.0017781738655013868
-0.8553722506208808,-835.403608095514,-0.0017780619317342428
-0.7894415797518127,-832.1725057128396,-0.0017779291742954229
-0.804004191167902,-828.9186411866847,-0.0017777702058268119
-0.9020678678346322,-825.6374611419435,-0.001777578351951803
-1.086862265774136,-822.3238169337116,-0.0017773454108862552
-1.361911069816295,-818.971876477467,-0.0017770614847414379
-1.7311173541961804,-815.575016368894,-0.001776715059595091
-2.198864904495544,-812.1256892387195,-0.0017762937288132719
-2.7701388041063573,-808.6152602523334,-0.0017757864085048425
-3.4506689848928143,-805.0338056961909,-0.0017751888425365792
-4.247100313497672,-801.3698661321688,-0.0017745161474564952
-5.167191286995324,-797.6101476983357,-0.001773830080214367
-6.220038685879148,-793.7391701881261,-0.0017732962348375736
-7.416313549635353,-789.7388748797204,-0.0017732990728696052
-8.768465985268655,-785.5882403261767,-0.0017746567232386212
-10.29079460301249,-781.2630350831776,-0.0017789581777805097
-11.999145173864182,-776.736012146348,-0.0017888335525562127
-13.90974061695532,-771.9782082001989,-0.0018070345292535706
-16.036181292128475,-766.9626546496291,-0.0018305957652486882
-18.383075636460905,-761.6726374003655,-0.0018345956535448238
-20.934892483853773,-756.1165466973617,-0.0017628741687936156
-23.64193838788491,-750.3469323728704,-0.0016130272140486568
-26.413786537230507,-744.4698518681685,-0.001566281627695787
-29.134835766825244,-738.624431572944,-0.0017239830190121097
-31.698922071160688,-732.9366480570417,-0.0018860156105766634
-34.03627029248298,-727.4836206248782,-0.001934885421256638
-36.11611504901398,-722.2908994790478,-0.001922202630808556
-37.934283762056374,-717.3498029839627,-0.0019014953491307551
-39.49998945114874,-712.635392122524,-0.001888530267407873
-40.827296595461455,-708.1178531023808,-0.0018827975452637702
-41.93079991142665,-703.7681048544091,-0.0018811648924561553
-42.823815971523544,-699.5600382814962,-0.0018814034248109124
-43.51782955868111,-695.4711243781043,-0.001882332338428938
-44.022499822208026,-691.4823321224934,-0.0018834084886627522
-44.345887300809096,-687.5778038519866,-0.001884411017606169
-44.494748187593515,-683.7444831452576,-0.001885267020973913
-44.47483078646977,-679.9717714312432,-0.0018859661928267712
-44.29114932076299,-676.2512366240092,-0.0018865217999959327
-43.94822758547635,-672.5763748032515,-0.001886953925659185
-43.45031178255573,-668.9424174586032,-0.0018872829279494852
-42.80155408282895,-665.3461743258641,-0.0018875273739062948
-42.0061687325441,-661.78590187629,-0.001887703783900463
-41.068562119364614,-658.2611885519816,-0.00188782697162182
-39.993437704221975,-654.7728492316464,-0.0018879104418942916
-38.78587636222238,-651.3228229077488,-0.0018879666303774911
-37.45139255113509,-647.9140690605951,-0.0018880069298390367
-35.9959668503159,-644.5504596814505,-0.0018880415317390487
-34.426055748995736,-641.2366652873867,-0.0018880791570481392
-32.7485800449014,-637.9780345407422,-0.0018881267673158675
-30.970893761637743,-634.7804681856813,-0.0018881893426687668
-29.100736023317,-631.6502888956924,-0.0018882697912125934
-27.1461687640999,-628.5941092539109,-0.0018883690199693604
-25.115503444213957,-625.6187004488307,-0.0018884861615120485
-23.017220063515733,-622.7308643725113,-0.0018886189194695646
-20.859881706526743,-619.9373116921593,-0.0018887639774227694
-18.65204764061639,-617.2445481824908,-0.001888917411889679
-16.402187660014356,-614.6587712179609,-0.0018890750601840978
-14.118599968940726,-612.1857778917438,-0.0018892328114539225
-11.809334472709478,-609.8308858028803,-0.0018893868103813105
-9.482122933440607,-607.5988671686655,-0.0018895335806092817
-7.144317071896099,-605.4938965923935,-0.0018896700879160733
-4.802835370412878,-603.5195125469509,-0.0018897937662138986
-2.464119053761673,-601.6785924106962,-0.001889902528560583
-0.13409748681179148,-599.9733406962023,-0.001889994777229731
2.1818369816905046,-598.405289927738,-0.0018900694192147682
4.478844892421616,-596.9753134379366,-0.0018901258846923952
6.752646612196358,-595.6836491639314,-0.001890164140759154
8.999520856782734,-594.5299333326769,-0.001890184690335417
11.21629548936192,-593.5132427454912,-0.0018901885476836355
13.40033143484366,-592.6321442182368,-0.0018901771858566008
15.549500675923872,-591.8847496217854,-0.0018901524561361072
17.66215938879649,-591.2687749104306,-0.0018901164850202434
19.737117328192397,-590.7816015315186,-0.0018900715577458982
21.773604579660102,-590.4203386791083,-0.001890019999219561
23.771236762362143,-590.1818849828393,-0.0018899640631513392
25.729979692449835,-590.0629883999434,-0.0018899058379808764
27.65011441248965,-590.0603032893699,-0.0018898471756774171
29.532203365390995,-590.1704438765937,-0.0018897896459186825
31.37705835130724,-590.3900335503711,-0.0018897345152364409
33.18571076197157,-590.7157496547861,-0.001889682748416277
34.95938444640418,-591.1443636403227,-0.001889635028135217
36.699471430462324,-591.672776608448,-0.0018895917880481505
38.40751059366829,-592.2980504201996,-0.001889553254772025
40.085169301268365,-593.0174346379029,-0.0018895194950712124
41.73422789652052,-593.828389629327,-0.001889490465350363
43.35656687471876,-594.7286061849538,-0.001889466061752998
44.95415648140963,-595.7160219807946,-0.0018894461703737875
46.529048395566974,-596.7888351590468,-0.0018894307178509706
48.083369064760525,-597.9455151917726,-0.0018894197231871246
49.6193141412948,-599.1848110294845,-0.001889413352123448
51.1391433098826,-600.5057563020318,-0.0018894119736092563
52.64517457774355,-601.9076710108451,-0.0018894162161045003
54.139776789962816,-603.3901586970766,-0.001889427014547529
55.62535870203297,-604.9530974457153,-0.0018894456268681026
57.10435234580064,-606.5966222358185,-0.0018894735765968562
58.579187617980956,-608.3210950077963,-0.0018895124393516483
60.05225396028982,-610.1270573307169,-0.0018895633301267978
61.52584367342466,-612.0151586916758,-0.0018896258657958853
63.00206987670989,-613.9860512725808,-0.0018896962958203645
64.4827506228782,-616.0402399309976,-0.0018897645018300935
65.96924975748135,-618.1778747030959,-0.00188980987971199
67.46226587084327,-620.3984739819153,-0.0018897971384337353
68.96156498539739,-622.7005721274217,-0.0018896752546986306
70.46566306520663,-625.0812992218547,-0.0018893860394975093
71.97148364467111,-627.5359266155283,-0.0018888904572804677
73.47404423570194,-630.0574504038973,-0.0018882143761844716
74.96625684944854,-632.6363280916387,-0.001887493856814082
76.43894712968508,-635.2605097347497,-0.0018869720576599747
77.88117969985791,-637.9158814761117,-0.001886904798701572
79.28090793526577,-640.5871440796886,-0.001887405879557491
80.62585808872184,-643.2590007765467,-0.0018883527719673054
81.90446183844055,-645.9173983644965,-0.0018894494960273178
83.10662707637688,-648.5505344274831,-0.0018903974072266294
84.22420170532094,-651.1494352066752,-0.00189103086069764
85.2510983703266,-653.7080655475997,-0.0018913379774776473
86.18314589337072,-656.2230664726145,-0.001891399947837158
87.01777799815692,-658.6932757773129,-0.0018913200996850676
87.75366432823843,-661.1191771870874,-0.0018911820382587763
88.39035706432821,-663.5023782725636,-0.001891038014155022
88.92799158602254,-665.8451684098416,-0.001890913728364474
89.36705341062816,-668.1501717451638,-0.0018908176696372792
89.7082083104175,-670.4200892009798,-0.0018907491696200651
89.95218567941549,-672.6575145277504,-0.0018907036815969391
90.09970358561715,-674.8648075591675,-0.0018906756714143214
90.15142488546691,-677.0440094886651,-0.0018906599444061811
90.1079356664894,-679.1967878882016,-0.0018906521023431822
89.96973927339572,-681.3244021719888,-0.0018906485817673513
89.73726090097595,-683.4276827820311,-0.0018906465272605644
89.41085910071865,-685.5070194100816,-0.001890643625964472
88.99084156304805,-687.5623551036255,-0.0018906379586631772
88.47748326217523,-689.593184219217,-0.0018906278864800896
87.87104555197068,-691.5985529791263,-0.0018906119753836492
87.17179513797166,-693.5770619382787,-0.001890588954124084
86.38002207030497,-695.5268700416754,-0.0018905576987560124
85.49605604157873,-697.4457001949417,-0.0018905172367844614
84.52028036008893,-699.3308464158147,-0.0018904667640704531
83.45314302220747,-701.1791827054311,-0.001890405668000028
82.29516434330364,-702.9871737910736,-0.001890333550996104
81.04694063459786,-704.7508878575252,-0.001890250248681724
79.70914344134975,-706.4660113102829,-0.0018901558377688588
78.28251389059206,-708.1278655068488,-0.0018900506297310216
76.7678517369927,-709.7314252579631,-0.0018899351477799087
75.16599874436872,-711.2713387450218,-0.0018898100871282963
73.4778160975254,-712.7419483302652,-0.0018896762615945306
71.70415560317707,-714.1373115615027,-0.00188953454397911
69.84582450827493,-715.4512215047065,-0.0018893858141773023
67.90354383865039,-716.6772253910143,-0.0018892309375893035
65.87790024286082,-717.8086404605783,-0.0018890708098560083
63.769291423765885,-718.8385658544898,-0.0018889065237317482
61.57786537275867,-719.7598894930791,-0.0018887397455280563
59.303453826756986,-720.5652891551547,-0.0018885734373839114
56.94550071637335,-721.2472275525745,-0.0018884131368963608
54.50298698996273,-721.7979422659413,-0.0018882691156143494
51.97435429833988,-722.209433282288,-0.001888159877488249
49.35743197493907,-722.4734540722976,-0.001888117580769233
46.6493751548472,-722.581517513558,-0.0018881958839109814
43.84662772849237,-722.5249368715591,-0.0018884798791702906
40.94493364274675,-722.2949365773,-0.0018890947766578847
37.93943598860941,-721.882890586604,-0.001890201729850105
34.824927794458155,-721.2807808562858,-0.0018919503336505272
31.596352541122005,-720.4820159162826,-0.001894324388974411
28.24969065309522,-719.4828010076595,-0.0018967918495178537
24.783386508439207,-718.2842713452511,-0.0018977647554940802
21.20040627136036,-716.895498682244,-0.00189436071057969
17.510759753207754,-715.3371020862457,-0.0018838847303754847
13.733782092571447,-713.6444170674209,-0.0018680931363022069
9.898832083381507,-711.8682681399479,-0.0018562608083456666
6.04302067422409,-710.0713528308005,-0.0018586330050283095
2.205887530501551,-708.3201501545269,-0.0018744269278592185
-1.5769766326359163,-706.6752770082777,-0.0018926048594778422
-5.278538368326852,-705.1844114837209,-0.0019042605428758463
-8.881710570153574,-703.8799230236966,-0.0019082847283371507
-12.378097704124439,-702.780416212646,-0.0019077269321599033
-15.765571926745038,-701.894069726963,-0.00190557006873604
-19.04585723383516,-701.2220546903314,-0.0019034159159048158
-22.222650058838237,-700.7612414076859,-0.0019018035333999705
-25.30034986532889,-700.5060624674531,-0.0019007635646950405
-28.283283034316877,-700.4496831689518,-0.0019001637162112672
-31.17527005763008,-700.584686466162,-0.001899858482719452
-33.97941259608518,-700.9034470360261,-0.0018997350863649842
-36.69801419797736,-701.3983185824591,-0.001899717835328829
-39.33257927086462,-702.061715473632,-0.0018997601750214699
-41.88385632692133,-702.8861391875851,-0.0018998354559727204
-44.35190521845388,-703.8641799362493,-0.001899929573262682
-46.73617640813452,-704.988511158139,-0.001900035812219869
-49.03559520983266,-706.2518867248259,-0.001900151457132182
-51.24864672853718,-707.6471458891078,-0.0019002756458199599
-53.373458782231545,-709.1672280523322,-0.0019004080645039778
-55.40788093714448,-710.8051976295318,-0.0019005482033840337
-57.34955825235596,-712.5542782132252,-0.001900694988307805
-59.195998600911686,-714.4078946226316,-0.0019008466663166246
-60.94463262233821,-716.3597211195564,-0.0019010008607551754
-62.592865526347,-718.4037339786887,-0.0019011547354317315
-64.13812014026772,-720.5342666541019,-0.0019013052217538018
-65.5778707865617,-722.746065937635,-0.0019014492747935208
-66.90966779568951,-725.0343477183922,-0.0019015841342877593
-68.13115270466866,-727.3948511875351,-0.0019017075782485904
-69.24006446592271,-729.8238905482743,-0.0019018181690668712
-70.2342373044471,-732.3184034404817,-0.0019019155065791438
-71.11159123611662,-734.8759953137758,-0.0019020005171590526
-71.87011673725644,-737.4949788036016,-0.0019020758244074898
-72.50785570419842,-740.174406671379,-0.0019021462579740245
-73.0228817695627,-742.9140959032516,-0.001902219554473561
-73.4132844113844,-745.7146388924047,-0.0019023072612469605
-73.67716333265109,-748.5773949318663,-0.0019024257111652787
-73.81264260797984,-751.5044510822759,-0.0019025965756931384
-73.81791844402302,-754.4985353348112,-0.0019028457160938927
-73.69136036053385,-757.5628564179744,-0.001903197557730607
-73.431693040385,-760.7008336745258,-0.0019036599355342076
-73.03829371360018,-763.9156688093572,-0.0019041924139386879
-72.5116437833715,-767.2097042433081,-0.001904654195536537
-71.85396470506782,-770.5835222666439,-0.001904747203917978
-71.07003172075414,-774.0347862483485,-0.0019040187198005043
-70.16807689755834,-777.5569354995679,-0.0019020453447851082
-69.1605613250958,-781.1380258782863,-0.0018988650868241308
-68.06446047997926,-784.7601989661323,-0.0018953937115586683
-66.90068481016712,-788.4003021594381,-0.0018931872945522343
-65.69248166963129,-792.0318861559459,-0.0018933427961549398
-64.46311253797023,-795.6282001128194,-0.001895561253117961
-63.23349397254472,-799.1652640995255,-0.0018984951665199645
-62.02050982279503,-802.624065734497,-0.0019008926135075654
-60.83633148269907,-805.9914263331387,-0.0019022631819893832
-59.688630623679195,-809.2596922373139,-0.0019027453737940903
-58.58132317635706,-812.4257365554167,-0.001902697269192899
-57.515485262614895,-815.4897506407132,-0.0019024279287673806
-56.49020808516137,-818.454132057824,-0.0019021219909944875
-55.50328977795748,-821.3225990928659,-0.001901861892079637
-54.55174783416232,-824.0995479714024,-0.00190167033063382
-53.63217608414536,-826.7896165863189,-0.0019015426315220907
-52.74098185663617,-829.3974046222094,-0.001901465069702013
-51.87453690127808,-831.9273040224218,-0.0019014233272880432
-51.0292689287024,-834.3834035989296,-0.0019014055518074002
-50.20171352258296,-836.7694415786224,-0.0019014029261672505
-49.38854026033824,-839.0887880366193,-0.0019014092916727066
-48.58656243895924,-841.3444451935535,-0.0019014205317686717
-47.79273665483826,-843.5390577667225,-0.0019014339938845382
-47.0041563294373,-845.674928412781,-0.001901448031541797
-46.218041826048,-847.7540351830314,-0.0019014616698287412
-45.431728847272836,-849.7780491392639,-0.001901474372418832
-44.64265617922717,-851.7483510685083,-0.0019014858840540327
-43.8483534464951,-853.6660467399661,-0.0019014961265169106
-43.04642928689572,-855.5319804680277,-0.0019015051312569753
-42.23456019734493,-857.3467469485909,-0.001901512996581367
-41.410480208650334,-859.1107014657705,-0.001901519861088552
-40.571971496352845,-860.8239686512217,-0.0019015258875034746
-39.71685601257831,-862.4864500373263,-0.0019015312532859596
-38.8429882209917,-864.0978306905104,-0.0019015361450591683
-37.948249027190634,-865.6575852496895,-0.0019015407552878116
-37.03054101601909,-867.1649837320382,-0.0019015452795905219
-36.08778513225821,-868.619097506577,-0.0019015499139358738
-35.11791896946797,-870.0188058764899,-0.001901554850688214
-34.118896861075584,-871.3628037531821,-0.0019015602729632874
-33.08869199564034,-872.6496109471176,-0.0019015663466905863
-32.02530080167764,-873.877583639278,-0.0019015732102998228
-30.926749863036374,-875.044928628035,-0.0019015809617020096
-29.791105629484107,-876.1497209632078,-0.0019015896433334234
-28.616487174130256,-877.1899255744626,-0.0019015992261248726
-27.401082214432737,-878.1634234661898,-0.001901609594145981
-26.143166551537988,-879.0680429759586,-0.0019016205324060564
-24.841126988872716,-879.9015964691728,-0.0019016317210933664
-23.493487661876788,-880.6619226605583,-0.0019016427395115443
-22.098939545591936,-881.3469345086208,-0.0019016530833244616
-20.656372708125616,-881.9546723222641,-0.0019016621973388936
-19.164910653091038,-882.4833613564651,-0.0019016695241393933
-17.623945855723377,-882.9314727721355,-0.0019016745660724865
-16.033175363807352,-883.297786419524,-0.0019016769543558354
-14.392635128903379,-883.5814535093525,-0.001901676515844386
-12.702731581506244,-883.7820569026707,-0.0019016733256371765
-10.964268891266583,-883.8996665230333,-0.0019016677335432774
-9.178470381523072,-883.9348873133998,-0.001901660355146717
-7.34699270894175,-883.8888972551645,-0.0019016520238501755
-5.471931674868812,-883.763473251231,-0.0019016437075389803
-3.5558188919953384,-883.5610031411306,-0.0019016364012838238
-1.6016089614873548,-883.2844827334525,-0.0019016310132311531
0.38734271539783777,-882.9374974591569,-0.0019016282627628556
2.407310903822893,-882.5241890052494,-0.0019016286079054368
4.454239276876242,-882.0492080140327,-0.0019016322126592655
6.523785596074075,-881.5176545665099,-0.001901638956706364
8.611371768524789,-880.9350086611363,-0.0019016484816507528
10.712237108196144,-880.3070532222158,-0.0019016602619412737
12.82149313027204,-879.6397923182117,-0.0019016736855839156
14.934178305096305,-878.9393672508586,-0.001901688130701018
17.04531136833052,-878.2119730176275,-0.001901703026954138
19.149942000268997,-877.463777387768,-0.0019017178959455094
21.243197924281628,-876.7008445032227,-0.001901732369288922
23.320327710597837,-875.9290645548512,-0.0019017461872046226
25.376738791292073,-875.1540907202233,-0.0019017591828554004
27.408030385704514,-874.3812842026031,-0.0019017712587032776
29.41002119852289,-873.6156678947395,-0.0019017823608677986
31.37877188562977,-872.8618889121027,-0.0019017924561595123
33.31060238875648,-872.1241899996539,-0.0019018015149816492
35.20210432362029,-871.406389612307,-0.0019018095015068681
37.05014867245553,-870.7118702986597,-0.0019018163709842995
38.851889084982574,-870.043574876775,-0.0019018220730284696
40.60476113509387,-869.4040097767864,-0.001901826559020492
42.30647791581759,-868.795254835781,-0.0019018297913806492
43.955022383234606,-868.2189787645273,-0.0019018317527796924
45.54863688087962,-867.6764594625582,-0.0019018324535933218
47.08581028914357,-867.1686083374609,-0.0019018319365535774
48.565263248559965,-866.6959977854045,-0.00190183027798696
49.98593190102873,-866.2588910118656,-0.0019018275858204703
51.346950578844165,-865.8572734124341,-0.0019018239947614646
52.64763384821476,-865.490884791006,-0.0019018196593965087
53.88745828270962,-865.1592517634334,-0.0019018147461755674
55.06604430413333,-864.861719775215,-0.001901809425168377
56.18313838546134,-864.5974842482343,-0.00190180386225558
57.23859586458855,-864.3656204601249,-0.00190179821252201
58.23236457070049,-864.1651118470696,-0.0019017926149960118
59.16446941888808,-863.9948765037401,-0.001901787189104276
60.03499808476679,-863.8537917302494,-0.0019017820326725499
60.84408783058992,-863.7407165437161,-0.001901777221447798
61.59191351857124,-863.6545121302589,-0.0019017728097923126
62.278676816417004,-863.594060261516,-0.0019017688323832438
62.90459657465262,-863.5582797381765,-0.0019017653065427353
63.46990033518729,-863.5461409520229,-0.0019017622350059327
63.974816915446816,-863.5566786783849,-0.0019017596088422017
64.41957000192227,-863.5890032236741,-0.0019017574104183144
64.80437268063272,-863.6423100588929,-0.0019017556161939897
65.1294228292336,-863.7158880707434,-0.0019017541992759623
65.3948992957581,-863.8091265582966,-0.001901753131733075
65.60095879171305,-863.9215210960386,-0.0019017523865311747
65.7477334319576,-864.0526783743766,-0.0019017519391555104
65.83532886001584,-864.2023201170764,-0.0019017517689083746
65.86382290481318,-864.3702861622573,-0.0019017518598893682
65.83326472293378,-864.5565367799516,-0.0019017522016688132
65.74367438907824,-864.76115428529,-0.0019017527896771635
65.59504290620472,-864.9843439923819,-0.001901753625311281
65.38733261564934,-865.226434540184,-0.001901754715794804
65.12047799615301,-865.487877608293,-0.0019017560737445427
64.79438684900343,-865.7692470278213,-0.0019017577165373056
64.40894187426872,-866.0712372804765,-0.0019017596653326807
63.96400265019624,-866.3946613678313,-0.0019017619439328781
63.45940803410699,-866.7404480227054,-0.0019017645772773095
62.894979008358725,-867.1096382257961,-0.0019017675897710085
62.270521998987725,-867.5033809834257,-0.0019017710033051305
61.58583269726457,-867.9229283168081,-0.0019017748350886876
60.84070041539547,-868.3696294098819,-0.0019017790952757796
60.034913006740695,-868.8449238618962,-0.0019017837844781393
59.1682623779813,-869.3503339929314,-0.0019017888912946646
58.24055061543058,-869.8874561558063,-0.001901794389823408
57.2515967399779,-870.4579510167302,-0.0019018002375328358
56.201244094835054,-871.0635327799616,-0.0019018063734006496
55.089368357272654,-871.7059573488631,-0.0019018127167438337
53.915886149925136,-872.3870094372406,-0.001901819166772789
52.6807642091733,-873.1084886706692,-0.0019018256031619885
51.38402904789493,-873.8721947473553,-0.0019018318878072371
50.025777027986294,-874.679911761467,-0.0019018378677841952
48.606184735154855,-875.5333918279146,-0.0019018433798292378
47.12551952539643,-876.4343381851876,-0.0019018482559465255
45.58415009028657,-877.3843879905845,-0.0019018523304090706
43.98255686784958,-878.3850950583301,-0.0019018554475440652
42.32134210850778,-879.4379128237188,-0.0019018574702016622
40.60123939265639,-880.544177843563,-0.001901858288250402
38.82312238888111,-881.7050941628125,-0.0019018578266942754
36.988012640707176,-882.9217188873938,-0.0019018560528172301
35.09708617576861,-884.1949493025284,-0.0019018529816934304
33.15167874482599,-885.5255118628636,-0.0019018486798607626
31.153289519179502,-886.9139533551618,-0.0019018432666229046
29.103583103355277,-888.3606344960797,-0.0019018369129035761
27.004389754722776,-889.8657261775398,-0.001901829837684943
24.857703741796175,-891.429208511769,-0.0019018223022602143
22.665679816956708,-893.0508727593362,-0.0019018146026681393
20.43062782557179,-894.730326148977,-0.0019018070606975357
18.15500552025363,-896.4669995205268,-0.001901800014204369
15.841409694587252,-898.2601576448682,-0.001901793807080665
13.492565793483719,-900.1089120003785,-0.0019017887795467203
11.111316196014945,-902.0122357166227,-0.00190178525906326
8.700607400077173,-903.9689803352894,-0.001901783552311187
6.263476365743473,-905.977893987419,-0.0019017839381945123
3.8030362952535737,-908.0376405460789,-0.0019017866622697
1.322462142102647,-910.1468192854933,-0.0019017919322763532
-1.175023850266456,-912.3039845613727,-0.0019017999148420728
-3.6861662777920183,-914.507665022509,-0.0019018107331358891
-6.207690074643911,-916.7563818698962,-0.001901824465281976
-8.73631309223847,-919.04866569576,-0.0019018411432494275
-11.268757482999865,-921.3830714598126,-0.0019018607520635555
-13.801759631791631,-923.7581911926959,-0.0019018832288839604
-16.33207840042169,-926.172664055843,-0.001901908461897861
-18.856501477155604,-928.6251834321041,-0.0019019362885597246
-21.37184965388903,-931.1145007718322,-0.0019019664931825275
-23.87497888891312,-933.6394259745916,-0.0019019988034507662
-26.362780053706636,-936.1988241474878,-0.001902032886251348
-28.832176308823602,-938.7916086481073,-0.0019020683424972873
-31.280118107875907,-941.4167303944711,-0.0019021047020206794
-33.703575891171624,-944.0731635079558,-0.0019021414186166652
-36.09953060315129,-946.7598874499354,-0.0019021778669134903
-38.4649622516146,-949.4758659211087,-0.0019022133424400067
-40.79683682267122,-952.2200229161577,-0.0019022470667913183
-43.09209197338715,-954.9912164668559,-0.0019022782002870997
-45.34762204292933,-957.7882107640562,-0.0019023058643021784
-47.560263049440685,-960.6096475210989,-0.0019023291754507454
-49.72677846820974,-963.4540176230469,-0.0019023472924679652
-51.84384670817976,-966.3196342889365,-0.0019023594758511564
-53.908051306321084,-969.2046091444525,-0.0019023651571927758
-55.91587492737052,-972.1068327418295,-0.0019023640131807795
-57.863698271766964,-975.0239611495608,-0.0019023560353401692
-59.7478049379807,-977.9534102409301,-0.0019023415841905589
-61.56439313886871,-980.8923592113302,-0.0019023214151800971
-63.30959492191968,-983.8377646273757,-0.0019022966638120309
-64.9795031856645,-986.7863859421414,-0.0019022687818397443
-66.5702063270491,-989.734822900686,-0.001902239422768126
-68.07782982054465,-992.6795646271574,-0.0019022102846806277
-69.49858345875924,-995.6170494690518,-0.00190218292830302
-70.82881242985505,-998.5437339354996,-0.00190215859609566
-72.06504993101859,-1001.4561683793646,-0.0019021380620891648
-73.20406868105741,-1004.3510765173567,-0.0019021215383823176
-74.24292854963929,-1007.2254355311015,-0.0019021086551980204
-75.17901759585723,-1010.0765533981656,-0.0019020985168243243
-76.01008410715264,-1012.9021402881754,-0.0019020898203976344
-76.73425772377068,-1015.7003713127689,-0.0019020810127354792
-77.35005837006749,-1018.4699385924927,-0.001902070454036675
-77.85639242043388,-1021.2100914261026,-0.0019020565585421423
-78.25253622631779,-1023.9206642316399,-0.001902037889593089
-78.53810774948786,-1026.602092788362,-0.0019020131967604215
-78.71302752855063,-1029.2554200719705,-0.0019019813940275299
-78.77747051558245,-1031.8822935929973,-0.0019019414854284378
-78.73181044516978,-1034.4849565968293,-0.001901892449838627
-78.57655834680632,-1037.0662357666556,-0.001901833096104255
-78.31229660554652,-1039.6295282120443,-0.0019017618971055583
-77.93960964472663,-1042.1787905655103,-0.0019016768073889523
-77.45901187905658,-1044.7185329953586,-0.0019015750637727535
-76.87087309260315,-1047.253820926445,-0.001901452965963557
-76.17534085209951,-1049.7902872915022,-0.001901305635190198
-75.37225897958477,-1052.334158261607,-0.001901126757005045
-74.46108047761903,-1054.8922956683775,-0.0019009083382641734
-73.44077261556835,-1057.472259770156,-0.0019006405622192801
-72.30971113505471,-1060.0823966572757,-0.0019003119437694949
-71.06555971527241,-1062.7319554418932,-0.0018999102388352895
-69.70512998993375,-1065.4312413847304,-0.0018994250946207103
-68.22421665680938,-1068.1918120923285,-0.0018988545469262874
-66.61740191730655,-1071.0267243912376,-0.0018982198052412969
-64.87782446947635,-1073.9508382899883,-0.0018975975255237643
-62.9969124857469,-1076.9811789110524,-0.001897188036057429
-60.96409175461963,-1080.1373414402121,-0.0018974539790157507
-58.766508909794425,-1083.441884869325,-0.0018993824447726126
-56.38887555237327,-1086.9205695197204,-0.001904902400106323
-53.81368262545013,-1090.6020942637892,-0.0019172257547062088
-51.022326628237316,-1094.5165819564686,-0.0019396911850542153
-47.99820843748878,-1098.6913335995746,-0.001968369629899769
-44.73349860006114,-1103.1414741351914,-0.001971932721914982
-41.24100166834162,-1107.8534442194298,-0.0018837368853219516
-37.56854854407521,-1112.764837165169,-0.0017137306949663866
-33.804081868912405,-1117.7570190152978,-0.0016786969125348605
-30.056902953742572,-1122.6808574746435,-0.0018570400345332416
-26.422015508626966,-1127.4060640837686,-0.0020184419755508998
-22.956145707947766,-1131.8544361793938,-0.0020615942746786686
-19.678498430629894,-1135.998822231022,-0.0020470462277764057
-16.584230131194666,-1139.8445138777804,-0.0020261576544733373
-13.657136238210093,-1143.411788870955,-0.0020129630236596086
-10.877395729443254,-1146.7253231939628,-0.0020067367334561936
-8.22533446204627,-1149.809102934576,-0.002004521091311773
-5.682929171866483,-1152.6844378704002,-0.002004219221188208
-3.234223714818431,-1155.36945630351,-0.0020046998694276397
-0.8652807649317819,-1157.87922513926,-0.0020054241665192762
1.4360347304288534,-1160.226092056876,-0.0020061590921685024
3.6803095622027766,-1162.4200745214248,-0.002006816836658487
5.876820722546384,-1164.469226677695,-0.002007374290862174
8.033740135714265,-1166.3799622986446,-0.0020078349117049754
10.158302310712743,-1168.1573316912054,-0.0020082113982908822
12.256937376706436,-1169.8052578803088,-0.002008518205105503
14.335373827973239,-1171.3267394454401,-0.0020087685841474467
16.398715551486955,-1172.7240272079443,-0.0020089736502129085
18.451497377945586,-1173.9987809453971,-0.002009142309741918
20.497722938006252,-1175.152211031292,-0.0020092815280712273
22.540888200664565,-1176.1852086010847,-0.002009396702966626
24.58399377628596,-1177.0984666173283,-0.002009492046845196
26.629548880509674,-1177.8925930800385,-0.00200957093579035
28.679569746878528,-1178.5682166236918,-0.002009636207361609
30.735575202109658,-1179.1260838841943,-0.002009690395036401
32.798582030215364,-1179.5671473414989,-0.002009735890093012
34.86910260406108,-1179.8926418852732,-0.002009775025102911
36.947147017838375,-1180.1041481483,-0.0020098100793379814
39.03223158860643,-1180.203640727887,-0.0020098432158057733
41.12339510662689,-1180.1935197690962,-0.0020098763701099642
43.219223622012755,-1180.0766249847736,-0.002009911119925434
45.31788389940358,-1179.856231974734,-0.0020099485673501505
47.417165008514495,-1179.536031592906,-0.0020099892630511818
49.514526908567795,-1179.120093995281,-0.0020100331911176994
51.60715438696135,-1178.6128197824523,-0.0020100798199127468
53.69201437151893,-1178.0188812440074,-0.0020101282099407314
55.76591447516222,-1177.343157062166,-0.00201017715872176
57.825560652466805,-1176.5906639179948,-0.0020102253580702723
59.86761202856093,-1175.7664882789827,-0.0020102715399037407
61.88873126552886,-1174.8757212737614,-0.0020103145927841126
63.88562921472618,-1173.9233990384125,-0.0020103536394424637
65.85510301910904,-1172.914450315911,-0.002010388073832914
67.7940672370275,-1171.8536524691908,-0.0020104175628175014
69.6995779264718,-1170.745596481645,-0.0020104420210431684
71.56884993603349,-1169.5946610042888,-0.002010461569128097
73.39926788604919,-1168.4049950885612,-0.002010476484528567
75.18839148967189,-1167.1805089258628,-0.002010487152209528
76.93395596462577,-1165.9248716965667,-0.0020104940202640975
78.63386833183863,-1164.6415155018265,-0.0020104975632317945
80.28620039852028,-1163.333644296285,-0.0020104982540267713
81.88917919219006,-1162.0042467424269,-0.0020104965443348277
83.44117555924808,-1160.656111951975,-0.0020104928522743926
84.9406915758353,-1159.2918471523642,-0.00201048755612776
86.38634734689983,-1157.9138964052988,-0.0020104809923893185
87.77686769661241,-1156.5245596007926,-0.0020104734571222416
89.11106918284852,-1155.1260110475116,-0.0020104652092505226
90.38784780221187,-1153.720317074605,-0.002010456474728528
91.60616769070158,-1152.3094521492987,-0.0020104474511013493
92.76505106846297,-1150.8953130976272,-0.0020104383117440783
93.86356962439244,-1149.4797310931372,-0.0020104292095597387
94.90083748666437,-1148.0644811512645,-0.0020104202795476755
95.87600587739777,-1146.6512889367602,-0.002010411640653409
96.78825950267087,-1145.2418347594958,-0.00201040339652514
97.63681468216838,-1143.8377547014873,-0.002010395635395845
98.42091917553569,-1142.4406388858597,-0.002010388429349863
99.13985361510971,-1141.0520269670337,-0.002010381833108532
99.79293440769636,-1139.673400990216,-0.002010375882809612
100.37951792256638,-1138.3061758361832,-0.002010370594825339
100.89900574037273,-1136.9516875325344,-0.0020103659652150885
101.35085070009306,-1135.611179772662,-0.002010361969691843
101.73456345035588,-1134.285789035864,-0.0020103585644439814
102.04971918954129,-1132.9765287434277,-0.0020103556876525097
102.29596426750021,-1131.684272913385,-0.002010353261586495
102.47302232175947,-1130.409739788769,-0.002010351195106619
102.58069963316133,-1129.153475909034,-0.002010349386130983
102.61888940972918,-1127.9158410713087,-0.0020103477238353484
102.58757474205136,-1126.6969945878197,-0.002010346090055126
102.48683001676694,-1125.4968831897093,-0.002010344359881344
102.3168206243327,-1124.3152308581216,-0.0020103424012534177
102.07780085023887,-1123.1515307840718,-0.002010340073250294
101.77010989213088,-1122.0050395729338,-0.0020103372236897066
101.39416599586309,-1120.8747737212593,-0.002010333685606991
100.95045874862413,-1119.7595083066249,-0.00201032927325695
100.43953960467309,-1118.6577777485163,-0.002010323777484224
99.86201074722588,-1117.5678784222875,-0.002010316960580738
99.21851240755822,-1116.4878728406466,-0.002010308550633333
98.50970876895053,-1115.4155950586214,-0.002010298234824681
97.73627257867197,-1114.3486569084412,-0.0020102856515453738
96.89886857610293,-1113.2844546292818,-0.0020102703802917787
95.99813581982248,-1112.220175421774,-0.002010251928786566
95.03466896152149,-1111.1528034262983,-0.0020102297160811133
94.00899847025515,-1110.0791245946918,-0.00201020305018762
92.92156975678341,-1108.9957298938327,-0.002010171098987712
91.77272108403264,-1107.8990162429702,-0.0020101328521064943
90.56266007486605,-1106.7851845404064,-0.0020100870717687513
89.2914385403912,-1105.650234074255,-0.002010032229714298
87.95892524800853,-1104.4899525307358,-0.002009966427147347
86.56477612420149,-1103.2999007047733,-0.0020098872938536516
85.10840123719204,-1102.075390873145,-0.002009791863851973
83.58892772193747,-1100.8114575997188,-0.002009676424846063
82.00515758563957,-1099.5028194931065,-0.002009536344507623
80.35551905532864,-1098.1438301148748,-0.002009365886269876
78.63800978829808,-1096.7284158257341,-0.002009158050258364
76.8501298498965,-1095.2499978435858,-0.002008904524844368
74.98880186524521,-1093.7013951646734,-0.00200859593785907
73.05027518129505,-1092.0747042839484,-0.002008222809102733
71.03001028161648,-1090.3611509154944,-0.002007778044159636
68.92253921588522,-1088.550908357301,-0.0020072627010065958
66.72129777308956,-1086.6328772430338,-0.0020066985514866076
64.41842630069692,-1084.5944232503477,-0.002006154477513178
62.004540118194306,-1082.4210752393983,-0.002005800250302059
59.468480981466264,-1080.0962013201001,-0.002006011695339538
56.79708561102648,-1077.6007151372503,-0.002007561237462596
53.975061490295715,-1074.912941070825,-0.0020119057349532454
50.98517417098601,-1072.0089273903714,-0.0020213949409075838
47.809174992103905,-1068.863811831147,-0.002038449703324119
44.43028697854064,-1065.4553894872197,-0.0020607094307472096
40.838543388717646,-1061.7717007421204,-0.002067860140790856
37.04017801381105,-1057.8243196504002,-0.0020127584320448477
33.06968620511174,-1053.665391729306,-0.0018826254512127605
28.99652797253581,-1049.3971155142513,-0.0018126867850227768
24.914253762896973,-1045.1564525546225,-0.0019202094591896923
20.91241297118731,-1041.0755285485686,-0.002071235123917603
17.05170212618722,-1037.2464828557727,-0.0021369893109728366
13.35855474575258,-1033.7136064882693,-0.002137399638048265
9.834248042252481,-1030.4859238321649,-0.0021206822523431867
6.466489128808318,-1027.553333960733,-0.0021072046418275647
3.23759747100013,-1024.8980337769028,-0.002099804919691195
0.1289537700415005,-1022.5007335441164,-0.0020966161146134255
-2.8769760106828697,-1020.3434806277825,-0.002095691534648836
-5.795897961483564,-1018.4106831664328,-0.0020958180946095695
-8.641546185321513,-1016.6892846830845,-0.0020963590685170175
-11.425786483841646,-1015.1685788011134,-0.002097011289201589
-14.158801753092035,-1013.8398959258617,-0.0020976430458965467
-16.84928595111781,-1012.6962646828024,-0.002098204941873405
-19.50461769867613,-1011.7320897138196,-0.0020986847677271214
-22.13100478921096,-1010.9428597285499,-0.0020990857451401723
-24.733599705114617,-1010.3248879412943,-0.002099416494129258
-27.316589780234633,-1009.8750826495351,-0.0020996866943860937
-29.883266809980988,-1009.5907446487006,-0.002099905435073879
-32.43608103369555,-1009.4693884999559,-0.0021000807799858023
-34.976684104471516,-1009.5085854644456,-0.0021002198320587695
-37.505965178596625,-1009.7058267622469,-0.0021003289506467127
-40.024083701849065,-1010.058406511292,-0.0021004139592655235
-42.53050187805746,-1010.5633241681817,-0.002100480275238681
-45.02401918918592,-1011.2172065075592,-0.0021005329443219978
-47.50281070629341,-1012.0162491550215,-0.002100576593971226
-49.9644703037422,-1012.9561774711534,-0.0021006153355429547
-52.40605928886925,-1014.0322262289238,-0.0021006526521105684
-54.82416041403621,-1015.2391371001474,-0.0021006913069374633
-57.214936774818085,-1016.571172536126,-0.002100733298183499
-59.57419473839092,-1018.02214425186,-0.0021007798721317528
-61.8974498012388,-1019.585454246043,-0.0021008315929904597
-64.17999414442968,-1021.2541461343901,-0.002100888456263661
-66.41696462565085,-1023.0209645451429,-0.002100950024843229
-68.60340999871707,-1024.8784204082615,-0.0021010155662164465
-70.734356257186,-1026.8188601364193,-0.002101084172114298
-72.80486913242657,-1028.8345369128224,-0.0021011548487024356
-74.81011291501052,-1030.9176825347681,-0.0021012265735400604
-76.74540489519681,-1033.0605784852448,-0.002101298322401135
-78.60626482501101,-1035.2556250995228,-0.0021013690748592495
-80.38845889012555,-1037.495407851926,-0.0021014378100279174
-82.08803774973049,-1039.7727599118757,-0.002101503503221025
-83.70136826594535,-1042.0808202173414,-0.0021015651329090446
-85.22515861126624,-1044.4130864016836,-0.0021016217015503713
-86.65647652186011,-1046.7634620008766,-0.0021016722713742553
-87.9927605616812,-1049.1262974743245,-0.002101716009887511
-89.23182437845746,-1051.4964247015755,-0.0021017522391719723
-90.3718540640896,-1053.8691847712698,-0.0021017804797942574
-91.41139887155393,-1056.2404490543283,-0.0021018004824249203
-92.34935567805124,-1058.6066337429336,-0.0021018122410438878
-93.18494770896567,-1060.9647082297042,-0.0021018159851031726
-93.9176981388815,-1063.3121978861973,-0.0021018121509399634
-94.54739925610774,-1065.6471819659675,-0.0021018013354217047
-95.07407791037267,-1067.9682874967407,-0.002101784236784532
-95.49795795727472,-1070.274680134014,-0.002101761588352069
-95.81942036846365,-1072.566053023367,-0.0021017340910214344
-96.03896159667013,-1074.8426147632638,-0.0021017023493117293
-96.15715067465557,-1077.105077579275,-0.0021016668148243767
-96.17458539290791,-1079.3546468216662,-0.0021016277397549743
-96.0918477486439,-1081.5930128894654,-0.002101585142412432
-95.90945869423275,-1083.8223466738045,-0.002101538786963175
-95.62783204184328,-1086.0452996089314,-0.0021014881814345188
-95.24722720799491,-1088.2650094260043,-0.0021014326023571783
-94.76770031250666,-1090.4851127239,-0.0021013711623556475
-94.18905298944807,-1092.7097654974414,-0.0021013029525978055
-93.51077813765194,-1094.943672779984,-0.002101227317762522
-92.73200176224861,-1097.1921285276678,-0.0021011443677707575
-91.85142008747442,-1099.4610667251059,-0.002101055909614402
-90.86723134955717,-1101.7571242924553,-0.0021009671161227317
-89.77706228122376,-1104.0877154748382,-0.002100889465808109
-88.57789059328967,-1106.4611155497842,-0.002100845812222474
-87.2659673130469,-1108.886548095014,-0.0021008788455301186
-85.83674766002615,-1111.374263300726,-0.0021010644343562035
-84.28484796253102,-1113.9355824425938,-0.0021015303913856087
-82.60406180411982,-1116.582861616273,-0.0021024760786705343
-80.78749544858488,-1119.3292900684564,-0.0021041712562333004
-78.82792586143754,-1122.1883774751163,-0.002106868595747713
-76.71854668594945,-1125.1728967569102,-0.002110481172680423
-74.45433481467525,-1128.2929530367744,-0.002113821072381228
-72.03428164015747,-1131.5528303005235,-0.002113546943940392
-69.46453271249878,-1134.9465439725013,-0.0021045073044412277
-66.76183266933462,-1138.4529312987665,-0.002084986184021531
-63.955574423933626,-1142.0326545178168,-0.0020650822739600727
-61.086091148961515,-1145.630435400281,-0.0020622974010269246
-58.19824634936078,-1149.183880648645,-0.00208016438647185
-55.33277464178995,-1152.6355096647326,-0.002103479149861087
-52.519766839749266,-1155.9418590829564,-0.0021185037824320574
-49.7767508630586,-1159.0762249038996,-0.002123563285381991
-47.11048522749151,-1162.0262500992571,-0.0021230089845367672
-44.52019632425947,-1164.789502865638,-0.002120712436402883
-42.00060626291734,-1167.3693389023017,-0.0021185246977495353
-39.54413935770789,-1169.7718954749582,-0.002116966634897466
-37.1423186518522,-1172.004200959032,-0.002116010804085633
-34.78656719796113,-1174.0731030166223,-0.002115490184817048
-32.46862847375885,-1175.984720173037,-0.0021152476620773797
-30.18076254489066,-1177.7442021649106,-0.0021151705521944564
-27.91581838432632,-1179.3556624038251,-0.0021151868514674987
-25.66724244302101,-1180.8222016190414,-0.002115253463095712
-23.429057948795244,-1182.1459770120223,-0.0021153457452900426
-21.19583408728967,-1183.3282922411972,-0.00211545013475245
-18.96265535326288,-1184.369695587873,-0.00211555940366992
-16.725096327529283,-1185.2700803576538,-0.002115669749546356
-14.479204304113772,-1186.0287851830367,-0.0021157790569681367
-12.221490597396656,-1186.6446937283172,-0.002115885884691693
-9.948930441892564,-1187.116334113402,-0.00211598889929121
-7.65897084135107,-1187.4419785979455,-0.0021160865888987246
-5.34954535399039,-1187.6197439464363,-0.002116177162125865
-3.019094524767631,-1187.6476925725553,-0.00211625857381037
-0.6665904508890235,-1187.5239341283982,-0.002116328640994425
1.7084362197992657,-1187.2467267261711,-0.0021163852182475296
4.1058687018566395,-1186.8145765099648,-0.0021164264034858604
6.524977828734646,-1186.22633388062,-0.0021164507432551716
8.964399099744107,-1185.4812843597851,-0.002116457406831529
11.422114893233118,-1184.5792318946596,-0.002116446302068198
13.895443557449932,-1183.5205723752717,-0.0021164181150936656
16.381036836833783,-1182.3063552682358,-0.0021163742684890963
18.874886762877075,-1180.9383315529649,-0.0021163168080136074
21.372342759733872,-1179.418986548467,-0.0021162482415348904
23.868139316308458,-1177.7515566969225,-0.002116171361208785
26.35643419074431,-1175.940029872495,-0.0021160890823921363
28.83085676751221,-1173.9891292598745,-0.002116004323841736
31.28456589932649,-1171.9042812565285,-0.0021159199404579
33.710316340524486,-1169.691568172377,-0.0021158387042419236
36.10053270650533,-1167.357666728007,-0.002115763310825969
38.447389755740375,-1164.909773504591,-0.0021156963823898423
40.74289766165149,-1162.3555186068259,-0.0021156404326916345
42.97899079756602,-1159.7028689017147,-0.0021155977695563877
45.147618383516836,-1156.9600223241057,-0.002115570325639027
47.2408351370425,-1154.1352949145464,-0.0021155594288373436
49.25088984576925,-1151.2370024763245,-0.0021155655440061594
51.170309566973586,-1148.2733389846828,-0.0021155880352825562
52.99197699839755,-1145.252254110846,-0.0021156250006217903
54.70919849771038,-1142.181332383236,-0.002115673223810788
56.31576029084864,-1139.0676765427959,-0.0021157282693451407
57.80597062225546,-1135.9177975126877,-0.002115784715355673
59.174685961375424,-1132.7375130676578,-0.002115836491544343
60.41731986442459,-1129.5318567525512,-0.0021158772645506474
61.52983365180031,-1126.3049978853517,-0.0021159008020568137
62.5087086378808,-1123.0601726307561,-0.0021159012493470186
63.35090017374304,-1119.7996252003613,-0.0021158732696484606
64.05377417040255,-1116.5245572808155,-0.0021158120238382594
64.61502700827052,-1113.2350828585547,-0.002115712998666197
65.03258977294972,-1109.930184729476,-0.002115571727820509
65.30451757445215,-1106.6076681660188,-0.002115383496935408
65.42886431574875,-1103.2641064600964,-0.0021151431970949375
65.40354271430193,-1099.8947723647652,-0.0021148456289736828
65.22616872486495,-1096.4935488449019,-0.0021144868391793636
64.89388891576041,-1093.052812126542,-0.002114067638075312
64.40318911721423,-1089.5632801134204,-0.002113601590167491
63.74968340747135,-1086.0138205557282,-0.0021131320030782774
62.92788550886815,-1082.3912175580363,-0.002112766586485293
61.93097258116241,-1078.6799056457967,-0.0021127452746618758
60.75056967215059,-1074.8617051130404,-0.0021135644092673544
59.37662268858306,-1070.915645930261,-0.0021161737133681413
57.797509735674055,-1066.8180795601745,-0.002122173722245435
56.00070105511025,-1062.5434996959677,-0.002133549552716829
53.974560484323234,-1058.0668884265617,-0.0021503254805281813
51.712268699384474,-1053.3689567914598,-0.0021629727191800896
49.21899748419242,-1048.445894902651,-0.002141849909456539
46.522178536658174,-1043.3235332125316,-0.002056809933527859
43.68023710155571,-1038.069672488233,-0.001962860195583005
40.77966053712915,-1032.7906535294032,-0.001985729429538452
37.91465051960698,-1027.6040815008485,-0.002102876804205067
35.16103681571536,-1022.6035689566103,-0.0021863229396039685
32.56308136953335,-1017.841006425355,-0.0022055574752926077
30.13674747369983,-1013.3312058294055,-0.0021960542502945657
27.879916619098132,-1009.065835586763,-0.002183563539162492
25.781482199064893,-1005.0256559493903,-0.002175401033227331
23.82704521174617,-1001.1880464794007,-0.0021713352110381834
22.0018594153253,-997.5307858040627,-0.002169770655449099
20.29213502336179,-994.033630803938,-0.002169478718457185
18.685495113722634,-990.6787847109902,-0.0021697489837571027
17.171035338874447,-987.4508631074214,-0.0021702196028883236
15.73921691276642,-984.3366630034733,-0.0021707220833846463
14.381702940394618,-981.3248772593286,-0.0021711859996464966
13.09118769688489,-978.4058157410251,-0.0021715877510821713
11.861239258069226,-975.5711563210526,-0.0021719247102396366
10.686162278958482,-972.8137315203523,-0.0021722027104758013
9.56088168314715,-970.1273492739191,-0.0021724302312158272
8.480845591192052,-967.5066436255345,-0.0021726158502790582
7.441945045846308,-964.9469505487425,-0.0021727672486271388
6.440448056851862,-962.4442043398317,-0.002172890926958715
5.472945746763969,-959.9948505764788,-0.002172992228821613
4.536308727555766,-957.5957722367232,-0.002173075479181108
3.6276521846126255,-955.2442261281698,-0.0021731441520032035
2.74430845275408,-952.9377872561682,-0.0021732010296027227
1.8838061249395628,-950.6742991623835,-0.002173248340586298
1.0438549352241406,-948.4518286049738,-0.0021732878738252026
0.22233580360671917,-946.2686232468477,-0.002173321070140233
-0.5827044776264909,-944.1230712886788,-0.0021733490943915967
-1.3730543983784542,-942.0136622473464,-0.0021733728920079187
-2.1503352241224065,-939.9389483548225,-0.002173393232911991
-2.915995394989405,-937.8975063500402,-0.0021734107452680007
-3.671302515547034,-935.8878997637488,-0.0021734259418391133
-4.417333779743642,-933.9086421519781,-0.002173439240229058
-5.154965861309236,-931.9581621043227,-0.002173450978773417
-5.8848654886219,-930.0347712121803,-0.0021734614290185306
-6.607482082462412,-928.1366364888418,-0.0021734708053688934
-7.323043926025327,-926.2617589361711,-0.002173479272581602
-8.03155931755605,-924.4079599951507,-0.0021734869516105704
-8.732823990819664,-922.5728774495229,-0.0021734939243600593
-9.426435755915577,-920.7539719428677,-0.002173500238138004
-10.111816815804444,-918.9485446232909,-0.0021735059108216603
-10.788243586386075,-917.1537655936069,-0.0021735109373128836
-11.454883155599624,-915.3667119103055,-0.0021735152977822025
-12.110834849180414,-913.5844129675424,-0.002173518967229171
-12.75517482518287,-911.80390036106,-0.0021735219252363436
-13.387001282278014,-910.0222588731775,-0.002173524164575724
-14.00547779316965,-908.2366751315981,-0.0021735256970227823
-14.609872475157758,-906.4444807869598,-0.0021735265554347905
-15.199591149227826,-904.6431876759004,-0.002173526791848346
-15.774203243549708,-902.8305132835515,-0.002173526472050824
-16.333459872757306,-901.0043957586616,-0.0021735256678319104
-16.877304176293347,-899.1629986330349,-0.0021735244482563587
-17.405874550210992,-897.3047061470322,-0.0021735228713843924
-17.919501808277946,-895.4281106177846,-0.0021735209774682573
-18.41870154252048,-893.5319935843495,-0.0021735187842928383
-18.904163030255823,-891.6153025406363,-0.0021735162847509315
-19.376735982901458,-889.6771249650391,-0.0021735134464737627
-19.837416289429946,-887.7166611302034,-0.0021735102129252226
-20.28733171311338,-885.7331968823723,-0.0021735065053398728
-20.72772828794557,-883.7260772644884,-0.0021735022248350333
-21.159957956439968,-881.6946815556978,-0.0021734972541054276
-21.585467810104788,-879.6384000342131,-0.0021734914583166898
-22.005791146590266,-877.5566125513769,-0.0021734846847856204
-22.422540445920784,-875.4486688342158,-0.0021734767613708073
-22.837402290816147,-873.3138703079081,-0.0021734674933977516
-23.252134208919085,-871.1514531412396,-0.0021734566590474458
-23.668563392820083,-868.9605721587018,-0.002173444003142677
-24.088587252109363,-866.7402852237892,-0.0021734292292663326
-24.514175765842207,-864.4895376713349,-0.0021734119900571613
-24.947375630174164,-862.2071463454837,-0.0021733918756048354
-25.390316231830017,-859.8917827783337,-0.002173368400015363
-25.845217521710733,-857.5419550175474,-0.0021733409859834296
-26.31439991324423,-855.1559875753438,-0.0021733089481656975
-26.800296386494754,-852.7319989229254,-0.0021732714763427197
-27.30546704123151,-850.2678758908835,-0.0021732276210926216
-27.832616409576296,-847.7612442556243,-0.0021731762869023896
-28.384613910059038,-845.2094346938379,-0.0021731162426004147
-28.964517896411746,-842.6094431734887,-0.002173046166729975
-29.575603818675326,-839.9578847275434,-0.0021729647602537483
-30.221397056041482,-837.2509394416124,-0.0021728709844115457
-30.905710971296003,-834.4842894119507,-0.002172764526513049
-31.632690621640716,-831.6530454607678,-0.002172646674477363
-32.40686224063528,-828.7516626550031,-0.0021725219138239993
-33.23318790013454,-825.7738443933779,-0.0021724007792816025
-34.11712334237514,-822.712436430703,-0.0021723048279405077
-35.06467425317638,-819.5593154771855,-0.00217227503463846
-36.08244118156862,-816.3052833517023,-0.0021723852150756784
-37.17763406925582,-812.9399895786557,-0.002172761306976412
-38.35802084215145,-809.4519270771107,-0.0021736024573293378
-39.63174586283717,-805.8285840487594,-0.002175182730123737
-41.006906720816865,-802.0568997405625,-0.002177765475749993
-42.490706855262516,-798.1242703303267,-0.0021812664059019937
-44.08791631432163,-794.0204727907761,-0.0021844119742304713
-45.798333165148975,-789.7409404329976,-0.0021834734087313734
-47.61311884629083,-785.2915959301238,-0.0021724734946744206
-49.51059501604626,-780.6944931688206,-0.002149505403856722
-51.453472028309285,-775.9916373736761,-0.002127879094413032
-53.39057048011863,-771.242837534886,-0.0021303360992384057
-55.26461664208304,-766.5154226367199,-0.0021587972702050706
-57.02321144946149,-761.8697379542331,-0.002189816968186875
-58.62712361335602,-757.3483354143793,-0.002206146936039488
-60.05253997133844,-752.9733535633557,-0.0022089750767655403
-61.28853387704539,-748.750280897707,-0.0022059336495168225
-62.33286092345717,-744.6738415145013,-0.0022021273334154046
-63.18821998883205,-740.733128612673,-0.0021993551728201055
-63.85966570511574,-736.9151089578863,-0.0021977648917044235
-64.35306683148472,-733.2066872101275,-0.0021970248803526715
-64.6742918898101,-729.5957892436365,-0.002196791622441907
-64.82883893813104,-726.0718599417712,-0.0021968226786839296
-64.8217159201477,-722.6260401852203,-0.0021969704228723685
-64.65745364639903,-719.251180514566,-0.002197152036714556
-64.34018375327682,-715.9417786858462,-0.0021973238488790514
-63.873744147853365,-712.6938866604991,-0.0021974644140989597
-63.26179156662614,-709.5050091533965,-0.002197564531506657
-62.50791026448149,-706.3740031825281,-0.002197621733184718
-61.615710868998406,-703.3009814481225,-0.002197637389134144
-60.58891606671423,-700.2872191137561,-0.002197615245851381
-59.43143116090855,-697.3350621579699,-0.002197560693346645
-58.14739828555156,-694.4478350839231,-0.002197480355665249
-56.74123352369597,-691.6297459635799,-0.0021973817811478114
-55.21764654494893,-688.885787299891,-0.0021972731181101324
-53.581642736141866,-686.2216318687318,-0.002197162730951163
-51.83850818698995,-683.6435234589972,-0.002197058754443759
-49.99377831041491,-681.1581631983097,-0.0021969686118197274
-48.05319130794884,-678.7725928816695,-0.00219689853769367
-46.022628106641,-676.4940773684941,-0.002196853151534839
-43.90804076376499,-674.3299886450746,-0.002196835125371166
-41.71537162892395,-672.2876945377888,-0.0021968449808298374
-39.4504657437638,-670.3744552898288,-0.0021968810378787396
-37.118979027931154,-668.5973312729878,-0.002196939523244623
-34.726284734643095,-666.9631049988423,-0.002197014831327948
-32.2773804574453,-665.4782203335836,-0.002197099917161438
-29.77679763750911,-664.1487414305783,-0.0021971867911290133
-27.228515073111833,-662.9803334054799,-0.002197267081417209
-24.635877393470636,-661.9782662264955,-0.002197332635645921
-22.001518860485376,-661.1474427134236,-0.002197376154335018
-19.32729224683282,-660.4924509615923,-0.002197391887619915
-16.61420196328997,-660.0176409386445,-0.0021973764993212797
-13.862340149808416,-659.7272244109292,-0.002197330318292501
-11.070824220561407,-659.625396637643,-0.0021972593874473034
-8.237734553998454,-659.7164771936751,-0.002197179022815021
-5.360051976840848,-660.0050653927119,-0.002197120051182111
-2.4335970019397024,-660.496202233346,-0.002197139500307088
0.5470224754482171,-661.1955240392568,-0.002197338001561633
3.5884391970779395,-662.1093802533469,-0.0021978853603208393
6.698497553506511,-663.244864396039,-0.00219904974175833
9.886104585994255,-664.6096652005427,-0.0022012037574974386
13.160846214513183,-666.2115732280682,-0.0022047175485226944
16.532172752865986,-668.057366212605,-0.002209511017998267
20.007852572911442,-670.1506525747922,-0.002213880286504377
23.591322431546374,-672.4881613810389,-0.002212595447861787
27.277721793485295,-675.0542034468274,-0.002196817384522376
31.049168099992333,-677.8141280633496,-0.002162870731751809
34.87144310343533,-680.7098804685488,-0.0021292595022011085
38.69566043678632,-683.6627168253233,-0.002129450510913955
42.466862817822935,-686.5857852007965,-0.0021666730375500265
46.136166446787925,-689.4016960553093,-0.0022072079633872477
49.66959782263253,-692.055298481874,-0.0022274051077069146
53.04992359541529,-694.5163912734139,-0.002229873565806173
56.273267931531834,-696.7749249103167,-0.002225239927060585
59.34420518226878,-698.8339593074909,-0.002220085982109765
62.27164552249039,-700.7037048758593,-0.0022165040139938696
65.06612181347955,-702.397541280266,-0.0022145224330571978
67.73825047359985,-703.9297099337367,-0.0022136431512507215
70.29796505849362,-705.3141185877563,-0.0022134044288506516
72.75419830148527,-706.5637993016866,-0.002213495632336304
75.11480312941106,-707.6907209116233,-0.0022137343298123113
77.38659099634468,-708.7057807332724,-0.0022140220469744065
79.57542124606304,-709.6188787616759,-0.0022143095327660234
81.68630714518413,-710.4390232892354,-0.0022145745998010113
83.72352175302218,-711.1744421802379,-0.0022148092121412333
85.69069608818772,-711.8326876577302,-0.002215012332433375
87.59090682381033,-712.420729596348,-0.0022151860990931027
89.42675309006135,-712.9450359410222,-0.002215333852278789
91.2004230347808,-713.4116406248933,-0.0022154591595278106
92.91375121066997,-713.8262001303643,-0.0022155653699407196
94.5682679509647,-714.194040103653,-0.0022156554405672324
96.16524183841298,-714.520193450568,-0.0022157318977411578
97.70571625442058,-714.8094312438996,-0.0022157968608862433
99.19054086130951,-715.0662876302725,-0.002215852091463688
100.62039874201612,-715.2950797713687,-0.0022158990482310514
101.99582980716048,-715.4999237075601,-0.0022159389401039675
103.31725098191153,-715.6847468981318,-0.002215972772827257
104.58497360407743,-715.8532980735417,-0.002216001388483768
105.799218398659,-716.0091549313993,-0.0022160254979253224
106.96012834055092,-716.1557301178765,-0.0022160457069109185
108.06777967397744,-716.2962758586328,-0.00221606253682749
109.1221913226031,-716.4338875365451,-0.0022160764409582256
110.12333289633055,-716.5715064562273,-0.0022160878170640608
111.0711314781233,-716.71192198632,-0.0022160970171274386
111.96547735557759,-716.8577732287922,-0.0022161043547779258
112.80622884645373,-717.0115503291519,-0.0022161101109916537
113.59321635420349,-717.1755955117517,-0.002216114538431846
114.32624577810843,-717.3521038996333,-0.0022161178648221203
115.0051013925238,-717.5431241580081,-0.002216120295508439
115.62954830056212,-717.7505589839927,-0.0022161220155232364
116.19933455909992,-717.97616545216,-0.00221612319121256
116.71419306406258,-718.2215552153968,-0.0022161239715551284
117.17384327740075,-718.4881945531233,-0.0022161244892320298
117.57799286991836,-718.7774042537694,-0.002216124861540658
117.92633934707291,-719.0903593152473,-0.002216125191121132
118.21857171798531,-719.42808844572,-0.0022161255665221757
118.45437226112394,-719.7914733470253,-0.00221612606268623
118.63341843342398,-720.1812477644554,-0.0022161267412253993
118.75538496292874,-720.5979962890653,-0.0022161276506107996
118.81994615835855,-721.0421529021093,-0.0022161288262287915
118.82677846228331,-721.5139992554779,-0.002216130290254137
118.77556326775604,-722.0136626870291,-0.0022161320514519356
118.66599001131473,-722.541113975363,-0.0022161341048119176
118.49775954813232,-723.0961648448454,-0.002216136431081317
118.27058780774423,-723.6784652384566,-0.002216138996199657
117.9842097211618,-724.2875003832901,-0.0022161417506002534
117.63838340224186,-724.922587681216,-0.002216144628491623
117.23289455788048,-725.5828734653076,-0.0022161475470814374
116.76756109289035,-726.2673296710728,-0.002216150405762951
116.2422378662634,-726.9747504802873,-0.002216153085346617
115.65682154588703,-727.703749004226,-0.00221615544738607
115.01125549864719,-728.4527540822572,-0.0022161573335921503
114.30553464221484,-729.2200072809583,-0.002216158565534476
113.5397101736954,-730.0035601879814,-0.0022161589445532925
112.71389407877439,-730.801272103589,-0.002216158252140943
111.82826331312094,-731.6108082407656,-0.002216156250809842
110.88306353576347,-732.4296385516773,-0.0022161526855679625
109.87861226215772,-733.2550373034259,-0.0022161472861581544
108.81530129302803,-734.0840835288456,-0.0022161397700557472
107.69359826417407,-734.9136624776653,-0.002216129846359216
106.51404715278517,-735.7404681887156,-0.0022161172204908652
105.27726756796608,-736.5610072938482,-0.0022161015995010303
103.98395264779664,-737.3716041476233,-0.002216082697809263
102.63486538300248,-738.1684073522803,-0.0022160602428451526
101.23083318886324,-738.947397713772,-0.0022160339798844575
99.77274055289591,-739.704397620531,-0.0022160036752634227
98.26151959649448,-740.4350817812125,-0.0022159691167704665
96.69813840414788,-741.1349891903722,-0.002215930109993103
95.08358699371645,-741.7995361117985,-0.002215886469028483
93.41886082457157,-742.4240297785352,-0.00221583800013736
91.70494176553845,-743.0036824076678,-0.002215784476819138
89.94277646907092,-743.5336250184204,-0.002215725604861163
88.13325211860624,-744.0089204262453,-0.0022156609762511437
86.27716952839211,-744.4245746657742,-0.0022155900108788984
84.37521357419993,-744.7755459739284,-0.002215511885248489
82.42792091343965,-745.0567503426039,-0.002215425447387176
80.4356449078351,-745.2630625282471,-0.0022153291170745604
78.39851758406071,-745.3893112813158,-0.0022152207704557725
76.31640835021939,-745.4302674273732,-0.0022150976079373663
74.18887902103799,-745.3806232853891,-0.002214956005520463
72.01513448411848,-745.2349617361336,-0.0022147913530154995
69.7939680552326,-744.9877130394415,-0.0022145978913563624
67.5237002144594,-744.633097226487,-0.0022143685818214465
65.20210898065365,-744.1650495458965,-0.002214095084053014
62.82634966862231,-743.5771260120133,-0.002213768011412043
60.392861195508196,-742.8623856036505,-0.002213377820915241
57.89725550918436,-742.0132451583049,-0.0022129170764841888
55.33418622936978,-741.0213026818312,-0.002212385591974453
52.69719252002962,-739.8771250761725,-0.0022118014844210165
49.97851521345797,-738.5699981297531,-0.002211224118312316
47.16888572021596,-737.0876420650379,-0.0022108003224232675
44.25729734445355,-735.4159093285948,-0.0022108538835539093
41.23078968412605,-733.5385116649472,-0.002212046839598969
38.074322889461556,-731.4368891696341,-0.0022156256921306294
34.770914949638154,-729.0904703181424,-0.002223625556815989
31.302405085350458,-726.4778390995192,-0.0022383220645565416
27.651540392063108,-723.5797930987236,-0.0022586054519422305
23.806525548283318,-720.3858914336143,-0.0022693231481767384
19.76926046079825,-716.9061924634051,-0.002230058480517272
15.566696136064797,-713.1873217422577,-0.0021140145863967064
11.259206227585471,-709.3241849797809,-0.002019639712298016
6.934430703031362,-705.4509858828283,-0.0020897015239143
2.6828678761728777,-701.7063197166101,-0.0022426599995988283
-1.4286635044267224,-698.1952045017533,-0.0023279664456090643
-5.366934223863808,-694.9746630642816,-0.002338594378304748
-9.125854725139032,-692.0625671919001,-0.0023233740624846178
-12.71508153404287,-689.45362851763,-0.002308698049446889
-16.1510788139388,-687.1320311209656,-0.002300098037679277
-19.451948126815548,-685.0787878261892,-0.002296226308949656
-22.634950303762675,-683.2752981967827,-0.0022950193065049973
-25.715524341394588,-681.7047765741042,-0.002295084691752436
-28.707033657435456,-680.3526314184606,-0.0022956650212968555
-31.620828365702234,-679.2063777694681,-0.002296391585428381
-34.46642375744626,-678.2553685642437,-0.0022971011989305623
-37.251704688507125,-677.4904767235588,-0.002297731315628937
-39.98311871146967,-676.9037849746965,-0.002298265812921585
-42.665845464538336,-676.4883053903908,-0.0022987084636234556
-45.303940731516185,-676.2377349993485,-0.002299070485374699
-47.900457999213664,-676.146247322104,-0.002299364967264239
-50.457551761736745,-676.2083173475017,-0.0022996045501102458
-52.97656691233711,-676.4185769257799,-0.0022998005865346727
-55.45811809627885,-676.7716977045567,-0.0022999629326747595
-57.90216222834061,-677.2622990688085,-0.002300099978729264
-60.30806666752076,-677.8848788514347,-0.002300218748285232
-62.67467486199795,-678.6337647840575,-0.002300325002369874
-65.00037066284726,-679.5030847520449,-0.0023004233332724056
-67.28314197161384,-680.4867539272011,-0.0023005172525394357
-69.52064394266218,-681.5784768106674,-0.0023006092825088587
-71.71026160936633,-682.7717621620801,-0.002300701058405963
-73.84917154265533,-684.0599487480474,-0.0023007934436254374
-75.93440197619155,-685.436239834131,-0.00230088665618311
-77.96289073596319,-686.8937443810461,-0.002300980400717023
-79.93154028193948,-688.4255229904702,-0.0023010739994795415
-81.8372691926519,-690.0246367746095,-0.0023011665157817163
-83.67705948674386,-691.6841974879771,-0.002301256864818413
-85.44799926611687,-693.3974174489965,-0.0023013439089023535
-87.1473202724199,-695.1576579821965,-0.002301426536039486
-88.77243006357288,-696.9584753193988,-0.0023015037223412804
-90.32093863329528,-698.7936631029023,-0.002301574579517407
-91.7906794097028,-700.6572908300598,-0.002301638389095473
-93.17972467592078,-702.5437377635697,-0.0023016946248617387
-94.48639555432159,-704.4477220035526,-0.002301742964688991
-95.70926678494247,-706.3643245751746,-0.002301783292697479
-96.84716660661788,-708.2890085287635,-0.0023018156923040323
-97.89917211516148,-710.2176331776085,-0.0023018404311523355
-98.86460052539714,-712.1464637113972,-0.0023018579388152105
-99.74299680194827,-714.072176519892,-0.0023018687785576475
-100.53411814671993,-715.991860641375,-0.0023018736149662544
-101.23791583865838,-717.903015813255,-0.0023018731791903946
-101.85451491389516,-719.8035476480511,-0.0023018682337569984
-102.38419215260954,-721.6917604873768,-0.0023018595388570873
-102.82735280424305,-723.5663485007487,-0.0023018478216885185
-103.18450643688709,-725.4263855968348,-0.0023018337499056685
-103.45624224184515,-727.2713147044474,-0.0023018179101361724
-103.64320406278036,-729.1009369618201,-0.0023018007916855154
-103.74606535269838,-730.915401328317,-0.002301782775431249
-103.7655041933193,-732.7151951055173,-0.0023017641276377176
-103.70217844193787,-734.5011358272461,-0.0023017449981779237
-103.55670100214857,-736.2743649528264,-0.0023017254228863138
-103.32961514806374,-738.0363437763191,-0.002301705330085113
-103.02136976800456,-739.7888519477303,-0.0023016845519139295
-102.63229433434581,-741.5339889898872,-0.002301662842384644
-102.16257335303148,-743.2741791851557,-0.0023016399058235493
-101.61222000221645,-745.0121801951768,-0.002301615442290128
-100.98104863973296,-746.7510957563666,-0.0023015892214450773
-100.26864585273113,-748.4943927500618,-0.0023015612034766875
-99.47433975561766,-750.2459228552029,-0.0023015317376220423
-98.59716734102246,-752.0099488137641,-0.0023015018866345827
-97.6358398977558,-753.7911750094676,-0.0023014739525804018
-96.58870690389122,-755.5947814714425,-0.0023014523165683087
-95.45371950417352,-757.4264593917859,-0.0023014447510547598
-94.22839588652324,-759.2924445077997,-0.002301464399579345
-92.90979289695298,-761.1995417992492,-0.0023015325887127958
-91.49449156188228,-763.1551301989051,-0.002301682380912773
-89.97860953652138,-765.1671283983175,-0.0023019619166122496
-88.35786182320432,-767.2438909973536,-0.0023024343327415764
-86.62770342764097,-769.3939867456801,-0.0023031660630223882
-84.78360433350024,-771.6257868996107,-0.0023041865418136354
-82.82152609185572,-773.9467648411512,-0.002305393173967829
-80.73868142741564,-776.3623907905421,-0.0023063863597823087
-78.53464073867049,-778.8745299116242,-0.002306305593794633
-76.21276036857809,-781.4793775437672,-0.0023039557160604573
-73.78170069481871,-784.1652575268199,-0.002298685277121848
-71.25649284233704,-786.9110477766638,-0.0022918803901852414
-68.65838960731136,-789.6863165893178,-0.002287257356217154
-66.01295443333485,-792.4539518336011,-0.002288111790864633
-63.34666108500076,-795.1749151532549,-0.002293978641645822
-60.683197278108054,-797.8134524090171,-0.002301265146288145
-58.040844238871635,-800.3408284436903,-0.0023067870162165605
-55.4315729105607,-802.7366723244764,-0.0023096248196381453
-52.8615786239845,-804.9883082918409,-0.002310428635952988
-50.332549167017525,-807.0890515490822,-0.002310179107416488
-47.84305315489873,-809.0363249230646,-0.002309577333885926
-45.389719563158295,-810.8300583923801,-0.002308978160726838
-42.968112561042076,-812.4715085021436,-0.002308509641403944
-40.573327471236865,-813.9624647313376,-0.0023081893457543856
-38.20037366790476,-815.304753703819,-0.0023079939303123354
-35.84440999603899,-816.4999520305857,-0.002307891697363118
-33.50088449066893,-817.5492374329663,-0.002307854711499857
-31.16561509202399,-818.4533284797263,-0.0023078616607357105
-28.83483582629014,-819.212479997961,-0.002307897248696733
-26.505224131211676,-819.8265131584233,-0.002307950666994074
-24.173919051848802,-820.2948672049813,-0.0023080141092322037
-21.83853611833125,-820.6166648861621,-0.00230808160695517
-19.497182174427678,-820.7907867749407,-0.0023081482112559115
-17.14847176833679,-820.815951500691,-0.0023082094679871545
-14.79154561990751,-820.6907999201136,-0.002308261124053246
-12.426090933409982,-820.4139817232654,-0.002308299011975379
-10.052362804377937,-819.9842431050673,-0.002308319071371301
-7.6712055985592835,-819.4005140652384,-0.0023083174735525347
-5.284072920659456,-818.6619937235122,-0.0023082908188456486
-2.8930446218559354,-817.7682318203731,-0.0023082363768303082
-0.5008392121395869,-816.7192043683639,-0.002308152339324465
1.8891799530952156,-815.5153812655406,-0.002308038055339523
4.27300625070998,-814.1577836111827,-0.002307894219196527
6.646000488181733,-812.648028495136,-0.002307722986024885
9.002911808968165,-810.9883591772393,-0.0023075279941515703
11.337909538915225,-809.1816588337615,-0.002307314281328132
13.644626283631213,-807.2314464164357,-0.002307088087718512
15.916212105043643,-805.141853631708,-0.0023068565475234948
18.145399083706124,-802.917582582328,-0.0023066272777825247
20.324575032337627,-800.5638441948222,-0.0023064078817363054
22.44586458849782,-798.086278155545,-0.002306205393157512
24.501215405253504,-795.4908556626248,-0.0023060256978659766
26.482486704711565,-792.7837668361864,-0.002305872977252932
28.381537087291353,-789.9712950772556,-0.002305749224525755
30.190308224822076,-787.0596809878984,-0.002305653883659886
31.900900928553465,-784.054978623324,-0.002305583651970977
33.50564008623775,-780.962906806744,-0.0023055324697160984
34.99712510600032,-777.7886979735132,-0.0023054916960205674
36.36826277487187,-774.5369465081467,-0.0023054504463608794
37.61227980815194,-771.2114577970472,-0.0023053960511170146
38.722712792242675,-767.8150982593834,-0.0023053146012550485
39.6933736641043,-764.3496454761588,-0.0023051915892295938
40.518289289840276,-760.8156362746188,-0.002305012761667058
41.19161409853634,-757.2122093401134,-0.0023047655172021564
41.70751515822609,-753.5369377884798,-0.002304441604572105
42.060029745568386,-749.7856464523592,-0.002304042676573914
42.242896817080336,-745.9522090356146,-0.0023035917609810497
42.249366805356196,-742.0283230368027,-0.00230315643082335
42.072000811271955,-738.0032680301719,-0.002302893897844882
41.70248448699031,-733.8636708010959,-0.0023031335633802996
41.1315114244732,-729.5933394931978,-0.002304510764641776
40.348850173133684,-725.1733084712964,-0.002308121522780482
39.34382284077073,-720.5823911169227,-0.002315466296117563
38.10662408815536,-715.7988171428644,-0.002327325618782794
36.63120226181424,-710.8039486737299,-0.0023395898988987085
34.92064312783436,-705.5894098724369,-0.002335278782734207
32.995458811901095,-700.1683015617112,-0.002286558504980718
30.902526357801758,-694.5876070646797,-0.00220174033946563
28.71759410651807,-688.9322628971353,-0.002169876135688753
26.53340815622325,-683.3099837352577,-0.002240953977100446
24.436492169468508,-677.8207261493005,-0.0023312508605854987
22.488198288236042,-672.531825000217,-0.0023715091153206913
20.72061107041264,-667.4730265970538,-0.002372685690822607
19.143401885618662,-662.6460080838455,-0.0023625065299057724
17.75301147446858,-658.0367172417198,-0.002353847386316943
16.53958627922219,-653.6244791268373,-0.0023489975439936472
15.491075310533127,-649.3872084201371,-0.0023469619467242353
14.595308473817344,-645.3039194688787,-0.002346493518686543
13.840911211735332,-641.3557191121996,-0.0023467614719159258
13.217618909903024,-637.5260453972475,-0.002347311757173287
12.716306212509938,-633.8005691731893,-0.0023479229873331064
12.328893784783208,-630.1669673020132,-0.0023484985756567767
12.048212073280867,-626.6146652607273,-0.002349003727108112
11.8678590570761,-623.1345913567037,-0.002349432186022682
11.782067904916579,-619.7189581367178,-0.0023497896671500484
11.785590324108899,-616.3610743680695,-0.002350085973699123
11.873596711836061,-613.055185781335,-0.002350331453698118
12.041592212830974,-609.7963408923877,-0.002350535554290545
12.285347055664149,-606.5802778587434,-0.002350706354503629
12.60083939327044,-603.4033286018879,-0.0023508505290852355
12.984208973881127,-600.2623369330717,-0.0023509734829776363
13.431720154302766,-597.1545879691228,-0.0023510795361367798
13.939732964120054,-594.0777466386855,-0.0023511721075752945
14.504681105797955,-591.0298035300123,-0.0023512538790217974
15.123055921759626,-588.0090267137819,-0.0023513269338852893
15.79139547513615,-585.0139184924885,-0.002351392872878222
16.5062779801122,-582.0431762889876,-0.002351452909843843
17.26431888620125,-579.0956570984296,-0.002351507951555476
18.06217097404708,-576.170345097092,-0.0023515586646407627
18.896526863568766,-573.2663221346537,-0.0023516055319792173
19.764123372675783,-570.3827409385827,-0.002351648900489778
20.66174719962675,-567.5188009352136,-0.0023516890212054165
21.586241436655474,-564.6737266460287,-0.0023517260825514086
22.53451245809343,-561.8467486535563,-0.0023517602372216118
23.50353676343579,-559.0370871528282,-0.002351791623123489
24.49036739454085,-556.243938114967,-0.0023518203787773473
25.492139585865495,-553.4664620923576,-0.002351846653503742
26.506075346482547,-550.7037756928545,-0.0023518706131735456
27.52948671166794,-547.9549457459805,-0.0023518924417489373
28.55977743923897,-545.2189861789777,-0.002351912339696227
29.59444296097599,-542.4948576161293,-0.0023519305194641404
30.631068432175148,-539.7814697114986,-0.0023519471989574825
31.66732475299395,-537.0776862228616,-0.00235196259337922
32.70096246473038,-534.3823328319485,-0.0023519769059712203
33.72980345419671,-531.6942077110143,-0.0023519903180755364
34.75173043234286,-529.0120948250667,-0.0023520029787622576
35.764674192437035,-526.3347799385916,-0.0023520149945497337
36.76659870229141,-523.6610692601739,-0.0023520264195964202
37.755484148596516,-520.98981060205,-0.00235203724696742
38.72930813393246,-518.3199168479741,-0.0023520474018905446
39.68602533259556,-515.6503914056666,-0.002352056738244457
40.62354604292419,-512.9803551646223,-0.0023520650397133025
41.53971423185355,-510.3090742839348,-0.0023520720274259332
42.43228584865979,-507.6359879003721,-0.0023520773757974567
43.298908380461,-504.9607345833386,-0.002352080737859197
44.137102816146424,-502.28317608876665,-0.002352081780154336
44.944249353989335,-499.603416707355,-0.002352080225615616
45.71757829922405,-496.9218163040468,-0.0023520759002835234
46.45416761327965,-494.23899505452783,-0.002352068776872329
47.15094845668524,-491.5558279540753,-0.0023520590063021984
47.804719779365804,-488.8734274524505,-0.0023520469271591793
48.41217253713806,-486.19311308658223,-0.002352033045311508
48.969923459300446,-483.5163677406966,-0.0023520179802751784
49.47455750024712,-480.8447811196851,-0.0023520023819907365
49.92267725437586,-478.17998208793114,-0.002351986829604691
50.310956803495145,-475.52356257445086,-0.0023519717293893905
50.63619681792256,-472.87699662588636,-0.002351957230862567
50.89537735527721,-470.2415587573913,-0.002351943176243765
51.08570476911855,-467.6182459008177,-0.0023519290904499
51.20464947408734,-465.0077069361793,-0.0023519142086882994
51.24997197492401,-462.4101830480323,-0.002351897529685232
51.21973545927039,-459.8254610749595,-0.0023518778779685334
51.11230424950214,-457.2528407670379,-0.0023518539575952957
50.926328370030305,-454.6911155975481,-0.002351824383131529
50.6607152945763,-452.1385656381932,-0.0023517876787639835
50.314590510490376,-449.5929601062846,-0.0023517422408900757
49.887248836229446,-447.0515665777522,-0.002351686262713315
49.37809845702179,-444.51116352802933,-0.0023516176202065253
48.78659943666034,-441.9680527677712,-0.002351533717513732
48.11219807100464,-439.4180684087267,-0.0023514312867281006
47.35425792461808,-436.8565791417896,-0.0023513061332831597
46.51198778130432,-434.27848074916864,-0.002351152813474755
45.58436607211523,-431.6781758272829,-0.0023509642274142095
44.570060631873446,-429.0495375964396,-0.002350731110720261
43.46734186906891,-426.3858543539261,-0.0023504414172244026
42.27398658752187,-423.6797505272156,-0.002350079617269074
40.98716872948744,-420.9230793397676,-0.002349626021413087
39.60333216785713,-418.10678074737285,-0.0023490564480859177
38.118039314199336,-415.22069648144065,-0.0023483430418984597
36.5257877249805,-412.25333174056476,-0.002347458175577799
34.819785203816295,-409.1915504583828,-0.0023463859359118544
32.99167257494353,-406.02018874175155,-0.0023451515148025237
31.031183648220097,-402.7215707440753,-0.0023438918162561606
28.92573726710951,-399.2749174231001,-0.0023430185258064284
26.659975012496098,-395.65566259000013,-0.0023435792668244915
24.215310065125347,-391.83475974739633,-0.0023479987633265864
21.569684534021093,-387.7782419368252,-0.0023613303786085282
18.69804686754097,-383.44772823092075,-0.002392086537881255
15.57474998769205,-378.8035251652262,-0.0024463063455542056
12.180324808391097,-373.81372580820965,-0.002494135151252408
8.516272391888277,-368.47441439232034,-0.0024037584059932726
4.628518096788235,-362.8420314517449,-0.0020675118888853206
0.6250385469295769,-357.05801505266874,-0.0019109814107025613
-3.343267222055775,-351.32283828458344,-0.002286714194177364
-7.140039888239022,-345.81703490513235,-0.0026264434357550215
-10.686947688348901,-340.64154899077135,-0.002684532044874288
-13.962051170951652,-335.820391350962,-0.0026394111628569306
-16.976184650790373,-331.3333842272189,-0.0025992551610301007
-19.753039735134575,-327.14351122249315,-0.0025796612295714283
-22.31857988846623,-323.2112746584356,-0.002572961916040839
-24.696717566707765,-319.5004227076171,-0.002572118923673372
-26.908027111610046,-315.9795414672808,-0.002573427979893239
-28.969696876146322,-312.621990488454,-0.0025752743316971305
-30.89590517179448,-309.40529472969007,-0.00257704300587136
-32.69828813445789,-306.31043902475903,-0.0025785453208442277
-34.386378409331066,-303.32122340304886,-0.0025797588208575917
-35.967979483097494,-300.4237220217922,-0.0025807175814982486
-37.44947320040448,-297.6058455656075,-0.0025814686532044107
-38.836068936718235,-294.8569934136147,-0.0025820562850960016
-40.13200530963942,-292.1677795730679,-0.002582517345029345
-41.340714644484905,-289.5298179702092,-0.0025828809715235934
-42.46495884401168,-286.93555527621197,-0.002583169614570835
-43.506943666601614,-284.37814195879395,-0.002583400357185184
-44.46841695889549,-281.8513343503625,-0.002583586125659565
-45.35075516697253,-279.34942215298634,-0.0025837366830394615
-46.155041435483724,-276.8671769966665,-0.0025838594066787124
-46.88213774599101,-274.3998184926084,-0.002583959884555398
-47.532752795019995,-271.94299474005624,-0.002584042370200379
-48.107506630752574,-269.49277451140836,-0.0025841101306642855
-48.606992431593135,-267.0456484109916,-0.002584165714894837
-49.03183521380597,-264.5985362354558,-0.0025842111616629637
-49.38274671065543,-262.14879762215634,-0.0025842481600690803
-49.66057520056508,-259.69424292836766,-0.0025842781697242856
-49.86634871883926,-257.23314121736513,-0.0025843025043492673
-50.00130991523335,-254.76422231563936,-0.002584322380172921
-50.06694086322503,-252.28667021531896,-0.002584338930924801
-50.0649764148719,-249.8001056675019,-0.0025843531932689956
-49.99740522704974,-247.3045566452188,-0.0025843660704349958
-49.866458321756944,-244.80041639872243,-0.0025843782856860287
-49.67458590626667,-242.28838998038268,-0.0025843903398587997
-49.424424057972416,-239.76943124406444,-0.0025844024868790783
-49.118753650212895,-237.24467327380864,-0.002584414737009766
-48.760454446304955,-234.7153558359551,-0.002584426890903657
-48.35245754095765,-232.1827536913512,-0.0025844385995732466
-47.897699253377105,-229.64810942942393,-0.0025844494391709105
-47.39907920171829,-227.11257394162726,-0.0025844589866705903
-46.85942468701909,-224.5771568411705,-0.0025844668834595907
-46.28146278654699,-222.04268819203838,-0.002584472878262467
-45.6678008066839,-219.50979196744225,-0.002584476846234196
-45.020915064300574,-216.97887082713805,-0.0025844787862236984
-44.34314741564217,-214.4501011576226,-0.002584478801743728
-43.63670856379149,-211.92343689038822,-0.002584477072391067
-42.90368695167464,-209.39862039598984,-0.002584473822224709
-42.14606196795145,-206.875198714722,-0.0025844692900314215
-41.36572022649359,-204.3525434836579,-0.002584463704492279
-40.564473791171466,-201.82987310713776,-0.0025844572656676945
-39.74407937330588,-199.30627595053002,-0.0025844501327787484
-38.90625770224105,-196.78073358098305,-0.0025844424175325287
-38.052712440182006,-194.25214330972747,-0.002584434181898132
-37.185148167927686,-191.7193394934952,-0.002584425439104976
-36.30528710163836,-189.181113220724,-0.002584416156928171
-35.4148843100715,-186.63623014002286,-0.002584406262334582
-34.51574128768026,-184.0834462862178,-0.002584395646971771
-33.60971780434249,-181.52152182762643,-0.002584384173117904
-32.69874200094796,-178.949232702378,-0.0025843716797622207
-31.7848187355459,-176.36538013705336,-0.002584357988681063
-30.870036211000826,-173.76879805271167,-0.0025843429103922233
-29.956570935461492,-171.15835836586692,-0.002584326249674085
-29.046691084218946,-168.53297418876184,-0.002584307810633568
-28.14275834794605,-165.89160092714638,-0.0025842874008699113
-27.247228369545102,-163.23323526671837,-0.0025842648344944763
-26.362649891035783,-160.55691203273548,-0.002584239933501209
-25.4916627537852,-157.86169890171777,-0.002584212527082741
-24.636994920210277,-155.14668893970014,-0.0025841824483272546
-23.801458712840915,-152.41099093769395,-0.002584149527763202
-22.987946497046575,-149.65371751091286,-0.002584113583228742
-22.19942606637173,-146.87397092250328,-0.002584074405538317
-21.438936023813557,-144.07082658316628,-0.0025840317394383305
-20.709581488081415,-141.24331416296573,-0.0025839852593438906
-20.014530490645548,-138.39039622823518,-0.0025839345392828506
-19.357011467251983,-135.51094428193142,-0.002583879016516022
-18.740312287002975,-132.60371203680484,-0.002583817948028866
-18.167781304055044,-129.66730568376948,-0.002583750359070436
-17.642830963055836,-126.70015082884144,-0.0025836749827448102
-17.168944541873607,-123.70045565646599,-0.002583590189871643
-16.74968667684554,-120.66616972991923,-0.0025834939088120734
-16.388718390035873,-117.59493765514218,-0.0025833835370416836
-16.08981742827668,-114.48404660690782,-0.002583255850339583
-15.856904832702579,-111.330366440027,-0.002583106924799239
-15.694078785210857,-108.13028077975747,-0.002582932105509528
-15.60565691899108,-104.87960710677375,-0.0025827260930739726
-15.596228415656057,-101.57350343848312,-0.0025824832919099094
-15.670717297896248,-98.20635880482615,-0.0025821987052481177
-15.834458270062258,-94.77166442848531,-0.0025818699321220606
-16.093286067165142,-91.26186257597344,-0.002581501331775371
-16.45363816033313,-87.66817092554132,-0.0025811123598025176
-16.922668073093757,-83.98038297417995,-0.0025807537183730744
-17.508360998529042,-80.18665143282587,-0.0025805374975753637
-18.219631985153907,-76.27327559909283,-0.002580690206851699
-19.066364184158147,-72.22454283104904,-0.002581635655790393
-20.059300460622925,-68.02273240265306,-0.002584088618672098
-21.209619171148415,-63.648501055135306,-0.0025890293251364938
-22.52788145444015,-59.082066581300275,-0.0025970953642051597
-24.021823959844564,-54.30590605817455,-0.0026062932964485697
-25.69227296730278,-49.309981001298155,-0.0026071508348444183
-27.526662236827192,-44.10027039924609,-0.002580910619400356
-29.491154329250715,-38.709386768177986,-0.0025215415740227343
-31.52582352369522,-33.20335496708898,-0.002477615024751856
-33.54993343786277,-27.675033158822128,-0.002511331433897368
-35.479182864735996,-22.221533937790014,-0.0025910983159391776
-37.245234825139384,-16.918655811545467,-0.002644204737489275
-38.80526196882465,-11.808805745573446,-0.00265652995095067
-40.139685869528364,-6.904682759121044,-0.002650037467397226
-41.24460815250861,-2.1998111506879443,-0.002641257342411052
-42.12466569347665,2.3217762358400864,-0.0026353979213986634
-42.78825235017818,6.67919621295264,-0.002632504392650503
-43.24486840254032,10.891281813842284,-0.002631492737684482
-43.50384917082563,14.974988596531974,-0.0026314536726488313
-43.573863492442975,18.94479916884963,-0.0026318345218818706
-43.46280422757103,22.812617054611188,-0.002632343936660675
-43.177862159401386,26.587877416712647,-0.0026328433849407418
-42.725674832999466,30.277739515301057,-0.0026332751577200497
-42.11249604046024,33.88729866253036,-0.002633621833421529
-41.34435959510754,37.41979211036564,-0.002633885180991058
-40.42722503270732,40.87679093602924,-0.002634075684721182
-39.367099748605014,44.258377918788554,-0.0026342074901037904
-38.17013542258571,47.56331448334765,-0.0026342959644658492
-36.84269824668081,50.78920048277727,-0.002634356436672647
-35.39141338448799,53.932630151224025,-0.0026344034217160583
-33.82318470403642,56.98934660676612,-0.002634450026587132
-32.14519134000315,59.95439615935773,-0.0026345074365998755
-30.364863125247883,62.822282560552345,-0.002634584478574453
-28.489837390535534,65.58712032767787,-0.0026346872968510127
-26.527900039598187,68.24278545038129,-0.002634819182585346
-24.48691413023178,70.78306117961297,-0.0026349805830605533
-22.374739400254047,73.20177622480169,-0.0026351692961199547
-20.199146249179186,75.49293254322336,-0.002635380832575862
-17.967727614228274,77.65081998079056,-0.002635608912019194
-15.687811966934861,79.6701152886225,-0.002635846046185719
-13.366380318639767,81.54596345961845,-0.002636084159473029
-11.009989681783393,83.27403986371209,-0.0026363151972823573
-8.624704916179903,84.8505922671175,-0.0026365316778509396
-6.2160403249500105,86.27246245719334,-0.002636727151532625
-3.7889117835767148,87.53708781982792,-0.0026368965418406276
-1.3475996166992306,88.64248379333857,-0.0026370363547378872
1.1042780924161117,89.5872086201729,-0.002637144756299392
3.563782541753783,90.37031221127182,-0.0026372215324173
6.028662766470686,90.99127121383478,-0.002637267957798173
8.49735716441404,91.44991252960504,-0.0026372866131687545
10.968989621550476,91.74632758015929,-0.002637281200122743
13.443361922980616,91.88077958717615,-0.002637256412839406
15.920944054569834,91.85360607839156,-0.002637217936388936
18.402863758589877,91.66511881881796,-0.0026371726564242692
20.89089625756932,91.31550351308422,-0.002637129185298903
23.38745431833782,90.80472209503856,-0.002637098834728846
25.895577642112773,90.13242146924736,-0.0026370971795657283
28.41891867990705,89.29785458957885,-0.0026371463134928774
30.961718965253514,88.29982336433207,-0.002637277663477988
33.52876526830629,87.13665899837059,-0.002637534487249127
36.12530733380028,85.80626537513182,-0.0026379712309818615
38.75690739460615,84.30626670426074,-0.0026386424888649174
41.42917481042266,82.63432360477354,-0.002639565775483632
44.14731711985073,80.78871191501798,-0.002640630595140081
46.91541628008812,78.76928906035042,-0.0026414256417055526
49.73533270559264,76.57898017171296,-0.00264101878898515
52.60518979652181,74.22584452179817,-0.0026379499961581843
55.51756454162035,71.72553939496358,-0.002631053313152165
58.45785695859606,69.10351229606339,-0.0026214733873590745
61.40373162899557,66.39566708771879,-0.0026140894020301175
64.32660980384156,63.64613993880286,-0.002614556449895389
67.19543546779872,60.90189307698802,-0.0026231870470692087
69.98153617662919,58.205809207997284,-0.0026342127097560564
72.66256627721957,55.59113083855811,-0.0026419475017149807
75.22416901229828,53.07915837657442,-0.002644962855693933
77.65943734273421,50.680077665198,-0.0026448072333593586
79.96716724925287,48.395499657466964,-0.0026434012322322786
82.14989245092993,46.221306835813216,-0.00264190369794548
84.21224721982661,44.15002979763431,-0.0026407532413443846
86.15980716646625,42.17254057928176,-0.002640004677202157
87.99835368179447,40.27913926708346,-0.002639575399665972
89.73344810465072,38.46019548299586,-0.0026393626065148723
91.37020953559632,36.70649561048991,-0.00263928305036476
92.91321745840027,35.00940824351151,-0.0026392792128442366
94.36648659684263,33.360943189179466,-0.0026393146288121727
95.73348110641679,31.75375145407707,-0.002639367512037083
97.01714839152265,30.181094881172367,-0.002639425519395111
98.21996117111358,28.636802211775233,-0.002639482089481504
99.34396148981035,27.115221073811394,-0.002639534073179739
100.39080338252407,25.611171057972953,-0.002639580267381092
101.3617926480165,24.119900506511797,-0.0026396205342269496
102.25792317631597,22.63704818837578,-0.002639655284395026
103.07990981674239,21.158610227597315,-0.002639685180629847
103.82821805429005,19.68091222230861,-0.0026397109719926704
104.50309089337668,18.200586279667956,-0.0026397334042718157
105.10457339489348,16.71455260238452,-0.002639753173857784
105.63253531316178,15.220005239349929,-0.002639770905740413
106.08669225564604,13.714401623233801,-0.0026397871443082366
106.46662575231336,12.195455542666064,-0.0026398023504476953
106.77180257993966,10.661133224872707,-0.0026398169012864514
107.00159364272763,9.109652230256234,-0.0026398310907351785
107.15529266574026,7.539482880194313,-0.0026398451299018966
107.23213491226406,5.949351951769397,-0.0026398591471492594
107.23131609020395,4.338248377795099,-0.0026398731880190596
107.15201156570824,2.705430687610639,-0.0026398872153023945
106.99339595419654,1.0504359143895021,-0.0026399011098634517
106.75466310975376,-0.6269103207643754,-0.0026399146727271727
106.43504648365057,-2.326482857491834,-0.0026399276289614804
106.03383977204943,-4.047845509729596,-0.0026399396338119274
105.55041772256112,-5.790239399647291,-0.0026399502813276854
104.98425692032976,-7.552571489754752,-0.0026399591155366053
104.3349563280792,-9.33340371007208,-0.0026399656439544117
103.60225731252872,-11.130943091237222,-0.0026399693529688406
102.78606285328448,-12.943033321536218,-0.0026399697244041676
101.88645560111712,-14.767148144690028,-0.0026399662524339007
100.9037144315596,-16.600387004914264,-0.0026399584599614556
99.83832912771538,-18.43947332595336,-0.0026399459136499104
98.69101282326608,-20.280755781746603,-0.002639928237115008
97.4627118425852,-22.120212878915392,-0.002639905122026498
96.15461258878092,-23.953461126550483,-0.0026398763373096656
94.76814515122474,-25.77576701812478,-0.002639841737018145
93.30498333034862,-27.58206299484688,-0.002639801267630304
91.76704080801615,-29.366967499905154,-0.002639754975485964
90.15646322583409,-31.124809168416107,-0.0026397030147382594
88.47561597130803,-32.849655126915955,-0.0026396456555364267
86.72706751356063,-34.53534329615933,-0.002639583291051295
84.91356817809137,-36.17551849806518,-0.0026395164408352656
83.03802430607314,-37.76367205765156,-0.0026394457469844923
81.10346781045402,-39.29318445981901,-0.0026393719584909547
79.11302122066905,-40.7573704663072,-0.0026392958993106674
77.06985840073365,-42.14952591994007,-0.002639218416193856
74.97716123033538,-43.462975264721926,-0.002639140304061982
72.83807265072905,-44.691118598883016,-0.002639062209510712
70.65564658877766,-45.82747686518205,-0.0026389845160181835
68.43279537193355,-46.865733583641976,-0.002638907217869857
66.17223531999971,-47.799771363161554,-0.002638829792047659
63.87643123013222,-48.62370130613048,-0.0026387510780896406
61.54754044363311,-49.33188335654277,-0.002638669174427122
59.187357082297794,-49.91893564249555,-0.0026385813558746918
56.7972568575299,-50.379730924064134,-0.002638484011352915
54.37814258084003,-50.70937836163308,-0.0026383725947454195
51.9303901383481,-50.903188940356216,-0.0026382415777135293
49.453794237424695,-50.95662298560111,-0.002638084393801421
46.94751269637163,-50.8652182366614,-0.002637893373741207
44.41000743496963,-50.624496863658116,-0.0026376597006638747
41.8389796422624,-50.22984957155904,-0.002637373477345051
39.231295858611276,-49.67639450672,-0.0026370241274662476
36.58290093515661,-48.95880807039948,-0.0026366016177128415
33.88871308643663,-48.071124027351985,-0.002636099523741109
31.14249568658259,-47.006496704532374,-0.0026355220516123268
28.336700449771378,-45.75692415633851,-0.0026348993143017196
25.46227803848213,-44.31292917004946,-0.002634319453164835
22.508456866617728,-42.66320261831155,-0.0026339941070112616
19.462503071272007,-40.794230809084304,-0.0026343861760089737
16.309503227919308,-38.689968640325446,-0.002636439091737941
13.032274909598433,-36.331709450658586,-0.0026419102173491638
9.611644905300816,-33.69849106800723,-0.0026535404371479387
6.02760194558935,-30.76875076592884,-0.002673715451049219
2.262291454836337,-27.52458415365654,-0.0026975698246474167
-1.693642426466358,-23.960707899468147,-0.0026959007577573857
-5.830139049722737,-20.09981800337089,-0.0026108268124325207
-10.104521183468647,-16.011060552844906,-0.002452972149718846
-14.436406824891717,-11.816937842509963,-0.00241486721466444
-18.723990521320903,-7.670002079870695,-0.00257909677757695
-22.87680762421796,-3.706315380731706,-0.002739267931243461
-26.83951208903029,-0.011656311630347771,-0.0027867335031821483
-30.592825457784976,3.379974976593282,-0.002773808226937291
-34.1413376603184,6.469196604773868,-0.0027526281411525133
-37.50114959851264,9.273773410530204,-0.0027389142595346527
-40.69203364746703,11.817471909796337,-0.0027324552871661467
-43.73352354135404,14.124447954998468,-0.002730260249219185
-46.64331759315489,16.216907643727517,-0.0027301091304750003
-49.43682219917395,18.11439403347157,-0.002730783595506381
-52.127191775814886,19.83379178545673,-0.00273169985572963
-54.72555316745238,21.38960720524028,-0.0027326062353409952
-57.241275098054075,22.794323772195654,-0.0027334096173454725
-59.68222566367184,24.058749623703473,-0.002734087530662066
-62.05499823822551,25.192326564303727,-0.0027346463322324155
-64.3651022427396,26.20339327144251,-0.0027351022164232575
-66.61712156475178,27.09940469000276,-0.0027354730515796177
-68.81484543338853,27.887112784080255,-0.0027357751931553764
-70.96137675033306,28.572714373508127,-0.0027360225029653407
-73.05922237278399,29.16197132616883,-0.0027362262902954626
-75.1103691348901,29.66030761377413,-0.0027363955938444207
-77.11634868397945,30.072886966070687,-0.002736537551648155
-79.0782935728562,30.40467418698381,-0.0027366577571239503
-80.99698650936207,30.660482653836695,-0.002736760566934393
-82.87290421677179,30.845010100471086,-0.002736849355155613
-84.70625699337634,30.9628644670285,-0.002736926719087762
-86.49702476547279,31.018581360563726,-0.0027369946451152316
-88.24499019455494,31.016634490125405,-0.0027370546427238907
-89.94976921792083,30.96144029908044,-0.002737107853299392
-91.61083926465528,30.85735790152576,-0.0027371551387229687
-93.2275652894782,30.708685327496923,-0.002737197153458659
-94.799223699393,30.519652985596235,-0.0027372344026961315
-96.32502420696889,30.294415156836028,-0.002737267288507539
-97.8041296243008,30.037040237602938,-0.002737296145545187
-99.23567360835696,29.75150035229521,-0.002737321267663795
-100.61877637704686,29.441660858331165,-0.002737342926710795
-101.95255843185583,29.111270169681433,-0.0027373613848293843
-103.23615234376278,28.763950232027096,-0.0027373769015017757
-104.46871268144552,28.403187895283356,-0.002737389736558349
-105.6494241821802,28.032327349471338,-0.0027374001502993295
-106.77750828467767,27.654563719235547,-0.0027374084016820177
-107.85222815827979,27.27293785162045,-0.0027374147454768405
-108.87289237388723,26.89033228141699,-0.002737419428993082
-109.83885736855804,26.50946831834941,-0.0027374226888774444
-110.74952885808501,26.132904170058683,-0.002737424748341599
-111.6043623504437,25.763033993401372,-0.0027374258149599484
-112.40286290836308,25.402087752966825,-0.002737426079147065
-113.14458430203582,25.052131758757472,-0.0027374257133039315
-113.8291276837962,24.7150697534918,-0.002737424871587457
-114.45613990605538,24.39264442283669,-0.002737423690164942
-115.02531159243709,24.086439208008535,-0.0027374222878835397
-115.53637506035983,23.79788030867736,-0.002737420767240595
-115.98910218163306,23.528238774183148,-0.0027374192155089627
-116.38330225625458,23.278632592089803,-0.0027374177059742433
-116.71881996370922,23.050028694560147,-0.0027374162991342654
-116.99553344579454,22.843244814563935,-0.0027374150438759237
-117.21335256539642,22.658951135271074,-0.0027374139785128065
-117.37221737670448,22.49767168697257,-0.002737413131665395
-117.47209683405745,22.359785456428146,-0.0027374125229702034
-117.51298775886853,22.24552718364244,-0.0027374121635810045
-117.49491407680323,22.15498783074627,-0.0027374120564403193
-117.41792633045749,22.088114716964764,-0.002737412196364551
-117.28210146609169,22.044711322667357,-0.0027374125699106133
-117.08754288639386,22.024436774300472,-0.002737413155021351
-116.83438075465502,22.02680503068304,-0.0027374139204645043
-116.52277252903059,22.051183799763372,-0.0027374148251566033
-116.15290369863955,22.096793223534732,-0.0027374158172873697
-115.72498868603677,22.16270437739197,-0.0027374168333366145
-115.23927187303498,22.247837638743604,-0.002737417797031627
-114.69602869892489,22.35096098807783,-0.0027374186182800297
-114.09556677185917,22.470688313757403,-0.002737419192147428
-113.43822692558143,22.605477799351956,-0.0027374193979385897
-112.72438414489507,22.753630478990193,-0.002737419098456151
-111.95444827442856,22.913289051622538,-0.0027374181395272146
-111.12886441656595,23.082437048730753,-0.0027374163498454784
-110.24811291612656,23.258898451319418,-0.0027374135412214784
-109.31270882179535,23.440337850310065,-0.002737409509194322
-108.32320070776032,23.624261239002468,-0.0027374040340939487
-107.28016873385756,23.808017516300396,-0.002737396882375176
-106.1842218191063,23.988800764146752,-0.002737387808145364
-105.03599380213984,24.163653341338215,-0.0027373765546068185
-103.83613846293176,24.329469807942434,-0.0027373628550275697
-102.58532328346938,24.483001659412494,-0.0027373464328022123
-101.28422183054727,24.620862806868857,-0.0027373269999415584
-99.93350465129707,24.73953568982002,-0.0027373042532436997
-98.53382858078804,24.835377850005866,-0.00273727786729161
-97.0858243700117,24.904628730519956,-0.0027372474832842997
-95.59008255038458,24.943416393567308,-0.0027372126925753193
-94.04713745569806,24.94776377394356,-0.0027371730138279204
-92.45744932188873,24.913594004364725,-0.002737127862420863
-90.8213843762967,24.8367342636964,-0.0027370765108010175
-89.13919280795245,24.712917509997204,-0.002737018038125427
-87.41098447513993,24.53778136635489,-0.0027369512673622864
-85.63670215178368,24.30686332681815,-0.002736874687698787
-83.81609203530873,24.015591338786304,-0.0027367863596037267
-81.94867113008151,23.659268691492155,-0.00273668379981018
-80.03369097610816,23.233051989808263,-0.0027365638437331086
-78.07009700509387,22.73192080797823,-0.0027364224847072904
-76.05648256685461,22.15063738575899,-0.0027362546947777844
-73.99103636893537,21.483694434296872,-0.0027360542442309566
-71.87148170123628,20.725248744458217,-0.002735813565088563
-69.69500536736071,19.869037822784424,-0.002735523762627423
-67.45817371436799,18.908276217584408,-0.002735175001813417
-65.15683256145843,17.835527567620158,-0.002734757746907235
-62.78598724181973,16.642547805567315,-0.0027342658451914303
-60.33965856252137,15.320094628560005,-0.0027337034806400595
-57.810710658528784,13.857698889951498,-0.002733100083506912
-55.19064836899568,12.24339625537263,-0.0027325412535219584
-52.46938685275116,10.463425075873294,-0.0027322308782657956
-49.63500885859684,8.501914850885047,-0.0027326102002476205
-46.6735541116756,6.3406311695989155,-0.002734565875659456
-43.56894837230524,3.9589324541687794,-0.0027397166897173975
-40.30331029906768,1.3342779385160106,-0.002750504486368044
-36.85812523168864,-1.5560211503166939,-0.0027688414743529677
-33.2171883695918,-4.730536830475535,-0.002789848718652621
-29.372651573581425,-8.195076907713489,-0.002787576925729951
-25.335105111658724,-11.928370917584648,-0.002713923879920088
-21.14530808842515,-15.865502497292008,-0.0025805037428909827
-16.878230458830796,-19.8923068362471,-0.002544545208738924
-12.62824303042988,-23.86650121298205,-0.0026772736843660994
-8.480048876937685,-27.659045307354496,-0.002817225226269926
-4.4871338293072345,-31.184938615443677,-0.002866575144903294
-0.669975132707446,-34.40608722393167,-0.002860599102017858
2.973664304264293,-37.31699260946541,-0.002843489513622899
6.457622903158958,-39.929159184154535,-0.0028311007152943546
9.799939426537863,-42.26066013429781,-0.0028246808316474414
13.018962291789403,-44.330625142538025,-0.00282212057620157
16.13163453835945,-46.15679732205954,-0.002821561225925251
19.15290187696144,-47.754688491127915,-0.002821895443595679
22.09563618261485,-49.13747996378563,-0.0028225555344043585
24.970767184354678,-50.31623505277361,-0.002823276881784409
27.787478835960044,-51.30021836976479,-0.0028239482364540436
30.55340828058858,-52.09723101360519,-0.0028245311082386593
33.274823810799965,-52.7139246623183,-0.0028250194550984986
35.95677566515564,-53.156081998207306,-0.0028254204445730124
38.603220954095626,-53.42886129636828,-0.0028257456743077114
41.217126826877724,-53.53700694156139,-0.0028260074097516963
43.80055671389436,-53.48502871284579,-0.0028262171446691298
46.35474428557542,-53.27735259283471,-0.0028263851778689286
48.88015920048132,-52.9184454103826,-0.0028265205864812515
51.37656801310789,-52.412915165982206,-0.0028266313141465105
53.843092883440384,-51.765588560150164,-0.0028267242584760766
56.27827002439016,-50.981567084362894,-0.0028268053237887614
58.680109165859015,-50.066263027654834,-0.0028268794425372334
61.046154722844946,-49.0254168610758,-0.002826950584003285
63.373548843667166,-47.86509763872641,-0.0028270217702424105
65.6590960937001,-46.59168825034757,-0.0028270951145188405
67.89932920611129,-45.2118575356534,-0.0028271718890557906
70.0905751044601,-43.732521394953274,-0.002827252621058207
72.22902026708147,-42.16079508699527,-0.002827337209788894
74.31077444910547,-40.50393888856558,-0.002827425054197974
76.33193179021531,-38.769299206561385,-0.0028275151804066923
78.28862839868023,-36.96424709432914,-0.0028276063605385815
80.17709559914992,-35.096115945706316,-0.002827697217339775
81.99370814962658,-33.172139938209966,-0.0028277863128920444
83.73502686153127,-31.199394584654907,-0.0028278722220633767
85.3978351887961,-29.18474053998035,-0.00282795359310839
86.9791694833389,-27.134771603106508,-0.002828029197962323
88.47634274310441,-25.055767654775824,-0.0028280979742394408
89.88696180416669,-22.953653081839096,-0.002828159059612645
91.20893804941163,-20.833961055605997,-0.0028282118181142124
92.4404918217583,-18.701803856075674,-0.0028282558570946748
93.5801508375852,-16.561849265338914,-0.0028282910332055877
94.62674299303275,-14.418302893618879,-0.002828317446319062
95.57938403868,-12.274896152793957,-0.0028283354210030254
96.43746066323584,-10.134879457994973,-0.002828345476469707
97.20060957132966,-8.001020121251404,-0.0028283482868740606
97.86869316214838,-5.875604304926945,-0.0028283446348620345
98.44177241368124,-3.7604423285689217,-0.0028283353616762597
98.92007755214959,-1.6568765711974667,-0.0028283213171587107
99.30397703948704,0.43420881906903824,-0.0028283033127882717
99.59394534616156,2.5123772072221806,-0.002828282080093558
99.7905298955232,4.5776285400900845,-0.0028282582361676134
99.89431747286842,6.6303889804846,-0.002828232257365393
99.90590029119817,8.671501863163321,-0.002828204461631678
99.82584179967215,10.70222070419506,-0.002828175000008315
99.65464221322169,12.724204972002477,-0.002828143858285337
99.39270363573482,14.739519309102063,-0.002828110871048395
99.04029454799283,16.750636878958833,-0.0028280757531380374
98.59751333949858,18.76044749988465,-0.0028280381578955627
98.06425048732241,20.772271210018815,-0.0028279977793905786
97.44014893673449,22.789877868518946,-0.0028279545283993457
96.7245622380701,24.817513309121438,-0.00282790883269346
95.91651007773005,26.85993237167842,-0.002827862145577953
95.01463107065808,28.922438755724617,-0.0028278177988605435
94.01713316429745,31.01093091430488,-0.0028277824140898744
92.9217429229068,33.131951875899425,-0.0028277681889532502
91.72565662476171,35.2927385098105,-0.002827796477567368
90.42549902464387,37.50126161180503,-0.002827903072232907
89.01730063493945,39.766241115115044,-0.0028281451277463177
87.49651272777209,42.097108933159745,-0.002828607852904952
85.85809272941452,44.50387290157146,-0.002829403915688644
84.09671325061625,46.99680617818927,-0.002830646420033389
82.20717644947072,49.58584611608766,-0.0028323545048003496
80.18514708439727,52.27954150252311,-0.002834230878061561
78.02833267815649,55.0833648681938,-0.0028353007993331403
75.73818728513774,57.997278147666265,-0.00283369088240093
73.32200914337552,61.01272850740303,-0.002827416464011634
70.79487378324063,64.10985413738938,-0.0028169760104059804
68.18032998823756,67.25640736297579,-0.00280769529208591
65.50872033123495,70.41000565760855,-0.002806578466419296
62.81296451917815,73.52396143795114,-0.002814773013227523
60.123284054898456,76.55464022902734,-0.0028263482461472478
57.463122256785304,79.46719509175227,-0.0028351401911130836
54.84757884757816,82.23781824799353,-0.002839322162872193
52.28408396958965,84.85287632467549,-0.002840164491937358
49.77420192144191,87.30646633555774,-0.0028394589592419806
47.31558121424673,89.59775907597557,-0.002838370297975956
44.90355280274534,91.72882352204174,-0.002837411035663706
42.53226089789351,93.7030945360632,-0.0028367188496503104
40.195391594108784,95.52439518321424,-0.0028362757501234626
37.88661092848491,97.19636071338479,-0.0028360209270363868
35.59981231646065,98.7221275178131,-0.002835895269148736
33.329246730164655,100.10418719615133,-0.0028358536816082136
31.06958457012475,101.34433961441181,-0.002835865204486865
28.815940175079813,102.44370364432719,-0.002835909735624753
26.56387786489165,103.40276079843574,-0.0028359745860964125
24.30941074275099,104.22141739869298,-0.0028360517676517816
22.04899872915197,104.89907726260569,-0.0028361360801021362
19.779549385437495,105.43472063771215,-0.0028362238373418336
17.49842329296706,105.82698724200564,-0.0028363120525334296
15.203444632146367,106.07426239304401,-0.0028363979423779995
12.892916876202486,106.17476571379324,-0.0028364786547037113
10.56564301253171,106.12664202362443,-0.002836551157070488
8.220949335273872,105.92805390555202,-0.002836612245907588
5.858711566455722,105.57727518248855,-0.0028366586470660593
3.4793818373475163,105.07278420458752,-0.002836687183098263
1.084014891321694,104.4133554997951,-0.002836694982693899
-1.3257082412354229,103.59814801452575,-0.0028366797065579874
-3.7474608882018132,102.62678790790447,-0.002836639763231119
-6.178257460117108,101.49944369085989,-0.0028365744905265444
-8.614447898335431,100.21689144107836,-0.0028364842826711367
-11.051721296674684,98.7805678863402,-0.0028363706514440423
-13.485119877079459,97.19260933052685,-0.002836236217358845
-15.909064167748959,95.45587468642815,-0.002836084635333691
-18.317389852172244,93.57395125700933,-0.0028359204635535207
-20.703396345450628,91.55114234721027,-0.0028357489849994977
-23.059906724703982,89.39243626667535,-0.0028355759883851306
-25.379338204886963,87.10345677858146,-0.0028354075105063714
-27.653781918520075,84.69039554500311,-0.002835249538478024
-29.875090334420427,82.1599276044027,-0.002835107670957626
-32.034970243937984,79.51911138408585,-0.0028349867434762643
-34.125078864435814,76.77527519092061,-0.002834890434719739
-36.137120275432736,73.9358925230394,-0.0028348208846793455
-38.06293913565303,71.00844888107235,-0.0028347783679620875
-39.894608455956366,68.0003029983702,-0.002834761070310776
-41.62450815015755,64.91854551821635,-0.002834765010280904
-43.245391173062025,61.7698580840724,-0.0028347841293197007
-44.75043428980345,58.56037554467056,-0.002834810545675026
-46.13327089210755,55.295553490609656,-0.0028348349361309033
-47.38800375474649,51.980042632161705,-0.0028348469833296974
-48.50919616004768,48.61757061731672,-0.0028348358135481533
-49.491840347604935,45.210830808993315,-0.002834790355954908
-50.33130270336163,41.76137633581899,-0.0028346995861738833
-51.02324542607611,38.26951645154201,-0.0028345526796336173
-51.563524557617534,34.73421093539096,-0.002834339210995296
-51.94806422928132,31.152956999056943,-0.00283404973177781
-52.17270681228907,27.521662028023893,-0.0028336774238759688
-52.23303852721197,23.83449466297562,-0.0028332222378608662
-52.12419032838787,20.083706637299773,-0.0028327003220134372
-51.84061530490822,16.25941935717256,-0.002832164248392388
-51.37584802425384,12.349374467677285,-0.0028317444639220923
-50.72226147213292,8.338660923913162,-0.002831730122199616
-49.87086020914572,4.209461441377516,-0.002832714425046845
-48.811197398111624,-0.05907299722371178,-0.002835812282828698
-47.531603470853966,-4.490575610165103,-0.002842820134169699
-46.020105995404705,-9.110333463619153,-0.0028556371803567515
-44.266743897292194,-13.942310215566579,-0.002872827624592844
-42.268368517084745,-19.002793467595968,-0.0028801476423012673
-40.03695725439386,-24.28916740595545,-0.002842502896889698
-37.61043433234355,-29.7650182332681,-0.0027421029444028022
-35.05954967820719,-35.35023844384311,-0.0026680360804292036
-32.48003032307149,-40.930912112757454,-0.002729643206279775
-29.96806702674702,-46.3918656995266,-0.002850926111307217
-27.595386815773306,-51.64989580376405,-0.0029157417233527383
-25.400622558000613,-56.66498741487471,-0.002922682268611254
-23.39571755110262,-61.43136107606049,-0.00291028029131013
-21.576696757374666,-65.96289972266156,-0.0028986951873797295
-19.932139596670993,-70.28190498993118,-0.0028920064893469544
-18.448176611722776,-74.41263955956306,-0.00288906686892787
-17.110972429354433,-78.37825921656602,-0.0028882226029907088
-15.907779676213092,-82.19962892670068,-0.0028883665332415376
-14.827275319951198,-85.89505487415633,-0.00288889929855074
-13.85956845792591,-89.48041355153192,-0.0028895315557946333
-12.996074226053913,-92.9694247890987,-0.0028901374940240032
-12.22934568530367,-96.37395374678866,-0.0028906709577505296
-11.552904415461668,-99.70429412702165,-0.0028911220806193683
-10.961086067122991,-102.96941612644046,-0.0028914960890560337
-10.448905816180154,-106.17717645082156,-0.0028918033955598332
-10.011943714661856,-109.33449330056392,-0.0028920552169822145
-9.646247985458606,-112.44749105940791,-0.0028922618155338142
-9.348253740896913,-115.5216196072208,-0.0028924319419427746
-9.114714636846259,-118.56175271808307,-0.002892572799174431
-8.94264523697907,-121.57226934632061,-0.002892690207403348
-8.829272186967797,-124.5571209387099,-0.0028927888254894896
-8.771992612497197,-127.51988731498184,-0.002892872367658228
-8.768338430036064,-130.46382315136148,-0.0028929437926077384
-8.815945488282502,-133.39189668082201,-0.002893005459739584
-8.912526643124432,-136.30682187829674,-0.00289305925444161
-9.055848015473769,-139.21108511682527,-0.0028931066867716737
-9.243707796155524,-142.1069670501292,-0.002893148968153625
-9.473917051958061,-144.9965602891945,-0.0028931870707058494
-9.744282058556232,-147.88178328834877,-0.002893221772419352
-10.052587745685848,-150.764390735809,-0.002893253691441444
-10.396581893993028,-153.64598065284844,-0.002893283311383499
-10.773959777789532,-156.5279983448719,-0.00289331099969381
-11.182349010009089,-159.41173731898482,-0.002893337020328346
-11.619294421467247,-162.2983372897731,-0.002893361542069428
-12.082242902206092,-165.18877944252293,-0.0028933846437784183
-12.568528253363223,-168.0838792154199,-0.0028934063177992186
-13.075356246704878,-170.98427700226785,-0.0028934264733671
-13.599790265332443,-173.89042736445236,-0.0028934449418116515
-14.138738097625343,-176.80258756905192,-0.0028934614856144236
-14.688940664918677,-179.72080652492116,-0.0028934758134919747
-15.24696366129864,-182.64491544591493,-0.0028934876027477685
-15.809193242406081,-185.57452179499742,-0.002893496529321027
-16.371836983583897,-188.50900821010237,-0.0028935023039284857
-16.930931297572887,-191.44753813258302,-0.0028935047105047573
-17.48235632369434,-194.38906970527037,-0.002893503641292483
-18.021858952463734,-197.33237914706467,-0.0028934991214892847
-18.54508413283444,-200.2760942385618,-0.002893491316937613
-19.047613954819518,-203.2187377989473,-0.0028934805205000913
-19.525013271438947,-206.15878016927243,-0.002893467116832582
-19.972879910890658,-209.09469884722682,-0.0028934515296992203
-20.386896935446767,-212.02504266851125,-0.0028934341598390034
-20.762884023459478,-214.9484974195455,-0.002893415323327986
-21.096844952135843,-217.86394958371125,-0.0028933951995515628
-21.385008363781285,-220.7705451046549,-0.002893373794965015
-21.62385947860545,-223.66774057054468,-0.0028933509246265032
-21.810161099879227,-226.555345003153,-0.0028933262092962764
-21.94096304091239,-229.43355136011522,-0.002893299082920464
-22.01359987989459,-232.30295780258297,-0.0028932688034153387
-22.02567762363083,-235.16457963344115,-0.00289323445963241
-21.97505036802061,-238.01985349560056,-0.0028931949679460445
-21.85978834886866,-240.87063589829313,-0.002893149052720645
-21.678138879797075,-243.7191984130051,-0.0028930952061507753
-21.428481596784877,-246.56822198092607,-0.002893031622830833
-21.109279206702787,-249.42079275045919,-0.002892956104679101
-20.719024609141425,-252.2804017740656,-0.0028928659303666393
-20.256184861554587,-255.1509507957171,-0.002892757682042557
-19.71914201260028,-258.03676630558647,-0.002892627020109728
-19.106130351022994,-260.9426240729874,-0.002892468395412351
-18.41516910844329,-263.8737865325447,-0.0028922746888433437
-17.6439891030565,-266.83605573049664,-0.0028920367756306575
-16.789951196021175,-269.8358450775164,-0.002891743033224259
-15.849953723620452,-272.880273944879,-0.002891378868458361
-14.82032523305115,-275.9772902285935,-0.0028909264727232653
-13.696697862174146,-279.1358274315832,-0.0028903653180769595
-12.473855570695624,-282.3660045824036,-0.0028896745878874697
-11.145550251684167,-285.6793793154349,-0.002888840247305069
-9.704277860359486,-289.0892662841082,-0.0028878727890848666
-8.141006980960768,-292.61113364207114,-0.002886848934778641
-6.444855907504625,-296.26308674414526,-0.0028860058324653437
-4.602726566277328,-300.0664335260466,-0.0028859459691830125
-2.5989366387104984,-304.04628373006346,-0.002888056539902095
-0.4149728164233035,-308.23202620094753,-0.002895255666754082
1.9703212423451084,-312.65727100536833,-0.0029128151376376366
4.57939094682874,-317.358270504288,-0.002946901870313212
7.431912609290196,-322.3687126230717,-0.0029914437934266402
10.53539314685353,-327.7072204361729,-0.002988054143731489
13.868061268828429,-333.3541624533305,-0.0028156190196213515
17.3586050180238,-339.22379791949385,-0.0025527594013112775
20.883178442419823,-345.15971427358943,-0.0026310826549043043
24.3000588759671,-350.981746103449,-0.002975251911056631
27.500486484733024,-356.55502216975674,-0.0031507346609025433
30.430805338261894,-361.8195454979635,-0.003151285379395574
33.08070070355152,-366.7734752952979,-0.003112309805512581
35.46245950352464,-371.4445598471622,-0.003085525749650486
37.596381708509526,-375.87034081829137,-0.0030735505607708546
39.503484408049204,-380.08845912834124,-0.003069939864488447
41.20260997966267,-384.13296677129637,-0.0030699908873899062
42.70962250034509,-388.03342896480234,-0.0030713278980698533
44.03745976100007,-391.8151284114051,-0.003072927137385051
45.19648068587247,-395.49961666840426,-0.003074404825170518
46.19487658786942,-399.1053079078542,-0.0030756506392108918
47.039060233597866,-402.6480068274319,-0.003076660679418808
47.73400741449604,-406.14134280845246,-0.003077466260979378
48.283549399886944,-409.5971128093689,-0.0030781054220376802
48.69062270031635,-413.02554529363067,-0.0030786126636890288
48.95748426592436,-416.43549927299546,-0.003079016155282943
49.085899515132155,-419.8346115308393,-0.00307933780415226
49.07730906224609,-423.2294033743569,-0.0030795942798391707
48.93297834026679,-426.6253566268414,-0.003079798233493136
48.654132745034815,-430.0269672367813,-0.003079959430849044
48.242079549921165,-433.4377838499707,-0.003080085705420288
47.698316695569055,-436.8604378787386,-0.003080183705037598
47.02462767479842,-440.29667089703213,-0.0030802594238874548
46.223161137720346,-443.74736448179385,-0.0030803185184158366
45.29649356390847,-447.212576819002,-0.0030803664133411957
44.24767340398836,-450.6915894372803,-0.0030804082194784144
43.08024547714423,-454.1829663042955,-0.003080448506912248
41.798255087348906,-457.6846262484477,-0.0030804909995136853
40.406232217549,-461.19392832254005,-0.0030805382725507258
38.90915717327324,-464.7077684142962,-0.0030805915351237445
37.31241005009029,-468.2226842556928,-0.003080650562740317
35.62170726512648,-471.73496510910195,-0.003080713811289826
33.84302901141372,-475.240761905085,-0.0030807787032838263
31.982541791382292,-478.7361935196941,-0.003080842038778897
30.04652013637504,-482.21744519823375,-0.003080900459760727
28.041271246428337,-485.68085579463343,-0.0030809508898101967
25.9730656545009,-489.122991398093,-0.0030809908849942502
23.84807622455293,-492.54070393862145,-0.0030810188552266027
21.67232693495809,-495.9311743788996,-0.003081034146148909
19.451652071223762,-499.29194100926276,-0.0030810369956171257
17.19166572809889,-502.62091409402046,-0.0030810283972009245
14.897740947441754,-505.91637863409,-0.0030810099086018283
12.574997414273938,-509.176987308365,-0.0030809834425227223
10.22829639586166,-512.4017457546945,-0.0030809510684068897
7.8622415175492,-515.5899922870469,-0.0030809148452100033
5.481183995080244,-518.741373961706,-0.0030808766937830967
3.089231053727456,-521.8558206454629,-0.003080838311388945
0.6902564286196673,-524.9335184410451,-0.003080801123850563
-1.7120879684820367,-527.9748835201758,-0.0030807662688303594
-4.11435993397947,-530.9805371250584,-0.003080734602500357
-6.5133149391987315,-533.951282239202,-0.003080706721846127
-8.905894540575318,-536.8880822061952,-0.0030806829963285765
-11.289215449628369,-539.7920413930212,-0.0030806636037645774
-13.6605593596478,-542.6643878518676,-0.0030806485667191907
-16.017363531692187,-545.5064578279051,-0.0030806377868835
-18.357212071268854,-548.319681885669,-0.003080631076082696
-20.67782777611668,-551.105572378453,-0.003080628182971168
-22.977064401696826,-553.8657119585223,-0.003080628815135711
-25.25289917120257,-556.6017428162893,-0.0030806326569088327
-27.50342534825402,-559.3153563397835,-0.003080639382854855
-29.726844690448115,-562.0082828983017,-0.003080648667419972
-31.921459608532523,-564.6822814732756,-0.003080660191213447
-34.085664867580306,-567.3391288830328,-0.0030806736443054206
-36.21793868205877,-569.980608374826,-0.003080688726780245
-38.31683307548132,-572.6084973865038,-0.0030807051472523383
-40.38096339723735,-575.224554311321,-0.0030807226195515014
-42.40899691448029,-577.8305041331212,-0.0030807408580280082
-44.3996404262894,-580.4280228364786,-0.003080759572036129
-46.35162688173438,-583.0187205389159,-0.003080778460056166
-48.263701024266645,-585.6041233420218,-0.0030807972041291265
-50.134604133505164,-588.18565395749,-0.0030808154653811926
-51.963057993437964,-590.7646112352388,-0.0030808328814639907
-53.74774828453779,-593.3421488061553,-0.0030808490670217736
-55.487307676939764,-595.9192531533782,-0.0030808636180870153
-57.180298992320495,-598.4967215441046,-0.0030808761216833958
-58.825198901654,-601.0751403876183,-0.0030808861712667834
-60.420382730795446,-603.654864731142,-0.003080893388624162
-61.96411104952964,-606.2359997564781,-0.0030808974518024
-63.45451881306975,-608.8183852866343,-0.003080898127664433
-64.88960789573058,-611.4015844378698,-0.0030808953065228906
-66.26724388969691,-613.984877639909,-0.003080889034427159
-67.58515802089626,-616.5672632734503,-0.0030808795377836873
-68.84095494261534,-619.1474661165254,-0.0030808672340274512
-70.03212699220319,-621.7239546289076,-0.003080852722484373
-71.15607522971082,-624.294967822222,-0.0030808367514163493
-72.2101372220411,-626.8585520593429,-0.0030808201605037056
-73.19162110713273,-629.4126076121942,-0.003080803802494536
-74.09784499890198,-631.9549442124551,-0.0030807884528041285
-74.92618031717677,-634.4833442032505,-0.003080774719549595
-75.67409719887223,-636.9956313044075,-0.003080762968230566
-76.33920982073768,-639.4897425087707,-0.0030807532737773258
-76.91931928743544,-641.963800298235,-0.0030807454080861163
-77.41245174360341,-644.4161822562615,-0.0030807388639289
-77.81688956484271,-646.8455852843773,-0.0030807329091375735
-78.13119385473429,-649.2510819983996,-0.0030807266588848137
-78.35421698356434,-651.6321674499035,-0.003080719151163258
-78.48510449217609,-653.9887950288199,-0.0030807094110008038
-78.52328628560618,-656.3214011786348,-0.0030806964926011204
-78.46845759228077,-658.6309193191848,-0.003080679493601579
-78.32055061311006,-660.9187840563606,-0.003080657540159848
-78.0796980956947,-663.18692731485,-0.003080629745634056
-77.74619022641669,-665.4377684344556,-0.0030805951469279336
-77.32042623980708,-667.6742005208847,-0.0030805526222597024
-76.80286201641333,-669.8995754564484,-0.0030805007925422956
-76.19395470170981,-672.1176899872202,-0.0030804379054725217
-75.49410505604558,-674.3327752516115,-0.0030803616989274474
-74.70359786324829,-676.549492044734,-0.0030802692370137663
-73.82254030110096,-678.7729340665666,-0.0030801567101459426
-72.850797719782,-681.0086414206006,-0.0030800191901469987
-71.78792578429061,-683.2626267516291,-0.0030798503335649485
-70.63309740407622,-685.5414166733398,-0.0030796420368215394
-69.38502227904995,-687.852111574868,-0.00307938407184416
-68.0418562108405,-690.202467546796,-0.003079063792878145
-66.60109653498532,-692.6010050640479,-0.0030786661410253657
-65.05945910714429,-695.0571502220849,-0.0030781744760695062
-63.41273124459129,-697.5814157095381,-0.003077573421723656
-61.65559400162473,-700.1856301476042,-0.003076856333038336
-59.78140650076845,-702.8832254423165,-0.0030760430465086586
-57.78194566220077,-705.6895911267067,-0.0030752200084052106
-55.647098752514424,-708.6224993102649,-0.003074627911715311
-53.36451876235263,-711.7025868159911,-0.003074845793335612
-50.91928517286406,-714.9538364736007,-0.0030771520565764376
-48.2936904594326,-718.4038921381215,-0.0030841256261595618
-45.467448568555135,-722.0837978932561,-0.003100184465367306
-42.41899235279048,-726.0262350780134,-0.0031299512837428267
-39.12920630888873,-730.2603792910603,-0.0031670234763510052
-35.58977859049197,-734.800315850471,-0.0031633525180083666
-31.817891986302914,-739.6245663631823,-0.0030258052666809476
-27.873129171554176,-744.6524006163144,-0.0028095368776277496
-23.860108690152682,-749.739893575788,-0.002837884767711074
-19.900600952592484,-754.7184967919517,-0.003100971119206264
-16.090963674658973,-759.454176056812,-0.0032673030448933105
-12.480873638207543,-763.8769925105433,-0.0032872855812122737
-9.080669570223698,-767.9709265784551,-0.003259824076202733
-5.878489738182945,-771.7501458360094,-0.003235768382449322
-2.8535205640973182,-775.2407224399344,-0.003223026958998787
0.01684121516274914,-778.4708083876252,-0.003217942901311943
2.753880828518255,-781.4664196311992,-0.0032167061696455335
5.376523470764319,-784.2500631348968,-0.0032170969923193127
7.901200529656788,-786.8406054751237,-0.0032180403523724976
10.342061815322632,-789.2536099316146,-0.0032190702876846444
12.711285619819918,-791.5018038751276,-0.0032200088106932867
15.019385887409456,-793.5955413202627,-0.0032208044609340902
17.275480892947378,-795.5432145402038,-0.003221457104558567
19.487515132577315,-797.3516055364619,-0.003221984573038128
21.662436735525276,-799.0261821265032,-0.0032224086123662232
23.80633617792073,-800.5713476244886,-0.0032227494658805256
25.92455266117509,-801.9906533434447,-0.00322302419128917
28.021754052642372,-803.2869819410445,-0.003223246510078326
30.101995551226548,-804.4627080109424,-0.003223427220781616
32.16876153878127,-805.5198407010183,-0.0032235747638402756
34.22499450548005,-806.4601516676418,-0.0032236957709201874
36.273114499902746,-807.2852903968285,-0.0032237955379805783
38.31503222107373,-807.9968878518014,-0.0032238784032472267
40.35215859529469,-808.5966485500243,-0.003223948028445278
42.385413418979766,-809.0864305427066,-0.003224007587583344
44.415235359086445,-809.4683123792724,-0.0032240598721511304
46.441595255306495,-809.7446459972416,-0.003224107326090575
48.46401424798752,-809.918094581436,-0.003224152029028815
50.48158776506489,-809.9916547644538,-0.0032241956508549663
52.49301585956909,-809.9686630507698,-0.003224239402307205
54.49663983041061,-809.8527869776317,-0.0032242840039504728
56.49048452596786,-809.6480022011787,-0.003224329690105776
58.47230526706911,-809.3585573356127,-0.003224376254602035
60.43963797192098,-808.9889289032785,-0.003224423135558041
62.38985084674148,-808.5437691177345,-0.0032244695277565683
64.32019593245361,-808.0278493881269,-0.0032245145065736835
66.22785886304364,-807.4460023960704,-0.0032245571461846367
68.11000537378871,-806.8030653751747,-0.003224596618226272
69.9638233662147,-806.103826856554,-0.003224632261892957
71.78655965560172,-805.3529786801402,-0.003224663622689583
73.57555086121666,-804.5550745629236,-0.00322469046199636
75.32824821933661,-803.7144960083923,-0.0032247127432363243
77.0422363821953,-802.8354258741784,-0.003224730602242154
78.71524649829412,-801.9218295133211,-0.003224744309041405
80.34516404503168,-800.9774430829434,-0.0032247542274967955
81.93003200377308,-800.0057683764734,-0.003224760777624347
83.46805003543328,-799.0100733778293,-0.0032247644031988543
84.9575703393421,-797.9933976488293,-0.003224765546277819
86.39709086877453,-796.9585616322084,-0.00322476462863186
87.78524654223594,-795.9081789687945,-0.003224762039589102
89.12079903872318,-794.8446709759561,-0.003224758129237504
90.40262570476067,-793.7702825041806,-0.003224753205803843
91.62970803656908,-792.6870984703094,-0.0032247475361342204
92.80112013632304,-791.597060452395,-0.0032247413481649723
93.91601747982114,-790.5019828171556,-0.0032247348345706417
94.9736262756391,-789.4035679331852,-0.0032247281570416675
95.97323364368114,-788.303420099478,-0.0032247214505725097
96.91417879404352,-787.2030578886594,-0.0032247148274888726
97.79584534484984,-786.1039246676269,-0.003224708381022623
98.61765487952155,-785.007397115765,-0.0032247021882718663
99.37906180898703,-783.9147916134726,-0.0032246963124915595
100.0795495717701,-782.8273684225843,-0.0032246908048210177
100.7186281739889,-781.7463336264932,-0.0032246857053662703
101.29583304144892,-780.6728388423394,-0.003224681043853428
101.81072512686664,-779.6079787612312,-0.003224676839848284
102.26289218669852,-778.5527866154513,-0.003224673102802722
102.65195111423178,-777.508227713951,-0.0032246698318658673
102.97755118893626,-776.4751912287077,-0.0032246670157323187
103.23937807722555,-775.4544804539148,-0.0032246646325289063
103.43715839755332,-774.4468017963242,-0.003224662649742527
103.57066464410006,-773.4527527870011,-0.0032246610242752105
103.63972024912351,-772.472809430753,-0.003224659702615984
103.64420455520516,-771.507313228038,-0.003224658620929466
103.58405746580429,-770.5564582138693,-0.003224657705116929
103.45928354613953,-769.6202783580061,-0.0032246568707066103
103.26995535654841,-768.6986356598297,-0.0032246560224755694
103.01621581685042,-767.7912092495045,-0.0032246550537538
102.69827942222479,-766.8974857745591,-0.0032246538454336893
102.31643215773647,-766.0167513086697,-0.003224652264644856
101.87102998865836,-765.1480849683705,-0.003224650163178744
101.36249583570488,-764.2903543652557,-0.0032246473757284733
100.7913149766734,-763.442212957771,-0.0032246437179646037
100.15802884723753,-762.6020992998812,-0.003224638984491879
99.46322724227993,-761.7682381156354,-0.003224632946531969
98.7075389438557,-760.9386430607392,-0.00322462534923762
97.8916208214793,-760.1111209661939,-0.0032246159082713888
97.01614546394964,-759.2832772960887,-0.0032246043051955553
96.08178740855585,-758.4525224925352,-0.0032245901810599165
95.08920803255218,-757.6160788258776,-0.003224573127416974
94.03903916263192,-756.770987317594,-0.0032245526738723385
92.9318654401417,-755.9141142560763,-0.0032245282710618994
91.76820545224176,-755.0421567805693,-0.0032244992677261664
90.5484916012431,-754.1516469641135,-0.003224464880441147
89.27304863475833,-753.2389537798698,-0.003224424154076644
87.94207069650405,-752.3002822832854,-0.003224375910789945
86.55559667945472,-751.3316692808636,-0.003224318684702965
85.11348356668954,-750.3289746791899,-0.003224250638867332
83.61537732685535,-749.2878676083131,-0.0032241694604007165
82.06068078558698,-748.2038062827104,-0.0032240722291572155
80.4485177147907,-747.0720103898303,-0.003223955255542421
78.7776921597609,-745.8874245670322,-0.003223813885231408
77.04664174875793,-744.6446712261427,-0.003223642274317484
75.25338338772626,-743.337990591676,-0.003223433154262878
73.39544931947344,-741.9611653132382,-0.0032231776402014134
71.46981100791436,-740.5074263760902,-0.003222865211565562
69.4727876872662,-738.9693362589513,-0.0032224841533050608
67.3999357092159,-737.3386444004755,-0.00322202308106867
65.24591410066233,-735.6061091421967,-0.00322147487109703
63.00432121530644,-733.7612797098435,-0.003220845758526991
60.66749752496277,-731.7922321876346,-0.003220175309472495
58.22629160396539,-729.6852564579289,-0.003219578779692256
55.66979278541082,-727.424500338214,-0.00321933401818697
52.98505044030556,-724.9916005454703,-0.003220051014412917
50.156838410900974,-722.3653845545248,-0.0032229701597259464
47.167608732248176,-719.521847783569,-0.003230357173666931
43.997958857646346,-716.4348632810389,-0.0032454891564803745
40.628284099712,-713.078568298521,-0.003270014835337065
37.04283997137875,-709.4331468788151,-0.0032930538164457346
33.237886438040334,-705.4963526944391,-0.003270994771526148
29.234435158408047,-701.3014950671418,-0.003147899329302817
25.090479543014382,-696.9346780806962,-0.00300284999310918
20.899082540014753,-692.5321179081078,-0.0030500027401636487
16.76311534352004,-688.2445592719762,-0.003241776952531694
12.762189393124828,-684.1906155392124,-0.0033616431789091905
8.937459638998856,-680.4351629093687,-0.0033797935750001784
5.297723137962051,-676.9976794951045,-0.003361260790807563
1.8328855365958503,-673.8710087369415,-0.003342923209508797
-1.4752694422252093,-671.0364064872979,-0.003332333522340747
-4.646940876538171,-668.4721308706122,-0.0033276527043604176
-7.701453825104208,-666.1574427682152,-0.0033262067408017515
-10.656179824228808,-664.0741131932045,-0.003326259217416805
-13.526291319236618,-662.2067528072209,-0.003326898617729057
-16.324861990901027,-660.5426444711227,-0.003327696609641606
-19.063083900207793,-659.0713989595197,-0.0033284708095493443
-21.750501720193427,-657.7845739125114,-0.0033291548794167625
-24.395224930732443,-656.6753119051565,-0.0033297338041649027
-27.004106016465652,-655.7380159984226,-0.0033302133006394286
-29.582884273090155,-654.9680654225597,-0.0033306060000342086
-32.1362993188363,-654.3615682333243,-0.0033309255888269718
-34.668179787969805,-653.9151463158219,-0.0033311846151917734
-37.18151275504084,-653.6257484271338,-0.003331393913935443
-39.67849900114822,-653.4904878965586,-0.0033315626858829717
-42.160598623446106,-653.5065026133713,-0.0033316987846596646
-44.62857083547697,-653.6708357955479,-0.0033318090102554265
-47.082511149448536,-653.9803366572914,-0.0033318993285185172
-49.52188848118433,-654.4315804555268,-0.0033319749955680322
-51.94558407719067,-655.0208075107726,-0.003332040598326813
-54.351933539059786,-655.7438807045195,-0.0033321000376318466
-56.73877262887805,-656.5962607077716,-0.0033321564874846388
-59.103487001898316,-657.5729978568602,-0.003332212361410569
-61.44306555267117,-658.668739227958,-0.003332269310259761
-63.75415669824483,-659.8777491301464,-0.003332328264308515
-66.03312666976964,-661.1939409854339,-0.0033323895205494836
-68.27611874473632,-662.6109184228565,-0.0033324528661644592
-70.47911231834655,-664.1220233938396,-0.0033325177221072977
-72.63798076706628,-665.7203892106522,-0.0033325832883317474
-74.74854717672234,-667.3989965980321,-0.0033326486743590067
-76.80663716532743,-669.1507310998952,-0.003332713002524912
-78.80812820191127,-670.9684404652617,-0.0033327754783645247
-80.74899498585089,-672.844990919007,-0.003332835427558578
-82.62535059150025,-674.7733214787944,-0.0033328923042041936
-84.43348319222467,-676.7464956930362,-0.003332945678478083
-86.16988825475447,-678.7577503385551,-0.00333299521237862
-87.83129614302088,-680.8005407317237,-0.003333040632645279
-89.41469509793039,-682.8685823806833,-0.003333081707735275
-90.91734957525212,-684.9558887504043,-0.00333311823346083
-92.3368139372452,-687.0568049401,-0.0033331500293325433
-93.67094151261256,-689.1660370965326,-0.0033331769449418402
-94.91788906904716,-691.2786774174244,-0.0033331988738067864
-96.07611678522191,-693.3902246434423,-0.0033332157709047294
-97.14438386375251,-695.4965999981383,-0.003333227669779504
-98.12173999008566,-697.594158612213,-0.003333234695134024
-99.00751290930961,-699.6796965578799,-0.0033332370684471258
-99.80129245755313,-701.7504537152907,-0.0033332351047539177
-100.50291144096325,-703.8041127892901,-0.003333229200713106
-101.1124237980581,-705.8387948846535,-0.003333219814844135
-101.63008050671168,-707.8530521258614,-0.003333207442202557
-102.05630370295663,-709.845857869324,-0.003333192585643019
-102.39165946467438,-711.8165950996635,-0.0033331757263566075
-102.63682968006427,-713.7650436269265,-0.0033331572958266165
-102.79258337069265,-715.6913667099074,-0.003333137650765927
-102.8597477748183,-717.5960977249644,-0.003333117052040535
-102.83917942179585,-719.4801274836191,-0.0033330956479309393
-102.73173534583998,-721.3446927802019,-0.003333073461472047
-102.5382445000805,-723.1913667273844,-0.003333050381338687
-102.25947934187354,-725.0220514169874,-0.003333026155556418
-101.89612746930003,-726.8389734299558,-0.003333000387597984
-101.44876309757062,-728.6446827162313,-0.003332972534843215
-100.91781807304704,-730.4420553749525,-0.0033329419107150926
-100.30355203195542,-732.2343008893931,-0.0033329076936361446
-99.60602122109532,-734.0249744090041,-0.003332868949533996
-98.82504541061955,-735.8179947198463,-0.003332824680507329
-97.96017224864052,-737.6176685969908,-0.0033327739223762975
-97.01063834360289,-739.4287222725184,-0.003332715931447794
-95.97532633229392,-741.2563407509582,-0.0033326505302717635
-94.85271723563277,-743.1062156059324,-0.003332578732786473
-93.64083758840901,-744.9846015993359,-0.0033325038527403095
-92.33720127472014,-746.8983818026371,-0.003332433433461901
-90.93874692504775,-748.8551395595043,-0.003332382537916345
-89.44177351604326,-750.863233067552,-0.003332379195885693
-87.84188012429483,-752.93186363505,-0.003332473000563496
-86.13392174992813,-755.0711201909088,-0.003332747513292489
-84.31200359505438,-757.2919677822937,-0.003333334846731262
-82.36955397923694,-759.6061226009743,-0.0033344228697949063
-80.29954488820206,-762.0257153315641,-0.0033362241664445236
-78.0949719234959,-764.5625841520712,-0.003338831173177681
-75.74975828905018,-767.2269639429428,-0.0033418261979143438
-73.26028372261597,-770.0252867280273,-0.0033435786115862953
-70.62767956703519,-772.9568919303674,-0.0033407448475415435
-67.86072227318107,-776.009879896484,-0.003329853750464906
-64.97846438511769,-779.1573201618199,-0.003312710544816966
-62.01090797209188,-782.3562068807868,-0.0033003252510006575
-58.996046060637376,-785.5515368336629,-0.0033040179260765967
-55.97344636768045,-788.6852929989321,-0.0033211991073454072
-52.97714886945174,-791.7064557996968,-0.003339121447458737
-50.03118542587607,-794.577386113975,-0.003349603319962924
-47.148878546401065,-797.2749281096065,-0.0033528352033052045
-44.334754103913596,-799.78784113072,-0.0033522168818205245
-41.58729510873202,-802.1130341878309,-0.00335043922217082
-38.90139642539127,-804.2521997955141,-0.003348767898526006
-36.27013976714094,-806.2093847979019,-0.0033475665639706165
-33.68592913706023,-807.9894476967914,-0.0033468203486251014
-31.1411577026582,-809.5971684091651,-0.0033464116818393563
-28.62857158949571,-811.0367831291331,-0.0033462255947824815
-26.14145228738029,-812.3117772951432,-0.003346176670195433
-23.673697013791116,-813.4248281119405,-0.0033462082021316064
-21.21984547837225,-814.3778306556999,-0.0033462845981730993
-18.775081386768782,-815.171969167023,-0.0033463840661944744
-16.33522466274825,-815.8078119199026,-0.0033464932198086217
-13.896722988417054,-816.2854178675127,-0.0033466035083300483
-11.456646912705379,-816.6044488037687,-0.003346708999973913
-9.012690215514066,-816.7642837643343,-0.003346805082212967
-6.563175687932066,-816.7641338717742,-0.0033468877634064143
-4.10706555891632,-816.6031564352619,-0.003346953365312544
-1.6439752171775424,-816.280567222639,-0.003346998468874318
0.8258114914582434,-815.7957496626283,-0.0033470200200227396
3.3013273350113215,-815.1483594549119,-0.003347015527253916
5.780909189161003,-814.3384227642258,-0.003346983296278694
8.262190017070457,-813.3664259202357,-0.003346922656380258
10.742097307731783,-812.2333943852992,-0.003346834141158439
13.216859757017318,-810.9409587174893,-0.003346719595583636
15.682023694334083,-809.4914053606967,-0.0033465821930427353
18.132480393244798,-807.8877103366765,-0.00334642635638005
20.562504971428428,-806.1335542820217,-0.0033462575875091716
22.965807102430613,-804.233317742911,-0.0033460822167725723
25.335593249034652,-802.1920561828964,-0.0033459070859791495
27.664639605728173,-800.0154547431391,-0.003345739180129925
29.94537442405887,-797.7097633911811,-0.003345585221737224
32.169967906328196,-795.2817136778373,-0.003345451243173869
34.33042740581882,-792.7384188696518,-0.003345342156027442
36.41869528181615,-790.0872597157668,-0.003345261344364303
38.426746442892735,-787.3357585213295,-0.003345210315181646
40.34668239173836,-784.4914445103772,-0.003345188445731395
42.170818478715375,-781.5617136420943,-0.003345192864681934
43.89176109546291,-778.5536860668678,-0.003345218493176816
45.50247170267869,-775.4740642467699,-0.0033452582519437613
46.99631488386437,-772.3289944006685,-0.0033453034134751647
48.367088030139556,-769.1239333610228,-0.0033453440538195878
49.60903075493585,-765.8635221565673,-0.0033453695390264215
50.71681266255624,-762.5514666868598,-0.0033453689788771612
51.68549859429356,-759.1904247681751,-0.003345331597333967
52.510490893538645,-755.7818976516031,-0.0033452470134278656
53.187448521945306,-752.3261228957249,-0.0033451055068383084
53.71218300272685,-748.8219642794004,-0.003344898482911418
54.08053119132614,-745.2667933513305,-0.0033446196033608544
54.288204886636045,-741.6563563848895,-0.0033442675171109215
54.33061755618475,-737.984620250075,-0.003343852019774829
54.20268950194492,-734.2435916897638,-0.0033434071624185435
53.898635751815576,-730.4231080961033,-0.0033430178922380094
53.41174806714176,-726.5106070564741,-0.003342871721702778
52.734198188189744,-722.490902698836,-0.0033433522982093677
51.8569225767833,-718.3460412577596,-0.0033451868875751245
50.769715901003345,-714.0553992455866,-0.0033495995158077108
49.461788968827875,-709.5963644246829,-0.0033581615397118014
47.923270702836824,-704.9462525928305,-0.0033712679976680704
46.148445894915554,-700.0865596471033,-0.0033830051472492073
44.14169222466915,-695.0109254492646,-0.003372749034937783
41.92627293309119,-689.7371446658686,-0.003312836140914044
39.55291618245703,-684.319182731414,-0.003226628399701781
37.10018931281556,-678.8483348144011,-0.0032138777564370002
34.65968534106963,-673.4338483704976,-0.0032991600889751282
32.312156678970524,-668.1711657276709,-0.003384148250191288
30.111128066832254,-663.1202098653986,-0.0034152347965950014
28.081767954102144,-658.3042204938417,-0.003412398977502562
26.228957347881007,-653.7208115208321,-0.003401729937571929
24.546266903309412,-649.3540124614035,-0.0033935307685304394
23.02226967762525,-645.1825612766221,-0.0033890766761324187
21.64410913598853,-641.1844490632088,-0.0033872106675616465
20.399241167361158,-637.3390214162573,-0.00338675412854883
19.276160912730226,-633.6277542316781,-0.0033869566684678887
18.264620123474852,-630.034387857686,-0.003387414590665827
17.355609761793392,-626.5447834509047,-0.0033879317212353044
16.541246590648377,-623.1466803224029,-0.003388421974801048
15.814630240384254,-619.8294364790938,-0.003388853657707358
15.169700757361852,-616.5837868897263,-0.0033892202948244687
14.601108828178848,-613.4016314358895,-0.0033895261050034264
14.10410246312723,-610.2758543442021,-0.003389779067969556
13.674430148075388,-607.2001726991118,-0.0033899877837999526
13.308258941631394,-604.1690102282763,-0.0033901601743586696
13.002105517473337,-601.1773923909731,-0.0033903030500948006
12.752778147466172,-598.2208591473902,-0.0033904220629779047
12.557327807489747,-595.2953923000008,-0.0033905218152376904
12.413006831544957,-592.3973548252878,-0.003390606016553832
12.317233780791874,-589.5234400937295,-0.0033906776425052243
12.267563408515795,-586.6706292893133,-0.0033907390755842926
12.261660782416357,-583.8361556867135,-0.0033907922236231514
12.29727877262775,-581.0174747316345,-0.0033908386161254356
12.372238231339221,-578.2122391066023,-0.0033908794810191267
12.484410282820726,-575.4182781590723,-0.003390915805269401
12.631700216398663,-572.6335812279871,-0.0033909483820959707
12.812032534806686,-569.8562845338557,-0.003390977847606891
13.023336761679454,-567.0846613990425,-0.0033910047088099304
13.263533660162118,-564.3171156403123,-0.003391029364701481
13.530521565249552,-561.5521780239964,-0.0033910521218523115
13.822162591324389,-558.7885056929705,-0.003391073205488482
14.136268549298876,-556.0248844601771,-0.0033910927672575752
14.47058650040673,-553.2602338111388,-0.0033911108904405296
14.822783990786487,-550.4936143633657,-0.0033911275940567975
15.190434155426711,-547.7242373908551,-0.003391142836827399
15.571001051439005,-544.9514758374492,-0.003391156522644323
15.96182577369562,-542.1748760197272,-0.0033911685090224353
16.3601141086545,-539.3941689724996,-0.0033911786196902938
16.762926674701024,-536.6092801420716,-0.003391186662224044
17.16717265121271,-533.8203359194389,-0.0033911924503264856
17.56960827862345,-531.0276653720642,-0.0033911958290886446
17.9668412801274,-528.2317955282198,-0.0033911966999351506
18.355342178659093,-525.4334387376247,-0.0033911950408924696
18.731463140236546,-522.6334710064544,-0.0033911909171777666
19.09146446969596,-519.832900785925,-0.003391184478228837
19.431548250882575,-517.0328284457604,-0.0033911759396527685
19.747897926262173,-514.2343975100804,-0.0033911655515215244
20.03672194193986,-511.4387395629777,-0.0033911535577964003
20.29429904469319,-508.64691541823686,-0.0033911401535942076
20.51702249849169,-505.85985557671535,-0.0033911254471270524
20.701440447657298,-503.07830308773595,-0.0033911094315435264
20.844289903939387,-500.3027616659699,-0.003391091968735438
20.94252233645772,-497.53345133349086,-0.003391072784408422
20.993319516396404,-494.77027305056913,-0.003391051470638118
20.99409900942233,-492.01278289026743,-0.003391027491483456
20.94250941445412,-489.26017542479764,-0.003391000186223181
20.836416032925307,-486.51127522729513,-0.0033909687659274823
20.673878064196902,-483.76453481496617,-0.003390932299190297
20.453118640154315,-481.0180369904434,-0.0033908896839403013
20.172489044163612,-478.26949936302344,-0.003390839602285922
19.830428335067495,-475.5162788098129,-0.0033907804549997422
19.42541935353871,-472.7553737147066,-0.0033907102718782056
18.95594176356913,-469.9834219435822,-0.0033906265925658374
18.42042240718144,-467.1966926242121,-0.0033905263109961226
17.817182846253996,-464.39106985360695,-0.003390405474991809
17.144383540572772,-461.5620264156752,-0.0033902590309367042
16.399963663303012,-458.70458542529724,-0.0033900805040971704
15.58157507102943,-455.81326749011197,-0.0033898616114456104
14.68650840348077,-452.8820204657552,-0.003389591821687077
13.711608659423758,-449.9041281369375,-0.0033892579241658893
12.653176848589135,-446.87209314470743,-0.0033888437789215686
11.506853429581486,-443.77748816215353,-0.0033883306686277592
10.267478212357636,-440.6107676868323,-0.003387699230284369
8.928920309550877,-437.36103094812796,-0.0033869351674837844
7.48387083399358,-434.01572464100724,-0.0033860436291242024
5.923591087540415,-430.5602734065472,-0.0033850829479042943
4.237611761386357,-426.9776285115547,-0.0033842406675290704
2.413388420411234,-423.2477366790758,-0.003383998846473446
0.4359451353667845,-419.3469648033691,-0.0033854746401047464
-1.71239602542765,-415.24760300499895,-0.003391044583601399
-4.0519477645818816,-410.91777599512864,-0.0034051454306656126
-6.6046602392431195,-406.3225581117198,-0.0034337292550858933
-9.390924975023417,-401.4280241481235,-0.003475631137430213
-12.421885427711734,-396.21141338482386,-0.003491346273232665
-15.684650150123845,-390.68109532602455,-0.003373143645450938
-19.122372512626825,-384.90385029889745,-0.0031136481724480802
-22.624995970762,-379.0179099467706,-0.003080738079180634
-26.053676277316214,-373.20002060611523,-0.0033879665764047218
-29.290218249245047,-367.5982622082642,-0.0036132130507766647
-32.26808501084055,-362.2902722116147,-0.003644111128593863
-34.96767971419012,-357.29038816579015,-0.003609217404573428
-37.39653652651402,-352.57707378973174,-0.0035792484380827716
-39.57313661089259,-348.11498970997167,-0.003564358155639269
-41.51813181327932,-343.8667482376352,-0.00355912230574873
-43.250600866910716,-339.7977708380127,-0.00355841668905299
-44.78683796009994,-335.87773660984413,-0.003559443325670486
-46.14022979748994,-332.0806083380157,-0.003560936683911109
-47.321536500349275,-328.3841644491228,-0.0035623948896805757
-48.33928350250248,-324.76942596594944,-0.003563654061558452
-49.20015040013262,-321.22012480260116,-0.0035646872965244825
-49.909319168504375,-317.7222577475004,-0.0035655166941950256
-50.470774960728335,-314.2637304029418,-0.0035661770699881856
-50.88756390772792,-310.83408132386205,-0.0035667021779914876
-51.162015399523504,-307.42427303693256,-0.003567120363864973
-51.29593616821113,-304.0265369272972,-0.0035674539697296836
-51.2907821861698,-300.6342604462806,-0.0035677200907180406
-51.14781278899885,-297.241906672821,-0.0035679317029959634
-50.86822986678476,-293.8449576102474,-0.0035680987835853273
-50.45330356827101,-290.43987366599333,-0.003568229284985236
-49.904484784682765,-287.02406260847874,-0.0035683299181688
-49.223503757054694,-283.5958520259007,-0.0035684067266021913
-48.41245351378814,-280.1544600333472,-0.0035684654432053264
-47.47385652229573,-276.69995977911486,-0.0035685116311050535
-46.4107129482566,-273.2332342506691,-0.0035685506246228016
-45.22652925560373,-269.7559189981015,-0.0035685873095641085
-43.92532651697884,-266.27033165571004,-0.003568625806446235
-42.51162867008093,-262.7793884833296,-0.0035686691387351033
-40.990431949673564,-259.28650946522635,-0.0035687189724349366
-39.36715772563421,-255.79551467331783,-0.00356877549918444
-37.64759185717175,-252.31051550345063,-0.003568837503650002
-35.83781432049877,-248.83580493440732,-0.003568902614272673
-33.94412320408807,-245.3757510896011,-0.003568967696512715
-31.97295716064166,-241.93469810562684,-0.003569029318965633
-29.930820075723243,-238.51687768732532,-0.0035690842131312905
-27.824211119883284,-235.12633385401742,-0.0035691296567801345
-25.659562582778733,-231.76686237627385,-0.003569163734137959
-23.44318704392304,-228.44196538817772,-0.003569185455353008
-21.18123460905064,-225.15482074046028,-0.0035691947447364925
-18.87966020875135,-221.9082649097646,-0.0035691923263900804
-16.544200366573698,-218.70478773918478,-0.0035691795449075414
-14.180358420113045,-215.54653696357767,-0.00356915815889991
-11.793396920380719,-212.43533035279634,-0.003569130138686205
-9.388335824554526,-209.37267335292495,-0.0035690974898674455
-6.969955107331059,-206.35978027764034,-0.0035690621146660106
-4.542800514798206,-203.39759735594436,-0.003569025714588392
-2.1111913410563967,-200.48682623987835,-0.0035689897319901576
0.3207707053409886,-197.6279468847206,-0.003568955324423584
2.7491922823184756,-194.82123901095713,-0.0035689233645310736
5.170379390966045,-192.0668016261884,-0.003568894457707472
7.580828924968663,-189.36457031696386,-0.003568868971253636
9.977221021747996,-186.71433221148027,-0.0035688470691983554
12.356412322167436,-184.11573866410944,-0.003568828749294539
14.71543014945482,-181.56831582434674,-0.0035688138789620183
17.05146754611221,-179.07147333000822,-0.0035688022287274634
19.361879057433665,-176.6245114120944,-0.003568793501937506
21.644177118795305,-174.22662672162087,-0.003568787360462622
23.896028887946738,-171.8769171916912,-0.0035687834461910484
26.115253360043365,-169.5743862355977,-0.003568781398541887
28.299818609264953,-167.31794655779098,-0.003568780868271837
30.44783901401014,-165.10642382267196,-0.003568781527870435
32.557572340603464,-162.93856038936573,-0.0035687830789923325
34.627416581287584,-160.81301928149486,-0.003568785257249907
36.655906464398235,-158.7283885216048,-0.0035687878347907542
38.641709576726655,-156.68318592201393,-0.0035687906209549425
40.58362205912971,-154.67586438879067,-0.0035687934613841676
42.48056385567082,-152.70481776428045,-0.003568796235964733
44.33157351341002,-150.76838720676238,-0.003568798855757116
46.13580254406162,-148.86486808378342,-0.0035688012593571017
47.892509369937706,-146.99251733859734,-0.0035688034088483533
49.601052884886776,-145.14956127682225,-0.003568805285569354
51.260885666448836,-143.33420371262147,-0.003568806885939857
52.87154687842051,-141.5446344099666,-0.0035688082174463176
54.43265490378686,-139.7790377542904,-0.0035688092949257566
55.94389974693032,-138.03560159243577,-0.0035688101372430836
57.40503524162318,-136.31252618354426,-0.003568810764441377
58.81587109803682,-134.6080332096621,-0.0035688111953269264
60.17626481837155,-132.92037480159905,-0.003568811445550324
61.48611350725483,-131.2478425421866,-0.003568811526175164
62.745345600312945,-129.58877641475453,-0.003568811442693054
63.953912532835744,-127.94157366860101,-0.0035688111944467416
65.11178037077244,-126.30469757467776,-0.0035688107744764608
66.21892142895935,-124.67668604287192,-0.0035688101697344266
67.27530590701123,-123.05616006636134,-0.0035688093616670358
68.28089358219637,-121.44183194781687,-0.003568808327164774
69.23562561128406,-119.83251324604821,-0.00356880703986473
70.13941651011295,-118.2271223594955,-0.0035688054718101547
70.99214640061155,-116.62469163442158,-0.00356880359549705
71.79365364007627,-115.02437385075885,-0.0035688013862573698
72.54372797616558,-113.42544789778691,-0.0035687988249510916
73.24210440228622,-111.82732340631426,-0.0035687959008816605
73.88845792016878,-110.22954405582614,-0.003568792614748073
74.4823994470196,-108.63178922723355,-0.0035687889814122187
75.02347313040042,-107.033873628734,-0.0035687850321233228
75.5111553507532,-105.43574448947881,-0.0035687808158115786
75.94485569433262,-103.83747590002257,-0.0035687763989020738
76.32392016284489,-102.23925988752447,-0.003568771863211584
76.6476368450001,-100.6413938551664,-0.003568767301514786
76.91524420496738,-99.04426409619747,-0.0035687628105649516
77.12594204067351,-97.44832521819227,-0.0035687584816712636
77.27890503117233,-95.85407548360848,-0.0035687543893123674
77.37329863098617,-94.26202828443536,-0.0035687505787516116
77.4082968890079,-92.67268021118143,-0.0035687470538583455
77.38310158357457,-91.08647643245745,-0.0035687437666407362
77.29696189095708,-89.50377434773948,-0.0035687406098405816
77.14919366132855,-87.92480668532282,-0.003568737413570666
76.93919728359846,-86.34964536207396,-0.003568733946367253
76.66647309434406,-84.77816747689357,-0.0035687299202189493
76.33063333610437,-83.21002475912033,-0.003568724998404882
75.93140979750636,-81.64461763103284,-0.003568718804438653
75.4686564633284,-80.08107477792163,-0.003568710930082375
74.94234674883403,-78.51823877051139,-0.0035687009405300785
74.35256516485356,-76.95465788358563,-0.003568688375017892
73.69949353013273,-75.38858383791589,-0.0035686727415846775
72.98339208802608,-73.81797479662798,-0.003568653504855135
72.20457607262733,-72.24050260343506,-0.0035686300660184855
71.36338838880236,-70.65356298096685,-0.0035686017340310627
70.46016911340541,-69.05428722337018,-0.003568567686828672
69.49522249118147,-67.43955381714754,-0.0035685269207981207
68.46878199479625,-65.80599839593934,-0.0035684781860787496
67.38097385439664,-64.15002045861314,-0.0035684199041980946
66.23177924975427,-62.46778533033267,-0.0035683500631904508
65.02099510789006,-60.755219895389295,-0.003568266083590288
63.748193168358284,-59.00800064999665,-0.0035681646466958483
62.412676669453056,-57.221532584802915,-0.0035680414739402977
61.01343366784424,-55.39091728261381,-0.0035678910444119083
59.549085621106826,-53.51090837794516,-0.0035677062368488777
58.01782941944591,-51.57585214008555,-0.003567477887138182
56.41737052406742,-49.57961037409337,-0.0035671942682675706
54.74484422196301,-47.51546204182731,-0.0035668405442805806
52.99672120145775,-45.37597893895377,-0.0035663983574387714
51.168692651189666,-43.152869375665446,-0.003565845958071634
49.25552886621957,-40.83678207261038,-0.0035651598538315454
47.25090394848633,-38.41706045338213,-0.0035643202269639573
45.14717782038477,-35.88143546790919,-0.003563325201092482
42.935126050143246,-33.21564385896589,-0.003562225289627463
40.60360953587541,-30.402960600653028,-0.0035612028514719896
38.13918389889887,-27.423644574324612,-0.0035607489448565843
35.52567202137075,-24.254328562715443,-0.0035620384080026213
32.74378476572148,-20.867469186236672,-0.003567649653362537
29.771024644802875,-17.231179266670285,-0.003582603666913542
26.58244922824069,-13.310239952504368,-0.0036142762879123325
23.153577925192742,-9.070075672634495,-0.003663906704328923
19.46787366906365,-4.487084653324316,-0.003691526841105741
15.531837161789873,0.4304076111755015,-0.0035718136200237893
11.396422644401987,5.612296007778715,-0.003269807176927486
7.1686162490313174,10.910411104195184,-0.0032046638844676067
2.987366525986111,16.13184780092481,-0.0035495622816625882
-1.0288657259058274,21.11188851736045,-0.003813159947636535
-4.81574640911242,25.760754613343813,-0.0038517486778388843
-8.35809453322924,30.056617638846184,-0.0038132373596369007
-11.668709838490518,34.01615437785873,-0.003779627648643924
-14.771325739415907,37.670924983628176,-0.003762770876779342
-17.691555641401152,41.05489220924936,-0.003756668095633131
-20.453141189236767,44.19929754186237,-0.003755632419199628
-23.076806043932066,47.13113528071106,-0.003756562567300392
-25.580197252756594,49.873118606311614,-0.003758052238101328
-27.97820997859559,52.44416574745569,-0.003759537870230645
-30.28340117749974,54.86000287588382,-0.0037608296295665866
-32.50638102072687,57.13373322315157,-0.003761890495262321
-34.65614758495871,59.27632710081242,-0.003762739477185306
-36.74036049667987,61.29702840305721,-0.0037634114529332408
-38.765559817915864,63.20368720521099,-0.0037639416645092183
-40.73733917320144,65.00303134373242,-0.0037643605731680907
-42.66048187078295,66.70088913475237,-0.003764692855735774
-44.53906759399584,68.30237342284079,-0.003764957904401456
-46.376555928613165,69.81203502642731,-0.0037651707470871543
-48.17585182919603,71.23399173831088,-0.0037653429720485576
-49.9393571815435,72.57203744659827,-0.0037654835183040802
-51.66901187732193,73.82973465822941,-0.003765599305353362
-53.36632724173621,75.01049269906382,-0.003765695715934214
-55.03241420140513,76.11763309433283,-0.0037657769572980726
-56.668008206595026,77.15444307070638,-0.0037658463269600873
-58.27349259556837,78.12421774301653,-0.0037659064060999725
-59.848921782977804,79.0302913360048,-0.0037659591999386066
-61.394045351554496,79.87605772636444,-0.0037660062413316098
-62.908333818140676,80.6649806524284,-0.003766048670437172
-64.39100653116114,81.40059410301703,-0.003766087300423493
-65.84106184409988,82.08649363266227,-0.003766122676267969
-67.25730941129412,82.72631962260162,-0.003766155130596971
-68.63840418446301,83.32373377843808,-0.003766184838045916
-69.98288146734089,83.88239039046492,-0.003766211867254121
-71.28919222565027,84.40590405089836,-0.0037662362285582063
-72.55573775971835,84.89781560186482,-0.003766257914687543
-73.78090283030896,85.3615580681126,-0.0037662769324473544
-74.96308638099103,85.8004242098687,-0.003766293324109604
-76.1007291127734,86.21753712553492,-0.0037663071786662172
-77.19233732438111,86.6158250608571,-0.0037663186340441968
-78.2365026174046,86.99800126576653,-0.003766327872301467
-79.23191726211621,87.36654940885737,-0.0037663351101393516
-80.17738521094365,87.72371473742027,-0.0037663405870804745
-81.07182891918433,88.07150087903064,-0.0037663445531652684
-81.91429227700098,88.41167193422315,-0.0037663472576996426
-82.70394006745843,88.74575931793136,-0.0037663489398291894
-83.44005444045558,89.07507267337017,-0.0037663498214000057
-84.12202893311819,89.40071410406075,-0.0037663501021296675
-84.7493605771433,89.72359494205921,-0.003766349956854542
-85.32164061785551,90.04445428493364,-0.003766349534572555
-85.83854433423339,90.36387858115624,-0.003766348958873955
-86.29982039988414,90.68232161365547,-0.003766348329420799
-86.70528016748459,91.00012431524496,-0.003766347724163177
-87.05478719844892,91.31753393962244,-0.0037663472019607847
-87.34824729949918,91.63472220119162,-0.003766346805466725
-87.5855992714167,91.95180208125113,-0.0037663465640292992
-87.76680652462198,92.26884307376848,-0.003766346496500317
-87.89184967261754,92.58588470900996,-0.003766346613839344
-87.96072017828514,92.90294824684814,-0.003766346921443703
-87.97341509954913,93.22004647362242,-0.003766347421142041
-87.92993295958362,93.53719156764711,-0.003766348112840087
-87.83027075184259,93.85440101996012,-0.003766348995787955
-87.67442208083347,94.1717016100872,-0.0037663500694540275
-87.4623764347359,94.48913144302261,-0.003766351334012971
-87.19411958463792,94.80674005492888,-0.00376635279046475
-86.8696351062638,95.1245865928807,-0.0037663544403711002
-86.48890702254961,95.44273606994969,-0.0037663562852187082
-86.05192356825103,95.76125369265051,-0.0037663583254152755
-85.55868207992461,96.08019725482937,-0.003766360558922266
-85.00919501509851,96.3996075920465,-0.0037663629795385845
-84.40349710223332,96.7194970949609,-0.0037663655748155778
-83.74165361715589,97.03983629075074,-0.003766368323640412
-83.02376977101744,97.36053851977668,-0.003766371193468787
-82.2500011784773,97.68144276206921,-0.0037663741372542248
-81.42056535178294,98.00229470626248,-0.00376637709009775
-80.53575413581873,98.32272620360843,-0.0037663799656646457
-79.5959469602933,98.64223331269467,-0.0037663826524800825
-78.60162473752804,98.96015321701155,-0.00376638501022164
-77.5533841776559,99.27564038744623,-0.00376638686624986
-76.45195222780998,99.58764246407439,-0.003766388012705235
-75.29820026913868,99.89487644398307,-0.0037663882046703456
-74.09315762719581,100.19580588043992,-0.0037663871600246424
-72.83802387051219,100.48861991777703,-0.003766384561880276
-71.53417929339386,100.77121509795597,-0.003766380064604391
-70.18319290815748,101.04118096864882,-0.0037663733045318892
-68.78682721663067,101.29579058620865,-0.003766363916387405
-67.34703899982198,101.5319970255396,-0.0037663515559724914
-65.86597536832583,101.74643696684784,-0.0037663359290034393
-64.34596436480275,101.93544231096001,-0.003766316824640903
-62.78949951356057,102.09506056686733,-0.003766294150725713
-61.19921787834088,102.22108444864338,-0.003766267965985115
-59.577871421096546,102.30909071285446,-0.003766238502833197
-57.92829174866603,102.35448777171216,-0.0037662061738732433
-56.25334867936833,102.35257105432166,-0.003766171555657394
-54.55590343678875,102.298584495382,-0.0037661353458720015
-52.83875765325536,102.18778595742687,-0.0037660982942142596
-51.10459970325593,102.01551389781896,-0.00376606111249167
-49.35595014649438,101.77725223576465,-0.0037660243746060473
-47.595108202937055,101.46869021078001,-0.003765988420585842
-45.824101178431874,101.08577408819356,-0.0037659532790161876
-44.044638594630904,100.624747869424,-0.003765918619103914
-42.25807245538477,100.08218068414796,-0.0037658837369924925
-40.46536462771758,99.45497922693416,-0.003765847572889669
-38.667061769944326,98.74038437718252,-0.003765808748132926
-36.86327765377318,97.93595191983054,-0.003765765605830751
-35.05368215437184,97.03951797704663,-0.00376571623738009
-33.237495668320506,96.04915029272475,-0.0037656584783274383
-31.41348729586701,94.963086828911,-0.0037655898611230754
-29.579974804348566,93.77966320942531,-0.0037655075167641883
-27.734824168389032,92.49723037865111,-0.003765408021262573
-25.87544633701509,91.11406344908485,-0.003765287186158872
-23.99878877291687,89.62826211588852,-0.0037651397957105814
-22.10131920149851,88.0376422469682,-0.0037649593002093695
-20.178998850464872,86.33961733214757,-0.003764737492058856
-18.22724220839408,84.53106740161991,-0.00376446423278054
-16.24085994199826,82.60819179652444,-0.0037641273938326947
-14.2139810581452,80.56634078349838,-0.0037637133827104208
-12.139949679380086,78.39981946019873,-0.003763209077174423
-10.011190991341808,76.10165578572614,-0.003762606957650405
-7.819040249742706,73.66332317867482,-0.0037619172881058205
-5.553528808688143,71.07440774100412,-0.0037611955317586876
-3.203123404655759,68.32221272275126,-0.003760602061532836
-0.7544227719704789,65.39130290035122,-0.0037605281656567513
1.8081632616367445,62.263019576329484,-0.003761849011361562
4.502675661899699,58.91506646046472,-0.003766379278236087
7.349614026758552,55.321428772551364,-0.003777469817975998
10.371236752633655,51.45324437600905,-0.003799798107792185
13.589185770037506,47.28195922930365,-0.0038341042317888707
17.018649158604287,42.787244783142995,-0.003856618651536081
20.656759473472135,37.97289832138689,-0.0037893389818748346
24.46547119703429,32.89045821859388,-0.0035803990389027263
28.359092223959752,27.65648749588189,-0.003460304556316629
32.21676846065022,22.43534701960385,-0.0036633061344879536
35.92299313057131,17.383165065744127,-0.003908996614036653
39.40345603354571,12.598407759720567,-0.003983194603236484
42.63001427851139,8.11536443646013,-0.00396290547885414
45.605234243235564,3.9258448940840758,-0.003932280287884282
48.345976875069304,0.0020033661430650307,-0.003913911057065178
50.87326877643586,-3.6896768119290826,-0.0039060005034414758
53.20752111823649,-7.181848046707942,-0.0039037020734440375
55.36673613485295,-10.503895939213269,-0.003903855134414158
57.36609556820841,-13.681430976336681,-0.0039048788035458415
59.21810548342034,-16.736530648594513,-0.0039060806018902383
60.93292324227992,-19.688217106062634,-0.00390719333944034
62.51871142666655,-22.55295874744005,-0.003908136403364182
63.98196150946697,-25.34511887112645,-0.003908904557285098
65.32777155897661,-28.077330972986335,-0.003909519054399624
66.560078656889,-30.76080220950329,-0.0039100072928093255
67.68185233810728,-33.405553811659516,-0.0039103950500223306
68.69525655719671,-36.02060856759871,-0.00391070405913041
69.60178719160616,-38.61413465008468,-0.0039109517269722005
70.40239105719327,-41.19355362116376,-0.003911151615531239
71.09757129392698,-43.76561902563589,-0.00391131411597101
71.68748293729254,-46.33647080621433,-0.0039114470979981775
72.17202155895373,-48.91166988786787,-0.003911556467301125
72.55090702779889,-51.49621667160652,-0.003911646624628062
72.82376368719576,-54.094556808976265,-0.0039117208411454385
72.9901975474197,-56.71057744862336,-0.003911781569081896
73.04987044572744,-59.34759710156633,-0.0039118307033554345
73.00257053574845,-62.008352304165676,-0.0039118698038560495
72.84827795173969,-64.69498430507383,-0.003911900280741065
72.58722408244557,-67.40902900022891,-0.00391192353873393
72.21994262176395,-70.15141322562563,-0.003911941071869762
71.74731047763224,-72.92246023720035,-0.003911954499306702
71.17057674692713,-75.72190672408534,-0.003911965536635975
70.49137831580506,-78.54893300539017,-0.00391197590499992
69.71174120959853,-81.40220717440884,-0.0039119871919997
68.83406755223652,-84.2799429360145,-0.003912000689354045
67.86110883172854,-87.17996982235879,-0.0039120172400188835
66.79592701405895,-90.09981347779613,-0.003912037128421808
65.64184580356748,-93.03678288752258,-0.00391206003998068
64.40239492270724,-95.98806087991342,-0.00391208510196428
63.081250611352964,-98.95079401963007,-0.0039121110004911586
61.68217559445446,-101.92217814160547,-0.003912136152650625
60.208961545248044,-104.89953622246017,-0.0039121589031321236
58.66537662361216,-107.88038597402596,-0.003912177712734888
57.05512006492994,-110.86249537733588,-0.003912191311584934
55.38178511475187,-113.84392525191942,-0.003912198800516187
53.6488309266916,-116.82305878165151,-0.0039121996955051586
51.85956342960782,-119.79861862374398,-0.003912193920708518
50.017124669255004,-122.76967276845147,-0.003912181762082412
48.12448976139333,-125.73563067804331,-0.00391216379655468
46.18447036046714,-128.69623142203218,-0.0039121408112476885
44.19972343824447,-131.65152556518956,-0.0039121137244038096
42.17276415894126,-134.60185248793408,-0.0039120835159671685
40.10598170609358,-137.54781465999017,-0.003912051172314079
38.00165703674486,-140.49025018010076,-0.003912017646111821
35.86198168826599,-143.43020466408512,-0.003911983830693799
33.68907692454408,-146.36890333122653,-0.003911950546431342
31.485012668290356,-149.30772391898006,-0.00391191853647932
29.251825816130882,-152.24817085679135,-0.003911888469032121
26.99153766789944,-155.19185095543693,-0.003911860943251355
24.70617031886278,-158.14045071954504,-0.003911836496909515
22.39776196309044,-161.09571526659747,-0.003911815613783176
20.068381138604025,-164.05942873340783,-0.003911798729417271
17.720140011618405,-167.03339596812935,-0.003911786234201742
15.3552068495205,-170.01942523975202,-0.003911778473010941
12.975817871383184,-173.0193116458335,-0.003911775740666812
10.584288691487437,-176.03482086167628,-0.003911778272890132
8.183025585641627,-179.06767285003096,-0.0039117862323383434
5.774536811501842,-182.11952514037486,-0.003911799689635842
3.3614442014024712,-185.19195529258516,-0.003911818599554806
0.9464952175685618,-188.28644218407123,-0.003911842772771124
-1.4674243873470272,-191.40434580569587,-0.003911871844339387
-3.877277229346655,-194.54688532435208,-0.003911905240840952
-6.279860288263256,-197.71511527351063,-0.003911942149093406
-8.671790372900444,-200.90989987196807,-0.003911981490556826
-11.049489334431197,-204.13188564916075,-0.003912021907337859
-13.409169477012945,-207.38147277472373,-0.00391206176648673
-15.746819807745958,-210.65878574933723,-0.00391209919034452
-18.058193975920663,-213.9636444075631,-0.003912132120742484
-20.33880096085514,-217.29553649925919,-0.0039121584226577966
-22.583899759273336,-220.6535934343812,-0.003912176029317038
-24.78849947149953,-224.03657106783436,-0.003912183124050728
-26.947366259582605,-227.44283762917507,-0.0039121783453612835
-29.055038615467147,-230.8703710222965,-0.003912160991518476
-31.10585220018251,-234.31676768615404,-0.003912131191583512
-33.09397516951199,-237.7792649767288,-0.003912090004504876
-35.013454376003985,-241.2547785735977,-0.003912039409808443
-36.85827214171922,-244.73995572556868,-0.0039119821646629305
-38.62241246863577,-248.23124425462856,-0.003911921524270667
-40.29993466135903,-251.72497619858171,-0.003911860849903803
-41.88505147205239,-255.21746388830263,-0.003911803157683025
-43.37220814688374,-258.7051052493928,-0.003911750680714476
-44.75615826085948,-262.18449432265925,-0.003911704520989545
-46.03203205578537,-265.65253253173495,-0.0039116644520351684
-47.19539318650068,-269.1065361713741,-0.003911628901406061
-48.24228032446517,-272.54433597496325,-0.003911595101822485
-49.169230903483474,-275.96436541285306,-0.00391155936291554
-49.973285314664714,-279.36573548816705,-0.0039115173913302215
-50.651970936075465,-282.74829511054236,-0.0039114645807014625
-51.20326638310731,-286.1126775045067,-0.003911396203665873
-51.62554717197765,-289.46033442362386,-0.003911307459194546
-51.91751451688525,-292.7935611024772,-0.003911193353220099
-52.07810918546701,-296.11551583926047,-0.0039110484108313415
-52.10641220772349,-299.4302388637256,-0.003910866232399002
-52.00153378798473,-302.7426757538808,-0.003910638914334186
-51.76249104007402,-306.0587112002,-0.003910356367274659
-51.388074187576755,-309.385219481581,-0.003910005595340493
-50.87669967318983,-312.73013872734174,-0.0039095700870142025
-50.226247225929306,-316.1025770047468,-0.003909029681381071
-49.43387637147184,-319.5129595729329,-0.003908361773937941
-48.49581621622215,-322.9732282770348,-0.0039075458603043955
-47.407120817875644,-326.4971057975273,-0.00390657595645294
-46.16138169377788,-330.1004385605489,-0.003905491047831333
-44.750390581262096,-333.80163051187236,-0.003904445853734728
-43.163753255205656,-337.62217057416905,-0.0039038690449793023
-41.388478023443795,-341.5872272328213,-0.0039048001301758006
-39.40862128279484,-345.7262057458571,-0.003909540557643254
-37.205213795163935,-350.0729723950029,-0.003922617480611734
-34.75701137783747,-354.665011205776,-0.003950858947618485
-32.04327210434643,-359.53986457350715,-0.003996358757920149
-29.050837338207444,-364.7256946919758,-0.004026110938607275
-25.788428815933077,-370.2218441176064,-0.0039288852130816565
-22.307315248295982,-375.97034034736583,-0.0036535206433505607
-18.71381578852696,-381.83818034538194,-0.00355817367770328
-15.148520527548923,-387.64513728004744,-0.003856787664481942
-11.735833393271314,-393.2324442235431,-0.0041177132413956485
-8.548239598936519,-398.5113302063289,-0.004167461955869811
-5.608279345664641,-403.4598986950026,-0.004134657473851888
-2.9086349542259216,-408.0954795323353,-0.004102538438285563
-0.42945449096736243,-412.45109232413233,-0.0040857794624109545
1.8520457257162608,-416.56262549493226,-0.004079492170827592
3.9574126620826786,-420.4634483207009,-0.004078275107790574
5.905554892279478,-424.18274706067547,-0.004079071873633211
7.71253761122417,-427.74543148672416,-0.004080469125096187
9.391825151177969,-431.17259915211764,-0.004081890828491197
10.954649154824988,-434.4821313665452,-0.004083137731779374
12.410375977001245,-437.68925943839884,-0.004084166631226793
13.766830583292249,-440.8070509556256,-0.004084992573794466
15.030568130985513,-443.84680960405615,-0.0040856478601334345
16.20709702048522,-446.81839733031114,-0.004086166005716763
17.301060988594205,-449.7304914943181,-0.004086576270029951
18.31638814004112,-452.59078918989394,-0.004086902454677244
19.25641393278176,-455.40616909160707,-0.004087163279333339
20.12398395916016,-458.18281917335435,-0.004087373223121915
20.921541241185835,-460.9263368525561,-0.004087543398465954
21.651201787509322,-463.6418066551776,-0.004087682310462526
22.314821350271227,-466.33385936867256,-0.004087796470518157
22.914055645736394,-469.0067158140988,-0.004087890875526412
23.450415728893518,-471.6642177809444,-0.004087969376076472
23.925319706613763,-474.30984828847426,-0.004088034957751674
24.340141510985273,-476.9467431305168,-0.00408808995598875
24.696257017799446,-479.5776955938391,-0.004088136220461891
24.995087379519482,-482.20515627939506,-0.004088175240795522
25.238139054238943,-484.8312300612564,-0.004088208241713076
25.427039671518784,-487.45767234253503,-0.004088236253206645
25.563568613265208,-490.08588685556623,-0.004088260159244683
25.649681041209544,-492.7169272448062,-0.0040882807274496
25.687524110988722,-495.3515045078183,-0.00408829862233695
25.67944430617235,-497.99000200902003,-0.004088314405192861
25.627985213543774,-500.63249920645575,-0.0040883285252544255
25.535875623318226,-503.27880446645565,-0.004088341308207788
25.40600851991998,-505.92849645134044,-0.004088352948583562
25.24141224439369,-508.5809726569071,-0.004088363511964843
25.045215754155258,-511.2355028768877,-0.004088372950585395
24.820610377395848,-513.8912848044116,-0.004088381131900576
24.57081068076451,-516.5474987365328,-0.004088387876507227
24.299017005867757,-519.2033584627698,-0.00408839299857533
24.00838189945197,-521.8581558640652,-0.004088396341600742
23.70198212630452,-524.511297440233,-0.004088397803721833
23.382797304620276,-527.1623318028394,-0.0040883973494807435
23.053695540004206,-529.8109679910307,-0.004088395008610135
22.71742584258115,-532.4570851835994,-0.004088390864483316
22.376616651135663,-535.100734921061,-0.004088385036608244
22.033779486164686,-537.7421372874605,-0.00408837766111958
21.69131660856141,-540.3816726403597,-0.004088368872816162
21.351531549754768,-543.0198704519518,-0.004088358790472313
21.01664146863954,-545.6573966804057,-0.004088347506327139
20.68879044413762,-548.2950408760462,-0.004088335079414307
20.370062996997014,-550.9337039836878,-0.004088321531938277
20.062497324794638,-553.5743875623585,-0.004088306847602752
19.768097912449043,-556.2181849281147,-0.004088290970869934
19.488847336684014,-558.8662745464441,-0.004088273806061693
19.22671721257598,-561.5199158622659,-0.004088255215746628
18.983678333566658,-564.1804476571251,-0.00408823501750355
18.761710135791986,-566.8492889612587,-0.004088212978853534
18.56280967735234,-569.5279425179266,-0.004088188809632243
18.38900036785168,-572.2180007937762,-0.004088162151555608
18.24234071778449,-574.921154547665,-0.004088132564284308
18.124933405480732,-577.6392040079265,-0.0040880995075713855
18.03893498527781,-580.3740727623627,-0.0040880623185231
17.986566587959032,-583.1278245353478,-0.004088020183335317
17.97012599659208,-585.9026831126714,-0.004087972102334803
17.99200152087003,-588.701055778677,-0.0040879168475829175
18.054688143996202,-591.5255607546139,-0.004087852912311618
18.160806481144594,-594.3790592757907,-0.004087778452808166
18.313125170571563,-597.2646931229706,-0.0040876912252088005
18.51458742016621,-600.1859286359946,-0.004087588525040431
18.76834255508573,-603.1466084901605,-0.004087467146421275
19.07778355486524,-606.151012811727,-0.004087323397149234
19.44659172377576,-609.2039315454799,-0.004087153242542385
19.87878978662616,-612.3107503483003,-0.004086952721046089
20.378804799299793,-615.4775526225637,-0.004086718908219211
20.95154221592424,-618.7112405159664,-0.004086451958315251
21.60247207420534,-622.0196775725025,-0.004086159221422747
22.33772717319138,-625.4118547532037,-0.004085863281616753
23.16421059001934,-628.8980788071912,-0.004085617205920045
24.08970448677781,-632.4901755791883,-0.004085532442243078
25.122961147034022,-636.2016870955141,-0.004085826838821305
26.273735361683666,-640.0480130912185,-0.0040868974357479715
27.552675233954353,-644.0463919749271,-0.004089396963006919
28.97091056289158,-648.2155110340989,-0.004094189977514873
30.5390436778292,-652.574351080961,-0.004101766477649704
32.265050010673676,-657.1395932051817,-0.00411014989688141
34.15041608156187,-661.9206490126439,-0.004110609199781123
36.18403950184191,-666.9116045989095,-0.004086250707583616
38.33481346546328,-672.0812286537946,-0.004031636178726927
40.546990846238764,-677.3665150900638,-0.003990095259265303
42.74484897590376,-682.6786140856723,-0.004019132762522304
44.848621185723,-687.9238950724155,-0.004093082162555106
46.79299857480148,-693.0283903882771,-0.0041446727190397326
48.53662345921463,-697.9499813718796,-0.004157973199060194
50.060374650523514,-702.6755109247523,-0.004152456687837258
51.36031465690763,-707.2109166268268,-0.004144060701872121
52.440819616371975,-711.5718519450556,-0.004138201277438469
53.309900789697394,-715.7774127209004,-0.004135160979892305
53.97657483519284,-719.8466786001599,-0.004133979573371249
54.44958764817698,-723.7970729173542,-0.00413379465885555
54.7369036180441,-727.6437237634556,-0.004134065161071732
54.84558925986436,-731.3993215948417,-0.004134497937531734
54.781884378068426,-735.0741990636642,-0.004134948383622827
54.55135271605617,-738.676495158124,-0.0041353517046083255
54.159057942455654,-742.2123391425702,-0.004135683368673426
53.60973872656717,-745.6860272412943,-0.004135938254027138
52.90797058791429,-749.1001833580085,-0.004136120268597665
52.05830892810671,-752.4559036647271,-0.004136237444576807
51.06541077257252,-755.7528884927863,-0.004136299742821592
49.93413414172813,-758.9895660901726,-0.004136318103615366
48.669614598953736,-762.1632127155883,-0.004136303993380608
47.27731887131907,-765.2700728431289,-0.004136269079417332
45.763075741106285,-768.3054822695863,-0.0041362248743403995
44.13308475886902,-771.2639958207385,-0.004136182307078684
42.393903754648434,-774.1395202470587,-0.004136151241493025
40.552416605005185,-776.9254518546663,-0.004136139993857313
38.61578321138357,-779.6148174885709,-0.004136154910106882
36.59137411473672,-782.2004167142037,-0.004136200055182115
34.4866925692766,-784.6749624594423,-0.0041362770521722325
32.309287189826435,-787.0312169993513,-0.0041363850866638074
30.06665844904523,-789.2621199934099,-0.004136521074272537
27.76616232135189,-791.3609053122262,-0.004136679971907142
25.414914249331538,-793.3212036003654,-0.004136855204048828
23.01969635438753,-795.1371278895338,-0.0041370391683024366
20.58687044178008,-796.8033400723157,-0.004137223780890764
18.122298881160976,-798.3150966372698,-0.004137401022472176
15.631274900946826,-799.6682727145007,-0.0041375634446758625
13.11846324461821,-800.859364147271,-0.004137704602033665
10.587851527351637,-801.8854679489829,-0.004137819380833463
8.042712031236487,-802.7442420861698,-0.004137904209127186
5.485573115364069,-803.4338460117303,-0.004137957148479643
2.918198920468853,-803.9528637321981,-0.004137977889229205
0.3415756415748648,-804.3002114160638,-0.004137967696003386
-2.2440976500656924,-804.4750316444296,-0.004137929379453453
-4.839415806715341,-804.4765764045699,-0.004137867407830953
-7.445774172991245,-804.3040809018521,-0.004137788324712233
-10.065376810935534,-803.956630340022,-0.004137701719823639
-12.701247659281282,-803.4330222021996,-0.004137622122115658
-15.35724473832739,-802.7316276030442,-0.004137572358828834
-18.038075406600786,-801.8502575636137,-0.004137589117277685
-20.749306949963675,-800.7860445821079,-0.004137731485929663
-23.49736025203273,-799.5353583225874,-0.0041380925359142395
-26.28946296982339,-798.093789402876,-0.00413881080282863
-29.1335194023275,-796.4562614636799,-0.004140068511325978
-32.037822822397196,-794.617374837253,-0.004142037668280807
-35.010488513911504,-792.5721505517341,-0.0041446830221154585
-38.058424846770556,-790.3174270315754,-0.004147271237826544
-41.185612917933994,-787.8542248488592,-0.00414753933414147
-44.390521840541545,-785.1913119368535,-0.004141264608669815
-47.66283277116464,-782.3497124146899,-0.004124768105054244
-50.98047048670238,-779.3667423945287,-0.004102342906755041
-54.30898966719109,-776.2966924529466,-0.004090177618451207
-57.60537182322275,-773.2052859081698,-0.00410125035120501
-60.82592101986915,-770.1583951445728,-0.004126885074205333
-63.93462043932272,-767.2101793423577,-0.004148110745283873
-66.90783902179446,-764.3964459027436,-0.004156975489641113
-69.73431010044243,-761.7347369915426,-0.0041570236956527395
-72.41221550600396,-759.2285291791015,-0.004153845851384119
-74.945665818794,-756.8722941789327,-0.004150621229809914
-77.3418448763583,-754.655618960426,-0.004148347294362864
-79.6091094005916,-752.5659685438258,-0.004147019495260196
-81.75587942265128,-750.5903211828124,-0.0041463629567299876
-83.79006119248467,-748.716040630114,-0.00414611509000018
-85.71879037197293,-746.931286233392,-0.004146091397753793
-87.5483534483154,-745.2251630043361,-0.004146178172215187
-89.28420136756466,-743.5877346685808,-0.0041463106253800674
-90.93100639938412,-742.0099702872228,-0.00414645413689918
-92.49273559191775,-740.4836632705661,-0.0041465915428773314
-93.97272701427137,-739.0013432647697,-0.004146715334166551
-95.37376212036162,-737.5561911317956,-0.00414682311746617
-96.69813142443383,-736.141961648065,-0.004146915065279089
-97.94769269584313,-734.7529155817718,-0.0041469925238901695
-99.1239218855825,-733.3837613005102,-0.004147057277002375
-100.22795745479547,-732.0296053472999,-0.004147111172771112
-101.26063894456013,-730.6859111342577,-0.004147155948457382
-102.22254064851784,-729.3484648341904,-0.00414719315968437
-103.11400120237465,-728.0133475889651,-0.004147224163000729
-103.93514982777019,-726.6769132388138,-0.004147250123896384
-104.68592988343624,-725.3357708765561,-0.004147272035281091
-105.36612029401593,-723.9867716285911,-0.004147290738722553
-105.97535535057293,-722.6269991525122,-0.0041473069446169575
-106.5131433077917,-721.2537634160697,-0.0041473212497296075
-106.97888414070816,-719.8645973830356,-0.0041473341515159134
-107.37188676737688,-718.457256278671,-0.004147346059355517
-107.69138599180911,-717.0297191418819,-0.0041473573030987865
-107.93655937248036,-715.5801923939888,-0.004147368139489238
-108.10654417456642,-714.1071151667061,-0.004147378757074716
-108.20045451796152,-712.6091661358997,-0.004147389280258373
-108.21739878753797,-711.0852716045916,-0.004147399773126281
-108.15649732686961,-709.5346145702312,-0.004147410243598326
-108.01690039199946,-707.9566444993943,-0.0041474206483917975
-107.79780629841531,-706.351087519849,-0.0041474308991094055
-107.49847965319276,-704.7179567275505,-0.004147440869590735
-107.1182695265653,-703.0575622968265,-0.004147450404443198
-106.65662738448754,-701.3705210779667,-0.004147459328407432
-106.11312457763941,-699.6577653695757,-0.004147467455985154
-105.48746916425748,-697.9205505649271,-0.004147474600493695
-104.77952183536563,-696.1604613930733,-0.004147480581714547
-103.98931071211426,-694.3794165067378,-0.004147485231185577
-103.11704479605513,-692.5796712091748,-0.004147488394241172
-102.16312587348489,-690.7638181593321,-0.004147489928469916
-101.12815870279749,-688.9347859458431,-0.00414748969828338
-100.01295934652404,-687.0958354717836,-0.004147487566239505
-98.81856154408996,-685.250554139298,-0.004147483381877315
-97.54622105345499,-683.4028478614633,-0.004147476969825092
-96.1974179157369,-681.5569309537394,-0.004147468118866016
-94.77385661294397,-679.71731396555,-0.004147456574420616
-93.27746409209223,-677.8887895019167,-0.004147442036477322
-91.7103856175236,-676.0764160555765,-0.004147424164957059
-90.07497838706932,-674.285499824088,-0.004147402594012917
-88.3738028086725,-672.5215744291253,-0.004147376955752513
-86.60961128614807,-670.7903783943118,-0.0041473469129273965
-84.78533431194276,-669.0978301837707,-0.004147312198808706
-82.90406361887477,-667.4500005681813,-0.004147272660878443
-80.96903211096479,-665.8530820815594,-0.004147228303688522
-78.98359028516803,-664.313355372904,-0.004147179324505146
-76.9511788800409,-662.8371523530225,-0.004147126134878221
-74.87529755123393,-661.4308161953004,-0.004147069360637801
-72.75946948104254,-660.1006584713733,-0.0041470098140479195
-70.60720197930709,-658.8529139828797,-0.004146948433840336
-68.42194331924793,-657.6936941747763,-0.004146886192861743
-66.20703626155591,-656.6289403617883,-0.004146823977460912
-63.96566893434125,-655.664378338006,-0.004146762448346664
-61.70082393157284,-654.8054762364975,-0.004146701896635463
-59.41522664196393,-654.0574077268413,-0.004146642111491516
-57.11129389787347,-653.4250227542188,-0.00414658227476572
-54.791084017705785,-652.9128280149665,-0.004146520893749894
-52.45624919086715,-652.524979226054,-0.004146455775163815
-50.10799091670431,-652.2652869935473,-0.004146384034100947
-47.747018863706444,-652.1372377498302,-0.004146302121508683
-45.37351307772572,-652.1440308592462,-0.004146205847014528
-42.98708895954836,-652.2886326460049,-0.004146090370465316
-40.5867638762032,-652.5738478405309,-0.004145950138937593
-38.17092368716818,-653.0024088327883,-0.004145778756548424
-35.73728686875131,-653.5770832177571,-0.004145568795934196
-33.28286330962532,-654.3008004614002,-0.0041453116006593405
-30.80390421996855,-655.1767991318502,-0.004144997205123957
-28.29583893345867,-656.2087970354386,-0.004144614654013168
-25.753193682894743,-657.4011877400575,-0.004144153323121458
-23.169486736060914,-658.7592682558504,-0.004143606509419584
-20.537093739947444,-660.2895038110045,-0.004142979943004832
-17.847077152241866,-661.9998360815569,-0.0041423107294811246
-15.088975242518798,-663.9000394696629,-0.004141707967622921
-12.250551630078805,-666.0021228328262,-0.0041414371436907516
-9.317520856991237,-668.3207542421512,-0.004142087948135753
-6.2733003966292085,-670.8736381252182,-0.0041448800454695345
-3.098918850688569,-673.6816639912718,-0.0041521065888723285
0.22661807545359897,-676.7684068849304,-0.004167299708935701
3.7248564958386816,-680.158078144408,-0.004193025685296448
7.414076584603712,-683.8701966103907,-0.004220175762412737
11.301255360870446,-687.9083707365376,-0.0042040414104747015
15.36866339440631,-692.2416019803611,-0.0040735914198144485
19.559408516970937,-696.7841675564957,-0.003895312989374844
23.77649035189035,-701.3944940709835,-0.0039322757167958855
27.908401705264954,-705.9112572802861,-0.0041598419719157675
31.866839480583685,-710.2063895489551,-0.0043042457846453885
35.605781435790846,-714.2118467174803,-0.004322229618246354
39.11535864002955,-717.9109618320068,-0.004297310390885656
42.4065084258046,-721.3168559146318,-0.004274932184106461
45.49870711721497,-724.4551731180474,-0.0042628839716982725
48.41314287180244,-727.3544511725866,-0.004258042843456877
51.16967150943633,-730.0418030620125,-0.004256891704390142
53.78576115041086,-732.5413947762952,-0.004257321540460879
56.2763357455568,-734.874191198744,-0.004258291825806282
58.653972254298345,-737.0582051279239,-0.004259345189623787
60.9292049421866,-739.10890273405,-0.0042603047765013
63.11083438379652,-741.0396206014032,-0.0042611186762044895
65.20620383471935,-742.8619407535117,-0.004261786334733841
67.22143351217103,-744.5860092412439,-0.004262325501709796
69.16161441334908,-746.2207995527635,-0.0042627581451988306
71.03096706107948,-747.7743275058604,-0.004263104937960449
72.83297126570837,-749.25382538049,-0.004263383483548822
74.57047251901407,-750.665882489045,-0.0042636080884577154
76.24576980301545,-752.0165583068449,-0.004263790106367793
77.86068873599812,-753.3114731656408,-0.004263938438477055
79.41664321046235,-754.5558805219872,-0.0042640600226580005
80.9146880335593,-755.7547239965335,-0.004264160255196714
82.35556455471631,-756.9126817348654,-0.004264243334089812
83.73974084039853,-758.0342001428936,-0.004264312530652958
85.06744761323688,-759.1235186735521,-0.004264370401408257
86.33871089492415,-760.1846870620172,-0.0042644189524239096
87.5533820652747,-761.2215762024148,-0.004264459766414319
88.71116586272211,-762.2378837121345,-0.0042644941010197
89.81164669610096,-763.2371351256486,-0.004264522964761319
90.85431350791094,-764.2226815858604,-0.004264547175833577
91.83858332128382,-765.1976948473562,-0.004264567407117781
92.76382351385253,-766.1651603640366,-0.004264584220750045
93.62937278998041,-767.1278691964794,-0.004264598094168903
94.43456076739498,-768.0884094363122,-0.004264609439643685
95.17872605469186,-769.0491578013567,-0.004264618618649685
95.86123267214386,-770.0122720030097,-0.004264625952361101
96.48148465947486,-770.9796844240977,-0.004264631729195667
97.03893872023531,-771.9530975703534,-0.004264636210244088
97.53311477228051,-772.9339816719379,-0.004264639633198897
97.96360430624348,-773.9235747145286,-0.004264642215117576
98.3300764969041,-774.9228850748752,-0.004264644154431174
98.63228206352339,-775.9326968268236,-0.00426464563227924
98.87005493159869,-776.9535776746841,-0.004264646813350925
99.04331180683494,-777.9858893659245,-0.0042646478462735615
99.15204982902266,-779.0298003389347,-0.004264648863590237
99.1963425256786,-780.0853002781311,-0.004264649981560176
99.17633432981977,-781.1522161813198,-0.004264651299772604
99.0922339607656,-782.2302294953962,-0.004264652900816124
98.94430698982372,-783.3188938473271,-0.004264654850163252
98.73286792338995,-784.417652887922,-0.0042646571963260715
98.45827213454052,-785.5258577748878,-0.004264659971503937
98.12090796155813,-786.6427838468692,-0.004264663192637075
97.72118926961879,-787.7676460785692,-0.004264666862867417
97.25954874212253,-788.8996129551757,-0.004264670973380458
96.73643213316576,-790.0378184586183,-0.004264675505345705
96.15229367472197,-791.1813719152208,-0.004264680431940615
95.50759279333644,-792.3293655111524,-0.004264685720192896
94.80279225333094,-793.4808793363358,-0.00426469133247509
94.03835780799679,-794.6349838675201,-0.004264697227577718
93.21475940788555,-795.7907398461987,-0.0042647033610963
92.33247398643651,-796.9471955467934,-0.004264709685244394
91.39198981770144,-798.1033814655842,-0.0042647161478712725
90.39381241830884,-799.2583024923047,-0.004264722690735079
89.33847194518611,-800.410927655705,-0.004264729247055232
88.22653202079029,-801.5601775635424,-0.004264735738334302
87.05859989736351,-802.7049096884654,-0.004264742070459349
85.83533784959106,-803.8439016862295,-0.004264748129273244
84.55747565952868,-804.9758329737085,-0.004264753775729435
83.2258240273538,-806.099264843141,-0.004264758840737848
81.84128870509316,-807.2126194475411,-0.004264763120137349
80.40488510693729,-808.3141580612693,-0.00426476637012474
78.91775309839255,-809.4019590997038,-0.004264768303786859
77.38117160721639,-810.473896472118,-0.004264768589558265
75.79657263244054,-811.5276189402305,-0.004264766852571711
74.1655541554265,-812.560531257808,-0.004264762680167067
72.48989138169404,-813.5697779684206,-0.004264755632952699
70.771545668649,-814.5522308309029,-0.00426474526274756
69.01267042853227,-815.5044809145535,-0.0042647311384786946
67.21561324606122,-816.4228364452997,-0.004264712880482691
65.38291342633565,-817.3033274744366,-0.004264690202401944
63.517294202095364,-818.141718366211,-0.004264662958271437
61.6216488924411,-818.9335289427962,-0.004264631190201484
59.69902042903228,-819.6740648709538,-0.004264595169733099
57.7525738592596,-820.3584575153511,-0.004264555424187577
55.785561702602344,-820.9817130196958,-0.004264512738375359
53.80128237232168,-821.5387698217364,-0.004264468123121645
51.80303226587319,-822.0245631902771,-0.004264422745878349
49.794052548731266,-822.4340947363304,-0.004264377824384269
47.77747207155922,-822.7625042552988,-0.004264334492454225
45.75624822536696,-823.005140770437,-0.004264293654340889
43.73310780576345,-823.1576293376381,-0.004264255850017662
41.71049008178424,-823.215930094505,-0.004264221154283376
39.690494215047764,-823.1763862265037,-0.004264189128102558
37.67483293812432,-823.0357579813287,-0.004264158830389775
35.664793987295525,-822.7912405542664,-0.004264128885656859
33.661210228141414,-822.4404645227942,-0.004264097590231941
31.66443876533576,-821.981478433145,-0.004264063031222065
29.674348653718866,-821.4127140296713,-0.004264023189582744
27.69031618885435,-820.7329353697673,-0.004263976002446768
25.71122620380852,-819.9411736033679,-0.004263919367744506
23.735477368167302,-819.0366494669629,-0.004263851084065351
21.760989186208512,-818.0186855306512,-0.004263768727486905
19.785208212463186,-816.8866099549084,-0.0042636694734632385
17.805110915128193,-815.6396529936193,-0.004263549876579731
15.817200578981943,-814.2768367630354,-0.004263405624588046
13.817495601607627,-812.796857923006,-0.004263231293712977
11.801506451838415,-811.1979619185229,-0.004263020156930253
9.764198385119874,-809.477806325885,-0.004262764153814658
7.699936717363514,-807.6333096504869,-0.004262454257180082
5.6024110422847135,-805.6604806525205,-0.004262081737945067
3.4645342838995186,-803.5542219991461,-0.004261641384722736
1.2783120621801787,-801.3081009529162,-0.004261138881734183
-0.9653220889509913,-798.914079412458,-0.004260606890763796
-3.276708658777419,-796.3621971308851,-0.0042601390535566
-5.667699357644184,-793.6402081132367,-0.004259959920748457
-8.151914803084939,-790.733187199305,-0.004260563079522939
-10.744977257816403,-787.6231651456927,-0.004262962755568367
-13.464603830427317,-784.288944759449,-0.004269066386957121
-16.33029668888753,-780.7064551593826,-0.004281870279911004
-19.362067395453543,-776.8504154146126,-0.004303921258284049
-22.577109539324706,-772.6988069637299,-0.0043292606063936034
-25.982725694730643,-768.2425109965777,-0.004323646736043685
-29.56420054801785,-763.501960298259,-0.004223176833821896
-33.27060553459292,-758.5467250000272,-0.00405684711780907
-37.01090899345154,-753.5009010968987,-0.004050565764419645
-40.67450784769596,-748.5146991604711,-0.004246850814752179
-44.16749129228541,-743.7143115807036,-0.004400430925038279
-47.43539902511164,-739.1706630674969,-0.004431375570419505
-50.46090324046579,-734.9029782431854,-0.00441081878555849
-53.249611213613285,-730.8986877053784,-0.004388488636845267
-55.81736008939756,-727.1310984584186,-0.004375586500955819
-58.182699333563846,-723.569777102091,-0.00437001588118946
-60.363357139226025,-720.1853826781585,-0.004368380430175733
-62.374907287399886,-716.95145492294,-0.004368501938394331
-64.23046917054343,-713.8447861265449,-0.004369270056034935
-65.94083469664119,-710.8452174320871,-0.004370183490976842
-67.51474032354358,-707.9352479043987,-0.00437104084896589
-68.95916357567582,-705.0996213755313,-0.004371776856839205
-70.27959771209785,-702.3249537512969,-0.0043723835540046
-71.48029078804535,-699.599419024478,-0.0043728743964326355
-72.56444877344886,-696.9124941865459,-0.004373268694678245
-73.5344072991083,-694.2547567946945,-0.0043735853357720345
-74.3917778549377,-691.6177274161889,-0.004373840604980472
-75.13757404124443,-688.9937495407694,-0.004374047735357323
-75.77232272345472,-686.3759005188167,-0.004374217124501811
-76.29616405915992,-683.7579281032024,-0.0043743567603833355
-76.70894350354526,-681.1342080390247,-0.004374472670523488
-77.01029809910392,-678.4997187981276,-0.004374569330254374
-77.19973862066038,-675.8500299978124,-0.00437465001656534
-77.27672846817153,-673.1813013056031,-0.004374717113654114
-77.2407595707839,-670.4902887565142,-0.004374772380279168
-77.09142498785302,-667.7743554447352,-0.004374817186565849
-76.82848737837689,-665.0314835511823,-0.004374852722090594
-76.45194208210098,-662.2602846876289,-0.004374880170516349
-75.96207324352291,-659.4600056321116,-0.00437490084054204
-75.3595012470704,-656.6305267483635,-0.004374916240388771
-74.64521974701407,-653.7723507612686,-0.00437492808486617
-73.82062078714382,-650.8865801185154,-0.004374938230643721
-72.88750691247509,-647.974881897896,-0.004374948546454149
-71.84808975445887,-645.0394400833135,-0.004374960737704825
-70.70497527387167,-642.0828959662445,-0.004374976156318766
-69.46113660218435,-639.1082783481291,-0.0043749956323058115
-68.11987615055698,-636.1189260290712,-0.004375019361797072
-66.68477927295488,-633.1184056817045,-0.004375046875880528
-65.1596622062259,-630.1104285596818,-0.004375077098423219
-63.54851721945155,-627.0987695444553,-0.004375108482900458
-61.855457872682614,-624.0871917965551,-0.004375139203709466
-60.084667028445566,-621.0793797895303,-0.004375167368813493
-58.24034982224358,-618.078882834894,-0.0043751912202356635
-56.32669324224992,-615.0890704384833,-0.0043752092957021205
-54.34783336124606,-612.1131000471073,-0.004375220535337121
-52.30783066884411,-609.1538970224518,-0.004375224329191241
-50.21065341993634,-606.2141460708269,-0.004375220511285249
-48.060168480133335,-603.2962928936349,-0.004375209312470929
-45.860138827205276,-600.4025545138061,-0.004375191286975166
-43.61422666041808,-597.534936569586,-0.004375167227255616
-41.32600096684427,-594.6952558285152,-0.004375138079147689
-38.99894837778618,-591.885166234364,-0.004375104865482982
-36.63648619885347,-589.1061869298351,-0.004375068623122758
-34.24197659355936,-586.3597308717848,-0.0043750303552076986
-31.81874102434552,-583.6471328515355,-0.004374990997810357
-29.3700741918911,-580.9696759337354,-0.004374951399446658
-26.899256852302106,-578.3286155214713,-0.004374912310614931
-24.409567024723746,-575.7252004357904,-0.0043748743808933455
-21.904289224477942,-573.1606905609104,-0.004374838160968508
-19.386721466750714,-570.6363707512919,-0.004374804107673214
-16.86017988258035,-568.1535608242731,-0.004374772590447051
-14.32800087297262,-565.7136215739519,-0.004374743898067024
-11.793540799572103,-563.3179568406513,-0.004374718245010456
-9.260173272895038,-560.9680117578179,-0.004374695777066506
-6.7312841531397085,-558.6652673764228,-0.004374676576007985
-4.210264425337382,-556.4112319372568,-0.004374660663511776
-1.700501151134565,-554.2074291247494,-0.004374648004295878
0.7946332654603603,-552.0553836923607,-0.004374638508938489
3.2717932310663707,-549.9566048989323,-0.00437463203640398
5.7276732423648,-547.9125682369194,-0.004374628396814018
8.15902197985248,-545.9246959661228,-0.004374627354660987
10.56265688950008,-543.9943369891186,-0.004374628632708877
12.935478917722682,-542.1227466157264,-0.004374631917027472
15.274487063618198,-540.3110667623381,-0.004374636863145653
17.576792418305992,-538.5603071167562,-0.00437464310360447
19.83963137487659,-536.8713277698569,-0.004374650256895762
22.0603777141925,-535.2448237718633,-0.004374657937518123
24.236553301492794,-533.6813120140305,-0.00437466576699741
26.365837165997583,-532.1811207674642,-0.004374673385306949
28.446072779606464,-530.7443821318053,-0.004374680462129632
30.475273400035668,-529.3710275603761,-0.004374686707278919
32.45162539665877,-528.0607865384363,-0.004374691879610815
34.37348953192534,-526.8131884010603,-0.004374695793753602
36.23940022537527,-525.6275671905581,-0.004374698324292936
38.048062878757875,-524.5030693738638,-0.004374699406945126
39.79834938754492,-523.4386641710435,-0.004374699036814533
41.489292004406465,-522.4331561895298,-0.004374697263859417
43.120075752606986,-521.4852000165783,-0.004374694186013883
44.69002961086426,-520.5933163955926,-0.0043746899404384365
46.19861670560896,-519.755909600337,-0.004374684693684294
47.64542375191816,-518.9712856237655,-0.004374678631455353
49.03014998127029,-518.2376708137045,-0.004374671948561559
50.3525957836699,-517.553230613843,-0.004374664839749354
51.612651274884996,-516.9160881030278,-0.004374657491696965
52.8102849779647,-516.3243420661959,-0.004374650076631514
53.94553278334995,-515.7760843739347,-0.004374642747561275
55.01848732520214,-515.2694164923583,-0.00437463563515994
56.029287884375464,-514.802464988749,-0.004374628846237627
56.97811090188678,-514.3733959396363,-0.004374622463559685
57.865161161717786,-513.9804281854503,-0.004374616546793053
58.690663679013376,-513.6218454087837,-0.004374611134268402
59.454856309692616,-513.2960070411648,-0.004374606245439505
60.15798308043828,-513.0013580259298,-0.004374601883644136
60.80028822407639,-512.7364374823928,-0.004374598039077249
61.382010894457984,-512.499886329337,-0.004374594691810563
61.90338052696317,-512.2904539343101,-0.004374591814647277
62.36461280544019,-512.107003859804,-0.004374589375828297
62.76590619350017,-511.94851877865807,-0.004374587341456793
63.107438987319526,-511.8141046294903,-0.004374585677660164
63.38936684816098,-511.7029940791078,-0.004374584352429961
63.611820775422544,-511.61454935316596,-0.004374583337149976
63.77490548489341,-511.5482644892012,-0.004374582607869791
63.878698161790275,-511.50376705791865,-0.004374582146239052
63.92324756384471,-511.4808193895502,-0.004374581940246147
63.90857345601467,-511.4793193324418,-0.004374581984620478
63.83466636512269,-511.4993005609722,-0.0043745822810325324
63.701487649717905,-511.540932439607,-0.004374582838041541
63.50896988756749,-511.60451943948317,-0.004374583670809784
63.25701759025766,-511.69050009353447,-0.004374584800505954
62.94550826127576,-511.79944546592515,-0.0043745862535178315
62.57429382049478,-511.9320571016242,-0.004374588060357731
62.14320242401767,-512.0891644124869,-0.0043745902542698945
61.65204071366827,-512.2717214474391,-0.004374592869558325
61.10059653482351,-512.4808029865519,-0.004374595939596437
60.48864216452622,-512.7175998922717,-0.004374599494540554
59.81593809363297,-512.9834136462199,-0.00437460355877084
59.082237406848236,-513.2796499972461,-0.004374608148084658
58.2872908025717,-513.6078116463025,-0.004374613266731497
57.43085229023302,-513.9694898967499,-0.0043746189044342465
56.51268559591458,-514.3663552054617,-0.004374625033401802
55.53257129731,-514.8001465810883,-0.004374631605698731
54.49031469623877,-515.2726597915957,-0.0043746385510416985
53.385754420934624,-515.7857343640346,-0.004374645775365504
52.21877173117334,-516.3412393856726,-0.004374653160328812
50.98930047719625,-516.9410581470975,-0.004374660564121502
49.69733763870402,-517.5870717043604,-0.004374667823708656
48.34295434354922,-518.2811414780178,-0.004374674758705233
46.926307237985796,-519.0250910509915,-0.004374681177004014
45.4476500525107,-519.8206873730305,-0.004374686881988055
43.90734518073519,-520.6696216253697,-0.004374691681221066
42.30587506478614,-521.5734900427034,-0.004374695396177408
40.64385316098171,-522.5337750283884,-0.0043746978725538455
38.922034245461674,-523.5518269302291,-0.004374698990459613
37.14132381246977,-524.6288468657666,-0.004374698673800914
35.30278631923187,-525.7658709953707,-0.0043746968981484
33.407652041643374,-526.9637566367861,-0.004374693696338028
31.45732232461409,-528.2231705948789,-0.004374689161458889
29.453373039741606,-529.5445800447745,-0.004374683446719985
27.397556100278663,-530.9282462558149,-0.00437467676228831
25.291798927886894,-532.3742213792013,-0.004374669369205719
23.138201815745294,-533.8823484460627,-0.00437466157088906
20.939033186187466,-535.4522646379662,-0.004374653702717168
18.696722795970416,-537.0834078020803,-0.004374646120609782
16.413852996293134,-538.7750260920558,-0.004374639189116181
14.093148205678434,-540.5261905270258,-0.004374633269973671
11.737462799966107,-542.3358101784581,-0.004374628711460105
9.349767663469983,-544.2026496210127,-0.004374625839151491
6.93313567779172,-546.1253482214983,-0.004374624948328076
4.490726449277487,-548.1024407911889,-0.004374626297899198
2.025770592497037,-550.132379092094,-0.004374630106120492
-0.45844610436405075,-552.2135536674709,-0.004374636547622046
-2.9585983051718543,-554.3443154604929,-0.004374645751784811
-5.471336221081326,-556.5229966915593,-0.0043746578019003834
-7.993299865265307,-558.7479304829328,-0.0043746727350910675
-10.521132173541256,-561.0174687476384,-0.004374690542556792
-13.051490718130447,-563.329997896257,-0.00437471116978827
-15.581057766375913,-565.6839519588232,-0.004374734516654044
-18.106548464215482,-568.0778227681718,-0.004374760436947511
-20.624716955410584,-570.5101669047108,-0.004374788737246504
-23.13236028209498,-572.9796091600962,-0.004374819174879363
-25.626319950541287,-575.4848423384783,-0.004374851454906903
-28.103481088850202,-578.0246232791935,-0.004374885226273051
-30.56076917152545,-580.5977650548829,-0.004374920077214739
-32.99514434082011,-583.2031253754029,-0.004374955530538571
-35.40359341769251,-585.839591312395,-0.004374991039643561
-37.78311976757506,-588.5060605541461,-0.004375025986261605
-40.13073126912793,-591.2014195076322,-0.00437505968178975
-42.44342672842649,-593.9245186863299,-0.004375091373800544
-44.71818118643751,-596.6741459596873,-0.004375120260153409
-46.95193068262702,-599.4489983928368,-0.00437514551258289
-49.1415571586297,-602.2476535707798,-0.004375166311541889
-51.283874307106224,-605.0685414744408,-0.004375181893099267
-53.37561528323183,-607.9099181473715,-0.004375191606980522
-55.413423287449646,-610.7698425477527,-0.004375194982695341
-57.39384608284394,-613.646158102326,-0.004375191798090761
-59.3133355111025,-616.5364805446021,-0.004375182141585832
-61.1682529992193,-619.4381936042976,-0.004375166457064594
-62.95488188835394,-622.3484539939647,-0.0043751455595888444
-64.66944715529348,-625.2642068920409,-0.004375120611011418
-66.30814273338872,-628.1822127381448,-0.0043750930490285
-67.86716618380429,-631.0990856396567,-0.004375064469947176
-69.34275994451912,-634.0113430600288,-0.004375036474602467
-70.73125783405575,-636.9154657605374,-0.004375010495767384
-72.0291349622772,-639.8079662583999,-0.004374987632433047
-73.23305876130136,-642.6854634181774,-0.004374968518059852
-74.3399385532358,-645.5447602861159,-0.004374953246048641
-75.34697096380582,-648.3829219758097,-0.00437494136535399
-76.25167859693788,-651.1973503648207,-0.004374931945962501
-77.05193970296304,-653.9858525823475,-0.0043749236995598295
-77.74600707212926,-656.7467007404395,-0.004374915130721746
-78.33251501121045,-659.4786810367239,-0.004374904689260717
-78.81047394425381,-662.181131162865,-0.004374890896661654
-79.17925284460094,-664.8539658066492,-0.004374872427074905
-79.43855028677974,-667.4976908557172,-0.004374848133185338
-79.58835535200309,-670.1134076308844,-0.004374817017549049
-79.6288998989705,-672.7028090522583,-0.004374778156432058
-79.56060381317381,-675.2681700531323,-0.004374730587391795
-79.38401478220734,-677.812334810246,-0.0043746731708580455
-79.09974393397204,-680.3387034796348,-0.004374604433607487
-78.70839834794732,-682.8512211537311,-0.004374522397258218
-78.21051103602244,-685.354371733906,-0.004374424391004439
-77.60646851321165,-687.8531793918576,-0.0043743068449160205
-76.89643555639528,-690.3532203206925,-0.0043741650611401894
-76.08027618788644,-692.8606475967327,-0.004373992968119467
-75.1574693174772,-695.3822322266998,-0.004373782884023569
-74.1270168216349,-697.9254238776616,-0.004373525364984587
-72.98734111948045,-700.4984354055704,-0.004373209320238658
-71.73616851884675,-703.1103561183381,-0.00437282280382334
-70.37039378183967,-705.771299687151,-0.004372355372307624
-68.88592061256017,-708.4925935929291,-0.004371803906220606
-67.27747241255022,-711.2870175299374,-0.0043711858882637955
-65.53836843886087,-714.1690972417315,-0.004370568411431464
-63.660264172954975,-717.1554554382817,-0.0043701295530098605
-61.632865146349424,-720.2652073678189,-0.004370283421884835
-59.44364916513097,-723.5203534971848,-0.004371918545224673
-57.077690945431726,-726.9460403384724,-0.004376787645462343
-54.517812296204916,-730.570381400904,-0.004387879164408304
-51.7455457639374,-734.423161195244,-0.00440861520332092
-48.743879601656154,-738.5320726711132,-0.0044367931322071286
-45.50338114317205,-742.9142485036527,-0.004446542336030035
-42.03325601234291,-747.5608731178557,-0.004374961739905814
-38.375633540384044,-752.4171821757303,-0.004210544226605606
-34.61272172799531,-757.3722264654006,-0.004145093906004149
-30.851756155777736,-762.2794708217048,-0.004301425845625317
-27.190646381861814,-767.0043402991106,-0.004473722465469621
-23.691312388160757,-771.46120622992,-0.004530428957234989
-20.377359374087153,-775.6166328700793,-0.004520360802938939
-17.24655047278579,-779.4721441789488,-0.004499359689653204
-14.283865077669583,-783.0462368252496,-0.004485179054615429
-11.46984820646762,-786.3629440869706,-0.004478201983623364
-8.784797982814892,-789.4461554229438,-0.0044755615628595535
-6.210501695718338,-792.3173069082526,-0.004475049066819281
-3.730764412402077,-794.9947199987423,-0.004475435137440087
-1.3314104233939539,-797.4936527847622,-0.004476122438006769
0.9999137032833652,-799.8266153236503,-0.004476847282500529
3.2739872419004965,-802.0037509611095,-0.004477506724402502
5.500253705336373,-804.0332037648031,-0.004478070476483964
7.687027684474161,-805.9214452001547,-0.004478538729621562
9.84166515659103,-807.673555704038,-0.004478922785789763
11.97069904444151,-809.2934655323852,-0.004479236569085998
14.079944111329366,-810.7841619036033,-0.004479493183918493
16.174575721031783,-812.147869541827,-0.004479703751208319
18.25918674420373,-813.3862108045095,-0.004479877232913765
20.33782646696033,-814.5003503319926,-0.004480020655094563
22.41402496178409,-815.4911278599953,-0.0044801394670273
24.490806084532444,-816.3591815970022,-0.004480237922471986
26.570692067224517,-817.105063429914,-0.004480319434296831
28.655702556256987,-817.7293462080822,-0.004480386879173182
30.747350856948106,-818.2327224952214,-0.004480442838087129
32.84664004009335,-818.6160935051511,-0.004480489762142881
34.95406139915235,-818.880646489358,-0.004480530056603982
37.06959748151618,-819.0279186564046,-0.004480566083655546
39.192731533126434,-819.0598457954034,-0.004480600094094456
41.322464691749836,-818.9787941445214,-0.004480634109249593
43.457341661769085,-818.7875746572289,-0.004480669783129443
45.59548494403647,-818.4894396097634,-0.0044807082784590335
47.734637034214,-818.0880623745028,-0.004480750186242943
49.87220940360517,-817.5875020542516,-0.004480795508586155
52.005336594350176,-816.9921554328214,-0.004480843709723459
54.13093343819737,-816.3066992660924,-0.004480893826075416
56.245753266232605,-815.5360262624249,-0.004480944614867255
58.34644501429748,-814.685178164123,-0.0044809947159478725
60.42960732295049,-813.7592791587979,-0.004481042802428448
62.49183804419935,-812.7634724643018,-0.0044810877018885975
64.52977795464454,-811.7028624037603,-0.004481128478055041
66.54014789061956,-810.5824636842085,-0.0044811644712376975
68.51977892558727,-809.4071589754544,-0.004481195302517449
70.46563557312244,-808.1816653059747,-0.004481220850261813
72.37483230088155,-806.9105092860736,-0.0044812412092456455
74.24464387307813,-805.5980107560546,-0.004481256641577502
76.0725102008429,-804.2482741459818,-0.004481267527094879
77.85603647738894,-802.8651866203217,-0.0044812743183051396
79.59298941782114,-801.452421954733,-0.004481277502822678
81.28129042303443,-800.0134490389526,-0.004481277574448939
82.91900645471195,-798.5515439032439,-0.004481275012618191
84.50433935410143,-797.0698042110447,-0.004481270269192095
86.03561426942474,-795.5711652339048,-0.004481263761273446
87.51126778191639,-794.058416415735,-0.004481255868368894
88.92983624315484,-792.5342177335468,-0.004481246932628302
90.28994475944505,-791.0011151655659,-0.00448123726081473
91.59029718408931,-789.4615546812622,-0.004481227127042242
92.82966740600983,-787.9178942695839,-0.004481216775501284
94.00689215328974,-786.3724136208748,-0.004481206422662698
95.12086546237977,-784.8273211746936,-0.004481196258767639
96.1705348975465,-783.2847583405011,-0.0044811864482796615
97.15489954036295,-781.7468007913443,-0.004481177129709746
98.07300970577998,-780.2154568223435,-0.004481168414741887
98.92396828013825,-778.692662855518,-0.00448116038723434
99.70693351845708,-777.1802762591781,-0.004481153102287916
100.42112308499387,-775.680065731963,-0.004481146585872731
101.0658190742715,-774.1936995762813,-0.0044811408354024085
101.64037371155801,-772.7227322506108,-0.004481135821185811
102.14421540412783,-771.2685896419739,-0.0044811314891033405
102.57685479921892,-769.8325535361522,-0.004481127764212278
102.93789050256238,-768.4157457816493,-0.004481124554986504
103.22701412311426,-767.0191126425995,-0.004481121757838213
103.44401433470902,-765.6434098153715,-0.004481119261353417
103.58877968243863,-764.2891885442756,-0.00448111694979314
103.6612999084602,-762.9567832154423,-0.004481114705424449
103.66166562579741,-761.6463007375329,-0.004481112409415733
103.59006622622802,-760.3576119371423,-0.004481109941160355
103.44678596607753,-759.09034510971,-0.004481107176132593
103.23219822831804,-757.8438817776965,-0.0044811039823278165
102.94675800782105,-756.6173546206678,-0.00448110021576964
102.59099270652692,-755.4096474601621,-0.004481095715159089
102.16549135495198,-754.2193971083632,-0.004481090296152068
101.67089239486629,-753.0449968253486,-0.004481083745173642
101.10787016483364,-751.8846010756744,-0.004481075812866386
100.47712022587332,-750.736131231073,-0.004481066207044471
99.77934364946051,-749.5972818309775,-0.004481054584534405
99.0152303653365,-748.4655269847025,-0.0044810405415063315
98.18544163309808,-747.3381264760988,-0.004481023601339729
97.29059166008179,-746.2121311106597,-0.004481003199037659
96.33122833914771,-745.0843868233638,-0.004480978660961199
95.30781302363911,-743.951537039722,-0.00448094917845232
94.22069919251021,-742.810022748957,-0.0044809137734773685
93.07010978513622,-741.6560797030518,-0.004480871254408214
91.85611290059421,-740.4857320940924,-0.004480820159436405
90.57859545724453,-739.2947819797284,-0.004480758685110331
89.23723429117895,-738.0787936165473,-0.0044806845973486276
87.83146403124873,-736.8330717163426,-0.004480595123114384
86.3604409173046,-735.5526324518236,-0.004480486822858509
84.82300151897053,-734.2321657959305,-0.004480355449686613
83.21761505563016,-732.8659874711014,-0.004480195813025389
81.54232770507996,-731.4479784003294,-0.004480001690755131
79.79469691156228,-729.9715090832391,-0.004479765887042575
77.97171326471849,-728.429345772184,-0.0044794806423862354
76.06970704095214,-726.8135347297734,-0.004479138822615525
74.08423604634218,-725.115260311725,-0.004478736755356039
72.00995114693596,-723.3246723848534,-0.004478280462237194
69.8404362084618,-721.4306792162381,-0.004477798755566198
67.56802094480925,-719.4207046623237,-0.004477369920980578
65.1835702059455,-717.280415802912,-0.004477174381740667
62.67626531537483,-714.9934444417818,-0.004477593753687614
60.033419980158484,-712.5411640656366,-0.0044793800974787246
57.240430471129656,-709.9026645569693,-0.004483881568763337
54.28107558004704,-707.0552299594764,-0.004493097210797714
51.13859957141675,-703.9759304766667,-0.004508582347924062
47.798361462720244,-700.6454311162431,-0.004526579254335417
44.253189445595936,-697.0556168098379,-0.004527029220945167
40.512241347604146,-693.2221542917513,-0.004471528353644061
36.61146789011989,-689.1993008280991,-0.004361925922523824
32.618008771468304,-685.086146731624,-0.004315384306632808
28.61866605548193,-681.0103881025889,-0.004409843161660376
24.694706462545827,-677.0927576932299,-0.004532488358638176
20.900912617131468,-673.4173282386889,-0.0045865814907344316
17.261468298063065,-670.0254590922649,-0.004588043999902425
13.77797173348536,-666.9268440848591,-0.004574634891046259
10.439556670297648,-664.1135999638751,-0.004563218229787225
7.23017788082548,-661.5704323225789,-0.00455664859646987
4.132688753518081,-659.280328864379,-0.0045536410253248505
1.130770979475861,-657.2272473270822,-0.004552638693482436
-1.7903074151870215,-655.3971557567394,-0.00455261447758204
-4.643501130835344,-653.7782669534264,-0.004553005310352631
-7.440042613078425,-652.3609147133362,-0.004553531244869902
-10.18958599501188,-651.137291257003,-0.0045540638289409685
-12.900368084478439,-650.1011469675553,-0.004554550142525926
-15.579356327456814,-649.2474957385723,-0.0045549728807579015
-18.232373462088216,-648.5723421677145,-0.004555330443558603
-20.864197590405087,-648.0724348425135,-0.004555627422160313
-23.478640264505596,-647.7450451782662,-0.0045558703027346326
-26.07860664730826,-647.5877698238141,-0.00455606571696876
-28.66614216858288,-647.598354670628,-0.004556219888911528
-31.242469960059108,-647.7745390712524,-0.004556338598337817
-33.80802298937002,-648.1139195509394,-0.004556427319243994
-36.36247433535152,-648.6138328677724,-0.004556491364830606
-38.90476850273099,-649.2712586460781,-0.004556535963409658
-41.4331560839879,-650.0827419450493,-0.004556566242744253
-43.94523345780023,-651.0443360395533,-0.00455658713328333
-46.43798858897194,-652.1515654207706,-0.004556603219914024
-48.90785339139729,-653.3994086263418,-0.004556618579492522
-51.35076256316026,-654.7823000476664,-0.004556636640273837
-53.76221832859733,-656.294149400119,-0.004556660089631848
-56.13736014619125,-657.9283771353356,-0.004556690842413502
-58.47103817306872,-659.6779637626623,-0.004556730068113524
-60.75788911446895,-661.53551084923,-0.004556778263044237
-62.992413017191524,-663.4933113854844,-0.004556835347392152
-65.16904956986757,-665.5434272200594,-0.004556900766656824
-67.28225252724127,-667.677771359408,-0.00455697358178675
-69.32656095940547,-669.888193065126,-0.004557052539821527
-71.29666612411928,-672.166563840011,-0.004557136125875161
-73.1874728620172,-674.5048625546852,-0.004557222603297717
-74.99415451895716,-676.8952581217615,-0.00455731005329163
-76.71220051091132,-679.3301882750288,-0.004557396424003102
-78.33745577173138,-681.8024331648357,-0.004557479596952518
-79.86615146990556,-684.3051826490116,-0.004557557471741802
-81.29492655140331,-686.8320963520396,-0.004557628064505437
-82.62083986149713,-689.3773557907849,-0.004557689610173554
-83.8413728131787,-691.9357081240581,-0.00455774065543757
-84.95442279251533,-694.5025013703628,-0.004557780129831102
-85.95828770750965,-697.0737112424484,-0.004557807384047763
-86.8516422807491,-699.6459600541663,-0.004557822190138339
-87.63350684219863,-702.2165284488525,-0.004557824702736468
-88.30320948452874,-704.7833609647023,-0.0045578153859935355
-88.86034249118794,-707.3450666804956,-0.004557794914486379
-89.30471393360261,-709.9009163686751,-0.004557764058738201
-89.63629525962261,-712.4508377215648,-0.0045577235666840465
-89.85516556575085,-714.9954103148548,-0.0045576740522417225
-89.96145306884591,-717.5358620385855,-0.004557615901806145
-89.95527407890067,-720.0740687700389,-0.0045575492110927485
-89.83666953473784,-722.6125590951731,-0.004557473769096987
-89.60553891255731,-725.1545259119788,-0.004557389117097799
-89.26157107078929,-727.7038467685819,-0.004557294733015027
-88.80417137996307,-730.2651147832853,-0.004557190432901592
-88.23238434763032,-732.8436819160248,-0.004557077157322453
-87.54481096545267,-735.4457161106611,-0.004556958442972103
-86.73952032506712,-738.0782732080844,-0.004556843108550979
-85.81395594254802,-740.7493831676404,-0.004556750055474623
-84.76483919756116,-743.468147334413,-0.004556716633310032
-83.58807624290085,-746.2448379805865,-0.004556812640764463
-82.27868230425194,-749.0909808437103,-0.004557162072153176
-80.8307513039615,-752.0193818945986,-0.004557971765766666
-79.23752385124864,-755.0440245283016,-0.004559552995790028
-77.49164954390193,-758.1797032420137,-0.004562281383835298
-75.58580694531183,-761.4411648575802,-0.004566344050093818
-73.5139333118263,-764.8414022147359,-0.004570983029070774
-71.27338277163736,-768.3886474673548,-0.0045730632901523904
-68.86823058863537,-772.0817452087875,-0.004566226542257468
-66.31337768714369,-775.9043631167824,-0.004545210522961085
-63.63785606252732,-779.8202461726046,-0.0045178179658069695
-60.884449066984565,-783.7735361154699,-0.0045072185624572825
-58.10351908878543,-787.6971327182869,-0.004525219956848403
-55.342883097323046,-791.5265978940936,-0.004554957990935193
-52.639107541076854,-795.2121698683942,-0.004575599146336984
-50.0141967723048,-798.7233635103784,-0.004582805377042476
-47.477246882340474,-802.0467331225026,-0.004582190184283519
-45.028250172502325,-805.1806832465097,-0.0045791900055967005
-42.6617826558153,-808.1304525228502,-0.004576377446095847
-40.369691638788346,-810.9044787878252,-0.0045744289601064025
-38.142771754654575,-813.5121526817638,-0.004573272554049268
-35.97170328740217,-815.9625778938938,-0.004572666850512164
-33.84752667132922,-818.2639600518387,-0.004572398869241212
-31.761849616926206,-820.4233552136712,-0.004572322237956783
-29.70690987749855,-822.4466109944515,-0.004572346856665632
-27.67556541760646,-824.3384041248933,-0.0045724207899340286
-25.66125206223845,-826.1023217358796,-0.0045725156322262706
-23.65793027629781,-827.7409588214924,-0.004572616729564771
-21.660032371724782,-829.2560183769798,-0.004572717157124373
-19.662415760743865,-830.6484083466039,-0.004572814160029637
-17.66032482007678,-831.9183335599315,-0.004572907095806045
-15.649362320372537,-833.065382887872,-0.004572996259403439
-13.625470538906132,-834.0886128040715,-0.004573082218113811
-11.584921737071621,-834.9866288807011,-0.004573165441149385
-9.524317438575729,-835.7576667422395,-0.004573246103991124
-7.440595774574788,-836.3996737851647,-0.004573324003814605
-5.331046007434233,-836.9103926190022,-0.0045733985535179045
-3.1933291771009507,-837.2874467365999,-0.004573468838652062
-1.0255036262244546,-837.528428408347,-0.00457353372712177
1.1739460399632635,-837.6309882451262,-0.004573592021804629
3.406078196513729,-837.5929253223914,-0.00457364264077853
5.671463442298823,-837.4122762447505,-0.004573684803713007
7.970155739232473,-837.0874011047727,-0.004573718197407928
10.301667346637704,-836.6170640009112,-0.004573743091253135
12.664949338975886,-836.0005056713192,-0.004573760377578395
15.058379256731227,-835.237505902993,-0.004573771521734216
17.47975707890247,-834.3284336976056,-0.004573778421917751
19.92631024327755,-833.2742836983214,-0.004573783196214265
22.39470791604334,-832.076698059928,-0.004573787928714879
24.881084176090475,-830.7379737083454,-0.004573794415893673
27.38106928744362,-829.2610557010934,-0.004573803953853428
29.889827837926934,-827.6495180814561,-0.004573817199501562
32.402102264118476,-825.9075341404418,-0.0045738341239065505
34.91226018462685,-824.039838308647,-0.004573854060073046
37.41434402758392,-822.0516819702457,-0.00457387583256974
39.90212164538037,-819.9487853299851,-0.004573897946047012
42.369136924539596,-817.7372871059678,-0.004573918805103716
44.80875977433939,-815.4236933223899,-0.0045739369367598925
47.2142352625176,-813.014825906531,-0.004573951190932846
49.57873200957621,-810.5177712263289,-0.004573960896902207
51.89539021085464,-807.9398282077195,-0.004573965959968618
54.157369794447355,-805.2884553024836,-0.0045739668862339045
56.35789922368149,-802.5712153794606,-0.004573964730271385
58.49032531133913,-799.7957176068977,-0.004573960966647306
60.54816414159619,-796.9695555820467,-0.0045739572960812325
62.52515282317136,-794.1002413243762,-0.0045739554067552035
64.41530136573365,-791.195135238744,-0.004573956720211214
66.21294353350899,-788.2613727152402,-0.00457396215832695
67.91278514181317,-785.3057885928167,-0.004573971967756663
69.5099479775416,-782.3348412011201,-0.004573985631408206
71.0000073864419,-779.3545380426876,-0.004574001883174361
72.37902160375081,-776.3703653354462,-0.004574018823705117
73.64355111384097,-773.3872235763072,-0.004574034116117787
74.79066668896591,-770.4093710108589,-0.004574045226384271
75.81794523647923,-767.4403764286565,-0.00457404966538455
76.72345312305472,-764.4830820967932,-0.004574045191709786
77.50571718234538,-761.539576957686,-0.004574029943697155
78.16368409079467,-758.6111795144367,-0.004574002483250794
78.6966691667859,-755.6984291658557,-0.004573961749372302
79.10429587800725,-752.801084175721,-0.004573906931774729
79.38642741477646,-749.9181239904782,-0.0045738372832921925
79.5430916027353,-747.0477532597084,-0.004573751892964495
79.57440019857766,-744.1874046495442,-0.004573649441693917
79.48046325663168,-741.3337373419956,-0.0045735279622522995
79.26129879450284,-738.482627945232,-0.004573384628931976
78.91673744469377,-735.629150360592,-0.00457321561756352
78.44632117728837,-732.767540924757,-0.004573016115507755
77.84919454009346,-729.8911448468485,-0.004572780645988317
77.12398622396965,-726.992339597078,-0.004572504047377635
76.26867819661211,-724.0624305455578,-0.0045721838011481
75.28045931929039,-721.0915139961775,-0.004571825103351301
74.15556061962845,-718.0683032787674,-0.004571451438586394
72.88907099100426,-714.9799157770581,-0.004571125981978952
71.47473660490223,-711.8116248524503,-0.004570993633624454
69.90475802480712,-708.5465950962516,-0.004571359914162798
68.16962253543751,-705.1656514347742,-0.004572826446413103
66.25805858253797,-701.647200542943,-0.00457647734627642
64.1572983052831,-697.9675603453896,-0.004583959653846392
61.85401962582952,-694.1022122539568,-0.004596757336916113
59.33664042232733,-690.028914497042,-0.004612695107827136
56.59996543798697,-685.7340853102796,-0.0046173755742699996
53.65300782120193,-681.223643883304,-0.004579387648227851
50.52874449316928,-676.5366603908623,-0.004488583862396922
47.2896397187107,-671.753310626973,-0.004427999914408787
44.01962081361089,-666.9841575446981,-0.004485883010623581
40.801887594080014,-662.3397590130145,-0.004592949414885084
37.69728587002752,-657.9009278031166,-0.004651600870822392
34.73718182559778,-653.7089443195846,-0.004659623986910333
31.929266658011787,-649.7735498131599,-0.004649296333425923
29.267081181606507,-646.0859916857661,-0.004638638809883133
26.737544071761356,-642.6292630834084,-0.004631944770501661
24.32543447568039,-639.3841347166458,-0.0046285960829521855
22.01564054005057,-636.3321262766055,-0.004627256321182216
19.794119836416332,-633.4567302818942,-0.0046269493464095035
17.648205109311043,-630.7437593469352,-0.0046271120217227235
15.566607637256885,-628.1812965906776,-0.00462745340814763
13.539297127941227,-625.7594896601514,-0.004627834622915827
11.55734374784273,-623.4703010874722,-0.004628195258270296
9.612760822405853,-621.3072638471965,-0.00462851330494729
7.698363943703438,-619.265260395246,-0.004628784533476704
5.807651584293017,-617.340329419669,-0.004629012261855081
3.9347076115615685,-615.5294984791516,-0.004629202441453373
2.074124218189926,-613.8306384296455,-0.004629361398389875
0.22094320261670686,-612.2423350000334,-0.004629494872748552
-1.6293864968650487,-610.7637731043538,-0.00462960767783116
-3.481036949564734,-609.3946300243797,-0.0046297036461453445
-5.337816814932307,-608.134974268694,-0.004629785703791356
-7.203175989093813,-606.9851676384011,-0.004629856001109545
-9.080200906762114,-605.945768782821,-0.004629916068966011
-10.971602143277265,-605.0174373059476,-0.004629966988813905
-12.879696092807528,-604.2008382797977,-0.004630009569487115
-14.806382681975576,-603.4965478162339,-0.004630044522670573
-16.75312127668789,-602.9049611102583,-0.004630072624214776
-18.720907108958837,-602.4262050443976,-0.004630094843721011
-20.710250641442585,-602.0600579726356,-0.004630112423075872
-22.721162254139134,-601.8058796167862,-0.00463012688761566
-24.753144444622322,-601.6625540502507,-0.004630139982593207
-26.805193362843738,-601.6284484778892,-0.004630153541153703
-28.875810961422452,-601.7013899444614,-0.004630169305094967
-30.963028366701952,-601.8786612568622,-0.004630188731942653
-33.06444032334926,-602.1570163664389,-0.0046302128264326115
-35.177249810604415,-602.5327143370063,-0.004630242030366105
-37.29832125023809,-603.0015699458479,-0.004630276191488036
-39.424240194354894,-603.5590180471138,-0.0046303146147383956
-41.551377044192364,-604.2001881625813,-0.004630356181634099
-43.67595223013081,-604.9199854082285,-0.004630399511651007
-45.79410037052284,-605.7131738270912,-0.004630443134910678
-47.90193119041873,-606.5744584496132,-0.004630485648299043
-49.995585372182795,-607.4985628819252,-0.004630525835755961
-52.07128397302963,-608.4802998532089,-0.0046305627435270225
-54.125370526536535,-609.5146328556228,-0.004630595710885643
-56.1543454019192,-610.5967277125122,-0.004630624363680447
-58.15489239446706,-611.7219935567229,-0.004630648581486874
-60.123897844475614,-612.8861132532561,-0.004630668449681963
-62.05846282366721,-614.0850637398121,-0.004630684206310853
-63.95590909017063,-615.3151270808274,-0.004630696191026296
-65.8137796046335,-616.5728932425642,-0.004630704800589136
-67.62983443340501,-617.8552557130047,-0.004630710453101372
-69.40204285349759,-619.1594011286451,-0.004630713561393662
-71.12857243122518,-620.4827940494484,-0.004630714514707535
-72.8077757834918,-621.8231579607316,-0.004630713667453712
-74.43817565710405,-623.1784534919052,-0.004630711333521553
-76.01844888451755,-624.5468547392762,-0.004630707784650134
-77.54740969941754,-625.9267244732574,-0.004630703251718771
-79.02399282607013,-627.3165889064151,-0.004630697927891614
-80.44723669463019,-628.7151126026552,-0.004630691973011025
-81.81626708160292,-630.1210740224458,-0.004630685518556277
-83.13028143060801,-631.5333421257402,-0.004630678672890021
-84.38853407301991,-632.9508543934483,-0.004630671526412389
-85.59032253999365,-634.3725965792133,-0.0046306641565987405
-86.73497513550598,-635.7975844644874,-0.004630656632514718
-87.821839922742,-637.2248478595023,-0.004630649018891209
-88.85027526163194,-638.6534170683161,-0.004630641379394174
-89.81964202165226,-640.0823120149763,-0.004630633779150406
-90.72929757915513,-641.5105342071033,-0.004630626286277639
-91.57859169051962,-642.937061689898,-0.004630618972291112
-92.36686430952253,-644.3608471148915,-0.004630611911426996
-93.09344538798842,-645.7808190111316,-0.004630605178778335
-93.75765666193698,-647.1958862999383,-0.004630598847373157
-94.35881538065578,-648.6049460366369,-0.004630592984352644
-94.89623988372605,-650.0068942935801,-0.0046305876466092855
-95.3692568722461,-651.400640019346,-0.004630582876096856
-95.77721015752411,-652.7851216216553,-0.004630578695442367
-96.11947060644796,-654.1593259300719,-0.004630575104168422
-96.39544694145444,-655.5223091040123,-0.00463057207598494
-96.60459699887193,-656.8732189679711,-0.004630569557334319
-96.74643900686333,-658.2113181856761,-0.0046305674674278485
-96.82056241735987,-659.5360076344712,-0.004630565699569988
-96.82663781852409,-660.8468493161516,-0.00463056412341567
-96.76442546739811,-662.1435881448687,-0.004630562587887077
-96.63378201686388,-663.4261719886944,-0.004630560924084648
-96.434665065471,-664.6947694087845,-0.004630558947633645
-96.16713522996444,-665.9497846361884,-0.004630556460153645
-95.83135552388126,-667.1918694463876,-0.004630553249421965
-95.42758791575926,-668.4219317290781,-0.004630549088078695
-94.95618703118134,-669.6411406979038,-0.004630543730900882
-94.41759104801372,-670.8509288339304,-0.004630536910571692
-93.81230990832826,-672.0529908001695,-0.0046305283320062784
-93.14091102917995,-673.2492796961722,-0.0046305176649870106
-92.40400273444673,-674.4420011369673,-0.004630504535033886
-91.60221564945819,-675.6336057367339,-0.0046304885116033034
-90.7361822984876,-676.8267806539139,-0.004630469093123146
-89.80651512269283,-678.0244409122704,-0.004630445687526574
-88.81378309374631,-679.2297212546938,-0.004630417586812818
-87.75848703745034,-680.4459693178916,-0.00463038393402293
-86.64103370322479,-681.67674094218,-0.004630343680231519
-85.46170852011255,-682.9257984582476,-0.004630295528883721
-84.22064686764293,-684.1971128297138,-0.004630237864089892
-82.91780355908946,-685.4948705852893,-0.004630168658776412
-81.55292008237743,-686.8234865572852,-0.004630085357714364
-80.12548896526607,-688.187623565513,-0.004629984729733749
-78.63471441930933,-689.5922203607004,-0.004629862683991348
-77.07946816169185,-691.0425293853219,-0.004629714046654243
-75.45823900258698,-692.5441662412227,-0.004629532302352857
-73.7690744024428,-694.103173194678,-0.004629309321870778
-72.0095117306374,-695.7260996248259,-0.004629035139254611
-70.1764963769501,-697.4201030531672,-0.004628697931783776
-68.26628317104682,-699.193075290352,-0.004628284550467043
-66.27431676937658,-701.0537992750249,-0.004627782362504718
-64.19508585682078,-703.0121432374789,-0.004627184037840237
-62.0219454228068,-705.0792995570628,-0.004626498736904239
-59.74690160691714,-707.2680752548691,-0.004625776918999236
-57.36035606427941,-709.5932375143096,-0.004625163493322759
-54.85081463483787,-712.0719065317785,-0.004625007829929473
-52.20458531040252,-714.7239595810726,-0.00462607934988668
-49.405538238685686,-717.5723432243071,-0.0046299433121959055
-46.43510731839856,-720.6430409875933,-0.004639424299618611
-43.272938592105305,-723.9641278189778,-0.004658362005923067
-39.89902253578477,-727.5627376097029,-0.004687366982967234
-36.29880155105168,-731.4578527303596,-0.004708155407801229
-32.47309762199237,-735.6463265340625,-0.004661200721894687
-28.45262319042779,-740.0824656994688,-0.004499100189423899
-24.309125429847576,-744.6623225653909,-0.004374903227198246
-20.14697412307787,-749.2354375422277,-0.00449794308951823
-16.070690755156633,-753.6504084136237,-0.004706796109854139
-12.15245270543782,-757.800600070816,-0.0047980575898627364
-8.423519518227625,-761.6363616788066,-0.004796759543925333
-4.885115606327925,-765.1499505304488,-0.004773561680131877
-1.5227560859693736,-768.3555816827214,-0.0047561650750864715
1.683877559504619,-771.2756659669752,-0.004747262898327165
4.755796657445552,-773.9336487538648,-0.004743785742078899
7.712508655967348,-776.3509562543198,-0.004743029462787263
10.571302058308197,-778.5460127272866,-0.004743438413893131
13.34718557166094,-780.534177332963,-0.004744248279465069
16.05307723007417,-782.3280387544842,-0.004745119834879574
18.700062080996542,-783.937815641703,-0.004745919410503063
21.297643459381543,-785.3717586645857,-0.004746606156505351
23.853961037866082,-786.6365165522153,-0.004747178107709971
26.375969639827957,-787.7374569704381,-0.0047476475584176114
28.86958119204976,-788.6789442668645,-0.004748030376585888
31.33977512586854,-789.4645796588292,-0.004748341749525764
33.79068316727546,-790.097409768744,-0.004748594805214168
36.225654189632834,-790.5801085082413,-0.004748800452752278
38.647304236568544,-790.9151360607414,-0.004748967680431093
41.05755619272957,-791.1048774976174,-0.004749103967490953
43.457672961602114,-791.1517625497564,-0.004749215658993222
45.848287412040655,-791.058367307815,-0.004749308245429518
48.22943176699497,-790.8274981568871,-0.004749386533731581
50.60056851775756,-790.4622580534763,-0.004749454721075352
52.960624352781274,-789.9660952937254,-0.004749516396799436
55.30802800166982,-789.3428351545516,-0.004749574504552712
57.640752332838176,-788.5966951535339,-0.004749631297924495
59.956360534602844,-787.732285101431,-0.004749688317646772
62.25205578215921,-786.7545935449876,-0.004749746409418165
64.5247334705519,-785.6689625565014,-0.004749805789684203
66.77103489074183,-784.4810530741618,-0.0047498661549436605
68.98740114484994,-783.1968031062632,-0.004749926822032791
71.1701261280929,-781.8223810766169,-0.004749986880991486
73.31540752895211,-780.3641364206128,-0.004750045342223785
75.41939498885131,-778.8285492689917,-0.004750101262461115
77.47823478827202,-777.2221807161004,-0.004750153838994464
79.48811065909574,-775.5516248005698,-0.0047502024681058685
81.44528053862719,-773.8234629656074,-0.0047502467683759875
83.34610926123268,-772.0442214432763,-0.0047502865741932965
85.18709731811595,-770.2203317429467,-0.004750321906945132
86.96490590083934,-768.3580942294813,-0.00475035293205206
88.67637848226731,-766.4636446534699,-0.004750379910242408
90.31855918678303,-764.5429234382163,-0.004750403149806459
91.88870817000183,-762.6016475250073,-0.004750422965212664
93.38431417821994,-760.6452846149823,-0.004750439645699878
94.80310440085042,-758.6790297069603,-0.004750453435415025
96.14305167521803,-756.7077839007353,-0.004750464525413278
97.40237906033192,-754.7361355014102,-0.004750473056073901
98.57956177005836,-752.7683435119791,-0.004750479127699769
99.6733264491323,-750.8083236317013,-0.0047504828163900115
100.68264778767202,-748.8596368834659,-0.004750484191940352
101.60674249899395,-746.9254809742896,-0.00475048333488548
102.44506072751217,-745.0086844520521,-0.004750480350154795
103.1972750031989,-743.1117036633545,-0.004750475375721486
103.86326691091362,-741.2366224480465,-0.004750468585344336
104.44311169153762,-739.3851544319491,-0.004750460185525718
104.93706103266979,-737.5586477067667,-0.004750450407283502
105.34552433614618,-735.7580916203324,-0.004750439494090486
105.66904876562013,-733.9841253451078,-0.0047504276874086315
105.90829837896695,-732.2370478506589,-0.004750415211236536
106.06403263761875,-730.5168288775694,-0.0047504022571134286
106.13708455929701,-728.8231204954799,-0.004750388970409247
106.12833874385879,-727.1552688250523,-0.00475037543860779
106.03870945632501,-725.5123255102808,-0.004750361681694848
105.86911889890149,-723.8930585407402,-0.004750347644542963
105.6204757470489,-722.2959620399266,-0.004750333190809641
105.29365396516312,-720.7192646525754,-0.00475031809772819
104.88947185646664,-719.1609361776808,-0.004750302051045097
104.40867124001946,-717.618692102025,-0.004750284639421842
103.85189658550338,-716.089995688788,-0.004750265347531091
103.21967387326362,-714.5720572649766,-0.004750243547659849
102.51238888218924,-713.0618303279617,-0.004750218489760982
101.73026454023017,-711.5560040537313,-0.004750189290930074
100.87333690038632,-710.0509917363138,-0.004750154926608019
99.94142922774859,-708.5429146188234,-0.004750114228479596
98.93412360022664,-707.027580492737,-0.004750065898411648
97.8507293382711,-705.5004563470882,-0.004750008555816976
96.69024749190352,-703.9566342521268,-0.004749940849952061
95.45133053794325,-702.3907895809728,-0.004749861693244206
94.13223639976125,-700.7971306435552,-0.0047497707152928115
92.73077594154623,-699.1693388968233,-0.004749669111832944
91.24425329422205,-697.5004992277755,-0.004749561190692475
89.66939889805667,-695.7830206072692,-0.004749457125273082
88.00229628372274,-694.008549091044,-0.004749377746540162
86.23830587363139,-692.1678784306513,-0.004749362626061071
84.37199338139952,-690.250869742821,-0.004749483027817192
82.39707830316614,-688.246403007471,-0.004749860726152022
80.30643217322408,-686.1424033464205,-0.00475068962810532
78.09218078258023,-683.9260198213894,-0.0047522427966679714
75.74600473425522,-681.5840913178375,-0.004754808554036316
73.259792234171,-679.1041180886675,-0.004758419646003986
70.62686844429551,-676.4760566646539,-0.004762159297865054
67.84405890655304,-673.69530197494,-0.004763052643651733
64.91470527891099,-670.7670226646158,-0.0047558666323492815
61.8522064907309,-667.711244027018,-0.0047373536817651996
58.68260485971256,-664.5665821019043,-0.004715308930681061
55.44384053042061,-661.3892605383145,-0.004708193502171554
52.18019228635149,-658.2452952162547,-0.004724231101352672
48.93364640692235,-655.1982791577317,-0.004749901031111392
45.73654737274403,-652.2989042487113,-0.004768571882664219
42.60867790084964,-649.5806841427444,-0.0047760533509197955
39.55848215624925,-647.0615142862697,-0.004776428372203156
36.58621602737641,-644.7479733227882,-0.00477423146994127
33.68713891090515,-642.6397164100317,-0.004771867422778797
30.8539343418158,-640.7328094222988,-0.0047701164367701665
28.07828282382205,-639.0218854821989,-0.004769028664771469
25.35178576772975,-637.5013941891034,-0.004768440577432642
22.666465749734815,-636.1662534147508,-0.004768178107333654
20.015014447131296,-635.0121400886811,-0.004768110713474272
17.390900113876466,-634.0355744648881,-0.004768152473118903
14.788402026718778,-633.2338911368815,-0.004768250243294858
12.20261053326455,-632.60515051993,-0.004768372049507974
9.629413882263526,-632.148020768689,-0.004768498662599541
7.065482801100877,-631.8616464611484,-0.00476861818044938
4.50825790814925,-631.7455128340248,-0.0047687227850872205
1.955941690404231,-631.7993103609781,-0.004768806928886704
-0.592505136543256,-632.0228024988394,-0.004768866417062867
-3.1373641537409145,-632.4156985912962,-0.0047688980357527555
-5.67815851443386,-632.9775336866526,-0.004768899497189949
-8.213653129975002,-633.7075570820956,-0.004768869550787258
-10.741858014577039,-634.604631560192,-0.004768808154697268
-13.260036968493786,-635.6671454162993,-0.004768716633467562
-15.764723579103963,-636.8929394168659,-0.0047685977696829696
-18.251746205380506,-638.2792507393867,-0.004768455796867244
-20.716263199642594,-639.8226757108406,-0.004768296278395923
-23.15280913011487,-641.5191527880121,-0.004768125872313789
-25.555352220831196,-643.3639667301866,-0.00476795199422142
-27.91736264654739,-645.3517743325651,-0.004767782398822362
-30.23189073534443,-647.4766514531432,-0.004767624706200735
-32.49165356588406,-649.732160414192,-0.00476748590148901
-34.68912792387119,-652.1114362281195,-0.004767371839676571
-36.81664712559658,-654.607289520099,-0.004767286789348901
-38.86649884628524,-657.2123235275461,-0.004767233052010766
-40.83102082640189,-659.9190621782755,-0.00476721069286512
-42.70269118647575,-662.7200860121351,-0.004767217415956537
-44.474210072330905,-665.6081726397889,-0.004767248603982921
-46.13856948259564,-668.5764385474178,-0.004767297526800718
-47.68910839364104,-671.6184793705866,-0.0047673556994674016
-49.11955067589183,-674.7285062772439,-0.004767413348218952
-50.4240237589407,-677.9014768091897,-0.004767459926981132
-51.597056508947226,-681.1332194105556,-0.004767484622497875
-52.63355528143709,-684.4205518859907,-0.00476747680234979
-53.52875755727069,-687.7613951351973,-0.004767426398853303
-54.278162921236536,-691.1548846495169,-0.004767324298651232
-54.877441388113844,-694.601483361413,-0.004767162937461933
-55.32231925267146,-698.1031004087065,-0.0047669375317695994
-55.60844285237479,-701.6632210393965,-0.004766648798238293
-55.73122114824673,-705.2870529049424,-0.004766308787541362
-55.6856493948517,-708.9816926907515,-0.004765952874702606
-55.46611946996484,-712.7563130242195,-0.004765663381888885
-55.06622980282154,-716.6223600702976,-0.004765613881819064
-54.478623426843654,-720.5937315677735,-0.004766146060710241
-53.694914365976,-724.6868624284576,-0.004767882750567054
-52.7058245082882,-728.9205605688192,-0.004771822578089058
-51.50176771038581,-733.3152773323671,-0.0047791416443843104
-50.07430883318613,-737.8912288946739,-0.004789846212538862
-48.41917310836625,-742.6644279608249,-0.004798704312129587
-46.54157225911841,-747.6395232183276,-0.004789295811683303
-44.463853699206844,-752.7993306165764,-0.004740871387916457
-42.232786642160825,-758.0945953812171,-0.0046710548085400205
-39.91989389393944,-763.4429373517902,-0.004654998076301098
-37.60906006845713,-768.7449755154396,-0.0047181544838998946
-35.376010887684494,-773.9115568145487,-0.004789529864066111
-33.27315448021786,-778.8838189317105,-0.004820481316773595
-31.3272134403133,-783.6360504993007,-0.004821300504580961
-29.545531872856575,-788.1670149029754,-0.0048131053688287295
-27.923996882484634,-792.4893122540417,-0.00480587507781749
-26.4529967759925,-796.6215375125249,-0.004801593157694128
-25.120982534472667,-800.5837233994745,-0.00479960523953693
-23.91631120289276,-804.3950897157779,-0.00479896129359858
-22.828081258777104,-808.073115224063,-0.004798991845483158
-21.84643686043199,-811.6332845372712,-0.004799312965435121
-20.96261348256722,-815.0891472919742,-0.0047997271579909295
-20.168868603908056,-818.4525030774926,-0.004800141585985074
-19.458369367265725,-821.7336219780675,-0.0048005176941607886
-18.825071494568533,-824.9414601182668,-0.0048008434560316005
-18.26360467133544,-828.0838540278507,-0.0048011189539991506
-17.76917022799585,-831.1676892094292,-0.004801349189305526
-17.337452488143498,-834.1990434523943,-0.004801540645061664
-16.96454316439903,-837.1833074807737,-0.004801699741513232
-16.646877404654337,-840.1252860991968,-0.004801832219529345
-16.38117988985109,-843.0292829239597,-0.004801942963267081
-16.164419441026517,-845.8991714498692,-0.004802036018110911
-15.99377075131958,-848.7384547938174,-0.004802114685157122
-15.866582042845609,-851.5503160554118,-0.004802181636430092
-15.780347624811462,-854.3376608758828,-0.00480223902604493
-15.732684484380906,-857.1031534677355,-0.0048022885879657196
-15.721312171943845,-859.8492471276392,-0.004802331717939978
-15.744035348530746,-862.5782100282865,-0.004802369540350071
-15.79872844806827,-865.2921469049915,-0.0048024029619373465
-15.883321974668057,-867.9930171037225,-0.004802432714349436
-15.995790009078894,-870.6826493343666,-0.004802459387786229
-16.13413854277989,-873.3627533729542,-0.004802483457115869
-16.296394296993693,-876.0349288775235,-0.004802505302135884
-16.480593721363345,-878.7006714239302,-0.004802525222906695
-16.684771907622373,-881.3613758313593,-0.004802543451235763
-16.90695120203592,-884.0183368351059,-0.004802560159033575
-17.145129361637412,-886.672747179995,-0.0048025754643123975
-17.397267178194557,-889.325693256007,-0.004802589435541904
-17.66127559466977,-891.9781484825603,-0.004802602095296038
-17.935002464494087,-894.630964772618,-0.004802613424066848
-18.216219254374177,-897.2848625725817,-0.004802623365192105
-18.50260816252754,-899.9404201741942,-0.004802631832097504
-18.79175030628438,-902.5980632185752,-0.0048026387183846
-19.081115808792482,-905.2580555390592,-0.004802643911212101
-19.368056759287512,-907.9204926875229,-0.004802647307437624
-19.649804103619527,-910.5852996181069,-0.0048026488308803295
-19.923469506884974,-913.2522340173037,-0.004802648448213986
-20.186053086536223,-915.9208966275276,-0.004802646179983938
-20.434457622092484,-918.5907495830259,-0.004802642103545196
-20.665509407006887,-921.2611432581467,-0.004802636345438316
-20.875985347608918,-923.931351449464,-0.0048026290629685775
-21.06264529148706,-926.6006139446599,-0.0048026204169584474
-21.222267965637016,-929.2681847743248,-0.004802610540149743
-21.351688416073014,-931.9333838154267,-0.0048025995065046345
-21.447834549184186,-934.5956490254754,-0.004802587306421913
-21.507760335546394,-937.2545865078345,-0.004802573830827939
-21.52867346036624,-939.9100158610757,-0.004802558864687612
-21.507955655426645,-942.5620088095301,-0.0048025420878534675
-21.44317455097124,-945.2109198600353,-0.004802523079508347
-21.33208654717796,-947.8574085658616,-0.004802501322084041
-21.172630828691027,-950.502453786773,-0.004802476200506334
-20.96291515546347,-953.1473610205852,-0.004802446993451781
-20.70119441157762,-955.793764389494,-0.004802412854079563
-20.385843064980055,-958.443625177045,-0.0048023727780375225
-20.015322695992253,-961.0992289463837,-0.004802325556289233
-19.58814561929053,-963.7631832682647,-0.004802269710525664
-19.102835388445442,-966.4384180005294,-0.004802203407196615
-18.557884668581412,-969.1281899431541,-0.004802124345347991
-17.95171061874334,-971.8360935932762,-0.004802029611841618
-17.282607558489463,-974.5660796839164,-0.004801915495558973
-16.548696309381345,-977.3224832421892,-0.004801777250953876
-15.747869197173376,-980.11006307649,-0.004801608802328161
-14.87772926097424,-982.9340549248341,-0.004801402384238429
-13.935521719865847,-985.8002409975854,-0.004801148130120225
-12.918055167758181,-988.7150393612197,-0.004800833661775528
-11.821609273282162,-991.6856175739254,-0.004800443827502221
-10.641824927846876,-994.7200362354372,-0.00479996095344859
-9.373571809223867,-997.8274296667491,-0.004799366451567977
-8.010787273614106,-1001.0182327285789,-0.004798645682974723
-6.546279584754528,-1004.3044645535865,-0.004797800276907793
-4.9714883564426895,-1007.7000809301376,-0.0047968770827964136
-3.2761972630442773,-1011.2214052443696,-0.004796033429165902
-1.448202206753578,-1014.8876384312473,-0.004795679208729808
0.5270393294180541,-1018.7214199153168,-0.004796771449438353
2.666695860479632,-1022.7493378109796,-0.004801365832200588
4.990572541998447,-1027.0021094081992,-0.0048133894588637816
7.520337438625943,-1031.5137524577046,-0.00483854914048365
10.276861193981922,-1036.3182456811032,-0.004878120050559431
13.273605687399778,-1041.4408266582043,-0.004903382532198464
16.503406927025036,-1046.8801905419941,-0.004819238825735539
19.919191411794635,-1052.5821407375893,-0.004575076347244078
23.421236611820685,-1058.4218481142539,-0.004472621310618763
26.874330799236333,-1064.2268845588158,-0.0047369584617307225
30.154605467148947,-1069.8408970793637,-0.004994382928927621
33.1861373592303,-1075.173114996312,-0.005052244164691189
35.942051088725115,-1080.1991585813212,-0.005022638882412167
38.4260382861144,-1084.935337350693,-0.004990583634658208
40.655119865515694,-1089.4150575206847,-0.004973345670450158
42.649698310656504,-1093.6754271749862,-0.00496674551671461
44.429106560936,-1097.7514219949435,-0.004965398096874907
46.010052506937136,-1101.6739688556443,-0.004966162420419806
47.40634794002893,-1105.4697234029386,-0.004967567870515666
48.629133096729646,-1109.1614675571614,-0.004969011287805358
49.687251858444206,-1112.7686657078627,-0.0049702829059690146
50.58763972969805,-1116.3080005643394,-0.004971336300400253
51.33567663649492,-1119.7938302255288,-0.004972185918514782
51.93549347417055,-1123.2385564181868,-0.004972864049896941
52.39023521731723,-1126.652911467729,-0.004973404016414662
52.702287619849834,-1130.0461766235442,-0.004973834491586615
52.87347485579386,-1133.4263446386265,-0.004974178333945645
52.90523433329734,-1136.8002382343286,-0.004974453109017674
52.79877337162944,-1140.1735945432426,-0.004974672131176305
52.555210869758234,-1143.551124263325,-0.004974845563431529
52.17570567277887,-1146.9365531722217,-0.004974981404203049
51.66157212340858,-1150.3326527984952,-0.004975086301127973
51.01438230654258,-1153.7412663302346,-0.004975166168859957
50.23605378752187,-1157.1633351545881,-0.004975226598508797
49.32892124018383,-1160.5989306682031,-0.004975273053966944
48.29579028226551,-1164.0472951081315,-0.004975310863422067
47.139972088635226,-1167.506894091965,-0.004975345035905576
45.865297914282955,-1170.9754823353035,-0.0049753799579743685
44.47611347161396,-1174.4501826901085,-0.0049754190474331494
42.97725407877803,-1177.9275773141412,-0.004975464451661082
41.374002510095316,-1181.4038085592847,-0.004975516869507146
39.672032408419824,-1184.8746861786217,-0.004975575549890365
37.87734084441315,-1188.335796802636,-0.004975638480159361
35.996174040207464,-1191.7826113878139,-0.004975702736235377
34.03495036940024,-1195.2105865074575,-0.004975764931678839
32.00018450566253,-1198.6152558915007,-0.004975821687558835
29.898416067703508,-1201.9923094410642,-0.004975870047957187
27.73614538120679,-1205.3376579281205,-0.004975907785508937
25.519778146968314,-1208.6474826177744,-0.004975933569308921
23.2555799657581,-1211.9182700097506,-0.004975946996440328
20.94964090580095,-1215.146832702707,-0.004975948509853723
18.607849665462012,-1218.330317989471,-0.004975939238832439
16.235876412140676,-1221.4662061759666,-0.004975920799322964
13.839163074416582,-1224.5523007920206,-0.00497589508877283
11.422919715043085,-1227.5867128584143,-0.0049758641000607895
8.992125592118153,-1230.5678412320894,-0.0049758297696023135
6.551533593635694,-1233.4943508137053,-0.0049757938656238565
4.105676875119618,-1236.365150109241,-0.004975757916565016
1.6588767127738184,-1239.1793693241068,-0.004975723173769708
-0.7847492177608058,-1241.936339860349,-0.004975690602648797
-3.2212787319178795,-1244.635575803273,-0.004975660893583367
-5.646977610499484,-1247.2767577342822,-0.004975634486854119
-8.058292913889987,-1249.8597189975007,-0.004975611605042118
-10.451847259507595,-1252.3844343800972,-0.0049755922889413995
-12.82443407937489,-1254.8510110385885,-0.004975576433855267
-15.1730137935996,-1257.2596814124208,-0.004975563823844453
-17.494710777625478,-1259.6107978074565,-0.004975554163182849
-19.786810963536027,-1261.9048283009245,-0.004975547103926559
-22.046759895422163,-1264.1423536112343,-0.004975542269665567
-24.272161052812287,-1266.3240645862559,-0.004975539275445584
-26.460774261510746,-1268.4507599881294,-0.004975537743804104
-28.610514025228902,-1270.5233442875879,-0.0049755373175441875
-30.7194476317184,-1272.5428252228032,-0.004975537669255736
-32.785792911603,-1274.5103109239662,-0.004975538507907551
-34.807915554905165,-1276.4270064525956,-0.004975539583102595
-36.784325917797084,-1278.2942096518038,-0.004975540686931623
-38.7136752790564,-1280.1133062486115,-0.004975541653906568
-40.59475153100865,-1281.8857641904929,-0.004975542359479945
-42.426474312568715,-1283.6131272345779,-0.004975542717001069
-44.20788961175978,-1285.2970078386234,-0.0049755426738933295
-45.938163881413914,-1286.939079427608,-0.004975542207181327
-47.616577724466275,-1288.5410681284889,-0.004975541318519738
-49.24251921434423,-1290.104744078464,-0.0049755400291315866
-50.81547692157552,-1291.6319124193756,-0.004975538374893063
-52.335032720172975,-1293.1244040932377,-0.004975536401732317
-53.80085444697081,-1294.5840665519204,-0.0049755341613892945
-55.21268848432942,-1296.012754488568,-0.004975531707727132
-56.57035233197357,-1297.4123206901359,-0.004975529093734998
-57.87372722767804,-1298.784607100284,-0.00497552636908738
-59.12275086955605,-1300.1314361705474,-0.004975523578351293
-60.317410285305336,-1301.4546025659076,-0.004975520759749941
-61.457734886356654,-1302.7558652792236,-0.004975517944510344
-62.5437897378373,-1304.036940198051,-0.00497551515654826
-63.57566906894833,-1305.2994931576077,-0.0049755124127492945
-64.55349004305059,-1306.5451335054681,-0.004975509723381011
-65.47738680270645,-1307.7754081972964,-0.004975507092891185
-66.34750480233352,-1308.991796438839,-0.004975504520692731
-67.1639954401545,-1310.1957048876939,-0.00497550200228325
-67.92701100189826,-1311.388463429241,-0.004975499530290195
-68.63669993130715,-1312.5713215446629,-0.004975497095686343
-69.29320244697938,-1313.7454452952913,-0.004975494688752136
-69.89664653142071,-1314.911914956623,-0.004975492300294704
-70.44714432632738,-1316.0717233471628,-0.004975489922615317
-70.94478897792237,-1317.2257749116486,-0.004975487550371138
-71.38965198735268,-1318.3748856348527,-0.0049754851814682866
-71.78178113330729,-1319.5197838805266,-0.004975482817659582
-72.12119904652356,-1320.6611122693607,-0.004975480464871396
-72.40790252785138,-1321.7994307289277,-0.0049754781333808396
-72.64186271189551,-1322.9352208658981,-0.00497547583757485
-72.82302618547384,-1324.0688918243059,-0.004975473595176361
-72.95131717239533,-1325.2007878007257,-0.004975471425980427
-73.02664089122838,-1326.3311973848272,-0.004975469350011474
-73.04888817841777,-1327.4603648783982,-0.0049754673848805275
-73.0179414428526,-1328.5885037139506,-0.004975465542571111
-72.93368197750611,-1329.7158120418983,-0.004975463825457549
-72.79599859732717,-1330.8424904803005,-0.004975462221965987
-72.60479749943825,-1331.968761921817,-0.00497546070196675
-72.3600131527127,-1333.0948931696653,-0.004975459212389843
-72.06161992186432,-1334.2212180316808,-0.004975457673330741
-71.70964402168578,-1335.348161346538,-0.004975455975365861
-71.30417528809508,-1336.476263260171,-0.004975453978389055
-70.84537815473273,-1337.606202928695,-0.004975451512352791
-70.33350114927705,-1338.7388207147474,-0.0049754483801152105
-69.768884185148,-1339.8751378862648,-0.00497544436207864
-69.15196293325495,-1341.0163728379555,-0.004975439222627109
-68.48326962291664,-1342.1639529491492,-0.004975432717186479
-67.76342974363361,-1343.3195213728486,-0.0049754245992694734
-66.99315429570568,-1344.4849383151643,-0.004975414626084529
-66.17322745594512,-1345.6622766964815,-0.0049754025615609265
-65.30448976630844,-1346.8538124599788,-0.0049753881755254525
-64.38781719465034,-1348.0620101763993,-0.004975371237765813
-63.42409663263968,-1349.289504949972,-0.004975351506056214
-62.41419856250797,-1350.5390819251063,-0.004975328707802262
-61.35894772315845,-1351.8136549002718,-0.0049753025145999885
-60.25909262632745,-1353.1162456592344,-0.004975272510097994
-59.115274712885174,-1354.449965629096,-0.004975238150661809
-57.927997804400846,-1355.8180013814488,-0.004975198718758733
-56.6975983088855,-1357.2236053308861,-0.004975153267753996
-55.42421639917645,-1358.670092785157,-0.0049751005559137695
-54.10776811544276,-1360.1608462979013,-0.0049750389658882455
-52.74791806510341,-1361.699328102045,-0.004974966403910486
-51.34405211454985,-1363.2891012900109,-0.004974880171172202
-49.89524919145037,-1364.933860381553,-0.004974776797039837
-48.40025104073953,-1366.637472002272,-0.004974651821529008
-46.857428490735515,-1368.4040266038328,-0.00497449951209461
-45.264742469786945,-1370.2379025084635,-0.004974312500120703
-43.61969764273331,-1372.1438440766156,-0.0049740813252441285
-41.919286077434585,-1374.12705650544,-0.00497379389385344
-40.15991776509167,-1376.193320704311,-0.004973434900488627
-38.337334059363656,-1378.3491329091112,-0.004972985371175298
-36.44649912435722,-1380.6018752407722,-0.004972422741598592
-34.48146326339396,-1382.960025320587,-0.0049717224628835766
-32.435190571488484,-1385.4334152872036,-0.004970863438412465
-30.299341911027067,-1388.0335528658775,-0.004969842529703783
-28.064003362966965,-1390.7740187113548,-0.0049687098935606855
-25.717351674282583,-1393.6709529012624,-0.004967651128357176
-23.245255836080876,-1396.7436337093068,-0.0049671716054433546
-20.6308375084695,-1400.0151202890659,-0.004968491162919975
-17.8540754905728,-1403.5128459689606,-0.004974311409533527
-14.891693114023893,-1407.268837861384,-0.004989950243516006
-11.717922724038946,-1411.3187472424559,-0.005023340549847433
-8.307486073230615,-1415.6978393756706,-0.005076036589898081
-4.643362573839573,-1420.430364180009,-0.0051049703865651
-0.7326198366170016,-1425.5077127572065,-0.004973357046250015
3.3709963548435926,-1430.8570726772468,-0.004647780454174466
7.5550857945201155,-1436.3246598758628,-0.004596404256002273
11.674855923633693,-1441.7120040954348,-0.004979751640085794
15.608757375889605,-1446.853049040286,-0.005249660046001026
19.292529718647955,-1451.6611962413494,-0.005278926453055277
22.712370498145503,-1456.1195795097497,-0.005234771005930838
25.8823023378407,-1460.2495626835369,-0.005199776891249286
28.826685734795415,-1464.0865395349401,-0.005183147951498768
31.57121392095531,-1467.6675640905635,-0.005177578321969634
34.13931057402022,-1471.0264697369723,-0.005176997785159898
36.55110897811953,-1474.192541586297,-0.005178248951541065
38.82347841121749,-1477.1906149717074,-0.005179951063819743
40.97040345727056,-1480.041643779002,-0.0051815743852046126
43.00343312560769,-1482.7633521818682,-0.0051829550669317825
44.9320965852512,-1485.3708310841082,-0.005184073542398693
46.7642560942567,-1487.8770412408664,-0.005184960028536523
48.50639590667197,-1490.293222944807,-0.005185656512175285
50.16385534697069,-1492.629224396,-0.005186202754021707
51.74101623818749,-1494.8937631017643,-0.005186632107129441
53.24145418265297,-1497.094633340181,-0.005186971107910665
54.668061729385165,-1499.2388704530897,-0.005187240338926813
56.02314994525094,-1501.3328804835965,-0.00518745557072009
57.30853357755903,-1503.382541755854,-0.005187628824026902
58.5256039005748,-1505.3932834718703,-0.005187769248049534
59.67539245401065,-1507.3701452416037,-0.005187883810695126
60.75862816414478,-1509.3178206146004,-0.005187977827604939
61.77578974378444,-1511.2406870896843,-0.005188055363749555
62.72715475864961,-1513.142824696099,-0.005188119537757885
63.61284629703267,-1515.0280250239716,-0.005188172753610942
64.43287776881506,-1516.8997924968558,-0.005188216878517338
65.18719598101099,-1518.7613396883116,-0.005188253380872254
65.8757222913539,-1520.6155785505134,-0.005188283438165797
66.49839133893073,-1522.4651095060203,-0.005188308021029542
67.05518660802204,-1524.3122104126805,-0.005188327958363104
67.54617191831913,-1526.1588274058304,-0.005188343985301103
67.97151787135412,-1528.0065695164776,-0.00518835677590701
68.33152233387727,-1529.8567087348863,-0.005188366961673019
68.62662420861734,-1531.7101868279126,-0.0051883751371528675
68.85741002223142,-1533.5676297377145,-0.00518838185472692
69.02461322496421,-1535.4293698220263,-0.0051883876120335515
69.12910650861937,-1537.2954755928172,-0.005188392835457023
69.17188786198098,-1539.1657880322018,-0.005188397864765548
69.15406144708544,-1541.0399620739875,-0.005188402942279069
69.07681465326108,-1542.9175114881125,-0.005188408209787276
68.941392839491,-1544.7978552262937,-0.005188413714195761
68.7490732980388,-1546.6803632890394,-0.005188419421516599
68.50113987056038,-1548.5644003410262,-0.0051884252366232175
68.19885944495638,-1550.4493655981555,-0.005188431026154738
67.84346129007879,-1552.334727887901,-0.005188436641001548
67.43611988284157,-1554.2200551942888,-0.005188441936063715
66.97794158260888,-1556.1050383944741,-0.005188446785343803
66.46995523834512,-1557.9895092403156,-0.0051884510915245485
65.91310659306349,-1559.873452913692,-0.005188454790794772
65.30825618626305,-1561.7570156795684,-0.005188457853072759
64.65618034876117,-1563.6405082777958,-0.005188460279169416
63.957574830054284,-1565.5244057427726,-0.005188462096183066
63.213060586902564,-1567.4093443330987,-0.005188463351768036
62.423191282601564,-1569.2961162063111,-0.005188464108410784
61.58846208893037,-1571.1856624010534,-0.005188464438248275
60.709319437855264,-1573.0790646029009,-0.005188464418477867
59.78617143031352,-1574.9775360801307,-0.005188464127848125
58.819398669312,-1576.8824120889428,-0.0051884636438779275
57.80936534043848,-1578.7951399684162,-0.005188463040902036
56.756430412479624,-1580.717269076293,-0.005188462388671766
55.66095887310529,-1582.6504406584477,-0.0051884617515449705
54.52333294927542,-1584.5963776975136,-0.005188461187822568
53.3439632894563,-1586.5568747487962,-0.005188460749421697
52.123300105510395,-1588.533787743235,-0.005188460481368562
50.86184428700201,-1590.5290237164406,-0.005188460421369445
49.56015851041042,-1592.5445304085868,-0.005188460599004685
48.21887837107561,-1594.5822856709933,-0.005188461034781433
46.838723567219304,-1596.6442866107259,-0.005188461738475425
45.420509163553014,-1598.7325384036965,-0.005188462707041097
43.965156957124435,-1600.8490427091333,-0.005188463921800057
42.47370696033477,-1602.995785623601,-0.005188465344823534
40.947329005515655,-1605.174725120979,-0.005188466914228584
39.38733446198594,-1607.38777793611,-0.005188468538595892
37.79518803991362,-1609.6368058646212,-0.005188470090367048
36.17251963529959,-1611.9236014702335,-0.005188471398192895
34.521136146653866,-1614.2498732144534,-0.00518847223861485
32.84303316614034,-1616.617230052693,-0.005188472327299465
31.14040641589667,-1619.027165576457,-0.005188471310670906
29.415662763849962,-1621.481041824045,-0.005188468758551501
27.6714306128964,-1623.980072932856,-0.005188464159291861
25.91056941348345,-1626.525308865083,-0.005188456918499895
24.136178003700135,-1629.1176195050032,-0.0051884463635119005
22.35160143496191,-1631.757679499141,-0.005188431755035694
20.560435898169708,-1634.4459542881311,-0.005188412307683521
18.76653132869821,-1637.1826878578677,-0.005188387220993462
16.973991243578315,-1639.967892812767,-0.005188355720665783
15.187169356499922,-1642.8013434396996,-0.005188317109963592
13.410662532073205,-1645.6825724801042,-0.005188270827895636
11.649299686547465,-1648.6108723519917,-0.005188216510079613
9.908126323703321,-1651.5853015548255,-0.005188154045647764
8.192384516244356,-1654.6046969413608,-0.005188083621458617
6.507488306603443,-1657.667692446163,-0.0051880057448894235
4.858994705111284,-1660.772744718788,-0.0051879212355565585
3.2525707022230073,-1663.9181659231276,-0.005187831179133795
1.6939569746743763,-1667.1021637413658,-0.00518773683980811
0.18892923842063356,-1670.3228883754327,-0.0051876395315559876
-1.2567415339936996,-1673.57848609045,-0.00518754045554104
-2.637328577013504,-1676.8671586174569,-0.005187440514298203
-3.9471868317486134,-1680.1872275531443,-0.0051873401171071976
-5.180786708879532,-1683.5372027886208,-0.005187238991675613
-6.332742285476154,-1686.9158539907382,-0.005187136014063398
-7.397832122559685,-1690.3222842663286,-0.005187029063392856
-8.371010970405782,-1693.7560053731265,-0.005186914899539374
-9.247410754439027,-1697.2170142056011,-0.005186789053144736
-10.022329379051378,-1700.7058707779695,-0.005186645709944315
-10.691206016079967,-1704.223778545784,-0.0051864775660135365
-11.249581621428028,-1707.772668647281,-0.005186275634667226
-11.693043409251512,-1711.3552905055953,-0.0051860289992511355
-12.017151873426199,-1714.9753122184525,-0.005185724546208803
-12.217348654616808,-1718.6374352837893,-0.0051853468004416925
-12.288843100738518,-1722.3475294756258,-0.005184878176827112
-12.226474790462936,-1726.1127950755815,-0.005184300371382733
-12.024548698995744,-1729.9419610789457,-0.005183598493559316
-11.676639380891023,-1733.8455291135913,-0.005182771404300013
-11.17536122592509,-1737.836072813502,-0.005181855623419551
-10.5121050923881,-1741.928599302422,-0.005180978065354225
-9.67675094974234,-1746.1409687100982,-0.005180467629333663
-8.65738927603825,-1750.4943389979298,-0.005181077834940595
-7.44013747090048,-1755.0135342398453,-0.005184380736896088
-6.009255940673284,-1759.7270772568493,-0.005193257914996252
-4.348016918057713,-1764.6662905258784,-0.005211627374727357
-2.4412512624590605,-1769.8622163576636,-0.005239799318598415
-0.28120088490072576,-1775.3381108155545,-0.005257449260888336
2.1213844844199428,-1781.0947471840586,-0.0052011062390775464
4.7215056912548325,-1787.0890891784425,-0.005030344188110547
7.428944496681164,-1793.2188895450504,-0.004925576004705334
10.119891962646143,-1799.3375003252208,-0.005080329040566767
12.673961597583112,-1805.3029820909615,-0.0052876619416508674
15.008300463186917,-1811.0232488520385,-0.005361263949232864
17.084471731179523,-1816.4644111672228,-0.005350427574384753
18.89552921127476,-1821.6327288074208,-0.0053260267323764765
20.450706346016624,-1826.553871589281,-0.005310469547936236
21.765287853748816,-1831.2595103379417,-0.005303705324795516
22.855467727599166,-1835.7807275727155,-0.005301896961434238
23.7361984098538,-1840.1454212528697,-0.005302298526618898
24.42052012278303,-1844.3776214606592,-0.00530347922553176
24.919541018785505,-1848.4976031282679,-0.005304797743455936
25.242669159800023,-1852.5222721183723,-0.005306003705406681
25.397918353481906,-1856.4656015351652,-0.005307021898222075
25.39221385043666,-1860.3390331879386,-0.005307848932272208
25.2316703897771,-1864.1518192054195,-0.005308507057225853
24.921834855133014,-1867.9113033476779,-0.005309024795856487
24.467893562257892,-1871.6231504831244,-0.005309429570871771
23.87484672822773,-1875.291534980486,-0.005309745442581004
23.147653058366725,-1878.9192983743285,-0.005309992857540635
22.29134701916286,-1882.5080853007998,-0.005310189050998559
21.311130854848642,-1886.0584650703247,-0.005310348540110255
20.212443005382106,-1889.5700446175147,-0.00531048350504193
19.0010043798267,-1893.0415770417058,-0.00531060401684158
17.682843935781733,-1896.4710685578589,-0.005310718144251325
16.26430517576012,-1899.8558854351556,-0.0053108319984787045
14.752035438139325,-1903.1928614284272,-0.005310949777236118
13.15296016882455,-1906.4784053271517,-0.005311073858017323
11.474244647296473,-1909.7086075779134,-0.005311204970285033
9.723245854176962,-1912.8793444907208,-0.00531134244971021
7.907457269220555,-1915.9863783161134,-0.005311484561087099
6.034449359882967,-1919.02545146157,-0.005311628855668715
4.1118083616364824,-1921.9923732704228,-0.0053117725284632655
2.1470756790105723,-1924.8830980709722,-0.0053119127371950015
0.14768988004051417,-1927.6937935685837,-0.005312046858573893
-1.8790671481676906,-1930.4208990503716,-0.005312172666361192
-3.9261187327437814,-1933.061173257669,-0.005312288431039036
-5.986635885974602,-1935.6117321228437,-0.0053123929489089505
-8.054073318279174,-1938.0700768430193,-0.00531248551714647
-10.122198895192302,-1940.434112964678,-0.005312565873303754
-12.18511667337657,-1942.7021612810129,-0.0053126341156257695
-14.237283820517066,-1944.8729614068293,-0.005312690620426608
-16.27352183723266,-1946.945668906937,-0.005312735965423698
-18.289022565762902,-1948.9198468282204,-0.005312770865023353
-20.2793495012464,-1950.7954524370748,-0.005312796120435337
-22.240434927552577,-1952.5728199047649,-0.005312812583341042
-24.168573390010263,-1954.2526396223848,-0.005312821130591061
-26.060411999063117,-1955.8359347701876,-0.005312822647837834
-27.9129380367403,-1957.324035715855,-0.005312818017847221
-29.72346431472047,-1958.718552773088,-0.005312808111846756
-31.489612709932793,-1960.0213478144965,-0.005312793781474312
-33.209296281186816,-1961.234505198959,-0.005312775850752516
-34.88070034769821,-1962.36030244104,-0.005312755107244271
-36.50226288676998,-1963.4011810165853,-0.0053127322932224885
-38.072654582546654,-1964.3597176627354,-0.005312708096739449
-39.59075883018847,-1965.2385964915195,-0.005312683143680275
-41.05565196987344,-1966.040582193871,-0.005312657991375147
-42.466583992952316,-1966.7684945659594,-0.005312633124079369
-43.82295992889259,-1967.425184543193,-0.005312608950701403
-45.124322087112134,-1968.013511880504,-0.005312585804994718
-46.37033329330293,-1968.536324572006,-0.005312563947809323
-47.56076122627675,-1968.996440060168,-0.005312543571410089
-48.69546392956237,-1969.3966282454728,-0.005312524805145991
-49.77437654264949,-1969.7395962730177,-0.005312507722384563
-50.79749927044652,-1970.0279750432376,-0.005312492347951725
-51.76488658655032,-1970.264307370205,-0.005312478665917109
-52.67663764649437,-1970.4510376927653,-0.005312466627203971
-53.532887871261146,-1970.5905032308658,-0.005312456156886025
-54.333801648898365,-1970.6849264714301,-0.005312447160859879
-55.079566092845134,-1970.7364088644745,-0.005312439531853563
-55.770385789260146,-1970.746925610217,-0.005312433154666341
-56.4064784619147,-1970.7183214211034,-0.0053124279106606664
-56.988071481714336,-1970.652307148279,-0.0053124236814872106
-57.51539914829317,-1970.550457169519,-0.005312420352103997
-57.9887006730504,-1970.414207444416,-0.005312417813265968
-58.40821879616082,-1970.2448541522854,-0.005312415963348305
-58.774198974216844,-1970.0435528383266,-0.005312414709838897
-59.086889080008994,-1969.811318003806,-0.005312413970305407
-59.34653956132091,-1969.5490230860973,-0.005312413673111083
-59.55340401133273,-1969.2574007841545,-0.0053124137578835495
-59.70774010915119,-1968.9370436942713,-0.005312414175675129
-59.809810894998606,-1968.588405229664,-0.005312414888930639
-59.85988635060065,-1968.2118008054938,-0.005312415871354892
-59.858245261232895,-1967.8074092783822,-0.005312417107510958
-59.80517734165042,-1967.3752746362302,-0.0053124185923114076
-59.70098561367106,-1966.9153079403175,-0.005312420330341294
-59.54598902845444,-1966.4272895271763,-0.00531242233497814
-59.340525331458544,-1965.9108714827014,-0.005312424627321621
-59.08495417260512,-1965.365580405334,-0.005312427234878014
-58.779660468283076,-1964.7908204790274,-0.005312430190076767
-58.425058025396886,-1964.1858768800078,-0.005312433528425253
-58.02159344065254,-1963.5499195441225,-0.0053124372864366
-57.56975029058363,-1962.8820073237614,-0.005312441499149445
-57.07005362936883,-1962.1810925649113,-0.0053124461973905746
-56.5230748121821,-1961.4460261357765,-0.005312451404603014
-55.929436661549296,-1960.6755629384647,-0.0053124571332632264
-55.28981899285255,-1959.8683679343767,-0.005312463380954036
-54.60496451262237,-1959.0230227120005,-0.0053124701260633955
-53.87568509948048,-1958.138032622607,-0.005312477323032194
-53.10286847244813,-1957.2118345046752,-0.005312484897456393
-52.28748524472844,-1956.2428050115568,-0.005312492740717545
-51.430596352944086,-1955.2292695486312,-0.0053125007048748785
-50.5333608421269,-1954.169511815869,-0.005312508597238974
-49.59704397551774,-1953.0617839389995,-0.005312516175367765
-48.623025625500254,-1951.9043171572491,-0.005312523142698922
-47.612808887880966,-1950.6953330176973,-0.005312529144676503
-46.56802884644288,-1949.4330550055681,-0.005312533766343996
-45.49046139853721,-1948.1157205162606,-0.0053125365312514106
-44.3820320358457,-1946.741593048645,-0.005312536902382092
-43.244824457878096,-1945.3089744703339,-0.005312534285346615
-42.08108887993591,-1943.8162171745764,-0.005312528034441932
-40.89324988299117,-1942.2617359156086,-0.005312517461335986
-39.6839136411615,-1940.644019075327,-0.005312501847306805
-38.45587435431618,-1938.961639079849,-0.005312480458311342
-37.21211971005321,-1937.2132616507977,-0.005312452563028813
-35.955835202173425,-1935.397653544066,-0.005312417453037455
-34.69040714322345,-1933.5136883995115,-0.005312374464395475
-33.41942422806111,-1931.5603502996491,-0.005312322998946684
-32.14667753500405,-1929.5367346150201,-0.005312262543924362
-30.876158892078433,-1927.4420456993598,-0.005312192687101813
-29.612057589036652,-1925.2755909895325,-0.005312113125416573
-28.358755481639655,-1923.036771063444,-0.005312023663968546
-27.1208206131981,-1920.7250652131702,-0.00531192420300286
-25.90299956897731,-1918.3400120989122,-0.0053118147095965185
-24.710208880595747,-1915.8811850596978,-0.005311695173347175
-23.547525908105975,-1913.348161665627,-0.005311565543882679
-22.42017974442952,-1910.7404870995213,-0.005311425651926882
-21.33354280680796,-1908.0576309479875,-0.005311275116685721
-20.293123898532127,-1905.298936957787,-0.005311113245106469
-19.30456363560568,-1902.4635652682928,-0.005310938937274301
-18.37363322902168,-1899.550426562376,-0.0053107506168714735
-17.506237681564834,-1896.558107489147,-0.0053105462269158465
-16.708424478171292,-1893.4847866159157,-0.005310323355899982
-15.98639878583058,-1890.328140096391,-0.005310079614059049
-15.346545970544186,-1887.085236266535,-0.005309813472599956
-14.795461772920529,-1883.75241863353,-0.005309525941079585
-14.339989558132574,-1880.3251774621504,-0.005309223740272984
-13.987262304733061,-1876.7980118599926,-0.00530892507320857
-13.744743763531933,-1873.1642877868583,-0.005308669727806858
-13.620257333474225,-1869.4161043367178,-0.005308535840100603
-13.621980623219093,-1865.544193757665,-0.005308665161898318
-13.758364950569224,-1861.5379047823792,-0.005309293553796834
-14.03790678557011,-1857.3853616179229,-0.005310763696922294
-14.468645276023445,-1853.0739628916835,-0.0053134406516335275
-15.057181598904169,-1848.591494488451,-0.005317331190155983
-15.8069244776861,-1843.9282639052851,-0.005321088793429851
-16.715233095788,-1839.0807293218165,-0.005320480965384178
-17.769356837745274,-1834.056820958722,-0.005308608937426129
-18.941908052979596,-1828.882055103667,-0.005283391484947941
-20.188149271727575,-1823.60345612456,-0.0052602036934352725
-21.448448457059207,-1818.2867950756736,-0.005263855636965076
-22.65733638195344,-1813.00515046068,-0.0052945735845995046
-23.755600290851874,-1807.823480816331,-0.0053263065087598704
-24.69902757793684,-1802.7876793695075,-0.0053419165026333815
-25.460520717390597,-1797.9223862789026,-0.005343813501831107
-26.02723289356685,-1793.235242568374,-0.005340205831306122
-26.39607349749673,-1788.7230817078519,-0.005336196263019843
-26.569766802551243,-1784.3771996076157,-0.005333432083165945
-26.554125072509454,-1780.1869030226983,-0.005331939204836544
-26.356404549381296,-1776.14157570125,-0.005331317909291755
-25.984410024018665,-1772.2317427988064,-0.005331194249677651
-25.446055634422596,-1768.4495360909812,-0.005331316852263512
-24.7491821029143,-1764.7888267893893,-0.005331540514781352
-23.90150788739439,-1761.245184401973,-0.005331790564376604
-22.910643270957802,-1757.8157499340214,-0.005332034067105695
-21.784127731391088,-1754.4990705042062,-0.005332261019908913
-20.52946915074558,-1751.2949195576673,-0.005332473064900256
-19.15417384194855,-1748.2041146903439,-0.0053326769588970535
-17.665762321778363,-1745.2283389353984,-0.005332880846683707
-16.071769200354915,-1742.3699684541052,-0.005333092154749863
-14.37972758359609,-1739.631908364543,-0.005333316443994818
-12.597139596547358,-1737.0174380639046,-0.00533355686365411
-10.731435353074502,-1734.5300673746465,-0.0053338140125056555
-8.789923090676929,-1732.1734049107063,-0.005334086094105572
-6.779733348708452,-1729.9510400831246,-0.00533436928457931
-4.70776004614527,-1727.866440083826,-0.005334658244962043
-2.580601146707579,-1725.9228629855422,-0.005334946712668653
-0.4045013147395371,-1724.1232877849313,-0.005335228110865842
1.8147014054997102,-1722.4703618200504,-0.0053354961213401
4.071623280795603,-1720.966365544777,-0.005335745176502371
6.361375794215619,-1719.6131941751441,-0.005335970841453985
8.67959905191303,-1718.4123552657973,-0.0053361700717537985
11.0224873852398,-1717.3649808517473,-0.005336341349799767
13.386807183948477,-1716.4718524137745,-0.005336484715655843
15.769907248202225,-1715.7334365948782,-0.005336601720703271
18.169722083977305,-1715.1499292944693,-0.0053366953397855355
20.58476856143649,-1714.7213054628562,-0.0053367698796549234
23.014136176314597,-1714.4473715557604,-0.0053368309192052266
25.457470756017184,-1714.3278171053048,-0.005336885302394734
27.91495077166814,-1714.3622611050466,-0.005336941174487464
30.387254363854108,-1714.5502877358463,-0.005337007986099707
32.8755136374795,-1714.8914641726215,-0.005337096258056562
35.3812505692184,-1715.3853305614464,-0.00533721665006226
37.90628582599337,-1716.0313484845503,-0.0053373774386962225
40.45260780462487,-1716.8287891805649,-0.0053375788450154005
43.022184417048486,-1717.7765366741587,-0.005337801922925323
45.6166953765343,-1718.872774959325,-0.005337989756540651
48.237160231128236,-1720.1145256516654,-0.005338021877301813
50.88344193842039,-1721.4970098260626,-0.005337693662443854
53.553625709087235,-1723.0128367323036,-0.005336734929226594
56.24331894925936,-1724.651087680111,-0.005334925412514124
58.94499652360298,-1726.3964737503659,-0.005332339105454054
61.647610825735505,-1728.2288787195992,-0.005329598814025616
64.33674164267427,-1730.1236733173635,-0.0053278062342290156
66.99548742345549,-1732.0530783681527,-0.005327908265989834
69.60605015615413,-1733.9884978142334,-0.005329916062054352
72.1516379717238,-1735.9032781414687,-0.005332833635311118
74.61812798402516,-1737.7750977005896,-0.005335431676572355
76.99504881371993,-1739.587361312769,-0.005337023497888893
79.2757676336794,-1741.3294419350802,-0.0053375997061522185
81.45706425917174,-1742.9960357725486,-0.005337505349119809
83.53839363066061,-1744.5860658609224,-0.005337109716984756
85.52109558248242,-1746.101507625949,-0.005336660160793372
87.4077040320704,-1747.546356670762,-0.0053362761505075795
89.2014121389501,-1748.9258217059974,-0.005335993259899752
90.90569179983517,-1750.2457416184207,-0.005335805675064087
92.52404059207014,-1751.512188898343,-0.005335693006028208
94.05982389890153,-1752.731213441869,-0.005335633500545889
95.51618363282246,-1753.9086856707893,-0.005335609069863523
96.89599138042175,-1755.0502068837452,-0.0053356063222587125
98.20182999860639,-1756.161063542392,-0.005335616015238465
99.43599269710322,-1757.2462093354284,-0.005335632087164921
100.60049233102346,-1758.310264157708,-0.005335650737376962
101.69707620801154,-1759.357522868882,-0.005335669697779988
102.72724346095872,-1760.3919692358693,-0.005335687703814429
103.6922631921943,-1761.4172921565337,-0.005335704129630692
104.59319234536866,-1762.4369023724075,-0.005335718744237106
105.4308927410531,-1763.4539485968708,-0.005335731552446266
106.20604701389584,-1764.471332444083,-0.005335742693331369
106.91917337521991,-1765.4917218327278,-0.0053357523761876635
107.5706392364298,-1766.5175627169403,-0.005335760841104431
108.16067379248942,-1767.5510891040647,-0.0053357683349331
108.6893796985548,-1768.594331381055,-0.00533577509699823
109.1567439878674,-1769.6491230052695,-0.00533578135071755
109.56264838242596,-1770.71710563218,-0.005335787298510031
109.90687914428494,-1771.7997327593032,-0.005335793118701249
110.18913660736845,-1772.8982719670942,-0.0053357989631901415
110.40904451911376,-1774.0138058366717,-0.005335804955488355
110.56615930901178,-1775.1472316229938,-0.005335811188645678
110.65997938767671,-1776.2992597617085,-0.005335817722879721
110.68995456564056,-1777.4704112891711,-0.005335824582948234
110.65549566564178,-1778.6610142584693,-0.005335831755204357
110.55598438567075,-1779.8711992400233,-0.005335839184493096
110.3907834523145,-1781.1008940034776,-0.005335846770971653
110.15924708486955,-1782.3498174881408,-0.0053358543671984116
109.86073177015321,-1783.617473182,-0.005335861775615847
109.49460732587913,-1784.903142044049,-0.005335868746708883
109.0602682068839,-1786.2058751209381,-0.005335874978314781
108.55714498349953,-1787.5244860262574,-0.005335880116149827
107.98471589516423,-1788.8575434684933,-0.005335883756071524
107.34251835526862,-1790.2033640310588,-0.005335885448171318
106.6301602556782,-1791.5600054239096,-0.005335884703027816
105.8473308919091,-1792.9252604401413,-0.0053358810002004375
104.99381130322163,-1794.2966518614335,-0.005335873798999913
104.0694837967018,-1795.6714285620985,-0.005335862551424597
103.07434040156193,-1797.0465630614624,-0.005335846716779891
102.00848998031141,-1798.4187507670206,-0.005335825777836867
100.8721637080453,-1799.7844111348727,-0.005335799257766283
99.66571862077858,-1801.1396909480077,-0.0053357667366285
98.38963892936049,-1802.480469875756,-0.00533572786669545
97.0445347977572,-1803.802368427997,-0.0053356823849224355
95.63113829392492,-1805.1007583544704,-0.00533563012129612
94.15029623837717,-1806.370775462085,-0.005335571000827599
92.60295969977508,-1807.6073347310207,-0.005335505037738386
90.99016991786604,-1808.8051475037405,-0.005335432319624189
89.31304047068507,-1809.958740400315,-0.005335352979560781
87.5727355432112,-1811.0624754798798,-0.005335267155054169
85.77044419587085,-1812.1105710233126,-0.005335174931953901
83.90735056966835,-1813.097122158676,-0.005335076273306427
81.98459999551963,-1814.0161203912887,-0.005334970932947769
80.00326099273228,-1814.8614709373358,-0.005334858354688166
77.96428313866993,-1815.6270065962776,-0.005334737560145797
75.8684507607878,-1816.306496734843,-0.005334607027718263
73.71633233520251,-1816.8936497947234,-0.005334464569358488
71.5082253644575,-1817.3821075763162,-0.00533430721506889
69.24409634352787,-1817.765429389583,-0.005334131122452845
66.92351520166737,-1818.037063997434,-0.0053339315461471415
64.54558332694624,-1818.1903071065703,-0.005333702933455697
62.10885394735012,-1818.2182419936396,-0.0053334392772192984
59.61124328135203,-1818.113660720805,-0.0053331349825604946
57.04993054038438,-1817.868963371527,-0.00533278674559412
54.42124469229152,-1817.476032998943,-0.00533239740095226
51.72053614121985,-1816.9260848954743,-0.005331983548238384
48.94203267836952,-1816.2094911198658,-0.00533159029517094
46.078682277721676,-1815.3155864749324,-0.005331318981145472
43.12199266999538,-1814.2324733181274,-0.005331377149250471
40.0618932679412,-1812.9468655497478,-0.005332161652713552
36.886676811023236,-1811.4440579119114,-0.00533437303246842
33.58314018329338,-1809.708195069431,-0.005339088173755613
30.13715845555884,-1807.7231765701763,-0.005347469008665229
26.53511652963718,-1805.4748000004274,-0.005359167376280283
22.766868447470408,-1802.9550837351476,-0.005367845169676144
18.830983763502562,-1800.1698190673749,-0.005355208027683744
14.742293597500638,-1797.1493157838363,-0.005299883836489272
10.539122459084243,-1793.9585596342213,-0.005224134254000035
6.2838023523875295,-1790.6976411973305,-0.005211277176886853
2.050853288351344,-1787.4844988881125,-0.005287106775561767
-2.092775905143154,-1784.426295295824,-0.00537105328802312
-6.102345057509784,-1781.5980836980384,-0.0054079725717883775
-9.957548845803684,-1779.0392248178064,-0.00540942664320454
-13.656274829674288,-1776.762013849087,-0.005399881032293052
-17.206796836074812,-1774.7626947328677,-0.005391216930277665
-20.62193147390664,-1773.0297865767047,-0.005385961938493722
-23.9155827521831,-1771.5490569348756,-0.005383440696881792
-27.10099227515228,-1770.3060735650167,-0.005382557434273849
-30.189982081095845,-1769.287330863733,-0.005382516617366662
-33.1927128766879,-1768.4806252420374,-0.005382851750304951
-36.117687016674715,-1767.8750663821838,-0.005383317301703272
-38.97185554146723,-1767.4609290780827,-0.005383794543266873
-41.76076058409246,-1767.2294486461344,-0.005384232083809337
-44.488681876278555,-1767.172609514317,-0.0053846124782204186
-47.15877472942929,-1767.282949564503,-0.00538493453422717
-49.77319577036551,-1767.5533894743032,-0.005385204258345766
-52.33321668574239,-1767.9770899099383,-0.005385430340520969
-54.839327756271054,-1768.5473364549755,-0.0053856219539341055
-57.29133330519546,-1769.2574508406205,-0.005385787709730749
-59.68844098337155,-1770.1007264832374,-0.0053859351782961085
-62.02934638818537,-1771.0703861024422,-0.005386070687723787
-64.31231402839168,-1772.1595590896802,-0.005386199262513713
-66.53525518389081,-1773.3612762406106,-0.005386324640934248
-68.69580280895505,-1774.6684794293703,-0.00538644934388266
-70.79138330764788,-1776.0740437885343,-0.005386574782949793
-72.81928477670176,-1777.5708099735946,-0.005386701399489269
-74.77672116183152,-1779.1516241438542,-0.005386828827033341
-76.66089170140734,-1780.8093833882826,-0.005386956068440085
-78.46903502659421,-1782.5370844662673,-0.005387081678662753
-80.1984773377406,-1784.327873916351,-0.005387203943790553
-81.84667417050797,-1786.1750978047633,-0.0053873210481949485
-83.41124538956133,-1788.0723496315254,-0.005387431222253269
-84.89000319079588,-1790.0135151757909,-0.005387532865626099
-86.2809730442636,-1791.9928133342346,-0.005387624642070321
-87.58240765963988,-1794.0048322776356,-0.005387705544299237
-88.79279419609045,-1796.0445605129348,-0.005387774928834688
-89.91085506211266,-1798.1074126838837,-0.005387832522899316
-90.93554275323697,-1800.1892501670902,-0.005387878406466484
-91.86602925287781,-1802.2863967174696,-0.005387912974168074
-92.70169057217505,-1804.3956495849916,-0.005387936882389255
-93.4420870279518,-1806.5142866618796,-0.005387950986811774
-94.08693985490663,-1808.6400703261318,-0.0053879562766336875
-94.6361047210906,-1810.7712487247709,-0.0053879538103043245
-95.08954266787927,-1812.9065552907996,-0.005387944657571531
-95.44728893123595,-1815.0452073141707,-0.0053879298521959385
-95.70942002507371,-1817.1869043918366,-0.0053879103592056055
-95.8760193858254,-1819.3318275668516,-0.00538788706107951
-95.94714179694407,-1821.4806399314884,-0.005387860768337305
-95.922776741839,-1823.6344894108986,-0.005387832262824688
-95.80281078567123,-1825.795014353054,-0.005387802386621843
-95.58698907772718,-1827.964352409812,-0.005387772197410712
-95.27487612283478,-1830.1451529713743,-0.005387743222882158
-94.86581613308506,-1832.3405930586832,-0.005387717864085317
-94.35889360404198,-1834.554395997558,-0.005387700019999997
-93.75289536393345,-1836.7908512530364,-0.005387696029587552
-93.04627637884823,-1839.0548322684026,-0.005387716037683177
-92.23713330645505,-1841.351806683828,-0.005387775844249987
-91.32319254043419,-1843.6878293850673,-0.005387899083123315
-90.30182379223072,-1846.0695027183344,-0.005388118956458854
-89.17009676354803,-1848.5038789719304,-0.005388477256677682
-87.92490778743914,-1850.9982669659385,-0.005389015341666692
-86.56321548959059,-1853.5598872000767,-0.0053897467215673345
-85.08243760575728,-1856.1953011122419,-0.005390596384930113
-83.48106834374637,-1858.9095289429408,-0.005391299626070101
-81.75956121255848,-1861.7047897033558,-0.005391301876706223
-79.92145817401983,-1864.5788850752592,-0.005389819006550667
-77.97460181423797,-1867.5234501768398,-0.005386319728544642
-75.93205001760269,-1870.5225995959402,-0.005381421442070433
-73.81213586562095,-1873.552749510976,-0.00537730670922798
-71.63720999421425,-1876.5842727456084,-0.00537643866026194
-69.43112030869524,-1879.5849269959465,-0.005379340671728627
-67.21618233053812,-1882.524021034098,-0.005384157752526875
-65.01070210458951,-1885.3758453095622,-0.0053885179751755885
-62.82774721459674,-1888.1213948152415,-0.005391223803099976
-60.67517474285524,-1890.7483632869817,-0.005392337341799447
-58.556461039616124,-1893.25003276053,-0.005392447325633043
-56.47181569021534,-1895.6237709175166,-0.005392107150118619
-54.419233218408436,-1897.869612895001,-0.0053916569770979805
-52.395332575983105,-1899.9891332794398,-0.005391253407877272
-50.395962762157865,-1901.9846375142592,-0.005390945270082881
-48.4166106346534,-1903.858622987182,-0.005390731905876578
-46.45266138018474,-1905.6134407593602,-0.005390595711810775
-44.499557216554464,-1907.2510960269842,-0.005390516927915812
-42.55288937865223,-1908.7731401171293,-0.005390478977881585
-40.60844823989854,-1910.1806209720592,-0.0053904695641708855
-38.662248385154115,-1911.4740701759597,-0.005390480176497903
-36.71053969576862,-1912.6535125005769,-0.0053905051901264045
-34.749811592075204,-1913.7184893149335,-0.005390541002807225
-32.776794991944506,-1914.6680907279579,-0.005390585337437415
-30.7884648612254,-1915.5009935928554,-0.005390636717425679
-28.78204514121186,-1916.2155039192469,-0.005390694083162728
-26.75501712416891,-1916.8096030992447,-0.00539075651338905
-24.705131866281263,-1917.280997843473,-0.005390823024740143
-22.63042688373481,-1917.6271739617896,-0.005390892430853
-20.529247111366264,-1917.8454541864014,-0.0053909632499298255
-18.40026987673728,-1917.9330601701568,-0.00539103365781024
-16.242533433842972,-1917.8871786322663,-0.005391101483969152
-14.055468399624274,-1917.7050313916393,-0.0053911642514012925
-11.838931241191016,-1917.3839487456487,-0.00539121925914543
-9.593238776726288,-1916.9214453408572,-0.00539126370239984
-7.3192024875267085,-1916.3152973649676,-0.005391294822844728
-5.01816130431918,-1915.5636195906661,-0.00539131007518634
-2.6920114403405004,-1914.6649405469093,-0.005391307295496972
-0.34323180768917594,-1913.618273904529,-0.005391284852588996
2.0250964202632575,-1912.423184058964,-0.005391241769022059
4.409277446495044,-1911.0798438843217,-0.005391177800138536
6.804996881278496,-1909.5890827213339,-0.005391093468038122
9.207327153803176,-1907.9524228389441,-0.005390990054674916
11.610743045276745,-1906.172102858582,-0.005390869563953515
14.009147811116865,-1904.2510869295238,-0.005390734664004526
16.39591007266591,-1902.193058769911,-0.005390588621299486
18.76391136630788,-1900.0024000211538,-0.005390435228896706
21.105603942928205,-1897.6841526911633,-0.005390278724433983
23.413078110641017,-1895.2439657809562,-0.0053901236825453225
25.67813810208147,-1892.6880265053446,-0.005389974862922031
27.892385117438987,-1890.0229768426636,-0.005389836994670105
30.047305843008143,-1887.2558164919474,-0.005389714486941699
32.13436437798468,-1884.3937936832053,-0.00538961107157121
34.14509513647542,-1881.4442856697904,-0.005389529406620852
36.07119395584004,-1878.41467110779,-0.00538947068422857
37.90460437400846,-1875.3121968566768,-0.005389434302657037
39.63759587770419,-1872.1438419672584,-0.005389417659479534
41.26283090575235,-1868.9161817025006,-0.005389416108378953
42.773417538257156,-1865.6352543150151,-0.005389423092672985
44.1629451138693,-1862.306432947999,-0.005389430435236875
45.425500469379614,-1858.9343044221066,-0.005389428727070822
46.55566304016551,-1855.5225558312413,-0.005389407739137653
47.54847762943157,-1852.073868828927,-0.005389356771093645
48.399404171573536,-1848.5898202912522,-0.0053892648740436755
49.104244204148614,-1845.0707867443655,-0.0053891209218690506
49.6590439602921,-1841.5158485924587,-0.005388913587459854
50.05997396042101,-1837.9226888175697,-0.005388631406319178
50.303184720713354,-1834.2874794893291,-0.005388263351164824
50.384637774969725,-1830.6047481988787,-0.0053878008024277335
50.29991081530148,-1826.8672156044177,-0.00538724273547686
50.043975821322974,-1823.0655951091485,-0.005386607839803048
49.61095048054816,-1819.188347376323,-0.005385961053381294
48.9938279439141,-1815.221388387368,-0.005385469061288006
48.184202109904156,-1811.14776549021,-0.005385510765776758
47.17203377284739,-1806.9473530009543,-0.005386879610185247
45.945564627992056,-1802.5967015792983,-0.005391088641903963
44.491614936172894,-1798.069350909805,-0.005400570937528215
42.796751840990645,-1793.3372621165947,-0.00541767673387028
40.85024031863929,-1788.374623291928,-0.005439082574913101
38.65016860012196,-1783.1659802520592,-0.005441429670561604
36.21384762171324,-1777.7203235885552,-0.005375626930053556
33.59032482473777,-1772.0883793003918,-0.005242466932479317
30.865430455452532,-1766.3701351489512,-0.00519451376897706
28.146896830723303,-1760.6954443270758,-0.0053176492209381365
25.53323711501651,-1755.1824631899526,-0.005454283521377334
23.089716117841505,-1749.905622182032,-0.005501905614522684
20.845634527698984,-1744.8924150311357,-0.0054952861831907285
18.805105320130266,-1740.1382107208913,-0.005478561108709812
16.95897558884349,-1735.6222979083118,-0.0054669405829486095
15.292825537541809,-1731.3184275209073,-0.005461226133103736
13.791206524678145,-1727.2002204682408,-0.005459171669109253
12.43954161538554,-1723.243447724219,-0.005458931443477866
11.22481375445378,-1719.4267299843282,-0.005459449631626256
10.135690102287791,-1715.7315322313605,-0.005460206269741974
9.162410810461587,-1712.1418866634876,-0.005460971375544688
8.296596728646872,-1708.6440417207457,-0.005461656623090505
7.531044321895492,-1705.2261202329817,-0.005462238110965245
6.8595353140632165,-1701.8778168313365,-0.0054627188938347615
6.276670019690854,-1698.5901415858727,-0.005463111669573806
5.777725297326298,-1695.3552074257075,-0.005463431193611257
5.358534903046456,-1692.166055683553,-0.005463691233821066
5.0153890635248874,-1689.0165135541943,-0.005463903571989448
4.744950067450654,-1685.9010777534324,-0.005464077879848261
4.544181012959443,-1682.8148194928124,-0.0054642219308576045
4.410285286964915,-1679.7533067423606,-0.005464341908627546
4.340654779586596,-1676.7125405233132,-0.005464442712289852
4.33282521210484,-1673.688902623394,-0.005464528222626441
4.384437269834161,-1670.6791126612306,-0.005464601520277057
4.493202484825519,-1667.680192859038,-0.0054646650590584045
4.656873015016034,-1664.6894392314205,-0.00546472080074345
4.873214625166866,-1661.7043981793377,-0.005464770318514667
5.139982299282406,-1658.7228477052884,-0.005464814875539403
5.454898012201176,-1655.7427826486623,-0.005464855483811704
5.815630267155177,-1652.7624034858886,-0.0054648929478542385
6.219775073423654,-1649.780108352375,-0.005464927896376537
6.664838100718956,-1646.7944880235966,-0.005464960804639318
7.14821781153266,-1643.8043236400838,-0.005464992009853731
7.667189446082423,-1640.8085869727547,-0.005465021721091645
8.218889822981474,-1637.806442997399,-0.005465050025801332
8.80030302740363,-1634.7972544764377,-0.005465076894555665
9.408247190297299,-1631.780588130265,-0.005465102186033022
10.039362716621236,-1628.7562218206272,-0.005465125654490421
10.690102492184957,-1625.724151971183,-0.0054651469622815085
11.356724775627502,-1622.6846002296152,-0.00546516569948885
12.03528964514672,-1619.6380181545599,-0.005465181412528608
12.721659992316008,-1616.5850885216673,-0.005465193642097077
13.411508105722392,-1613.5267217266853,-0.005465201968794631
14.100328831715112,-1610.464045763272,-0.005465206062506667
14.78346010942628,-1607.3983884092238,-0.005465205728953038
15.456111336097276,-1604.3312505933386,-0.0054652009454354555
16.113399530801743,-1601.2642704390228,-0.005465191877680908
16.750392660414942,-1598.1991781611064,-0.00546517887165443
17.362158829137073,-1595.1377427660768,-0.0054651624185932945
17.943819392110754,-1592.0817122809256,-0.005465143096126113
18.490603524649924,-1589.0327499046327,-0.005465121493651637
18.997901444226642,-1585.9923689361601,-0.005465098133111468
19.461313400817733,-1582.9618695070465,-0.0054650733965377896
19.87669174246457,-1579.942280001831,-0.005465047469936479
20.240173803507073,-1576.9343056028213,-0.005465020308349722
20.54820399076524,-1573.9382857109097,-0.005464991622286419
20.797544170249065,-1570.9541611667669,-0.005464960881113257
20.985272188210036,-1567.9814513336362,-0.005464927325979474
21.10876900940402,-1565.0192403017027,-0.005464889983702648
21.16569545851258,-1562.0661708071386,-0.005464847672532969
21.153959872356882,-1559.120443966022,-0.005464798992466768
21.071678103186386,-1556.1798226106844,-0.005464742292929259
20.917127271361334,-1553.2416358624316,-0.005464675612625314
20.68869447738655,-1550.3027825399267,-0.005464596585586179
20.384821381891605,-1547.359731036843,-0.00546450230757678
20.003945179097375,-1544.4085133532185,-0.005464389155267924
19.54443604859208,-1541.444710981788,-0.0054642525489505545
19.00453068557305,-1538.4634302868653,-0.005464086648267141
18.382260983207868,-1535.459264825769,-0.005463883971593475
17.675376362944494,-1532.426241709089,-0.0054636349378753835
16.881257599375694,-1529.3577485324151,-0.005463327355613501
15.996819237303718,-1526.246436590962,-0.005462945947513731
15.018396818614548,-1523.0840949606206,-0.005462472151450015
13.941614103444332,-1519.8614885543443,-0.00546188478393006
12.761224300527747,-1516.568151444653,-0.005461162928252605
11.47091813978965,-1513.1921247143925,-0.005460294129267851
10.063090818659896,-1509.719626331496,-0.005459294771203105
8.528560465027253,-1506.1346403488653,-0.005458257750795781
6.856235316748499,-1502.4184174185402,-0.0054574597951564385
5.032741330583424,-1498.5488962031084,-0.005457593659308202
3.042060381103654,-1494.5001047168653,-0.005460237384955491
0.8653233221781635,-1490.2417254863303,-0.00546865967635668
-1.5188795907250285,-1485.7393037091838,-0.005488554694249359
-4.132836486289327,-1480.95622564874,-0.005525628284342332
-6.994982460181899,-1475.8598239807877,-0.005568877256383331
-10.109307683170655,-1470.4355000960286,-0.0055465822397735565
-13.447001834128272,-1464.7116473258754,-0.005341009818216946
-16.927071701394244,-1458.7863660086741,-0.0051024744624115215
-20.418727525786785,-1452.824723871312,-0.005253761477383989
-23.781739500866983,-1447.0040930133039,-0.0055933657009923365
-26.915424943320794,-1441.4477323144465,-0.005731411931890307
-29.77428005342313,-1436.204165401712,-0.005717871683568632
-32.35288926366808,-1431.268390947802,-0.005679286852771526
-34.66555821184662,-1426.6098458317988,-0.005655256452527624
-36.73300784661439,-1422.1903877054451,-0.005645118723737852
-38.57598897603346,-1417.972722396372,-0.005642397147820333
-40.21285422676041,-1413.9234554419515,-0.005642807962175311
-41.65895523358582,-1410.0137200321528,-0.005644260617337693
-42.92677027431409,-1406.2188758662141,-0.0056458752944159585
-44.02627381897668,-1402.5179342070676,-0.0056473327658181915
-44.965349123334114,-1398.8929687224525,-0.0056485494591029806
-45.750171782107415,-1395.3286012451165,-0.005649531508769456
-46.385544521986986,-1391.8115827162437,-0.005650313248054317
-46.87518360774906,-1388.3304640219771,-0.005650932978003453
-47.22196379227964,-1384.875343576427,-0.005651424522998383
-47.42812983843179,-1381.437677454123,-0.005651815184126718
-47.4954816894023,-1378.0101391206904,-0.005652126100244459
-47.425538772926174,-1374.5865175622696,-0.005652373372331709
-47.2196872538816,-1371.1616442276038,-0.0056525693026756585
-46.879312513043736,-1367.7313405034022,-0.0056527235121137664
-46.40591780688548,-1364.2923784668676,-0.005652843857685497
-45.80122899150966,-1360.8424484932114,-0.005652937129031699
-45.067284400907894,-1357.3801280525386,-0.005653009518242769
-44.20650848265973,-1353.9048468136225,-0.005653066866939227
-43.22176763449048,-1350.4168440618594,-0.005653114704253781
-42.11640685941053,-1346.9171154800479,-0.005653158109327094
-40.89426634672629,-1343.4073475354157,-0.005653201453085899
-39.55967783965629,-1339.8898390209213,-0.005653248093910435
-38.1174415823501,-1336.3674106288727,-0.0056533001112253345
-36.572785637225294,-1332.8433046777754,-0.00565335815323742
-34.93131030183269,-1329.321078147846,-0.005653421450539042
-33.19892111270497,-1325.804492899795,-0.0056534880097132145
-31.381754406899386,-1322.297407283538,-0.005653554961043028
-29.48609956610212,-1318.8036732664625,-0.005653619000618448
-27.5183218875166,-1315.327042756682,-0.005653676852197975
-25.48478955094987,-1311.871086044302,-0.0056537256747652975
-23.391807458798084,-1308.4391243434281,-0.005653763361566533
-21.24555991066838,-1305.0341774107717,-0.005653788703030571
-19.052063234699993,-1301.6589262559016,-0.005653801414219117
-16.81712871778145,-1298.3156901320506,-0.005653802049470968
-14.546335518542909,-1295.0064163614156,-0.005653791839923983
-12.245012745405818,-1291.7326811281596,-0.005653772492042464
-9.918229547142358,-1288.49569916012,-0.005653745981202718
-7.570791885268557,-1285.2963401898337,-0.005653714365571716
-5.207244612644556,-1282.1351501981144,-0.0056536796351611684
-2.8318775405487147,-1279.0123756562002,-0.0056536436024163805
-0.44873430561796934,-1275.927989254662,-0.005653607833130181
1.9383769805689781,-1272.881715904057,-0.0056535736126992475
4.325872126920007,-1269.8730580867693,-0.005653541940349172
6.710378941468268,-1266.9013199127414,-0.005653513543236954
9.088725454718404,-1263.9656294722747,-0.005653488903824666
11.45792859295114,-1261.0649592811487,-0.0056534682939659575
13.815183474699237,-1258.1981447757844,-0.005653451811690857
16.157853396619014,-1255.3639009409794,-0.005653439417242723
18.483460491907252,-1252.560837243639,-0.005653430966324535
20.789676982918298,-1249.787471107629,-0.005653426239465631
23.074316906778545,-1247.0422402024521,-0.0056534249667805625
25.33532816545491,-1244.3235138367334,-0.005653426848239107
27.570784736898435,-1241.6296037509626,-0.005653431569561107
29.778878878834213,-1238.9587745964368,-0.00565343881380187
31.957913159180013,-1236.3092543720595,-0.005653448269578476
34.106292155073554,-1233.6792450701357,-0.005653459635800218
36.222513674666594,-1231.0669337583508,-0.0056534726237496
38.30515937126663,-1228.4705042989824,-0.00565348695679635
40.35288463759671,-1225.8881498785815,-0.005653502368113905
42.364407688863324,-1223.3180864918472,-0.005653518596909102
44.33849776735023,-1220.7585674915936,-0.005653535383635777
46.273962429147254,-1218.2078992814002,-0.0056535524644028
48.16963390646147,-1215.6644581871149,-0.005653569565429173
50.02435457807126,-1213.1267084957838,-0.00565358639797342
51.836961627327334,-1210.5932215935325,-0.005653602654382972
53.6062710230948,-1208.0626960649809,-0.005653618006206784
55.33106102529607,-1205.5339785337994,-0.005653632105298456
57.01005549379056,-1203.006084925395,-0.005653644588690554
58.641907366742814,-1200.478221718011,-0.005653655088244669
60.225182770440696,-1197.9498066189865,-0.005653663245868579
61.75834632279176,-1195.4204879623433,-0.005653668734306727
63.23974829103838,-1192.8901619791343,-0.005653671283287309
64.6676143513577,-1190.358986953889,-0.005653670709390823
66.04003876184368,-1187.8273931637964,-0.005653666946938252
67.35498178634228,-1185.296087420644,-0.005653660076124112
68.61027217877827,-1182.7660510203427,-0.005653650342984484
69.80361544049522,-1180.2385299731166,-0.0056536381658709445
70.93260838436161,-1177.7150165585444,-0.005653624123139522
71.99476027291475,-1175.1972215363633,-0.005653608919111264
72.98752044718304,-1172.6870367477989,-0.005653593328069029
73.90831194388396,-1170.186488349558,-0.005653578120655034
74.7545701406997,-1167.6976815022622,-0.005653563980859033
75.52378501374979,-1165.222737938725,-0.005653551425610637
76.21354518784082,-1162.7637284035827,-0.005653540739581686
76.82158165968774,-1160.3226024174326,-0.005653531936324896
77.34580892128183,-1157.901118113545,-0.0056535247519118315
77.7843612338566,-1155.500774976815,-0.005653518671285163
78.13562200968727,-1153.1227521611488,-0.005653512980344999
78.39824463204626,-1150.7678546810628,-0.005653506832729249
78.57116354327005,-1148.436469203367,-0.005653499317206823
78.65359500100979,-1146.1285304660562,-0.005653489513224308
78.64502748010453,-1143.8434985973527,-0.005653476525404599
78.54520222168557,-1141.580346872335,-0.005653459491911761
78.35408485299303,-1139.337558791116,-0.005653437566616404
78.07182928874843,-1137.1131328358063,-0.005653409877316662
77.69873526424988,-1134.9045928854996,-0.005653375463612775
77.23520084511554,-1132.709002038918,-0.005653333197720656
76.68167112507446,-1130.5229774942075,-0.005653281689415479
76.03858408501965,-1128.3427041323766,-0.005653219173778368
75.30631426919761,-1126.1639445052683,-0.005653143377575276
74.48511456059605,-1123.9820429982842,-0.005653051357844774
73.57505592378722,-1121.7919219806658,-0.005652939303352866
72.5759645378574,-1119.5880677325065,-0.0056528022903421515
71.48735526352033,-1117.3645038107713,-0.005652633984521316
70.30835986667496,-1115.1147492505602,-0.005652426292471091
69.03764783658346,-1112.8317585567027,-0.005652168988344641
67.67333696500782,-1110.5078397880704,-0.005651849401312248
66.21289006560811,-1108.134546138952,-0.005651452379275668
64.65299329213848,-1105.7025352593823,-0.005650961036337776
62.98941047519857,-1103.2013891574145,-0.0056503594233703325
61.21680684901583,-1100.6193860444682,-0.00564963963676135
59.32853481687788,-1097.9432143821632,-0.005648818832163727
57.316374871015356,-1095.1576198542245,-0.005647977866875209
55.17022851977832,-1092.2449808864035,-0.005647346027053857
52.87777191781836,-1089.1848243583981,-0.005647479891226936
50.4241098445175,-1085.9533355622734,-0.005649616959068737
47.79154411716383,-1082.5230192251397,-0.0056562755701143885
44.95973982387366,-1078.8629033375528,-0.005671842441920205
41.90693242133792,-1074.9401787671945,-0.0057011902653982816
38.61348764357652,-1070.725104083793,-0.0057391589296145185
35.0699888557735,-1066.2022225820497,-0.005740249581389634
31.291726945706063,-1061.3905527060053,-0.005609420063631632
27.33598381875925,-1056.367794780557,-0.00538650411665742
23.306059636918995,-1051.2762015149972,-0.005397507508956068
19.324691369697607,-1046.285811188813,-0.005662132774759243
15.490857554041826,-1041.5344218021546,-0.005839552779452362
11.856713716497003,-1037.0955037615888,-0.005864211067734715
8.434020159354548,-1032.9871068226398,-0.005836778496398409
5.211426897083144,-1029.195805922051,-0.005811861967089271
2.1681411216720985,-1025.6955729195868,-0.005798529978314093
-0.7186147643822367,-1022.4580163523539,-0.005793170546194659
-3.4703478497632987,-1019.4568043000266,-0.005791836754998059
-6.106192530101221,-1016.6691219633549,-0.00579221068343827
-8.642757411006754,-1014.0758305141145,-0.00579316745672287
-11.094334937384414,-1011.6611340037549,-0.005794219190001115
-13.47321477610434,-1009.4121076211758,-0.00579517929327622
-15.78999580767002,-1007.3182286349208,-0.005795993485623541
-18.053859479120685,-1005.3709584570735,-0.005796661135519798
-20.272795722169885,-1003.5633857785318,-0.005797200407943848
-22.453783688241828,-1001.889926140849,-0.005797633604739616
-24.602933176460414,-1000.3460688861901,-0.005797981518920636
-26.725593248737102,-998.9281621218483,-0.0057982616795690944
-28.826434054633765,-997.6332275473883,-0.005798488190784212
-30.90950713301676,-996.4587986342049,-0.005798672155037821
-32.97828873224029,-995.4027772891892,-0.005798822252476299
-35.0357100953369,-994.4633056219436,-0.005798945303322256
-37.084178198498684,-993.6386507216297,-0.005799046750546211
-39.12559007883474,-992.9271014228354,-0.005799131044236461
-41.161343596304576,-992.3268768932727,-0.005799201926958375
-43.192347198855806,-991.8360475002676,-0.005799262625259871
-45.219030959025105,-991.4524687970103,-0.005799315957800033
-47.241360795499936,-991.1737296068728,-0.005799364373681115
-49.258857370084705,-990.9971150798373,-0.005799409940660638
-51.27062066176538,-990.9195852717057,-0.005799454305792651
-53.27536068440959,-990.9377692970926,-0.0057994986527365455
-55.27143426617663,-991.0479744928651,-0.005799543677522223
-57.25688728845775,-991.2462093742164,-0.005799589597957677
-59.229501332998694,-991.5282185490762,-0.005799636203022374
-61.1868433446662,-991.8895272490347,-0.0057996829388926585
-63.126316708908114,-992.3254927903419,-0.005799729020569799
-65.04521207639021,-992.8313601271105,-0.005799773553059495
-66.94075633534652,-993.4023187048251,-0.005799815645897155
-68.8101583136861,-994.0335580460388,-0.005799854508048874
-70.65065005718833,-994.720319864127,-0.005799889514416456
-72.45952284237924,-995.4579449573325,-0.005799920242005818
-74.23415740907515,-996.2419136340529,-0.005799946477840656
-75.97204820921067,-997.067878915853,-0.005799968204574846
-77.67082174389606,-997.931692220641,-0.005799985570920541
-79.32824928627663,-998.8294216197063,-0.005799998854147503
-80.94225445794613,-999.7573630752213,-0.005800008420775882
-82.51091624192418,-1000.7120452956622,-0.0058000146898651295
-84.0324680805823,-1001.6902289994364,-0.005800018101791871
-85.50529373016289,-1002.6889014610244,-0.0058000190936087215
-86.92792053361968,-1003.7052672411709,-0.005800018081229208
-88.29901073934785,-1004.73673598597,-0.005800015447806839
-89.61735144307441,-1005.7809081314513,-0.005800011537278937
-90.88184367058757,-1006.8355592813828,-0.005800006652086687
-92.09149105548558,-1007.8986239454998,-0.005800001053616999
-93.24538850268347,-1008.9681792402438,-0.005799994964847954
-94.34271116769415,-1010.0424290693752,-0.0057999885739707935
-95.38270402527925,-1011.119689220891,-0.005799982038515061
-96.36467224965436,-1012.1983737414042,-0.005799975489684472
-97.28797258209974,-1013.2769828803284,-0.005799969036273556
-98.15200582018674,-1014.3540928338251,-0.00579996276820971
-98.95621052522242,-1015.428347461866,-0.005799956759416247
-99.70005801014892,-1016.4984521000317,-0.005799951070151632
-100.38304863820566,-1017.563169539677,-0.005799945748729107
-101.00470943244508,-1018.6213182047903,-0.005799940832544093
-101.56459296712231,-1019.6717725103316,-0.005799936348838797
-102.0622774836908,-1020.71346534436,-0.005799932314968004
-102.4973681465134,-1021.745392574523,-0.005799928738500437
-102.86949932657592,-1022.7666194384805,-0.005799925617027024
-103.1783377758499,-1023.7762886379788,-0.005799922938088065
-103.42358653108927,-1024.773629918333,-0.0057999206791028435
-103.60498936452886,-1025.7579708800843,-0.00579991880720665
-103.72233558103785,-1026.7287487389053,-0.005799917279375899
-103.77546494764708,-1027.685522724817,-0.0057999160424175855
-103.76427253281301,-1028.627986793943,-0.0057999150330176885
-103.68871322994151,-1029.5559823166473,-0.005799914177684995
-103.54880574296362,-1030.4695104060322,-0.005799913392554812
-103.34463582122802,-1031.3687435611594,-0.005799912582819644
-103.07635854640588,-1032.2540363202247,-0.005799911642041522
-102.74419949491214,-1033.1259346501106,-0.005799910451047552
-102.34845462463636,-1033.9851838395396,-0.005799908876622073
-101.88948876339104,-1034.832734712401,-0.005799906769906826
-101.3677326070823,-1035.669748034237,-0.005799903964750719
-100.78367816674408,-1036.4975970466653,-0.00579990027587618
-100.13787263378839,-1037.317868129873,-0.005799895496943375
-99.43091066070562,-1038.1323596604016,-0.005799889398396374
-98.6634250787092,-1038.9430791985608,-0.005799881724898093
-97.83607609331395,-1039.7522392054377,-0.005799872192087108
-96.94953901258083,-1040.5622515524444,-0.005799860482010644
-96.00449056990969,-1041.375721145792,-0.00579984623686336
-95.00159390307651,-1042.1954390437836,-0.00579982905003984
-93.94148224300952,-1043.0243754964033,-0.005799808453784472
-92.82474134888248,-1043.8656733848786,-0.005799783902030953
-91.65189069968928,-1044.7226425847784,-0.00579975474762584
-90.42336341559304,-1045.5987558215156,-0.005799720211859594
-89.1394848337843,-1046.4976466342848,-0.005799679345084741
-87.80044960171344,-1047.4231101167811,-0.005799630975509729
-86.40629707322597,-1048.3791071648304,-0.005799573643951561
-84.95688469744584,-1049.3697730378833,-0.005799505520815984
-83.45185897239713,-1050.399431140188,-0.005799424301223155
-81.89062339025995,-1051.4726130572728,-0.005799327073704674
-80.27230262217698,-1052.5940860551561,-0.005799210157928059
-78.59570196906304,-1053.7688894771088,-0.005799068908846294
-76.85926083005651,-1055.0023817723506,-0.005798897490619126
-75.0609985988826,-1056.3003002820574,-0.005798688638726901
-73.19845097558343,-1057.6688364115043,-0.005798433461993824
-71.26859416257156,-1059.1147294522698,-0.005798121410217405
-69.26775379245251,-1060.6453830935236,-0.005797740689473585
-67.19149472488407,-1062.2690095531764,-0.005797279734931493
-65.03448712029989,-1063.9948071657755,-0.005796731036735281
-62.79034364762365,-1065.8331779001899,-0.005796100032881668
-60.451422798234766,-1067.7959909547126,-0.0057954246794267306
-58.00859518396988,-1069.896895703688,-0.005794817043344835
-55.450975907380894,-1072.1516783132586,-0.00579454883264674
-52.76564211841348,-1074.578633573832,-0.005795218825841886
-49.93739254319105,-1077.198870337001,-0.005798049328561206
-46.948689596387695,-1080.0363510727668,-0.0058052861719133375
-43.78010160599167,-1083.117217763411,-0.005820221972225426
-40.41190583024322,-1086.4674752409398,-0.0058446903861941735
-36.828065134652604,-1090.1073294423236,-0.005868424170209607
-33.02426107069158,-1094.0398213135798,-0.00584859280302652
-29.020601640925314,-1098.2328969231007,-0.005727474678550948
-24.87410685313261,-1102.6018100075103,-0.005578666226163875
-20.677422473592248,-1107.0109250586245,-0.005619747942507303
-16.533998199179504,-1111.3086821350646,-0.005812605433540341
-12.524654737200171,-1115.3747679938663,-0.005936538729148566
-8.691652449674317,-1119.1427537048119,-0.005956495551476593
-5.0444370021277045,-1122.5922523163904,-0.005938049759212305
-1.5731660145938573,-1125.7300720287474,-0.005919399570469608
1.740349465548919,-1128.5749281038277,-0.0059085688108417855
4.91637801872783,-1131.1486734092607,-0.005903764737343664
7.974343333719522,-1133.4722023565548,-0.005902269630816193
10.931715073300857,-1135.5639011983549,-0.005902309237132641
13.803752702007289,-1137.4393028166157,-0.005902950909703719
16.603603583079686,-1139.1112502032659,-0.005903756269489691
19.34252117564024,-1140.5902413673844,-0.00590453863859608
22.03010136614483,-1141.8848124565789,-0.005905230071725498
24.67449689990651,-1143.0019019302922,-0.0059058151158914995
27.282597622106536,-1143.9471769566042,-0.0059062995182834754
29.86017604291276,-1144.7253192605601,-0.005906696100375086
32.41200232450776,-1145.3402735984832,-0.005907018769494954
34.94193419660086,-1145.7954635458043,-0.005907280275408766
37.452987382619035,-1146.0939789807646,-0.005907491618835081
39.94739167640052,-1146.2387387159336,-0.0059076621285214515
42.42663719249589,-1146.2326307108733,-0.005907799750787035
44.89151465382166,-1146.07863142681,-0.005907911347936334
47.34215292006592,-1145.7799052506546,-0.005908002923124656
49.77805630785329,-1145.3398845443176,-0.00590807975036256
52.19814361191773,-1144.762330751211,-0.00590814642039561
54.60079011285541,-1144.0513770767084,-0.005908206829017715
56.98387326649381,-1143.2115534991638,-0.005908264140556341
59.34482223348435,-1142.247795200093,-0.005908320757752605
61.680670948234244,-1141.1654358616906,-0.0059083783220064134
63.988114063667375,-1139.9701876079207,-0.005908437756646734
66.26356485535858,-1138.6681096149534,-0.0059084993548541576
68.50321402832869,-1137.265567557418,-0.005908562902893877
70.70308833469758,-1135.769186077271,-0.005908627823174584
72.85910796369373,-1134.1857963682232,-0.005908693319195635
74.96714178398469,-1132.5223807811446,-0.005908758505658085
77.02305967588165,-1130.7860161042095,-0.005908822511996092
79.02278136251782,-1128.9838168887309,-0.005908884553038618
80.96232131338571,-1127.1228799086716,-0.005908943966465685
82.83782943541321,-1125.2102305838453,-0.0059090002217629944
84.64562737766121,-1123.2527719806606,-0.005909052908167567
86.38224035389803,-1121.2572368377255,-0.005909101710360076
88.04442443632581,-1119.2301429462518,-0.005909146381016583
89.6291893009339,-1117.1777521399636,-0.005909186716584358
91.13381641952257,-1115.1060331048802,-0.0059092225417325395
92.55587270464984,-1113.020628192817,-0.0059092537036660175
93.89321962947155,-1110.9268244011205,-0.005909280076805246
95.14401787012002,-1108.8295286544815,-0.005909301575001358
96.30672755642071,-1106.7332474854227,-0.005909318167723221
97.38010426696083,-1104.6420711547628,-0.005909329896406135
98.36319096385834,-1102.5596621821173,-0.0059093368871305785
99.25530612626886,-1100.4892481725121,-0.005909339356595211
100.0560284039944,-1098.433618733699,-0.005909337610169096
100.76517816772181,-1096.395126186149,-0.005909332031375669
101.38279637529278,-1094.3756896803277,-0.0059093230639506444
101.90912120010779,-1092.376802259286,-0.005909311188253774
102.34456287594966,-1090.399540342985,-0.0059092968941723
102.6896772014591,-1088.4445750664372,-0.005909280653142446
102.94513811794899,-1086.5121848772376,-0.005909262891241163
103.11170972812577,-1084.6022687881937,-0.0059092439649539585
103.1902180632927,-1082.7143596850062,-0.0059092241407388
103.1815228358151,-1080.847637103773,-0.0059092035786383335
103.08648933509923,-1079.0009389143465,-0.005909182319863149
102.90596054182815,-1077.172771368973,-0.005909160277771441
102.64072944893375,-1075.361316996865,-0.005909137231539852
102.29151149034445,-1073.5644398405814,-0.005909112821960605
101.85891689085928,-1071.779687535839,-0.005909086549186426
101.34342266293874,-1070.0042897300636,-0.005909057772962356
100.74534388883605,-1068.2351523148313,-0.005909025717968142
100.06480383948693,-1066.4688469130674,-0.005908989488887073
99.30170239590343,-1064.7015950152675,-0.005908948105191492
98.45568215742684,-1062.9292461055365,-0.005908900573275311
97.52609155101916,-1061.1472490695785,-0.005908846027091741
96.51194421117938,-1059.3506161555395,-0.005908783992466304
95.41187390888669,-1057.5338788067638,-0.005908714869612197
94.22408442199418,-1055.6910348790382,-0.005908640795110998
92.94629405287955,-1053.815487229716,-0.005908567154135014
91.57567518043585,-1051.899974663175,-0.005908505181853485
90.10879058073513,-1049.936498160057,-0.005908476328780665
88.54153078462885,-1047.9162489442404,-0.00590851931091585
86.86906135513482,-1045.8295515150808,-0.0059087007560307825
85.08579715370621,-1043.66584639785,-0.0059091291993453865
83.1854347803528,-1041.413757368744,-0.005909967417863982
81.16109776443723,-1039.0613210117922,-0.005911423996696641
79.00568535341884,-1036.596507747292,-0.005913671802368015
76.71256518593586,-1034.0082333604973,-0.00591658533299011
74.27679895029719,-1031.2881291508888,-0.005919170509651295
71.6970866505576,-1028.4333343286635,-0.005918847007219341
68.97843874510886,-1025.4503261298387,-0.005911799049552968
66.13506915490045,-1022.3590751115956,-0.005896697975998677
63.192161918367944,-1019.1956255780216,-0.00588057755747684
60.184652466700896,-1016.0104707542513,-0.005876495952081839
57.15216707029174,-1012.861492188511,-0.0058889299283961805
54.1318176198363,-1009.8038257263016,-0.005907943053665932
51.15228248571313,-1006.8814730576736,-0.00592205312899452
48.23147288467378,-1004.1239107883421,-0.005928137736416872
45.37749705879701,-1001.5473221296224,-0.0059288335859601915
42.59121328351055,-999.1580721239336,-0.005927360233332735
39.86888857284281,-996.956351901294,-0.005925573027301567
37.204278899931445,-994.9390300917667,-0.005924159305486398
34.590027287341464,-993.1015603919795,-0.005923226839467333
32.018515841955434,-991.4391300475263,-0.005922685255981719
29.482347075885457,-989.9472899157317,-0.005922413323791176
26.974596033461758,-988.6222604830153,-0.005922312280890907
24.488929774401267,-987.4610461870708,-0.005922313689897152
22.01965473587565,-986.4614407140668,-0.005922373594138719
19.56172803454004,-985.6219723152847,-0.0059224647801059405
17.110753392979966,-984.9418172042787,-0.005922570540541017
14.66297308373435,-984.4206966113967,-0.005922680373988243
12.21526177701279,-984.0587659073285,-0.005922787244006855
9.765124932755294,-983.8565002537986,-0.005922885931646249
7.3107024539009,-983.8145791889992,-0.005922972113470593
4.8507771584146955,-983.9337716185928,-0.005923041912655691
2.3847869124896985,-984.2148223871584,-0.005923091756724119
-0.08716118139419642,-984.6583416628672,-0.005923118431152119
-2.5642764238906026,-985.2646986002705,-0.005923119249665376
-5.045072016569847,-986.0339210347582,-0.005923092280784914
-7.5273564888316375,-986.9656032271588,-0.005923036580551155
-10.008231062157389,-988.0588238624978,-0.005922952390172043
-12.484094797355398,-989.3120765766009,-0.005922841267093304
-14.950659111910541,-990.7232152182319,-0.005922706127854838
-17.402972908384374,-992.2894158484307,-0.00592255119375551
-19.83545913442888,-994.0071571420059,-0.005922381839539526
-22.241963117991123,-995.8722204090092,-0.005922204354558147
-24.615812507760264,-997.8797099240511,-0.0059220256299674645
-26.94988811941494,-1000.0240936691797,-0.005921852786901383
-29.23670446239042,-1002.2992639921224,-0.005921692761958752
-31.468498217857338,-1004.6986170837819,-0.005921551866418184
-33.63732247354607,-1007.2151496117567,-0.005921435340308534
-35.7351441122209,-1009.8415703332919,-0.005921346927532767
-37.753941416367546,-1012.570424074547,-0.005921288507398259
-39.68579871159133,-1015.3942251284656,-0.005921259819832159
-41.52299474476301,-1018.3055969183505,-0.005921258323787981
-43.25808149637548,-1021.2974147269332,-0.005921279215218789
-44.88395026885283,-1024.362948427283,-0.0059213156132358336
-46.39388217100149,-1027.496002491189,-0.005921358897364115
-47.78158051585093,-1030.6910510999628,-0.005921399152459372
-49.04118313139719,-1033.9433669345813,-0.005921425658620194
-50.16725310406705,-1037.2491431541357,-0.005921427359897535
-51.15474697738982,-1040.605609147909,-0.005921393258624619
-51.99895985742249,-1044.0111418215167,-0.005921312727842576
-52.695447186563456,-1047.4653753985044,-0.0059211758110642165
-53.23992311818881,-1050.9693139222652,-0.00592097372192768
-53.62813548189799,-1054.5254517395656,-0.005920700005560775
-53.85571738112127,-1058.1379080792642,-0.005920353292520275
-53.9180157703919,-1061.8125820914902,-0.005919943464888888
-53.8098984663186,-1065.5573337164285,-0.005919504732190717
-53.52554406965119,-1069.382192099072,-0.005919122136553767
-53.05822646058454,-1073.2995840192596,-0.005918982820148244
-52.40012135077717,-1077.3245539476648,-0.005919468531534022
-51.542195580376536,-1081.4749028666586,-0.005921300527248263
-50.47430675812752,-1085.7710821317282,-0.005925687197592566
-49.18576872395229,-1090.2355026050102,-0.0059341659241525235
-47.666860201424385,-1094.8906091512192,-0.005947078728233635
-45.91206096787999,-1099.7546311469578,-0.005958501365046942
-43.925961831992595,-1104.8336559180543,-0.005948067601824647
-41.73198012687198,-1110.109723589293,-0.005888802570510165
-39.38081309361312,-1115.5289828946138,-0.005804094299222129
-36.950729205760005,-1121.0006425907998,-0.0057917001876930385
-34.53285677669701,-1126.4162010231412,-0.005875449981864733
-32.20756729910287,-1131.6808499517683,-0.005959101634328334
-30.02824802316927,-1136.7349601795358,-0.005989916019302655
-28.020140579259216,-1141.5552852432568,-0.0059872680466988015
-26.18829679475648,-1146.144057176466,-0.005976789825723472
-24.52647071802397,-1150.517061642751,-0.0059686918025434466
-23.02339383149307,-1154.6953972837075,-0.005964276898396292
-21.666334441283926,-1158.7009439318979,-0.005962420858427464
-20.44284271136665,-1162.5542582771725,-0.0059619632491028085
-19.341483420498367,-1166.2737910023739,-0.005962161635583385
-18.352058911771785,-1169.8757458572616,-0.005962615288783724
-17.465596111660833,-1173.3742179514527,-0.0059631289199657544
-16.67423638203474,-1176.7814324831566,-0.005963616556428519
-15.97109493069884,-1180.1080014070008,-0.0059640463763486196
-15.350120032768462,-1183.3631632098434,-0.005964411732144015
-14.805964455658073,-1186.5549935947195,-0.005964716690325389
-14.333873018862523,-1189.6905851040685,-0.005964969111960983
-13.929586403498938,-1192.776197963465,-0.005965177509994035
-13.589259763700657,-1195.8173858730975,-0.00596534974402374
-13.309394193521227,-1198.8191006625748,-0.005965492580799037
-13.086779083885611,-1201.7857793955022,-0.005965611641743251
-12.9184435801584,-1204.7214170093266,-0.005965711507855076
-12.801615587367433,-1207.6296270572943,-0.005965795873981605
-12.733687006094321,-1210.5136926454088,-0.005965867705317152
-12.712184092610903,-1213.3766092477217,-0.005965929376989365
-12.73474201429918,-1216.2211207388968,-0.0059659827915545804
-12.799082815929378,-1219.0497496970463,-0.005966029474691936
-12.90299612753283,-1221.8648227936376,-0.005966070651654221
-13.04432203517265,-1224.6684918924175,-0.0059661073076231474
-13.220935606980952,-1227.46275131887,-0.00596614023491604
-13.430732623492393,-1230.2494516305715,-0.005966170069672927
-13.671616108628207,-1233.0303101136537,-0.0059661973200526575
-13.941483300806778,-1235.8069181501146,-0.0059662223874248355
-14.238212747894934,-1238.5807455453087,-0.00596624558212433
-14.559651260643683,-1241.3531418768375,-0.005966267134626335
-14.903600522665194,-1244.1253349287726,-0.005966287203087006
-15.267803236690916,-1246.8984263134041,-0.005966305878324363
-15.649928792098802,-1249.673384461447,-0.005966323187035272
-16.04755857149053,-1252.4510352850632,-0.005966339094680251
-16.458171175891383,-1255.2320509879314,-0.005966353509297306
-16.879128036286676,-1258.0169377101427,-0.005966366287896818
-17.307660085149838,-1260.8060229432049,-0.005966377246958032
-17.740856369227863,-1263.5994439127471,-0.005966386178194227
-18.175655669414084,-1266.3971383735436,-0.0059663928698459046
-18.608842322193063,-1269.1988394521243,-0.005966397132585399
-19.037047471583804,-1272.0040762574772,-0.005966398827167652
-19.45675688255593,-1274.8121819097396,-0.0059663978896651315
-19.864326186863412,-1277.6223103687878,-0.005966394348879689
-20.256003998989137,-1280.4334629595642,-0.005966388330746142
-20.627962750161597,-1283.2445248031208,-0.0059663800466474015
-20.976336392152312,-1286.0543105277673,-0.0059663697651064496
-21.2972634010248,-1288.8616177499493,-0.005966357770688546
-21.586932865720083,-1291.6652860039665,-0.005966344316346905
-21.841630980200136,-1294.4642581925266,-0.0059663295775038705
-22.057785052374122,-1297.2576413323013,-0.005966313614708341
-22.232002238558493,-1300.0447634370398,-0.005966296349303235
-22.361100597255593,-1302.825223809341,-0.005966277553088872
-22.44213066934704,-1305.598934733111,-0.005966256848971341
-22.472386536782658,-1308.3661534595592,-0.00596623371821714
-22.449406078337272,-1311.1275043295927,-0.005966207507999144
-22.370960827836754,-1313.883991753673,-0.005966177433961661
-22.235036372419856,-1316.6370054869456,-0.005966142572802369
-22.039804565393833,-1319.3883201453561,-0.005966101840883198
-21.78358896331535,-1322.1400912022257,-0.0059660539555643766
-21.464824849685517,-1324.8948498128175,-0.0059659973762187235
-21.082015013386673,-1327.6554987865966,-0.005965930220801496
-20.633682149035227,-1330.4253119221478,-0.005965850153581087
-20.11831837558282,-1333.2079387966642,-0.005965754237468701
-19.534331956470005,-1336.0074170131147,-0.0059656387427153845
-18.879990865283503,-1338.8281938984296,-0.005965498901741029
-18.15336237859289,-1341.6751597532686,-0.005965328599891961
-17.352247384077256,-1344.5536950124258,-0.0059651199947161615
-16.474107548428663,-1347.4697341188569,-0.005964863069657156
-15.515982868595136,-1350.4298495812131,-0.0059645451626906265
-14.474396399189008,-1353.441360616665,-0.005964150596398099
-13.345242077335675,-1356.5124720202323,-0.005963660729737086
-12.123650540302393,-1359.6524504751096,-0.005963055192800937
-10.803826692574539,-1362.871847389569,-0.005962316040054816
-9.378851713099845,-1366.1827793024463,-0.0059614387074446995
-7.840441734955458,-1369.5992782799053,-0.005960458358249099
-6.178656936840285,-1373.137723783632,-0.005959510266723811
-4.3815615309154445,-1376.8173599050076,-0.005958963400523487
-2.434854796074941,-1380.6608773069026,-0.005959703036960917
-0.32154357276344575,-1384.6949736006434,-0.005963678619778534
1.978152975792347,-1388.9506447479152,-0.005974745255294067
4.4862024574720385,-1393.4625883719739,-0.005998954556346803
7.224428840579934,-1398.266314291585,-0.006039610511045623
10.208440049696312,-1403.390187503353,-0.006073477543711903
13.434968232824126,-1408.8384139592854,-0.006007384482188627
16.862213578294174,-1414.5642176784452,-0.005760141104534711
20.394306466941426,-1420.4482829798903,-0.005608320785238874
23.894461216575767,-1426.3162733080899,-0.0058603870268072455
27.231898974504812,-1432.0026106215469,-0.006153329782840444
30.323244365723472,-1437.4065586450245,-0.006230859316143977
33.13710455570052,-1442.497773063735,-0.0062023653064748885
35.67555512535706,-1447.2905150595143,-0.006167352041664742
37.95561037334615,-1451.8182736288022,-0.006148088476273017
39.99829459528063,-1456.1190368367022,-0.006140616018186051
41.82370746011814,-1460.2288142643208,-0.006139012936760224
43.44928064615383,-1464.1794816267725,-0.006139774298915768
44.88945176305662,-1467.9984978977932,-0.006141258031412633
46.155884665858565,-1471.7093087682265,-0.006142792493704974
47.25785641438727,-1475.3319284638058,-0.0061441447101557856
48.202659714306584,-1478.8835035228974,-0.006145262925222994
48.995968429683174,-1482.3787945704682,-0.0061461625527030606
49.64215403348987,-1485.830564908827,-0.0061468785934089
50.14455594165307,-1489.249883810725,-0.006147447178900478
50.50571324601974,-1492.6463578007836,-0.0061478993863559595
50.72756573564796,-1496.0283034518063,-0.00614825998492563
50.811630933742215,-1499.4028738124014,-0.006148548004514254
50.759162269788696,-1502.7761489002212,-0.0061487778519691005
50.57129188155967,-1506.1531992209307,-0.006148960478100207
50.249160059564176,-1509.5381301132556,-0.006149104417946916
49.794032067766764,-1512.9341138311927,-0.00614921664791801
49.207402030782504,-1516.3434155564137,-0.006149303242404258
48.49108279831168,-1519.7674188745755,-0.006149369822962214
47.647280213244926,-1523.2066555447975,-0.00614942179720579
46.67865004766346,-1526.660843561095,-0.006149464395130977
45.588336043318776,-1530.1289365019097,-0.0061495025283786475
44.379987986707576,-1533.6091859860032,-0.006149540521674268
43.057759516141225,-1537.0992177436015,-0.006149581788053027
41.62628631580851,-1540.596120457414,-0.006149628531879614
40.090646386390546,-1544.0965452461598,-0.006149681559275422
38.456305064111184,-1547.5968125815475,-0.0061497402537042944
36.7290482647548,-1551.0930226633552,-0.006149802737613896
34.91490795523544,-1554.5811649059935,-0.006149866198406073
33.020084043201,-1558.0572222418796,-0.006149927322796955
31.050866715427677,-1561.5172663937758,-0.006149982763423267
29.013562787625013,-1564.9575410311338,-0.006150029561004189
26.91442892898337,-1568.3745306915216,-0.006150065463387477
24.759613792934086,-1571.7650143912085,-0.006150089109306478
22.55511022271034,-1575.1261038507516,-0.006150100073583076
20.306717895098103,-1578.4552671278425,-0.006150098794805103
18.020016083596673,-1581.7503391200805,-0.006150086420120715
15.700345700800971,-1585.0095208488672,-0.00615006460567713
13.352799430603701,-1588.2313696668875,-0.006150035308222002
10.982218574049378,-1591.4147825725443,-0.006150000594022487
8.593195184360054,-1594.558974705119,-0.0061499624819632
6.190078125508822,-1597.6634548787918,-0.006149922827297871
3.7769818219847755,-1600.7279997344147,-0.006149883246539645
1.3577966449664602,-1603.7526277814545,-0.006149845078292415
-1.0637999230609974,-1606.737574297095,-0.006149809373074078
-3.4843320062321723,-1609.6832677649884,-0.006149776904187831
-5.900514412839887,-1612.5903082849356,-0.006149748192685323
-8.309242386791514,-1615.459448172989,-0.006149723540159968
-10.707582209677811,-1618.291574800604,-0.006149703064794565
-13.09276271866216,-1621.0876955898325,-0.006149686737565219
-15.462167718946793,-1623.8489249854383,-0.0061496744160418615
-17.81332920580468,-1626.5764731595684,-0.0061496658749042865
-20.143921267071153,-1629.2716361650685,-0.006149660832232229
-22.45175450933221,-1631.9357872348005,-0.006149658971612126
-24.734770836652938,-1634.5703689216868,-0.006149659960115628
-26.991038406625208,-1637.176885783627,-0.006149663462293731
-29.21874659218239,-1639.7568973353284,-0.006149669150809167
-31.41620078681643,-1642.312011012516,-0.006149676713818941
-33.58181690372241,-1644.843874920561,-0.006149685859722531
-35.71411543456057,-1647.3541701674421,-0.006149696319554643
-37.81171494991432,-1649.844602608779,-0.00614970784728186
-39.87332494044294,-1652.3168938596186,-0.0061497202184970234
-41.897737914827395,-1654.7727714532884,-0.0061497332277795635
-43.88382068786006,-1657.2139580520013,-0.0061497466848248195
-45.83050480971627,-1659.6421596374405,-0.006149760409974725
-47.73677610613958,-1662.0590526331396,-0.006149774229160521
-49.601663319815955,-1664.4662699353132,-0.006149787968586118
-51.42422586668004,-1666.8653858564903,-0.0061498014497338716
-53.203540748552754,-1669.257900018702,-0.006149814484810889
-54.93868869672321,-1671.645220272209,-0.006149826873157238
-56.62873966122875,-1674.0286447639708,-0.006149838399285734
-58.272737808857954,-1676.4093433393364,-0.006149848832872173
-59.86968625012594,-1678.7883385325056,-0.0061498579315690804
-61.41853178180494,-1681.166486487105,-0.006149865446926306
-62.91815000618041,-1683.5444582475677,-0.006149871134238261
-64.36733126877776,-1685.9227219729114,-0.00614987476622364
-65.76476793878805,-1688.3015267427684,-0.006149876150638889
-67.1090436345698,-1690.6808887439743,-0.006149875150871509
-68.39862506181538,-1693.060580734306,-0.006149871708007737
-69.63185717337595,-1695.4401257643867,-0.006149865861955206
-70.80696236472134,-1697.818796182739,-0.0061498577683449795
-71.9220443742974,-1700.1956189342427,-0.006149847707423994
-72.97509745141726,-1702.5693880708811,-0.006149836081101867
-73.9640211769429,-1704.9386852110028,-0.006149823395158016
-74.88664107106618,-1707.3019084013997,-0.006149810225608121
-75.74073480379101,-1709.6573094577952,-0.006149797170167837
-76.52406345354574,-1712.003039399589,-0.006149784789681867
-77.23440686495994,-1714.337201084406,-0.006149773546456849
-77.86960177485734,-1716.657907631227,-0.006149763748513948
-78.42758104813228,-1718.96334475122,-0.006149755508505272
-78.90641213429244,-1721.251834739144,-0.006149748724237902
-79.30433275574607,-1723.5218996656006,-0.006149743083470938
-79.61978189122476,-1725.7723212868245,-0.006149738091331791
-79.85142432430746,-1728.002195367639,-0.006149733113732125
-79.99816736992724,-1730.2109784829017,-0.006149727427988694
-80.05916883506741,-1732.3985258875275,-0.006149720270451908
-80.03383576517729,-1734.5651196710958,-0.006149710872545455
-79.92181402193374,-1736.711487076945,-0.006149698479552157
-79.7229691808749,-1738.8388095051675,-0.006149682349427366
-79.43735958920573,-1740.9487232816064,-0.006149661731983613
-79.06520265905563,-1743.0433137247142,-0.006149635830391631
-78.60683557946321,-1745.1251043620614,-0.006149603747463317
-78.06267161508086,-1747.1970433401393,-0.00614956441827097
-77.43315303509608,-1749.262489152223,-0.006149516529031729
-76.7187015020742,-1751.3251978077258,-0.0061494584200456615
-75.91966646859426,-1753.3893135172616,-0.006149387968532594
-75.03627179843448,-1755.4593649073124,-0.006149302444335092
-74.06856046209015,-1757.540268743297,-0.006149198330538397
-73.01633675989055,-1759.6373431645013,-0.006149071099629921
-71.87910509823283,-1761.7563325516562,-0.0061489149363858076
-70.65600387557089,-1763.903446390235,-0.00614872240552522
-69.34573250705435,-1766.0854148929125,-0.006148484078929428
-67.94646900574637,-1768.3095647379089,-0.0061481881775318215
-66.45577481621035,-1770.5839191011746,-0.006147820381098512
-64.87048273883357,-1772.91732723684,-0.00614736416989814
-63.18656278812343,-1775.3196301894104,-0.006146802531034723
-61.398959756402725,-1777.801870714074,-0.00614612287797911
-59.50139532650248,-1780.3765568322879,-0.006145329225649476
-57.48612739255171,-1783.0579888331931,-0.006144470348196762
-55.34366128128971,-1785.8626569150051,-0.006143702380128957
-53.06241528736033,-1788.8097062474665,-0.006143423274913573
-50.62836431137169,-1791.9214369775075,-0.006144547413953205
-48.02473830641684,-1795.2237337062613,-0.006149010324634219
-45.23197538520422,-1798.746148227482,-0.006160455466648784
-42.22839964951849,-1802.5209831632985,-0.006184104135058988
-38.99263151121327,-1806.5799726959751,-0.006221193770528544
-35.509586882479596,-1810.9459644657536,-0.006246777316182062
-31.782408253543675,-1815.616305149921,-0.006178031374847848
-27.849860786324964,-1820.5385198922854,-0.005962353178897928
-23.798350598889407,-1825.5933599202115,-0.00584214319550469
-19.748136223605812,-1830.6137715192879,-0.0060469332090740124
-15.812302979712227,-1835.441918733056,-0.006289811389695643
-12.062102209261687,-1839.9774466711174,-0.006364597973131936
-8.523174380100107,-1844.1827743428462,-0.006347070332552107
-5.191105472063246,-1848.0615161048536,-0.006318227694535494
-2.047427587344874,-1851.6363315163128,-0.006300400678600937
0.9305864150782078,-1854.93542095212,-0.006292418203138084
3.7652909134019574,-1857.986184378135,-0.006289868930313247
6.476908804382555,-1860.8128507823865,-0.006289774164805806
9.083105862224425,-1863.4359408787059,-0.006290604536886235
11.599105697127326,-1865.8724687727924,-0.006291669883086826
14.037983892573019,-1868.1363867886396,-0.00629269164181423
16.410989659574163,-1870.2390675628021,-0.006293576711396298
18.727837797859788,-1872.1897473157742,-0.006294309692748357
20.996954120760684,-1873.9959092089987,-0.006294904341206831
23.225673710720542,-1875.663607413703,-0.006295382721351217
25.42039714899442,-1877.1977399065097,-0.0062957668592105165
27.586711318361946,-1878.6022794636235,-0.006296075857736838
29.729481181412197,-1879.880471496127,-0.006296325301871519
31.852918225364036,-1881.035005798048,-0.006296527545455177
33.960630495477304,-1882.0681675944186,-0.006296692275224558
36.05565847327019,-1882.9819717160838,-0.0062968271021226485
38.14050052469489,-1883.7782823711118,-0.006296938082932968
40.21713122528686,-1884.4589198518836,-0.006297030142359716
42.28701552256587,-1885.025754619588,-0.006297107390064838
44.35112137556681,-1885.480788550068,-0.006297173337339146
46.40993317745133,-1885.826222713076,-0.006297231025147454
48.46346789057792,-1886.0645108930205,-0.006297283078197324
50.51129538951886,-1886.1983981345904,-0.006297331705093612
52.55256401795791,-1886.230943886646,-0.006297378668227438
54.586031837784994,-1886.1655297793438,-0.006297425247893784
56.61010351368771,-1886.00585264247,-0.00629747222207655
58.622872272672375,-1885.7559039856794,-0.006297519878339486
60.622165944991096,-1885.4199377392779,-0.006297568063464709
62.60559576501224,-1885.0024285298957,-0.006297616269117512
64.5706064104053,-1884.5080230877284,-0.0062976637424903
66.51452569365868,-1883.9414875220975,-0.0062977096072316385
68.43461238422124,-1883.307653155656,-0.0062977529787513475
70.32810081223235,-1882.611363392725,-0.0062977930605008225
72.19224115675318,-1881.8574237491905,-0.00629782921351385
74.02433461960331,-1881.0505567350178,-0.006297860995622351
75.82176299818487,-1880.1953628029462,-0.006297888172750454
77.58201246949764,-1879.296288101428,-0.006297910707761645
79.30269166226431,-1878.3575993310792,-0.006297928733169478
80.98154431172468,-1877.383365625917,-0.006297942515416821
82.61645695649662,-1876.3774470768765,-0.006297952416387531
84.20546224918635,-1875.3434892894231,-0.006297958856822383
85.74673851674666,-1874.2849232160736,-0.006297962284698144
87.23860623015364,-1873.2049694198818,-0.006297963149684893
88.6795220341989,-1872.1066458952516,-0.006297961884488945
90.06807095550727,-1870.9927785857444,-0.006297958892160782
91.40295735797201,-1869.8660137831903,-0.006297954538545536
92.68299515615266,-1868.728831658122,-0.006297949149175697
93.9070977339332,-1867.5835602497334,-0.006297943008743534
95.07426795167673,-1866.4323893276146,-0.006297936362981815
96.18358856279815,-1865.2773836226152,-0.0062979294215694814
97.23421330166228,-1864.1204950070842,-0.006297922361698349
98.22535884975612,-1862.9635732835814,-0.006297915331763493
99.15629783636767,-1861.808375315001,-0.0062979084547147846
100.02635298334384,-1860.6565722977712,-0.006297901831092245
100.83489246051028,-1859.509755043624,-0.006297895541771403
101.58132647857235,-1858.3694371949136,-0.006297889649744759
102.26510510938294,-1857.2370563540721,-0.006297884201900583
102.88571728909157,-1856.113973160047,-0.0062978792302899045
103.44269092778484,-1855.0014683936183,-0.00629787475296939
103.93559401988976,-1853.9007382393631,-0.00629787077506716
104.36403662312402,-1852.812887874394,-0.00629786728939119
104.72767355057836,-1851.7389235922685,-0.006297864277206022
105.02620760114972,-1850.6797437038658,-0.006297861709268826
105.25939313858703,-1849.6361284846323,-0.006297859546385176
105.42703981940451,-1848.6087294584245,-0.006297857740428459
105.529016265286,-1847.5980583213723,-0.006297856234954047
105.56525347658871,-1846.6044758139612,-0.006297854965686245
105.53574779016031,-1845.6281808454655,-0.006297853860833591
105.44056319664499,-1844.6692001618046,-0.006297852840719598
105.27983284922733,-1843.7273788260484,-0.006297851817251399
105.05375961655275,-1842.8023717507858,-0.006297850692835283
104.76261555635563,-1841.8936364842993,-0.0062978493588858875
104.40674021196564,-1841.0004274091596,-0.006297847693871095
103.98653766011213,-1840.1217914638498,-0.006297845561343163
103.50247226407993,-1839.2565654468026,-0.006297842807593046
102.95506311012669,-1838.4033749092291,-0.00629783925931493
102.34487712612588,-1837.5606345896622,-0.0062978347211064545
101.67252089878386,-1836.72655029036,-0.006297828972909869
100.93863121880312,-1835.8991220445146,-0.006297821767123679
100.14386439150074,-1835.0761483741658,-0.006297812824918481
99.28888435324045,-1834.2552313921458,-0.006297801831728123
98.37434963128649,-1833.433782457253,-0.006297788430796203
97.40089917603532,-1832.6090280498436,-0.00629777221482275
96.36913707968554,-1831.7780154945083,-0.006297752713931182
95.27961617379499,-1830.9376181164848,-0.006297729379789452
94.13282046918388,-1830.0845393775999,-0.006297701564118796
92.92914636432961,-1829.2153154940709,-0.006297668490334196
91.66888250145861,-1828.3263159901035,-0.006297629216591716
90.3521880912047,-1827.4137415849468,-0.006297582588084438
88.97906945461962,-1826.4736187430829,-0.0062975271760130624
87.54935444240054,-1825.501790132693,-0.006297461200096777
86.06266428142641,-1824.493900130267,-0.006297382431466048
84.5183822628929,-1823.445374371376,-0.0062972880715790325
82.91561851790716,-1822.351392169475,-0.006297174604993572
81.25316991707157,-1821.2068503941036,-0.006297037625794033
79.52947387026269,-1820.006317102662,-0.006296871644712709
77.74255447982047,-1818.7439728398979,-0.00629666990286637
75.88995910258262,-1817.4135370400184,-0.006296424254848887
73.9686828942546,-1816.0081763763367,-0.006296125264134034
71.97507834461375,-1814.5203912067466,-0.006295762822887241
69.90474619304038,-1812.94187550484,-0.00629532795089105
67.75240353593749,-1811.2633449854802,-0.006294817137153075
65.5117246439629,-1809.474327879461,-0.006294242020729257
63.17515056449325,-1807.5629137905335,-0.006293650063572187
60.7336662575143,-1805.5154600660974,-0.006293167329445737
58.17655155305539,-1803.3162660048345,-0.006293083945724476
55.49113050912527,-1800.9472512749453,-0.006294015142835008
52.6625850868772,-1798.3877333708797,-0.006297168639008532
49.67398804682332,-1795.614524266175,-0.006304647431775834
46.506891192937076,-1792.6028210493203,-0.006319212949577491
43.143139865009516,-1789.3288349781628,-0.00634132128930176
39.569076706611256,-1785.7757926995528,-0.00635871293762591
35.783572218083414,-1781.9453244425888,-0.006330792161772791
31.8099030470167,-1777.8742548141693,-0.006216168588483839
27.70603618654279,-1773.649119979466,-0.006098205189879025
23.560960730372088,-1769.400995638995,-0.006150321569041495
19.470512840090144,-1765.2713790370703,-0.006315472277869105
15.507952500534232,-1761.3705794559835,-0.006417013422623796
11.711169474201048,-1757.7594439664847,-0.00643327992033349
8.088463780317381,-1754.4572398892283,-0.006417846917781134
4.630657344941782,-1751.458524020879,-0.0064018811545771825
1.320856647945901,-1748.746787428918,-0.006392334799109278
-1.8598722681055626,-1746.3024015011076,-0.006387932959675879
-4.929788621241689,-1744.1064226720946,-0.006386449904788094
-7.905403160561281,-1742.142090904109,-0.006386370126897134
-10.801195436692923,-1740.3952077213858,-0.00638687019270634
-13.629670612586475,-1738.8540241372525,-0.0063875499423886595
-16.401538387189543,-1737.5089428338242,-0.006388231694000268
-19.125916572734695,-1736.3521719337914,-0.006388845935049403
-21.81051949043358,-1735.377387645501,-0.006389372653220704
-24.46181787731953,-1734.5794264321623,-0.006389812846304466
-27.08516867961222,-1733.954011493324,-0.0063901752822097535
-29.68491789259803,-1733.4975121442856,-0.006390470680930349
-32.26448126546855,-1733.206732832467,-0.006390709405192041
-34.82640797566514,-1733.0787285358185,-0.006390900745547157
-37.372432087132815,-1733.1106439737773,-0.0063910528750348305
-39.90351608809591,-1733.2995748807264,-0.006391173031392583
-42.41989019891243,-1733.642450298132,-0.006391267721966187
-44.921090502818245,-1734.1359353320818,-0.006391342865288863
-47.40599830230556,-1734.776354069856,-0.006391403846304655
-49.872882454400205,-1735.5596323666884,-0.006391455495677434
-52.31944580512045,-1736.4812600423706,-0.006391502021656947
-54.74287624807532,-1737.536271723278,-0.0063915469285706905
-57.13990239871727,-1738.7192451927285,-0.006391592953933767
-59.5068534272849,-1740.024315734534,-0.006391642046658319
-61.83972224741576,-1741.4452046258684,-0.006391695396782637
-64.13423102218428,-1742.9752596961098,-0.00639175351445509
-66.38589782271092,-1744.607505739864,-0.006391816345249879
-68.59010324421415,-1746.3347025579749,-0.006391883403912502
-70.74215583050861,-1748.149408486864,-0.006391953907392889
-72.83735525652216,-1750.0440474397128,-0.006392026890816638
-74.87105234535812,-1752.0109776930046,-0.006392101297418407
-76.83870513110924,-1754.0425608795754,-0.006392176038900743
-78.7359303061836,-1756.1312298703747,-0.006392250029925606
-80.55854950433073,-1758.2695544255487,-0.0063923222043591466
-82.30262996640376,-1760.4503036641336,-0.006392391522055618
-83.96451921885871,-1762.6665045416878,-0.006392456975969907
-85.54087347186106,-1764.9114956439034,-0.006392517605476655
-87.0286795222486,-1767.1789757121326,-0.006392572519150264
-88.42527003286138,-1769.4630464249797,-0.006392620926355619
-89.72833215753973,-1771.7582490776645,-0.006392662173949404
-90.93590959054393,-1774.0595949332205,-0.006392695782224678
-92.04639823688112,-1776.3625891677948,-0.006392721473943652
-93.05853581976763,-1778.663248493164,-0.006392739191042551
-93.97138585515458,-1780.9581127066112,-0.006392749095240902
-94.78431652235639,-1783.244250583028,-0.006392751551332232
-95.4969750365577,-1785.5192606776689,-0.006392747094477791
-96.10925817730354,-1787.7812677424677,-0.006392736384319697
-96.62127964334213,-1790.0289155684193,-0.0063927201505906694
-97.0333348873109,-1792.261357148113,-0.006392699134922353
-97.34586403504657,-1794.478243105896,-0.006392674033397938
-97.55941341699945,-1796.6797093708592,-0.006392645443721534
-97.67459613786855,-1798.8663650745852,-0.006392613819589776
-97.6920519902977,-1801.0392816476592,-0.006392579434126411
-97.61240688446176,-1803.1999840732783,-0.006392542353349739
-97.43623182242243,-1805.3504452399488,-0.006392502420955459
-97.16400129850096,-1807.4930843243822,-0.006392459256762351
-96.79605085851307,-1809.6307701347605,-0.006392412273925174
-96.3325334057676,-1811.7668303550686,-0.006392360725767432
-95.7733737061708,-1813.9050676498252,-0.00639230380269229
-95.11822042869541,-1816.049783603892,-0.006392240817256756
-94.36639497951519,-1818.2058114587041,-0.006392171544876035
-93.51683638310364,-1820.3785585147739,-0.006392096838983008
-92.56804159596672,-1822.574058808495,-0.006392019724140496
-91.51800102590579,-1824.7990360718438,-0.00639194731046544
-90.36412988340788,-1827.060975746546,-0.006391894085465921
-89.10319768872729,-1829.3682024173477,-0.006391887428703669
-87.73126146039053,-1831.7299545185017,-0.006391976458662185
-86.24361395832842,-1834.1564399458325,-0.0063922451307174555
-84.63476874585031,-1836.658841595142,-0.006392828468982259
-82.89852173393267,-1839.2492166552092,-0.006393923188126038
-81.02815831827961,-1841.9401919773625,-0.006395762423110796
-79.0169199124197,-1844.7442947061465,-0.006398476585767199
-76.85890110853977,-1847.6726758804523,-0.006401695376986538
-74.55059370291356,-1850.7329198795983,-0.006403786294887581
-72.09324591744496,-1853.9256971242582,-0.006401209310928024
-69.49589956276685,-1857.2404432057156,-0.006390003755724294
-66.77823964047406,-1860.6512689965275,-0.006371619346124291
-63.971459913361535,-1864.115620120468,-0.006357770693217191
-61.11527932543098,-1867.5783190715456,-0.0063611532708236496
-58.25118602110859,-1870.9809192840335,-0.006379256953545465
-55.4148601369573,-1874.2722705627634,-0.006398135855192777
-52.63139243390111,-1877.41523853328,-0.006408927931804698
-49.91457334829808,-1880.3877761226124,-0.00641200942175324
-47.2689709891449,-1883.1801139017666,-0.006411130908144713
-44.69286903707138,-1885.790746831494,-0.0064091521743225854
-42.18084930614956,-1888.2229056469043,-0.006407363254441023
-39.725632963696206,-1890.482049384791,-0.006406102785211587
-37.3192400594982,-1892.574297268615,-0.006405328584959236
-34.95365739418719,-1894.5055379951018,-0.0064049052252119765
-32.62119244256475,-1896.280972106964,-0.006404708382794055
-30.314641521419464,-1897.9049120291306,-0.00640464864131296
-28.027354604581628,-1899.3807277850183,-0.0064046682408260835
-25.75324654628454,-1900.710871488594,-0.006404732072381236
-23.486783603088007,-1901.8969424180532,-0.00640481963451478
-21.222961517446688,-1902.9397717402546,-0.006404919276491228
-18.957284012870144,-1903.839515970937,-0.006405024436695328
-16.685746266841306,-1904.595753898374,-0.006405131297992028
-14.404825463999007,-1905.2075847624728,-0.00640523736868559
-12.111479102968481,-1905.6737270389162,-0.006405340650861291
-9.803150876645306,-1905.9926178542346,-0.006405439182568529
-7.477783405340562,-1906.1625132153558,-0.006405530822824801
-5.133836729594773,-1906.1815890889886,-0.006405613201756921
-2.770311189006688,-1906.048043042072,-0.006405683787349403
-0.38677309128807136,-1905.7601957405138,-0.006405740032249696
2.016618596876714,-1905.3165911630083,-0.006405779569973902
4.439086423417229,-1904.716093971993,-0.006405800429600816
6.879211426459066,-1903.9579821392474,-0.006405801237935549
9.334914821998488,-1903.0420326862584,-0.00640578138060377
11.803446199507514,-1901.9685982958972,-0.006405741099655415
14.281379819649716,-1900.7386725955691,-0.006405681516174155
16.764620327714862,-1899.3539421003404,-0.0064056045787772575
19.248418854087753,-1897.8168231191853,-0.006405512951833003
21.727400092599687,-1896.1304823363973,-0.006405409867408451
24.19560055492571,-1894.2988402429144,-0.006405298965056261
26.646517817968448,-1892.3265570669441,-0.006405184143240206
29.073170228507294,-1890.2190013039483,-0.006405069432375399
31.46816621300545,-1887.9822013489595,-0.006404958888047929
33.823782058238024,-1885.6227810808437,-0.006404856489346855
36.13204677055707,-1883.1478805447698,-0.0064047660211308255
38.38483237512814,-1880.5650631426101,-0.006404690917843681
40.57394777074432,-1877.8822109914101,-0.006404634057233238
42.691234008080976,-1875.1074103628434,-0.006404597510183407
44.72865861832983,-1872.2488293749977,-0.006404582267776959
46.678406406322914,-1869.3145903587313,-0.006404587991081456
48.53296396862363,-1866.3126395342606,-0.006404612830070988
50.28519513769689,-1863.2506167671495,-0.006404653360043255
51.928404619276385,-1860.1357281793291,-0.006404704663207639
53.45638730028311,-1856.9746242282358,-0.006404760558961442
54.86346105909457,-1853.773285508066,-0.006404813952620714
56.14448138644538,-1850.536917964872,-0.006404857247996887
57.29483668039892,-1847.2698584681154,-0.006404882751873231
58.31042365324126,-1843.9754907816537,-0.0064048829980905
59.187602814444766,-1840.6561709761143,-0.0064048509355210115
59.92313440614504,-1837.3131602746373,-0.0064047799520601245
60.51409541046289,-1833.9465622713317,-0.006404663748210027
60.95777828407707,-1830.5552604403565,-0.00640449613034022
61.25157189167535,-1827.1368508840105,-0.006404270875865592
61.392824725246534,-1823.6875643672931,-0.006403981966979444
61.37868997612905,-1820.202170891678,-0.00640362476700318
61.20595151609978,-1816.6738594843873,-0.006403199266987514
60.87082963982971,-1813.09408581809,-0.006402717641755373
60.368766131571945,-1809.452381437019,-0.006402220533477276
59.69419109560281,-1805.736122332769,-0.006401810549469644
58.84028161733276,-1801.9302648065186,-0.00640171824013791
57.798740007895574,-1798.0170801758761,-0.006402423814989788
56.559657824183795,-1793.9759716810076,-0.006404852905326663
55.111611636126874,-1789.7835656779062,-0.00641058303713038
53.44229317096232,-1785.4144852698428,-0.00642162665253565
51.540254702293524,-1780.8436033285147,-0.006438239023204062
49.39873960683262,-1776.0511266553335,-0.006451568232172633
47.02274880495262,-1771.0321556348824,-0.00643270438114385
44.43930897823972,-1765.8107987934516,-0.006349645329393638
41.706552698240294,-1760.4529593132986,-0.006252317970428578
38.91151060942009,-1755.0639500022614,-0.006269107309499589
36.1502125108689,-1749.7619702235968,-0.0063861638502906715
33.50110096951472,-1744.6423307438565,-0.0064730859398167695
31.010869451639106,-1739.7585248164437,-0.006494288209893284
28.69720193360033,-1735.126197666543,-0.006485095110583927
26.5590176790814,-1730.7371137092591,-0.006472414891611322
24.585799423381758,-1726.5716781414758,-0.006464087044953715
22.763496150620007,-1722.6067067286172,-0.006459961165095507
21.077596637503557,-1718.819344667631,-0.006458404945085761
19.51450135348613,-1715.1887101221507,-0.006458150722671974
18.062012097532843,-1711.6963859907332,-0.006458465913095068
16.709406788263813,-1708.3263904959929,-0.006458978891973999
15.447338619864427,-1705.0649429926716,-0.006459517905618384
14.267674315238375,-1701.9001725339074,-0.006460012161035422
13.163323336367057,-1698.8218328895884,-0.006460438771956234
12.128079500050855,-1695.8210480531638,-0.006460796099187149
11.15648224956327,-1692.8900943586423,-0.006461090918335799
10.24369850927364,-1690.0222177769017,-0.006461332502023964
9.385423469943579,-1687.2114822095843,-0.0064615300585462165
8.577797807526341,-1684.4526439878796,-0.006461691754838128
7.817338761431508,-1681.741048059118,-0.00646182445929
7.100882731040448,-1679.0725419294024,-0.0064619337896161255
6.425537379644672,-1676.443404070407,-0.006462024272554601
5.788641569303354,-1673.8502840892031,-0.0064620995275372906
5.187731751060035,-1671.2901524672163,-0.0064621624388205845
4.620513691264829,-1668.760258094454,-0.006462215303191243
4.084838626587615,-1666.2580921663807,-0.006462259951385718
3.5786831122961673,-1663.7813572855557,-0.006462297845748921
3.100131966336754,-1661.3279408307278,-0.006462330157425811
2.6473638213208326,-1658.8958918336666,-0.006462357827196286
2.2186388825931624,-1656.4834007480008,-0.006462381613086876
1.8122885572083904,-1654.088781612477,-0.006462402127684896
1.4267066692139676,-1651.7104562095403,-0.006462419867201419
1.0603420139161805,-1649.3469399037645,-0.006462435234396935
0.7116920302569839,-1646.9968289168478,-0.006462448556499467
0.3792973884227841,-1644.6587888588842,-0.006462460099298184
0.0617373018259712,-1642.3315443902538,-0.006462470078316684
-0.24237461861884893,-1640.0138699345025,-0.0064624786676468204
-0.5343941414537299,-1637.704581398537,-0.006462486007126955
-0.8156499849641854,-1635.402528880255,-0.006462492208099135
-1.0874473256809425,-1633.1065903530596,-0.006462497358279862
-1.3510713649108217,-1630.8156663099503,-0.0064625015257604446
-1.6077910394783586,-1628.528675326996,-0.006462504762463794
-1.8588629219068735,-1626.2445504692835,-0.006462507106993698
-2.1055353103673737,-1623.9622364168542,-0.006462508586986715
-2.349052465065647,-1621.6806871410195,-0.00646250922078373
-2.5906589114341774,-1619.398863921161,-0.0064625090185899126
-2.8316037072579547,-1617.115733466559,-0.006462507982881505
-3.0731445646034157,-1614.8302659022718,-0.0064625061081997615
-3.3165517292134594,-1612.5414323941498,-0.00646250338036225
-3.563111547805244,-1610.2482022229642,-0.006462499775139463
-3.8141296927625734,-1607.9495391650612,-0.006462495256483791
-4.070934057907181,-1605.6443970886482,-0.006462489774415658
-4.33487738221335,-1603.3317147224946,-0.006462483262509977
-4.60733969559922,-1601.0104095907673,-0.006462475635009568
-4.889730709396248,-1598.6793711298774,-0.006462466783316856
-5.183492293045457,-1596.3374530092347,-0.00646245657189759
-5.490101189109949,-1593.9834646687275,-0.006462444833116976
-5.811072123166039,-1591.6161620638786,-0.006462431360889198
-6.147961466445899,-1589.2342375778953,-0.006462415902714014
-6.502371610191351,-1586.8363090207868,-0.006462398149661652
-6.875956214181893,-1584.4209075911592,-0.006462377723776669
-7.270426500036018,-1581.9864646269864,-0.006462354162254158
-7.687558774480401,-1579.5312969172685,-0.006462326897576531
-8.129203390413066,-1577.053590285664,-0.0064622952325450456
-8.597295385767989,-1574.5513810875882,-0.006462258309188229
-9.093867083569554,-1572.0225351807105,-0.006462215069911181
-9.621062993118565,-1569.4647238310827,-0.006462164209745325
-10.18115742443026,-1566.8753958981806,-0.006462104118130085
-10.776575318895613,-1564.2517454957353,-0.006462032809926299
-11.409916912328743,-1561.590674143934,-0.006461947846949201
-12.083986986253166,-1558.8887462038372,-0.006461846255900738
-12.801829633646156,-1556.1421361072635,-0.0064617244574982635
-13.566769669455871,-1553.346565555877,-0.006461578241149013
-14.382462053432258,-1550.497228455856,-0.006461402855409304
-15.252950953645726,-1547.5887008828329,-0.006461193359569961
-16.182740334270697,-1544.6148328621905,-0.0064609455253688
-17.17687813005557,-1541.5686182794545,-0.006460657857800811
-18.241056016360645,-1538.442038989783,-0.006460335847950915
-19.381726168398394,-1535.2258795849928,-0.006460000597765969
-20.606234547013628,-1531.9095111754243,-0.006459705835617058
-21.92296576794413,-1528.480647772926,-0.0064595705081096355
-23.341484720576844,-1524.9250911528895,-0.006459838404914819
-24.87263926812012,-1521.22650694585,-0.006460977826730385
-26.52854590899297,-1517.3663308564803,-0.006463814483289809
-28.322296870878098,-1513.3240163078522,-0.006469582893053882
-30.267072704955034,-1509.0780461679913,-0.006479404764828445
-32.37409176571788,-1504.60848273198,-0.006491815132321221
-34.64853006607215,-1499.902256354199,-0.006496484323040619
-37.08258065282878,-1494.9623830744301,-0.006469036455079902
-39.64627697041178,-1489.820359994791,-0.006394991978300624
-42.280777896256154,-1484.5454245390627,-0.006332574609043462
-44.90282828244112,-1479.2387890196203,-0.006372284406577222
-47.423981144058054,-1474.0078827767077,-0.006476036141563668
-49.77344503904409,-1468.9357677983583,-0.006542858060040402
-51.90906837272725,-1464.0668046329395,-0.006555746464464107
-53.81413043039335,-1459.4115591199259,-0.006545934054262403
-55.48820276455827,-1454.9595278137015,-0.006534578516813383
-56.93898547642427,-1450.690292854346,-0.006527420171412501
-58.177133674206964,-1446.5804763773092,-0.006524006701237539
-59.21355532797907,-1442.6073004703671,-0.006522835432384966
-60.05821549897839,-1438.7501188823403,-0.0065227814569901454
-60.71973472696528,-1434.9909081073574,-0.00652320138413387
-61.20536818978838,-1431.314281747639,-0.006523770996160749
-61.52115055232016,-1427.7073157561827,-0.006524341623190821
-61.6721016417205,-1424.1593205045306,-0.006524852594242958
-61.662444562586465,-1420.6616187835386,-0.006525284451257107
-61.4958154233391,-1417.2073517214903,-0.00652563562857722
-61.17545670112802,-1413.7913173879522,-0.00652591145570014
-60.70439188597803,-1410.409839302581,-0.006526119331144997
-60.08558118625965,-1407.0606591082706,-0.006526266878704945
-59.32205862470694,-1403.742846844017,-0.006526361475760467
-58.41705073944187,-1400.4567224069767,-0.006526410346896938
-57.37407679144372,-1397.2037823954513,-0.0065264208160122905
-56.19703009808508,-1393.9866273419302,-0.006526400514140107
-54.890239970286906,-1390.808885277879,-0.006526357448798592
-53.458513770085176,-1387.6751285721607,-0.006526299906361999
-51.90715882635325,-1384.5907820192826,-0.006526236202994085
-50.24198432185898,-1381.5620211861283,-0.0065261743300126795
-48.4692837489841,-1378.5956610144815,-0.006526121556401421
-46.59579906819285,-1375.6990355763273,-0.006526084053000147
-44.628668234605705,-1372.8798706479326,-0.0065260665942616924
-42.57535823172615,-1370.146151375565,-0.006526072372295744
-40.44358612793762,-1367.5059877341482,-0.006526102934749645
-38.241230927694176,-1364.967480730972,-0.006526158233672419
-35.97623911914198,-1362.5385923955546,-0.0065262367618075245
-33.656526831172535,-1360.2270225495975,-0.006526335743050282
-31.289881422663523,-1358.0400951965842,-0.006526451352524276
-28.883865155102008,-1355.9846571345756,-0.00652657894860198
-26.445723365022072,-1354.0669910962806,-0.006526713312304366
-23.98229926750183,-1352.2927453667535,-0.006526848896026394
-21.499957193117993,-1350.6668814237576,-0.006526980085322265
-19.004515690742117,-1349.1936406894347,-0.006527101472855179
-16.50119151890853,-1347.876530978373,-0.006527208134510687
-13.994555103417548,-1346.718332688609,-0.00652729588722778
-11.488497568067839,-1345.7211242311805,-0.006527361503462004
-8.986208965156683,-1344.8863256631637,-0.006527402855486031
-6.490166864336332,-1344.2147590174648,-0.0065274189709221275
-4.00213402696154,-1343.7067234492006,-0.006527409992138189
-1.5231635216206774,-1343.3620830765124,-0.006527377049277305
0.9463906559865601,-1343.1803653044774,-0.00652732207156248
3.406859597240058,-1343.160867490141,-0.006527247575991879
5.859244373119367,-1343.302770022578,-0.0065271564846014485
8.305202059826192,-1343.6052542242778,-0.006527052034297043
10.747035068132199,-1344.0676238802419,-0.006526937862407323
13.18768576085671,-1344.6894295983157,-0.006526818384180899
15.630738025954528,-1345.4705954962897,-0.006526699641923983
18.08042695420095,-1346.4115477429239,-0.006526590911359875
20.541656902549235,-1347.5133440001152,-0.006526507526615433
23.020026722737846,-1348.7778013955804,-0.0065264756303875515
25.52185827690387,-1350.2076175571012,-0.006526539823688893
28.054219612989247,-1351.8064731598336,-0.0065267746802355475
30.624925705593494,-1353.5790931271963,-0.006527299826910138
33.242484762310475,-1355.5312233222967,-0.0065282929056920125
35.91593253546532,-1357.6694444332954,-0.006529978148392956
38.654455367594174,-1360.0006871683645,-0.006532526774641667
41.46664098619235,-1362.5312274873106,-0.006535727672627445
44.35912335335508,-1365.264839942935,-0.006538233334730137
47.33435600736963,-1368.199743516817,-0.006536515888004857
50.387405237617415,-1371.324193898145,-0.006525206286660534
53.50226018799505,-1374.611421693325,-0.006502638675375039
56.64932698067492,-1378.0162473912108,-0.006480475207203185
59.78673612272515,-1381.4770389177886,-0.006479447811956973
62.86695255853122,-1384.9250667763804,-0.006503306265079445
65.84641049261096,-1388.2980316658716,-0.006531981598142167
68.69311947590766,-1391.5506722396055,-0.006548312928387645
71.38900040694473,-1394.6579335747053,-0.0065517566247468295
73.9277678994517,-1397.6118790846172,-0.006549011007853878
76.31108593866206,-1400.416195750109,-0.006545134200177216
78.54503389171752,-1403.081157354619,-0.006542118774090611
80.63761070610207,-1405.6200639823003,-0.006540254561734571
82.59722644836857,-1408.047081216818,-0.0065392723007882125
84.43189416323196,-1410.3760718897977,-0.0065388454459274215
86.14885254893287,-1412.620039089334,-0.006538730559329409
87.75443107855537,-1414.7909139673975,-0.006538774395192348
89.25404188659897,-1416.8995245112606,-0.006538888857640757
90.65223235938147,-1418.955651454945,-0.006539026559778449
91.95276258424691,-1420.9681201457593,-0.006539163726682062
93.15868914218039,-1422.944901652208,-0.006539289628024747
94.27244630351983,-1424.893209938692,-0.006539400441734955
95.29592082333798,-1426.8195892125248,-0.0065394958231257405
96.230519201967,-1428.7299893463987,-0.0065395770411456056
97.0772275993791,-1430.6298291775297,-0.006539645994264376
97.83666519440257,-1432.5240483659331,-0.006539704709433991
98.50913200362767,-1434.4171488444695,-0.00653975510072069
99.09465220585624,-1436.3132269771525,-0.006539798864388935
99.59301395500691,-1438.2159975026386,-0.006539837443000351
100.0038065590336,-1440.1288102527003,-0.006539872022515603
100.32645578044287,-1442.0546605402178,-0.00653990354370837
100.56025788743132,-1443.9961940271878,-0.00653993271886133
100.70441295838808,-1445.955706818903,-0.0065399600496167665
100.7580578179728,-1447.9351414883108,-0.006539985845227747
100.72029886028622,-1449.9360797135812,-0.006540010241357308
100.59024489375646,-1451.9597322090945,-0.006540033220623798
100.36704002376268,-1454.0069266408734,-0.006540054635889803
100.0498964741148,-1456.0780942365075,-0.006540074237142868
99.63812713976387,-1458.173255820561,-0.006540091702071038
99.13117756401091,-1460.2920080227248,-0.006540106669665313
98.5286569482876,-1462.433510410809,-0.006540118775254733
97.8303677359833,-1464.596474287913,-0.00654012768444634
97.03633326833784,-1466.7791538575846,-0.006540133122888925
96.14682299386922,-1468.9793403992344,-0.0065401348985600904
95.16237472543827,-1471.1943600075604,-0.0065401329134617825
94.08381348102644,-1473.4210753363857,-0.006540127162929288
92.91226651318708,-1475.6558916543513,-0.006540117721788086
91.6491742227167,-1477.8947673756206,-0.006540104718915529
90.29629675658131,-1480.1332290838823,-0.006540088303630398
88.85571619872964,-1482.366390934588,-0.0065400686088725735
87.32983436432399,-1484.5889782105487,-0.006540045717619236
85.72136629259168,-1486.7953547300842,-0.006540019638720196
84.0333295921023,-1488.9795537717528,-0.006539990298023213
82.26902981902492,-1491.1353121873196,-0.006539957548238107
80.43204206218326,-1493.2561074212579,-0.006539921199504306
78.52618887168344,-1495.3351972307155,-0.006539881068203357
76.55551460861358,-1497.3656619888316,-0.00653983703968386
74.52425622423179,-1499.3404495363689,-0.00653978913677733
72.43681041376092,-1501.252422599226,-0.0065397375838109895
70.29769704942456,-1503.0944087900868,-0.006539682854922901
68.11151879598408,-1504.8592531421182,-0.006539625694049533
65.88291686289674,-1506.539872968596,-0.006539567096947252
63.61652295783184,-1508.1293146015444,-0.00653950824819205
61.31690767641085,-1509.6208112436555,-0.006539450411894521
58.98852578316629,-1511.0078407927174,-0.006539394782285157
56.63565908962589,-1512.2841821006994,-0.0065393423081623325
54.26235788914689,-1513.443967754458,-0.006539293512325628
51.87238213047581,-1514.4817311603558,-0.006539248331426606
49.46914366668009,-1515.3924455275233,-0.006539206001081155
47.05565096976335,-1516.1715523105713,-0.006539165005646552
44.63445762894626,-1516.8149768114283,-0.006539123100004929
42.20761574011941,-1517.319128947627,-0.006539077397171411
39.77663494861389,-1517.680887641697,-0.006539024500280988
37.34244744570939,-1517.8975678208515,-0.0065389606464663075
34.9053786719061,-1517.9668695684268,-0.006538881825989051
32.46512288426682,-1517.8868094608156,-0.006538783842469087
30.020722138188145,-1517.6556344803166,-0.006538662291543318
27.57054664587384,-1517.2717190507583,-0.0065385124539325545
25.112273922483137,-1516.7334456520452,-0.006538329124651909
22.642863619922895,-1516.0390691059895,-0.006538106441091429
20.158524468434287,-1515.1865639856162,-0.0065378378396374615
17.654669283059526,-1514.1734537055743,-0.00653751639960376
15.1258535418374,-1512.996618760419,-0.006537136090731366
12.565692643171069,-1511.6520804156016,-0.006536694963489964
9.966752744285829,-1510.1347551915132,-0.00653620238496444
7.320410449474282,-1508.4381752977379,-0.006535694550475313
4.616678444048875,-1506.554172046952,-0.006535266635740555
1.843999437087045,-1504.4725259756915,-0.0065351374385436145
-1.0109762190782126,-1502.1806048941332,-0.006535773646547227
-3.9635839797631074,-1499.6630520723916,-0.0065381080489714805
-7.031198745389717,-1496.9016774713812,-0.006543841729300226
-10.232899918069622,-1493.8758961782207,-0.006555534087343773
-13.588228831009912,-1490.5644339415787,-0.006575099102338555
-17.114062114846686,-1486.9496566392147,-0.006596763734656008
-20.81812072370053,-1483.026583108827,-0.006590805873894823
-24.688027550468327,-1478.8180915297073,-0.006503267739738305
-28.678543918679047,-1474.3926336818984,-0.006355042571090763
-32.707609980878914,-1469.8695935645158,-0.0063337236735883096
-36.67370750718681,-1465.3948016247643,-0.0064969991075862765
-40.48828827390963,-1461.0950365869771,-0.006643032652984715
-44.09803487727239,-1457.0468937591397,-0.006681637447869093
-47.4847313197083,-1453.277088667103,-0.006666811018281038
-50.65297871512936,-1449.7797817006033,-0.00664623728949465
-53.61820000161485,-1446.5334638642485,-0.00663330841109655
-56.39914556921948,-1443.5115115000865,-0.006627296706529506
-59.01419481419181,-1440.6874095159046,-0.00662526553061582
-61.47986694394147,-1438.0368719260014,-0.006625120151298347
-63.81041334364878,-1435.5384417043097,-0.006625728681299847
-66.01787752954272,-1433.1734310315453,-0.006626553979089067
-68.1123265757106,-1430.9256175346466,-0.006627366510763011
-70.10212222787978,-1428.7808819610802,-0.006628082416529679
-71.99417816427274,-1426.7268631474283,-0.006628682247608708
-73.79418523734111,-1424.752656566993,-0.006629172571955166
-75.50680168369044,-1422.8485614597303,-0.0066295686501227635
-77.13581121781611,-1421.0058731773008,-0.006629887048690719
-78.68425378057877,-1419.2167147105451,-0.006630142797993344
-80.15453386101247,-1417.473901096995,-0.006630348552949528
-81.54851081455897,-1415.7708310407622,-0.006630514583445546
-82.8675749262439,-1414.101400963511,-0.006630649066160288
-84.11271230360359,-1412.4599375734022,-0.006630758448665119
-85.28456109833924,-1410.8411457908692,-0.006630847793479333
-86.38346106154019,-1409.240069482314,-0.006630921071941742
-87.40949802742009,-1407.6520629318986,-0.0066309814028358005
-88.36254458043923,-1406.072771344469,-0.0066310312408948135
-89.24229787529042,-1404.4981189382338,-0.006631072524049486
-90.04831533513925,-1402.9243033718255,-0.006631106787267527
-90.78004874005104,-1401.347795372718,-0.006631135250702691
-91.43687702692786,-1399.7653425067035,-0.0066311588881529104
-92.01813794960093,-1398.1739760641856,-0.006631178480774658
-92.5231585907701,-1396.5710200506724,-0.006631194660156936
-92.95128457653236,-1394.9541012680008,-0.006631207943498474
-93.30190772174795,-1393.3211594714214,-0.0066312187632773245
-93.57449173462942,-1391.6704565972677,-0.0066312274924351655
-93.76859553696794,-1390.0005840875135,-0.006631234466117242
-93.88389371787761,-1388.310467400501,-0.006631239999492777
-93.92019363870719,-1386.5993668986582,-0.006631244401369862
-93.87744874798862,-1384.8668744478398,-0.006631247982964439
-93.75576774843567,-1383.1129052485069,-0.006631251060911225
-93.55541938011785,-1381.337684641037,-0.006631253954383354
-93.27683273829074,-1379.5417298758473,-0.006631256976679101
-92.92059322064058,-1377.7258270994437,-0.006631260422210961
-92.48743438372746,-1375.8910040626745,-0.006631264551056226
-91.9782261674395,-1374.0384992890924,-0.006631269572958232
-91.39396010460456,-1372.1697286321883,-0.006631275633814493
-90.73573225762678,-1370.286250286338,-0.006631282806260241
-90.00472470552391,-1368.3897293886118,-0.006631291086134805
-89.20218643783919,-1366.4819033540905,-0.006631300395497863
-88.329414496233,-1364.5645490292216,-0.006631310591370454
-87.38773614437147,-1362.6394526347865,-0.006631321479381391
-86.37849275001513,-1360.7083833150568,-0.006631332830200787
-85.30302594043141,-1358.7730709279213,-0.006631344397014516
-84.16266645489209,-1356.8351885177267,-0.006631355931845384
-82.95872597717982,-1354.896339722564,-0.0066313671994513435
-81.69249209633854,-1352.9580511923527,-0.006631377987802001
-80.3652264227455,-1351.021769941636,-0.006631388114616055
-78.97816578377453,-1349.088865436085,-0.006631397430027608
-77.53252634113849,-1347.1606361156876,-0.006631405815988423
-76.0295104104896,-1345.2383199889032,-0.006631413182888846
-74.47031572131445,-1343.3231088871573,-0.006631419464261157
-72.85614682866158,-1341.416165943017,-0.006631424610335834
-71.18822837417426,-1339.518645842743,-0.006631428581028942
-69.46781988840928,-1337.6317173991145,-0.006631431339179983
-67.69623182575677,-1335.756587988353,-0.006631432844010909
-65.87484252402746,-1333.8945293911847,-0.006631433045608759
-64.00511578003518,-1332.0469045689983,-0.006631431880344429
-62.08861872793772,-1330.2151948890491,-0.006631429267421218
-60.12703969697743,-1328.4010272860878,-0.006631425106787603
-58.12220570846738,-1326.6062008110061,-0.006631419278653183
-56.07609924790974,-1324.8327119704952,-0.006631411644704599
-53.99087391717394,-1323.0827782067995,-0.006631402051599622
-51.868868534589005,-1321.3588588061168,-0.0066313903371506555
-49.7126192093161,-1319.6636724620507,-0.00663137633996147
-47.52486887312359,-1318.0002106623097,-0.006631359912962154
-45.30857371145354,-1316.3717460197045,-0.006631340941630981
-43.06690590147765,-1314.7818346413171,-0.006631319367027544
-40.80325204408159,-1313.2343116330571,-0.006631295213118449
-38.521206677117384,-1311.733278882633,-0.006631268617081076
-36.22456028765913,-1310.28308436494,-0.006631239859769877
-33.91728131080846,-1308.8882923823323,-0.0066312093917346715
-31.60349172090938,-1307.5536443985698,-0.006631177849099501
-29.28743599525475,-1306.28401045552,-0.006631146052010095
-26.97344346446179,-1305.0843315753814,-0.006631114979295916
-24.66588435615899,-1303.9595540380449,-0.00663108571383475
-22.36912018050455,-1302.9145569613438,-0.006631059357985691
-20.087449479446622,-1301.9540751663283,-0.00663103692355449
-17.825050339269744,-1301.082619833104,-0.006631019208066746
-15.585921412408426,-1300.3043998888875,-0.006631006675338114
-13.373823469318355,-1299.6232473594662,-0.006630999362084111
-11.19222366409976,-1299.0425500045787,-0.006630996831653135
-9.044244714956967,-1298.5651944084925,-0.006630998189919524
-6.932621052252747,-1298.19352229542,-0.0066310021673139374
-4.859663671523572,-1297.9293022022,-0.006631007257631438
-2.8272349664591356,-1297.77371781647,-0.006631011892075378
-0.8367342477979005,-1297.7273733531224,-0.006631014619104647
1.1109059664558705,-1297.790315387541,-0.006631014259916412
3.015213414370317,-1297.9620696860893,-0.006631010015382799
4.876160373191876,-1298.2416908557873,-0.006631001511538059
6.694140254010869,-1298.6278221353496,-0.006630988783243197
8.469938280758992,-1299.1187623971107,-0.006630972207348762
10.204698154152746,-1299.712537420375,-0.006630952402993273
11.899886586211426,-1300.4069727007811,-0.0066309301190674574
13.557257457943125,-1301.1997654281074,-0.006630906126627423
15.17881713501776,-1302.0885537386846,-0.006630881128854682
16.766792209528113,-1303.0709818710257,-0.006630855695471283
18.323600653525933,-1304.1447603750496,-0.00663083022254618
19.851827099211018,-1305.3077210089843,-0.00663080491570156
21.35420272115168,-1306.5578663796575,-0.006630779791631625
22.833589999674555,-1307.8934147299435,-0.0066307546933899175
24.292972496628447,-1309.3128405502446,-0.006630729314784034
25.735449674608763,-1310.8149118948788,-0.006630703232131552
27.164236733793068,-1312.3987254289166,-0.006630675943927855
28.58266941909192,-1314.063740327174,-0.006630646923152739
29.994213754076174,-1315.8098122037593,-0.00663061569204082
31.402480673803808,-1317.6372282720818,-0.006630581937928426
32.81124553825125,-1319.5467449175164,-0.006630545700950563
34.22447248536438,-1321.5396287902536,-0.006630507684906917
35.646343486959665,-1323.617702354085,-0.006630469774764336
37.08129173520498,-1325.7833944806073,-0.006630435894926734
38.534038500700255,-1328.0397960172731,-0.006630413415933845
40.00963167667362,-1330.39071903509,-0.006630415416172042
41.51348253819389,-1332.8407562503653,-0.006630464199695041
43.05139426378109,-1335.395333186515,-0.006630596449882731
44.629570602629876,-1338.0607387806754,-0.0066308699066564
46.2545843089625,-1340.8441083861592,-0.006631369551227451
47.933270498172725,-1343.7533135230954,-0.006632205745709996
49.67248721043081,-1346.7966814388503,-0.006633483379347993
51.478652069583546,-1349.9824213388788,-0.006635195333721811
53.356922651606695,-1353.3175761520356,-0.006636965519284388
55.30985759046917,-1356.8062736449517,-0.006637613472552317
57.33543167625129,-1360.4470950653083,-0.006634862118318097
59.424495828340994,-1364.2296712362026,-0.006626345260091426
61.55830009830449,-1368.1313345196234,-0.0066131916049911865
63.70743750571275,-1372.1156718240954,-0.006603350528818552
65.83382889124951,-1376.135192417196,-0.006606354972124251
67.89615996851842,-1380.1386717454673,-0.006621561539272847
69.85680298921845,-1384.080470595739,-0.006638265580658498
71.68701219808779,-1387.9274368135673,-0.006648173088303011
73.36857133904417,-1391.6609294704497,-0.006650889819452388
74.89246280330896,-1395.2747959941853,-0.0066497487490941865
76.25624791491049,-1398.7716472770658,-0.0066475756871362535
77.46150161137784,-1402.1592696993985,-0.0066456891755990455
78.5118736685758,-1405.447938143207,-0.006644418018959541
79.41182681492054,-1408.6486771655586,-0.006643688022235139
80.16590050102914,-1411.7722471781196,-0.00664333312792742
80.77832609712904,-1414.828607672849,-0.006643208121447586
81.25285765794693,-1417.8266669878217,-0.006643211790912318
81.59272735153586,-1420.7741926342085,-0.006643280613973346
81.80066940054868,-1423.677805396347,-0.006643377044362353
81.87897948521386,-1426.5430128744645,-0.006643479716711198
81.8295907911425,-1429.3742580696364,-0.006643576744204793
81.65415626327798,-1432.1749703591086,-0.0066436615410498945
81.35413139158779,-1434.947612957982,-0.006643730368399048
80.93085446926186,-1437.6937247620947,-0.006643780968889956
80.38562263149402,-1440.4139565607327,-0.006643811862481641
79.71976264119989,-1443.1081027245616,-0.006643822034126501
78.93469565582859,-1445.7751300297855,-0.006643810847169362
78.0319952752171,-1448.4132055067435,-0.006643778079727269
77.01343814673544,-1451.0197252271666,-0.006643724017092012
75.88104635878146,-1453.5913458372456,-0.00664364955527752
74.63712082827719,-1456.1240204393291,-0.006643556283741248
73.28426490654614,-1458.613040143164,-0.0066434465249294306
71.82539750355997,-1461.053082260845,-0.006643323315207894
70.26375516708198,-1463.4382657191793,-0.006643190320341219
68.60288274778266,-1465.7622138212168,-0.006643051684978474
66.84661252533674,-1468.0181240197198,-0.006642911822311248
64.99903195067525,-1470.198843886044,-0.006642775156958436
63.064440459454616,-1472.2969519867129,-0.00664264583713603
61.047296112772315,-1474.3048419360557,-0.006642527436753198
58.95215310355876,-1476.2148074955808,-0.006642422667813008
56.783591411271665,-1478.0191262570254,-0.006642333126055888
54.54614007474756,-1479.7101391916613,-0.006642259088362579
52.24419566617441,-1481.2803231857165,-0.006642199380632263
49.88193757334203,-1482.7223536183485,-0.006642151327902468
47.46324162095947,-1484.0291540764606,-0.006642110794803813
44.99159337735304,-1485.1939304346674,-0.006642072316314085
42.470002197880994,-1486.21018674593,-0.006642029315806042
39.900916654836784,-1487.0717206681697,-0.0066419744060404184
37.28614150701398,-1487.772596468366,-0.0066418997820925085
34.62675579156386,-1488.307093971623,-0.006641797745643885
31.923031010495784,-1488.6696321412403,-0.0066416614715443245
29.17434778911325,-1488.8546662966444,-0.006641486259109541
26.379108896039543,-1488.8565583668221,-0.006641271759747269
23.534646298148125,-1488.6694202192814,-0.006641026118945348
20.637120284102973,-1488.2869313984638,-0.00664077376104899
17.681410212759474,-1487.702135368495,-0.006640569873685109
14.661000262039789,-1486.9072241911824,-0.006640526633439947
11.567871865802005,-1485.8933335920367,-0.006640858266717231
8.392431521102036,-1484.6503944790504,-0.0066419505010628654
5.123536067572012,-1483.1671340191558,-0.0066444407037487
1.748740711647024,-1481.4314078783596,-0.006649214227874012
-1.7449926405719018,-1479.431201857495,-0.006656976698490524
-5.36971261166291,-1477.1568859089386,-0.006666545807899382
-9.133404595603634,-1474.6055797947845,-0.006670798322478078
-13.034817171495265,-1471.7884616570273,-0.006652894586373748
-17.056452646442292,-1468.7405947226987,-0.006598266002910691
-21.158539046058443,-1465.5292253838993,-0.006534998524269753
-25.27991662786721,-1462.2521279693847,-0.006533897962164303
-29.350108549255733,-1459.0200023801535,-0.006604134842191911
-33.30749437576761,-1455.9302351413116,-0.006673872599787245
-37.11185856379652,-1453.0487455522316,-0.0067019494410516245
-40.74565484837733,-1450.4079910909795,-0.006701035010745926
-44.20798622211951,-1448.0154606654785,-0.006691857458413608
-47.507416437677136,-1445.8639400456323,-0.006684024153692292
-50.656638591122245,-1443.9392013930935,-0.006679385694486228
-53.66932865241764,-1442.2246070878678,-0.006677216858754775
-56.55855799024868,-1440.7034912132326,-0.006676508325309527
-59.33611754638307,-1439.3602279049232,-0.006676543617853525
-62.012317725145145,-1438.1806043524425,-0.006676906336913646
-64.596014554454,-1437.1518552450743,-0.006677378849254012
-67.09473112658789,-1436.2625483727104,-0.00667785684435529
-69.51480957564856,-1435.5024169245123,-0.006678295754269925
-71.86156359186025,-1434.862184159927,-0.006678680744386156
-74.13941895313053,-1434.333400678549,-0.006679010862251644
-76.35203801494485,-1433.908301916599,-0.006679290992240183
-78.50242797858138,-1433.5796874864898,-0.006679527927484941
-80.5930343626407,-1433.3408212777808,-0.006679728552871467
-82.62582161182912,-1433.1853501710846,-0.006679899084220509
-84.6023427830267,-1433.107238927881,-0.006680044820257081
-86.52380004631512,-1433.1007188812755,-0.006680170131820873
-88.39109747059078,-1433.1602482556277,-0.006680278551433716
-90.20488729594709,-1433.2804821871698,-0.00668037289657164
-91.96561065631278,-1433.4562507590172,-0.006680455395784435
-93.6735335152937,-1433.6825435853427,-0.006680527804352465
-95.32877841630949,-1433.9544996765621,-0.006680591504693467
-96.9313525215194,-1434.2674014912884,-0.006680647590668443
-98.4811723177679,-1434.6166722345092,-0.006680696936778752
-99.97808529661711,-1434.9978755981087,-0.006680740253754536
-101.4218888644897,-1435.4067172621594,-0.006680778132355236
-102.81234670354429,-1435.839047585385,-0.006680811077076854
-104.14920278026135,-1436.2908650122442,-0.0066808395314295055
-105.43219318356104,-1436.7583198130956,-0.0066808638962871925
-106.66105596492382,-1437.237717853495,-0.006680884542614507
-107.83553914730226,-1437.7255241592134,-0.006680901819850593
-108.95540706595766,-1438.2183661053944,-0.0066809160608976015
-110.02044520150865,-1438.7130361117502,-0.006680927584720386
-111.03046366259244,-1439.2064937711664,-0.006680936697169848
-111.98529947206275,-1439.6958673770919,-0.006680943690790642
-112.88481780627059,-1440.178454846109,-0.0066809488439458775
-113.72891233156817,-1440.6517240567694,-0.006680952419673147
-114.51750477574964,-1441.113312644769,-0.006680954664538108
-115.25054386479131,-1441.5610273085078,-0.006680955807619071
-115.9280037471329,-1441.992842688709,-0.006680956059780918
-116.54988201903177,-1442.4068998916857,-0.006680955613179718
-117.11619745541128,-1442.801504728689,-0.006680954641115733
-117.62698754129573,-1443.1751257440578,-0.006680953298165093
-118.08230588953633,-1443.526392103176,-0.006680951720547501
-118.48221962122722,-1443.8540914079078,-0.0066809500266785116
-118.82680677609476,-1444.15716750266,-0.0066809483178923434
-119.11615381130174,-1444.4347183287864,-0.006680946679200606
-119.35035323859486,-1444.685993878987,-0.006680945180145836
-119.5295014415694,-1444.9103942968857,-0.006680943875579104
-119.65369670703662,-1445.10746816023,-0.006680942806422618
-119.7230374970461,-1445.2769109793023,-0.006680942000323202
-119.73762098100862,-1445.4185639352677,-0.006680941472191369
-119.69754184054511,-1445.532412876335,-0.0066809412246063085
-119.6028913531038,-1445.618587582904,-0.00668094124805714
-119.45375675398243,-1445.6773613062696,-0.006680941521027967
-119.25022087010716,-1445.7091505790634,-0.006680942009912316
-118.99236201268901,-1445.714515289415,-0.006680942668796375
-118.68025410964553,-1445.6941590048737,-0.006680943439066889
-118.31396705237931,-1445.6489295264814,-0.00668094424892185
-117.89356722509862,-1445.5798196481041,-0.006680945012749628
-117.41911817830291,-1445.487968091276,-0.00668094563046262
-116.89068140130817,-1445.3746605815104,-0.006680945986765829
-116.30831714172943,-1445.2413310284248,-0.00668094595039781
-115.6720852126647,-1445.0895627692569,-0.006680945373413794
-114.98204572093887,-1444.9210898336596,-0.006680944090479812
-114.23825964218585,-1444.7377981872814,-0.00668094191822366
-113.44078916079782,-1444.5417269128616,-0.006680938654626711
-112.5896976848901,-1444.335069290725,-0.006680934078446832
-111.68504943845124,-1444.1201737460622,-0.006680927948598203
-110.7269085248039,-1443.8995446385843,-0.0066809200033972616
-109.71533734740397,-1443.6758428815883,-0.00668090995953019
-108.65039426583564,-1443.4518863925807,-0.006680897510515926
-107.532130356548,-1443.2306503969623,-0.00668088232441999
-106.36058513928388,-1443.0152676304008,-0.006680864040387924
-105.13578112102815,-1442.8090285149983,-0.0066808422635560305
-103.85771699927348,-1442.6153814197883,-0.00668081655777808
-102.52635935491946,-1442.4379331581097,-0.0066807864354796465
-101.14163265142142,-1442.2804499236615,-0.006680751343852265
-99.70340733987271,-1442.1468589242863,-0.006680710646532972
-98.21148584821384,-1442.041251038564,-0.0066806635998943875
-96.66558620504829,-1441.9678848961046,-0.006680609323055364
-95.06532301255962,-1441.9311928690954,-0.006680546761080208
-93.41018543633152,-1441.935789561512,-0.006680474641253653
-91.6995118196797,-1441.9864834948864,-0.006680391423598664
-89.9324604533955,-1442.0882928170852,-0.0066802952491045176
-88.10797593563228,-1442.2464660041865,-0.006680183893639224
-86.22475043881978,-1442.4665086849566,-0.006680054744007791
-84.28117906074824,-1442.7542178890562,-0.00667990482848424
-82.27530827959633,-1443.1157251936386,-0.006679730963476516
-80.20477637121431,-1443.5575503943044,-0.006679530132563727
-78.06674451324811,-1444.0866674044937,-0.006679300313596315
-75.8578172619642,-1444.7105839898145,-0.006679042151418457
-73.57395127895116,-1445.4374364702621,-0.00667876219859842
-71.21035187002697,-1446.276099289034,-0.006678479010325589
-68.76135858458511,-1447.2363066208568,-0.006678234300384389
-66.22032477244683,-1448.328777600127,-0.006678112666968161
-63.579503408429744,-1449.565325732737,-0.0066782745513833675
-60.82996597235237,-1450.9589119591196,-0.006679005424626183
-57.96160851792073,-1452.5235615189126,-0.006680770330980579
-54.96334865835286,-1454.2739941644354,-0.006684210100011967
-51.82370138418799,-1456.2246984099238,-0.006689866474889783
-48.53204697093676,-1458.3880051347867,-0.0066971336033283535
-45.081037107599855,-1460.7705333886456,-0.00670183974899885
-41.4705629948356,-1463.3674244425595,-0.006693783333616921
-37.713118466624245,-1466.1546345890374,-0.006662131905113
-33.838732058244055,-1469.0819254792534,-0.006617324025008031
-29.89549039992336,-1472.0722415357313,-0.006600869090252814
-25.942114313017218,-1475.0325139578376,-0.006635529995730138
-22.03459799151646,-1477.8730137028022,-0.006688354972048671
-18.214611828643157,-1480.5242579815765,-0.006721477528014219
-14.505509544476224,-1482.943089777252,-0.006730566510558589
-10.915090426440736,-1485.1090631527927,-0.006727704131360923
-7.440906033557054,-1487.017093129731,-0.006722291358794763
-4.075034957270292,-1488.6707660686611,-0.006717985496766943
-0.8073446254375316,-1490.0777462117926,-0.006715362480367304
2.37260108415871,-1491.247087233004,-0.00671402871713056
5.47454623690319,-1492.1878409019437,-0.006713492087317974
8.507082886343767,-1492.908437056643,-0.006713389990718355
11.477480279353133,-1493.4164864568804,-0.006713497214125397
14.391659809503318,-1493.718800651154,-0.006713685584411877
17.254237899081602,-1493.821514211965,-0.0067138866183071855
20.068596899049705,-1493.7302476226835,-0.0067140662904279225
22.836964901459513,-1493.4502782913687,-0.006714209884997047
25.56049637096333,-1492.9867027923153,-0.006714313413056061
28.23935110315683,-1492.3445816390813,-0.006714378885742889
30.87277167613289,-1491.5290621578472,-0.00671441171641618
33.45916062979883,-1490.5454772712023,-0.006714419237049185
35.99615881920894,-1489.3994192489909,-0.006714409765656626
38.48072614481896,-1488.0967882742598,-0.006714391928479557
40.90922538946483,-1486.6438162783743,-0.006714374097800402
43.27750932150112,-1485.0470670410095,-0.0067143638932378735
45.58101063890738,-1483.3134140679335,-0.006714367742635119
47.81483378556935,-1481.4499982494726,-0.006714390520592417
49.973847206456,-1479.4641677426384,-0.0067144352879786595
52.05277424878648,-1477.36340288098,-0.00671450315441291
54.04628067710305,-1475.1552291708822,-0.006714593274157465
55.949056657959765,-1472.8471215600607,-0.0067147029766481126
57.75589108287323,-1470.4464031506031,-0.006714828018338892
59.46173622678497,-1467.9601413715216,-0.006714962932331758
61.06176096728523,-1465.395044329818,-0.0067151014417099475
62.55139109532375,-1462.7573596381799,-0.006715236899594856
63.92633560505854,-1460.0527774924192,-0.006715362714935225
65.18259823079849,-1457.286339169128,-0.006715472733230143
66.31647387521565,-1454.462351464708,-0.006715561549160753
67.32452992159247,-1451.584306935254,-0.0067156247503668
68.20357272832653,-1448.654809160664,-0.006715659116888872
68.95059986413807,-1445.6755016897807,-0.006715662839390291
69.56273887628234,-1442.6469988831402,-0.00671563587323476
70.03717364321777,-1439.5688166398816,-0.006715580630345386
70.37105975196731,-1436.4393011140205,-0.006715503343158957
70.56143105072523,-1433.2555542353684,-0.006715416645043604
70.6051009000859,-1430.0133565880965,-0.006715344222573805
70.49856427890161,-1426.7070917492795,-0.006715328773370999
70.2379118271277,-1423.32968294281,-0.006715444690069461
69.81877588064198,-1419.872565231258,-0.006715815895804056
69.23634441715524,-1416.3257384352494,-0.006716634097822194
68.48550580040627,-1412.6779835555158,-0.006718155866716202
67.56123023681235,-1408.9173860068993,-0.006720613827422284
66.45935466111122,-1405.0323958105464,-0.006723896946864372
65.17800157841718,-1401.0137492896272,-0.006726805614112763
63.71986626232243,-1396.8575938235942,-0.0067260416798600176
62.095393197193445,-1392.5698796921042,-0.006716600172556042
60.32619936684632,-1388.171183823511,-0.006696945806350385
58.446996047301226,-1383.6996020261067,-0.006677081361516457
56.50362160974036,-1379.2084255733714,-0.006673951352517804
54.546276513428474,-1374.7572914195925,-0.00669063452382801
52.62052000820089,-1370.4002301427251,-0.006712231029379012
50.76054060892828,-1366.1767317588856,-0.006725712665101469
48.987197450785885,-1362.1092177473918,-0.006729810755567556
47.30990482419531,-1358.205645320721,-0.00672885197339923
45.73001321819229,-1354.4640574261439,-0.006726504018006452
44.24397658450188,-1350.8767811180812,-0.006724431251914353
42.84566987742987,-1347.4334447015162,-0.006723039923235419
41.5278653355755,-1344.1228517171005,-0.006722246890978667
40.28308743372038,-1340.934025019385,-0.006721863644541415
39.104067311378,-1337.856726080887,-0.006721727975255831
37.98395852864317,-1334.8816693183112,-0.006721728712131281
36.91641824572112,-1332.0005705026667,-0.006721797364592774
35.89561633631183,-1329.2061112005267,-0.006721894474813084
34.916208430106856,-1326.4918653142875,-0.006721998569101828
33.973292969109785,-1323.852212587867,-0.006722098725333581
33.06236313639146,-1321.2822518652315,-0.006722189972174775
32.179259284723706,-1318.7777201860474,-0.0067222705696323715
31.320124582527843,-1316.3349201744427,-0.00672234044979092
30.481365011715653,-1313.9506562731644,-0.006722400344662205
29.659614019979564,-1311.6221794232206,-0.006722451312155542
28.851701719010943,-1309.347139351869,-0.006722494487075181
28.054628342536144,-1307.1235434653356,-0.006722530958775508
27.26554162802063,-1304.9497213114805,-0.006722561717545261
26.48171780386161,-1302.8242936075346,-0.006722587637689514
25.700545916623053,-1300.7461448790802,-0.006722609479140829
24.919515301897782,-1298.7143988080954,-0.006722627897497446
24.136206077396135,-1296.7283954304546,-0.00672264345700313
23.348282611834243,-1294.7876693536093,-0.00672265664348437
22.55348999409172,-1292.8919281840233,-0.006722667875664001
21.749653590470352,-1291.0410303649905,-0.006722677514408915
20.934681829932234,-1289.234961634752,-0.006722685869029021
20.106572393256258,-1287.4738093306894,-0.006722693201380636
19.263421996235436,-1285.7577337984405,-0.00672269972766415
18.403439942167672,-1284.0869362278593,-0.006722705618660285
17.524965566743067,-1282.4616223454957,-0.00672271099948496
16.626489600368384,-1280.881961561196,-0.006722715949786462
15.706679321091102,-1279.3480414092894,-0.006722720506189717
14.76440716011841,-1277.8598174541182,-0.006722724668010827
13.79878215065141,-1276.4170592501719,-0.00672272840730237
12.809183285773653,-1275.0192934528707,-0.006722731683151295
11.795293488574162,-1273.6657457463066,-0.00672273445893623
10.7571325252153,-1272.3552838501137,-0.006722736719668276
9.695086848796882,-1271.086364430972,-0.006722738485576585
8.609934097997332,-1269.856987200191,-0.006722739817863754
7.502859843951899,-1268.664659742491,-0.006722740813700057
6.37546423326996,-1267.5063766095084,-0.006722741590547088
5.229756453608288,-1266.378615858554,-0.006722742263065129
4.068135467351554,-1265.2773554900853,-0.006722742919137659
2.8933562046421906,-1264.1981111506257,-0.006722743602477266
1.7084813309028373,-1263.1359950904723,-0.006722744307719353
0.5168197258318459,-1262.0857948186433,-0.006722744989300367
-0.6781461728366922,-1261.0420683419811,-0.006722745580628242
-1.8728411094507738,-1259.9992514895566,-0.006722746015826786
-3.063682108581179,-1258.9517717765607,-0.006722746245905853
-4.247163836091699,-1257.8941626861347,-0.006722746244133049
-5.419940109318294,-1256.8211722170352,-0.006722746000258795
-6.5788977760602725,-1255.7278600628006,-0.006722745508202621
-7.721219825945562,-1254.6096787863207,-0.006722744753995258
-8.844435473120374,-1253.4625357049053,-0.006722743709811851
-9.946455952888304,-1252.282833739399,-0.006722742336659593
-11.025595795108833,-1251.0674910291727,-0.0067227405940641916
-12.080580269982876,-1249.8139405108807,-0.006722738452355159
-13.110540465271706,-1248.5201117779375,-0.006722735902636501
-14.114997996856191,-1247.184398305845,-0.00672273296070891
-15.093841659423877,-1245.805613525652,-0.006722729663790616
-16.047298404212988,-1244.382939281496,-0.00672272606125901
-16.97590092253092,-1242.915869980332,-0.006722722201921272
-17.880453867009273,-1241.4041553132222,-0.006722718120892424
-18.762000410834457,-1239.8477438819912,-0.006722713828519744
-19.62179047799908,-1238.2467294781509,-0.006722709302476204
-20.461251615249953,-1236.6013011925127,-0.006722704483641095
-21.281963147659493,-1234.9116980247395,-0.006722699274989807
-22.085633981961003,-1233.1781682352448,-0.0067226935425068746
-22.874084202464548,-1231.4009333451127,-0.006722687116859305
-23.64923044355613,-1229.5801564398637,-0.006722679795094777
-24.41307491559409,-1227.7159142595517,-0.00672267134117277
-25.167697899877634,-1225.808172446815,-0.006722661485079939
-25.91525350474568,-1223.8567632610595,-0.006722649920098078
-26.6579684804915,-1221.861365036489,-0.006722636298309936
-27.39814391832761,-1219.8214826515277,-0.0067226202246235545
-28.138159702049503,-1217.7364282766546,-0.0067226012497165755
-28.88048163554914,-1215.605301668373,-0.006722578863062267
-29.62767123121341,-1213.4269692726816,-0.006722552488110267
-30.38239821048227,-1211.2000413877158,-0.0067225214824890855
-31.147455835494167,-1208.922846610073,-0.006722485149094126
-31.92577925607915,-1206.593402753236,-0.006722442768376524
-32.72046711348675,-1204.209383383774,-0.006722393668521676
-33.53480668092969,-1201.7680790821125,-0.006722337363221698
-34.3723028230604,-1199.266352520603,-0.006722273807827861
-35.236710989433185,-1196.700586501895,-0.006722203859146347
-36.13207426347719,-1194.0666242871555,-0.006722130082387423
-37.06276406773781,-1191.3597019956999,-0.006722058140736564
-38.033523302028726,-1188.574373804933,-0.006721999140903989
-39.04950915757933,-1185.7044325276609,-0.006721973487632482
-40.11633007932688,-1182.7428316017129,-0.006722016954181953
-41.24006644188745,-1179.6816208157998,-0.006722189525586231
-42.42725597225533,-1176.5119192668583,-0.006722586253868457
-43.68481044052901,-1173.2239683814873,-0.006723344572543866
-45.019806294341286,-1169.8073401051665,-0.006724629035195662
-46.43905505438821,-1166.251426005288,-0.006726543694323794
-47.94830887709515,-1162.5464035786817,-0.006728872948635001
-49.55090609724124,-1158.6849495048855,-0.006730544472903333
-51.245662876984554,-1154.6649762003153,-0.006729005943208577
-53.02399667343048,-1150.4934352276548,-0.006720762789077739
-54.866812577267254,-1146.1904984438147,-0.006705352184720681
-56.74260992270434,-1141.792164326087,-0.00669114849867114
-58.60889329356977,-1137.3484648232686,-0.006691691030912494
-60.41792514683206,-1132.9158530067841,-0.00670929775690432
-62.12494109085871,-1128.5463160390238,-0.006730847967471476
-63.6948579174167,-1124.2785943386095,-0.006744252076773094
-65.10479193554494,-1120.1351042374167,-0.006748177848599823
-66.34278055976807,-1116.123960536229,-0.006746937007600096
-67.40476475348031,-1112.2432610184815,-0.006744322695718452
-68.29156153607266,-1108.485289201722,-0.006742078642828275
-69.00657637285248,-1104.839649825207,-0.00674061425954342
-69.5543282393304,-1101.2952726902788,-0.0067398160757878856
-69.93960164662182,-1097.8415608967873,-0.006739463449452643
-70.16701260874812,-1094.4689852678534,-0.006739370818824142
-70.24082477496779,-1091.1693519474459,-0.006739412479443985
-70.16490771601015,-1087.9358898488563,-0.006739511470591708
-69.94277142448811,-1084.7632451524435,-0.00673962340974299
-69.57763846463706,-1081.6474317651623,-0.006739723825528898
-69.07253175220309,-1078.585763690781,-0.006739799881476216
-68.43036552237156,-1075.5767820529047,-0.006739845441018133
-67.65403242523952,-1072.6201821558718,-0.006739858302296398
-66.74648264315523,-1069.716742015829,-0.006739838730272396
-65.71079252016943,-1066.8682517983157,-0.006739788714391182
-64.55022105825304,-1064.0774427278109,-0.006739711596349451
-63.26825313059829,-1061.3479138175685,-0.0067396118542149
-61.86862859550964,-1058.6840549375338,-0.006739494917187727
-60.355356778477415,-1056.090965139405,-0.006739366943296687
-58.732716082171756,-1053.574365696306,-0.006739234530833471
-57.005238806533185,-1051.140507926264,-0.006739104361400905
-55.1776816139307,-1048.7960765054922,-0.0067389827924024814
-53.254982443553786,-1046.5480895989394,-0.006738875429221025
-51.24220504252751,-1044.4037977062517,-0.006738786713956557
-49.14447261241132,-1042.3705836101065,-0.006738719570162033
-46.9668923419171,-1040.4558661950025,-0.006738675138716843
-44.71447278521084,-1038.6670111585881,-0.006738652632584774
-42.392036129792906,-1037.011251752801,-0.006738649329086854
-40.004127364551906,-1035.4956226655077,-0.006738660706002264
-37.55492220049337,-1034.1269099910326,-0.006738680717781165
-35.04813531578386,-1032.9116199546102,-0.0067387022018969844
-32.48693010474643,-1031.855968672414,-0.006738717406875594
-29.873830630110493,-1030.965894768603,-0.0067387186499665575
-27.210635945840092,-1030.2470961510483,-0.006738699152538885
-24.49833643021577,-1029.705091665882,-0.00673865418052344
-21.73703133197326,-1029.3453076629569,-0.006738582758110567
-18.925846525631812,-1029.1731885829652,-0.0067384904643610355
-16.062851732081228,-1029.1943292446224,-0.006738394217187249
-13.144977604197456,-1029.414624015687,-0.00673833055430606
-10.167935858178254,-1029.8404234500115,-0.006738369712234515
-7.126151419407153,-1030.4786803372613,-0.006738638359287563
-4.012726813746781,-1031.3370509724443,-0.006739352348329675
-0.8194800777186686,-1032.4238877838918,-0.006740851344630983
2.462864698464911,-1033.7480065206537,-0.0067435931549901795
5.844190714906608,-1035.3180216654769,-0.006747971313849632
9.333963599527424,-1037.1409075478402,-0.006753627854305222
12.939308165831353,-1039.2192821378069,-0.006757791998410312
16.66178452416049,-1041.546862461797,-0.006753077376746575
20.49277399466378,-1044.1019995896218,-0.006729298451759291
24.408511962189497,-1046.8408106598488,-0.006687961461050662
28.3677494650196,-1049.6941737208379,-0.00665914854875993
32.315900687363744,-1052.5740475433654,-0.00667569310903815
36.1961988351138,-1055.3897860530883,-0.006723290188901387
39.96225804416955,-1058.0663963940217,-0.006761610326456946
43.584975680250075,-1060.5546338586441,-0.006775597399293787
47.0520197384775,-1062.830412262556,-0.006774218100005669
50.36318847520273,-1064.888214642973,-0.006768426620801904
53.52532822352872,-1066.7337848210746,-0.006763391973965582
56.54853310399794,-1068.37859700848,-0.006760254969748303
59.44381139066096,-1069.8364010998293,-0.006758679508799048
62.22183686412646,-1071.121320159851,-0.006758089873230233
64.89236914222023,-1072.2469159236914,-0.006758039891916923
67.46404546069617,-1073.225799958669,-0.006758250677219024
69.94436278461122,-1074.0695307457304,-0.006758565803458794
72.3397489126078,-1074.78864952838,-0.0067589041856379595
74.65566894510816,-1075.3927757137606,-0.0067592272823375765
76.89674013615894,-1075.8907209598356,-0.006759519255844282
79.06684243287953,-1076.290601929497,-0.00675977576726261
81.16921941732521,-1076.5999427300376,-0.006759997910810611
83.20656807156766,-1076.8257637521742,-0.006760189041420617
85.1811175385815,-1076.9746564607094,-0.006760353179364742
87.09469779446759,-1077.05284501996,-0.00676049425445413
88.94879938500499,-1077.0662361868544,-0.006760615786975066
90.74462537636784,-1077.0204590594253,-0.006760720788999919
92.48313656334886,-1076.9208962319108,-0.006760811771373554
94.16509083803152,-1076.7727077857483,-0.006760890796620345
95.79107748110607,-1076.5808493922675,-0.006760959547243317
97.36154701171965,-1076.3500856442795,-0.006761019394526002
98.87683712502067,-1076.0849995821993,-0.00676107146102467
100.33719515975261,-1075.7899992407595,-0.006761116674164569
101.74279746950755,-1075.4693219162016,-0.006761155810500519
103.09376601784714,-1075.1270367409422,-0.006761189531172995
104.39018247655449,-1074.7670460523073,-0.006761218409571335
105.63210007509376,-1074.3930859530979,-0.006761242952376456
106.8195534255559,-1074.0087263835655,-0.006761263615132407
107.95256652897162,-1073.6173709559991,-0.006761280813395665
109.03115915427463,-1073.222256743801,-0.006761294930451633
110.05535176914368,-1072.8264541659491,-0.0067613063224274406
111.02516919149953,-1072.4328670644334,-0.006761315321464956
111.9406431209001,-1072.0442330359733,-0.006761322237608169
112.8018136999954,-1071.6631240494155,-0.006761327359749103
113.60873024727898,-1071.2919473560503,-0.006761330956114087
114.36145129343653,-1070.9329466810207,-0.006761333274430292
115.06004404457614,-1070.5882036694577,-0.0067613345420562965
115.704583386526,-1070.2596395503106,-0.006761334966126853
116.29515053524219,-1069.9490169735539,-0.006761334733856428
116.8318314292493,-1069.6579419719847,-0.00676133401290635
117.31471495100966,-1069.38786599672,-0.006761332951996102
117.74389105525948,-1069.1400879753207,-0.006761331681569005
118.11944887372556,-1068.9157563428612,-0.006761330314614233
118.44147485729464,-1068.7158709988582,-0.006761328947495815
118.71005100868825,-1068.5412851465474,-0.00676132766086926
118.92525325101501,-1068.3927069752554,-0.006761326520487776
119.0871499702344,-1068.27070115143,-0.006761325578031573
119.19580076255856,-1068.1756900890584,-0.006761324871815029
119.25125541111332,-1068.1079549756191,-0.006761324427334205
119.25355310973976,-1068.0676365353086,-0.006761324257715922
119.20272194559334,-1068.0547355169258,-0.006761324363995111
119.09877864613345,-1068.0691128994995,-0.006761324735196847
118.94172859013172,-1068.1104898144117,-0.0067613253482567
118.73156607639764,-1068.1784471883848,-0.0067613261677637315
118.46827483796136,-1068.272425117231,-0.006761327145579726
118.15182878340337,-1068.3917219856446,-0.006761328220242446
117.78219294082054,-1068.535493353518,-0.006761329316300024
117.35932457351528,-1068.7027506342188,-0.006761330343519556
116.8831744298456,-1068.8923595948454,-0.00676133119607103
116.35368808274423,-1069.1030387126452,-0.006761331751613087
115.77080730718225,-1069.3333574253065,-0.006761331870477338
115.13447143630657,-1069.581734315613,-0.006761331394794734
114.44461862912465,-1069.8464352727176,-0.006761330147745603
113.70118697445882,-1070.1255716728158,-0.0067613279328919695
112.90411534747373,-1070.4170986209635,-0.006761324533587576
112.05334392642733,-1070.7188132928527,-0.006761319712390357
111.14881426844568,-1071.028353410119,-0.006761313210573938
110.19046883410641,-1071.3431958747835,-0.006761304747474384
109.17824984145005,-1071.6606555772337,-0.006761294019621111
108.11209732070952,-1071.9778843771996,-0.006761280699365546
106.99194623149391,-1072.2918702379363,-0.006761264432793013
105.81772249424881,-1072.5994364696598,-0.006761244836453351
104.5893377773142,-1072.8972410086312,-0.00676122149252123
103.30668286944879,-1073.1817756224466,-0.006761193941732024
101.96961945476356,-1073.449364889458,-0.006761161673534133
100.57797009187341,-1073.6961647500693,-0.006761124112588668
99.13150618075933,-1073.9181603692552,-0.00676108060102365
97.62993367807339,-1074.1111629821814,-0.006761030375526111
96.07287629284436,-1074.2708053175206,-0.006760972538998544
94.45985585786337,-1074.392535104997,-0.00676090602654611
92.79026952527279,-1074.4716060740889,-0.006760829566868409
91.0633633757147,-1074.5030657389714,-0.006760741641793189
89.27820195658114,-1074.4817391406386,-0.0067606404504072515
87.43363317487567,-1074.402207581997,-0.006760523890539716
85.52824786408897,-1074.2587812497218,-0.006760389582346704
83.56033322620169,-1074.0454644778558,-0.006760234980269786
81.52781923085536,-1073.755912293705,-0.006760057658697249
79.42821695978279,-1073.3833768392742,-0.0067598559270294345
77.2585478691314,-1072.920642363881,-0.006759630055592325
75.01526311012096,-1072.3599478927017,-0.006759384614355213
72.69415259996238,-1071.6928976859667,-0.006759132803754397
70.29024484742644,-1070.9103617606665,-0.006758904263481469
67.79770131285713,-1070.0023730573985,-0.006758758704823009
65.20971461010286,-1068.9580361334554,-0.006758808535249017
62.518430459806254,-1067.7654778305127,-0.006759252969764873
59.71493301442109,-1066.4118988654648,-0.006760418881416541
56.789368520879925,-1064.8838358188414,-0.006762775380497743
53.73134222677613,-1063.1678278756121,-0.006766807409988473
50.53081499153575,-1061.251811090222,-0.006772459690754573
47.17983586288439,-1059.1277145621768,-0.0067777000890316685
43.675489863570256,-1056.7957851950166,-0.006776401503373108
40.024170716122896,-1054.2707709886001,-0.006759117538976511
36.246301654426894,-1051.5886760413239,-0.006724472479469057
32.37889323676512,-1048.8103308998152,-0.0066954331044719595
28.472410883487807,-1046.0167359155214,-0.00670325354003154
24.581087535996332,-1043.2949543379495,-0.006743199223894436
20.751229422962084,-1040.721064327829,-0.006781542613545355
17.013965845831354,-1038.3494158099618,-0.006799953594402552
13.38470465405944,-1036.211488590335,-0.0068026611273843685
9.8668320644535,-1034.3208990049523,-0.006799091872366603
6.456312510539978,-1032.6797957478352,-0.006794821478887769
3.145379022230636,-1031.2840368227041,-0.006791694815085236
-0.07505458940176121,-1030.1265853902726,-0.006789839906346629
-3.2140046537213243,-1029.1994606048356,-0.006788905695184866
-6.279695191044013,-1028.4947362938453,-0.006788532225304067
-9.279225134646644,-1028.0049763114603,-0.006788462587032029
-12.218447819198342,-1027.7233592193436,-0.006788537171573239
-15.101959529379847,-1027.6436423129499,-0.006788664241540232
-17.933140641993802,-1027.7600499553193,-0.006788794339023241
-20.714220086768314,-1028.0671331003841,-0.0067889030348098345
-23.44634895515368,-1028.5596255124385,-0.006788980420232349
-26.1296771712019,-1029.2323104624113,-0.0067890249983690865
-28.763431266569256,-1030.0799053110277,-0.0067890401781767196
-31.34599322884951,-1031.0969679031305,-0.006789032214715718
-33.87498110387491,-1032.277826718387,-0.006789008912218009
-36.347332079493135,-1033.6165355019616,-0.0067889787112527245
-38.75938847366147,-1035.106852240638,-0.006788949968672853
-41.106986577162104,-1036.742241661385,-0.0067889303485770824
-43.38554777386456,-1038.5158998279367,-0.006788926303396892
-45.59017085243572,-1040.420798874735,-0.006788942656118735
-47.71572398173724,-1042.4497494554416,-0.006788982304460234
-49.756934480337826,-1044.5954781169573,-0.006789046067201099
-51.70847428822869,-1046.8507165633066,-0.006789132683980625
-53.565038954534074,-1049.2082996663146,-0.006789238965701827
-55.321417987398746,-1051.6612691232854,-0.006789360079746842
-56.9725545610778,-1054.2029798579179,-0.006789489940533855
-58.51359282275823,-1056.8272066015486,-0.006789621667202539
-59.93991136427453,-1059.528248560177,-0.006789748066907464
-61.24714179484442,-1062.3010306426315,-0.006789862106160172
-62.431171743487695,-1065.141200363075,-0.00678995734518395
-63.48813201152086,-1068.045220195664,-0.006790028333679032
-64.41436797420387,-1071.010455800368,-0.006790071002001241
-65.20639570217826,-1074.035261092316,-0.006790083135708613
-65.860843673822,-1077.1190615022208,-0.006790065102077136
-66.3743814643413,-1080.2624368328884,-0.006790021121862111
-66.7436375930268,-1083.4672046241574,-0.006789961569662495
-66.96511009012153,-1086.7365034925656,-0.0067899070641921355
-67.03507584453001,-1090.0748728020237,-0.006789895447116834
-66.94950933885437,-1093.4883190009227,-0.006789992937200395
-66.70402953218385,-1096.9843478849853,-0.006790309975546194
-66.29390794405451,-1100.5719223779022,-0.006791018117713321
-65.7141951798759,-1104.2612718056978,-0.006792350607341291
-64.96006173127539,-1108.0634244053253,-0.006794533784344026
-64.02750395239872,-1111.9892561794195,-0.00679752812555634
-62.914626442605176,-1116.0477600630863,-0.006800402460228838
-61.62372661451447,-1120.2432080696408,-0.006800405483819105
-60.16424330960677,-1124.5710878353086,-0.006792981631896566
-58.55607660023379,-1129.0134415085524,-0.006775708116503409
-56.83178437448007,-1133.5356120733206,-0.0067558734047494795
-55.03539947902325,-1138.0874840801744,-0.006749236408410297
-53.21660642761352,-1142.6110004215832,-0.006762089143371952
-51.4221230555111,-1147.0515170818073,-0.006782655511283764
-49.68850080262649,-1151.3673061931956,-0.006797214286216047
-48.039298908543316,-1155.5332102649593,-0.006802599025391487
-46.48630740925526,-1159.538904631046,-0.006802360341318092
-45.03266996003767,-1163.3846839231014,-0.006800255068796446
-43.676071893668826,-1167.07723511242,-0.006798199986631559
-42.4111856871087,-1170.6264552986129,-0.006796760443654293
-41.231281830871175,-1174.043407963852,-0.006795918535710044
-40.129189585623955,-1177.339149275024,-0.006795502946319587
-39.097824984578395,-1180.5241221747528,-0.006795350963210822
-38.130454753747955,-1183.607888463536,-0.006795346647264111
-37.220808094411076,-1186.5990490178308,-0.006795417034052065
-36.36310499459601,-1189.5052619740445,-0.00679551949776247
-35.55204128940661,-1192.3333073003184,-0.00679563058436905
-34.78275327949268,-1195.0891694153493,-0.006795738230174209
-34.050774468246516,-1197.7781229430755,-0.0067958368534526414
-33.351991088683945,-1200.4048142394715,-0.006795924418552701
-32.68259976754645,-1202.9733354666826,-0.006796000738793495
-32.03906883364557,-1205.4872901952672,-0.0067960665212769555
-31.418103784001314,-1207.9498506416496,-0.0067961228439550325
-30.816616907303725,-1210.3638071817752,-0.00679617087979878
-30.23170081891517,-1212.7316109979495,-0.006796211759141357
-29.660605564891522,-1215.0554107674498,-0.006796246508331549
-29.100718936225448,-1217.337084273818,-0.006796276029282566
-28.5495496603901,-1219.5782657612544,-0.006796301099713631
-28.00471318399721,-1221.7803697841186,-0.00679632238333383
-27.46391981636351,-1223.9446122399245,-0.0067963404440263275
-26.924965062818657,-1226.0720292214291,-0.006796355760645412
-26.38572203545026,-1228.163494283611,-0.0067963687411563
-25.84413588590643,-1230.2197346945177,-0.006796379735122926
-25.298220258667417,-1232.241347223638,-0.006796389044415818
-24.74605581262572,-1234.2288140150115,-0.0067963969320246065
-24.18579090219279,-1236.1825190909735,-0.006796403629010683
-23.61564454401591,-1238.1027660312436,-0.006796409339500542
-23.03391181825003,-1239.9897973644704,-0.0067964142439063124
-22.43897185951174,-1241.8438161871868,-0.0067964185004996125
-21.82929857626241,-1243.6650104784385,-0.006796422245487932
-21.20347419151446,-1245.453580495686,-0.006796425591877764
-20.560205614988334,-1247.2097695065231,-0.006796428627662721
-19.89834353010851,-1248.9338979193494,-0.006796431413944148
-19.216903903259933,-1250.6264006147248,-0.006796433983772943
-18.51509139603798,-1252.2878669434117,-0.006796436342375145
-17.792323888462736,-1253.9190824515815,-0.006796438469525157
-17.048257015586948,-1255.521070935514,-0.00679644032423532
-16.282807305620885,-1257.0951349505926,-0.006796441851381729
-15.496172220216943,-1258.6428924533109,-0.006796442989537965
-14.688845182791251,-1260.1663069073475,-0.00679644367866139
-13.861623590678969,-1261.6677080126644,-0.0067964438663743465
-13.01560789208265,-1263.1498002965013,-0.0067964435120480005
-12.152190108061093,-1264.6156571974789,-0.006796442588548501
-11.2730307089875,-1266.0686990058437,-0.006796441082444815
-10.380023496666057,-1267.5126540724327,-0.006796438993703191
-9.475249041902545,-1268.9515039870282,-0.006796436335610778
-8.560918190717912,-1270.3894148192876,-0.0067964331348342455
-7.639308063032636,-1271.83065783915,-0.006796429430671935
-6.712693701128772,-1273.2795242041311,-0.006796425272259654
-5.783278973147896,-1274.7402387570896,-0.0067964207131137044
-4.853130428857555,-1276.2168782152967,-0.006796415803467681
-3.9241175235842745,-1277.7132986248266,-0.006796410581966228
-2.9978620116322756,-1279.2330760640616,-0.006796405068707045
-2.0756984521430994,-1280.7794633405306,-0.006796399260952768
-1.1586467888222134,-1282.35536401599,-0.006796393131560663
-0.24739698840470464,-1283.9633237049763,-0.006796386629339679
0.6576951362027176,-1285.6055373867932,-0.006796379679533615
1.5566024534177882,-1287.2838705650684,-0.006796372182993338
2.449613350584861,-1288.9998915567526,-0.006796364013437639
3.3373130282427197,-1290.7549119896037,-0.006796355012195221
4.220561378806154,-1292.550032684735,-0.006796344981339075
5.100469402949262,-1294.3861924229725,-0.006796333675499255
5.978375843942436,-1296.264217556741,-0.006796320792593846
6.855825402498321,-1298.184870955544,-0.006796305963710836
7.734549576657684,-1300.1488993011305,-0.0067962887412473805
8.616450884835944,-1302.1570782358626,-0.006796268584851717
9.503590994993276,-1304.210255291328,-0.006796244843860322
10.398183108252939,-1306.3093908765486,-0.006796216735436289
11.302588832843057,-1308.4555978906426,-0.006796183317186788
12.21931973088364,-1310.650180755589,-0.006796143454112169
13.151043720852327,-1312.8946748571161,-0.006796095779538547
14.100596566547228,-1315.1908875535446,-0.006796038652268521
15.070998773525154,-1317.5409420814362,-0.0067959701145241525
16.065478341622445,-1319.9473258694147,-0.006795887861935412
17.087499982789062,-1322.412944981207,-0.006795789247927786
18.140801601098048,-1324.9411866546827,-0.006795671367937572
19.229439035251904,-1327.5359921855595,-0.006795531310608283
20.357840259612,-1330.2019427051378,-0.006795366744992037
21.530870377833097,-1332.9443606689588,-0.006795177161965427
22.75390872054539,-1335.7694299861741,-0.006794966371478139
24.032938967034706,-1338.6843374180082,-0.00679474737426311
25.374652036494687,-1341.6974366245029,-0.006794551643650948
26.786558722176864,-1344.818432968541,-0.006794446371511498
28.277103081467416,-1348.058579766694,-0.006794565331773583
29.855755380434157,-1351.4308609492844,-0.006795160394229782
31.533039140333184,-1354.9501031221444,-0.006796674995005247
33.32040013524835,-1358.6328973553777,-0.0067998052741522486
35.2297391614138,-1362.4970938765698,-0.006805384366188605
37.27228452107594,-1366.5604314427535,-0.006813576503258645
39.45627504197311,-1370.8375749281295,-0.006821343320250861
41.78277371467884,-1375.3346102857531,-0.006818007556997685
44.23927347987265,-1380.0404835318227,-0.006786367836035367
46.792476753763516,-1384.9171989100714,-0.006728509396189963
49.384990603919476,-1389.8952066995382,-0.006697889816219771
51.94224045324879,-1394.8826111825235,-0.006741385878608952
54.389632344050234,-1399.7882758761357,-0.006815509869966263
56.66968312511661,-1404.5447763064183,-0.00685865247082873
58.7488214707272,-1409.1171842619435,-0.006866045359902984
60.613915465663716,-1413.497910821244,-0.006858727026916256
62.264923085079836,-1417.6964510710682,-0.006850372083874845
63.708463017945476,-1421.7305619412728,-0.0068448970731722625
64.95367128904196,-1425.6206557613004,-0.006842116625033867
66.00996556516446,-1429.3868229139282,-0.006841033563492971
66.88600849865018,-1433.0474775678497,-0.006840847381006654
67.58932770953713,-1436.618871246285,-0.006841074103753897
68.12626478720264,-1440.1150245685712,-0.006841456097454568
68.50207582343808,-1443.5478375358873,-0.0068418674545043245
68.72109327367146,-1446.9272594860417,-0.0068422518155806245
68.78690558145367,-1450.261463770507,-0.00684258721078379
68.70253472280011,-1453.5570044988935,-0.006842867607353753
68.47060340216478,-1456.8189484352345,-0.006843093722352478
68.09348897701861,-1460.0509824959327,-0.006843268711875794
67.57346341330026,-1463.2555005216548,-0.0068433963465821535
66.91281928441957,-1466.433674203681,-0.006843480415305692
66.11398184662193,-1469.585513286418,-0.0068435247004323685
65.17960697899713,-1472.70991994263,-0.006843533178479078
64.11266448889634,-1475.8047417563153,-0.0068435102594541775
62.91650606833396,-1478.8668271503775,-0.006843460962244308
61.59491710091135,-1481.8920864056379,-0.006843390973628516
60.15215158314827,-1484.8755606578982,-0.006843306573305341
58.59294963566547,-1487.811500452464,-0.006843214433743583
56.922537417140305,-1490.6934546081782,-0.0068431213245148115
55.146609682972894,-1493.5143693291182,-0.0068430337642872985
53.271295708964274,-1496.2666967383489,-0.006842957668517613
51.30310978380134,-1498.9425113290558,-0.0068428980353480995
49.24888792225224,-1501.5336322615558,-0.006842858701141097
47.11571283160352,-1504.0317489968918,-0.006842842180631692
44.91082945613696,-1506.428547453939,-0.006842849592072042
42.64155361906198,-1508.7158337018113,-0.006842880655860029
40.315176378629616,-1510.8856521410087,-0.006842933753961944
37.938866721545295,-1512.930395171431,-0.006843006035857968
35.519575140624084,-1514.842901481739,-0.006843093566704539
33.06394049184753,-1516.6165403159407,-0.006843191516107794
30.57820230242889,-1518.245279377276,-0.006843294390694865
28.068120407243388,-1519.7237344158657,-0.0068433963098541994
25.538903426451686,-1521.0471990115734,-0.00684349131605444
22.995147165196332,-1522.2116535957894,-0.0068435737005891895
20.440783525116142,-1523.2137533329205,-0.006843638315626066
17.879039982441906,-1524.0507950698307,-0.006843680838816368
15.312409130917516,-1524.7206641154412,-0.006843697959787676
12.742627236944482,-1525.2217620850047,-0.006843687468943926
10.170660237877733,-1525.552917388869,-0.006843648248789691
7.596695158813143,-1525.7132801289972,-0.006843580192743559
5.020134550209464,-1525.7022031704932,-0.006843484106820341
2.439591275095298,-1525.5191109857478,-0.006843361687916882
-0.14711918368181232,-1525.1633575609367,-0.006843215727666774
-2.7429917437111113,-1524.6340742831399,-0.0068430507791354955
-5.351852742518852,-1523.9300084242402,-0.006842874679598765
-7.9783911411154,-1523.049352835593,-0.006842701595168421
-10.62820105357855,-1521.989568172636,-0.006842557713785169
-13.307834657982452,-1520.7472011183183,-0.0068424914292073424
-16.02486047091904,-1519.3177070239606,-0.006842590758747491
-18.787914132007185,-1517.6952956338775,-0.006843011120601261
-21.606713986632894,-1515.8728386480857,-0.006844013580924013
-24.491986145538934,-1513.8419157639403,-0.006845997913639934
-27.455194098716273,-1511.5931443430538,-0.006849461057502282
-30.50788429387982,-1509.117053699743,-0.006854669593078455
-33.660335395140706,-1506.4059363129645,-0.006860582488528166
-36.9190705501303,-1503.4572853223874,-0.006862579391583523
-40.282827050183336,-1500.279375023538,-0.006850650641613498
-43.73720227722915,-1496.8986628843518,-0.006816058969150163
-47.24991828302425,-1493.3662773231067,-0.006773180859976691
-50.77082788708106,-1489.7578120289927,-0.006764100725558109
-54.240140795354655,-1486.161581734257,-0.006804299699066263
-57.602369162239825,-1482.658909543572,-0.006854891634162641
-60.817772134996105,-1479.3080287257874,-0.006881382378065126
-63.86558949486742,-1476.1396066522361,-0.006884898666548622
-66.74051028149869,-1473.1618162851369,-0.0068791827473830836
-69.44695865446865,-1470.368480011218,-0.00687285228568868
-71.99425399317045,-1467.7459725483448,-0.0068685236020815665
-74.39346340676106,-1465.277728656704,-0.006866156186804417
-76.6556613702178,-1462.946757478991,-0.006865096142572469
-78.79109399393279,-1460.7368721444168,-0.006864773422684323
-80.80885271108454,-1458.6331926723105,-0.006864820101302627
-82.71680982526328,-1456.6222724334,-0.006865027620508002
-84.52167675435457,-1454.6920457271488,-0.006865287073505755
-86.22911172945734,-1452.831701028789,-0.006865545820499364
-87.84384047028767,-1451.0315324827072,-0.006865781125734216
-89.36977288194878,-1449.2827945265697,-0.006865985379107542
-90.81010882526878,-1447.5775702665874,-0.006866158185070859
-92.16743095695584,-1445.9086571229589,-0.006866302270589486
-93.44378494979263,-1444.2694698971104,-0.0068664214424227765
-94.64074838037014,-1442.6539599525427,-0.006866519617402034
-95.75948988870415,-1441.056548690834,-0.00686660040160092
-96.80082021936431,-1439.4720734468895,-0.006866666942243249
-97.76523662451054,-1437.8957440685938,-0.006866721908672879
-98.65296193295326,-1436.3231086580004,-0.006866767529002615
-99.46397940719407,-1434.7500271722042,-0.00686680564608988
-100.19806433985644,-1433.17265178393,-0.0068668377756413435
-100.8548131876574,-1431.5874130734744,-0.006866865158599467
-101.43367090512166,-1429.991011262228,-0.006866888805577176
-101.93395701918114,-1428.3804118046578,-0.006866909532940113
-102.35489087642569,-1426.752844733236,-0.006866927991838523
-102.69561639394047,-1425.1058072028752,-0.00686694469124749
-102.95522654977135,-1423.4370687118228,-0.006866960016998824
-103.13278775825971,-1421.7446784886886,-0.006866974248064928
-103.22736418785104,-1420.0269745345763,-0.006866987571769734
-103.23804199455613,-1418.2825937997152,-0.006867000098876197
-103.16395336407322,-1416.5104829604036,-0.006867011879506002
-103.00430018165731,-1414.7099092497074,-0.00686702292029473
-102.75837708395416,-1412.8804707895501,-0.006867033202567541
-102.42559359460111,-1411.0221058779232,-0.0068670427009491775
-102.00549500909774,-1409.1351007078113,-0.006867051401274082
-101.49778167777167,-1407.2200950380545,-0.00686705931613929
-100.9023263414691,-1405.278085403376,-0.0068670664963566
-100.21918920458369,-1403.3104255418464,-0.006867073036818994
-99.4486304842698,-1401.3188238315643,-0.006867079074954319
-98.59112025124945,-1399.3053376601192,-0.0068670847817555725
-97.64734547244454,-1397.2723647938042,-0.006867090345053839
-96.61821427260395,-1395.2226319597232,-0.0068670959465935155
-95.50485754327747,-1393.1591809924223,-0.0068671017348762575
-94.30862813392369,-1391.0853530163995,-0.006867107796503014
-93.03109795230219,-1389.0047712260332,-0.006867114129345708
-91.67405337083214,-1386.921322875879,-0.006867120620106526
-90.23948937496054,-1384.8391411000127,-0.006867127029178022
-88.72960289359368,-1382.7625871355413,-0.0068671329843228435
-87.14678571776935,-1380.6962334324255,-0.006867137984176708
-85.49361734232899,-1378.6448479930464,-0.006867141411607491
-83.77285795955143,-1376.6133801075273,-0.006867142556585826
-81.98744169925807,-1374.6069474448466,-0.006867140647458747
-80.14047005467035,-1372.6308242377354,-0.006867134890022442
-78.23520526687788,-1370.690430075723,-0.006867124512955236
-76.2750632740339,-1368.7913186112305,-0.0068671088190193075
-74.2636056761433,-1366.9391653050548,-0.006867087240138403
-72.20453003499742,-1365.1397532071542,-0.006867059394807029
-70.1016577342047,-1363.3989557034956,-0.006867025143938221
-67.95891857899922,-1361.7227151761738,-0.006866984640563345
-65.78033133136238,-1360.1170166362213,-0.006866938366243858
-63.56997946279168,-1358.5878556067019,-0.006866887145692502
-61.33198157114574,-1357.1411998617311,-0.006866832130610234
-59.07045615036292,-1355.782945059871,-0.006866774744993975
-56.78948071609271,-1354.5188648312353,-0.006866716587060395
-54.49304566088818,-1353.354556456551,-0.0068666592900736845
-52.18500361410149,-1352.2953838697515,-0.006866604351294825
-49.86901547910214,-1351.3464202684477,-0.0068665529474944975
-47.54849467206157,-1350.5123930675604,-0.0068665057620727055
-45.226551348048936,-1349.7976342207064,-0.006866462851050414
-42.90593853101113,-1349.2060390129586,-0.0068664235721680456
-40.58900203436126,-1348.741036269589,-0.006866386591349638
-38.27763585497486,-1348.4055725292499,-0.006866349965715557
-35.9732443523618,-1348.2021121297828,-0.006866311287000215
-33.6767120142063,-1348.1326544135093,-0.006866267854586994
-31.388381003756315,-1348.1987684617502,-0.006866216841370232
-29.108036037769637,-1348.4016450106703,-0.00686615541540192
-26.8348955104876,-1348.742164573905,-0.006866080788956452
-24.567607205394783,-1349.2209803769315,-0.006865990179839798
-22.30424645249558,-1349.8386145443162,-0.006865880684191694
-20.042314204851984,-1350.5955660966297,-0.0068657490757182416
-17.77873221448195,-1351.4924297065945,-0.006865591559918727
-15.50983225783744,-1352.5300248126998,-0.006865403532085423
-13.23133615751027,-1353.7095355604013,-0.006865179422085532
-10.938323129776677,-1355.0326630970837,-0.006864912780876864
-8.625180727246871,-1356.5017929397284,-0.006864596915455934
-6.2855353423186715,-1358.1201813909297,-0.006864226695395104
-3.912157957993456,-1359.8921661559775,-0.006863802801699848
-1.4968407901062468,-1361.8234070927674,-0.006863341000666878
0.9697588212354971,-1363.9211626887252,-0.006862891628657053
3.498308268768256,-1366.194604803303,-0.006862579437772354
6.101017137515741,-1368.6551649291284,-0.006862682574830359
8.791858959861797,-1371.3168821260201,-0.006863780866847691
11.58673516595526,-1374.19666981944,-0.006867002730157168
14.503435132903157,-1377.314303115639,-0.006874311207251793
17.56107311518633,-1380.6916889334616,-0.0068883159351642576
20.77835558401108,-1384.3505268585745,-0.006909588864147054
24.169525734302386,-1388.3067616729109,-0.0069267904780403455
27.736456418751306,-1392.5596978114625,-0.006900209381601741
31.456521956229572,-1397.0752446230867,-0.0067842037479657336
35.27120756577415,-1401.7701717219902,-0.006657086339032503
39.08829103230585,-1406.515236021019,-0.006708612973493899
42.80620888282421,-1411.1691586173208,-0.0068870521180954825
46.345938010283426,-1415.6229543596662,-0.006994421410045248
49.66584691333348,-1419.8204025487287,-0.007007083622958987
52.7558949759244,-1423.7497250282024,-0.0069872013651064435
55.62448537840723,-1427.4251175295656,-0.006968967998172815
58.287863170369256,-1430.871922031694,-0.006958773482637071
60.76405559610044,-1434.1181793666308,-0.00695442419700143
63.0700640323879,-1437.1907288098212,-0.006953186611990958
65.22082382028333,-1440.113771217489,-0.006953346228378621
67.22899438951103,-1442.9085844019166,-0.006954024447225038
69.10509346060108,-1445.5937127492625,-0.006954819083816233
70.85774735758403,-1448.1853140335377,-0.006955565502963168
72.49395860679351,-1450.697526290988,-0.006956208802787245
74.01935236836668,-1453.142801425914,-0.006956741294780855
75.43839012009104,-1455.5321893568425,-0.006957173477541545
76.75455027622276,-1457.8755719738904,-0.006957521176323311
77.9704796323869,-1460.1818518870223,-0.006957800212097354
79.08812065925939,-1462.4591024313675,-0.006958024468831425
80.10881953627602,-1464.7146851780003,-0.006958205430603215
81.03341923015313,-1466.955340398869,-0.006958352305533211
81.8623412266994,-1469.1872550351054,-0.0069584723449231944
82.59565885298869,-1471.4161119111086,-0.006958571191823637
83.23316452183656,-1473.6471232863132,-0.0069586531964489495
83.7744326938883,-1475.885051351139,-0.006958721681485258
84.21887987257456,-1478.1342179397886,-0.006958779159303319
84.56582250928723,-1480.3985055284347,-0.006958827509727428
84.81453328883865,-1482.6813514878634,-0.00695886812829194
84.96429588253176,-1484.9857375378788,-0.0069589020541958035
85.01445789855934,-1487.3141763778697,-0.006958930083866832
84.9644814344219,-1489.6686975129062,-0.0069589528733491335
84.81399035737154,-1492.0508343247943,-0.006958971029481731
84.56281322511911,-1494.461614419609,-0.006958985186189537
84.21102063104995,-1496.9015551864,-0.006958996060292932
83.75895573566966,-1499.370666300983,-0.006959004480448172
83.20725684336439,-1501.8684605888056,-0.006959011383959712
82.55687110579257,-1504.3939742206637,-0.006959017779721854
81.80905877249802,-1506.9457966699672,-0.006959024680881498
80.9653878433011,-1509.522110243045,-0.006959033016240568
80.02771946952537,-1512.1207383521905,-0.00695904353482657
78.99818495561131,-1514.7392010918486,-0.006959056720128309
77.8791556780471,-1517.3747761602804,-0.006959072730071014
76.67320761639618,-1520.0245627937816,-0.006959091374008075
75.3830824430542,-1522.68554618434,-0.006959112131551315
74.01164722140446,-1525.3546598497464,-0.006959134209977513
72.56185471205406,-1528.0288436099133,-0.006959156630578001
71.03670609784575,-1530.705095165831,-0.0069591783295761545
69.43921763919568,-1533.3805137341797,-0.006959198258986277
67.77239240010685,-1536.0523347091444,-0.006959215474146241
66.03919778296213,-1538.7179548516078,-0.0069592291992419675
64.24254921496879,-1541.3749479995931,-0.00695923886654537
62.38529997166891,-1544.0210717189327,-0.006959244129900455
60.470236824289174,-1546.6542656493766,-0.0069592448564872456
58.500080968773624,-1549.2726425413543,-0.006959241102534541
56.47749353694388,-1551.8744731258248,-0.006959233079311566
54.40508489917446,-1554.458166025284,-0.006959221115279135
52.28542693347462,-1557.022243913669,-0.006959205619224029
50.121067445884535,-1559.565317083815,-0.006959187047177906
47.91454596920642,-1562.086055499715,-0.0069591658754095675
45.668410229885005,-1564.5831603113847,-0.006959142579724187
43.38523264672146,-1567.055335703932,-0.006959117621132549
41.06762630260522,-1569.5012618475903,-0.0069590914370216694
38.71825990630049,-1571.9195696171387,-0.006959064436742324
36.339871332202186,-1574.3088176599288,-0.006959037000534352
33.93527939017428,-1576.6674723121844,-0.006959009480691947
31.507393534661112,-1578.9938907925252,-0.006958982204011477
29.059221272695947,-1581.2863080377676,-0.00695895547494807
26.593873075321255,-1583.542827486566,-0.006958929578587458
24.114564637765614,-1585.7614160585076,-0.006958904783413544
21.624616372178178,-1587.9399035171234,-0.006958881343237522
19.127450054545836,-1590.0759863422613,-0.006958859498309877
16.626582586303968,-1592.1672361681358,-0.006958839475338152
14.125616872644699,-1594.2111127663547,-0.006958821486163558
11.628229864931516,-1596.204981467181,-0.006958805725050254
9.138157864905082,-1598.1461348169173,-0.006958792364114785
6.659179244008601,-1600.031818165249,-0.006958781547053761
4.195094792076349,-1601.8592587653593,-0.006958773380993932
1.749705974999772,-1603.6256978546826,-0.006958767926512621
-0.6732085508368427,-1605.3284250694803,-0.006958765186672267
-3.0699177511193843,-1606.9648144375897,-0.0069587650956979274
-5.436763871661946,-1608.5323610972143,-0.006958767508647767
-7.770188402549244,-1610.0287178128333,-0.0069587721938546565
-10.06675776312963,-1611.4517303095943,-0.006958778829718071
-12.323188093748145,-1612.799470431916,-0.006958787007590672
-14.536368532691908,-1614.070266156025,-0.006958796242113152
-16.7033823744651,-1615.2627275532684,-0.006958805989141226
-18.821525550347733,-1616.3757679118712,-0.006958815671145757
-20.88832194440745,-1617.4086193765343,-0.006958824708092948
-22.901535155675017,-1618.3608426516114,-0.006958832551312355
-24.859176435730237,-1619.2323305249588,-0.006958838717133098
-26.759508664113703,-1620.023305193804,-0.006958842816621846
-28.601046363916904,-1620.7343095974952,-0.006958844578279333
-30.382551897993334,-1621.3661931710094,-0.006958843861466946
-32.10302811397555,-1621.9200926149795,-0.006958840659207155
-33.76170781614947,-1622.3974084226652,-0.006958835090593141
-35.358040528392415,-1622.799778004851,-0.006958827384222488
-36.89167707117111,-1623.1290463072012,-0.006958817854908261
-38.362452505742894,-1623.3872348219115,-0.006958806876491863
-39.770368001213036,-1623.576509860856,-0.006958794853690442
-41.11557215791505,-1623.6991508876597,-0.00695878219559809
-42.39834227806329,-1623.7575196097678,-0.006958769292758404
-43.61906601697015,-1623.7540304178299,-0.006958756499212626
-44.778223780758005,-1623.6911226375325,-0.006958744119939908
-45.8763721646045,-1623.5712349364019,-0.006958732403744783
-46.91412865367547,-1623.3967821116694,-0.0069587215409026015
-47.89215774068376,-1623.1701343799507,-0.006958711664775574
-48.81115855215246,-1622.8935991984526,-0.006958702856348253
-49.67185402168417,-1622.5694055723711,-0.00695869515070946
-50.4749816037064,-1622.1996907443724,-0.006958688544612901
-51.22128548542619,-1621.786489118922,-0.006958683004265609
-51.911510227684786,-1621.3317232452716,-0.006958678472958724
-52.54639574628071,-1620.8371966663194,-0.006958674877981963
-53.126673533122926,-1620.3045884342391,-0.006958672136720301
-53.65306401017989,-1619.7354490956668,-0.006958670161758551
-54.12627490749538,-1619.1311979573502,-0.006958668865015172
-54.54700055849864,-1618.4931214557716,-0.006958668160939041
-54.915922010502285,-1617.8223724697962,-0.006958667968882448
-55.23370785483935,-1617.1199704326382,-0.006958668214747998
-55.50101568885954,-1616.3868021173453,-0.006958668832008019
-55.718494130431864,-1615.6236229878189,-0.006958669762242131
-55.886785314252435,-1614.8310590245242,-0.006958670955259816
-56.00652780780325,-1614.0096089501037,-0.006958672368885477
-56.0783598930069,-1613.1596467948193,-0.006958673968457729
-56.10292316730119,-1612.2814247549522,-0.006958675726149277
-56.08086642490031,-1611.3750763089174,-0.006958677620050091
-56.01284978533853,-1610.4406195658719,-0.006958679633112919
-55.89954904196593,-1609.477960830029,-0.006958681751914719
-55.74166020785624,-1608.4868983708027,-0.006958683965268664
-55.539904240587454,-1607.4671263943274,-0.006958686262705793
-55.295031930561855,-1606.41823921589,-0.006958688632737298
-55.00782893994843,-1605.3397356354606,-0.006958691061020428
-54.67912098096235,-1604.2310235198122,-0.006958693528308801
-54.30977912305101,-1603.0914245947695,-0.006958696008301235
-53.90072521864562,-1601.9201794498993,-0.006958698465285185
-53.452937436474436,-1600.7164527555042,-0.006958700851701138
-52.967455890040796,-1599.4793386880795,-0.006958703105608421
-52.44538834677587,-1598.207866555454,-0.006958705148093269
-51.887916000626575,-1596.9010066066364,-0.0069587068806669095
-51.29629928749536,-1595.5576760039148,-0.0069587081828053066
-50.67188371909503,-1594.1767449260124,-0.006958708909579503
-50.016105706530695,-1592.757042761048,-0.00695870888962169
-49.33049834041711,-1591.2973643367345,-0.006958707923351959
-48.61669708976727,-1589.7964761226556,-0.006958705781867636
-47.87644537747052,-1588.2531223256742,-0.006958702206198986
-47.11159998618794,-1586.6660307845686,-0.006958696907501505
-46.32413624524654,-1585.0339185540315,-0.006958689567823306
-45.516152946978025,-1583.3554970512587,-0.0069586798417962115
-44.68987694033305,-1581.6294766207218,-0.006958667359223902
-43.84766735095883,-1579.8545703545067,-0.006958651728289134
-42.992019380735925,-1578.029496987018,-0.006958632539461718
-42.12556764652646,-1576.1529826640945,-0.006958609369839941
-41.251089028084,-1574.2237613678435,-0.006958581787380069
-40.371505009181405,-1572.2405737599167,-0.0069585493548061095
-39.48988351443522,-1570.2021641875835,-0.0069585116324386576
-38.60944026735268,-1568.1072755788596,-0.00695846817947654
-37.73353972296195,-1565.9546419349265,-0.006958418552986956
-36.865695660955886,-1563.7429781099845,-0.006958362303894461
-36.00957156223069,-1561.4709665501814,-0.006958298969980348
-35.168980932251536,-1559.13724064404,-0.006958228065700567
-34.34788777743028,-1556.7403643167677,-0.006958149069809849
-33.550407483343314,-1554.2788074802636,-0.006958061413589789
-32.78080838245217,-1551.7509169310113,-0.006957964474201717
-32.04351432814747,-1549.1548822727514,-0.0069578575824955635
-31.34310860209133,-1546.4886964370924,-0.006957740061039885
-30.6843394580517,-1543.750110396767,-0.006957611319311496
-30.07212752358883,-1540.9365817381213,-0.006957471051480368
-29.511575101814927,-1538.0452169260511,-0.006957319611327506
-29.00797707471438,-1535.072707433026,-0.006957158685398923
-28.566832501508237,-1532.015260546237,-0.006956992455585009
-28.193854956467955,-1528.8685268375236,-0.00695682953724841
-27.89497787561378,-1525.6275283561042,-0.006956686085196395
-27.676348218800666,-1522.2865952079,-0.0069565904947026524
-27.54429686838996,-1518.8393243278786,-0.006956589840626748
-27.505266256006635,-1515.2785845091134,-0.006956756918448548
-27.56566314970244,-1511.5966084103816,-0.006957192916260624
-27.731585471294583,-1507.7852381594207,-0.006958011388555008
-28.008345294308935,-1503.8364284383995,-0.0069592709663481855
-28.399678573790034,-1499.7431568070683,-0.0069608021242260065
-28.90651025539994,-1495.5009271660742,-0.006961891603193493
-29.525172121994316,-1491.1100246483809,-0.006960983477341642
-30.245131320707443,-1486.5784785201854,-0.006956080649363372
-31.04667604681395,-1481.9251788538534,-0.00694686626017571
-31.89958664251988,-1477.1818084463996,-0.006937638405979385
-32.76417269748998,-1472.3917539432687,-0.006935953728735456
-33.59542279211123,-1467.6049750776308,-0.006944780033318665
-34.34924680338436,-1462.8701550949713,-0.006958347580095392
-34.98827098391656,-1458.2274800319829,-0.006968810964728789
-35.484997322049644,-1453.7049115095251,-0.0069733113158285676
-35.82196285901703,-1449.3183733924536,-0.006973457505392133
-35.98999961405114,-1445.074339985824,-0.006971778797574046
-35.98592453779086,-1440.9730513904624,-0.006969888872681906
-35.81048181931361,-1437.0112899240423,-0.006968416313451797
-35.46682026925612,-1433.184378850584,-0.0069674495311957685
-34.959485114981476,-1429.4874610305014,-0.006966882644121597
-34.293800041679205,-1425.9162408433822,-0.006966581623551349
-33.47551153324971,-1422.4673678085212,-0.006966440222104353
-32.51059616398884,-1419.1385960243283,-0.006966388283942138
-31.405162511324548,-1415.9288091578499,-0.006966384874228737
-30.16540365342219,-1412.8379673702989,-0.006966409108155602
-28.797573028882322,-1409.8670104064183,-0.006966452576811832
-27.307967426376774,-1407.0177373221406,-0.006966513930340312
-25.702907878617935,-1404.2926751700911,-0.006966595229570771
-23.98871367096756,-1401.6949443007404,-0.006966699564255663
-22.171667491063417,-1399.2281253562157,-0.006966829551700471
-20.25797154043507,-1396.8961316357768,-0.006966986460437141
-18.25369556530125,-1394.7030897420823,-0.006967169799008133
-16.16471845887152,-1392.653230940056,-0.006967377265599595
-13.996665473686857,-1390.7507952773342,-0.006967604981909403
-11.754843245918378,-1388.9999501140637,-0.006967847946732775
-9.444174838496668,-1387.4047242289334,-0.006968100650560416
-7.069136914326044,-1385.9689580749236,-0.006968357800573699
-4.633701015801569,-1384.6962700299605,-0.00696861511631397
-2.1412808242429096,-1383.5900375965527,-0.006968870174208774
0.4053127074563504,-1382.653391400429,-0.006969123296077129
3.003906196621263,-1381.889218429757,-0.006969378485532474
5.652985839277201,-1381.3001690882102,-0.006969644389283047
8.351702512120356,-1380.8886600610294,-0.006969935150358708
11.099853730911892,-1380.6568613517204,-0.006970270725545902
13.897832794646229,-1380.6066506532386,-0.006970675577957053
16.746530320272207,-1380.7395109178194,-0.006971173352582127
19.647166235223295,-1381.0563371850783,-0.006971772943131782
22.601021346065135,-1381.5571067885153,-0.0069724386427445495
25.609028549099367,-1382.2403555246428,-0.0069730367067926124
28.67117971211053,-1383.102398624276,-0.006973261791426211
31.78571660732514,-1384.136255590545,-0.0069725874839612345
34.9481226404692,-1385.3303097615803,-0.006970366434828179
38.15003917823497,-1386.6668881052765,-0.006966260050187856
41.37839742619938,-1388.121184401194,-0.0069609686588307795
44.61521667348336,-1389.6611715035183,-0.0069565865768694835
47.83850891336074,-1391.2491224494368,-0.006955558864845557
51.02438706522189,-1392.8448590010094,-0.006958601957023802
54.149880175233534,-1394.4099913188995,-0.00696391741237079
57.195528872207866,-1395.9118001433071,-0.006968822150366094
60.14695323058968,-1397.3255920192553,-0.006971764076183717
62.99515223787603,-1398.635180255558,-0.006972733790988173
65.7358400024014,-1399.8319348206971,-0.00697248009204543
68.36832961372598,-1400.9131448284231,-0.006971747595894584
70.89438188020843,-1401.880305091665,-0.006970989964106167
73.31724117760172,-1402.7376576458355,-0.006970396375107768
75.64092261211869,-1403.4910896744148,-0.0069700021077956364
77.86972937823965,-1404.1473636487044,-0.0069697772216077425
80.00794912663072,-1404.7136096356994,-0.006969675367743733
82.05967711988805,-1405.197006323239,-0.006969654399854974
84.02872377735511,-1405.6045902355183,-0.0069696822842750805
85.91857575021908,-1405.9431485455943,-0.006969736869548271
87.73238944576951,-1406.2191646454812,-0.006969803767248095
89.47300318298751,-1406.4387959800895,-0.006969874098563977
91.14295919589011,-1406.6078709002036,-0.006969942669955209
92.74453004936554,-1406.731896162878,-0.006970006655015126
94.279746200339,-1406.8160698988816,-0.00697006469898831
95.75042281426283,-1406.8652969188424,-0.006970116333492982
97.15818480787746,-1406.8842045301603,-0.006970161604386682
98.50448961900356,-1406.8771578493313,-0.006970200840213714
99.79064752407477,-1406.8482740938448,-0.0069702345112556685
101.01783951234181,-1406.801435638064,-0.0069702631455745845
102.18713283196593,-1406.740301792019,-0.006970287280572585
103.299494379057,-1406.66831935796,-0.006970307436134249
104.35580212589188,-1406.5887320669574,-0.0069703241008216565
105.35685479143935,-1406.5045890159968,-0.006970337725665132
106.30337995359912,-1406.4187522270493,-0.006970348722349584
107.19604079297147,-1406.3339034411483,-0.0069703574637802745
108.0354416453924,-1406.2525502473793,-0.006970364285922681
108.82213252663723,-1406.1770316317525,-0.006970369490179706
109.55661277862978,-1406.109523016,-0.006970373345952741
110.23933397277679,-1406.0520408423206,-0.0069703760932364744
110.87070219299075,-1406.0064467475743,-0.006970377945072714
111.45107980871731,-1405.974451359565,-0.006970379089925149
111.98078683690072,-1405.9576177389122,-0.006970379693723938
112.46010198129846,-1405.9573644825123,-0.006970379901936052
112.88926342786003,-1405.9749684985993,-0.006970379841332031
113.2684694659586,-1406.0115674587935,-0.00697037962158531
113.59787899704561,-1406.0681619291013,-0.006970379336729948
113.87761198471546,-1406.1456171794432,-0.0069703790663731
114.10774989314665,-1406.2446646698152,-0.0069703788767562225
114.28833615435143,-1406.3659032104856,-0.006970378821590462
114.41937669853861,-1406.5097997936011,-0.006970378942685138
114.50084057609617,-1406.6766900941143,-0.006970379270320487
114.53266069414973,-1406.8667786389883,-0.0069703798234345
114.5147346852691,-1407.0801386451049,-0.0069703806095760545
114.4469259205949,-1407.3167115281415,-0.006970381624639671
114.32906467436132,-1407.5763060868585,-0.006970382852299867
114.16094944141463,-1407.8585973696754,-0.00697038426342278
113.94234840379336,-1408.163125233081,-0.0069703858150336195
113.67300103666605,-1408.4892926042644,-0.0069703874493404205
113.35261983784277,-1408.8363634632888,-0.006970389092477047
112.98089215861795,-1409.2034605630927,-0.006970390653178393
112.55748210680125,-1409.5895629084903,-0.006970392021389715
112.0820324853936,-1409.9935030180184,-0.006970393066753289
111.55416672241985,-1410.4139639948178,-0.006970393637266925
110.97349073889757,-1410.8494764345132,-0.006970393557788057
110.33959469277555,-1411.2984151990972,-0.0069703926287649765
109.6520545268928,-1411.7589960858224,-0.006970390625022471
108.91043323858038,-1412.2292724187917,-0.006970387294612745
108.11428177744585,-1412.707131587933,-0.006970382357913252
107.26313946614223,-1413.1902915549829,-0.0069703755066354844
106.35653382652633,-1413.6762973385337,-0.0069703664029909795
105.39397968054067,-1414.1625174796538,-0.006970354678658364
104.37497738138342,-1414.64614047558,-0.006970339933615843
103.29901001600878,-1415.124171150985,-0.006970321734484308
102.16553940464394,-1415.593426913855,-0.006970299612397923
100.97400070669846,-1416.0505338156017,-0.006970273060019849
99.72379542502748,-1416.4919223023303,-0.006970241527837651
98.41428258182056,-1416.9138225059978,-0.006970204419776138
97.0447678192867,-1417.3122588806234,-0.006970161088610816
95.61449015676723,-1417.683043940347,-0.006970110832668297
94.12260611320211,-1418.02177080436,-0.006970052896084766
92.56817088085958,-1418.3238042012317,-0.006969986477693979
90.95011621490038,-1418.5842695367207,-0.006969910756639663
89.2672246877002,-1418.7980395930801,-0.006969824949333514
87.51809995448454,-1418.959718418161,-0.006969728422170363
85.70113270147809,-1419.0636220027486,-0.006969620900630247
83.8144620236833,-1419.103755473777,-0.006969502841830177
81.8559321486,-1419.07378681456,-0.0069693760790130455
79.82304475660555,-1418.9670176694888,-0.006969244909557304
77.71290777021005,-1418.776352779647,-0.006969117887885901
75.52218259750269,-1418.4942713245807,-0.00696901069420619
73.24703375882528,-1418.11280640024,-0.006968950532082019
70.88308815174193,-1417.6235438266826,-0.006968982397344448
68.4254167881994,-1417.0176596743177,-0.006969176795220022
65.86856096844042,-1416.2860291286493,-0.006969635929252149
63.206639272683496,-1415.419459949526,-0.0069704886853330095
60.43359319696561,-1414.4091341057376,-0.006971850234634758
57.543657797555184,-1413.247380914335,-0.006973698697734676
54.532173066792836,-1411.928944687868,-0.006975608562136415
51.39685940123006,-1410.4529166544457,-0.006976364238852284
48.13961332829037,-1408.8253985506553,-0.00697383510549443
44.768652670880485,-1407.0626332731065,-0.006966096353366424
41.30040175777455,-1405.1937054197037,-0.006954406258092405
37.76002399504682,-1403.2612248824419,-0.006945274811158697
34.17952101478866,-1401.3184348633356,-0.006946166652262775
30.593351730418288,-1399.422683011168,-0.006957346639701711
27.033120822298656,-1397.6274972811455,-0.006971534038822114
23.52355908541855,-1395.9764870445797,-0.0069818437933157895
20.081044018592905,-1394.5009024076876,-0.006986513003901962
16.714351861437862,-1393.2204456933707,-0.006987222793856773
13.426533453608027,-1392.1457627321083,-0.006986143736600781
10.216935787705493,-1391.2812056670446,-0.006984660205706206
7.082868306575543,-1390.6271319159473,-0.006983370206064876
4.020792625330842,-1390.1815476422432,-0.006982422726427018
1.0270971616724394,-1389.9411710342324,-0.006981781626702599
-1.9014327934597532,-1389.9020668217847,-0.006981361854307977
-4.767349218727727,-1390.0599935429545,-0.006981083373627683
-7.572405591099656,-1390.4105706207845,-0.006980886066358494
-10.317501697626758,-1390.9493388283588,-0.006980729760044824
-13.002677873246846,-1391.671762280167,-0.006980590089142424
-15.627139800609681,-1392.573202652456,-0.006980454118508561
-18.18930274040146,-1393.6488849590696,-0.00698031680590816
-20.686848688873063,-1394.8938669308957,-0.006980178360997513
-23.116792581727523,-1396.3030193817644,-0.006980042288198263
-25.475555031399537,-1397.871021890913,-0.006979913893733425
-27.759039691154832,-1399.5923760607116,-0.006979799103977058
-29.962713504291713,-1401.4614371393664,-0.006979703511415636
-32.081688028809836,-1403.4724637157271,-0.00697963161655224
-34.11079986530037,-1405.6196843817113,-0.006979586266847804
-36.044688050866526,-1407.897379660425,-0.006979568306906714
-37.8778661763511,-1410.2999770887238,-0.0069795764572226915
-39.604786978694726,-1412.822157107024,-0.006979607432310075
-41.219897281506974,-1415.458967329575,-0.006979656304167747
-42.71768142436644,-1418.2059428144219,-0.006979717118923645
-44.092691755937864,-1421.05923006874,-0.006979783791077665
-45.339565402725306,-1424.0157126184376,-0.006979851343178467
-46.45302743249162,-1427.0731358879252,-0.006979917638247457
-47.427881840734116,-1430.2302286294573,-0.006979985872721528
-48.25899374223287,-1433.4868168111348,-0.006980068257217198
-48.94126917299295,-1436.843923068309,-0.006980191439268424
-49.46964371727071,-1440.3038394935425,-0.006980404088249514
-49.839098919118015,-1443.8701520234554,-0.006980785994048944
-50.04473783216647,-1447.5476784865389,-0.0069814543326316425
-50.08197032183244,-1451.3422562007745,-0.00698255287094085
-49.94688676217743,-1455.2602757397713,-0.006984188551754755
-49.63693417078984,-1459.3078061284155,-0.006986247785128796
-49.15203897903115,-1463.4891091986915,-0.006988021922371246
-48.496305710003206,-1467.8043502151754,-0.006987751996465619
-47.68027493970371,-1472.246495782606,-0.006982813699746515
-46.72333249847549,-1476.7979101185467,-0.006971918674345545
-45.6552294735135,-1481.4280234684834,-0.006958958363057377
-44.51522304192102,-1486.0940874411433,-0.00695274549225644
-43.347934365545726,-1490.746285321066,-0.006958386712373255
-42.19690722572321,-1495.3359408207916,-0.006970970230767648
-41.09857256952543,-1499.8232376240887,-0.00698189896448298
-40.0790057774793,-1504.1812750544325,-0.006987308579606832
-39.15387779246173,-1508.395947445978,-0.006988295275629497
-38.33039977465743,-1512.46326854322,-0.006987261486521845
-37.60982956819867,-1516.3860448370658,-0.006985840656522413
-36.989674688333935,-1520.1710230658737,-0.006984710932545823
-36.46530975973597,-1523.8268540336014,-0.006984004716468206
-36.03104368355302,-1527.3627992988681,-0.006983647720968378
-35.68077377105045,-1530.7879820732335,-0.006983525995597262
-35.408362696301225,-1534.1109940729561,-0.006983544363951211
-35.20784134737785,-1537.339719035015,-0.006983637214812433
-35.07350718246638,-1540.481280920127,-0.006983763682722355
-34.99996224773392,-1543.5420598402059,-0.006983900094100548
-34.98211783161709,-1546.527741889972,-0.006984033673722578
-35.01518180426,-1549.4433834723534,-0.006984158166496002
-35.09463797121994,-1552.2934793654772,-0.006984271040773038
-35.21622272069222,-1555.0820288547116,-0.00698437178878919
-35.37590183690301,-1557.812597166834,-0.0069844609304450245
-35.5698489400769,-1560.4883710776521,-0.0069845394474210565
-35.79442619690438,-1563.1122084523897,-0.006984608473464604
-36.04616748355696,-1565.6866819365755,-0.006984669133572652
-36.32176393127539,-1568.2141172303143,-0.006984722467594295
-36.61805165585537,-1570.696626459232,-0.006984769400649071
-36.9320014153617,-1573.1361371639507,-0.006984810738297043
-37.2607099243902,-1575.5344174025781,-0.00698484717394976
-37.601392559925834,-1577.893097417584,-0.006984879301489499
-37.95137721253588,-1580.2136882706593,-0.006984907629359327
-38.308099060969894,-1582.4975978024545,-0.006984932594074955
-38.66909607455623,-1584.7461442312188,-0.006984954572328839
-39.03200507402128,-1586.9605676663632,-0.006984973891293933
-39.39455820638799,-1589.142039780016,-0.006984990837260341
-39.754579712870864,-1591.2916718514036,-0.006985005662503596
-40.109982889942295,-1593.4105213749028,-0.006985018590826897
-40.45876716296117,-1595.4995974023093,-0.006985029821904298
-40.79901520900494,-1597.5598647727597,-0.0069850395346913174
-41.12889008097661,-1599.5922473693786,-0.006985047890077034
-41.44663229885496,-1601.5976305297308,-0.006985055032940224
-41.750556886333825,-1603.5768627273187,-0.006985061093854661
-42.039050342287865,-1605.530756633445,-0.006985066190456912
-42.31056754675325,-1607.460089662728,-0.006985070428608964
-42.56362861068011,-1609.3656041013328,-0.006985073903492456
-42.79681568786167,-1611.24800691467,-0.0069850767005803505
-43.00876977644048,-1613.1079693309696,-0.006985078896638797
-43.19818754650003,-1614.9461262989253,-0.006985080560681922
-43.36381823972155,-1616.763075921685,-0.006985081754985245
-43.504460697153775,-1618.559378975997,-0.006985082536087539
-43.61896058199205,-1620.3355586344724,-0.006985082955838884
-43.706207876012755,-1622.0921005207274,-0.006985083062396313
-43.76513474097202,-1623.8294532416355,-0.006985082901214135
-43.794713849713744,-1625.5480295577443,-0.006985082515941876
-43.79395730558362,-1627.2482083716352,-0.006985081949172134
-43.76191628236404,-1628.9303377336341,-0.006985081242950386
-43.69768152929259,-1630.5947390833987,-0.006985080439005031
-43.600384895287384,-1632.2417129623063,-0.006985079578505804
-43.46920203117627,-1633.8715464422544,-0.006985078701293723
-43.30335642575817,-1635.484522517456,-0.006985077844475107
-43.10212491747834,-1637.0809316920313,-0.006985077040282839
-42.86484479432528,-1638.6610859616558,-0.006985076313164917
-42.59092254580587,-1640.2253353255537,-0.006985075676261943
-42.27984425810119,-1641.7740868688777,-0.006985075127327711
-41.931187543026674,-1643.3078263190869,-0.006985074644529021
-41.544634761185534,-1644.8271417996611,-0.006985074182651374
-41.119987140632965,-1646.3327492808376,-0.0069850736701706495
-40.657179209752236,-1647.8255189667977,-0.006985073008042519
-40.15629276791892,-1649.3065015769691,-0.006985072070709641
-39.61756942759037,-1650.7769532007762,-0.0069850707098613185
-39.041420601059684,-1652.238357165252,-0.0069850687609775974
-38.428433703811216,-1653.692441196402,-0.006985066052471289
-37.77937333566384,-1655.1411881245017,-0.006985062416701382
-37.0951763088511,-1656.5868385228578,-0.0069850577016445925
-36.376939637148965,-1658.0318840074253,-0.0069850517818697
-35.62590098374566,-1659.4790504656273,-0.006985044567151988
-34.84341156746643,-1660.9312711994537,-0.00698503600726319
-34.030902103281534,-1662.391650798487,-0.006985026091449242
-33.189842939429006,-1663.8634214107706,-0.006985014841987436
-32.321700074027454,-1665.3498938437444,-0.006985002301510335
-31.42788911414763,-1666.8544064957025,-0.006984988515068125
-30.509729421252032,-1668.380275405083,-0.006984973508561865
-29.568400638269715,-1669.9307486664027,-0.006984957265602887
-28.604903519993062,-1671.5089681050151,-0.006984939705080961
-27.620026528844534,-1673.117940485575,-0.006984920661002647
-26.614319077163355,-1674.760519746571,-0.006984899864908911
-25.588071672234783,-1676.4394009192451,-0.006984876930147266
-24.541302626002867,-1678.1571256138166,-0.006984851336136799
-23.47375048715698,-1679.9160983273173,-0.00698482240956011
-22.384870975327264,-1681.718612400731,-0.006984789299821159
-21.27383695659488,-1683.5668842481011,-0.006984750945004947
-20.13953988544574,-1685.4630944861592,-0.006984706025027876
-18.98059112379951,-1687.4094347782375,-0.00698465289837813
-17.795321597270814,-1689.408159529782,-0.006984589518022943
-16.581778324538252,-1691.4616419941722,-0.006984513321674157
-15.337716422049452,-1693.5724348344152,-0.006984421090397319
-14.06058521232049,-1695.7433357188256,-0.006984308770654479
-12.747507023840013,-1697.9774591015805,-0.006984171255421501
-11.39524714217558,-1700.2783159609546,-0.006984002127683908
-10.00017313603953,-1702.6499039608589,-0.006983793386712733
-8.558201421220804,-1705.0968112970302,-0.006983535217159442
-7.064728424590046,-1707.6243384253614,-0.006983215950523203
-5.514543063603728,-1710.238642979178,-0.006982822562211055
-3.901716482651037,-1712.9469144698326,-0.006982342460158719
-2.219464169512781,-1715.7575867554415,-0.0069817682075523635
-0.45997495124513216,-1718.680597479731,-0.006981108688979276
1.3857984656036244,-1721.727703977706,-0.006980414153318293
3.3283903860350597,-1724.912862681749,-0.006979830532024778
5.38010965441231,-1728.252669544565,-0.006979713559776002
7.555338606495705,-1731.7668326162743,-0.006980856850734796
9.870769183190198,-1735.4785827732057,-0.006984901354442741
12.345390155267676,-1739.4147775294293,-0.00699487398561871
14.999797753580205,-1743.605122142022,-0.007015037077298558
17.8539247766832,-1748.0792720720358,-0.0070463805592204665
20.92152264438158,-1752.8595154548984,-0.00706875916913674
24.199220723883663,-1757.945984826313,-0.007013441409050358
27.65018955654319,-1763.2943144013707,-0.006826222630817114
31.191437099042982,-1768.7980620600574,-0.006699475540315802
34.70389618756652,-1774.3023178382116,-0.006870068222809778
38.07032632353462,-1779.6555212508586,-0.007107480118790477
41.21162473543228,-1784.7589490300927,-0.0071898268517642805
44.094270329622844,-1789.5763739055906,-0.007175149549915716
46.71643145127764,-1794.114546206699,-0.007146114894023725
49.09175245784945,-1798.400798330291,-0.007127802604244948
51.23890001767416,-1802.4687796916267,-0.007119648881744212
53.17644892929992,-1806.3515982413417,-0.007117139076285639
54.92086771679353,-1810.0792085426422,-0.0071171540942742695
56.4859808520964,-1813.6777889571301,-0.007118094743471914
57.88304704823861,-1817.1699236242364,-0.007119248431870062
59.121054562178365,-1820.575046635149,-0.007120334832951158
60.207063867334575,-1823.909921632383,-0.00712126570612881
61.14653264412662,-1827.189072395279,-0.007122031398452577
61.94360316207053,-1830.4251404567356,-0.007122650404490116
62.601350416314574,-1833.6291697939444,-0.007123148141339186
63.12199594511295,-1836.8108269854874,-0.007123548721903461
63.507093859577814,-1839.9785671811146,-0.007123872309815482
63.75769523184193,-1843.1397558031351,-0.007124134757026113
63.87449588633689,-1846.3007547803052,-0.007124348095327804
63.85797134969214,-1849.4669809763284,-0.00712452128460761
63.70850144641906,-1852.6429435405742,-0.007124660983127029
63.426485859360994,-1855.832266211378,-0.007124772255123091
63.0124509404922,-1859.0377000937954,-0.0071248591853994014
62.46714718515309,-1862.2611320326512,-0.007124925385241454
61.791636101722325,-1865.503593317421,-0.0071249743729655535
60.987364754759604,-1868.7652730014709,-0.0071250098107285
60.05622606771807,-1872.0455395236947,-0.007125035582983941
59.00060306585565,-1875.3429735408681,-0.0071250557149777904
57.823395624284046,-1878.65541390456,-0.007125074151387523
56.52802893364936,-1881.9800175784155,-0.007125094439425439
55.1184437463179,-1885.3133330614448,-0.007125119382687117
53.599069427601414,-1888.6513856643983,-0.007125150740831643
51.974781796984956,-1891.9897718998477,-0.007125189045122937
50.25084858621829,-1895.3237594090333,-0.007125233574509338
48.43286596130336,-1898.6483883513777,-0.007125282503631425
46.526689881998514,-1901.9585700747991,-0.007125333197052441
44.538366076302296,-1905.2491791638795,-0.007125382594518115
42.47406210483234,-1908.515135575692,-0.007125427619428137
40.34000443692901,-1911.7514744277914,-0.007125465544316256
38.14242273916249,-1914.9534019861874,-0.007125494264601073
35.88750278068188,-1918.1163373981299,-0.007125512456248373
33.58134857647312,-1921.235940625527,-0.007125519616783649
31.229953690232083,-1924.3081277871024,-0.0071255160071785895
28.839181051016624,-1927.3290756697165,-0.007125502524706562
26.414750225398713,-1930.295217510488,-0.007125480538073603
23.962230831234418,-1933.20323229452,-0.007125451713168474
21.487040666052987,-1936.05002978751,-0.00712541785134313
18.994447128226717,-1938.8327333659495,-0.007125380752958321
16.489570604163013,-1941.5486624591435,-0.00712534211282545
13.977388651683823,-1944.1953161129231,-0.007125303447224951
11.462740003628552,-1946.7703588546638,-0.007125266049600398
8.950327626275627,-1949.2716097062842,-0.007125230969410978
6.444720279147129,-1951.697034872795,-0.007125199008156002
3.9503522254275074,-1954.0447443396736,-0.007125170727288577
1.4715209286256736,-1956.312992349574,-0.007125146464007415
-0.9876172629361856,-1958.5001815014061,-0.007125126350938871
-3.4230532990066176,-1960.6048700246115,-0.007125110338293439
-5.830933213533793,-1962.6257816295056,-0.007125098216917536
-8.207567155019031,-1964.5618172213485,-0.00712508964216596
-10.549439231867874,-1966.4120676915636,-0.007125084158408512
-12.853217698059069,-1968.1758269641105,-0.007125081224701901
-15.115764983597511,-1969.8526044777407,-0.0071250802417210934
-17.33414707743043,-1971.4421363242004,-0.007125080579566401
-19.505641796686085,-1972.9443943356673,-0.007125081606455197
-21.627745523383165,-1974.3595925177517,-0.007125082716886055
-23.69817805542015,-1975.6881903517585,-0.007125083358257456
-25.71488529904874,-1976.930892634718,-0.007125083054315695
-27.67603962072691,-1978.0886456801563,-0.007125081423770219
-29.580037772222244,-1979.1626298582391,-0.007125078193088719
-31.425496398829885,-1980.1542486025364,-0.007125073202512766
-33.21124523144948,-1981.065114144503,-0.007125066404734426
-34.936318144421044,-1981.897030349574,-0.007125057857185979
-36.59994232870954,-1982.6519731158303,-0.007125047708516519
-38.20152588163421,-1983.3320688549334,-0.007125036180873678
-39.74064414850153,-1983.9395716048955,-0.007125023549606979
-41.21702516812087,-1984.4768393266602,-0.007125010122264186
-42.63053457430474,-1984.9463099144416,-0.007124996218401236
-43.98116029105282,-1985.350477407561,-0.0071249821516339296
-45.26899733281955,-1985.6918688340504,-0.0071249682147156435
-46.494232986057064,-1985.9730220487836,-0.0071249546682401466
-47.657132607175384,-1986.196464856267,-0.007124941733171575
-48.75802622808013,-1986.3646956350015,-0.0071249295867845674
-49.79729611610244,-1986.480165610154,-0.007124918361776089
-50.7753653925437,-1986.5452628570197,-0.007124908147886799
-51.69268777482786,-1986.562298061337,-0.007124898995389373
-52.54973847248944,-1986.5334920150715,-0.007124890919859794
-53.34700623756483,-1986.4609647881853,-0.007124883907649426
-54.084986545635736,-1986.3467264879876,-0.007124877921631523
-54.764175864717444,-1986.1926694972892,-0.0071248729068038585
-55.385066955075004,-1986.0005620698723,-0.007124868795526984
-55.94814513341375,-1985.7720431556447,-0.007124865512264877
-56.453885429162135,-1985.5086183271571,-0.007124862977675894
-56.90275055814549,-1985.2116566828295,-0.007124861112072667
-57.29518963924555,-1984.8823886091868,-0.007124859838246955
-57.63163758209415,-1984.521904293743,-0.007124859083740609
-57.9125150779579,-1984.1311528911183,-0.007124858782554644
-58.13822913129156,-1983.7109422568076,-0.007124858876424112
-58.30917407559933,-1983.261939175284,-0.007124859315707721
-58.425733023931485,-1982.784670021327,-0.007124860059928739
-58.4882797113092,-1982.2795218053725,-0.007124861078030897
-58.497180693408254,-1981.7467435650308,-0.007124862348421135
-58.45279787278439,-1981.186448075572,-0.007124863858739006
-58.35549133066231,-1980.5986138620606,-0.007124865605488417
-58.20562244873704,-1979.9830875048717,-0.007124867593413242
-58.00355731146732,-1979.3395862385341,-0.0071248698347523565
-57.749670384907475,-1978.6677008512156,-0.007124872348216793
-57.44434847316002,-1977.9668988987128,-0.007124875157816568
-57.087994957976846,-1977.2365282525345,-0.007124878291407066
-56.68103433082504,-1976.4758210065859,-0.007124881778999725
-56.223917029797406,-1975.683897771049,-0.007124885650789281
-55.71712459601034,-1974.859772385318,-0.0071248899348430594
-55.16117516551034,-1974.0023570841936,-0.007124894654525704
-54.55662931311361,-1973.1104681529514,-0.007124899825468933
-53.90409626393188,-1972.1828321072337,-0.00712490545226574
-53.20424048648764,-1971.218092432888,-0.007124911524766464
-52.457788678184585,-1970.2148169187292,-0.007124918013975634
-51.66553714936711,-1969.1715056115577,-0.0071249248676981125
-50.82835960617141,-1968.0865994174599,-0.007124932005813545
-49.94721532474895,-1966.9584893662293,-0.0071249393153962615
-49.0231577001554,-1965.7855265464611,-0.007124946645711283
-48.05734314219769,-1964.566032707301,-0.0071249538032374105
-47.0510402778109,-1963.2983115087404,-0.007124960547077119
-46.0056394051364,-1961.9806603855907,-0.0071249665845458665
-44.9226621285024,-1960.6113829706849,-0.007124971567824545
-43.80377108615772,-1959.1888020003723,-0.0071249750915942656
-42.65077966416925,-1957.7112725999787,-0.007124976692066909
-41.46566157077342,-1956.1771958186957,-0.007124975848102011
-40.25056012621801,-1954.585032252567,-0.007124971984478812
-39.00779710444702,-1952.933315561191,-0.007124964478022022
-37.739880945740715,-1951.2206656490307,-0.007124952666822892
-36.44951414467983,-1949.445801246511,-0.007124935862790949
-35.1395996067926,-1947.6075515903094,-0.007124913367773544
-33.81324576137163,-1945.7048668675804,-0.0071248844928923916
-32.47377021876538,-1943.7368270565566,-0.00712484858056861
-31.12470176960454,-1941.702648767556,-0.007124805029006254
-29.769780542593665,-1939.601689665425,-0.0071247533164147114
-28.412956168296574,-1937.4334500384011,-0.007124693024536555
-27.058383840201053,-1935.1975710706863,-0.007124623858345558
-25.710418222380046,-1932.8938293777164,-0.0071245456585327105
-24.373605225926262,-1930.5221273747366,-0.007124458404950573
-23.05267176408035,-1928.082479070573,-0.007124362206294421
-21.75251369794008,-1925.5749909081567,-0.007124257273554591
-20.47818229939132,-1922.999837308871,-0.007124143874868594
-19.234869683225835,-1920.357230615204,-0.0071240222685666765
-18.027893793407102,-1917.6473851599435,-0.007123892615375382
-16.86268366571423,-1914.8704752131482,-0.00712375486882344
-15.744765826903338,-1912.0265865618212,-0.007123608646987023
-14.679752825510988,-1909.1156614518293,-0.007123453089171505
-13.673335018235456,-1906.1374365567865,-0.007123286704178611
-12.731276855569703,-1903.0913735240804,-0.007123107221104874
-11.859419018028309,-1899.9765814752425,-0.007122911461230785
-11.063687845433924,-1896.791730601503,-0.007122695264349943
-10.35011356723593,-1893.5349556986093,-0.007122453533973783
-9.724858861769746,-1890.2037481465343,-0.0071221805250551995
-9.194259203765586,-1886.7948345088123,-0.007121870612962766
-8.764876213309961,-1883.3040397114228,-0.0071215200032419546
-8.443564617434442,-1879.7261328859804,-0.007121130251277918
-8.237552127583218,-1876.0546548731393,-0.007120715200592542
-8.15452884583069,-1872.2817289577793,-0.00712031420640713
-8.202737446192765,-1868.3978623558376,-0.007120016386949146
-8.391044891307166,-1864.3917585744819,-0.007120002496805
-8.728956319416982,-1860.2501861955204,-0.007120609105843556
-9.226493954325328,-1855.9579990367797,-0.007122400046434052
-9.893795476234901,-1851.4984944929347,-0.007126150739146908
-10.74017071108983,-1846.854455735941,-0.007132421398313937
-11.772187795296047,-1842.010460638715,-0.007139964751239347
-12.99020529440645,-1836.9572749293827,-0.007142282821806845
-14.382906899740885,-1831.699003688713,-0.00712553139743477
-15.920488893756925,-1826.2622511068566,-0.007081257955643849
-17.54976433945966,-1820.7030163108623,-0.0070377958938507845
-19.19691083826572,-1815.1036345579264,-0.007047865798952557
-20.780794376117495,-1809.5557074163637,-0.007107240035789886
-22.230743883074044,-1804.1371359231143,-0.007159280840870252
-23.49794383569536,-1798.8977137483894,-0.007178317727710493
-24.55623116939244,-1793.8587782578072,-0.0071765043678091445
-25.39642557620906,-1789.0212290255872,-0.007169348054478775
-26.01966864451434,-1784.3745663146924,-0.0071636005675941306
-26.43241403780286,-1779.9035187742406,-0.00716038706150357
-26.643376493058817,-1775.5919672429145,-0.007159046123263124
-26.661911841632023,-1771.4249462049877,-0.007158771024883492
-26.497262120134977,-1767.3895121179432,-0.007159005835806198
-26.15827196062883,-1763.4750114040912,-0.007159435001543812
-25.653342164439415,-1759.673055283986,-0.007159899747108511
-24.99049148263092,-1755.9773640643755,-0.007160330063534559
-24.17745853961421,-1752.3835618045932,-0.007160702464862112
-23.22180911702208,-1748.8889590848883,-0.0071610163779674
-22.131031691069353,-1745.4923398081999,-0.007161281590441604
-20.912613403336426,-1742.193757535665,-0.007161511720262581
-19.57409354234798,-1738.9943422850645,-0.007161720822114859
-18.12309425215576,-1735.8961170937753,-0.0071619215987226426
-16.567329669158372,-1732.9018234358346,-0.00716212445033193
-14.914595576483508,-1730.0147549874923,-0.007162336996216823
-13.172742225786852,-1727.2385998384277,-0.0071625639044299305
-11.349633331267068,-1724.577291828345,-0.007162806954092105
-9.453094440058413,-1722.034872141294,-0.007163065288683157
-7.490853945521615,-1719.6153625649247,-0.007163335822994554
-5.470479943880281,-1717.3226519082436,-0.00716361376193575
-3.3993159492845506,-1715.1603969818063,-0.007163893183250281
-1.284418191745172,-1713.1319393058384,-0.007164167634371665
0.8675031539156488,-1711.240238360088,-0.0071644306963492
3.0501368978967895,-1709.4878217635464,-0.007164676474989307
5.257616487059734,-1707.8767523118174,-0.007164899990073081
7.484557423349648,-1706.408611341162,-0.007165097446439006
9.726085959803116,-1705.084497462409,-0.007165266381562674
11.977859013055765,-1703.9050393397008,-0.007165405697652005
14.23607560418972,-1702.8704208957008,-0.007165515592774341
16.497480444697675,-1701.9804171157932,-0.007165597414779512
18.759360513101498,-1701.2344385003416,-0.007165653463236055
21.019535616325058,-1700.631582170076,-0.007165686767141466
23.276343997528386,-1700.1706876518367,-0.007165700863431823
25.528624039972048,-1699.8503954405335,-0.007165699599289255
27.775693026065447,-1699.6692065225182,-0.007165686975511676
30.01732374168323,-1699.6255411240284,-0.007165667044086277
32.253719463363346,-1699.7177949776355,-0.007165643867066862
34.485487518019376,-1699.9443913331797,-0.007165621537163602
36.71361113834348,-1700.3038267196046,-0.007165604250534585
38.93941871440733,-1700.7947080170852,-0.007165596405233288
41.16454870670494,-1701.415777631338,-0.007165602664995774
43.390907360639055,-1702.1659223570632,-0.007165627865605373
45.62061485167825,-1703.0441597385034,-0.00716567652581368
47.85593349669247,-1704.0495932478332,-0.007165751534586207
50.09916913763485,-1705.1813243388722,-0.007165851310588778
52.35253383878557,-1706.4383055425744,-0.007165964450708273
54.61795510962937,-1707.819114919257,-0.007166060927525919
56.89681520293337,-1709.3216300951872,-0.007166080142896547
59.18960619966871,-1710.9425833560686,-0.007165920256085201
61.495497002090204,-1712.676993998332,-0.007165441846352039
63.81183303020088,-1714.5175086868053,-0.007164509730497315
66.1336331704655,-1716.4537415244235,-0.007163094509643031
68.4532075761843,-1718.4717873981604,-0.007161410249683087
70.76007093847922,-1720.554152063957,-0.007159970613075828
73.04132222521906,-1722.6803351218068,-0.007159403804872788
75.28255739107951,-1724.8281533006234,-0.007160047111821832
77.46918500359409,-1726.9756148227336,-0.00716165729596252
79.58782500934244,-1729.1028908535218,-0.007163561838531507
81.62742000680905,-1731.1938623691688,-0.007165113908318865
83.57981911786868,-1733.23690864551,-0.007166016356082494
85.43981352892752,-1735.2249140122433,-0.0071663180804035775
87.2047727476855,-1737.154708842127,-0.007166230419626274
88.87408561999435,-1739.0262367396024,-0.007165964969094496
90.44857419990292,-1740.8416873990288,-0.007165664413689932
91.92997937865864,-1742.604735587834,-0.00716540070656535
93.32055647094117,-1744.3199401618874,-0.007165197960492975
94.62278111562128,-1745.9923031516714,-0.007165055270552223
95.83914840204872,-1747.626964140647,-0.007164961867746289
96.97204354642962,-1749.2289986422447,-0.0071649051232376415
98.0236641596078,-1750.8032916390005,-0.0071648739469925005
98.99597808376379,-1752.3544630681688,-0.00716485976119019
99.89070488702211,-1753.8868279139226,-0.007164856403460096
100.70931258673892,-1755.4043785496378,-0.0071648596672728715
101.45302384172014,-1756.9107808026047,-0.007164866798565761
102.12282778696218,-1758.4093779944953,-0.007164876065786974
102.71949503491375,-1759.9031991611155,-0.00716488643002311
103.24359428714783,-1761.394968991101,-0.007164897306395801
103.69550961499121,-1762.8871179238993,-0.007164908396692038
104.07545787133554,-1764.381791447454,-0.007164919574508932
104.38350595602074,-1765.8808580323819,-0.00716493080705094
104.61958782068777,-1767.3859153997707,-0.007164942101769878
104.7835211977267,-1768.8982949904062,-0.0071649534697297845
104.8750240932806,-1770.4190646156576,-0.007164964899934123
104.89373111039953,-1771.9490293454985,-0.007164976340923168
104.83920967470308,-1773.4887307412237,-0.0071649876872617035
104.71097622740488,-1775.038444578601,-0.007164998769606523
104.50851243325063,-1776.5981772374669,-0.007165009347509965
104.23128142643176,-1778.1676609598605,-0.007165019104711234
103.87874408761753,-1779.746348202939,-0.0071650276472530194
103.45037531116309,-1781.333405336166,-0.007165034504065915
102.94568018430854,-1782.9277059549365,-0.00716503913108113
102.36420996070822,-1784.5278241044969,-0.007165040918629906
101.70557766986413,-1786.1320277279237,-0.007165039202757129
100.96947316302183,-1787.7382726688124,-0.007165033280486455
100.155677355984,-1789.344197571605,-0.007165022428859302
99.26407539140637,-1790.9471200284434,-0.007165005927603829
98.2946684088763,-1792.5440343190583,-0.0071649830846407525
97.24758358192518,-1794.1316110775415,-0.007164953263185225
96.12308205859073,-1795.7061991948428,-0.0071649159092475045
94.92156442765491,-1797.263830226646,-0.007164870577669902
93.64357332749933,-1798.8002255212114,-0.007164816954521314
92.28979281962711,-1800.3108062095032,-0.007164754873056012
90.86104416488497,-1801.790706109575,-0.007164684321351089
89.35827766733935,-1803.2347874883983,-0.0071646054382679125
87.78256028801808,-1804.6376594974354,-0.007164518495629935
86.13505877693444,-1805.993698954289,-0.007164423864482572
84.41701812466256,-1807.2970729835315,-0.007164321963479381
82.62973519090863,-1808.541762857924,-0.007164213189085444
80.77452742260499,-1809.7215881999186,-0.0071640978276974465
78.85269662249662,-1810.8302305164857,-0.007163975950955859
76.86548776437368,-1811.8612548519648,-0.007163847298290449
74.81404286547397,-1812.808128157965,-0.00716371115073855
72.69934991195518,-1813.664232799969,-0.007163566205333538
70.52218678140427,-1814.4228734503185,-0.007163410460506725
68.28306000950728,-1815.0772754591426,-0.0071632411332061
65.98213810071054,-1815.6205726513417,-0.007163054639569566
63.6191788838459,-1816.045782374499,-0.007162846698516745
61.193450170740356,-1816.3457655332977,-0.007162612667027446
58.70364271258736,-1816.5131693236428,-0.007162348311378963
56.147774220098256,-1816.5403504979229,-0.00716205139782744
53.52308313302509,-1816.4192774073638,-0.007161724818480764
50.8259111196158,-1816.1414100943816,-0.007161382566302166
48.05157440153628,-1815.6975599732577,-0.007161060908345007
45.19422679668331,-1815.0777353601263,-0.007160838739398656
42.24672350708119,-1814.2709886335667,-0.007160873136577095
39.200507289034924,-1813.265299544351,-0.007161456672715616
36.04556351211184,-1812.047565254946,-0.007163094026633843
32.77053781985446,-1810.603835110893,-0.007166550485624867
29.363195092254667,-1808.9200482162164,-0.007172675652117988
25.81153733508123,-1806.9837262134924,-0.007181443414697952
22.106080346099926,-1804.7873247819937,-0.007189219110252054
18.243887454078784,-1802.3340717371377,-0.00718453856818968
14.234551427052157,-1799.646517336305,-0.007150506165778836
10.106658915076267,-1796.7756460958437,-0.007090793886966651
5.910377092601614,-1793.8042904240547,-0.00705728280972906
1.7108740191494378,-1790.8373189439606,-0.0070947446255509306
-2.426983714304592,-1787.9792950003048,-0.007165805428897443
-6.453705849066671,-1785.312443279049,-0.007212011729670564
-10.341338237935496,-1782.8873954926698,-0.007223885662032359
-14.080638751522422,-1780.7268910489827,-0.007219086439871347
-17.674608777219362,-1778.834843484292,-0.007211364408931331
-21.132603334751728,-1777.2047126044415,-0.00720565146979979
-24.466382832695206,-1775.8251782075024,-0.007202435285357467
-27.687886295112584,-1774.6833816499986,-0.007200984098574281
-30.80813343109483,-1773.7665541979784,-0.007200552428553664
-33.836767747146766,-1773.0627179184469,-0.007200637248345743
-36.78193224528065,-1772.5608982505019,-0.007200947820226844
-39.650304482387874,-1772.2510987075516,-0.0072013308399512255
-42.44720024071521,-1772.1241719817124,-0.007201712028770402
-45.17670085004421,-1772.171656533353,-0.007202059714217057
-47.84178333517172,-1772.3856128541572,-0.007202364121212668
-50.44444479423793,-1772.7584754153795,-0.007202626135839552
-52.98581834019596,-1773.2829270206169,-0.007202851371950203
-55.46628059852461,-1773.9517976043883,-0.007203047093163661
-57.88555175880113,-1774.7579871932348,-0.007203220639663499
-60.24278936924,-1775.6944116002867,-0.0072033786407743605
-62.536676881916264,-1776.753968858272,-0.007203526641188063
-64.76550763157513,-1777.929524112644,-0.007203668951287767
-66.92726458168781,-1779.2139105550327,-0.0072038086280841185
-69.01969585813615,-1780.5999439159566,-0.007203947538254596
-71.04038584213842,-1782.0804480312704,-0.007204086477983651
-72.98682142040026,-1783.648289042372,-0.00720422533193954
-74.85645289216292,-1785.2964158844127,-0.0072043632575464756
-76.64674900372927,-1787.017904858428,-0.007204498882684263
-78.35524561135512,-1788.8060062690581,-0.007204630503251153
-79.97958755124182,-1790.6541913334663,-0.0072047562711592406
-81.51756340806189,-1792.5561978210453,-0.00720487436196926
-82.96713300834651,-1794.5060731579642,-0.007204983115567387
-84.3264476102287,-1796.498214015377,-0.007205081144411096
-85.59386290572671,-1798.5274016850908,-0.00720516740724797
-86.76794508677686,-1800.5888328223805,-0.00720524124838029
-87.84747034416819,-1802.678145394315,-0.007205302404816649
-88.83141826390283,-1804.791439906857,-0.007205350985946879
-89.71895965479031,-1806.9252961902243,-0.00720538743118837
-90.5094393827184,-1809.0767861964075,-0.007205412452792714
-91.20235480134318,-1811.2434834037758,-0.007205426970639195
-91.79733035797224,-1813.4234695310697,-0.007205432046220039
-92.29408892090315,-1815.6153393373447,-0.007205428823079174
-92.69242032576756,-1817.8182043262202,-0.007205418480706882
-92.99214758063201,-1820.031696181832,-0.007205402209512712
-93.19309111203422,-1822.2559707376097,-0.007205381216028428
-93.29503138924962,-1824.491713210468,-0.007205356770596971
-93.2976702491854,-1826.7401453079713,-0.007205330315350977
-93.20059128441547,-1829.0030346083636,-0.007205303658680329
-93.00321978940968,-1831.2827062782535,-0.007205279295474654
-92.70478304211244,-1833.5820566560699,-0.007205260908433431
-92.30427221770626,-1835.904567371921,-0.007205254122646387
-91.80040812390037,-1838.2543173085205,-0.0072052675903213625
-91.19161441716827,-1840.6359875454257,-0.00720531444193373
-90.47600430769738,-1843.054851043326,-0.007205413972813268
-89.65139040448047,-1845.5167336201287,-0.007205592965561891
-88.71533280772837,-1848.027924999088,-0.007205884945682861
-87.66524830626376,-1850.595007654364,-0.007206323443889495
-86.49861360336305,-1853.224556745479,-0.00720692172289894
-85.21330638079951,-1855.9226486136724,-0.007207627982966258
-83.8081345782131,-1858.6941051859628,-0.007208249420752821
-82.28359443683114,-1861.541414021529,-0.007208370016289045
-80.64285012905458,-1864.4633288546927,-0.007207367614545213
-78.8928168905835,-1867.4533093084926,-0.007204723303233962
-77.04505386004986,-1870.4982045672161,-0.007200685832580156
-75.11600671624363,-1873.5778218367393,-0.007196764899394026
-73.12615866401843,-1876.6660022975882,-0.007195068601721921
-71.09800901416666,-1879.7333320961252,-0.007196580098733918
-69.05338936190451,-1882.750795303566,-0.007200273590031614
-67.01101466054219,-1885.6931316294545,-0.0072041802653188824
-64.98500687847333,-1888.5408751167365,-0.007206951036213383
-62.984578425108296,-1891.280808441039,-0.007208326716314772
-61.01457707803036,-1893.9052387184117,-0.007208685272548365
-59.07643378858994,-1896.4107231372707,-0.007208510596107942
-57.16915122170142,-1898.796740195861,-0.007208148244293611
-55.29014279267532,-1901.0645658758754,-0.00720778066640726
-53.435865914538795,-1903.2164303529187,-0.007207479553432705
-51.60226445151615,-1905.2549336418099,-0.007207259011446254
-49.78506080417058,-1907.1826644122564,-0.007207109518118315
-47.97993967928543,-1909.0019645707375,-0.0072070151927601245
-46.18265822042979,-1910.7147927152855,-0.0072069610433054265
-44.389108187376266,-1912.322652119371,-0.007206935233590173
-42.595348123810865,-1913.8265596387243,-0.007206929237133508
-40.79761761125437,-1915.2270399944323,-0.007206937270263225
-38.99234159726858,-1916.5241355408523,-0.00720695559657436
-37.17613000751688,-1917.717425444257,-0.007206981914402277
-35.34577601755968,-1918.8060507138935,-0.007207014876104978
-33.498255166861576,-1919.7887431575323,-0.007207053728608415
-31.630726724629685,-1920.6638573737232,-0.007207098047581795
-29.74053821310477,-1921.429405541536,-0.007207147539435965
-27.825233656445036,-1922.083095154838,-0.0072072018912194835
-25.882565884109546,-1922.622370053871,-0.0072072606549937746
-23.91051303149428,-1923.0444551825692,-0.007207323160180579
-21.90729921805543,-1923.3464054764422,-0.00720738845082991
-19.871419225875357,-1923.525159181898,-0.007207455249812256
-17.80166683939572,-1923.5775957365902,-0.007207521952368623
-15.697166336205143,-1923.5005981127968,-0.0072075866523704235
-13.557406441178742,-1923.2911192540819,-0.007207647203038903
-11.38227587848952,-1922.9462519345386,-0.00720770131087356
-9.17209948843033,-1922.4633010586078,-0.00720774665700219
-6.927673731593117,-1921.8398571201378,-0.00720778103611508
-4.650300295717454,-1921.0738692765729,-0.007207802498221838
-2.3418164633720693,-1920.1637162922684,-0.007207809476980742
-0.004620901267762059,-1919.108273484867,-0.007207800888549443
2.3583064011347457,-1917.9069737846316,-0.007207776188650428
4.743391187172618,-1916.5598610930347,-0.007207735383062186
7.146459944463412,-1915.0676342968163,-0.007207678994795685
9.562743614950627,-1913.4316805388899,-0.007207607999772492
11.986890508578327,-1911.654096640652,-0.007207523750460965
14.412988689137691,-1909.7376978795926,-0.007207427906985586
16.834597881330602,-1907.6860136206662,-0.007207322392549287
19.244790754633573,-1905.5032695557572,-0.00720720938335262
21.636203271826528,-1903.1943565106533,-0.007207091328044868
24.001093638028543,-1900.7647859358744,-0.007206970981577854
26.331409231746786,-1898.2206323235537,-0.007206851425451077
28.618860720769906,-1895.5684629153875,-0.007206736041737827
30.855002342228712,-1892.8152552191614,-0.0072066284094916
33.031317044993145,-1889.9683030626222,-0.007206532103921859
35.13930485412421,-1887.0351122005854,-0.007206450398125952
37.170572438316135,-1884.0232868521887,-0.007206385889123368
39.11692147599513,-1880.9404089554275,-0.007206340096743702
40.97043307118359,-1877.793912338751,-0.007206313097285033
42.723545219726454,-1874.5909543613723,-0.007206303258850966
44.36912021966622,-1871.3382877951715,-0.007206307132534562
45.900498991859955,-1868.0421357472326,-0.007206319524463822
47.31153954053041,-1864.7080722061576,-0.007206333740079174
48.596637222003956,-1861.3409103165334,-0.007206341950126927
49.750725058440416,-1857.9445997534085,-0.00720633560467121
50.76925296348239,-1854.5221336187017,-0.007206305804473345
51.64814535598315,-1851.0754641693927,-0.007206243551738822
52.38373714139418,-1847.6054254754783,-0.007206139824134539
52.972688362113225,-1844.1116598507267,-0.00720598546417861
53.41187790099785,-1840.5925436426185,-0.0072057709391266656
53.698276435942724,-1837.04510673201,-0.0072054861293331385
53.828798392815436,-1833.464938889094,-0.007205120484375271
53.80013198507494,-1829.8460749853177,-0.007204664244397918
53.608545704353205,-1826.180850069356,-0.007204112161399934
53.249669152357335,-1822.459714777145,-0.007203472685151979
52.71824655745134,-1818.6710022285479,-0.0072027887028802695
52.00786415249092,-1814.800641279395,-0.007202182057149287
51.110660925112896,-1810.831821841213,-0.007201945054045922
50.0170527527583,-1806.7446449402357,-0.0072027173261624
48.71554659258505,-1802.515852465531,-0.007205786959584515
47.19282237980575,-1798.1188683601968,-0.007213442078878529
45.434466846269885,-1793.5246667556905,-0.007228709241218212
43.42712513730426,-1788.7045143887854,-0.007251883488351041
41.16338707767634,-1783.636418821898,-0.007268304233924994
38.650962919795404,-1778.3175045426328,-0.007231411536189114
35.925810397524444,-1772.7820311201758,-0.007102147817469984
33.062242487807815,-1767.1156833725308,-0.0069917929017044855
30.16588241295918,-1761.4467449664874,-0.007072709903447105
27.344665680549518,-1755.907315928084,-0.007240629401927379
24.677940370592847,-1750.5918108778474,-0.007324325890518679
22.206132750737215,-1745.543372620933,-0.007328749445107974
19.939258250152367,-1740.7657145131798,-0.00731063400343146
17.870160241995695,-1736.241074963973,-0.007295751304084774
15.984337317488137,-1731.9433109755314,-0.007287832537819838
14.26539714910999,-1727.8449786648132,-0.007284662555086641
12.697579706091808,-1723.9204580652097,-0.007283951472583539
11.26671729258316,-1720.1470137397498,-0.007284315015898102
9.960458385272139,-1716.504915302284,-0.007285054584276196
8.768179959928807,-1712.977184210309,-0.00728585445248342
7.680788747851467,-1709.5492272378233,-0.007286588349881384
6.69050005404515,-1706.208467075989,-0.007287217037251992
5.790630054951537,-1702.9440113519634,-0.007287738342839134
4.975413619622121,-1699.7463710304987,-0.0072881639960655775
4.2398494003164915,-1696.6072267721418,-0.007288509402176402
3.579569877439701,-1693.5192374586634,-0.007288789453998135
2.990732768100861,-1690.475884179258,-0.007289017069467718
2.4699301165232033,-1687.4713434212006,-0.007289202902967418
2.0141117472671053,-1684.500384106016,-0.007289355519596086
1.620520254445348,-1681.5582840676145,-0.007289481715591961
1.2866351860584986,-1678.6407624328115,-0.007289586851497276
1.0101245127110816,-1675.7439250928308,-0.007289675148289376
0.7888018330258206,-1672.8642210458825,-0.00728974993253928
0.6205880688183405,-1669.9984078603875,-0.00728981383237759
0.5034766521697595,-1667.1435248739292,-0.0072898689304796704
0.4355014159987148,-1664.2968730210189,-0.007289916882175618
0.41470658122427057,-1661.4560003864724,-0.007289959005541746
0.43911839763646543,-1658.6186927203735,-0.0072899963494066355
0.5067181512364617,-1655.7829682321158,-0.0072900297443538875
0.615416405473083,-1652.947076009673,-0.007290059840379115
0.7630285027928418,-1650.109497390057,-0.007290087134776968
0.9472515188082321,-1647.2689495424013,-0.007290111992624304
1.165643033147352,-1644.4243904230498,-0.007290134662701675
1.4156022530707744,-1641.5750241331289,-0.00729015529079291
1.6943541871799674,-1638.72030556956,-0.007290173932625876
1.998937700127213,-1635.8599431330065,-0.007290190567836419
2.3261983630731176,-1632.9938981697399,-0.007290205116360582
2.672787023449273,-1630.1223798118647,-0.007290217457455839
3.035164926749149,-1627.245833974614,-0.007290227450990727
3.4096160141424647,-1624.3649254965235,-0.007290234959434372
3.7922666868735515,-1621.4805127795844,-0.007290239868622095
4.179112884392876,-1618.5936147911054,-0.0072902421047462695
4.566053802595184,-1615.7053708894357,-0.007290241645550921
4.948931036682935,-1612.816994568597,-0.007290238524252146
5.323571439157478,-1609.9297228010394,-0.007290232825841514
5.68583160831981,-1607.0447631082443,-0.007290224676339108
6.031641724998364,-1604.163240734683,-0.00729021422650078
6.357046467980759,-1601.286148300506,-0.007290201631805715
6.658240961379016,-1598.414300060785,-0.007290187030857709
6.931600106045125,-1595.5482924426146,-0.007290170523910788
7.173700162639394,-1592.688471935048,-0.007290152153217377
7.38133201387156,-1589.8349107548938,-0.007290131885952178
7.551506067411518,-1586.9873900855277,-0.007290109599953354
7.6814492123699445,-1584.1453901510147,-0.007290085071964825
7.768594575151263,-1581.3080859837244,-0.007290057967006547
7.81056502103628,-1578.4743474833392,-0.0072900278269916186
7.805151421107401,-1575.6427422389652,-0.007289994056611349
7.750286668188142,-1572.8115395685406,-0.0072899559035288775
7.6440163049773,-1569.9787142872858,-0.007289912430433532
7.484466448014119,-1567.141948814461,-0.007289862475744258
7.269809474762248,-1564.2986323329017,-0.007289804599524885
6.998227704577937,-1561.445855801457,-0.0072897370108382376
6.667875057728789,-1558.5804016648199,-0.007289657471858391
6.276836423586159,-1555.6987270908398,-0.007289563173149105
5.823084207389256,-1552.7969394776253,-0.007289450574273104
5.3044312472231745,-1549.8707627974059,-0.00728931520433207
4.7184789873455895,-1546.9154930657678,-0.007289151420074802
4.062559445376017,-1543.9259408247954,-0.007288952129382409
3.3336691011584962,-1540.8963579841432,-0.007288708511925535
2.528392345877153,-1537.8203456491033,-0.007288409823331676
1.642811547327629,-1534.690738654723,-0.00728804349021317
0.6724001134516217,-1531.4994614103048,-0.007287595964339033
-0.38810578340480517,-1528.237348377424,-0.007287055357622307
-1.544861776660863,-1524.8939212199052,-0.007286418059017308
-2.8051012583216925,-1521.457113837376,-0.0072857040060583245
-4.177356543217742,-1517.9129372739703,-0.007284990373683797
-5.671714348287576,-1514.2450815843713,-0.007284483453776858
-7.300091861699677,-1510.4344673189044,-0.007284666022169262
-9.07648853153858,-1506.4587991811468,-0.007286578427830648
-11.017097287364825,-1502.2922687283485,-0.007292269538169194
-13.140002428987628,-1497.9057639288906,-0.007305160748934725
-15.463869772945417,-1493.2683839092651,-0.007328711881992689
-18.004455440544998,-1488.351862640786,-0.007357922831065622
-20.767041166269944,-1483.1405306996153,-0.0073562720250066604
-23.733201411820488,-1477.6491204067195,-0.0072494967109051345
-26.84497106817247,-1471.944409548747,-0.007064985410128344
-30.000235476125734,-1466.1518919315374,-0.007062739395003348
-33.075531209507965,-1460.4251923178863,-0.007286172709761729
-35.96632470224349,-1454.8916924798857,-0.007451364272554883
-38.61156515377499,-1449.6197765008812,-0.007479757907766782
-40.990318625161535,-1444.6241342668638,-0.0074559765400898925
-43.105973132641196,-1439.8876559891532,-0.007432752556958633
-44.97261521380775,-1435.3799846492216,-0.007420200539620225
-46.60717554589735,-1431.0680145357387,-0.00741528630343069
-48.025818805308596,-1426.9205779064926,-0.007414251365311486
-49.24261922865989,-1422.910063296397,-0.0074148383132985884
-50.269291203026604,-1419.0126606638505,-0.007415949728422078
-51.11535119056637,-1415.2080788335088,-0.007417115321430856
-51.78842626722196,-1411.4791130259957,-0.007418160850313882
-52.29458908376663,-1407.8112163718336,-0.007419040326109183
-52.63867359589505,-1404.1921294463493,-0.007419758189541881
-52.824557953984865,-1400.6115797141256,-0.0074203352830153335
-52.855413742932285,-1397.061046261329,-0.007420794952963661
-52.73392509255014,-1393.533579659281,-0.007421158066261313
-52.46248191404859,-1390.0236657381502,-0.00742144181956661
-52.04335083751245,-1386.5271226485384,-0.007421660051711854
-51.47882629750412,-1383.0410216946977,-0.007421824049604453
-50.7713630699254,-1379.563623607703,-0.007421943405223175
-49.92369059808466,-1376.0943230738017,-0.007422026728804099
-48.93890875037756,-1372.6335954495905,-0.007422082134457497
-47.82056426678022,-1369.1829407241778,-0.007422117470675005
-46.57270708577989,-1365.7448209651134,-0.007422140307681957
-45.19992597934244,-1362.3225887189374,-0.007422157726349354
-43.70736341531593,-1358.920405104254,-0.007422175982522816
-42.10071024218579,-1355.5431475790035,-0.007422200138334389
-40.38618155741857,-1352.1963085053396,-0.007422233755026042
-38.57047587449926,-1348.885886588777,-0.00742227872461676
-36.66072034551572,-1345.6182739561473,-0.007422335285234283
-34.66440524434919,-1342.4001420080035,-0.007422402224259272
-32.58931111905839,-1339.2383292206837,-0.007422477233152591
-30.443431966712502,-1336.1397338071235,-0.0074225573505213305
-28.23489749232836,-1333.1112136357606,-0.0074226394182108635
-25.971897038390566,-1330.159495140987,-0.007422720482281875
-23.662607184176338,-1327.2910922345084,-0.007422798089015359
-21.31512439192243,-1324.5122355377903,-0.0074228704525935996
-18.937403490395837,-1321.8288116770323,-0.007422936495954602
-16.537202290664936,-1319.246311963728,-0.007422995784533981
-14.122032258174638,-1316.7697895471342,-0.007423048386609565
-11.699114932385088,-1314.4038240644845,-0.0074230946947437815
-9.275343683757237,-1312.1524929034879,-0.007423135241845458
-6.857250406448727,-1310.0193483879207,-0.00742317053929753
-4.450976832954722,-1308.007400452179,-0.007423200954749021
-2.0622502892657297,-1306.1191046355575,-0.007423226640781877
0.3036361481788639,-1304.3563554583366,-0.0074232475156659206
2.641839008918006,-1302.7204854059698,-0.007423263292075433
4.947975131314151,-1301.2122698237229,-0.007423273543649245
7.2181275175123885,-1299.831938004578,-0.0074232777956808604
9.448846177789095,-1298.5791906437014,-0.007423275624425685
11.637143887568302,-1297.4532236499801,-0.007423266749615465
13.780486909261214,-1296.4527580739061,-0.007423251107681494
15.876780886489291,-1295.576075660442,-0.007423228896346501
17.92435228165458,-1294.8210592947974,-0.007423200586805123
19.9219258811221,-1294.185237404152,-0.007423166904285239
21.868599020056514,-1293.6658312289553,-0.007423128782232169
23.763813270077254,-1293.259803795144,-0.007423087298379372
25.607324381330628,-1292.9639094068166,-0.007423043602056367
27.399171275404523,-1292.7747425332116,-0.007422998841988715
29.139644850250964,-1292.688785074007,-0.007422954102025869
30.82925728976734,-1292.7024511388026,-0.007422910350166845
32.4687124777245,-1292.8121286543867,-0.007422868403347493
34.058878007787676,-1293.0142173015784,-0.007422828908410395
35.60075916747584,-1293.3051624684856,-0.007422792337759887
37.09547516182099,-1293.6814850781527,-0.007422758996952439
38.54423773827792,-1294.1398072982454,-0.007422729040986731
39.94833228228257,-1294.6768742642314,-0.007422702496048927
41.309101375149616,-1295.2895720438548,-0.007422679283893174
42.62793074357597,-1295.9749421401887,-0.0074226592463668695
43.906237482485835,-1296.7301928753684,-0.007422642168555704
45.145460399045895,-1297.5527080204151,-0.007422627799282822
46.34705230356909,-1298.4400530419973,-0.0074226158685153365
47.512474060592815,-1299.389979328159,-0.007422606101607165
48.64319020845763,-1300.4004267353712,-0.007422598230155231
49.7406659560685,-1301.4695247716436,-0.007422592000394523
50.8063653691621,-1302.5955926971692,-0.007422587179022777
51.841750563453765,-1303.7771387867906,-0.007422583557366913
52.84828172675231,-1305.0128589584497,-0.007422580954208335
53.82741779485859,-1306.3016349291017,-0.007422579217727154
54.780617605162305,-1307.642532014029,-0.007422578227175514
55.70934134559941,-1309.034796636025,-0.007422577894465654
56.61505210310999,-1310.4778535558603,-0.007422578166149663
57.499217292695604,-1311.9713027721423,-0.007422579025974763
58.36330971289663,-1313.5149159636715,-0.007422580498126052
59.208807922652724,-1315.108632256063,-0.0074225826508032
60.03719556397995,-1316.7525529809209,-0.00742258560012754
60.84995915976885,-1318.4469349530402,-0.007422589512249722
61.648583790578506,-1320.1921816105328,-0.007422594601840693
62.434545892426726,-1321.9888311350658,-0.007422601122316408
63.20930221352827,-1323.8375403853315,-0.007422609340524744
63.974273718188,-1325.7390631296744,-0.00742261948482259
64.7308229326686,-1327.694220653453,-0.007422631649894207
65.48022290432489,-1329.703862357727,-0.007422645637636727
66.22361562614432,-1331.7688135000476,-0.00742266071119424
66.96195753401496,-1333.889806844056,-0.007422675249525668
67.69594963856015,-1336.0673948444805,-0.007422686322733796
68.42595020951696,-1338.3018393647142,-0.007422689285253803
69.15186898381005,-1340.5929772001084,-0.007422677622371587
69.87304399574278,-1342.9400623712081,-0.007422643473969259
70.5881057114097,-1345.3415907827452,-0.007422579412833308
71.29483838584987,-1347.795119701779,-0.0074224819448032164
71.99005512174365,-1350.2971031794218,-0.007422356484070747
72.66950970759142,-1352.842773327157,-0.007422222050859517
73.32787243415228,-1355.426102894349,-0.007422112206710629
73.95879532705217,-1358.0398823007376,-0.007422068517470848
74.55508171347682,-1360.6759302773519,-0.007422126084279057
75.1089557013383,-1363.3254314900025,-0.007422296849767029
75.61240354846494,-1365.9793631425332,-0.007422560658573829
76.05753948988472,-1368.6289470141694,-0.007422870953585736
76.4369417273784,-1371.2660549059585,-0.007423172458835836
76.74391318867518,-1373.8835082416085,-0.007423420406304615
76.97264227818536,-1376.4752408811034,-0.007423591501156679
77.11826244431153,-1379.0363261125162,-0.007423683929426161
77.17682774812938,-1381.5628931694825,-0.007423710246348136
77.14523074023145,-1384.051970249033,-0.007423688770145986
77.0210894431886,-1386.5012909284565,-0.007423637165501873
76.80262527876111,-1388.9090935878737,-0.007423569198296676
76.48854681999968,-1391.2739336843174,-0.007423493983527152
76.07794769188482,-1393.5945197363683,-0.007423416605385924
75.57022191624233,-1395.8695771304797,-0.007423339216046543
74.9649966931754,-1398.097739544621,-0.007423262108623874
74.26208075260844,-1400.2774654625618,-0.0074231845642689365
73.46142557531962,-1402.4069763114128,-0.007423105446848766
72.56309658835421,-1404.4842126498393,-0.007423023589620215
71.5672515982978,-1406.5068051639762,-0.00742293803534011
70.47412405062246,-1408.472057734777,-0.007422848182198294
69.2840090857317,-1410.3769403775993,-0.007422753875140131
67.99725074784878,-1412.2180903511257,-0.007422655468971584
66.61422907084294,-1413.9918201647176,-0.007422553882168614
65.13534611491585,-1415.6941315862007,-0.007422450655429458
63.561010371077366,-1417.3207350885375,-0.007422348028971015
61.89161930557518,-1418.8670745086172,-0.007422249054304331
60.12754020963071,-1420.3283570697972,-0.007422157758362857
58.269089984481454,-1421.6995893991655,-0.007422079379836077
56.316515071880865,-1422.975620823073,-0.007422020693404363
54.269973494229234,-1424.1511961419753,-0.007421990419381075
52.12952197292263,-1425.2210213824676,-0.00742199966994761
49.89511244448621,-1426.1798478373692,-0.007422062280539876
47.566604101453514,-1427.0225821805889,-0.007422194672788152
45.14379944804464,-1427.7444336995436,-0.007422414539693278
42.62651580510389,-1428.3411137155251,-0.007422737094312737
40.01470703923922,-1428.809106724728,-0.007423166977048368
37.308653369766816,-1429.1460366460024,-0.007423683666587522
34.50923836149509,-1429.351152443077,-0.007424219780023833
31.618328610825866,-1429.425950837841,-0.007424637647194032
28.639258300663236,-1429.3749328175109,-0.007424722745103196
25.577391749424763,-1429.206446745666,-0.007424229699239504
22.440688761404953,-1428.9334995676938,-0.007423016254147541
19.24013668518842,-1428.5743294706851,-0.007421241942260792
15.989866013003025,-1428.152467655591,-0.007419483235132418
12.706778881585429,-1427.6960403483276,-0.007418552522537425
9.40963051432291,-1427.2362299668016,-0.00741901194155048
6.117695134282205,-1426.8050995576818,-0.007420755137655277
2.8493250684546934,-1426.4332472950152,-0.007423073658571866
-0.3792404318771361,-1426.1478296054172,-0.007425141920954559
-3.554575048850696,-1425.9713232983115,-0.007426459014233444
-6.666229447198947,-1425.9211060172825,-0.007426950355764461
-9.706476929379145,-1426.0096922265682,-0.007426811212983608
-12.669823370999419,-1426.2453601927214,-0.007426309089474614
-15.5524458347937,-1426.6329268825937,-0.007425665446390894
-18.351668400255576,-1427.1745063428364,-0.0074250214940612125
-21.065528006067215,-1427.8701677525949,-0.007424449360431851
-23.692443966964642,-1428.7184670822494,-0.007423975885789247
-26.23098342277351,-1429.716858670111,-0.0074236033642804955
-28.67970629034816,-1430.862006813373,-0.007423323223175515
-31.03707184445375,-1432.1500203993974,-0.0074231235905593
-33.301390936511474,-1433.5766313478878,-0.007422992836829678
-35.470810818920015,-1435.1373335399473,-0.007422920860815196
-37.543322496212994,-1436.8274946497245,-0.00742289928626505
-39.51678306647342,-1438.6424495549838,-0.007422921237608904
-41.388947576629484,-1440.5775809641964,-0.007422981040079435
-43.15750656464326,-1442.628390510823,-0.007423073999451191
-44.82012681610532,-1444.7905616949367,-0.007423196314960023
-46.37449404109148,-1447.0600145397539,-0.0074233451235414805
-47.81835728644633,-1449.4329505185844,-0.007423518638994153
-49.14957603169374,-1451.9058850462247,-0.007423716319433282
-50.36617215129764,-1454.4756634787186,-0.0074239389522468
-51.46639031907825,-1457.1394550071461,-0.007424188472629822
-52.448771999976984,-1459.8947169912576,-0.007424467217248321
-53.31224985585566,-1462.7391201885923,-0.007424776158465818
-54.056270957976295,-1465.6704232427132,-0.007425111530555029
-54.68095812281559,-1468.6862833552648,-0.007425459330068662
-55.187317956596445,-1471.7839906109377,-0.0074257878808623445
-55.57750012499092,-1474.9601182325284,-0.007426040660025279
-55.85510262551929,-1478.2100933665229,-0.007426135318262084
-56.0255000905813,-1481.5277162489542,-0.007425978948404577
-56.09614590238479,-1484.90469085985,-0.007425508668518432
-56.07676884390612,-1488.3302716453147,-0.007424751522723483
-55.979364313547556,-1491.7911611809404,-0.007423867470158996
-55.81788930257867,-1495.2717849701585,-0.0074231200529624175
-55.607626184116036,-1498.754998359017,-0.007422756386663565
-55.36427694596748,-1502.223153449087,-0.007422867233820796
-55.102947683938794,-1505.659322552974,-0.007423341768324931
-54.837228853797775,-1509.048411867737,-0.007423953346640033
-54.5785414327254,-1512.377943669904,-0.007424494297389117
-54.335824324411774,-1515.6384092607707,-0.0074248570146657755
-54.11553719151893,-1518.8232272993596,-0.007425033508855705
-53.921889095984184,-1521.9284248853105,-0.0074250713866295115
-53.75718787108979,-1524.9521774939637,-0.007425030466800209
-53.62222330994333,-1527.8943186409115,-0.007424958851011354
-53.516627827259164,-1530.7558893191565,-0.0074248865187858115
-53.43918641764295,-1533.5387603321612,-0.007424828072425171
-53.388087527290054,-1536.2453352378557,-0.007424788034349206
-53.36111777612401,-1538.8783275513154,-0.007424765500573471
-53.35580856070074,-1541.4405999505232,-0.007424757274572258
-53.369543892074965,-1543.9350521458919,-0.0074247596421361806
-53.39963822798887,-1546.3645453456172,-0.007424769219706917
-53.44339169666022,-1548.731853375866,-0.007424783263251911
-53.49812859969338,-1551.0396327144385,-0.00742479970283938
-53.56122370880286,-1553.2904056281775,-0.007424817059463962
-53.63011973427751,-1555.486552165966,-0.007424834326255514
-53.70233845061412,-1557.6303079612794,-0.007424850853013254
-53.775487286812925,-1559.723765695029,-0.007424866248268991
-53.84726268486582,-1561.7688787242362,-0.007424880302390413
-53.91545116074536,-1563.7674658529195,-0.007424892929837945
-53.97792873439934,-1565.7212165561768,-0.007424904127095289
-54.03265920240471,-1567.6316962038823,-0.007424913942728928
-54.07769158880154,-1569.5003509945684,-0.0074249224564511
-54.11115701111987,-1571.3285124233553,-0.007424929764856536
-54.13126512864346,-1573.117401185099,-0.00742493597172178
-54.13630029046824,-1574.8681304658637,-0.007424941181785272
-54.124617466094435,-1576.5817086100008,-0.007424945496716795
-54.09463801696696,-1578.2590411719566,-0.007424949012808213
-54.044845350563925,-1579.9009323752618,-0.007424951819735348
-53.97378048720356,-1581.508086008718,-0.007424954000107675
-53.88003756219132,-1583.0811057935605,-0.007424955629605989
-53.76225928120185,-1584.6204952567293,-0.007424956777406511
-53.61913234414954,-1586.1266571453343,-0.007424957506961594
-53.44938285174287,-1587.59989241673,-0.007424957876910998
-53.25177170910775,-1589.0403988378648,-0.007424957942106847
-53.0250900420945,-1590.448269227179,-0.007424957754810002
-52.76815464403172,-1591.823489372678,-0.007424957365912643
-52.479803473707435,-1593.1659356611754,-0.007424956826241669
-52.1588912292392,-1594.4753724563777,-0.007424956187832343
-51.80428502727324,-1595.7514492677287,-0.0074249555053302885
-51.41486022268295,-1596.9936977579637,-0.0074249548373486185
-50.98949641068628,-1598.201528645417,-0.007424954247756244
-50.52707366113749,-1599.3742285674548,-0.00742495380687247
-50.02646904372703,-1600.5109569842127,-0.007424953592623851
-49.48655351297134,-1601.6107432172548,-0.007424953691274272
-48.90618923317258,-1602.6724837359063,-0.007424954197927214
-48.28422743588887,-1603.6949398249221,-0.007424955216464468
-47.61950691569111,-1604.6767357906524,-0.007424956858777865
-46.91085328377853,-1605.616357888667,-0.007424959243074625
-46.15707911289902,-1606.5121541833473,-0.0074249624911031376
-45.35698512028681,-1607.3623355783589,-0.007424966723922566
-44.50936254705973,-1608.1649782848797,-0.007424972056157664
-43.61299690150736,-1608.9180280202904,-0.007424978588478126
-42.66667323845074,-1609.6193062513871,-0.007424986398323341
-41.669183145573555,-1610.2665188102605,-0.007424995529067502
-40.61933359826529,-1610.85726721441,-0.007425005977962584
-39.51595782486259,-1611.3890630115272,-0.007425017683616808
-38.35792829197861,-1611.8593454395805,-0.007425030514202291
-37.14417187281928,-1612.2655026402028,-0.007425044257782787
-35.873687198424406,-1612.6048965841915,-0.007425058616654212
-34.54556411191076,-1612.8748917594871,-0.007425073207702582
-33.15900504954357,-1613.0728875332243,-0.0074250875706542985
-31.71334806198097,-1613.1963539317053,-0.00742510118579176
-30.208091068455715,-1613.2428703898286,-0.00742511350168229
-28.64291681227247,-1613.2101668126124,-0.007425123972274683
-27.01771786618781,-1613.096166077715,-0.007425132101187337
-25.332620931082932,-1612.8990269044364,-0.007425137489116551
-23.588009591848945,-1612.6171858393125,-0.007425139879135401
-21.78454465140887,-1612.2493969797567,-0.007425139193719232
-19.923181166568085,-1611.7947679929066,-0.007425135557477702
-18.00518136416808,-1611.2527910010758,-0.007425129301104505
-16.032122724771096,-1610.6233670063798,-0.007425120944184016
-14.005900680626253,-1609.9068227160187,-0.00742511115779898
-11.928725576416452,-1609.1039188985342,-0.007425100710930721
-9.803113771961305,-1608.215849733967,-0.007425090407355839
-7.631873008951556,-1607.2442329941152,-0.007425081021089852
-5.418082400725301,-1606.1910912755743,-0.007425073238458424
-3.1650676175692354,-1605.058824879278,-0.007425067613469949
-0.8763720152917969,-1603.8501772594368,-0.0074250645404063675
1.4442754185356141,-1602.568194230729,-0.007425064244879209
3.792994353418017,-1601.2161783112108,-0.007425066791546087
6.165788673412506,-1599.7976396835347,-0.0074250721047945945
8.558582366460465,-1598.3162452803706,-0.007425079997572581
10.967254879008681,-1596.7757674496677,-0.007425090203335927
13.387675169728931,-1595.1800335444668,-0.007425102407015771
15.815733815668848,-1593.5328776259448,-0.007425116272044008
18.247372652407623,-1591.8380952833745,-0.0074251314615914055
20.67861155779909,-1590.0994023758738,-0.0074251476537803285
23.10557210970027,-1588.3203983011754,-0.0074251645512166675
25.524497956885828,-1586.5045342064109,-0.00742518188578245
27.931771836338562,-1584.6550863823632,-0.007425199420193707
30.32392924819886,-1582.7751349303312,-0.007425216947122948
32.69766886209086,-1580.8675476618648,-0.007425234287191884
35.04985977647537,-1578.9349690864576,-0.007425251286331758
37.3775457878185,-1576.9798142598138,-0.00742526781302999
39.67794685068136,-1575.0042672035825,-0.007425283755594592
41.948457925349054,-1573.0102835639902,-0.0074252990195544655
44.18664541826353,-1570.9995971489152,-0.0074253135249851
46.39024142408828,-1568.9737299677997,-0.00742532720384137
48.55713597832344,-1566.934005393693,-0.0074253399971100364
50.685367527456215,-1564.881564068992,-0.0074253518517730654
52.773111820983296,-1562.817382183604,-0.007425362717741635
54.81866942748238,-1560.7422917639253,-0.007425372544828335
56.82045207635317,-1558.6570026209404,-0.007425381279816179
58.776968028927826,-1556.5621256138008,-0.007425388864228388
60.686806688301466,-1554.4581968894863,-0.0074253952326666095
62.548622667254506,-1552.3457027578029,-0.007425400312412123
64.36111954861909,-1550.225104852645,-0.007425404024342441
66.12303359267186,-1548.0968652140257,-0.007425406285572755
67.83311767147151,-1545.961470900465,-0.007425407014045149
69.49012573978601,-1543.8194577081758,-0.0074254061350025324
71.09279818492317,-1541.671432533387,-0.0074254035895924275
72.63984843105743,-1539.5180938696014,-0.007425399344878514
74.12995120421053,-1537.3602498864382,-0.007425393404871805
75.56173288753942,-1535.1988334963419,-0.007425385821695496
76.93376440769951,-1533.0349137867256,-0.007425376705325615
78.24455708578358,-1530.8697031860884,-0.007425366230611186
79.49256185444055,-1528.7045597521676,-0.007425354639752246
80.67617218047492,-1526.5409840269458,-0.007425342238486898
81.79373093510429,-1524.3806100047998,-0.0074253293852022395
82.84354132012518,-1522.2251899110795,-0.007425316472120969
83.82388178900882,-1520.0765726896561,-0.007425303899547764
84.73302470327101,-1517.9366763446487,-0.00742529204513076
85.56925824697811,-1515.8074545625627,-0.0074252812309762994
86.33091090115903,-1513.6908583387885,-0.007425271692989455
87.01637757390135,-1511.5887936237696,-0.007425263556413597
87.62414631134205,-1509.503076262561,-0.007425256821257165
88.15282439901891,-1507.4353857000324,-0.007425251359941321
88.6011626177443,-1505.3872190389322,-0.007425246927201812
88.96807645250364,-1503.3598470525724,-0.0074252431806858255
89.25266316778773,-1501.35427366093,-0.007425239708417131
89.45421385019878,-1499.3712001826384,-0.007425236058359097
