theta_1,theta_2
90.0,90.0
90.0,90.0
89.99943792840297,90.0
89.99831378520892,90.0
89.99662757041816,89.99999999999945
89.99437928403255,89.99999999999501
89.99156892605804,89.9999999999763
89.98819649650814,89.99999999991972
89.98426199540867,89.99999999978039
89.97976542280362,89.99999999948201
89.97470677876211,89.99999999890495
89.96908606338644,89.99999999787225
89.96290327682148,89.99999999613364
89.95615841926491,89.99999999334781
89.94885149097883,89.99999998906259
89.94098249230241,89.99999998269308
89.93255142366563,89.99999997349818
89.92355828560427,89.99999996055473
89.91400307877596,89.99999994273008
89.90388580397735,89.99999991865246
89.89320646216244,89.99999988667959
89.88196505446214,89.99999984486514
89.87016158220477,89.99999979092347
89.85779604693785,89.99999972219224
89.84486845045097,89.99999963559318
89.83137879479985,89.99999952759087
89.81732708233139,89.99999939414957
89.80271331571002,89.99999923068813
89.78753749794511,89.99999903203296
89.77179963241947,89.99999879236903
89.75549972291914,89.99999850518888
89.73863777366408,89.9999981632399
89.72121378934021,89.99999775846932
89.70322777513243,89.99999728196758
89.68467973675887,89.99999672390962
89.66556968050625,89.99999607349417
89.64589761326631,89.99999531888125
89.62566354257345,89.9999944471276
89.6048674766434,89.9999934441203
89.58350942441318,89.99999229450833
89.56158939558202,89.99999098163222
89.53910740065349,89.99998948745191
89.51606345097873,89.99998779247251
89.49245755880084,89.99998587566819
89.46828973730032,89.99998371440414
89.44356000064172,89.99998128435669
89.41826836402136,89.99997855943138
89.39241484371614,89.99997551167921
89.36599945713351,89.99997211121087
89.3390222228626,89.99996832610921
89.31148316072628,89.9999641223397
89.2833822918346,89.99995946365897
89.2547196386391,89.99995431152149
89.22549522498831,89.99994862498444
89.19570907618443,89.99994236061045
89.16536121904097,89.99993547236873
89.1344516819416,89.99992791153416
89.1029804949,89.99991962658441
89.0709476896209,89.99991056309553
89.03835329956213,89.99990066363527
89.0051973599978,89.99988986765484
88.97147990808249,89.99987811137859
88.9372009829166,89.99986532769212
88.90236062561272,89.99985144602819
88.86695887936308,89.99983639225117
88.83099578950808,89.9998200885394
88.79447140360581,89.99980245326583
88.75738577150273,89.99978340087691
88.71973894540523,89.99976284176955
88.68153097995243,89.99974068216643
88.64276193228991,89.99971682398943
88.60343186214439,89.99969116473135
88.56354083189957,89.99966359732583
88.52308890667297,89.99963401001561
88.48207615439358,89.99960228621894
88.44050264588087,89.99956830439439
88.39836845492438,89.99953193790378
88.35567365836464,89.99949305487372
88.31241833617483,89.99945151805507
88.26860257154354,89.99940718468112
88.22422645095841,89.99935990632382
88.17929006429077,89.99930952874861
88.13379350488117,89.99925589176742
88.0877368696259,89.99919882909026
88.0411202590643,89.99913816817515
87.99394377746718,89.99907373007639
87.9462075329259,89.99900532929148
87.8979116374425,89.99893277360634
87.84905620702067,89.99885586393916
87.79964136175745,89.99877439418266
87.749667225936,89.9986881510449
87.69913392811893,89.99859691388879
87.64804160124275,89.99850045456999
87.59639038271284,89.9983985372735
87.54418041449938,89.99829091834896
87.49141184323395,89.99817734614446
87.438084820307,89.99805756083913
87.38419950196594,89.99793129427447
87.32975604941404,89.99779826978433
87.27475462890997,89.99765820202366
87.21919541186811,89.99751079679618
87.1630785749594,89.99735575088074
87.10640430021299,89.99719275185663
87.04917277511842,89.9970214779277
86.99138419272846,89.99684159774549
86.9330387517625,89.99665277023124
86.87413665671056,89.99645464439695
86.81467811793782,89.99624685916551
86.75466335178965,89.9960290431897
86.69409258069724,89.9958008146705
86.63296603328364,89.99556178117453
86.57128394447021,89.99531153945044
86.50904655558367,89.99504967524484
86.44625411446334,89.99477576311726
86.38290687556902,89.99448936625446
86.31900510008897,89.99419003628418
86.25454905604846,89.99387731308815
86.18953901841844,89.99355072461464
86.12397526922462,89.99320978669037
86.05785809765672,89.9928540028321
85.99118780017804,89.99248286405768
85.92396468063508,89.9920958486967
85.85618905036748,89.99169242220096
85.78786122831801,89.99127203695443
85.71898154114271,89.99083413208326
85.64955032332104,89.99037813326538
85.57956791726617,89.98990345254009
85.50903467343521,89.98940948811756
85.43795095043946,89.98889562418827
85.36631711515456,89.98836123073265
85.29413354283064,89.98780566333055
85.22140061720222,89.98722826297119
85.14811873059817,89.98662835586298
85.07428828405116,89.98600525324392
84.99990968740727,89.98535825119218
84.924983359435,89.98468663043704
84.84950972793419,89.98398965617037
84.77348922984456,89.98326657785861
84.69692231135383,89.98251662905538
84.61980942800548,89.98173902721454
84.54215104480612,89.98093297350425
84.46394763633221,89.98009765262151
84.38519968683646,89.97923223260781
84.30590769035355,89.97833586466551
84.22607215080525,89.97740768297528
84.145693582105,89.97644680451451
84.06477250826163,89.97545232887691
83.98330946348258,89.9744233380933
83.9013049922763,89.97335889645355
83.81875964955361,89.97225805032994
83.73567400072865,89.97111982800187
83.6520486218186,89.96994323948212
83.56788409954261,89.96872727634444
83.48318103141978,89.96747091155298
83.39794002586615,89.96617309929327
83.31216170229057,89.96483277480503
83.22584669118952,89.96344885421665
83.13899563424084,89.96202023438185
83.0516091843963,89.960545792718
82.9636880059728,89.95902438704668
82.87523277474256,89.95745485543638
82.78624417802186,89.95583601604721
82.69672291475848,89.95416666697811
82.60666969561774,89.95244558611623
82.51608524306721,89.95067153098879
82.42497029145989,89.9488432386174
82.33332558711585,89.94695942537504
82.2411518884025,89.94501878684557
82.14844996581307,89.94301999768592
82.05522060204362,89.94096171149123
81.9614645920684,89.93884256066266
81.86718274321335,89.93666115627823
81.7723758752281,89.93441608796668
81.67704482035597,89.93210592378425
81.5811904234024,89.92972921009479
81.48481354180124,89.92728447145294
81.3879150456795,89.92477021049068
81.29049581791986,89.92218490780712
81.1925567542214,89.91952702186187
81.09409876315837,89.91679498887166
80.99512276623682,89.91398722271077
80.89562969794923,89.91110211481481
80.79562050582709,89.90813803408842
80.69509615049131,89.90509332681651
80.59405760570044,89.9019663165794
80.49250585839688,89.89875530417183
80.39044190875062,89.89545856752588
80.287866770201,89.89207436163775
80.18478146949606,89.88860091849887
80.08118704672962,89.88503644703069
79.9770845553761,89.881379133024
79.87247506232289,89.87762713908222
79.76735964790048,89.87377860456901
79.66173940591017,89.8698316455602
79.55561544364932,89.86578435479996
79.44898888193427,89.86163480166154
79.34186085512071,89.85738103211227
79.23423251112173,89.85302106868318
79.12610501142326,89.848552910443
79.0174795310971,89.84397453297689
78.90835725881146,89.83928388836955
78.79873939683893,89.83447890519321
78.68862716106199,89.82955748850009
78.57802178097596,89.82451751981958
78.46692449968943,89.81935685716027
78.35533657392212,89.8140733350166
78.24325927400021,89.8086647643803
78.13069388384915,89.80312893275672
78.01764170098387,89.79746360418585
77.90410403649649,89.79166651926832
77.79008221504142,89.78573539519604
77.67557757481802,89.77966792578795
77.5605914675506,89.77346178153049
77.44512525846594,89.76711460962296
77.32918032626837,89.76062403402786
77.2127580631122,89.75398765552598
77.0958598745717,89.74720305177655
76.97848717960863,89.74026777738219
76.8606414105373,89.73317936395867
76.74232401298704,89.72593532020979
76.62353644586246,89.71853313200685
76.50428018130107,89.71097026247327
76.38455670462865,89.70324415207375
76.26436751431216,89.6953522187086
76.14371412191035,89.6872918578126
76.02259805202202,89.67906044245883
75.90102084223203,89.67065532346722
75.77898404305495,89.6620738295178
75.65648921787658,89.65331326726879
75.53353794289322,89.64437092147924
75.41013180704871,89.63524405513643
75.28627241196949,89.62592990958784
75.16196137189739,89.61642570467768
75.03720031362049,89.60672863888809
74.91199087640192,89.59683588948458
74.78633471190663,89.58674461266631
74.66023348412637,89.57645194372036
74.5336888693026,89.5659549971807
74.40670255584766,89.55525086699124
74.27927624426421,89.5443366266733
74.15141164706272,89.53320932949713
74.02311048867746,89.5218660086577
73.89437450538077,89.51030367745446
73.76520544519565,89.4985193294753
73.63560506780698,89.48650993878418
73.50557514447111,89.47427246011294
73.37511745792399,89.46180382905675
73.24423380228815,89.44910096227343
73.11292598297803,89.43616075768634
72.98119581660434,89.42298009469101
72.84904513087704,89.4095558343652
72.71647576450722,89.39588481968246
72.58348956710792,89.38196387572913
72.4500883990939,89.36778980992459
72.3162741315805,89.35335941224469
72.18204864628147,89.33866945544847
72.04741383540618,89.32371669530782
71.91237160155579,89.3084978708402
71.77692385761902,89.29300970454415
71.64107252666697,89.27724890263774
71.50481954184762,89.26121215529973
71.36816684627959,89.24489613691325
71.23111639294568,89.22829750631215
71.09367014458587,89.21141290702977
70.95583007359004,89.1942389675501
70.81759816189047,89.1767723015612
70.67897640085421,89.1590095082108
70.53996679117515,89.14094717236406
70.40057134276623,89.12258186486329
70.26079207465162,89.10391014278963
70.1206310148589,89.08492854972644
69.98009020031151,89.0656336160247
69.83917167672129,89.04602185906964
69.69787749848143,89.02608978354934
69.55620972855968,89.00583388172454
69.41417043839195,88.98525063369989
69.27176170777649,88.96433650769643
69.12898562476849,88.94308796032534
68.98584428557534,88.92150143686275
68.84233979445258,88.89957337152553
68.69847426360049,88.87730018774799
68.55424981306156,88.85467829845946
68.40966857061875,88.83170410636258
68.26473267169465,88.80837400421218
68.11944425925165,88.78468437509483
67.97380548369311,88.76063159270879
67.82781850276558,88.73621202164433
67.68148548146226,88.71142201766447
67.53480859192747,88.68625792798576
67.38779001336259,88.66071609155942
67.2404319319331,88.63479283935224
67.0927365406771,88.60848449462782
66.94470603941521,88.58178737322737
66.79634263466184,88.55469778385053
66.64764853953812,88.52721202833581
66.4986259736862,88.49932640194083
66.34927716318526,88.47103719362202
66.19960434046916,88.44234068631386
66.04960974424571,88.41323315720757
65.89929561941774,88.38371087802929
65.74866421700584,88.35377011531735
65.59771779407303,88.32340713069888
65.4464586136512,88.29261818116571
65.29488894466944,88.26139951934911
65.14301106188427,88.22974739379384
64.99082724581191,88.19765804923098
64.83833978266246,88.16512772684979
64.68555096427602,88.1321526645684
64.53246308806109,88.09872909730333
64.37907845693483,88.06485325723771
64.22539937926545,88.03052137408821
64.0714281688169,87.99572967537068
63.91716714469542,87.96047438666432
63.762618631298594,87.92475173187435
63.60778495826631,87.88855793349339
63.45266846043412,87.85188921286097
63.29727147778874,87.81474179042179
63.14159635542586,87.77711188598211
62.98564544351012,87.73899571896453
62.82942109723752,87.7003895086612
62.67292567679992,87.66128947448503
62.51616154735204,87.62169183621936
62.35913107898062,87.58159281426566
62.20183664667594,87.54098862988954
62.04428063030575,87.49987550546464
61.88646541459133,87.4582496647149
61.72839338908611,87.4161073329547
61.57006694815642,87.3734447373271
61.411488490964736,87.3302581070402
61.25266042145511,87.28654367360127
61.09358514834109,87.24229767104914
60.93426508509576,87.1975163361843
60.77470264994432,87.15219590879707
60.61490026585881,87.10633263189371
60.45486036055524,87.05992275192034
60.29458536649292,87.01296251898486
60.13407772087622,86.96544818707667
59.97333986565843,86.91737601428433
59.81237424754805,86.868742263011
59.65118331801715,86.8195432001878
59.48976953331213,86.76977509748502
59.32813535446662,86.71943423152112
59.16628324731649,86.66851688406965
59.00421568251725,86.61701934226384
58.84193513556338,86.56493789879922
58.67944408680996,86.51226885213387
58.516745021496305,86.45900850668677
58.35384042977178,86.40515317303361
58.19073280672361,86.35069916810075
58.027424652406786,86.29564281535683
57.863918471875934,86.23998044500229
57.700216775219225,86.18370839415671
57.53632207759423,86.12682300704402
57.37223689926564,86.06932063517546
57.20796376564498,86.01119763753056
57.043505207332174,85.95245038073581
56.87886376015886,85.89307523924136
56.71404196523364,85.83306859549546
56.54904236898901,85.77242684011695
56.38386752323004,85.71114637206543
56.21851998518479,85.64922359880954
56.05300231755639,85.58665493649312
55.88731708857668,85.52343681009916
55.72146687206154,85.45956565361192
55.55545424746772,85.39503791017681
55.3892817999512,85.32985003225838
55.222952120427,85.26399848179612
55.056467805630504,85.19747973035854
54.88983145818007,85.1302902592949
54.72304568664109,85.06242655988531
54.55611310559136,84.99388513348858
54.38903633568763,84.92466249168834
54.22181800373351,84.85475515643708
54.05446074274848,84.78415966019834
53.88696719203808,84.71287254608701
53.71933999726517,84.64089036800765
53.551581810522315,84.56820969079104
53.3836952904051,84.49482709032883
53.21568310208646,84.42073915370632
53.04754791739191,84.34594247933349
52.879292414875714,84.27043367707405
52.71091927989776,84.19420936837294
52.54243120470136,84.11726618638178
52.373830888491675,84.03960077608272
52.20512103751491,83.96120979441054
52.03630436513808,83.88208991037287
51.86738359192946,83.80223780516884
51.6983614457395,83.72165017230594
51.52924066178228,83.64032371771515
51.360023982717436,83.55825515986443
51.19071415873241,83.47544122987057
51.02131394762519,83.39187867160932
50.851826114887196,83.30756424182393
50.68225343378656,83.22249471023196
50.512598685451565,83.13666685963061
50.34286465895418,83.05007748600028
50.17305415139381,82.96272339860674
50.003169967981094,82.87460142010147
49.83321492212157,82.78570838662066
49.663191835499525,82.69604114788243
49.49310353816159,82.60559656728269
49.322952868600254,82.51437152198936
49.15274267383719,82.42236290303505
48.98247580950634,82.3295676154082
48.81215513993672,82.23598257814282
48.64178353823488,82.14160472440663
48.471363886366966,82.04643100158765
48.30089907524034,81.95045837137945
48.13039200478474,81.85368380986478
47.9598455840329,81.75610430759782
47.789262731200544,81.65771686968495
47.61864637376577,81.55851851586392
47.447999448547726,81.45850628058182
47.277324901784574,81.35767721307136
47.106625689210645,81.25602837742585
46.935904776132745,81.1535568526727
46.76516513750559,81.05025973284542
46.59440975800628,80.94613412705435
46.423641632107795,80.84117715955578
46.252863764151456,80.73538596981976
46.08207916841827,80.62875771259648
45.91129086919913,80.52128955798123
45.74050190086386,80.41297869147787
45.56971530792901,80.30382231406102
45.39893414512427,80.19381764223678
45.22816147745769,80.08296190810198
45.05740038027937,79.97125235940216
44.88665393934377,79.85868625958804
44.71592525087055,79.74526088787064
44.54521742160375,79.63097353927496
44.374533568869545,79.51582152469231
44.203876820632175,79.39980217093128
44.03325031554834,79.28291282076711
43.86265720301969,79.16515083298995
43.692100643243656,79.04651358245151
43.52158380726235,78.92699846011045
43.351109877009584,78.80660287307624
43.18068204535596,78.6853242446518
43.010303516151914,78.56316001437452
42.83997750426876,78.4401076380562
42.669707235637595,78.31616458782132
42.49949594728608,78.191328352144
42.329346887372985,78.06559643588363
42.15926331522049,77.93896636031916
41.9892485013442,77.81143566318175
41.819305727480774,77.68300189868641
41.649438286613155,77.5536626375619
41.47964948299336,77.42341546707952
41.3099426321627,77.29225799108038
41.14032106096952,77.16018783000128
40.97078810758422,77.02720262089939
40.801347121511704,76.89330001747535
40.63200146360108,76.75847769009518
40.462754506052505,76.62273332581069
40.29360963242134,76.4860646283787
40.12457023761931,76.34846931827876
39.955639727912796,76.20994513272962
39.786821520918124,76.07048982570439
39.618119045593794,75.93010116794431
39.44953574222962,75.78877694697128
39.281075062432755,75.64651496709897
39.11274046911046,75.50331304944281
38.944535436449634,75.3591690319286
38.77646344989305,75.21408076929984
38.608528006112174,75.06804613312383
38.44073261297659,74.92106301179662
38.273080789519916,74.77312931054657
38.105576065902206,74.62424295143684
37.938221983368706,74.47440187336673
37.77102209420497,74.32360403207169
37.603979961688296,74.17184740012229
37.437099160035295,74.01912996692222
37.27038327434568,73.86544973870485
37.10383590054217,73.71080473852913
36.93746064530635,73.55519300627404
36.77126112601061,73.39861259863245
36.605240970645866,73.24106158910364
36.439403817745266,73.08253806798517
36.273753316303576,72.92304014236359
36.10829312569229,72.76256593610451
35.943026915570464,72.60111358984167
35.777958365791015,72.43868126096534
35.61309116630262,72.2752671236099
35.448429017047026,72.11086936864075
35.283975627851724,71.94548620364067
35.11973471831789,71.77911585289537
34.95571001770366,71.61175655737874
34.79190526480238,71.44340657473745
34.628324207816114,71.27406417927524
34.46497060422401,71.10372766193676
34.30184822064563,70.93239533029116
34.13896083269917,70.76006550851551
33.97631222485432,70.58673653737797
33.813906190279894,70.41240677422097
33.651746530686026,70.23707459294431
33.489837056160844,70.06073838398844
33.32818158500156,69.88339655431786
33.1667839435399,69.70504752740477
33.00564796596176,69.52568974321316
32.84477749412097,69.34532165818322
32.684176377347164,69.16394174521642
32.52384847224752,68.98154849366122
32.363797642502384,68.79814040929956
32.20402775865461,68.6137160143342
32.04454269789258,68.42827384737716
31.885346343826697,68.24181246343913
31.726442586259324,68.05433043392038
31.56783532094804,67.86582634660283
31.409528449362064,67.67629880564375
31.251525878431757,67.48574643157129
31.093831520291104,67.2941678612815
30.93644929201298,67.10156174803772
30.779383115337176,66.90792676147183
30.622636916390938,66.71326158758794
30.466214625402007,66.51756492876859
30.310120176403927,66.32083550378351
30.15435750693352,66.12307204780137
29.99893055772042,65.92427331240445
29.843843272368435,65.72443806560666
29.68909959702868,65.5235650918749
29.534703480064255,65.32165319215419
29.38065887170637,65.11870118389662
29.22696972370167,64.91470790109445
29.07363998895071,64.70967219431748
28.920673621137315,64.50359293075508
28.768074574348677,64.29646899426304
28.615846802686043,64.08829928541547
28.46399425986577,63.879082721562156
28.312520898810565,63.6688182368914
28.16143067123073,63.45750478249893
28.010727527195222,63.24514132646296
27.860415414692305,63.03172685392569
27.710498279179575,62.817260367181795
27.560980063123182,62.601740885773836
27.411864705526014,62.38516744659532
27.263156141444604,62.16753910400149
27.114858301494536,61.948854929928274
26.96697511134414,61.72911401401973
26.819510491196194,61.50831546376442
26.672468355257433,61.286458404640975
26.525852611195543,61.06354198027338
26.379667159583466,60.839565352596246
26.23391589333069,60.61452770203057
26.088602697101248,60.38842822767039
25.943731446718218,60.16126614748071
25.799306008554325,59.93304069850722
25.65533023890847,59.70375113709819
25.51180798336782,59.47339673913911
25.36874307615516,59.241976800300414
25.22613933946121,59.00949063629889
25.08400058276159,58.775937583173295
24.942330602118098,58.54131699757453
24.801133179463957,58.305628257071106
24.660412081872728,58.068870760470304
24.520171060810515,57.83104392815566
24.380413851371088,57.59214720244123
24.241144171493644,57.35218004794344
24.10236572116273,57.11114195197075
23.964082181590033,56.869032424932136
23.826297214377636,56.62585100076471
23.689014460662342,56.381597237381236
23.552237540240675,56.13627071713816
23.415970050674158,55.889871047324796
23.280215566374476,55.642397860674365
23.14497763766807,55.39385081589751
23.0102597898398,55.144229598239015
22.876065522155187,54.893533920058424
22.742398306860874,54.641763521435315
22.609261588162777,54.388918170799826
22.476658781181598,54.134997665589324
22.344593270885134,53.88000183293186
22.213068410997046,53.623930530357185
22.08208752288152,53.36678364653617
21.951653894403464,53.108561102049265
21.821770778763703,52.84926285018492
21.69244139330876,52.588888877768696
21.563668918314686,52.32743920602381
21.43545649574461,52.064913891464094
21.307807227979332,51.80131302681998
21.180724176520716,51.536636741998485
21.05421036066722,51.270885205077924
20.928268756161263,51.004058623338224
20.802902293807808,50.73615724432771
20.67811385806385,50.46718135696701
20.55390628559822,50.197131292691246
20.430282363821384,49.92600742663092
20.307244829384665,49.6538101788327
20.18479636664857,49.38054001552073
20.062939606119702,49.10619745039924
19.94167712285592,48.83078304599746
19.82101143483928,48.554297415057405
19.700945001316434,48.27674122196556
19.58148022110603,47.99811518422895
19.46261943087287,47.718420073996704
19.344364903368387,47.437656719627434
19.226718845637187,47.155826007303574
19.109683397189336,46.87292888269305
18.993260628138177,46.58896635265912
18.877452537303366,46.30393948701889
18.762261050278987,46.017849420351325
18.64768801746653,45.730697353855035
18.533735212072635,45.44248455725664
18.420404328071488,45.15321237077002
18.30769697813176,44.862882207106914
18.195614691508187,44.57149555353938
18.084158911897735,44.279053974014275
17.973330995260465,43.985559111320214
17.86313220760526,43.69101268930697
17.753563722740562,43.39541651515779
17.644626619990465,43.09877248171436
17.536321881876376,42.8010825698547
17.42865039176477,42.50234885092362
17.32161293148137,42.202573489215894
17.21521017889243,41.90175874451152
17.109442705453645,41.59990697466293
17.004310973727463,41.29702063823365
16.899815334869565,40.9931022971877
16.79595602608544,40.68815461962919
16.692733168058066,40.3821803825911
16.590146762347707,40.07518247487251
16.488196688765175,39.76716389992296
16.386882702719756,39.45812777877285
16.28620443254333,39.14807735300843
16.18616137679216,38.837015987789954
16.086752901528165,38.52494717491104
15.987978237581347,38.2118745358977
15.88983647779546,37.897801825144704
15.792326574258968,37.58273293308724
15.69544733552352,37.26667188940543
15.599197423812361,36.94962286625893
15.503575352221254,36.6315901815491
15.408579481914563,36.31257830220549
15.314208019319402,35.992591847493486
15.220459013320886,35.671635592339804
15.127330352461671,35.34971447067197
15.034819762149178,35.02683357876809
14.942924801874,34.70299817861266
14.851642862443297,34.37821370125419
14.760971163232986,34.05248575015999
14.670906749462878,33.72582010456329
14.581446489499,33.39822272279776
14.492587072187497,33.06969974561397
14.40432500422481,32.74025749947232
14.316656607568849,32.40990249980681
14.229578016896172,32.078641454253344
14.14308517711031,31.746481265836568
14.057173840906518,31.413429036108685
13.97183956639848,31.079492068233492
13.887077714812543,30.744677870008765
13.802883448255326,30.40899415681984
13.71925172756059,30.072448854517024
13.636177310221468,29.735050102209303
13.553654748414264,29.39680625496664
13.471678387120102,29.05772588642293
13.390242362350879,28.717817791271543
13.309340599486031,28.377090987645325
13.22896681172672,28.035554719372655
13.149114498674065,27.693218458101175
13.069776945038189,27.350091905280635
12.990947219484752,27.006184993996328
12.912618173625788,26.66150789064445
12.834782441161538,26.316070996440736
12.757432437180029,25.969884948753805
12.680560357621049,25.622960622254574
12.604158178911115,25.275309129873225
12.528217657775928,24.926941823555342
12.452730331236673,24.577870294808882
12.37768751679641,24.2281063750339
12.303080312822598,23.877662135627055
12.228899599131553,23.52654988785326
12.155136037780538,23.174782182476992
12.081780074072752,22.822371809146205
12.008821937780342,22.469331795522038
11.936251644590163,22.115675406147936
11.864058997776704,21.761416141052226
11.792233590106202,21.406567734078624
11.720764805975573,21.051144150939642
11.649641823789365,20.69515958698843
11.578853618577462,20.338628464705124
11.50838896485581,19.98156543089434
11.438236439731892,19.623985353591184
11.368384426256181,19.26590331867373
11.29882111702022,18.90733462618061
11.229534518001394,18.548294786333194
11.160512452653908,18.188799515262403
11.091742566244797,17.828864730441193
11.023212330433234,17.46850654582434
10.954909048090718,17.107741266698085
10.886819858359093,16.74658538424302
10.818931741942663,16.385055569814348
10.751231526630038,16.023168668944614
10.683705893040665,15.66094169507471
10.616341380590313,15.298391823019948
10.549124393669148,14.935536382178721
10.482041208025374,14.572392849492148
10.41507797734677,14.208978842163933
10.348220740031826,13.845312110150415
10.28145542614156,13.481410528431622
10.214767864522548,13.117292089074839
10.148143790091078,12.752974893102982
10.081568851267843,12.38847714218067
10.015028617552073,12.023817130131635
9.948508587223486,11.659013234301623
9.881994195160098,11.294083906781578
9.815470820759412,10.929047665506321
9.748923795950224,10.5639230852445
9.682338413281958,10.198728788495899
9.61569993407814,9.833483436312578
9.548993596640402,9.468205719060618
9.482204624489265,9.102914347139407
9.415318234627767,8.737628041675656
9.34831964581396,8.372365525209343
9.281194086828245,8.007145512388849
9.213926804721563,7.641986700692562
9.146503073030496,7.276907761194027
9.078908199945484,6.911927329387664
9.011127536418504,6.54706399609178
8.943146484196808,6.182336298445349
8.874950503769549,5.817762711014675
8.806525122214449,5.453361637025658
8.73785594093202,5.089151399736905
8.668928643255233,4.725150233968445
8.599729001922965,4.361376277800215
8.530242886406025,3.997847564453902
8.460456270075065,3.63458201437106
8.390355237200218,3.2715974274997235
8.319925989772841,2.9089114758010517
8.249154854140366,2.5465416959867317
8.17802828744586,2.184505482497131
8.106532883864471,1.8228200807293526
8.03465538062966,1.461502580523556
7.962382663842716,1.1005699099150341
7.889701774059709,0.7400388291587263
7.816599911650735,0.37992592503197126
7.743064441926956,0.020247605420467357
7.6690829000315865,-0.33897990580844917
7.594642995591687,-0.6977405736419363
7.519732617128226,-1.0560185564647484
7.444339836222557,-1.4137982103076854
7.368452911438071,-1.7710640928005665
7.292060291996401,-2.127800966829688
7.2151506212081795,-2.4839938039004674
7.1377127396589,-2.8396277872067306
7.059735688151006,-3.194688314408774
6.9812087104038945,-3.5491610001230196
6.902121255513977,-3.90303167812672
6.822462980177508,-4.256286403281763
6.742223750679269,-4.608911453182211
6.661393644650704,-4.96089332953073
6.579962952601456,-5.312218759249566
6.497922179228664,-5.662874695332176
6.4152620445087205,-6.012848317442067
6.3319734845764915,-6.362127032265725
6.248047652397327,-6.710698473626931
6.16347591823742,-7.058550502369994
6.0782498699383245,-7.405671206019767
5.9923613130016316,-7.7520488982264855
5.905802270490009,-8.0976721180037
5.818564982750915,-8.442529628767739
5.73064190696948,-8.78661041718722
5.642025716557091,-9.129903691851306
5.552709300382322,-9.472398881765356
5.462685761850905,-9.814085634682773
5.371948417841453,-10.154953815281747
5.280490797503661,-10.494993503195673
5.188306640925691,-10.834194990905884
5.095389897677438,-11.172548781505332
5.001734725236294,-11.510045586341745
4.907335487301989,-11.846676322548635
4.812186752007,-12.182432110472492
4.716283290028916,-12.517304271004216
4.619620072611043,-12.851284322822824
4.522192269497434,-13.184363979559166
4.423995246788368,-13.516535146887268
4.325024564722193,-13.847789919550689
4.225275975389278,-14.178120578331063
4.12474542038367,-14.507519586965806
4.0234290283979215,-14.835979589021692
3.921323112766332,-15.163493404730808
3.8184241689617275,-15.49005402779518
3.714728872050703,-15.81565462216601
3.6102340741120797,-16.140288518803406
3.5049368016231637,-16.463949212422026
3.3988342528181876,-16.786630358228013
3.291923795023167,-17.108325768652197
3.1842029619711973,-17.42902941008438
3.07566945110206,-17.748735399613267
2.966321120849809,-18.067438001776356
2.8561559879218468,-18.385131625323833
2.7451722245728223,-18.701810820000336
2.633368155876504,-19.017470273348238
2.5207422569986293,-19.33210480753577
2.4072931504735435,-19.64570937621321
2.2930196034873065,-19.958279061400074
2.177920525169767,-20.26980907040609
2.0619949638979573,-20.580294732788467
1.9452421046130257,-20.889731497347817
1.827661266152747,-21.198114929164962
1.709251898601553,-21.50544070668052
1.590013580659851,-21.811704618819114
1.469946017034292,-22.116902562159904
1.3490490358505165,-22.42103053815479
1.2273225860897805,-22.724084650395728
1.1047667350507555,-23.026061101932292
0.981381665837676,-23.32695619264044
0.8571676748759134,-23.626766316643522
0.7321251694559346,-23.92548795978614
0.6062546653065275,-24.223117697161598
0.47955678419806236,-24.519652190693463
0.3520322515764864,-24.81508818677157
0.22368189422865145,-25.10942251394288
0.09450663797950512,-25.40265208065733
-0.035492494578406746,-25.694773873068804
-0.16631438632274556,-25.9857849528913
-0.2979578278061817,-26.275682455310154
-0.4304215194279444,-26.564463586948257
-0.5637040735719298,-26.85212562388706
-0.6978040167112352,-27.138665909742024
-0.8327197914790379,-27.424081853792305
-0.9684497587057878,-27.70837092916413
-1.1049921994227276,-27.991530671067576
-1.2423453168317962,-28.27355867508613
-1.3805072382420127,-28.554452595518566
-1.5194760169724735,-28.834210143772527
-1.6592496342221286,-29.112829086809192
-1.7998260009065339,-29.3903072456384
-1.941202959461809,-29.666642493863474
-2.083378285616047,-29.941832756275147
-2.2263496901284596,-30.215876007493737
-2.370114820496552,-30.488770270658858
-2.514671262631642,-30.760513616165902
-2.660016542503064,-31.031104160448468
-2.806148127751407,-31.30054006480591
-2.9530634292711477,-31.568819534275224
-3.1007598027630627,-31.83594081654638
-3.249234550256801,-32.10190220092031
-3.3984849216040156,-32.366702017308654
-3.5485081159424627,-32.63033863527444
-3.6993012831314744,-32.89281046311282
-3.850861525159224,-33.154115946970975
-4.003185897522205,-33.41425357000639
-4.156271410577345,-33.6732218515826
-4.31011503086718,-33.931019346501564
-4.464713682418523,-34.187644644271714
-4.620064248015043,-34.44309636841105
-4.7761635704441865,-34.69737317578419
-4.933008453718861,-34.95047375597272
-5.090595664274314,-35.202396830677884
-5.248921932140623,-35.45314115315487
-5.407983952091192,-35.70270550767787
-5.567778384767717,-35.951088709035105
-5.7283018577819655,-36.19828960205295
-5.889550966794831,-36.444307061148486
-6.051522276573021,-36.68913998990967
-6.214212322023798,-36.9327873207023
-6.377617609208138,-37.17524801430311
-6.5417346163327075,-37.4165210595582
-6.706559794721016,-37.6566054730661
-6.87208956976413,-37.89550029888479
-7.038320341851288,-38.13320460826189
-7.205248487280794,-38.3697174993874
-7.372870359151504,-38.60503809716833
-7.541182288235289,-38.83916555302451
-7.710180583830761,-39.07209904470493
-7.879861534598617,-39.303837776124084
-8.050221409378898,-39.53438097721757
-8.221256457990492,-39.76372790381637
-8.392962912013163,-39.991877837539285
-8.565336985552408,-40.21883008570293
-8.738374875987436,-40.44458398124865
-8.912072764702524,-40.66913888268583
-9.086426817802053,-40.89249417405121
-9.261433186809455,-41.11464926488346
-9.437088009350353,-41.33560359021266
-9.613387409820119,-41.55535661056409
-9.790327500036113,-41.77390781197596
-9.967904379874822,-41.991256706030505
-10.146114137894129,-42.20740282989804
-10.32495285194092,-42.422345746393525
-10.504416589744277,-42.63608504404519
-10.684501409494418,-42.84862033717483
-10.865203360407602,-43.05995126598933
-11.046518483277197,-43.27007749668309
-11.228442811011089,-43.47899872155084
-11.41097236915561,-43.68671465911062
-11.594103176406158,-43.89322505423651
-11.777831245104672,-44.098529678300665
-11.962152581724128,-44.302628329324556
-12.147063187340217,-44.505520832138785
-12.33255905809033,-44.7072070385514
-12.51863618562001,-44.90768682752436
-12.70529055751702,-45.106960105357736
-12.892518157733118,-45.30502680588148
-13.080314966993717,-45.50188689065454
-13.268676963195507,-45.697540349170815
-13.457600121792188,-45.89198719907203
-13.647080416168409,-46.085227486366996
-13.837113818002022,-46.27726128565725
-14.02769629761475,-46.4680887003686
-14.218823824311384,-46.657709862988675
-14.410492366707585,-46.84612493530996
-14.602697893046395,-47.033334108678325
-14.795436371503518,-47.219337604246775
-14.988703770481491,-47.40413567323426
-15.182496058892799,-47.587728597189376
-15.376809206431991,-47.77011668825874
-15.571639183836936,-47.95130028945996
-15.766981963139193,-48.131279774959
-15.962833517903645,-48.31005555035179
-16.159189823457414,-48.48762805295001
-16.3560468571081,-48.66399775207075
-16.553400598351484,-48.83916514933016
-16.751247029068637,-49.01313077894081
-16.949582133712568,-49.18589520801268
-17.148401899484433,-49.35745903685764
-17.347702316499355,-49.52782289929746
-17.547479377941883,-49.696987462975066
-17.74772908021117,-49.86495342966911
-17.948447423055885,-50.031721535611666
-18.14963040969889,-50.19729255180902
-18.35127404695177,-50.36166728436551
-18.553374345319167,-50.52484657481024
-18.755927319093065,-50.686831300426704
-18.958928986436955,-50.84762237458529
-19.162375369459983,-51.00722074707839
-19.366262494281077,-51.16562740445839
-19.57058639108313,-51.32284337037817
-19.775343094157193,-51.47886970593431
-19.980528641936804,-51.63370751001277
-20.18613907702241,-51.78735791963719
-20.39217044619594,-51.9398221103196
-20.59861880042559,-52.091101296413584
-20.805480194860774,-52.24119673146987
-21.01275068881736,-52.39010970859433
-21.220426345753154,-52.53784156080824
-21.42850323323373,-52.684393661410944
-21.636977422888553,-52.829767424344766
-21.845844990357527,-52.973964304562216
-22.05510201522791,-53.116985798395376
-22.264744580961707,-53.25883344392755
-22.474768774813537,-53.39950882136709
-22.685170687739017,-53.539013553423324
-22.895946414293725,-53.677349305684736
-23.10709205252274,-53.81451778699909
-23.318603703840868,-53.9505207498558
-23.530477472903534,-54.08535999077017
-23.742709467468423,-54.219037350669865
-23.955295798247935,-54.35155471528314
-24.16823257875246,-54.482914015529225
-24.381515925124567,-54.61311722791047
-24.59514195596417,-54.742166374906475
-24.80910679214468,-54.87006352537001
-25.023406556620284,-54.99681079492472
-25.238037374224366,-55.12241034636466
-25.45299537145915,-55.2468643900554
-25.66827667627665,-55.370175184336844
-25.88387741785103,-55.492345035927656
-26.099793726342366,-55.61337630033116
-26.316021732652057,-55.73327138224271
-26.5325575681698,-55.852032735958424
-26.749397364512358,-55.969662865785224
-26.966537253254163,-56.08616432645212
-27.18397336564988,-56.20153972352257
-27.40170183234901,-56.31579171380792
-27.619718783102737,-56.4289230057817
-27.838020346463015,-56.540936359994824
-28.056602649474147,-56.65183458949139
-28.275461817356913,-56.76162056022514
-28.49459397318541,-56.870297191476276
-28.713995237556766,-56.97786745626865
-28.933661728253888,-57.08433438178701
-29.15358955990136,-57.18970104979433
-29.37377484361469,-57.29397059704889
-29.594213686643133,-57.39714621572102
-29.81490219200615,-57.49923115380927
-30.035836458123832,-57.600228715555865
-30.25701257844138,-57.70014226186121
-30.478426641047918,-57.79897521069719
-30.70007472828982,-57.89673103751907
-30.921952916378793,-57.99341327567578
-31.144057274994893,-58.08902551681824
-31.366383866884846,-58.18357141130559
-31.58892874745576,-58.27705466860895
-31.811687964364623,-58.369479057712354
-32.03465755710376,-58.46084840751085
-32.257833556582604,-58.55116660720504
-32.481211984706,-58.64043760669204
-32.70478885394942,-58.728665416952424
-32.92856016693129,-58.81585411043274
-33.15252191598287,-58.9020078214233
-33.37667008271588,-58.987130746430815
-33.60100063758839,-59.071227144545546
-33.8255095394691,-59.15430133780243
-34.05019273520055,-59.23635771153594
-34.27504615916157,-59.31740071472796
-34.50006573282933,-59.39743486034863
-34.72524736434137,-59.47646472568919
-34.9505869480581,-59.55449495268678
-35.17608036412607,-59.63153024824047
-35.40172347804252,-59.70757538451801
-35.62751214022156,-59.782635199252816
-35.853442185562535,-59.85671459603069
-36.079509433020924,-59.929818544565634
-36.30570968518229,-60.00195208096418
-36.53203872783977,-60.0731203079778
-36.758492329575525,-60.1433283952426
-36.98506624134672,-60.21258157950574
-37.21175619607651,-60.28088516483812
-37.438557908250516,-60.34824452283242
-37.66546707351941,-60.41466509278609
-37.89247936830794,-60.48015238186838
-38.11959044943125,-60.54471196527107
-38.34679595371872,-60.60834948634183
-38.574091497646094,-60.67107065669978
-38.80147267697638,-60.73288125633251
-39.028935066410156,-60.79378713367371
-39.25647421924574,-60.85379420566083
-39.484085667049925,-60.912908457771984
-39.71176491933985,-60.97113594404134
-39.93950746327654,-61.028482787052326
-40.16730876337079,-61.08495517790774
-40.395164261201934,-61.140559376176284
-40.62306937515015,-61.19530170981448
-40.8510195001429,-61.24918857506337
-41.07901000741607,-61.302226436319245
-41.30703624429054,-61.354421825977575
-41.535093533964584,-61.40578134424944
-41.763177175322944,-61.45631165894969
-41.99128244276306,-61.50601950525605
-42.219404586039005,-61.55491168543855
-42.44753883012389,-61.602995068558364
-42.675680375091176,-61.65027659013551
-42.903824396015565,-61.69676325178458
-43.13196604289405,-61.74246212081783
-43.360100440587615,-61.7873803298149
-43.588222688784306,-61.831525076158705
-43.816327861984014,-61.874903621536454
-44.044411009505765,-61.91752329140548
-44.27246715551775,-61.95939147442317
-44.50049129909092,-62.00051562184041
-44.72847841427632,-62.0409032468578
-44.956423450206984,-62.08056192394445
-45.18432133122455,-62.11949928811852
-45.41216695703122,-62.157723034189125
-45.63995520286742,-62.195240915959225
-45.86768091971555,-62.23206074538894
-46.09533893453031,-62.268190391719045
-46.322924050495715,-62.30363778055417
-46.550431047309445,-62.33841089290545
-46.77785468149451,-62.37251776419242
-47.00518968673876,-62.405966483203784
-47.23243077426227,-62.43876519101699
-47.45957263321301,-62.47092207987644
-47.68660993109075,-62.502445392030275
-47.91353731419957,-62.533343418525604
-48.14034940812894,-62.56362449796233
-48.367040818263426,-62.59329701520545
-48.593606130321206,-62.62236940005622
-48.82003991092123,-62.65085012588204
-49.04633670817907,-62.67874770820551
-49.27249105233139,-62.706070703252905
-49.498497456388854,-62.73282770646231
-49.724350416817394,-62.75902735095202
-49.950044414247515,-62.78467830594941
-50.17557391421156,-62.809789275181025
-50.4009333679085,-62.83436899522437
-50.62611721299601,-62.858426233822044
-50.85111987440937,-62.88196978815904
-51.07593576520694,-62.90500848310378
-51.30055928744157,-62.927551169413924
-51.52498483305748,-62.94960672190777
-51.749206784812216,-62.971184037602136
-51.97321951722289,-62.992292033817904
-52.1970173975362,-63.01293964625414
-52.42059478672155,-63.03313582703207
-52.643946040486455,-63.05288954271
-52.86706551031361,-63.07220977227053
-53.08994754451877,-63.091105505081345
-53.31258648932857,-63.10958573883089
-53.53497668997745,-63.12765947744049
-53.757112491822824,-63.14533572895429
-53.97898824147742,-63.16262350340853
-54.20059828795794,-63.17953181068183
-54.42193698384892,-63.196069658327964
-54.64299868648093,-63.212246049392945
-54.863777759121675,-63.22806998021801
-55.08426857217937,-63.24355043823026
-55.30446550441684,-63.258696399722815
-55.52436294417546,-63.27351682762618
-55.74395529060764,-63.28802066927275
-55.96323695491666,-63.302216854156285
-56.1822023616027,-63.31611429168826
-56.40084594971375,-63.32972186895295
-56.61916217410026,-63.34304844846332
-56.83714550667217,-63.356102865919404
-57.054790437657125,-63.368893927971406
-57.272091476858535,-63.38143040998929
-57.48904315491228,-63.393721053840906
-57.70564002454078,-63.405774565680495
-57.921876661803026,-63.417599613749765
-58.13774766733946,-63.429204826193114
-58.35324766761036,-63.440598788889346
-58.56837131612642,-63.45179004330144
-58.78311329467038,-63.462787084346516
-58.99746831450841,-63.47359835828765
-59.21143111758996,-63.48423226064966
-59.42499647773503,-63.494697134160404
-59.63815920180753,-63.50500126671956
-59.85091413087365,-63.51515288939649
-60.06325614134397,-63.5251601744591
-60.27518014609848,-63.53503123343512
-60.48668109559304,-63.54477411520757
-60.6977539789466,-63.55439680414597
-60.90839382500783,-63.563907218274785
-61.11859570340045,-63.57331320748053
-61.328354725546106,-63.582622551759066
-61.53766604566401,-63.59184295950425
-61.74652486174634,-63.60098206583946
-61.9549264165087,-63.61004743099301
-62.162865998314736,-63.61904653871877
-62.37033894207424,-63.627986794762904
-62.57734063011395,-63.63687552537805
-62.78386649302042,-63.64571997588556
-62.989912010454375,-63.65452730928697
-63.19547271193591,-63.663304604925315
-63.40054417760006,-63.672058857197214
-63.605122038922204,-63.68079697431622
-63.80920197941293,-63.68952577712827
-64.01277973528197,-63.698251997979426
-64.2158510960707,-63.706982279636755
-64.4184119052533,-63.71572317426251
-64.62045806080579,-63.72448114244187
-64.82198551574326,-63.73326255226471
-65.02299027862483,-63.74207367846134
-65.22346841402623,-63.75092070159246
-65.42341604298016,-63.759809707293414
-65.62282934338424,-63.76874668557241
-65.82170455037648,-63.77773753016306
-66.02003795667864,-63.786788037930634
-66.21782591290733,-63.79590390833214
-66.41506482785312,-63.8050907429297
-66.61175116872776,-63.81435404495703
-66.80788146137988,-63.823699218938486
-67.00345229047926,-63.83313157036037
-67.19846029967017,-63.842656305393774
-67.39290219169389,-63.85227853066855
-67.58677472848107,-63.862003253097754
-67.78007473121396,-63.87183537975181
-67.9727990803593,-63.8817797177817
-68.16494471567208,-63.89184097439059
-68.35650863617089,-63.90202375685277
-68.547487900085,-63.91233257257936
-68.73787962477421,-63.922771829229724
-68.92768098662157,-63.933345834867794
-69.11688922089982,-63.94405879816224
-69.30550162161205,-63.954914828629654
-69.49351554130733,-63.965917936919546
-69.68092839087163,-63.9770720351404
-69.86773763929507,-63.988380937225465
-70.0539408134159,-63.999848359337385
-70.23953549764201,-64.01147792031054
-70.42451933365052,-64.02327314212998
-70.60889002006633,-64.03523745044579
-70.79264531212016,-64.04737417512189
-70.97578302128694,-64.05968655081803
-71.15830101490513,-64.07217771760385
-71.34019721577766,-64.08485072160384
-71.52146960175544,-64.09770851567214
-71.7021162053039,-64.11075396009592
-71.88213511305332,-64.12398982332628
-72.06152446533397,-64.13741878273541
-72.24028245569615,-64.15104342539892
-72.41840733041656,-64.16486624890237
-72.59589738799112,-64.17888966217042
-72.77275097861535,-64.19311598631802
-72.94896650365273,-64.20754745552216
-73.1245424150918,-64.22218621791315
-73.29947721499278,-64.23703433648441
-73.47376945492434,-64.25209379001971
-73.64741773539095,-64.26736647403658
-73.82042070525186,-64.28285420174518
-73.99277706113199,-64.29855870502136
-74.16448554682559,-64.31448163539294
-74.33554495269307,-64.33062456503822
-74.50595411505192,-64.34698898779585
-74.67571191556195,-64.36357632018498
-74.8448172806056,-64.38038790243473
-75.01326918066395,-64.39742499952224
-75.18106662968887,-64.41468880221824
-75.34820868447176,-64.43218042813929
-75.51469444400972,-64.44990092280604
-75.6805230488692,-64.4678512607063
-75.8456936805481,-64.4860323463625
-76.01020556083634,-64.50444501540264
-76.17405795117571,-64.5230900356337
-76.33725015201928,-64.54196810811732
-76.49978150219081,-64.56107986824652
-76.66165137824463,-64.58042588682308
-76.82285919382626,-64.60000667113471
-76.98340439903441,-64.61982266603171
-77.1432864797844,-64.63987425500198
-77.30250495717362,-64.66016176124435
-77.4610593868493,-64.68068544873915
-77.61894935837871,-64.7014455233159
-77.77617449462257,-64.72244213371727
-77.93273445111139,-64.74367537265904
-78.08862891542547,-64.76514527788535
-78.24385760657871,-64.78685183321902
-78.39842027440626,-64.80879496960625
-78.55231669895667,-64.8309745661556
-78.70554668988832,-64.85339045117038
-78.85811008587079,-64.87604240317462
-79.01000675399095,-64.89893015193186
-79.1612365891643,-64.92205337945651
-79.31179951355156,-64.94541172101759
-79.46169547598075,-64.96900476613436
-79.61092445137484,-64.99283205956375
-79.75948644018526,-65.01689310227914
-79.9073814678312,-65.04118735244026
-80.05460958414507,-65.06571422635423
-80.20117086282406,-65.0904730994271
-80.34706540088787,-65.11546330710601
-80.49229331814297,-65.1406841458117
-80.63685475665315,-65.16613487386117
-80.7807498802166,-65.19181471238025
-80.92397887384975,-65.2177228462062
-81.06654194327746,-65.24385842477982
-81.2084393144302,-65.27022056302734
-81.34967123294781,-65.29680834223171
-81.49023796369016,-65.32362081089336
-81.63013979025446,-65.35065698558022
-81.76937701449961,-65.37791585176697
-81.90794995607729,-65.40539636466367
-82.04585895196996,-65.43309745003326
-82.18310435603576,-65.46101800499831
-82.31968653856023,-65.48915689883688
-82.45560588581496,-65.51751297376734
-82.59086279962307,-65.54608504572221
-82.72545769693156,-65.57487190511115
-82.85939100939049,-65.60387231757285
-82.99266318293895,-65.63308502471608
-83.12527467739775,-65.66250874484972
-83.25722596606899,-65.69214217370194
-83.38851753534216,-65.72198398512847
-83.51914988430707,-65.75203283181001
-83.64912352437327,-65.78228734593894
-83.77843897889608,-65.81274613989514
-83.90709678280919,-65.8434078069113
-84.03509748226365,-65.87427092172742
-84.16244163427336,-65.90533404123484
-84.28912980636683,-65.93659570510982
-84.41516257624525,-65.96805443643663
-84.54054053144687,-65.99970874232021
-84.66526426901744,-66.03155711448882
-84.78933439518681,-66.06359802988628
-84.91275152505162,-66.09582995125417
-85.03551628226377,-66.12825132770415
-85.15762929872498,-66.16086059528025
-85.2790912142871,-66.19365617751139
-85.39990267645813,-66.22663648595412
-85.52006434011392,-66.25979992072595
-85.63957686721557,-66.293144871029
-85.7584409265322,-66.32666971566418
-85.8766571933693,-66.36037282353637
-85.99422634930237,-66.39425255415007
-86.11114908191585,-66.42830725809623
-86.22742608454735,-66.46253527752991
-86.3430580560369,-66.49693494663927
-86.45804570048138,-66.53150459210566
-86.57238972699378,-66.56624253355515
-86.68609084946753,-66.60114708400151
-86.79914978634552,-66.6362165502808
-86.91156726039394,-66.67144923347769
-87.02334399848073,-66.70684342934351
-87.13448073135868,-66.74239742870633
-87.24497819345301,-66.77810951787302
-87.35483712265336,-66.81397797902358
-87.46405826011018,-66.85000109059756
-87.57264235003537,-66.88617712767307
-87.68059013950715,-66.92250436233815
-87.78790237827901,-66.95898106405485
-87.89457981859279,-66.99560550001604
-88.00062321499564,-67.0323759354949
-88.10603332416102,-67.06929063418767
-88.21081090471337,-67.10634785854911
-88.31495671705665,-67.14354587012151
-88.41847152320656,-67.18088292985665
-88.5213560866264,-67.21835729843133
-88.62361117206628,-67.25596723655643
-88.72523754540613,-67.2937110052795
-88.8262359735019,-67.33158686628109
-88.92660722403508,-67.36959308216487
-89.02635206536567,-67.40772791674182
-89.12547126638825,-67.44598963530827
-89.22396559639108,-67.48437650491813
-89.32183582491857,-67.5228867946495
-89.41908272163647,-67.56151877586535
-89.51570705620021,-67.6002707224689
-89.61170959812601,-67.63914091115332
-89.70709111666493,-67.67812762164621
-89.80185238067953,-67.71722913694873
-89.89599415852352,-67.75644374356958
-89.9895172179237,-67.7957697317539
-90.08242232586484,-67.83520539570706
-90.17471024847686,-67.8747490338138
-90.26638175092458,-67.91439894885231
-90.35743759730002,-67.95415344820367
-90.44787855051686,-67.99401084405672
-90.53770537220734,-68.0339694536083
-90.6269188226215,-68.074027599259
-90.71551966052853,-68.11418360880465
-90.80350864312032,-68.15443581562343
-90.89088652591722,-68.19478255885868
-90.97765406267575,-68.23522218359774
-91.06381200529847,-68.27575304104666
-91.14936110374569,-68.31637348870085
-91.23430210594928,-68.35708189051196
-91.3186357577283,-68.39787661705083
-91.40236280270639,-68.43875604566672
-91.48548398223119,-68.47971856064287
-91.56800003529527,-68.5207625533484
-91.64991169845906,-68.56188642238679
-91.73121970577517,-68.60308857374068
-91.81192478871466,-68.64436742091347
-91.89202767609466,-68.68572138506747
-91.9715290940077,-68.72714889515883
-92.05042976575263,-68.76864838806927
-92.12873041176682,-68.81021830873455
-92.20643174956008,-68.85185711027006
-92.28353449364985,-68.89356325409324
-92.36003935549776,-68.93533521004305
-92.43594704344775,-68.97717145649669
-92.51125826266527,-69.01907048048322
-92.58597371507793,-69.06103077779468
-92.66009409931739,-69.10305085309426
-92.73362011066249,-69.14512922002193
-92.80655244098355,-69.18726440129741
-92.87889177868786,-69.22945492882054
-92.95063880866641,-69.27169934376923
-93.02179421224155,-69.31399619669479
-93.09235866711592,-69.35634404761505
-93.16233284732245,-69.39874146610497
-93.23171742317518,-69.44118703138496
-93.30051306122145,-69.483679332407
-93.36872042419478,-69.52621696793844
-93.43634017096879,-69.56879854664373
-93.50337295651228,-69.61142268716395
-93.56981943184489,-69.65408801819423
-93.63568024399393,-69.69679317855923
-93.70095603595198,-69.73953681728649
-93.76564744663531,-69.78231759367797
-93.82975511084331,-69.82513417737947
-93.89327965921848,-69.86798524844838
-93.95622171820746,-69.91086949741944
-94.01858191002266,-69.95378562536878
-94.08036085260484,-69.9967323439761
-94.1415591595862,-70.03970837558526
-94.20217744025435,-70.08271245326301
-94.26221629951701,-70.12574332085622
-94.32167633786727,-70.16879973304734
-94.3805581513497,-70.21188045540835
-94.43886233152689,-70.2549842644532
-94.49658946544683,-70.29810994768856
-94.5537401356109,-70.34125630366324
-94.61031491994233,-70.38442214201605
-94.66631439175542,-70.42760628352218
-94.72173911972526,-70.47080756013841
-94.77658966785806,-70.51402481504658
-94.83086659546206,-70.55725690269607
-94.88457045711881,-70.60050268884461
-94.93770180265535,-70.64376105059817
-94.9902611771165,-70.68703087644927
-95.04224912073795,-70.73031106631416
-95.09366616891974,-70.7736005315688
-95.14451285220024,-70.81689819508364
-95.19478969623061,-70.86020299125724
-95.24449722174978,-70.90351386604861
-95.29363594455975,-70.94682977700869
-95.34220637550152,-70.99014969331041
-95.39020902043134,-71.03347259577797
-95.43764438019744,-71.07679747691479
-95.48451295061714,-71.12012334093066
-95.53081522245445,-71.16344920376771
-95.57655168139799,-71.2067740931254
-95.62172280803938,-71.25009704848462
-95.66632907785198,-71.2934171211307
-95.71037096117004,-71.33673337417561
-95.75384892316818,-71.38004488257911
-95.79676342384134,-71.42335073316906
-95.83911491798494,-71.46665002466084
-95.8809038551756,-71.50994186767582
-95.922130679752,-71.55322538475912
-95.96279583079622,-71.59649971039629
-96.00289974211545,-71.63976399102943
-96.04244284222385,-71.68301738507225
-96.08142555432498,-71.72625906292453
-96.11984829629444,-71.76948820698559
-96.15771148066268,-71.8127040116672
-96.19501551459852,-71.85590568340551
-96.23176079989256,-71.89909244067239
-96.26794773294112,-71.942263513986
-96.30357670473055,-71.98541814592053
-96.3386481008216,-72.02855559111538
-96.37316230133432,-72.07167511628343
-96.40711968093316,-72.11477600021892
-96.44052060881235,-72.15785753380426
-96.47336544868159,-72.20091902001653
-96.50565455875204,-72.243959773933
-96.53738829172258,-72.28697912273626
-96.56856699476637,-72.32997640571848
-96.59919100951765,-72.37295097428522
-96.62926067205888,-72.41590219195838
-96.65877631290813,-72.4588294343788
-96.68773825700673,-72.50173208930792
-96.71614682370715,-72.54460955662917
-96.74400232676138,-72.58746124834845
-96.77130507430925,-72.6302865885942
-96.79805536886728,-72.67308501361678
-96.82425350731766,-72.71585597178733
-96.84989978089764,-72.75859892359597
-96.87499447518906,-72.8013133416494
-96.89953787010812,-72.84399871066815
-96.92353023989567,-72.88665452748283
-96.9469718531075,-72.92928030103032
-96.96986297260499,-72.97187555234892
-96.99220385554611,-73.01443981457328
-97.01399475337664,-73.05697263292862
-97.0352359118216,-73.09947356472436
-97.05592757087706,-73.14194217934728
-97.07606996480217,-73.1843780582541
-97.09566332211153,-73.22678079496346
-97.11470786556772,-73.26914999504741
-97.13320381217423,-73.3114852761223
-97.15115137316863,-73.35378626783913
-97.16855075401601,-73.39605261187339
-97.18540215440277,-73.43828396191422
-97.20170576823055,-73.48047998365325
-97.21746178361072,-73.52264035477262
-97.23267038285886,-73.56476476493259
-97.24733174248973,-73.60685291575858
-97.26144603321258,-73.64890452082768
-97.27501341992651,-73.6909193056545
-97.28803406171646,-73.7328970076765
-97.30050811184928,-73.77483737623882
-97.31243571777024,-73.81674017257848
-97.32381702109977,-73.85860516980794
-97.33465215763059,-73.90043215289828
-97.34494125732512,-73.94222091866149
-97.35468444431329,-73.98397127573253
-97.36388183689063,-74.02568304455056
-97.37253354751664,-74.06735605733957
-97.38063968281367,-74.10899015808856
-97.38820034356597,-74.150585202531
-97.39521562471924,-74.1921410581237
-97.40168561538046,-74.23365760402498
-97.40761039881806,-74.27513473107248
-97.41299005246262,-74.31657234175995
-97.41782464790765,-74.35797035021373
-97.42211425091114,-74.39932868216836
-97.4258589213971,-74.44064727494167
-97.42905871345782,-74.48192607740911
-97.43171367535638,-74.5231650499775
-97.43382384952947,-74.56436416455797
-97.43538927259094,-74.60552340453832
-97.43640997533535,-74.64664276475465
-97.43688598274238,-74.68772225146218
-97.43681731398131,-74.72876188230545
-97.43620398241617,-74.76976168628784
-97.43504599561128,-74.8107217037401
-97.4333433553372,-74.85164198628841
-97.43109605757724,-74.89252259682146
-97.4283040925343,-74.93336360945685
-97.42496744463845,-74.97416510950661
-97.4210860925547,-75.01492719344208
-97.41666000919146,-75.05564996885772
-97.41168916170945,-75.0963335544343
-97.4061735115312,-75.13697807990107
-97.40011301435096,-75.17758368599723
-97.39350762014527,-75.21815052443239
-97.38635727318398,-75.25867875784614
-97.37866191204188,-75.29916855976677
-97.37042146961092,-75.33962011456909
-97.36163587311297,-75.3800336174311
-97.3523050441132,-75.42040927428997
-97.342428898534,-75.46074730179684
-97.33200734666966,-75.50104792727075
-97.32104029320149,-75.54131138865141
-97.3095276372137,-75.58153793445106
-97.29746927220992,-75.62172782370526
-97.28486508613031,-75.6618813259225
-97.27171496136947,-75.70199872103284
-97.25801877479485,-75.74208029933543
-97.24377639776604,-75.78212636144471
-97.22898769615477,-75.82213721823574
-97.21365253036541,-75.8621131907881
-97.19777075535647,-75.9020546103287
-97.18134222066283,-75.94196181817344
-97.16436677041844,-75.98183516566738
-97.1468442433803,-76.02167501412394
-97.12877447295273,-76.06148173476257
-97.11015728721287,-76.1012557086452
-97.0909925089367,-76.1409973266114
-97.07127995562611,-76.18070698921197
-97.05101943953674,-76.22038510664139
-97.0302107677067,-76.26003209866865
-97.00885374198617,-76.2996483945667
-96.98694815906799,-76.33923443304052
-96.96449381051906,-76.3787906621534
-96.94149048281278,-76.41831753925209
-96.91793795736243,-76.45781553088999
-96.89383601055546,-76.49728511274905
-96.86918441378891,-76.53672676955989
-96.8439829335057,-76.57614099502028
-96.81823133123204,-76.61552829171204
-96.79192936361592,-76.65488917101604
-96.76507678246661,-76.69422415302569
-96.73767333479525,-76.7335337664584
-96.70971876285661,-76.77281854856548
-96.68121280419196,-76.81207904504002
-96.65215519167306,-76.85131580992291
-96.62254565354739,-76.89052940550702
-96.5923839134845,-76.92972040223945
-96.5616696906236,-76.96888937862165
-96.53040269962251,-77.00803692110769
-96.49858265070766,-77.04716362400036
-96.46620924972551,-77.08627008934529
-96.43328219819529,-77.12535692682285
-96.39980119336296,-77.16442475363786
-96.36576592825668,-77.20347419440726
-96.33117609174346,-77.24250588104536
-96.29603136858744,-77.28152045264689
-96.26033143950934,-77.32051855536776
-96.22407598124762,-77.35950084230336
-96.18726466662089,-77.3984679733646
-96.14989716459198,-77.4374206151514
-96.1119731403334,-77.47635944082367
-96.07349225529451,-77.51528512996998
-96.03445416727006,-77.55419836847334
-95.99485853047057,-77.59309984837465
-95.95470499559408,-77.63199026773339
-95.9139932098998,-77.67087033048558
-95.87272281728329,-77.70974074629906
-95.83089345835332,-77.74860223042599
-95.78850477051063,-77.78745550355245
-95.74555638802832,-77.82630129164528
-95.70204794213403,-77.86514032579595
-95.65797906109401,-77.90397334206138
-95.613349370299,-77.94280108130194
-95.56815849235197,-77.98162428901627
-95.52240604715774,-78.02044371517299
-95.4760916520147,-78.05926011403932
-95.42921492170821,-78.0980742440065
-95.38177546860621,-78.13688686741197
-95.3337729027568,-78.17569875035821
-95.28520683198781,-78.21451066252835
-95.23607686200849,-78.25332337699831
-95.1863825965133,-78.29213767004552
-95.13612363728788,-78.3309543209542
-95.08529958431708,-78.3697741118172
-95.03391003589527,-78.40859782733399
-94.98195458873889,-78.4474262546054
-94.9294328381011,-78.48626018292441
-94.876344377889,-78.52510040356331
-94.82268880078281,-78.56394770955725
-94.76846569835769,-78.60280289548368
-94.71367466120775,-78.64166675723823
-94.65831527907257,-78.68054009180655
-94.602387140966,-78.71942369703218
-94.54588983530766,-78.75831837138051
-94.48882295005664,-78.79722491369863
-94.43118607284794,-78.83614412297115
-94.37297879113127,-78.87507679807185
-94.31420069231265,-78.91402373751116
-94.25485136389833,-78.95298573917951
-94.19493039364156,-78.99196360008625
-94.13443736969182,-79.03095811609444
-94.07337188074698,-79.06997008165114
-94.01173351620781,-79.10900028951347
-93.94952186633557,-79.14804953047019
-93.8867365224121,-79.18711859305864
-93.82337707690274,-79.22620826327756
-93.75944312362222,-79.2653193242949
-93.69493425790307,-79.3044525561515
-93.62985007676708,-79.34360873545984
-93.5641901790996,-79.3827886350983
-93.49795416582666,-79.42199302390064
-93.43114164009498,-79.46122266634096
-93.36375220745501,-79.50047832221367
-93.29578547604677,-79.5397607463089
-93.22724105678874,-79.57907068808302
-93.15811856356967,-79.61840889132435
-93.08841761344333,-79.65777609381409
-93.01813782682638,-79.6971730269823
-92.9472788276991,-79.73660041555908
-92.87584024380925,-79.77605897722083
-92.80382170687886,-79.81554942223161
-92.73122285281413,-79.85507245307956
-92.65804332191826,-79.89462876410836
-92.58428275910747,-79.93421904114389
-92.5099408141299,-79.97384396111578
-92.4350171417877,-80.01350419167413
-92.35951140216198,-80.05320039080122
-92.28342326084102,-80.09293320641834
-92.20675238915133,-80.13270327598768
-92.12949846439179,-80.17251122610921
-92.05166117007084,-80.21235767211284
-91.97324019614663,-80.25224321764551
-91.8942352392702,-80.29216845425347
-91.8146460030316,-80.33213396095978
-91.7344721982089,-80.37214030383689
-91.65371354302034,-80.41218803557453
-91.57236976337917,-80.4522776950428
-91.49044059315146,-80.4924098068505
-91.40792577441677,-80.53258488089898
-91.32482505773163,-80.5728034119311
-91.2411382023959,-80.61306587907592
-91.15686497672166,-80.65337274538862
-91.07200515830499,-80.69372445738618
-90.98655853430043,-80.73412144457856
-90.90052490169789,-80.77456411899566
-90.81390406760232,-80.81505287470993
-90.72669584951576,-80.85558808735509
-90.6389000756219,-80.89617011364038
-90.55051658507305,-80.93679929086133
-90.46154522827935,-80.97747593640631
-90.3719858672004,-81.01820034725941
-90.28183837563893,-81.05897279949983
-90.19110263953665,-81.09979354779747
-90.09977855727217,-81.14066282490536
-90.0078660399608,-81.18158084114866
-89.91536501175625,-81.22254778391056
-89.82227541015409,-81.26356381711516
-89.72859718629695,-81.30462908070753
-89.63433030528118,-81.34574369013103
-89.53947474646509,-81.38690773580211
-89.44403050377848,-81.4281212825827
-89.34799758603347,-81.46938436925042
-89.25137601723647,-81.51069700796683
-89.15416583690107,-81.55205918374372
-89.05636710036198,-81.59347085390787
-88.95797987908955,-81.6349319475643
-88.85900426100504,-81.67644236505832
-88.7594403507963,-81.71800197743667
-88.65928827023383,-81.7596106259076
-88.558548158487,-81.80126812130072
-88.45722017244029,-81.84297424352626
-88.3553044870095,-81.88472874103438
-88.25280129545756,-81.92653133027464
-88.14971080970994,-81.96838169515586
-88.04603326066945,-82.0102794865067
-87.94176889853024,-82.05222432153718
-87.8369179930908,-82.09421578330148
-87.73148083406578,-82.1362534201622
-87.6254577313966,-82.17833674525652
-87.51884901556029,-82.22046523596441
-87.41165503787683,-82.26263833337933
-87.30387617081433,-82.30485544178154
-87.19551280829225,-82.34711592811466
-87.08656536598215,-82.38941912146534
-86.97703428160597,-82.43176431254692
-86.86692001523143,-82.47415075318686
-86.75622304956455,-82.51657765581876
-86.64494389023884,-82.55904419297903
-86.5330830661011,-82.60154949680847
-86.42064112949356,-82.64409265855966
-86.3076186565321,-82.68667272810971
-86.19401624738035,-82.72928871347952
-86.07983452651935,-82.77193958035929
-85.96507414301273,-82.81462425164112
-85.84973577076696,-82.85734160695881
-85.73382010878643,-82.90009048223529
-85.61732788142342,-82.94286966923805
-85.50025983862226,-82.98567791514311
-85.38261675615779,-83.0285139221077
-85.2643994358678,-83.0713763468521
-85.145608705879,-83.11426380025108
-85.02624542082657,-83.15717484693533
-84.9063104620669,-83.20010800490331
-84.78580473788315,-83.2430617451436
-84.6647291836837,-83.28603449126861
-84.54308476219293,-83.32902461915971
-84.42087246363427,-83.3720304566243
-84.29809330590525,-83.41505028306506
-84.17474833474431,-83.458082329162
-84.05083862388902,-83.50112477656742
-83.92636527522573,-83.54417575761435
-83.80132941893018,-83.58723335503878
-83.67573221359895,-83.6302956017159
-83.5495748463715,-83.6733604804111
-83.4228585330427,-83.71642592354551
-83.29558451816546,-83.75948981297695
-83.16775407514328,-83.80254997979627
-83.03936850631277,-83.84560420413975
-82.91042914301555,-83.88865021501745
-82.78093734565965,-83.93168569015816
-82.6508945037701,-83.97470825587123
-82.52030203602861,-84.01771548692535
-82.38916139030202,-84.06070490644477
-82.25747404365964,-84.10367398582319
-82.12524150237894,-84.14662014465549
-81.9924653019399,-84.18954075068764
-81.85914700700746,-84.23243311978507
-81.72528821140232,-84.27529451591948
-81.59089053805964,-84.31812215117462
-81.45595563897585,-84.36091318577094
-81.32048519514323,-84.40366472810955
-81.18448091647241,-84.44637383483544
-81.04794454170234,-84.48903751092016
-80.91087783829823,-84.53165270976417
-80.77328260233696,-84.57421633331896
-80.63516065837997,-84.61672523222882
-80.49651385933399,-84.65917620599271
-80.357344086299,-84.70156600314596
-80.21765324840398,-84.743891321462
-80.07744328263014,-84.78614880817416
-79.93671615362177,-84.82833506021738
-79.7954738534847,-84.87044662449007
-79.65371840157242,-84.91247999813584
-79.51145184426011,-84.95443162884519
-79.36867625470633,-84.99629791517707
-79.22539373260281,-85.03807520690013
-79.08160640391212,-85.07975980535375
-78.93731642059367,-85.12134796382834
-78.7925259603179,-85.16283588796524
-78.64723722616895,-85.20421973617569
-78.50145244633597,-85.24549562007877
-78.3551738737932,-85.28665960495817
-78.20840378596903,-85.32770771023755
-78.06114448440412,-85.36863590997402
-77.91339829439922,-85.40944013336991
-77.7651675646522,-85.45011626530207
-77.61645466688528,-85.49066014686868
-77.46726199546211,-85.53106757595317
-77.31759196699548,-85.57133430780499
-77.16744701994536,-85.61145605563652
-77.01682961420816,-85.6514284912364
-76.86574223069702,-85.69124724559813
-76.71418737091376,-85.73090790956415
-76.56216755651258,-85.77040603448452
-76.40968532885596,-85.8097371328902
-76.2567432485632,-85.84889667918
-76.10334389505157,-85.88788011032102
-75.94948986607095,-85.92668282656224
-75.79518377723183,-85.96530019216024
-75.64042826152736,-86.0037275361172
-75.4852259688497,-86.04196015293005
-75.32957956550106,-86.07999330335078
-75.17349173369989,-86.11782221515693
-75.01696517108243,-86.15544208393203
-74.8600025902003,-86.19284807385522
-74.70260671801428,-86.23003531849965
-74.54478029538478,-86.26699892163899
-74.38652607655953,-86.30373395806153
-74.22784682865863,-86.34023547439125
-74.06874533115764,-86.37649848991528
-73.90922437536899,-86.41251799741727
-73.74928676392217,-86.44828896401586
-73.58893531024306,-86.48380633200797
-73.42817283803292,-86.51906501971601
-73.26700218074738,-86.55405992233857
-73.10542618107581,-86.58878591280408
-72.94344769042159,-86.6232378426267
-72.78106956838363,-86.65741054276388
-72.61829468223951,-86.69129882447525
-72.45512590643072,-86.72489748018171
-72.29156612205034,-86.75820128432488
-72.12761821633357,-86.79120499422574
-71.9632850821515,-86.82390335094215
-71.79856961750856,-86.85629108012482
-71.63347472504387,-86.8883628928709
-71.46800331153703,-86.92011348657479
-71.30215828741868,-86.95153754577582
-71.13594256628596,-86.98262974300194
-70.96935906442373,-87.01338473960914
-70.80241070033118,-87.0437971866162
-70.63510039425489,-87.07386172553393
-70.46743106772807,-87.10357298918875
-70.29940564311667,-87.13292560254013
-70.13102704317245,-87.16191418349119
-69.96229819059346,-87.19053334369235
-69.79322200759202,-87.21877768933734
-69.62380141547074,-87.24664182195144
-69.4540393342065,-87.27412033917123
-69.28393868204297,-87.30120783551581
-69.11350237509168,-87.3278989031489
-68.94273332694203,-87.35418813263155
-68.77163444828025,-87.38007011366518
-68.60020864651774,-87.40553943582451
-68.4284588254289,-87.43059068928031
-68.25638788479854,-87.45521846551132
-68.08399872007914,-87.47941735800556
-67.91129422205815,-87.50318196295028
-67.73827727653533,-87.52650687991071
-67.56495076401046,-87.54938671249718
-67.39131755938136,-87.57181606902046
-67.2173805316525,-87.5937895631352
-67.0431425436541,-87.61530181447117
-66.86860645177205,-87.63634744925226
-66.69377510568853,-87.65692110090305
-66.51865134813349,-87.67701741064288
-66.34323801464704,-87.6966310280672
-66.16753793335283,-87.71575661171624
-65.9915539247423,-87.73438882963087
-65.81528880147009,-87.75252235989548
-65.63874536816027,-87.77015189116815
-65.4619264212239,-87.78727212319758
-65.28483474868725,-87.80387776732728
-65.10747313003135,-87.81996354698661
-64.92984433604238,-87.83552419816901
-64.75195112867296,-87.85055446989702
-64.57379626091446,-87.8650491246746
-64.39538247668023,-87.87900293892648
-64.21671251069938,-87.89241070342462
-64.03778908842162,-87.90526722370204
-63.85861492593251,-87.91756732045377
-63.67919272987947,-87.9293058299254
-63.49952519740818,-87.940477604289
-63.319615016109445,-87.95107751200666
-63.139464863976286,-87.96110043818182
-62.95907740937136,-87.97054128489835
-62.7784553110043,-87.97939497154769
-62.597601217919156,-87.98765643514409
-62.416517769491534,-87.99532063062814
-62.23520759543559,-88.00238253115866
-62.053673315820454,-88.00883712839328
-61.871917541096195,-88.01467943275775
-61.689942872129,-88.01990447370414
-61.50775190024555,-88.0245072999583
-61.325347207286306,-88.02848297975652
-61.14273136566771,-88.03182660107167
-60.95990693845305,-88.03453327182916
-60.776876479431785,-88.03659812011276
-60.59364253320728,-88.03801629436043
-60.41020763529266,-88.03878296355064
-60.22657431221479,-88.03889331737906
-60.042745081625995,-88.03834256642607
-59.8587224524235,-88.03712594231526
-59.6745089248764,-88.03523869786295
-59.490106990759884,-88.03267610721936
-59.30551913349669,-88.02943346600111
-59.12074782830551,-88.02550609141576
-58.935795542356146,-88.02088932237834
-58.7506647349314,-88.01557851962014
-58.56535785759527,-88.00956906579003
-58.37987735436752,-88.00285636554857
-58.194225661904326,-87.9954358456549
-58.00840520968475,-87.98730295504699
-57.822418420203086,-87.9784531649152
-57.636267709166624,-87.9688819687694
-57.44995548569892,-87.95858488250008
-57.26348415254821,-87.94755744443329
-57.076856106300845,-87.93579521538008
-56.89007373759966,-87.92329377868022
-56.70313943136695,-87.91004874024074
-56.51605556703206,-87.89605572856928
-56.328824518763234,-87.88131039480265
-56.14144865570372,-87.86580841273059
-55.95393034221187,-87.84954547881507
-55.766271938105106,-87.8325173122054
-55.57847579890756,-87.81471965474903
-55.3905442761013,-87.79614827099873
-55.20247971738087,-87.77679894821577
-55.01428446691107,-87.7566674963698
-54.825960865587874,-87.73574974813523
-54.63751125130216,-87.71404155888453
-54.44893795920625,-87.6915388066785
-54.2602433219831,-87.66823739225367
-54.0714296701179,-87.64413323900726
-53.88249933217208,-87.61922229297932
-53.69345463505942,-87.59350052283277
-53.50429790432424,-87.56696391983127
-53.31503146442158,-87.53960849781492
-53.125657638999016,-87.51143029317427
-52.93617875118024,-87.48242536482239
-52.74659712385014,-87.45258979416553
-52.55691507994119,-87.4219196850723
-52.36713494272122,-87.39041116384136
-52.17725903608224,-87.35806037916824
-51.98728968483035,-87.32486350211069
-51.797229214976504,-87.29081672605344
-51.60707995402809,-87.25591626667186
-51.416844231281196,-87.22015836189513
-51.226524378113446,-87.18353927186855
-51.03612272827722,-87.14605527891553
-50.84564161819336,-87.10770268749904
-50.65508338724496,-87.06847782418289
-50.464450378071454,-87.02837703759262
-50.273744936862634,-86.9873966983763
-50.08296941365267,-86.94553319916538
-49.89212616261397,-86.90278295453543
-49.7012175423508,-86.85914240096696
-49.5102459161925,-86.81460799680667
-49.319213652486454,-86.76917622222854
-49.1281231248903,-86.72284357919554
-48.93697671266375,-86.67560659142161
-48.74577680095962,-86.62746180433398
-48.55452578111411,-86.5784057850361
-48.36322605093628,-86.52843512227095
-48.17188001499651,-86.47754642638506
-47.9804900849141,-86.42573632929307
-47.789058679643645,-86.37300148444287
-47.59758822576036,-86.3193385667816
-47.406081157744126,-86.2647442727222
-47.214539918262304,-86.20921532011087
-47.02296695845112,-86.15274844819514
-46.831364738195674,-86.09534041759282
-46.63973572640844,-86.03698801026181
-46.44808240130618,-85.97768802947064
-46.25640725068529,-85.91743729976997
-46.06471277219543,-85.85623266696484
-45.87300147361139,-85.79407099808786
-45.68127587310324,-85.73094918137325
-45.4895384995045,-85.66686412623174
-45.2977918925785,-85.60181276322636
-45.10603860328271,-85.53579204404907
-44.914281194031076,-85.46879894149829
-44.72252223895425,-85.40083044945722
-44.53076432415769,-85.33188358287309
-44.33901004797765,-85.26195537773722
-44.14726202123483,-85.19104289106578
-43.95552286748583,-85.11914320088148
-43.76379522327223,-85.04625340619599
-43.57208173836736,-84.97237062699307
-43.3803850760205,-84.89749200421247
-43.18870791319887,-84.82161469973454
-42.99705294082681,-84.7447358963654
-42.80542286402268,-84.66685279782294
-42.613820402332955,-84.58796262872319
-42.422248289963804,-84.50806263456748
-42.23070927600995,-84.42715008172995
-42.039206124680824,-84.34522225744561
-41.847741615523944,-84.26227646979898
-41.65631854364548,-84.17831004771286
-41.464939719928054,-84.09332034093771
-41.27360797124557,-84.00730472004128
-41.082326140675185,-83.92026057639836
-40.891097087706356,-83.83218532218103
-40.69992368844684,-83.74307639034876
-40.5088088358257,-83.65293123463887
-40.31775543979329,-83.56174732955695
-40.12676642751809,-83.46952217036724
-39.93584474358047,-83.37625327308311
-39.74499335016326,-83.28193817445724
-39.55421522723916,-83.18657443197178
-39.363513372754895,-83.09015962382817
-39.172890802812134,-82.99269134893686
-38.98235055184515,-82.89416722690636
-38.7918956727951,-82.79458489803224
-38.60152923728101,-82.69394202328537
-38.41125433576734,-82.59223628429972
-38.22107407772821,-82.4894653833596
-38.0309915918081,-82.38562704338614
-37.84101002597913,-82.28071900792303
-37.65113254769486,-82.17473904112148
-37.46136234404051,-82.06768492772436
-37.27170262187971,-81.95955447304917
-37.08215660799758,-81.85034550297021
-36.89272754924027,-81.74005586389961
-36.7034187126508,-81.62868342276703
-36.51423338560135,-81.5162260669983
-36.325174875921725,-81.40268170449275
-36.136246512024194,-81.28804826359897
-35.947451643024586,-81.1723236930893
-35.75879363885958,-81.05550596213267
-35.57027589040025,-80.93759306026597
-35.38190180956175,-80.81858299736349
-35.193674829409204,-80.69847380360491
-35.00559840425971,-80.57726352944118
-34.81767600978046,-80.45495024555868
-34.62991114308296,-80.33153204284133
-34.442307322813264,-80.20700703233065
-34.254868089238336,-80.08137334518365
-34.06759700432839,-79.95462913262855
-33.880497651835206,-79.82677256591832
-33.69357363736645,-79.69780183628158
-33.50682858845594,-79.56771515487146
-33.32026615462985,-79.43651075271158
-33.13389000746883,-79.30418688063975
-32.94770384066597,-79.1707418092488
-32.76171137008074,-79.03617382882487
-32.575916333788605,-78.90048124928275
-32.39032249212666,-78.76366240009848
-32.204933627734945,-78.62571563023893
-32.019753545593595,-78.4866393080884
-31.834786073055735,-78.34643182137215
-31.65003505987617,-78.20509157707681
-31.46550437823573,-78.06261700136751
-31.28119792276141,-77.91900653950184
-31.097119610542126,-77.77425865574024
-30.913273381140208,-77.62837183325334
-30.729663196598487,-77.48134457402547
-30.54629304144308,-77.33317539875485
-30.363166922681724,-77.18386284675007
-30.18028886979779,-77.03340547582302
-29.99766293473979,-76.88180186217792
-29.81529319190653,-76.72905060029687
-29.633183738127748,-76.57515030282117
-29.4513386926403,-76.42009960042915
-29.269762197059883,-76.26389714170978
-29.08845841534821,-76.1065415930324
-28.907431533775664,-75.94803163841247
-28.726685760879437,-75.78836597937304
-28.54622532741709,-75.6275433348023
-28.366054486315527,-75.46556244080678
-28.18617751261538,-75.30242205056044
-28.00659870341078,-75.13812093414946
-27.827322377784487,-74.97265787841272
-27.64835287673837,-74.80603168677793
-27.46969456311923,-74.63824117909346
-27.29135182153989,-74.46928519145567
-27.11332905829563,-74.29916257603196
-26.935630701275844,-74.1278722008792
-26.75826119987097,-73.95541294975776
-26.58122502487465,-73.7817837219411
-26.404526668381084,-73.60698343202077
-26.228170643677565,-73.43101100970689
-26.052161485132196,-73.25386539962417
-25.87650374807673,-73.07554556110328
-25.701202008684522,-72.89605046796771
-25.526260863843582,-72.71537910831613
-25.351684931024685,-72.53353048430019
-25.177478848144506,-72.35050361189764
-25.00364727342379,-72.16629752068116
-24.830194885240473,-71.98091125358248
-24.657126381977765,-71.79434386665208
-24.484446481867163,-71.60659442881443
-24.312159922826307,-71.41766202161875
-24.140271462291746,-71.22754573898534
-23.968785877046457,-71.03624468694758
-23.79770796304219,-70.84375798338955
-23.6270425352165,-70.65008475777937
-23.456794427304537,-70.45522415089833
-23.286968491645407,-70.25917531456571
-23.11756959898322,-70.0619374113597
-22.94860263826263,-69.86350961433398
-22.780072516418937,-69.66389110673057
-22.611984158162567,-69.46308108168864
-22.44434250575805,-69.26107874194952
-22.277152518797255,-69.05788329955797
-22.110419173966935,-68.85349397555989
-21.944147464810488,-68.64790999969637
-21.77834240148386,-68.44113061009452
-21.613009010505518,-68.23315505295479
-21.448152334500406,-68.02398258223528
-21.283777431937857,-67.81361245933299
-21.119889376863306,-67.60204395276209
-20.95649325862377,-67.3892763378296
-20.79359418158697,-67.17530889630831
-20.631197264854013,-66.96014091610749
-20.46930764196556,-66.7437716909412
-20.307930460601284,-66.52620051999462
-20.14707088227262,-66.30742670758855
-19.986734082008617,-66.08744956284221
-19.826925248034765,-65.8662683993347
-19.667649581444714,-65.64388253476514
-19.508912295864697,-65.42029129061198
-19.35071861711056,-65.19549399179148
-19.193073782837192,-64.96948996631582
-19.03598304218027,-64.74227854495103
-18.87945165539007,-64.51385906087496
-18.723484893457236,-64.28423084933581
-18.5680880377303,-64.05339324731118
-18.413266379524746,-63.821345593168395
-18.259025219723448,-63.58808722632604
-18.10536986836825,-63.35361748691736
-17.95230564424247,-63.117935715455744
-17.79983787444411,-62.88104125250275
-17.647971893949503,-62.64293343833897
-17.496713045167205,-62.40361161263836
-17.346066677481772,-62.16307511414619
-17.19603814678724,-61.921323280361385
-17.046632815009968,-61.67835544722347
-16.89785604962053,-61.434170948804784
-16.74971322313441,-61.18876911700837
-16.602209712601073,-60.94214928127215
-16.455350899081147,-60.6943107682799
-16.30914216711132,-60.445252901679694
-16.16358890415658,-60.19497500181019
-16.018696500049398,-59.94347638543574
-15.874470346415483,-59.69075636549061
-15.730915836085636,-59.43681425083325
-15.588038362493268,-59.18164934601121
-15.445843319057152,-58.925260951037394
-15.304336098548886,-58.667648361178514
-15.16352209244458,-58.40881086675641
-15.023406690260243,-58.14874775296323
-14.883995278870326,-57.88745829969106
-14.745293241808842,-57.62494178137711
-14.607305958552484,-57.36119746686527
-14.47003880378513,-57.09622461928498
-14.333497146643065,-56.83002249594837
-14.19768634994029,-56.562590348266795
-14.06261176937321,-56.29392742168767
-13.928278752703996,-56.024032955652785
-13.794692638921836,-55.75290618357924
-13.661858757381362,-55.480546332864066
-13.529782426917397,-55.20695262491385
-13.398468954935202,-54.932124275200636
-13.267923636475386,-54.656060493345215
-13.138151753252522,-54.378760483229385
-13.009158572666607,-54.1002234431384
-12.880949346786347,-53.820448565935095
-12.753529311303303,-53.539435039267225
-12.626903684455847,-53.25718204580945
-12.50107766592185,-52.97368876354164
-12.376056435679033,-52.68895436606506
-12.251845152831782,-52.40297802295826
-12.12844895440329,-52.115758900174214
-12.005872954091766,-51.827296160480714
-11.884122240989488,-51.537588963945765
-11.763201878263345,-51.246636468469895
-11.643116901795564,-50.95443783036748
-11.523872318783216,-50.66099220499893
-11.405473106295073,-50.36629874745602
-11.287924209784332,-50.070356613302465
-11.171230541555705,-49.77316495937192
-11.055396979185296,-49.474722944625746
-10.940428363891664,-49.17502973107296
-10.826329498856426,-48.87408448475466
-10.713105147492678,-48.571886376795526
-10.600760031659537,-48.26843458452495
-10.48929882982096,-47.963728292670325
-10.378726175147051,-47.65776669462538
-10.269046653555966,-47.35054899379607
-10.160264801694483,-47.042074405027094
-10.052385104855299,-46.7323421561118
-9.945411994829014,-46.421351489388435
-9.839349847688787,-46.10910166342589
-9.734202981505563,-45.795591954801885
-9.629975653991737,-45.48082165997684
-9.526672060071109,-45.164790097266675
-9.424296329372915,-44.847496608917666
-9.32285252364773,-44.52894056328693
-9.222344634102956,-44.209121357131686
-9.122776578655627,-43.88803841801086
-9.024152199100229,-43.56569120680249
-8.92647525818919,-43.2420792203405
-8.829749436623718,-42.91720199417425
-8.73397832995262,-42.59105910545465
-8.63916544537675,-42.26365017595033
-8.545314198456753,-41.93497487519753
-8.452427909721717,-41.60503292378734
-8.36050980117643,-41.273824096793994
-8.269562992704937,-40.94134822734775
-8.17959049836808,-40.6076052103561
-8.090595222592817,-40.27259500637679
-8.002579956251104,-39.9363176456463
-7.915547372626216,-39.59877323226717
-7.829500023264437,-39.259961948557724
-7.744440333710147,-38.919884059567444
-7.660370599122403,-38.5785399177613
-7.577292979771251,-38.23592996787608
-7.495209496412113,-37.89205475195189
-7.414122025536729,-37.546914914541425
-7.334032294499301,-37.200511208099854
-7.25494187651666,-36.85284449855775
-7.176852185541457,-36.50391577107916
-7.099764471007609,-36.153726136006995
-7.023679812447454,-35.80227683499734
-6.948599113980329,-35.449569247344
-6.8745230986725705,-35.095604896494514
-6.801452302769222,-34.740385456758204
-6.729387069798099,-34.38391276020651
-6.658327544547165,-34.0261888037656
-6.588273666916624,-33.667215756500376
-6.51922516564748,-33.30699596708899
-6.451181551928801,-32.945531971485956
-6.384142112886386,-32.58282650077164
-6.318105904956038,-32.218882489185134
-6.253071747145177,-31.853703082336988
-6.189038214187111,-31.487291645597242
-6.126003629592867,-31.119651772653857
-6.06396605860615,-30.750787294235458
-6.002923301067637,-30.380702286991546
-5.9428728841955385,-30.009401082522572
-5.883812055290102,-29.63688827655109
-5.825737774370479,-29.26316873822432
-5.768646706753228,-28.88824761953733
-5.712535215582505,-28.512130364865136
-5.657399354322918,-28.134822720590513
-5.6032348592268795,-27.75633074481356
-5.550037141789222,-27.37666081712752
-5.497801281202806,-26.99581964844421
-5.44652201682981,-26.613814290851224
-5.396193740704357,-26.23065214748151
-5.3468104900831825,-25.846340982374915
-5.298365940062021,-25.460888930309565
-5.250853396276421,-25.074304506579928
-5.2042657877067295,-24.686596616696725
-5.158595659607986,-24.29777456598272
-5.113835166586472,-23.90784806903688
-5.069976065845658,-23.516827259038184
-5.027009710625249,-23.12472269685891
-4.984927043857924,-22.731545379956085
-4.9437185920693105,-22.337306751008438
-4.90337445954751,-21.942018706265106
-4.863884322809296,-21.545693603571223
-4.825237425390813,-21.148344270034478
-4.787422572991198,-20.749984009295922
-4.7504281289981325,-20.350626608367367
-4.714242010424706,-19.950286343997234
-4.678851684287355,-19.54897798852598
-4.644244164454786,-19.146716815192086
-4.610406008997909,-18.74351860284922
-4.577323318070686,-18.339399640055284
-4.544981732351605,-17.934376728494193
-4.513366432075084,-17.52846718569172
-4.482462136681534,-17.12168884698724
-4.452253105114092,-16.7140600667242
-4.422723136789075,-16.305599718623224
-4.393855573266076,-15.896327195303064
-4.3656333006423464,-15.486262406916337
-4.338038752694495,-15.075425778868846
-4.311053914788874,-14.663838248593454
-4.284660328580041,-14.251521261351925
-4.258839097514536,-13.838496765040926
-4.233570893154895,-13.424787203981275
-4.208835962336235,-13.01041551167285
-4.184614135165049,-12.59540510250105
-4.160884833866905,-12.179779862384445
-4.13762708248669,-11.763564138357196
-4.114819517441775,-11.346782727084086
-4.09244039892514,-10.929460862310224
-4.070467623151967,-10.511624201252166
-4.04887873543966,-10.093298809941716
-4.02765094410755,-9.674511147538526
-4.006761135178858,-9.25528804963241
-3.9861858878637233,-8.835656710561143
-3.9659014907983643,-8.415644664774456
-3.9458839590117476,-7.99527976727969
-3.9261090515874666,-7.574590173209427
-3.9065522899849694,-7.153604316556023
-3.8871889769808385,-6.732350888122471
-3.8679942161875136,-6.310858812743368
-3.848942932103734,-5.889157225833815
-3.8300098906480424,-5.467275449327907
-3.81116972012403,-5.045242967071992
-3.7923969325635327,-4.623089399741051
-3.77366594539186,-4.200844479349362
-3.754951103357286,-3.7785380234290593
-3.7362267006654597,-3.3561999089521644
-3.717467003258231,-2.9338600460732795
-3.6986462711754826,-2.5115483517712063
-3.679738780938087,-2.0892947234684476
-3.6607188478899286,-1.6671290127076948
-3.641560848437155,-1.2450809989641347
-3.622239242123376,-0.8231803636716408
-3.6027285934804727,-0.40145666453968415
-3.583003593595903,0.020060689763875313
-3.5630390813390287,0.44134246449106723
-3.5428100641908666,0.8623596231826417
-3.5222917386238985,1.2830833514598519
-3.5014595099810553,1.7034850801748698
-3.480289011805736,2.123536507859131
-3.458756124577691,2.543209622412817
-3.4368369938127876,2.9624767219828603
-3.414508047488008,3.3813104349812515
-3.3917460127565424,3.7996837392000273
-3.368527931921446,4.217569979984031
-3.3448311776400206,4.634942887427398
-3.3206334673348383,5.0517765925646145
-3.295912876791112,5.468045642531926
-3.270647852923879,5.88372501467981
-3.2448172257022247,6.2987901296221
-3.218400219221463,6.713216863212151
-3.1913764619177902,7.1269815574411
-3.16372599592346,7.5400610302578635
-3.135429285563891,7.952432584314835
-3.106467225001372,8.364074014647466
-3.0768211450331195,8.774963615299862
-3.0464728190543386,9.185080184912241
-3.0154044681996828,9.594403031289641
-2.9835987656790346,10.00291197497439
-2.9510388403258565,10.410587351847928
-2.9177082793785027,10.817410014790141
-2.883591130516777,11.223361334426802
-2.8486719031777534,11.628423198997885
-2.812935569176356,12.032578013381258
-2.7763675626574837,12.435808697307941
-2.73895377940757,12.838098682806292
-2.70068057555433,13.239431910913662
-2.6615347656841766,13.639792827694704
-2.621503620407271,14.0391663796062
-2.580574863400549,14.437538008248495
-2.5387366679592054,14.834893644543795
-2.495977653087173,15.231219702381456
-2.4522868791569947,15.626503071770138
-2.407653843169229,16.020731111536236
-2.36206847364117,16.413891641607382
-2.3155211251541576,16.805972934919073
-2.268002572588175,17.196963708981645
-2.2195040050717516,17.58685311714372
-2.1700170196744377,17.975630739587285
-2.1195336148682844,18.363286574088345
-2.068046183783896,18.74981102657579
-2.015547507285676,19.135194901519952
-1.96203074688993,19.51942939218086
-1.907489437548481,19.902506070744874
-1.8519174803194336,20.28441687837699
-1.7953091349456818,20.66515411521463
-1.7376590123607023,21.044710430327395
-1.6789620671401373,21.42307881166574
-1.6192135899166067,21.800252576020174
-1.5584091997741654,22.176225359011212
-1.4965448366377854,22.550991105128848
-1.4336167536722413,22.924544057839032
-1.369621509703782,23.29687874977337
-1.3045559616770206,23.66798999301685
-1.2384172571585217,24.03787286950727
-1.1712028268976735,24.406522721558847
-1.1029103774545457,24.773935142521204
-1.033537883903593,25.140105967584066
-0.9630835826212549,25.50503126473666
-0.8915459641647276,25.868707325890018
-0.818923766248439,26.23113065816931
-0.745215966824057,26.59229797538251
-0.6704217772691902,26.952206189670676
-0.5945406356893053,27.31085240334452
-0.5175722003367876,27.668233900911027
-0.4395163431505039,28.0243481412932
-0.36037314341869875,28.379192750245373
-0.28014288156755746,28.732765512965855
-0.19882603307730148,29.085064366908117
-0.11642326252725002,29.436087394791166
-0.03293541777087763,29.785832817809283
0.05163647575847725,30.134298989040804
0.1372912206109435,30.48148438705521
0.22402745275249866,30.827387609717416
0.31184364686670346,31.17200736818773
0.40073812152636246,31.515342481115812
0.49070904423592726,31.85739186902635
0.5817544363456837,32.19815454889427
0.6738721778389641,32.53762962890679
0.7670600119938105,32.87581630340954
0.8613155499206727,33.21271384803377
0.9566362749778783,33.54832161500149
1.0530195470667305,33.88263902860525
1.1504626068082133,34.21566558085917
1.2489625796033703,34.54740082731766
1.348516479579521,34.877844383058296
1.4491212134245395,35.2069959188251
1.5507735841114858,35.53485515732863
1.653470294515932,35.861421869698916
1.7572079509283576,36.186695872087746
1.8619830664640236,36.51067702241615
1.9677920643727558,36.83336521726357
2.074631281251079,37.15476038889472
2.1824969701591512,37.474862502420436
2.2913853036449456,37.79367155308867
2.401292376678124,38.111187563701954
2.5122142094960274,38.42741058215755
2.624146750364203,38.74234067910668
2.7370858782538514,39.05597794572917
2.851027405438569,39.36832249161988
2.9659670800127116,39.679374442783505
3.081900588333695,39.98913393973424
3.198823557390494,40.29760113569676
3.316731557100579,40.60477619490547
3.435620102537476,40.9106592909984
3.5554846560911106,41.215250605502824
3.676320629563034,41.51855032640922
3.798123386198605,41.82055864683069
3.920888242658138,42.12127576374473
4.044610470929002,42.42070187681439
4.16928530018058,42.71883718728605
4.294907918563981,43.01568189696094
4.421473474958333,43.31123620723774
4.54897708066543,43.60550031822357
4.677413811054487,43.89847442791078
4.806778707158668,44.190158731417085
4.937066777225047,44.48055342028655
5.068272998219577,44.76965868184907
5.200392317288631,45.05747469863608
5.3334196531785985,45.34400164785013
5.467349897614993,45.62923970088636
5.602177916642492,45.91318902290357
5.737898551927255,46.19584977244295
5.874506622022853,46.47722210109243
6.011996923601072,46.75730615319481
6.150364232648844,47.03610206559774
6.289603305632476,47.31360996744371
6.429708880630349,47.58982997999848
6.570675678435177,47.864762216516
6.7124984036269275,48.13840678213847
6.85517174561741,48.4107637738297
6.998690379667548,48.68183328034042
7.143048967878292,48.95161538220401
7.288242160156094,49.22011015176115
7.434264595153851,49.4873176532121
7.581110901188149,49.7532379426953
7.728775697133669,50.01787106839081
7.877253593295513,50.281217070647614
8.026539192260243,50.54327598213336
8.176627089726345,50.804047828005494
8.327511875314842,51.06353262610264
8.479188133360708,51.321730387155135
8.631650443685755,51.578641115013646
8.784893382353617,51.83426480689497
8.938911522407393,52.0886014536439
9.093699434590562,52.341651040010326
9.249251688051709,52.59341354494063
9.405562851033569,52.843888941882526
9.562627491546897,53.093077199102424
9.72044017802967,53.34097828001468
9.878995479992044,53.587592143521746
10.038287968647538,53.832918744364655
10.198312217530832,54.07695803348296
10.359062803102615,54.31970995838359
10.52053430534184,54.56117446351781
10.682721308325766,54.80135149066574
10.845618400798116,55.04024097932776
11.009220176725712,55.27784286712226
11.173521235843882,55.51415709018905
11.33851618419094,55.749183583598075
11.504199634632034,55.98292228176268
11.670566207372634,56.21537311885709
11.83761053046191,56.446536029237514
12.005327240286254,56.676410947866515
12.17371098205318,56.90499781074005
12.342756410265807,57.132296555316834
12.512458189188163,57.35830712094972
12.682810993301484,57.583029449318396
12.853809507751699,57.80646348486343
13.025448428788296,58.02860917522088
13.197722464194715,58.2494664716575
13.370626333710439,58.46903532950593
13.54415476944493,58.68731570859968
13.718302516283543,58.90430757370761
13.893064332285569,59.12001089496759
14.068434989074504,59.33442564831906
14.244409272220688,59.54755181593423
14.4209819816164,59.75938938664767
14.598147931843531,59.9699383563841
14.775901952533921,60.1791987285841
14.954238888722447,60.38717051462749
15.133153601192943,60.593853734254346
15.31264096681705,60.79924841598322
15.492695878886039,61.00335459752656
15.673313247435692,61.20617232620316
15.85448799956431,61.407701659347325
16.036215079743858,61.607942664714784
16.21848945012438,61.80689542088513
16.40130609083164,62.004560017660566
16.584660000258115,62.200936556461066
16.768546195347326,62.39602515071554
16.95295971187155,62.589825926249155
17.137895604702962,62.782339021666616
17.323348948078245,62.9735645887312
17.50931483585665,63.16350279273973
17.695788381771568,63.352153812893114
17.882764719675613,63.539517842662676
18.070239003779264,63.725595090151884
18.25820640888302,63.9103857784538
18.446662130603144,64.0938901460039
18.635601385590967,64.27610844692838
18.82501941174578,64.45704095138784
19.01491146842129,64.63668794591642
19.205272836625664,64.81504973375628
19.396098819215208,64.99212663518743
19.587384741081543,65.16791898785284
19.779125949332453,65.34242714707908
19.971317813466264,65.51565148619207
20.163955725539807,65.6875923968284
20.357035100329963,65.85825028924197
20.550551375488762,66.02762559260582
20.74450001169203,66.19571875530974
20.938876492781564,66.36253024525304
21.133676325900886,66.52806055013285
21.328895041624452,66.69231017772812
21.524528194080418,66.85527965617891
21.72057136106686,67.01696953426152
21.917020144161494,67.17738038165913
22.113870168824835,67.33651278922835
22.31111708449683,67.49436736926128
22.50875656468687,67.65094475574368
22.706784307057266,67.80624560460889
22.90519603350007,67.96027059398781
23.103987490207285,68.11302042445502
23.30315444773443,68.26449581927082
23.50269270105743,68.41469752461973
23.702598069622827,68.56362630984526
23.90286639739126,68.71128296768099
24.103493552874244,68.85766831447823
24.30447542916417,69.00278319043032
24.505807943957564,69.14662845979359
24.707487039571493,69.28920501110507
24.90950868295324,69.43051375739721
25.111868865683043,69.57055563640961
25.314563603970043,69.70933161079783
25.51758893864131,69.84684266833952
25.720940935123963,69.98308982213784
25.924615683420367,70.11807411082248
26.128609298076366,70.2517965987482
26.332917918142538,70.38425837619118
26.53753770712843,70.51546055954319
26.74246485294979,70.64540429150371
26.947695567868738,70.77409074127036
27.153226088426834,70.90152110472744
27.35905267537108,71.02769660463288
27.56517161357277,71.1526184908038
27.77157921193922,71.27628804030076
27.97827180331827,71.39870655761068
28.18524574439564,71.51987537482898
28.39249741558503,71.63979585184059
28.60002322091098,71.75846937650037
28.80781958788445,71.87589736481293
29.015882967371116,71.99208126111186
29.224209833452317,72.107022538239
29.432796683278678,72.22072269772308
29.641640036916346,72.33318326995888
29.850736437185834,72.44440581438627
30.06008244949343,72.55439191966957
30.269674661655202,72.6631432038776
30.479509683713463,72.7706613146641
30.689584147745812,72.87694792944916
30.89989470766661,72.9820047556015
31.11043803902094,73.08583353062191
31.321210838770995,73.18843602232792
31.532209825074858,73.28981402903987
31.743431737057712,73.38996937976873
31.954873334575392,73.48890393440546
32.16653139797028,73.58661958391238
32.37840272781955,73.68311825051666
32.59048414467566,73.77840188790586
32.802772488799214,73.87247248142609
33.015264619884015,73.96533204828242
33.22795741677437,74.05698263774224
33.44084777717468,74.14742633134132
33.65393261735117,74.23666524309289
33.86720887182582,74.32470151969991
34.080673493062534,74.41153734077056
34.29432345114541,74.49717491903735
34.508155733449165,74.58161650057956
34.72216734430172,74.66486436504967
34.93635530463886,74.74692082590359
35.15071665165113,74.8277882306348
35.36524843842265,74.90746896101285
35.579947733562186,74.98596543332606
35.794811620826266,75.06328009862858
36.00983719873437,75.13941544299216
36.22502158017621,75.21437398776243
36.44036189201114,75.28815828982017
36.655855274659615,75.3607709418474
36.871498881686776,75.43221457259848
37.08728987937812,75.50249184717642
37.3032254463073,75.5716054673144
37.51930277289609,75.63955817166273
37.73551906096642,75.70635273608112
37.95187152328461,75.77199197393657
38.16835738309784,75.83647873640685
38.38497387366276,75.89981591278978
38.601718237766384,75.96200643081802
38.81858772723925,76.02305325698005
39.03557960246089,76.0829593968467
39.25269113185769,76.14172789540386
39.469919591393065,76.19936183739098
39.687262264050226,76.25586434764581
39.90471643930731,76.31123859145498
40.122279412605195,76.36548777491073
40.33994848480788,76.41861514527372
40.557720961655605,76.47062399134181
40.77559415321081,76.52151764382505
40.99356537329684,76.57129947572658
41.21163193892974,76.61997290272954
41.429791169743076,76.66754138359
41.6480403874059,76.71400842053578
41.866376915034,76.75937755967094
42.08479807659462,76.80365239138635
42.30330119630462,76.84683655077562
42.52188359802236,76.88893371805669
42.740542604633376,76.92994761899892
42.95927553743006,76.96988202535539
43.17807971548544,77.00874075530041
43.39695245502125,77.04652767387198
43.61589106877057,77.08324669341907
43.83489286533507,77.11890177405354
44.05395514853718,77.15349692410642
44.273075216767346,77.18703620058842
44.4922503623267,77.21952370965423
44.711477870765165,77.25096360707069
44.93075502021552,77.28136009868813
45.15007908072346,77.31071744091489
45.369447313574085,77.33903994119459
45.58885697061499,77.36633195848569
45.808305293576375,77.39259790374334
46.027789513388356,77.41784224040252
46.24730684949594,77.44206948486284
46.46685450917196,77.46528420697383
46.686429686828255,77.48749103052081
46.906029563325625,77.50869463371055
47.125651305282766,77.52889974965646
47.345292064384815,77.54811116686253
47.564948976691674,77.56633372970578
47.784619161946786,77.58357233891627
48.004299722886635,77.5998319520546
48.22398774455157,77.61511758398576
48.443680293598376,77.62943430734903
48.663374417615096,77.64278725302309
48.883067144438655,77.65518161058583
49.10275548147581,77.66662262876795
49.322436415027994,77.6771156158998
49.542106909620614,77.68666594035038
49.761763907337354,77.69527903095826
49.981404327160234,77.702960377453
50.201025064315836,77.70971553086667
50.42062298962856,77.71555010393435
50.6401949488814,77.72046977148288
50.859737762185,77.72448027080694
51.07924822335565,77.7275874020313
51.29872309930302,77.72979702845873
51.51815912942818,77.73111507690203
51.73755302503278,77.73154753799966
51.95690146874022,77.73110046651378
52.176201113929274,77.72977998160948
52.39544858418136,77.7275922671144
52.61464047274193,77.72454357175754
52.833773341996945,77.72064020938618
53.052843722965186,77.71588855915975
53.27184811480733,77.71029506571959
53.49078298435252,77.70386623933346
53.7096447656434,77.69660865601354
53.92842985950032,77.68852895760686
54.147134633105736,77.67963385185699
54.36575541960963,77.66993011243574
54.584288517756754,77.65942457894361
54.802730191536675,77.64812415687815
55.02107666985749,77.63603581756851
55.23932414624403,77.62316659807547
55.45746877856151,77.6095236010554
55.67550668876547,77.59511399458731
55.89343396267891,77.57994501196141
56.11124664979745,77.56402395142844
56.328940763123406,77.54735817590822
56.54651227902962,77.52995511265668
56.763957137153916,77.51182225288989
56.98127124032496,77.49296715136417
57.19845045452036,77.4733974259113
57.41549060885785,77.45312075692755
57.632387495620186,77.43214488681576
57.84913687031467,77.41047761937928
58.06573445176796,77.38812681916696
58.282175922256805,77.36510041076832
58.49845692767548,77.34140637805785
58.71457307774047,77.31705276338793
58.930519946233076,77.29204766672923
59.14629307128046,77.26639924475833
59.361887955675705,77.2401157098915
59.57730006723726,77.21320532926427
59.792524839208426,77.1856764236563
60.00755767069704,77.15753736636096
60.22239392715594,77.1287965819993
60.437028940904256,77.09946254527806
60.651458011690025,77.06954377969167
60.86567640729415,77.03904885616772
61.07967936417596,77.00798639165619
61.293462088160275,76.97636504766226
61.507019755166205,76.94419352872276
61.7203475119775,76.91148058082673
61.93344047705437,76.87823498977994
62.14629374138661,76.84446557951408
62.35890236938781,76.81018121034104
62.57126139983031,76.7753907771527
62.783365846820494,76.74010320756703
62.995210700814006,76.70432746002132
63.20679092967049,76.66807252181316
63.41810147974695,76.6313474070905
63.62913727702945,76.59416115479152
63.83989322830208,76.55652282653575
64.05036422235263,76.51844150446762
64.26054513121396,76.47992628905372
64.47043081144017,76.44098629683556
64.68001610541644,76.40163065813896
64.88929584270171,76.36186851474223
65.09826484140271,76.32170901750466
65.3069179095783,76.28116132395712
65.51524984667294,76.24023459585702
65.72325544497755,76.19893799670946
65.9309294911168,76.15728068925678
66.13826676756095,76.11527183293883
66.34526205416105,76.07292058132617
66.55191012970559,76.03023607952856
66.75820577349715,75.9872274615814
66.96414376694734,75.94390384781238
67.1697188951882,75.90027434219115
67.37492594869829,75.85634802966466
67.5797597249418,75.81213397348054
67.78421503001857,75.76764121250193
67.98828668032333,75.7228787585158
68.19196950421208,75.6778555935382
68.39525834367387,75.63258066711887
68.59814805600578,75.58706289364855
68.80063351548934,75.5413111496713
69.00270961506608,75.49533427120545
69.20437126801077,75.44914105107534
69.40561340959968,75.40274023625756
69.60643099877234,75.35614052524384
69.80681901978461,75.30935056542424
70.00677248385122,75.26237895049272
70.20628643077556,75.21523421787869
70.40535593056512,75.16792484620687
70.60397608503034,75.1204592527884
70.80214202936519,75.07284579114588
70.9998489337076,75.02509274857518
71.19709200467777,74.97720834374631
71.39386648689285,74.9292007243463
71.59016766445593,74.88107796476626
71.78599086241802,74.8328480638351
71.98133144821101,74.78451894260242
72.17618483305041,74.73609844217258
72.37054647330605,74.68759432159217
72.56441187183951,74.63901425579303
72.75777657930674,74.59036583359267
72.95063619542461,74.541656555754
73.14298637020018,74.49289383310617
73.33482280512146,74.44408498472791
73.5261412543086,74.39523723619546
73.71693752562436,74.34635771789578
73.90720748174314,74.29745346340702
74.0969470411775,74.24853140794691
74.28615217926138,74.19959838689061
74.47481892908954,74.15066113435856
74.66294338241225,74.10172628187544
74.85052169048488,74.05280035710085
75.03755006487202,74.00388978263236
75.22402477820543,73.9550008748813
75.40994216489575,73.90613984302183
75.59529862179768,73.8573127880133
75.78009060882852,73.80852570169634
75.96431464953977,73.75978446596231
76.14796733164219,73.71109485199644
76.33104530748392,73.6624625195941
76.51354529448221,73.61389301655008
76.69546407550874,73.5653917781204
76.87679849922888,73.51696412655622
77.05754548039532,73.46861527070908
77.23770200009623,73.42035030570695
77.41726510595882,73.37217421270016
77.59623191230844,73.3240918586764
77.77459960028405,73.27610799634368
77.95236541791071,73.22822726408059
78.12952668012962,73.18045418595216
78.30608076878657,73.13279317179065
78.48202513257971,73.0852485173398
78.65735728696711,73.03782440446112
78.83207481403542,72.99052490140103
79.00617536233025,72.94335396311736
79.1796566466493,72.89631543166371
79.35251644779925,72.84941303663014
79.52475261231729,72.8026503956386
79.69636305215855,72.75603101489163
79.86734574435027,72.70955828977259
80.0376987306138,72.66323550549568
80.2074201169556,72.61706583780428
80.37650807322841,72.57105235371574
80.54496083266348,72.52519801231102
80.71277669137511,72.47950566556716
80.87995400783878,72.43397805923135
81.04649120234359,72.38861783373433
81.2123867564207,72.34342752514176
81.37763921224837,72.29840956614149
81.54224717203508,72.25356628706528
81.70620929738176,72.20889991694311
81.86952430862421,72.16441258458826
82.03219098415678,72.12010631971158
82.19420815973872,72.07598305406331
82.35557472778368,72.03204462260052
82.51628963663418,71.98829276467886
82.67635188982149,71.94472912526663
82.83576054531235,71.90135525617993
82.99451471474336,71.85817261733692
83.1526135626441,71.81518257803006
83.3100563056501,71.77238641821437
83.46684221170626,71.72978532981058
83.62297059926226,71.68738041802159
83.77844083646023,71.64517270266062
83.93325234031605,71.60316311949005
84.08740457589498,71.56135252156936
84.24089705548249,71.51974168061066
84.39372933775103,71.47833128834108
84.54590102692383,71.4371219578702
84.69741177193606,71.3961142250617
84.84826126559459,71.35530854990796
84.99844924373666,71.3147053179063
85.14797548438848,71.27430484143623
85.29683980692415,71.23410736113607
85.44504207122583,71.19411304727842
85.5925821768455,71.15432200114334
85.7394600621692,71.1147342563882
85.88567570358408,71.07534978041352
86.03122911464895,71.03616847572378
86.17612034526869,70.99719018128248
86.32034948087326,70.95841467386062
86.46391664160163,70.91984166937794
86.60682198149092,70.88147082423612
86.74906568767165,70.84330173664328
86.89064797956888,70.80533394792927
87.03156910811019,70.76756694385107
87.17182935494039,70.73000015588758
87.31142903164374,70.69263296252367
87.4503684789735,70.65546469052252
87.5886480660896,70.61849461618615
87.72626818980426,70.58172196660358
87.86322927383611,70.54514592088603
87.999531768073,70.50876561138917
88.13517614784351,70.47258012492175
88.27016291319764,70.43658850394037
88.40449258819663,70.40078974773022
88.53816572021225,70.3651828135713
88.6711828792355,70.32976661789013
88.80354465719515,70.29454003739653
88.93525166728583,70.25950191020537
89.06630454330623,70.22465103694303
89.19670393900704,70.18998618183863
89.32645052744908,70.15550607379961
89.45554500037149,70.12120940747171
89.58398806757,70.08709484428334
89.71178045628542,70.05316101347407
89.83892291060236,70.01940651310723
89.96541619085812,69.98582991106682
90.09126107306177,69.95242974603825
90.21645834832357,69.91920452847341
90.34100882229441,69.88615274153969
90.46491331461556,69.85327284205309
90.5881726583785,69.8205632613956
90.71078769959485,69.78802240641663
90.83275929667636,69.7556486603188
90.95408831992489,69.72344038352792
91.07477565103235,69.69139591454743
91.19482218259046,69.65951357079739
91.31422881761026,69.62779164943784
91.43299646905157,69.59622842817708
91.55112605936174,69.56482216606457
91.66861852002414,69.53357110426879
91.78547479111614,69.50247346684016
91.90169582087627,69.4715274614592
92.01728256528081,69.44073128016991
92.13223598762933,69.41008310009866
92.24655705813949,69.37958108415869
92.36024675355056,69.34922338174043
92.47330605673586,69.31900812938773
92.58573595632394,69.28893345146018
92.69753744632824,69.25899746078174
92.8087115257852,69.22919825927585
92.91925919840088,69.19953393858697
93.02918147220561,69.17000258068927
93.13847935921682,69.14060225848193
93.24715387510983,69.11133103637191
93.35520603889651,69.08218697084381
93.46263687261163,69.0531681110175
93.56944740100678,69.0242724991933
93.67563865125183,68.99549817138514
93.78121165264365,68.96684315784178
93.8861674363221,68.9383054835564
93.99050703499309,68.9098831687646
94.09423148265857,68.88157422943094
94.19734181435345,68.85337667772464
94.29983906588902,68.82528852248402
94.40172427360322,68.79730776967034
94.5029984741172,68.76943242281097
94.60366270409821,68.74166048343224
94.70371800002879,68.71398995148195
94.80316539798194,68.68641882574205
94.90200593340242,68.6589451042313
95.0002406408937,68.6315667845983
95.09787055401073,68.60428186450514
95.19489670505843,68.57708834200167
95.29132012489546,68.5499842158906
95.38714184274353,68.52296748608379
95.48236288600194,68.49603615394962
95.57698428006722,68.46918822265185
95.67100704815786,68.44242169748009
95.764432211144,68.41573458617182
95.85726078738185,68.38912489922659
95.94949379255293,68.36259065021206
96.04113223950786,68.33612985606233
96.13217713811467,68.30974053736885
96.22262949511152,68.28342071866355
96.31249031396378,68.25716842869497
96.40176059472516,68.23098170069713
96.49044133390318,68.2048585726514
96.57853352432845,68.17879708754165
96.66603815502793,68.15279529360252
96.75295621110214,68.12685124456135
96.8392886736059,68.10096299987362
96.9250365194329,68.07512862495211
97.01020072120362,68.04934619139
97.09478224715704,68.02361377717796
97.17878206104544,67.99792946691537
97.26220112203258,67.97229135201587
97.34504038459525,67.94669753090736
97.42730079842781,67.92114610922638
97.50898330834978,67.89563520000735
97.59008885421662,67.87016292386646
97.67061837083313,67.84472740918059
97.75057278786998,67.81932679226112
97.82995302978281,67.79395921752301
97.90876001573413,67.76862283764905
97.98699465951773,67.74331581374959
98.06465786948586,67.7180363155176
98.14175054847868,67.69278252137943
98.21827359375632,67.66755261864128
98.29422789693312,67.64234480363137
98.36961434391439,67.61715728183809
98.44443381483525,67.59198826804413
98.51868718400168,67.56683598645671
98.59237531983378,67.54169867083397
98.665499084811,67.51657456460771
98.73805933541946,67.49146192100248
98.81005692210118,67.46635900315113
98.8814926892052,67.44126408420686
98.95236747494066,67.41617544745212
99.02268211133153,67.39109138640396
99.09243742417326,67.3660102049164
99.16163423299092,67.34093021727963
99.23027335099931,67.31584974831613
99.29835558506439,67.29076713347392
99.36588173566638,67.2656807189169
99.43285259686448,67.2405888616124
99.49926895626294,67.21548992941592
99.56513159497861,67.19038230115346
99.63044128760995,67.16526436670091
99.69519880220736,67.1401345270612
99.75940490024473,67.11499119443893
99.82306033659249,67.08983279231249
99.88616585949173,67.06465775550409
99.94872221052954,67.03946453024727
100.0107301246157,67.0142515742525
100.07219032996032,66.9890173567703
100.13310354805257,66.96376035865264
100.19347049364077,66.93847907241194
100.25329187471317,66.91317200227853
100.31256839247997,66.8878376642558
100.37130074135627,66.86247458617372
100.42948960894596,66.83708130774049
100.48713567602653,66.81165638059244
100.54423961653482,66.78619836834217
100.60080209755364,66.76070584662514
100.65682377929913,66.73517740314455
100.71230531510918,66.70961163771472
100.76724735143237,66.68400716230283
100.82165052781787,66.65836260106944
100.875515476906,66.63267659040724
100.92884282441963,66.6069477789787
100.98163318915608,66.58117482775219
101.03388718297994,66.55535641003691
101.08560541081641,66.5294912115164
101.13678847064524,66.50357793028103
101.18743695349548,66.47761527685907
101.23755144344064,66.45160197424684
101.28713251759456,66.4255367579375
101.33618074610774,66.39941837594884
101.38469669216434,66.37324558885022
101.43268091197962,66.34701716978812
101.48013395479789,66.32073190451099
101.52705636289109,66.29438859139304
101.57344867155757,66.26798604145715
101.61931140912175,66.24152307839677
101.66464509693382,66.2149985385971
101.70945024937015,66.18841127115539
101.75372737383398,66.16176013790036
101.79747697075663,66.13504401341095
101.84069953359898,66.10826178503424
101.88339554885344,66.08141235290267
101.92556549604629,66.05449462995057
101.96720984774025,66.02750754192995
102.00832906953755,66.00045002742574
102.04892362008329,65.97332103787036
102.08899395106904,65.9461195375576
102.1285405072369,65.91884450365609
102.16756372638376,65.891494926222
102.2060640393658,65.86406980821135
102.24404187010349,65.83656816549185
102.28149763558665,65.80898902685401
102.3184317458798,65.78133143402201
102.35484460412795,65.75359444166396
102.39073660656236,65.72577711740188
102.42610814250676,65.69787854182097
102.46095959438377,65.66989780847885
102.49529133772131,65.64183402391411
102.52910374115963,65.61368630765467
102.56239716645817,65.5854537922257
102.59517196850281,65.55713562315724
102.62742849531331,65.52873095899147
102.65916708805088,65.50023897128973
102.69038808102594,65.47165884463922
102.72109180170608,65.44298977665939
102.75127857072415,65.41423097800816
102.78094870188654,65.3853816723878
102.8101025021816,65.35644109655061
102.83874027178827,65.3274085003045
102.86686230408466,65.29828314651807
102.89446888565706,65.26906431112587
102.92156029630881,65.2397512831332
102.94813680906951,65.21034336462083
102.97419869020419,65.18083987074958
102.99974619922266,65.15124012976482
103.02477958888906,65.12154348300064
103.04929910523136,65.09174928488413
103.07330498755105,65.06185690293935
103.09679746843302,65.03186571779136
103.11977677375532,65.00177512317005
103.1422431226992,64.97158452591385
103.16419672775915,64.94129334597363
103.1856377947531,64.91090101641615
103.2065665228326,64.88040698342775
103.22698310449314,64.84981070631788
103.24688772558456,64.81911165752265
103.26628056532145,64.78830932260826
103.28516179629379,64.75740320027442
103.30353158447744,64.726392802358
103.32139008924477,64.69527765383626
103.33873746337552,64.66405729283036
103.35557385306744,64.63273127060893
103.37189939794719,64.60129915159142
103.38771423108112,64.56976051335167
103.40301847898633,64.53811494662146
103.41781226164154,64.50636205529402
103.43209569249817,64.4745014564277
103.44586887849134,64.44253278024966
103.45913192005104,64.41045567015955
103.4718849111132,64.37826978273328
103.48412793913087,64.34597478772702
103.49586108508551,64.31357036808092
103.50708442349806,64.2810562199233
103.51779802244033,64.24843205257467
103.5280019435463,64.21569758855192
103.53769624202332,64.18285256357262
103.54688096666352,64.14989672655938
103.55555615985521,64.11682983964435
103.56372185759417,64.08365167817382
103.57137808949504,64.05036203071293
103.57852487880284,64.01696069905044
103.58516224240427,63.98344749820376
103.5912901908392,63.94982225642395
103.59690872831213,63.91608481520099
103.6020178527036,63.88223502926905
103.60661755558166,63.84827276661197
103.61070782221341,63.81419790846893
103.61428863157633,63.78001034934012
103.61735995636988,63.74570999699272
103.61992176302694,63.7112967724669
103.6219740117252,63.67677061008205
103.62351665639878,63.6421314574431
103.62454964474956,63.60737927544711
103.62507291825875,63.57251403828989
103.62508641219826,63.53753573347287
103.62459005564219,63.502444361810134
103.62358377147828,63.46723993743555
103.62206747641933,63.43192248781017
103.62004108101458,63.39649205372976
103.61750448966117,63.36094868933244
103.61445760061548,63.32529246210666
103.61090030600454,63.28952345289918
103.60683249183735,63.25364175592339
103.60225403801624,63.21764747876766
103.59716481834818,63.18154074240399
103.59156470055603,63.14532168119684
103.5854535462899,63.10899044291208
103.57883121113831,63.072547188726176
103.57169754463939,63.035992093235585
103.5640523902922,62.999325344466264
103.55589558556775,62.962547143883505
103.5472269619202,62.92565770640185
103.53804634479795,62.888657260395235
103.52835355365468,62.851546047707316
103.51814840196045,62.814324323662085
103.50743069721258,62.77699235707454
103.49620024094673,62.73955043026169
103.48445682874772,62.70199883905365
103.47220025026043,62.664337892805015
103.45943028920068,62.6265679144064
103.446146723366,62.588689240296205
103.43234932464632,62.550702220472544
103.41803785903473,62.5126072185054
103.40321208663812,62.47440461154899
103.38787176168775,62.43609479035436
103.37201663254982,62.397678159282094
103.35564644173596,62.359155136315294
103.33876092591368,62.320526153072805
103.32135981591672,62.28179165482251
103.30344283675542,62.24295210049496
103.28500970762694,62.204007962697155
103.26606014192548,62.16495972772649
103.24659384725243,62.12580789558498
103.22661052542644,62.08655297999364
103.20610987249339,62.04719550840704
103.18509157873639,62.007736022028155
103.1635553286856,61.968175075823275
103.14150080112803,61.92851323853728
103.11892766911728,61.88875109270894
103.09583559998319,61.84888923468658
103.07222425534133,61.80892827464383
103.04809329110257,61.76886883659559
103.02344235748251,61.728711558414176
102.99827109901067,61.68845709184578
102.9725791545398,61.64810610252694
102.94636615725508,61.6076592700013
102.91963173468307,61.5671172877366
102.89237550870071,61.52648086314177
102.86459709554424,61.485750717584224
102.8362961058179,61.44492758640739
102.80747214450261,61.4040122189484
102.7781248109646,61.363005378555926
102.74825369896381,61.321907842608255
102.71785839666231,61.2807204025315
102.6869384866325,61.23944386381798
102.65549354586534,61.19807904604486
102.62352314577826,61.156626782892815
102.59102685222324,61.11508792216502
102.55800422549443,61.07346332580617
102.524454820336,61.03175386992182
102.4903781859496,60.989960444797724
102.45577386600183,60.94808395491945
102.4206413986316,60.906125318992075
102.3849803164572,60.864085469960145
102.3487901465835,60.82196535502765
102.31207041060874,60.779765935678256
102.27482062463142,60.73748818769564
102.23704029925682,60.69513310118397
102.19872893960365,60.65270168058855
102.15988604531033,60.61019494471655
102.1205111105412,60.56761392675792
102.08060362399262,60.524959674306466
102.04016306889885,60.48223324938093
101.99918892303785,60.439435728446355
101.95768065873685,60.39656820243541
101.91563774287783,60.35363177676998
101.87305963690281,60.31062757138277
101.82994579681889,60.267556720739044
101.78629567320331,60.22442037385848
101.74210871120818,60.181219694337145
101.69738435056509,60.13795586036949
101.65212202558953,60.094630064770534
101.60632116518525,60.051243514998085
101.55998119284817,60.00779743317501
101.51310152667045,59.96429305611168
101.46568157934406,59.92073163532841
101.4177207581644,59.87711443707796
101.36921846503363,59.833442742368156
101.32017409646367,59.78971784698456
101.27058704357937,59.745941061513115
101.22045669212103,59.70211371136295
101.16978242244713,59.65823713678915
101.11856360953652,59.614312692915576
101.06679962299064,59.57034174975774
101.0144898270354,59.52632569224565
100.96163358052294,59.48226592024673
100.9082302369331,59.43816384858874
100.85427914437464,59.39402090708264
100.79977964558645,59.349838540545555
100.74473107793821,59.30561820882361
100.68913277343118,59.261361386814826
100.63298405869845,59.21706956449203
100.57628425500519,59.172744246925575
100.51903267824854,59.1283869543062
100.46122863895732,59.08399922196773
100.40287144229153,59.039582600409766
100.34396038804148,58.99513865532027
100.28449477062688,58.95066896759815
100.22447387909553,58.90617513337565
100.16389699712184,58.86165876404079
100.10276340300508,58.817121486259566
100.0410723696674,58.772564941998155
99.97882316465156,58.7279907885449
99.91601505011849,58.683400698532274
99.85264728284453,58.638796359958576
99.78871911421842,58.59417947620963
99.72422979023807,58.5495517660802
99.65917855150704,58.50491496379521
99.59356463323081,58.460270819030946
99.52738726521274,58.41562109693591
99.46064567184979,58.370967578151514
99.39333907212797,58.32631205883257
99.32546667961759,58.28165635066754
99.25702770246816,58.2370022808985
99.18802134340311,58.19235169234094
99.11844679971412,58.14770644340317
99.0483032632554,58.10306840810555
98.97758992043752,58.058439476099366
98.90630595222102,58.01382155268538
98.83445053410986,57.969216558832095
98.76202283614445,57.924626431193616
98.68902202289456,57.88005312212722
98.61544725345195,57.83549859971048
98.54129768142259,57.79096484775802
98.46657245491889,57.7464538658379
98.39127071655139,57.701967669287484
98.31539160342047,57.65750828922895
98.2389342471076,57.61307777258428
98.16189777366642,57.568678182089755
98.08428130361365,57.52431159630999
98.00608395191958,57.479980109651414
97.92730482799853,57.43568583237518
97.84794303569888,57.39143089060959
97.76799767329307,57.34721742636184
97.68746783346714,57.30304759752915
97.6063526033103,57.25892357790938
97.52465106430405,57.21484755721082
97.4423622923113,57.17082174106141
97.35948535756508,57.12684835101723
97.2760193246572,57.0829296245702
97.19196325252666,57.039067815155086
97.1073161944479,56.99526519215568
97.02207719801883,56.95152404091016
96.93624530514867,56.90784666271562
96.84981955204576,56.86423537483173
96.76279896920502,56.82069251048345
96.67518258139548,56.77722041886281
96.5869694076474,56.73382146512981
96.49815846123964,56.69049803041216
96.4087487496865,56.64725251180412
96.31873927472478,56.60408732236419
96.2281290323006,56.56100489111168
96.1369170125562,56.51800766302224
96.04510219981658,56.47509809902204
95.9526835725762,56.43227867598087
95.85966010348565,56.38955188670388
95.76603075933816,56.34692023992206
95.67179450105628,56.30438626028139
95.57695028367846,56.261952488330486
95.48149705634566,56.21962148050695
95.38543376228813,56.17739580912215
95.2887593388121,56.13527806234447
95.19147271728671,56.093270844180985
95.09357282313086,56.05137677445752
94.99505857580041,56.009598488797
94.89592888877542,55.96793863859605
94.7961826695475,55.92639989099984
94.69581881960762,55.88498492887502
94.5948362344338,55.84369645078078
94.49323380347933,55.802537170937946
94.39101041016121,55.76150981919601
94.28816493184888,55.72061714099808
94.18469623985324,55.67986189734365
94.0806031994162,55.63924686474916
93.97588466970053,55.59877483520627
93.8705395037802,55.558448616137674
93.76456654863112,55.51827103035059
93.65796464512266,55.478244915987624
93.55073262800934,55.43837312647508
93.44286932592348,55.39865853046859
93.33437356136831,55.359104011795985
93.22524415071177,55.31971246939727
93.11547990418111,55.28048681726171
93.00507962585824,55.2414299843619
92.89404211367597,55.20254491458464
92.7823661594149,55.16383456665869
92.67005054870164,55.125301914079145
92.55709406100762,55.08694994502839
92.4434954696492,55.04878166229362
92.32925354178877,55.01080008318062
92.21436703843705,54.97300823942392
92.09883471445663,54.935409177093
91.98265531856673,54.89800595649459
91.86582759334944,54.86080165207089
91.74835027525722,54.82379935229354
91.63022209462211,54.787002159553296
91.51144177566631,54.75041319004519
91.39200803651457,54.71403557364914
91.27191958920817,54.677872453805826
91.15117513972086,54.641926987387606
91.02977338797662,54.6062023445645
90.90771302786939,54.570701708664934
90.78499274728493,54.5354282760312
90.66161122812483,54.500385255869354
90.53756714633276,54.46557587009355
90.4128591719232,54.4310033531645
90.28748596901251,54.3966709519219
90.16144619585266,54.362581925410794
90.03473850486766,54.328739544701456
89.90736154269271,54.29514709270285
89.77931395021648,54.26180786396923
89.65059436262612,54.22872516449993
89.52120140945578,54.195902311531874
89.39113371463822,54.16334263332492
89.26038989655989,54.131049468939445
89.12896856811965,54.099026168006304
88.99686833679115,54.06727609048866
88.86408780468915,54.03580260643568
88.73062556863968,54.00460909572764
88.59648022025462,53.97369894781235
88.46165034601036,53.943075561432664
88.32613452733116,53.912742344344565
88.18993134067708,53.88270271302595
88.05303935763669,53.85296009237549
87.91545714502496,53.82351791540148
87.7771832649862,53.79437962290036
87.63821627510252,53.7655486631245
87.49855472850776,53.73702849143919
87.3581971740073,53.70882256996821
87.21714215620392,53.680934367227934
87.07538821562973,53.65336735774946
86.93293388888458,53.62612502168855
86.78977770878124,53.599210844422984
86.64591820449739,53.57262831613694
86.50135390173466,53.54638093139213
86.35608332288517,53.520472188685225
86.21010498720564,53.494905589991305
86.06341741099936,53.46968464029281
85.91601910780636,53.44481284709375
85.7679085886019,53.42029371991859
85.61908436200373,53.3961307697956
85.46954493448831,53.37232750872406
85.31928881061627,53.34888744912504
85.16831449326743,53.32581410327512
85.01662048388572,53.30311098272291
84.86420528273422,53.28078159768753
84.71106738916083,53.25882945643887
84.55720530187457,53.23725806465902
84.40261751923323,53.2160709247844
84.2473025395424,53.195271535328104
84.0912588613664,53.17486339018193
83.93448498385143,53.15484997789759
83.77697940706123,53.13523478094653
83.61874063232581,53.1160212749579
83.45976716260331,53.097212927934066
83.3000575028558,53.07881319944307
83.13961016043898,53.060825539787594
82.97842364550651,53.04325338914973
82.81649647142923,53.026100176711005
82.65382715522962,53.00936931974707
82.49041421803214,52.99306422269653
82.32625618552967,52.977188276203115
82.16135158846657,52.961744856130764
81.99569896313882,52.946737322550874
81.82929685191166,52.93216901870118
81.66214380375511,52.918043269915465
81.49423837479809,52.90436338252364
81.32557912890114,52.89113264272144
81.15616463824884,52.87835431540901
80.98599348396172,52.86603164299794
80.8150642567287,52.85416784418578
80.64337555746027,52.84276611269769
80.47092599796278,52.83182961599419
80.2977142016348,52.82136149394474
80.12373880418542,52.81136485746612
79.94899845437553,52.80184278712511
79.77349181478213,52.79279833170481
79.59721756258658,52.78423450673387
79.42017439038689,52.77615429297794
79.24236100703484,52.768560634892786
79.06377613849827,52.76145643903827
78.88441852874897,52.754844572452726
78.70428694067687,52.7487278609869
78.5233801570308,52.74310908759695
78.34169698138635,52.73799099059592
78.15923623914135,52.73337626186295
77.97599677853923,52.7292675450098
77.79197747172111,52.72566743350396
77.60717721580644,52.722578468747976
77.42159493400322,52.7200031381144
77.23522957674783,52.717943872935756
77.04808012287481,52.71640304644929
76.86014558081737,52.715382971695874
76.67142498983844,52.71488589937277
76.48191742129295,52.714914015639856
76.29162197992152,52.71546943987898
76.10053780517578,52.71655422240624
75.90866407257568,52.718170342136794
75.7159999950989,52.720319704202275
75.52254482460255,52.72300413752037
75.32829785327732,52.726225392316806
75.13325841513425,52.72998513759946
74.93742588752396,52.73428495858488
74.7407996926887,52.7391263540771
74.54337929934678,52.744510733799245
74.34516422430973,52.75043941567791
74.14615403413164,52.756913623080855
73.9463483467908,52.76393448200838
73.7457468334032,52.77150301823901
73.54434921996778,52.77962015442994
73.34215528914275,52.78828670717325
73.1391648820528,52.79750338400843
72.93537790012655,52.80727078039238
72.73079430696376,52.81758937662794
72.52541413023134,52.828459534751985
72.31923746358781,52.83988149538454
72.11226446863499,52.851855374540406
71.90449537689622,52.86438116040467
71.69593049181996,52.87745871007411
71.48657019080768,52.891087746266116
71.2764149272648,52.9052678539973
71.06546523267335,52.91999847723394
70.85372171868498,52.93527891551658
70.64118507923253,52.95110832056138
70.42785609265881,52.96748569284077
70.21373562386061,52.9844098781463
69.99882462644608,53.001879564136914
69.78312414490338,53.01989327687548
69.56663531677873,53.038449377357345
69.34935937486114,53.05754605803432
69.13129764937186,53.07718133933788
68.91245157015571,53.09735306620564
68.69282266887177,53.118058904615125
68.47241258118062,53.1392963381294
68.25122304892511,53.1610626644589
68.0292559223018,53.18335499204442
67.80651316201958,53.206170236666004
67.58299684144254,53.22950511808304
67.3587091487132,53.25335615671086
67.13365238885285,53.27771967033927
66.90782898583527,53.302591770898815
66.68124148462968,53.32796836128061
66.45389255320951,53.35384513221584
66.22578498452242,53.38021755922106
65.99692169841772,53.407080899615764
65.76730574352689,53.43443018961869
65.53694029909262,53.46226024152955
65.30582867674222,53.490565641003016
65.07397432220074,53.51934074442179
64.84138081693904,53.5485796763758
64.60805187975247,53.5782763272547
64.37399136826512,53.60842435096075
64.13920328035515,53.639017162749354
63.90369175549622,53.67004793720449
63.66746107601034,53.701509606356375
63.43051566822735,53.73339485794859
63.19286010354609,53.765696133861965
62.95449909939272,53.79840562870243
62.71543752007131,53.831515288560006
62.475680377502144,53.865016809945885
62.23523283184304,53.89890163891473
61.99410019198945,53.933160970378815
61.75228791594861,53.96778574762073
61.509801611083844,54.002766662010984
61.26664703422477,54.03809415293688
61.02283009163943,54.07375840794842
60.77835683886477,54.10974936312699
60.53323348039184,54.14605670368227
60.28746636920246,54.18266986478227
60.04106200615421,54.219578032621115
59.79402703921113,54.256770145729064
59.546368262517426,54.29423489652834
59.298092615312136,54.33196073313833
59.04920718068273,54.369935861433056
58.79971918415627,54.40814824735325
58.54963599212668,54.44658561947509
58.298965110117535,54.48523547183673
58.047714180879744,54.524085067023755
57.79589098232414,54.56312143951337
57.5435034252893,54.60233139927729
57.290559551145336,54.64170153564212
57.03706752923477,54.681218221405636
56.783035654152265,54.720867617206785
56.52847234286503,54.7606356761464
56.273386131676524,54.80050814865509
56.01778567303631,54.840470587604166
55.76167973219936,54.8805083536546
55.50507718373875,54.92060662083869
55.24798700791568,54.96075038236808
54.99041828691181,55.00092445666154
54.73238020092855,55.04111349358492
54.47388202415921,55.08130198089545
54.214933120639394,55.12147425088161
53.955542939982266,55.16161448718959
53.695721013004984,55.20170673182642
53.43547694725336,55.24173489232983
53.174820422432006,55.28168274909384
52.91376118574736,55.32153396283917
52.65230904717166,55.36127208221675
52.390473874635674,55.40088055153241
52.12826558915867,55.44034271858052
51.865694159924054,55.47964184257382
51.60276959930926,55.51876110215682
51.33950195787886,55.55768360348938
51.0759013193496,55.59639238838749
50.81197779553649,55.63487044250776
50.547741521288955,55.673100703562056
50.283202649425924,55.71106606954898
50.018371345679185,55.74874940698852
49.75325778365363,55.78613355914658
49.487872139813575,55.82320135423585
49.22222458850374,55.859935613580134
48.956325297013684,55.8963191597288
48.69018442069394,55.9323348245088
48.423812098132494,55.96796545700173
48.15721844639921,56.003193931433636
47.89041355636644,56.038003154965885
47.62340748811296,56.0723760753755
47.35621026641883,56.106295688614075
47.08883187635776,56.13974504623458
46.821282258993875,56.17270726267596
46.55357130718888,56.20516552239597
46.285708861525585,56.23710308684319
46.01770470635333,56.268503301259564
45.7495685659603,56.29934960130566
45.48131010087756,56.32962551950109
45.21293890431887,56.35931469147353
44.944464498760496,56.38840086200981
44.675896332664145,56.41686789090381
44.40724377734624,56.44469975859594
44.138516123996176,56.471880571599925
43.869722580845654,56.49839456771309
43.60087227049096,56.524226121007
43.33197422736961,56.54935974659581
43.063037395392236,56.57378010518046
42.79407062573048,56.59747200736706
42.52508267476089,56.620420417758865
42.25608220216495,56.64261045882137
41.98707776918447,56.66402741452076
41.71807783703162,56.68465673373637
41.44909076545246,56.704484033448566
41.1801248114423,56.72349510170346
40.9111881281113,56.74167590035677
40.6422887636981,56.7590125675992
40.373434660729124,56.77549142026653
40.1046336553211,56.791098955937436
39.83589347662375,56.80582185482287
39.56722174639983,56.81964698145099
39.29862597873912,56.83256138615187
39.03011357990305,56.84455230634659
38.76169184829636,56.855607167645395
38.493367974561934,56.865713584760194
38.22514904179528,56.874859362236364
37.95704202587425,56.883032495009445
37.68905379590044,56.89022116879218
37.421191114747664,56.89641376029765
37.15346063971365,56.9015988373042
36.88586892327054,56.90576515856821
36.61842241391,56.90890167359039
36.351127457078476,56.910997522241836
36.08399029619858,56.91204203425564
35.817017073771964,56.912024728590275
35.55021383255964,56.910935312670546
35.28358651683538,56.90876368151226
35.0171409737079,56.905499916736495
34.750882954507865,56.90113428547926
34.4848181162353,56.89565723920253
34.21895202306358,56.88905941241228
33.953290147895856,56.8813316212892
33.687837873970075,56.872464862237564
33.422600496508714,56.862450310357865
33.15758322440951,56.85127931784832
32.892791181973486,56.83894341234059
32.62822941066676,56.82543429517471
32.36390287091267,56.81074383961815
32.09981644391077,56.794864089033794
31.83597493347961,56.777787255001556
31.572383067920022,56.75950571539789
31.30904550189593,56.740012012437795
31.045966818329717,56.719298850683344
30.78315153030942,56.69735909502271
30.520604083004997,56.67418576862373
30.258328855591028,56.649772050865536
29.996330163173493,56.624111275251906
29.73461225871815,56.59719692730966
29.473179334978294,56.56902264247545
29.212035526419765,56.5395822039739
28.951184911141105,56.508869540690064
28.690631512786986,56.4768787250391
28.43037930245302,56.44360397083562
28.17043220058024,56.409039631165335
27.910794078837622,56.37318019626127
27.65146876199104,56.33602029138686
27.39246002975732,56.297554674727856
27.133771618641898,56.257778235295135
26.875407223758934,56.21668599084015
26.617370500632614,56.1742730857847
26.359665066978568,56.130534789166695
26.10229450446438,56.085466492603246
25.84526236044826,56.03906370827248
25.588572149694958,55.991322066915345
25.332227356068188,55.94223731585852
25.076231434198785,55.8918053170594
24.82058781112792,55.840022045174194
24.565299887924823,55.786883585649846
24.310371041278447,55.732386132840716
24.05580462506254,55.676525988150466
23.80160397187378,55.61929955819994
23.547772394542566,55.560703353021346
23.294313187616076,55.500733984279414
23.041229628813433,55.439388163519645
22.788524980452607,55.37666270044415
22.536202490849007,55.31255450121515
22.28426539568546,55.247060566786445
22.032716919353586,55.18017799126287
21.781560276266415,55.1119039602879
21.530798672142257,55.042235749459266
21.280435305259736,54.971170722772726
21.030473367684092,54.89870633109376
20.78091604646473,54.824840110657206
20.531766524804112,54.74956968159449
20.283027983198092,54.672892746488465
20.034703600547786,54.59480708895551
19.786796555243136,54.515310572254585
19.539310026218317,54.43440113792304
19.29224719397917,54.35207680443889
19.045611241602817,54.268335665909
18.799405355709748,54.18317589078314
18.553632727408466,54.09659572059314
18.30829655321307,54.00859346871713
18.063400035933906,53.91916751916809
17.818946385541622,53.82831632540652
17.574938820004828,53.73603840917662
17.331380566101657,53.64233235936561
17.088274860205544,53.54719683088564
16.845624949045455,53.45063054357781
16.603434090440867,53.35263228113789
16.36170555401185,53.253200890063106
16.12044262186448,53.1523352786195
15.879648589251945,53.05003441582952
15.639326765211617,52.94629733047902
15.399480473178427,52.84112311014346
15.160113051574838,52.734510900232486
14.921227854377737,52.62645990305265
14.68282825166257,52.516969376887474
14.444917630125028,52.40603863509455
14.207499393580582,52.293667045219024
13.970576963442229,52.179854028122925
13.734153779176712,52.06459905712993
13.49823329873956,51.947901657185014
13.262818998989252,51.82976140402831
13.02791437608081,51.71017792338292
12.793522945839142,51.58915089015603
12.559648244112411,51.46668002765276
12.326293827105795,51.34276510680247
12.093463271695853,51.21740594539686
11.861160175725884,51.09060240733938
11.629388158282499,50.96235440190558
11.398150859953759,50.83266188301388
11.167451943069121,50.70152484850629
10.937295091921506,50.56894333943861
10.707684012971763,50.43491743937975
10.478622435035799,50.29944727371961
10.250114109454666,50.1625330089852
10.022162810247858,50.02417485216456
9.794772334250109,49.88437305003799
9.567946501231914,49.74312788851632
9.34168915400409,49.60043969198567
9.116004158506568,49.45630882265855
8.890895403881727,49.31073567993063
8.66636680253247,49.163720699743095
8.442422290165311,49.01526435395003
8.219065825818706,48.86536714969063
7.996301391876852,48.714029628765815
7.774132994069201,48.561252367019
7.552564661455906,48.40703597372061
7.331600446399412,48.25138109095614
7.111244424522429,48.09428839301742
6.891500694652478,47.935758585796826
6.672373378753244,47.775792406184095
6.453866621842905,47.614390621465624
6.23598459189968,47.45155402872584
6.018731479754752,47.28728345425059
5.8021114989727804,47.1215797529321
5.586128885720183,46.95444380767551
5.370787898621369,46.78587652880663
5.156092818603099,46.615878853480794
4.942047948727147,46.444451745092564
4.728657614011432,46.27159619268625
4.51592616123979,46.09731321036689
4.303857958760524,45.921603836711725
4.09245739627392,45.744469134181905
3.8817288846088402,45.56591018853437
3.671676855488572,45.38592810823374
3.462305761286049,45.20452402386424
3.2536200747685924,45.02169908754131
3.0456242888322937,44.83745447232312
2.8383229162261707,44.65179137162172
2.631720489266208,44.464710998613874
2.4258215595394046,44.27621458565143
2.2206306975979277,44.08630338367136
2.016152492643486,43.89497866160521
1.8123915522020109,43.70224170578828
1.6093525017887402,43.508093819368206
1.4070399845637933,43.31253632171318
1.2054586609783104,43.11557054781976
1.0046132084112358,42.917197847720324
0.8045083207968079,42.717419585890255
0.605148708242818,42.51623714065487
0.40653909663969123,42.313651903596224
0.20868422726043637,42.10966527895987
0.011588856351504377,41.90427868306171
-0.18474224528541167,41.697493543695
-0.3803042927206108,41.48931129953776
-0.575092487332635,41.27973339956056
-0.7691020172535271,41.06876130243512
-0.9623280578230955,40.85639647594361
-1.1547657720521913,40.642640396389055
-1.3464103110950159,40.427494548007004
-1.5372568147304828,40.21096042237868
-1.727300411852667,39.99303951784581
-1.916536220970389,39.77373333892749
-2.104959350715982,39.553043395739365
-2.2925649003633133,39.33097120341524
-2.479347960355122,39.1075182815317
-2.6653036128397765,38.882686153535914
-2.850426932217528,38.65647634617685
-3.0347129856963844,38.42889038894065
-3.2181568338577127,38.1999298134901
-3.400753531231712,37.9695961531089
-3.582498126882891,37.737890942151104
-3.7633856650057234,37.50481571549601
-3.943411185530633,37.270372008009204
-4.122569724740514,37.03456135401009
-4.3008563158979785,36.79738528674642
-4.478265989883535,36.55884533787641
-4.654793775844957,36.318943036959
-4.830434701858059,36.07767991095268
-5.005183795599161,35.83505748372376
-5.179036085029516,35.5910772755644
-5.351986599091999,35.34574080272127
-5.524030368420379,35.09904957693541
-5.695162426061494,34.85100510499401
-5.865377808210705,34.601608888294884
-6.034671554960978,34.350862422424264
-6.203038711066021,34.098767196748845
-6.37047432671785,33.845324694022835
-6.536973458339265,33.5905363900108
-6.702531169391659,33.33440375312725
-6.867142531198676,33.07692824409387
-7.030802623786188,32.818111315615276
-7.193506536739164,32.557954412074295
-7.35524937007596,32.296458969247794
-7.516026235140604,32.03362641404411
-7.6758322555137255,31.76945816426307
-7.834662567942722,31.50395562837983
-7.992512323291854,31.237120205353616
-8.149376687512953,30.96895328446256
-8.305250842637463,30.699456245165887
-8.460129987790573,30.428630456994718
-8.614009340228225,30.156477279472803
-8.76688413639781,29.88299806206852
-8.918749633023403,29.60819414417958
-9.069601108216412,29.332066855151854
-9.21943386261258,29.05461751433382
-9.368243220536241,28.7758474311682
-9.516024531192889,28.495757905322325
-9.662773169890997,28.2143502268589
-9.808484539294218,27.93162567644888
-9.953154070705025,27.64758552562811
-10.096777225380924,27.36223103709962
-10.239349495884424,27.075563465083366
-10.380866407467979,26.787584055715314
-10.521323519495128,26.498294047497858
-10.660716426899167,26.207694671803512
-10.799040761680622,25.91578715343405
-10.936292194444963,25.62257271123707
-11.07246643598192,25.328052558782325
-11.207559238887868,25.0322279050999
-11.341566399232805,24.735099955482692
-11.474483758273413,24.43666991235537
-11.606307204213802,24.13693897621241
-11.737032674015557,23.835908346627534
-11.86665615525874,23.533579223337156
-11.995173688055546,23.22995280740043
-12.122581367018343,22.925030302438497
-12.248875343283876,22.61881291595568
-12.374051826595451,22.31130186074539
-12.498107087444945,22.002498356383512
-12.621037459276506,21.6924036308122
-12.742839340753891,21.38101892201695
-12.863509198093364,21.068345479799973
-12.983043567464126,20.754384567652842
-13.101439057458308,20.439137464731516
-13.218692351632505,20.122605467936783
-13.334800211122946,19.80478989410337
-13.449759477336318,19.485692082300783
-13.56356707471835,19.165313396249168
-13.676220013602222,18.843655226853365
-13.787715393138894,18.520718994858477
-13.89805040431144,18.196506153630107
-14.00722233303547,17.871018192062664
-14.115228563347692,17.544256637618886
-14.222066580684686,17.216223059503918
-14.327733975253897,16.886919071977147
-14.432228445498817,16.556346337804992
-14.535547801660334,16.22450657185788
-14.637689969436106,15.891401544854427
-14.738652993739814,15.55703308725598
-14.838435042562018,15.221403093314464
-14.93703441093434,14.88451352527638
-15.034449524998475,14.546366417745803
-15.130678946181574,14.206963882209
-15.225721375479297,13.8663081117232
-15.319575657847741,13.52440138577187
-15.412240786705322,13.18124607528868
-15.503715908545486,12.83684464785213
-15.59400032766093,12.491199673052591
-15.683093510979848,12.144313828033285
-15.770995093014456,11.7961899032064
-15.857704880921832,11.446830808145318
-15.943222859676823,11.096239577653517
-16.027549197356468,10.744419378010422
-16.110684250535158,10.391373513394061
-16.192628569789296,10.03710543247995
-16.273382905309933,9.681618735215208
-16.352948212621506,9.324917179766397
-16.43132565840429,8.96700468963905
-16.50851662641783,8.607885360966323
-16.5845227235221,8.247563469963556
-16.659345785792656,7.886043480544943
-16.732987884725546,7.5233300520978155
-16.80545133352715,7.1594280474093
-16.876738693483535,6.794342540739406
-16.94685278040339,6.4280788260337545
-17.0157966711278,6.060642425268344
-17.083573710099635,5.692039096917864
-17.150187515984467,5.32227484453816
-17.215641988334305,4.951355925452456
-17.27994131428464,4.579288859530003
-17.34308997527452,4.206080438044731
-17.405092753778618,3.831737732600462
-17.465954740039297,3.456268104108095
-17.52568133878603,3.079679211799094
-17.584278275928458,2.7019790222584095
-17.641751605208732,2.323175818458822
-17.69810771479763,1.9432782087774678
-17.75335333381826,1.5622951359741306
-17.807495538780213,1.1802358861096427
-17.860541759906038,0.7971100973815298
-17.912499787331182,0.41292776885282745
-17.963377777157532,0.02769926904878625
-18.01318425733992,-0.35856465560498374
-18.061928133384136,-0.7458528725305374
-18.10961869383409,-1.134153854960501
-18.15626561552518,-1.5234556741456347
-18.20187896858007,-1.9137459918378348
-18.24646922112248,-2.305012053080286
-18.29004724368409,-2.6972406793373325
-18.33262431327896,-3.0904182619973883
-18.374212117119644,-3.4845307562828753
-18.41482275594871,-3.8795636756017045
-18.45446874695917,-4.275502086375233
-18.493163026277184,-4.672330603377888
-18.53091895098048,-5.070033385623774
-18.567750300625892,-5.468594132835518
-18.603671278259842,-5.867996082530377
-18.638696510885833,-6.2682220077582205
-18.67284104936374,-6.66925421552537
-18.706120367716235,-7.071074545937458
-18.73855036181866,-7.473664372093424
-18.770147347449697,-7.87700460076148
-18.800928057681332,-8.281075673866395
-18.830909639588125,-8.685857570815699
-18.860109650257268,-9.091329811690445
-18.88854605208274,-9.497471461323912
-18.916237207328724,-9.904261134289253
-18.943201871949693,-10.311677000814354
-18.969459188656664,-10.719696793639253
-18.995028679221743,-11.128297815828377
-19.019930236015536,-11.537456949546502
-19.044184112774822,-11.947150665803777
-19.067810914600734,-12.357355035171476
-19.090831587190664,-12.768045739466276
-19.11326740531021,-13.179198084396779
-19.13513996051466,-13.590787013161975
-19.15647114813276,-14.00278712098702
-19.177283153528723,-14.41517267057749
-19.197598437661853,-14.827917608468924
-19.217439721966343,-15.240995582244162
-19.236829972577162,-15.654379958586691
-19.25579238393112,-16.068043842133996
-19.274350361775383,-16.481960095090745
-19.292527505618704,-16.896101357557725
-19.310347590663604,-17.310440068528482
-19.327834549260483,-17.724948487502118
-19.34501245192719,-18.13959871665714
-19.361905487980035,-18.5543627235283
-19.378537945824363,-18.96921236412527
-19.394934192954686,-19.384119406429654
-19.411118655716155,-19.799055554204532
-19.427115798880394,-20.213992471048883
-19.44295010508997,-20.62890180462782
-19.458646054226485,-21.043755211008428
-19.474228102757785,-21.458524379030433
-19.489720663120004,-21.87318105464048
-19.50514808319001,-22.287697065119193
-19.520534625903398,-22.702044343130556
-19.535904449072348,-23.116194950524214
-19.55128158545678,-23.530121101822676
-19.56668992314069,-23.943795187327076
-19.58215318626409,-24.35718979577738
-19.597694916158993,-24.770277736505328
-19.613338452935775,-25.183032061021194
-19.629106917563874,-25.595426083978566
-19.645023194488193,-26.007433403464766
-19.661109914819885,-26.41902792056805
-19.67738944013711,-26.83018385817658
-19.693883846928525,-27.240875778968245
-19.710614911708863,-27.651078602554403
-19.72760409683288,-28.060767621744997
-19.744872537030524,-28.46991851790675
-19.762441026682886,-28.878507375390523
-19.780330007855092,-29.28651069500836
-19.798559559099004,-29.693905406544943
-19.817149385035258,-30.100668880292645
-19.836118806720844,-30.5067789376035
-19.855486752805515,-30.91221386045546
-19.87527175147689,-31.3169524000344
-19.895491923191493,-31.720973784336994
-19.91616497418593,-32.124257724803385
-19.937308190759868,-32.5267844219918
-19.958938434319887,-32.928534570310696
-19.9810721371709,-33.32948936182691
-20.003725299039818,-33.729630489171015
-20.026913484313845,-34.12894014756385
-20.05065181997433,-34.527401035990145
-20.07495499420513,-34.92499635754751
-20.099837255653195,-35.321709819000766
-20.125312413317797,-35.71752562957304
-20.151393837043614,-36.11242849900658
-20.178094458592117,-36.50640363492721
-20.205426773264932,-36.899436739547184
-20.23340284205215,-37.291514005741995
-20.26203429427837,-37.68262211253696
-20.29133233071878,-38.07274822003984
-20.32130772715763,-38.461879963855566
-20.351970838361293,-38.85000544901933
-20.38333160243844,-39.23711324348379
-20.415399545559946,-39.62319237119583
-20.448183787011573,-40.00823230479769
-20.481693044552937,-40.3922229579867
-20.51593564005679,-40.775154677566995
-20.55091950540321,-41.15701823522573
-20.586652188604162,-41.537804819065215
-20.623140860134306,-41.91750602492173
-20.660392319445126,-42.29611384750009
-20.698413001639953,-42.67362067135245
-20.737208984288493,-43.050019261728295
-20.776785994360367,-43.42530275532136
-20.817149415257983,-43.799464650938226
-20.85830429393013,-44.17249880011177
-20.90025534804852,-44.544399397681495
-20.94300697323047,-44.9151609723617
-20.986563250291884,-45.28477837731676
-21.030927952515576,-45.65324678076203
-21.076104552920967,-46.020561656607306
-21.122096231521965,-46.38671877515874
-21.168905882560914,-46.75171419389389
-21.216536121707122,-47.115544248323495
-21.2649892932096,-47.478205542952416
-21.314267476994146,-47.839694942351
-21.364372495696006,-48.20000956234746
-21.415305921619854,-48.55914676135038
-21.46706908361972,-48.91710413180986
-21.519663073892136,-49.273879491824886
-21.573088754676423,-49.6294708769034
-21.627346764856725,-49.98387653188098
-21.68243752646097,-50.33709490300321
-21.738361251052524,-50.68912463017595
-21.795117946010855,-51.03996453938712
-21.852707420698028,-51.38961363530319
-21.911129292508317,-51.7380710940423
-21.97038299279876,-52.08533625612622
-22.03046777269876,-52.43140861961214
-22.091382708797372,-52.77628783340514
-22.15312670870726,-53.11997369075159
-22.215698516504514,-53.462466122913405
-22.2790967180441,-53.803765193022585
-22.343319746150737,-54.14387109011522
-22.40836588568543,-54.48278412334368
-22.47423327848814,-54.82050471636551
-22.540919928197187,-55.157033401907356
-22.608423704946297,-55.49237081650169
-22.676742349940383,-55.82651769539433
-22.745873479911232,-56.15947486762012
-22.81581459145457,-56.491243251244285
-22.88656306524995,-56.821823848766655
-22.958116170165212,-57.15121774268581
-23.030471067247174,-57.47942609122021
-23.10362481360049,-57.80645012418318
-23.177574366156588,-58.13229113900846
-23.25231658533468,-58.45695049692315
-23.32784823859698,-58.780429619264744
-23.404166003900162,-59.102729983938794
-23.481266473045295,-59.42385312201379
-23.559146154928438,-59.74380061445007
-23.637801478694083,-60.06257408895905
-23.717228796793737,-60.38017521698943
-23.79742438795183,-60.69660571083712
-23.878384460041268,-61.01186732087523
-23.960105152870835,-61.32596183290097
-24.0425825408867,-61.638891065595864
-24.12581263579027,-61.95065686809618
-24.209791389074613,-62.2612611176702
-24.294514694481638,-62.57070571749897
-24.379978390382192,-62.878992594557566
-24.46617826208126,-63.1861236975935
-24.55311004405038,-63.492100995199365
-24.640769422089313,-63.796926473976455
-24.729152035419112,-64.10060213678663
-24.818253478708534,-64.4031300010893
-24.90806930403583,-64.70451209736073
-24.99859502278783,-65.00475046759293
-25.089826107498236,-65.30384716386921
-25.181757993627027,-65.60180424701397
-25.274386081282735,-65.89862378531394
-25.36770573688944,-66.19430785330827
-25.461712294800222,-66.4888585306452
-25.556401058858707,-66.7822779010027
-25.651767303910464,-67.07456805107078
-25.747806277265784,-67.36573106959327
-25.844513200115504,-67.6557690464666
-25.941883268901297,-67.94468407189376
-26.039911656642055,-68.2324782355909
-26.138593514217675,-68.51915362604505
-26.2379239716118,-68.80471232982042
-26.337898139114753,-69.08915643091181
-26.43851110848808,-69.372488010143
-26.539757954091982,-69.6547091446084
-26.64163373397683,-69.93582190715614
-26.744133490940055,-70.2158283659111
-26.847252253549538,-70.49473058383587
-26.95098503713464,-70.7725306183285
-27.055326844746023,-71.04923052085502
-27.160272668085252,-71.3248323366157
-27.265817488405283,-71.59933810424327
-27.371956277382804,-71.8727498555318
-27.4786839979634,-72.14506961519501
-27.58599560518047,-72.41629940065256
-27.693886046948823,-72.68644122184313
-27.80235026483379,-72.95549708106297
-27.911383194796734,-73.22346897282905
-28.02097976791775,-73.49035888376527
-28.131134911096343,-73.75616879251085
-28.241843547730845,-74.02090066964996
-28.353100598377313,-74.2845564776613
-28.464900981388592,-74.54713817088684
-28.577239613534246,-74.80864769551877
-28.690111410602018,-75.0690869896036
-28.803511287981415,-75.32845798306273
-28.91743416123009,-75.58676259772845
-29.031874946623546,-75.84400274739468
-29.146828561688764,-76.10018033788175
-29.262289925722296,-76.35529726711408
-29.37825396029337,-76.60935542521061
-29.49471558973246,-76.86235669458665
-29.611669741605844,-77.11430295006704
-29.72911134717665,-77.36519605900956
-29.84703534185276,-77.61503788143818
-29.965436665622093,-77.86383027018547
-30.084310263475643,-78.11157507104357
-30.20365108581863,-78.35827412292335
-30.323454088870285,-78.60392925802081
-30.443714235052493,-78.84854230199079
-30.56442649336772,-79.09211507412682
-30.68558583976659,-79.3346493875474
-30.807187257505404,-79.57614704938739
-30.929225737493926,-79.81660986099494
-31.05169627863375,-80.05603961813281
-31.174593888147538,-80.29443811118422
-31.297913581899422,-80.53180712536242
-31.421650384706812,-80.76814844092391
-31.54579933064391,-81.0034638333849
-31.67035546333714,-81.23775507374037
-31.795313836252777,-81.47102392868594
-31.92066951297695,-81.70327216084169
-32.04641756748831,-81.93450152897803
-32.17255308442353,-82.16471378824312
-32.29907115933579,-82.39391069039155
-32.425966898946626,-82.62209398401426
-32.5532354213911,-82.84926541476902
-32.68087185645661,-83.07542672561175
-32.80887134581551,-83.30057965702795
-32.93722904325167,-83.52472594726434
-33.06594011488111,-83.74786733256046
-33.194999739366956,-83.97000554737977
-33.32440310812877,-84.19114232464052
-33.454145425546436,-84.41127939594575
-33.58422190915875,-84.63041849181249
-33.714627789856806,-84.8485613418999
-33.845358312072335,-85.06570967523633
-33.97640873396114,-85.28186522044498
-34.10777432758166,-85.49702970596806
-34.239450379068835,-85.71120486028931
-34.3714321888034,-85.92439241215494
-34.50371507157663,-86.13659409079249
-34.63629435675074,-86.34781162612778
-34.76916538841492,-86.55804674899987
-34.902323525537156,-86.76730119137363
-35.03576414211198,-86.97557668655011
-35.16948262730409,-87.18287496937455
-35.303474385588046,-87.38919777644178
-35.43773483688408,-87.59454684629915
-35.57225941669008,-87.79892391964677
-35.7070435762098,-88.00233073953504
-35.84208278247745,-88.20476905155938
-35.97737251847863,-88.40624060405212
-36.11290828326775,-88.60674714827138
-36.248685592081934,-88.80629043858715
-36.38469997645153,-89.00487223266418
-36.520946984307216,-89.20249429164187
-36.65742218008385,-89.399158380311
-36.79412114482096,-89.59486626728737
-36.93103947626018,-89.78961972518215
-37.06817278893934,-89.98342053076904
-37.205516714283625,-90.17627046514815
-37.343066900693515,-90.36817131390664
-37.48081901362982,-90.55912486727591
-37.61876873569569,-90.7491329202856
-37.75691176671569,-90.9381972729141
-37.89524382381197,-91.12631973023574
-38.033760641477635,-91.31350210256463
-38.17245797164724,-91.49974620559496
-38.31133158376454,-91.685053860538
-38.450377264847475,-91.86942689425565
-38.5895908195505,-92.0528671393905
-38.72896807022418,-92.23537643449251
-38.86850485697218,-92.41695662414229
-39.00819703770565,-92.5976095590708
-39.148040488195065,-92.77733709627584
-39.28803110211944,-92.95614109913487
-39.42816479111313,-93.13402343751451
-39.568437484810104,-93.3109859878768
-39.70884513088574,-93.4870306333817
-39.849383695096286,-93.66215926398645
-39.99004916131584,-93.83637377654149
-40.13083753157099,-94.00967607488303
-40.271744826073146,-94.18206806992212
-40.41276708324854,-94.3535516797306
-40.55390035976591,-94.52412882962355
-40.695140730562,-94.69380145223857
-40.83648428886475,-94.8625714876116
-40.97792714621434,-95.03044088324972
-41.119465432481995,-95.19741159420043
-41.2610952958867,-95.36348558311798
-41.40281290300972,-95.52866482032628
-41.54461443880707,-95.69295128387878
-41.68649610661984,-95.85634695961518
-41.82845412818253,-96.01885384121489
-41.9704847436293,-96.18047393024766
-42.11258421149821,-96.34120923622083
-42.25474880873351,-96.50106177662381
-42.39697483068594,-96.66003357696935
-42.539258591111086,-96.81812667083203
-42.68159642216583,-96.97534309988353
-42.823984674402894,-97.13168491392531
-42.966419716763525,-97.2871541709181
-43.10889793656834,-97.44175293700872
-43.2514157395063,-97.595483286554
-43.39396954962195,-97.74834730214197
-43.53655580930083,-97.90034707461017
-43.679170979253115,-98.05148470306138
-43.82181153849561,-98.20176229487656
-43.96447398433191,-98.35118196572513
-44.107154832330956,-98.49974583957271
-44.249850616303895,-98.6474560486862
-44.392557888279335,-98.79431473363623
-44.53527321847688,-98.94032404329734
-44.67799319527919,-99.08548613484535
-44.820714425202375,-99.22980317375252
-44.96343353286486,-99.3732773337802
-45.10614716095475,-99.51591079696907
-45.24885197019563,-99.65770575362716
-45.39154463931095,-99.7986644023154
-45.53422186498684,-99.93878894983098
-45.67688036183361,-100.0780816111885
-45.81951686234572,-100.21654460959886
-45.96212811686044,-100.35418017644596
-46.10471089351506,-100.49099055126146
-46.24726197820283,-100.62697798169708
-46.38977817452748,-100.76214472349524
-46.53225630375648,-100.89649304045736
-46.674693204773085,-101.03002520441042
-46.81708573402694,-101.16274349517136
-46.95943076548364,-101.2946502005097
-47.101725190572935,-101.42574761610818
-47.24396591813583,-101.5560380455217
-47.38614987437042,-101.68552380013422
-47.52827400277667,-101.8142071991141
-47.670335264100046,-101.94209056936755
-47.81233063627394,-102.06917624549048
-47.954257114361184,-102.19546656971858
-48.09611171049435,-102.32096389187582
-48.237891453815095,-102.44567056932132
-48.379593390412474,-102.56958896689468
-48.52121458326025,-102.69272145685967
-48.66275211215322,-102.81507041884657
-48.804203073642626,-102.9366382397929
-48.94556458097062,-103.05742731388277
-49.086833764003806,-103.17744004248485
-49.22800776916593,-103.29667883408887
-49.369083759369694,-103.4151461042409
-49.51005891394774,-103.53284427547723
-49.65093042858276,-103.64977577725693
-49.79169551523693,-103.76594304589335
-49.93235140208043,-103.88134852448417
-50.07289533341932,-103.99599466284039
-50.21332456962263,-104.10988391741418
-50.353636387048745,-104.22301875122552
-50.49382807797112,-104.33540163378782
-50.63389695050332,-104.44703504103242
-50.7738403285234,-104.55792145523203
-50.91365555159768,-104.66806336492328
-51.05333997490391,-104.77746326482814
-51.192890969153886,-104.88612365577444
-51.33230592051538,-104.99404704461553
-51.47158223053374,-105.10123594414894
-51.61071731605274,-105.2076928730342
-51.749708609135126,-105.31342035570991
-51.888553556982544,-105.41842092230975
-52.02724962185507,-105.52269710857801
-52.16579428099033,-105.62625145578416
-52.30418502652214,-105.72908651063658
-52.44241936539876,-105.8312048251959
-52.58049481930081,-105.93260895678733
-52.71840892455879,-106.03330146791248
-52.856159232070254,-106.13328492616048
-52.99374330721675,-106.23256190411855
-53.131158729780275,-106.33113497928186
-53.26840309385969,-106.42900673396288
-53.40547400778666,-106.52617975520025
-53.542369094041455,-106.62265663466692
-53.67908598916857,-106.71843996857804
-53.81562234369199,-106.81353235759809
-53.951975822030434,-106.90793640674777
-54.08814410241229,-107.00165472531033
-54.22412487679052,-107.0946899267375
-54.359915850757325,-107.18704462855501
-54.49551474345878,-107.27872145226772
-54.6309192875093,-107.3697230232644
-54.76612722890611,-107.46005197072218
-54.90113632694356,-107.5497109275106
-55.03594435412744,-107.63870253009541
-55.17054909608928,-107.72702941844211
-55.30494835150065,-107.81469423591908
-55.43913993198736,-107.90169962920059
-55.57312166204384,-107.98804824816952
-55.70689137894741,-108.07374274581989
-55.84044693267271,-108.15878577815904
-55.97378618580616,-108.24318000410983
-56.10690701346047,-108.3269280854125
-56.239807303189316,-108.41003268652646
-56.372484954902085,-108.49249647453188
-56.50493788077878,-108.57432211903115
-56.63716400518505,-108.65551229205028
-56.76916126458738,-108.73606966794013
-56.90092760746848,-108.81599692327761
-57.03246099424285,-108.89529673676674
-57.16375939717253,-108.97397178913965
-57.294820800283105,-109.05202476305766
-57.42564319927993,-109.1294583430121
-57.55622460146457,-109.20627521522529
-57.68656302565154,-109.28247806755144
-57.81665650208529,-109.35806958937754
-57.9465030723575,-109.4330524715242
-58.07610078932467,-109.50742940614674
-58.20544771702593,-109.58120308663595
-58.33454193060137,-109.65437620751926
-58.46338151621051,-109.72695146436166
-58.591964570951205,-109.79893155366688
-58.72028920277889,-109.87031917277858
-58.84835353042626,-109.9411170197816
-58.97615568332321,-110.0113277934033
-59.10369380151726,-110.08095419291502
-59.23096603559435,-110.14999891803369
-59.357970546600065,-110.21846466882342
-59.48470550596129,-110.28635414559739
-59.61116909540826,-110.35367004881975
-59.737359506897086,-110.42041507900768
-59.86327494253278,-110.48659193663364
-59.98891361449265,-110.55220332202778
-60.11427374495023,-110.61725193528041
-60.2393535659997,-110.6817404761448
-60.36415131958076,-110.74567164393999
-60.48866525740407,-110.80904813745393
-60.61289364087715,-110.8718726548467
-60.73683474103074,-110.93414789355403
-60.86048683844589,-110.99587655019089
-60.983848223181326,-111.05706132045539
-61.10691719470157,-111.11770489903289
-61.2296920618055,-111.17780997950025
-61.3521711425555,-111.23737925423043
-61.47435276420717,-111.29641541429716
-61.596235263139626,-111.35492114937998
-61.717816984786346,-111.4128991476695
-61.839096283566676,-111.47035209577281
-61.960071522817785,-111.52728267861923
-62.080741074727406,-111.58369357936627
-62.20110332026703,-111.63958747930592
-62.32115664912578,-111.69496705777104
-62.440899459644925,-111.74983499204224
-62.56033015875289,-111.80419395725482
-62.67944716190111,-111.85804662630608
-62.79824889300027,-111.91139566976291
-62.91673378435742,-111.9642437557697
-63.034900276613484,-112.01659354995638
-63.15274681868166,-112.06844771534692
-63.27027186768632,-112.119808912268
-63.38747388890254,-112.17067979825804
-63.50435135569645,-112.22106302797654
-63.620902749466076,-112.2709612531136
-63.73712655958294,-112.32037712229992
-63.8530212833343,-112.36931328101694
-63.96858542586609,-112.41777237150737
-64.08381750012644,-112.46575703268603
-64.19871602681005,-112.51326990005099
-64.31327953430306,-112.56031360559497
-64.42750655862872,-112.60689077771721
-64.54139564339366,-112.65300404113547
-64.65494533973495,-112.69865601679847
-64.76815420626777,-112.74384932179858
-64.88102080903376,-112.78858656928494
-64.99354372145012,-112.83287036837687
-65.10572152425938,-112.87670332407744
-65.21755280547981,-112.92008803718763
-65.32903616035665,-112.96302710422069
-65.44017019131385,-113.00552311731686
-65.5509535079067,-113.0475786641584
-65.66138472677504,-113.08919632788495
-65.77146247159718,-113.13037868700933
-65.8811853730445,-113.17112831533356
-65.99055206873686,-113.21144778186529
-66.09956120319855,-113.25133965073455
-66.20821142781499,-113.29080648111088
-66.31650140079022,-113.32985082712077
-66.42442978710493,-113.36847523776547
-66.53199525847528,-113.40668225683915
-66.63919649331238,-113.44447442284742
-66.74603217668249,-113.48185426892618
-66.85250100026785,-113.51882432276089
-66.95860166232826,-113.55538710650606
-67.0643328676633,-113.59154513670532
-67.16969332757526,-113.62730092421162
-67.27468175983276,-113.66265697410795
-67.37929688863497,-113.69761578562833
-67.48353744457665,-113.73217985207927
-67.58740216461375,-113.76635166076146
-67.69088979202967,-113.80013369289202
-67.79399907640233,-113.83352842352683
-67.89672877357172,-113.8665383214836
-67.99907764560824,-113.89916584926496
-68.10104446078165,-113.93141346298219
-68.20262799353073,-113.96328361227916
-68.30382702443352,-113.99477874025676
-68.4046403401782,-114.02590128339762
-68.50506673353479,-114.05665367149128
-68.60510500332721,-114.0870383275597
-68.7047539544062,-114.11705766778317
-68.80401239762281,-114.14671410142664
-68.90287914980252,-114.17601003076632
-69.00135303371992,-114.20494785101684
-69.09943287807415,-114.23352995025871
-69.1971175174648,-114.26175870936612
-69.29440579236858,-114.28963650193519
-69.39129654911642,-114.3171656942127
-69.48778863987138,-114.34434864502511
-69.58388092260695,-114.3711877057079
-69.67957226108611,-114.39768522003556
-69.77486152484083,-114.42384352415179
-69.86974758915234,-114.44966494650009
-69.9642293350318,-114.47515180775494
-70.05830564920157,-114.50030642075318
-70.1519754240772,-114.5251310904259
-70.24523755774973,-114.5496281137308
-70.3380909539688,-114.5737997795848
-70.43053452212617,-114.59764836879724
-70.52256717723968,-114.62117615400336
-70.61418783993808,-114.64438539959835
-70.70539543644603,-114.6672783616716
-70.79618889856982,-114.6898572879416
-70.8865671636836,-114.71212441769117
-70.97652917471605,-114.73408198170303
-71.06607388013765,-114.75573220219596
-71.15520023394834,-114.7770772927613
-71.24390719566581,-114.7981194582999
-71.33219373031417,-114.81886089495944
-71.42005880841313,-114.83930379007235
-71.50750140596764,-114.85945032209398
-71.59452050445812,-114.87930266054133
-71.68111509083091,-114.8988629659322
-71.76728415748948,-114.91813338972472
-71.85302670228582,-114.93711607425742
-71.93834172851237,-114.95581315268971
-72.02322824489453,-114.97422674894273
-72.10768526558329,-114.99235897764083
-72.19171181014862,-115.01021194405332
-72.27530690357302,-115.02778774403677
-72.35846957624561,-115.04508846397772
-72.44119886395654,-115.06211618073596
-72.52349380789194,-115.07887296158808
-72.60535345462904,-115.09536086417164
-72.68677685613186,-115.11158193642979
-72.7677630697472,-115.1275382165562
-72.84831115820099,-115.14323173294072
-72.92842018959503,-115.15866450411522
-73.00808923740404,-115.17383853870014
-73.08731738047305,-115.18875583535134
-73.16610370301528,-115.20341838270758
-73.2444472946101,-115.21782815933832
-73.32234725020155,-115.23198713369207
-73.39980267009699,-115.24589726404527
-73.47681265996626,-115.25956049845152
-73.55337633084092,-115.2729787746914
-73.629492799114,-115.28615402022274
-73.7051611865399,-115.29908815213139
-73.78038062023461,-115.3117830770824
-73.85515023267624,-115.32424069127175
-73.9294691617058,-115.33646288037859
-74.00333655052823,-115.3484515195179
-74.07675154771373,-115.36020847319365
-74.14971330719928,-115.37173559525256
-74.22222098829045,-115.38303472883815
-74.29427375566341,-115.3941077063455
-74.36587077936723,-115.40495634937628
-74.43701123482634,-115.41558246869448
-74.50769430284329,-115.42598786418255
-74.5779191696016,-115.43617432479789
-74.6476850266689,-115.44614362853018
-74.71699107100027,-115.45589754235885
-74.78583650494177,-115.46543782221121
-74.8542205362341,-115.47476621292112
-74.92214237801649,-115.48388444818805
-74.98960124883078,-115.49279425053672
-75.05659637262562,-115.50149733127712
-75.12312697876085,-115.50999539046525
-75.18919230201206,-115.51829011686407
-75.25479158257524,-115.5263831879052
-75.31992406607168,-115.53427626965096
-75.38458900355285,-115.54197101675696
-75.44878565150557,-115.54946907243523
-75.51251327185727,-115.55677206841773
-75.57577113198121,-115.56388162492047
-75.63855850470209,-115.57079935060808
-75.70087466830155,-115.57752684255891
-75.76271890652386,-115.58406568623053
-75.82409050858172,-115.5904174554258
-75.88498876916212,-115.59658371225946
-75.94541298843232,-115.60256600712513
-76.0053624720459,-115.60836587866284
-76.06483653114887,-115.61398485372712
-76.12383448238587,-115.6194244473554
-76.18235564790652,-115.62468616273704
-76.24039935537162,-115.6297714911829
-76.29796493795965,-115.63468191209522
-76.35505173437322,-115.63941889293805
-76.41165908884551,-115.64398388920824
-76.46778635114691,-115.64837834440685
-76.52343287659156,-115.652603690011
-76.57859802604395,-115.65666134544627
-76.63328116592567,-115.66055271805948
-76.68748166822206,-115.66427920309208
-76.74119891048893,-115.6678421836539
-76.79443227585932,-115.67124303069735
-76.84718115305026,-115.67448310299221
-76.89944493636952,-115.67756374710078
-76.9512230257225,-115.68048629735345
-77.00251482661886,-115.68325207582495
-77.05331975017948,-115.68586239231071
-77.1036372131432,-115.68831854430404
-77.1534666378736,-115.69062181697348
-77.20280745236585,-115.69277348314068
-77.25165909025341,-115.69477480325888
-77.30002099081494,-115.69662702539156
-77.34789259898095,-115.69833138519171
-77.39527336534056,-115.6998891058815
-77.44216274614827,-115.7013013982324
-77.48856020333065,-115.70256946054565
-77.53446520449299,-115.70369447863321
-77.57987722292599,-115.70467762579915
-77.62479573761232,-115.70552006282145
-77.66922023323329,-115.70622293793416
-77.71315020017538,-115.70678738681002
-77.75658513453666,-115.70721453254353
-77.79952453813347,-115.7075054856343
-77.84196791850668,-115.70766134397087
-77.88391478892818,-115.70768319281503
-77.92536466840718,-115.70757210478627
-77.9663170816966,-115.70732913984693
-78.00677155929928,-115.7069553452875
-78.04672763747418,-115.70645175571235
-78.08618485824258,-115.70581939302596
-78.12514276939417,-115.70505926641933
-78.16360092449317,-115.70417237235687
-78.20155888288423,-115.70315969456371
-78.2390162096985,-115.7020222040132
-78.27597247585946,-115.70076085891493
-78.31242725808873,-115.69937660470293
-78.34838013891196,-115.69787037402443
-78.38383070666447,-115.69624308672873
-78.41877855549691,-115.69449564985658
-78.45322328538094,-115.6926289576298
-78.4871645021147,-115.69064389144124
-78.52060181732831,-115.68854131984514
-78.55353484848935,-115.68632209854768
-78.58596321890812,-115.68398707039786
-78.617886557743,-115.6815370653789
-78.64930450000573,-115.67897290059956
-78.68021668656645,-115.67629538028613
-78.71062276415893,-115.67350529577449
-78.74052238538557,-115.67060342550249
-78.76991520872237,-115.66759053500277
-78.79880089852385,-115.66446737689562
-78.82717912502795,-115.66123469088225
-78.85504956436075,-115.6578932037384
-78.88241189854126,-115.65444362930795
-78.90926581548602,-115.65088666849718
-78.9356110090138,-115.64722300926891
-78.96144717885001,-115.64345332663714
-78.98677403063131,-115.63957828266176
-79.01159127590994,-115.63559852644374
-79.0358986321581,-115.6315146941202
-79.05969582277218,-115.62732740886007
-79.08298257707716,-115.62303728085983
-79.10575863033058,-115.61864490733934
-79.12802372372678,-115.61415087253816
-79.14977760440091,-115.6095557477118
-79.17102002543291,-115.60486009112846
-79.1917507458515,-115.6000644480657
-79.21196953063799,-115.59516935080751
-79.23167615073014,-115.59017531864154
-79.25087038302593,-115.58508285785642
-79.26955201038724,-115.57989246173933
-79.28772082164356,-115.57460461057383
-79.30537661159552,-115.5692197716377
-79.32251918101848,-115.56373839920114
-79.33914833666601,-115.55816093452502
-79.35526389127341,-115.55248780585927
-79.37086566356096,-115.54671942844159
-79.3859534782374,-115.54085620449614
-79.40052716600314,-115.53489852323243
-79.41458656355356,-115.52884676084452
-79.42813151358214,-115.52270128051008
-79.44116186478371,-115.51646243238989
-79.4536774718575,-115.51013055362723
-79.4656781955102,-115.50370596834762
-79.47716390245895,-115.49718898765848
-79.48813446543444,-115.49057990964906
-79.49858976318367,-115.48387901939053
-79.50852968047299,-115.47708658893606
-79.51795410809089,-115.47020287732107
-79.52686294285076,-115.4632281305637
-79.53525608759375,-115.4561625816652
-79.54313345119151,-115.44900645061057
-79.5504949485488,-115.44175994436934
-79.55734050060622,-115.43442325689631
-79.56367003434282,-115.42699656913247
-79.56948348277871,-115.41948004900611
-79.57478078497755,-115.41187385143382
-79.57956188604918,-115.40417811832182
-79.58382673715205,-115.39639297856719
-79.58757529549568,-115.38851854805928
-79.59080752434309,-115.38055492968125
-79.59352339301327,-115.3725022133116
-79.5957228768834,-115.36436047582588
-79.5974059573914,-115.35612978109836
-79.59857262203805,-115.34781018000395
-79.59922286438939,-115.33940171042003
-79.59935668407897,-115.33090439722852
-79.59897408681006,-115.32231825231788
-79.59807508435786,-115.31364327458536
-79.59665969457171,-115.30487944993904
-79.59472794137724,-115.29602675130032
-79.5922798547785,-115.28708513860622
-79.58931547086007,-115.2780545588118
-79.58583483178921,-115.26893494589272
-79.58183798581781,-115.25972622084787
-79.57732498728461,-115.25042829170192
-79.57229589661704,-115.24104105350818
-79.56675078033335,-115.23156438835133
-79.56068971104459,-115.22199816535041
-79.55411276745652,-115.21234224066167
-79.54702003437158,-115.20259645748165
-79.53941160269089,-115.19276064605026
-79.531287569416,-115.18283462365402
-79.52264803765091,-115.17281819462924
-79.51349311660395,-115.1627111503654
-79.50382292158953,-115.1525132693085
-79.49363757403006,-115.14222431696464
-79.4829372014577,-115.13184404590342
-79.47172193751625,-115.12137219576171
-79.45999192196287,-115.11080849324735
-79.4477473006698,-115.10015265214285
-79.43498822562624,-115.0894043733094
-79.42171485493996,-115.07856334469079
-79.40792735283904,-115.06762924131736
-79.3936258896736,-115.05660172531034
-79.37881064191747,-115.04548044588589
-79.36348179216981,-115.03426503935951
-79.34763952915681,-115.02295512915045
-79.33128404773328,-115.01155032578622
-79.31441554888426,-115.00005022690722
-79.29703423972664,-114.98845441727138
-79.27914033351072,-114.97676246875905
-79.26073404962176,-114.96497394037786
-79.24181561358152,-114.9530883782678
-79.22238525704982,-114.94110531570632
-79.20244321782597,-114.92902427311365
-79.18198973985037,-114.91684475805808
-79.16102507320583,-114.90456626526148
-79.1395494741192,-114.89218827660498
-79.11756320496264,-114.87971026113466
-79.09506653425511,-114.8671316750674
-79.07205973666377,-114.85445196179694
-79.04854309300535,-114.84167055189997
-79.02451689024751,-114.82878686314248
-78.99998142151016,-114.81580030048615
-78.97493698606678,-114.8027102560949
-78.94938388934575,-114.78951610934168
-78.92332244293159,-114.77621722681529
-78.89675296456628,-114.76281296232749
-78.86967577815042,-114.7493026569202
-78.8420912137445,-114.73568563887275
-78.8139996075701,-114.72196122370964
-78.78540130201102,-114.7081287142081
-78.75629664561454,-114.69418740040607
-78.72668599309243,-114.68013655961025
-78.69656970532215,-114.66597545640441
-78.66594814934788,-114.65170334265783
-78.63482169838169,-114.63731945753402
-78.6031907318045,-114.62282302749955
-78.57105563516714,-114.60821326633311
-78.53841680019133,-114.59348937513488
-78.50527462477075,-114.57865054233596
-78.47162951297189,-114.56369594370815
-78.43748187503509,-114.54862474237389
-78.40283212737539,-114.53343608881643
-78.36768069258346,-114.51812912089026
-78.33202799942649,-114.50270296383182
-78.295874482849,-114.48715673027031
-78.25922058397371,-114.47148952023893
-78.22206675010239,-114.45570042118628
-78.18441343471652,-114.43978850798797
-78.1462610974782,-114.42375284295866
-78.10761020423082,-114.40759247586416
-78.06846122699986,-114.39130644393401
-78.02881464399347,-114.37489377187414
-77.9886709396033,-114.35835347188002
-77.94803060440509,-114.3416845436499
-77.90689413515933,-114.32488597439851
-77.86526203481193,-114.30795673887098
-77.82313481249476,-114.290895799357
-77.78051298352632,-114.27370210570551
-77.73739706941227,-114.25637459533937
-77.69378759784604,-114.23891219327074
-77.64968510270931,-114.2213138121164
-77.6050901240726,-114.20357835211372
-77.56000320819578,-114.18570470113673
-77.51442490752855,-114.16769173471269
-77.46835578071091,-114.14953831603889
-77.42179639257375,-114.1312432959999
-77.37474731413919,-114.11280551318505
-77.32720912262111,-114.09422379390644
-77.27918240142562,-114.07549695221711
-77.23066774015142,-114.05662378992973
-77.18166573459034,-114.03760309663564
-77.1321769867277,-114.01843364972416
-77.08220210474282,-113.99911421440247
-77.03174170300935,-113.97964354371565
-76.98079640209575,-113.96002037856735
-76.92936682876575,-113.94024344774064
-76.87745361597874,-113.92031146791939
-76.82505740289022,-113.90022314371005
-76.77217883485224,-113.87997716766371
-76.71881856341383,-113.85957222029879
-76.66497724632151,-113.83900697012395
-76.61065554751974,-113.81828007366151
-76.55585413715136,-113.79739017547129
-76.50057369155813,-113.77633590817491
-76.44481489328128,-113.75511589248039
-76.38857843106199,-113.73372873720736
-76.33186499984194,-113.71217303931259
-76.27467530076399,-113.69044738391605
-76.21701004117266,-113.66855034432734
-76.15886993461484,-113.64648048207259
-76.10025570084048,-113.62423634692188
-76.04116806580323,-113.60181647691702
-75.98160776166125,-113.5792193983999
-75.92157552677793,-113.5564436260412
-75.86107210572276,-113.53348766286962
-75.80009824927211,-113.51035000030157
-75.7386547144103,-113.48702911817144
-75.67674226433043,-113.46352348476205
-75.61436166843545,-113.43983155683603
-75.55151370233925,-113.41595177966722
-75.48819914786775,-113.39188258707291
-75.42441879306014,-113.36762240144635
-75.3601734321702,-113.3431696337899
-75.2954638656675,-113.31852268374853
-75.23029090023896,-113.29367993964398
-75.16465534879023,-113.26863977850923
-75.09855803044731,-113.2434005661237
-75.03199977055822,-113.21796065704869
-74.9649814006947,-113.19231839466356
-74.89750375865408,-113.16647211120227
-74.8295676884612,-113.14042012779053
-74.76117404037042,-113.11416075448334
-74.69232367086781,-113.08769229030312
-74.62301744267334,-113.06101302327845
-74.55325622474325,-113.03412123048308
-74.48304089227254,-113.00701517807566
-74.41237232669752,-112.97969312133995
-74.3412514156986,-112.95215330472547
-74.269679053203,-112.92439396188881
-74.19765613938792,-112.89641331573529
-74.12518358068347,-112.86820957846125
-74.05226228977604,-112.83978095159694
-73.97889318561167,-112.8111256260497
-73.90507719339959,-112.7822417821479
-73.83081524461596,-112.75312758968529
-73.75610827700775,-112.72378120796586
-73.6809572345967,-112.69420078584932
-73.60536306768367,-112.66438446179701
-73.52932673285282,-112.63433036391841
-73.4528491929764,-112.60403661001811
-73.37593141721932,-112.57350130764337
-73.29857438104415,-112.54272255413218
-73.22077906621625,-112.51169843666185
-73.14254646080911,-112.48042703229807
-73.06387755920987,-112.44890640804465
-72.98477336212503,-112.4171346208936
-72.90523487658646,-112.3851097178759
-72.82526311595754,-112.35282973611264
-72.74485909993957,-112.32029270286684
-72.66402385457843,-112.28749663559564
-72.58275841227139,-112.25443954200321
-72.50106381177424,-112.22111942009396
-72.41894109820866,-112.18753425822639
-72.33639132306982,-112.15368203516752
-72.25341554423414,-112.11956072014766
-72.17001482596757,-112.08516827291592
-72.08619023893387,-112.05050264379604
-72.00194286020324,-112.01556177374283
-71.91727377326136,-111.98034359439919
-71.83218406801845,-111.94484602815345
-71.74667484081893,-111.90906698819744
-71.66074719445108,-111.87300437858488
-71.57440223815719,-111.83665609429046
-71.48764108764398,-111.80002002126925
-71.40046486509323,-111.76309403651673
-71.31287469917281,-111.72587600812936
-71.22487172504803,-111.6883637953654
-71.1364570843933,-111.65055524870665
-71.04763192540405,-111.61244820992022
-70.95839740280911,-111.5740405121212
-70.86875467788336,-111.53532997983551
-70.77870491846066,-111.4963144290635
-70.68824929894723,-111.45699166734379
-70.5973890003354,-111.41735949381783
-70.50612521021756,-111.37741569929472
-70.4144591228007,-111.33715806631673
-70.32239193892103,-111.29658436922514
-70.22992486605933,-111.25569237422657
-70.13705911835639,-111.21447983945991
-70.04379591662887,-111.17294451506353
-69.9501364883857,-111.13108414324314
-69.85608206784477,-111.08889645833999
-69.76163389594996,-111.04637918689957
-69.6667932203887,-111.0035300477408
-69.57156129560981,-110.96034675202561
-69.47593938284186,-110.91682700332908
-69.37992875011184,-110.87296849770986
-69.28353067226438,-110.82876892378124
-69.18674643098117,-110.7842259627825
-69.0895773148011,-110.73933728865076
-68.9920246191406,-110.69410056809335
-68.89408964631443,-110.64851346066042
-68.79577370555711,-110.60257361881818
-68.69707811304455,-110.55627868802246
-68.59800419191625,-110.50962630679268
-68.49855327229787,-110.46261410678636
-68.39872669132441,-110.41523971287387
-68.29852579316366,-110.36750074321375
-68.19795192904019,-110.31939480932837
-68.09700645725982,-110.27091951617999
-67.9956907432346,-110.22207246224723
-67.89400615950802,-110.17285123960198
-67.79195408578104,-110.12325343398665
-67.68953590893834,-110.07327662489182
-67.58675302307508,-110.02291838563434
-67.48360682952425,-109.97217628343572
-67.38009873688443,-109.92104787950092
-67.276230161048,-109.86953072909765
-67.17200252522987,-109.8176223816358
-67.06741725999673,-109.7653203807475
-66.96247580329674,-109.7126222643673
-66.8571796004897,-109.6595255648129
-66.75153010437776,-109.60602780886614
-66.64552877523668,-109.55212651785438
-66.53917708084737,-109.49781920773216
-66.43247649652815,-109.44310338916333
-66.32542850516745,-109.38797656760336
-66.2180345972569,-109.33243624338215
-66.11029627092509,-109.27647991178702
-66.00221503197167,-109.22010506314614
-65.8937923939021,-109.16330918291222
-65.78502987796274,-109.10608975174651
-65.6759290131766,-109.04844424560314
-65.5664913363795,-108.99037013581379
-65.4567183922567,-108.93186488917264
-65.34661173338016,-108.87292596802155
-65.23617292024619,-108.81355083033563
-65.12540352131359,-108.75373692980908
-65.01430511304238,-108.69348171594125
-64.902879279933,-108.6327826341231
-64.79112761456592,-108.57163712572375
-64.6790517176419,-108.51004262817752
-64.56665319802254,-108.44799657507104
-64.45393367277156,-108.38549639623072
-64.34089476719639,-108.32253951781047
-64.22753811489036,-108.2591233623796
-64.11386535777525,-108.19524534901107
-63.9998781461445,-108.13090289336986
-63.885578138706755,-108.06609340780167
-63.77096700262993,-108.00081430142178
-63.656046413585834,-107.93506298020415
-63.540818055795114,-107.86883684707071
-63.42528362207285,-107.80213330198097
-63.309444813874435,-107.73494974202164
-63.19330334134209,-107.66728356149665
-63.07686092335169,-107.59913215201713
-62.96011928756016,-107.53049290259187
-62.84308017045328,-107.46136319971767
-62.7257453173939,-107.39174042747003
-62.60811648267067,-107.32162196759396
-62.49019542954716,-107.25100519959493
-62.37198393031144,-107.17988750083002
-62.25348376632606,-107.10826624659914
-62.13469672807852,-107.0361388102365
-62.01562461523203,-106.96350256320206
-61.89626923667683,-106.89035487517324
-61.77663241058181,-106.8166931141367
-61.65671596444661,-106.7425146464802
-61.53652173515405,-106.66781683708462
-61.416051569022926,-106.59259704941599
-61.29530732186135,-106.51685264561773
-61.17429085902024,-106.44058098660282
-61.053004055447325,-106.36377943214622
-60.931448795741474,-106.28644534097715
-60.809626974207376,-106.20857607087163
-60.687540494910536,-106.13016897874488
-60.565191271732665,-106.05122142074396
-60.44258122842736,-105.9717307523402
-60.31971229867609,-105.89169432842192
-60.19658642614454,-105.81110950338692
-60.07320556453922,-105.7299736312351
-59.94957167766442,-105.64828406566117
-59.82568673947933,-105.56603816014707
-59.7015527341556,-105.48323326805465
-59.57717165613504,-105.39986674271816
-59.452545510187626,-105.31593593753675
-59.327676311469766,-105.23143820606694
-59.202566085582745,-105.14637090211492
-59.07721686863148,-105.06073137982894
-58.9516307072834,-104.97451699379148
-58.82580965882759,-104.88772509911148
-58.699755791234104,-104.80035305151624
-58.573471183213506,-104.71239820744343
-58.44695792427649,-104.62385792413289
-58.32021811479372,-104.53472955971827
-58.19325386605585,-104.44501047331856
-58.06606730033358,-104.35469802512947
-57.93866055093794,-104.26378957651455
-57.81103576228062,-104.17228249009634
-57.68319508993437,-104.08017412984708
-57.55514070069361,-103.98746186117937
-57.42687477263498,-103.89414305103661
-57.29839949517798,-103.80021506798309
-57.169717069145705,-103.70567528229405
-57.04082970682556,-103.61052106604524
-56.91173963203002,-103.51474979320244
-56.78244908015738,-103.41835883971054
-56.65296029825247,-103.32134558358237
-56.52327554506739,-103.22370740498734
-56.3933970911222,-103.12544168633954
-56.2633272187655,-103.02654581238572
-56.13306822223497,-102.92701717029279
-56.002622407717865,-102.82685314973499
-55.871992093411336,-102.72605114298072
-55.7411796095827,-102.624608544979
-55.61018729862949,-102.52252275344534
-55.47901751513947,-102.41979116894753
-55.34767262595037,-102.31641119499061
-55.21615501020952,-102.21238023810167
-55.084467059433216,-102.10769570791413
-54.95261117756594,-102.00235501725142
-54.82058978103932,-101.89635558221025
-54.68840529883075,-101.78969482224345
-54.55606017252192,-101.6823701602421
-54.423556856356875,-101.57437902261725
-54.29089781729991,-101.46571883938104
-54.158085535093036,-101.35638704422725
-54.02512250231318,-101.24638107461121
-53.892011224428984,-101.13569837182918
-53.75875421985724,-101.02433638109702
-53.625354020018904,-100.91229255162827
-53.49181316939474,-100.79956433671155
-53.358134225580464,-100.68614919378729
-53.22431975934149,-100.5720445845237
-53.090372354667174,-100.45724797489211
-52.95629460882455,-100.34175683524155
-52.82208913241155,-100.22556864037259
-52.68775854940973,-100.10868086961021
-52.553305497236394,-99.99109100687636
-52.41873262679615,-99.87279654076112
-52.28404260253187,-99.75379496459351
-52.149238102475024,-99.63408377651119
-52.014321818295414,-99.51366047952938
-51.87929645535015,-99.39252258160892
-51.74416473273205,-99.27066759572337
-51.60892938331729,-99.14809303992524
-51.47359315381224,-99.0247964374113
-51.33815880479975,-98.9007753165868
-51.202629110784414,-98.7760272111289
-51.06700686023728,-98.65054966004898
-50.931294855639536,-98.52434020775388
-50.79549591352548,-98.39739640410633
-50.65961286452459,-98.26971580448408
-50.52364855340269,-98.14129596983805
-50.38760583910221,-98.01213446674949
-50.25148759478153,-97.8822288674858
-50.11529670785332,-97.7515767500554
-49.97903608002195,-97.62017569826148
-49.84270862731982,-97.48802330175431
-49.70631728014275,-97.35511715608266
-49.569864983284205,-97.22145486274388
-49.4333546959685,-97.08703402923275
-49.29678939188288,-96.95185226908906
-49.160172059208485,-96.81590720194396
-49.02350570065008,-96.67919645356507
-48.8867933334647,-96.54171765590017
-48.75003798948899,-96.40346844711966
-48.613242715165335,-96.26444647165765
-48.476410571566774,-96.12464938025164
-48.33954463442051,-95.98407482998097
-48.20264799413022,-95.84272048430365
-48.06572375579688,-95.70058401309201
-47.92877503923834,-95.55766309266671
-47.7918049790074,-95.41395540582951
-47.65481672440852,-95.2694586418944
-47.51781343951299,-95.12417049671733
-47.38079830317268,-94.97808867272444
-47.243774509032214,-94.8312108789388
-47.106745265539615,-94.68353483100557
-46.96971379595536,-94.53505825121563
-46.832683338359836,-94.38577886852767
-46.69565714565914,-94.23569441858879
-46.55863848558919,-94.08480264375333
-46.42163064071816,-93.93310129310026
-46.28463690844714,-93.78058812244892
-46.14766060100907,-93.62726089437312
-46.010705045465826,-93.47311737821363
-45.87377358370351,-93.31815535008903
-45.73686957242582,-93.16237259290486
-45.599996383145566,-93.00576689636122
-45.46315740217424,-92.84833605695857
-45.32635603060957,-92.69007787800194
-45.18959568432109,-92.53099016960346
-45.05287979393373,-92.37107074868312
-44.91621180480918,-92.21031743896798
-44.779595177025286,-92.0487280709895
-44.6430333853532,-91.88630048207932
-44.506529919232364,-91.72303251636328
-44.370088282743254,-91.55892202475374
-44.23371199457788,-91.39396686494018
-44.09740458800792,-91.22816490137814
-43.96116961085054,-91.06151400527642
-43.82501062543185,-90.89401205458262
-43.68893120854784,-90.7256569339669
-43.55293495142289,-90.55644653480428
-43.41702545966578,-90.38637875515494
-43.28120635322307,-90.21545149974311
-43.14548126632992,-90.04366267993423
-43.009853847458224,-89.87101021371039
-42.874327759262044,-89.69749202564427
-42.73890667852028,-89.52310604687133
-42.60359429607657,-89.34785021506057
-42.4683943167763,-89.1717224743835
-42.33331045940069,-88.99472077548175
-42.19834645659801,-88.81684307543301
-42.063506054811675,-88.63808733771562
-41.92879301420536,-88.45845153217142
-41.79421110858494,-88.27793363496745
-41.65976412531726,-88.096531628556
-41.52545586524571,-87.91424350163335
-41.391290142602436,-87.73106724909732
-41.25727078491723,-87.54700087200318
-41.123401632923,-87.36204237751856
-40.989686540457704,-87.17618977887707
-40.85612937436284,-86.98944109533069
-40.72273401437815,-86.80179435210108
-40.58950435303278,-86.61324758032985
-40.45644429553262,-86.42379881702772
-40.32355775964378,-86.23344610502278
-40.19084867557221,-86.04218749290791
-40.058320985839266,-85.85002103498724
-39.92597864515326,-85.65694479122195
-39.79382562027685,-85.4629568271754
-39.661865889890166,-85.26805521395758
-39.530103444449644,-85.07223802816907
-39.398542286042435,-84.87550335184451
-39.26718642823632,-84.6778492723959
-39.136039895924995,-84.47927388255535
-39.00510672516872,-84.2797752803179
-38.87439096303017,-84.07935156888423
-38.743896667405295,-83.87800085660336
-38.613627906849324,-83.67572125691555
-38.48358876039754,-83.47251088829552
-38.3537833173809,-83.26836787419597
-38.224215677236295,-83.06329034299179
-38.094889949311344,-82.85727642792476
-37.965810252663644,-82.65032426704914
-37.83698071585427,-82.44243200317827
-37.708405476735464,-82.2335977838321
-37.580088682232386,-82.02381976118623
-37.452034488118656,-81.81309609202209
-37.32424705878579,-81.60142493767891
-37.19673056700608,-81.38880446400742
-37.06948919368909,-81.1752328413255
-36.94252712763129,-80.9607082443759
-36.81584856525893,-80.7452288522865
-36.68945771036386,-80.5287928485329
-36.56335877383206,-80.31139842090401
-36.43755597336492,-80.09304376147047
-36.3120535331929,-79.8737270665563
-36.18685568378135,-79.65344653671423
-36.061966661528544,-79.43220037670453
-35.93739070845542,-79.20998679547789
-35.813132071887054,-78.9868040061626
-35.68919500412552,-78.76265022605627
-35.56558376211398,-78.5375236766223
-35.44230260709177,-78.31142258349156
-35.31935580424017,-78.08434517646944
-35.196747622318775,-77.85628968954875
-35.07448233329206,-77.62725436092856
-34.952564211945955,-77.39723743303969
-34.83099753549417,-77.16623715257687
-34.70978658317399,-76.93425177053801
-34.58893563583118,-76.70127954227121
-34.46844897549392,-76.46731872752954
-34.348330884935166,-76.23236759053435
-34.22858564722342,-75.99642440004715
-34.109217545261345,-75.75948742945094
-33.99023086131218,-75.52155495684104
-33.87162987651322,-75.2826252651262
-33.753418870376485,-75.04269664214023
-33.635602120275784,-74.8017673807648
-33.51818390092008,-74.55983577906395
-33.40116848381272,-74.31690014043058
-33.284560136696,-74.07295877374591
-33.168363122980914,-73.82800999355206
-33.05258170116135,-73.58205212023854
-32.93722012421268,-73.33508348024328
-32.822282638973896,-73.08710240626867
-32.70777348551323,-72.83810723751337
-32.59369689647646,-72.58809631992057
-32.48005709641767,-72.3370680064432
-32.36685830111181,-72.08502065732715
-32.254104716848644,-71.83195264041268
-32.141800539707525,-71.57786233145532
-32.02994995481242,-71.32274811446665
-31.918557135566786,-71.06660838207594
-31.807626242867496,-70.8094415359133
-31.697161424297477,-70.55124598701532
-31.58716681329634,-70.29202015625404
-31.477646528308345,-70.03176247478991
-31.36860467190723,-69.77047138454998
-31.26004532989712,-69.50814533873198
-31.151972570388935,-69.24478280233537
-31.04439044285162,-68.98038225272022
-30.93730297713746,-68.71494218019511
-30.83071418248087,-68.44846108863487
-30.72462804646984,-68.18093749612925
-30.619048533989343,-67.91236993566379
-30.513979586136,-67.64275695583363
-30.409425119103155,-67.3720971215918
-30.305389023035616,-67.10038901503272
-30.20187516085329,-66.82763123621241
-30.09888736704285,-66.55382240400651
-29.996429446416624,-66.27896115700722
-29.894505172837917,-66.00304615446055
-29.793118287911778,-65.72607607724514
-29.692272499640502,-65.44804962889387
-29.591971481042858,-65.16896553665964
-29.492218868736213,-64.88882255262665
-29.393018261480616,-64.60761945486854
-29.294373218683955,-64.32535504865484
-29.196287258867173,-64.04202816770697
-29.09876385808874,-63.757637675505485
-29.001806448327294,-63.47218246664975
-28.90541841582158,-63.18566146827163
-28.809603099366708,-62.89807364150477
-28.714363788565755,-62.60941798301069
-28.619703722035737,-62.3196935265635
-28.52562608556699,-62.028899344694565
-28.432134010235025,-61.73703455039875
-28.339230570463787,-61.44409829890361
-28.246918782039497,-61.15008978950332
-28.155201600073987,-60.85500826745866
-28.064081916916688,-60.558853025964616
-27.97356256001426,-60.26162340818735
-27.88364628971697,-59.96331880937165
-27.794335797030968,-59.66393867902082
-27.70563370131546,-59.363482523150104
-27.617542547924053,-59.061949906615396
-27.530064805789372,-58.75934045551851
-27.443202864950155,-58.455653859690536
-27.356959034020097,-58.15088987525454
-27.27133553759769,-57.845048327269055
-27.186334513616444,-57.53812911245356
-27.101958010634807,-57.23013220199726
-27.018207985065228,-56.92105764445224
-26.935086298341936,-56.61090556871221
-26.852594714026885,-56.29967618707778
-26.770734894853604,-55.987369798409205
-26.689508399708608,-55.67398679136757
-26.6089166805502,-55.35952764774499
-26.52896107926461,-55.04399294588463
-26.44964282445936,-54.72738336419096
-26.37096302819409,-54.40969968473065
-26.292922682649024,-54.09094279692438
-26.215522656731423,-53.771113701329746
-26.13876369262053,-53.45021351351494
-26.062646402251634,-53.12824346802333
-25.987171263740084,-52.80520492242817
-25.912338617746144,-52.481099361477014
-25.838148663781826,-52.15592840132498
-25.764601456461076,-51.82969379385573
-25.691696901694698,-51.5023974310889
-25.619434752831822,-51.17404134967242
-25.547814606749764,-50.844627735457884
-25.476835899894475,-50.51415892815688
-25.406497904273902,-50.18263742607588
-25.336799723406916,-49.850065890926885
-25.267740288230687,-49.51644715271092
-25.19931835296966,-49.18178421467081
-25.13153249096953,-48.8460802583097
-25.06438109049998,-48.50933864847092
-24.997862350530177,-48.17156293847506
-24.931974276481323,-47.832756875308895
-24.86671467596101,-47.492924404861235
-24.802081154484235,-47.15206967719969
-24.738071111186475,-46.81019705188231
-24.674681734534484,-46.46731110329734
-24.611909998040765,-46.12341662602402
-24.54975265598818,-45.778518640206876
-24.488206239171387,-45.4326223969354
-24.42726705066222,-45.0857333836206
-24.366931161606544,-44.737857329359244
-24.307194407060386,-44.38900021027648
-24.248052381873624,-44.03916825483652
-24.18950043662985,-43.68836794911102
-24.131533673651365,-43.336606041994024
-24.074146943078677,-42.98388955035192
-24.017334839034216,-42.630225764096366
-23.961091695880327,-42.275622251167746
-23.905411584581962,-41.92008686241603
-23.850288309184805,-41.563627736365696
-23.795715403419823,-41.20625330385088
-23.741686127445696,-40.847972292506356
-23.688193464740618,-40.48879373109979
-23.635230119155423,-40.1287269536902
-23.582788512140063,-39.767781603597285
-23.530860780155734,-39.40596763716606
-23.479438772285096,-39.04329532731084
-23.42851404805312,-38.67977526682257
-23.378077875471217,-38.31541837142326
-23.328121229317354,-37.95023588255134
-23.27863478966481,-37.58423936986132
-23.22960894067223,-37.21744073342176
-23.181033769647478,-36.84985220559509
-23.132899066397762,-36.48148635258328
-23.085194322878063,-36.112356075623545
-23.037908733149933,-35.742474611818466
-22.99103119366211,-35.37185553458546
-22.944550303864258,-35.00051275371078
-22.89845436716447,-34.62846051499403
-22.852731392240845,-34.25571339946954
-22.807369094716734,-33.88228632219186
-22.762354899208674,-33.50819453057337
-22.71767594175528,-33.13345360226287
-22.673319072634595,-32.75807944255499
-22.629270859576533,-32.38208828132133
-22.58551759137625,-32.00549666945551
-22.542045281913076,-31.628321474825206
-22.49883967457886,-31.250579877725972
-22.45588624711838,-30.8722893658327
-22.41317021688324,-30.493467728646177
-22.370676546499727,-30.114133051433708
-22.328389949949592,-29.73430370866426
-22.28629489906165,-29.353998356940334
-22.244375630410726,-28.97323592743029
-22.202616152619036,-28.59203561780678
-22.161000254053985,-28.210416883698407
-22.119511510914663,-27.828399429663737
-22.078133295698308,-27.446003199698374
-22.036848786036266,-27.063248367287716
-21.99564097388794,-26.680155325019644
-21.954492675079653,-26.296744673773222
-21.91338653917407,-25.913037211501152
-21.872305059654675,-25.52905392162537
-21.831230584408303,-25.14481596106682
-21.790145326487785,-24.760344647931944
-21.749031375135402,-24.375661448879907
-21.70787070704699,-23.99078796619596
-21.66664519785532,-23.605745924597617
-21.625336633810623,-23.220557157801515
-21.583926723635212,-22.835243594879866
-21.54239711052846,-22.449827246436413
-21.5007293842977,-22.064330190632504
-21.45890509359014,-21.678774559094762
-21.41690575820038,-21.29318252273615
-21.374712881427868,-20.90757627752283
-21.332307962458422,-20.52197803021933
-21.289672508743717,-20.13640998414471
-21.246788048352897,-19.75089432497231
-21.203636142270383,-19.365453206605558
-21.1601983966143,-18.980108737161864
-21.116456474750372,-18.5948829650962
-21.072392109276386,-18.20979786549535
-21.02798711385321,-17.82487532657295
-20.98322339485873,-17.440137136394675
-20.938082962842042,-17.055604969861783
-20.892547943756046,-16.671300375980138
-20.8466005899475,-16.2872447654406
-20.800223290884624,-15.903459398535267
-20.75339858360357,-15.519965373432637
-20.706109162856006,-15.13678361483327
-20.65833789094148,-14.753934863025865
-20.610067807209425,-14.371439663362091
-20.561282137216903,-13.98931835616675
-20.51196430152964,-13.60759106709816
-20.462097924155156,-13.226277697971845
-20.4116668405982,-12.845397918058914
-20.360655105530146,-12.464971155868591
-20.30904700006517,-12.085016591422763
-20.256827038637685,-11.705553149028491
-20.20397997547658,-11.32659949055281
-20.150490810673322,-10.948174009202365
-20.096344795842153,-10.570294823808823
-20.041527439371947,-10.192979773619381
-19.986024511270458,-9.816246413590127
-19.92982204760286,-9.440112010178522
-19.87290635452765,-9.06459353762991
-19.81526401193394,-8.689707674751515
-19.7568818766853,-8.315470802166253
-19.6977470854761,-7.941899000037371
-19.637847057307354,-7.569008046253936
-19.577169495589736,-7.196813415066113
-19.51570238988225,-6.825330276158295
-19.453434017275725,-6.454573494147281
-19.390352943430898,-6.0845576284919565
-19.3264480232814,-5.715296933800288
-19.261708401412474,-5.346805360518856
-19.196123512126626,-4.979096555989649
-19.12968307920779,-4.612183865858477
-19.062377115395908,-4.246080335818978
-18.994195921584,-3.8807987136760027
-18.92513008575005,-3.5163514517119436
-18.855170481636087,-3.1527507093394895
-18.78430826718696,-2.790008356024255
-18.712534882761364,-2.428135974460746
-18.639842049127473,-2.067144863985225
-18.566221765255776,-1.7070460442091626
-18.491666305921253,-1.347850258857176
-18.416168219127208,-0.9895679797935738
-18.339720323362624,-0.6322094112219254
-18.26231570470491,-0.275784494042383
-18.183947713779553,0.07969708964815275
-18.104609962587915,0.4342259119275467
-18.024296321214266,0.7877927943057347
-17.943000914422633,1.140388802881491
-17.86071811815393,1.492005243411872
-17.777442555933334,1.8426336563070786
-17.693169095197632,2.192265811562986
-17.6078928435519,2.5408937036431025
-17.52160914496437,2.8885095463211963
-17.434313575908224,3.235105767495344
-17.34600194145844,3.5806750039836164
-17.256670271351574,3.9252100963111207
-17.16631481601595,4.268704083497605
-17.074932042579384,4.611150197854323
-16.982518630861115,4.952541859798357
-16.889071469354395,5.292872672692104
-16.794587651205664,5.6321364177151425
-16.699064470196024,5.970327048775234
-16.60249941673029,6.30743868746474
-16.50489017383857,6.64346561806828
-16.40623461319509,6.978402282627039
-16.306530791158455,7.31224327606468
-16.20577694483749,7.644983341379431
-16.103971488186257,7.976617364906509
-16.00111300813174,8.307140371654665
-15.897200260737277,8.636547520720264
-15.792232167404672,8.964834100781964
-15.68620781111752,9.291995525678741
-15.57912643272818,9.618027330073668
-15.470987427290506,9.94292516520554
-15.36179034044018,10.266684794730185
-15.251534864824452,10.589302090653007
-15.140220836582673,10.91077302935403
-15.027848231878977,11.231093687706506
-14.91441716348821,11.550260239289877
-14.799927877436028,11.868268950697708
-14.684380749694006,12.185116177940959
-14.567776282930314,12.500798362946817
-14.450115103316516,12.815312030153091
-14.331397957390799,13.128653783198043
-14.211625708977884,13.440820301705347
-14.090799336165745,13.75180833816374
-13.968919928339115,14.061614714900795
-13.84598868326972,14.37023632115012
-13.72200690426302,14.67767011021118
-13.596975997361227,14.983913096700814
-13.470897468602217,15.288962353895503
-13.343772921333942,15.592815011163234
-13.21560405358385,15.895468251483841
-13.086392655482753,16.19691930905659
-12.956140606742578,16.497165466993692
-12.824849874187333,16.796204055098453
-12.692522509336586,17.094032447726576
-12.559160646040777,17.390648061729273
-12.42476649816754,17.686048354476664
-12.289342357338306,17.980230821959974
-12.152890590714309,18.273192996970977
-12.015413638831216,18.564932447357176
-11.87691401348147,18.85544677435113
-11.737394295643522,19.14473361097235
-11.596857133457018,19.432790620500175
-11.455305240243106,19.719615495016047
-11.312741392568899,20.005205954013583
-11.169168428355245,20.289559743074854
-11.024589245026876,20.57267463261126
-10.879006797704006,20.854548416667484
-10.732424097434535,21.13517891178685
-10.584844209465896,21.41456395593663
-10.436270251555692,21.692701407491665
-10.286705392320235,21.969589144274835
-10.136152849620085,22.245225062652782
-9.984615888981748,22.519607076685478
-9.832097822054674,22.79273311732809
-9.678602005102688,23.064601131683695
-9.524131837529056,23.33520908230543
-9.36869076043435,23.604554946546646
-9.212282255206299,23.872636715957665
-9.054909842140892,24.1394523957278
-8.896577079093873,24.40500000417126
-8.73728756016197,24.66927757225561
-8.577044914393042,24.932283143171606
-8.415852804524485,25.194014771942953
-8.253714925749138,25.454470525074914
-8.090635004508048,25.713648480240444
-7.926616797309402,25.971546726002742
-7.761664089572994,26.22816336157299
-7.595780694499569,26.483496496602186
-7.428970451964462,26.73754425100598
-7.261237227434914,26.990304754821366
-7.092584910910505,27.241776148094253
-6.9230174158861235,27.491956580796845
-6.752538678336967,27.740844212773816
-6.581152655725014,27.988437213716363
-6.40886332602648,28.234733763163124
-6.235674686779785,28.479732050527094
-6.061590754153534,28.723430275147578
-5.8866155620340805,28.965826646366413
-5.7107531611322315,29.206919383627458
-5.534007618108677,29.44670671659872
-5.356383014717745,29.685186885316124
-5.177883446969094,29.922358140348344
-4.99851302430698,30.15821874298178
-4.818275868806747,30.392766965425068
-4.637176114388193,30.626001091032357
-4.455217906045517,30.857919414544757
-4.272405399093509,31.088520242349144
-4.088742758429724,31.31780189275392
-3.9042341578123425,31.54576269628085
-3.71888377915347,31.772400995972646
-3.5326958118276193,31.99771514771553
-3.345674451995154,32.22170352057631
-3.157823901940466,32.444364497153494
-2.969148369424682,32.66569647394178
-2.7796520670527136,32.88569786170964
-2.589339211654457,33.104367085889365
-2.398214023679996,33.32170258697919
-2.2062807266086337,33.53770282095707
-2.0135435463716216,33.7523662597057
-1.8200067107884503,33.965691391448374
-1.625674449016587,34.17767672119531
-1.4305509910145457,34.388320771200135
-1.2346405670181964,34.597622081426074
-1.037947407030227,34.80557921002171
-0.8404757403226799,35.012190733805774
-0.6422297949524993,35.21745524876094
-0.4432137972900329,35.42137137053614
-0.24343197156044163,35.62393773495727
-0.04288853939798229,35.82515299854601
0.1584122805868653,36.02501583904649
0.360466273227443,36.223524955959775
0.5632692272081412,36.420679071085715
0.7668169354588061,36.616476929072206
0.9711051955363219,36.81091729797159
1.1761298099933482,37.003998969804094
1.3818865867341887,37.19572076112816
1.5883713393577616,37.386081513617555
1.7955798874876243,37.575080094645166
2.003508057089012,37.76271539787336
2.2121516807728296,37.94898634385091
2.421506598086538,38.13389188061632
2.631568655791858,38.31743098430761
2.8423337081292264,38.499602659778446
3.053797617068911,38.68040594122065
3.2659562525487003,38.85983989279299
3.478805492698068,39.03790360925643
3.6923412240487155,39.214596216615654
3.9065593417313758,39.389916872767024
4.1214557496587725,39.56386476815297
4.33702636069461,39.736439126422844
4.553267096808466,39.907639205100374
4.770173889216466,40.0774642962577
4.987742678507587,40.24591372719615
5.2059694147554625,40.412986861133774
5.4248500576155445,40.578683097899905
5.644380576407447,40.74300187463663
5.864556950182353,40.9059426665075
6.085375167775287,41.0675049874135
6.306831227842119,41.22768839071652
6.528921138881103,41.38649246997041
6.751640919238804,41.543916859659774
6.974986597100221,41.69996123594676
7.19895421046292,41.85462531742598
7.4235398070950085,42.00790886588773
7.648739444476764,42.1598116870898
7.8745491897257045,42.31033363153792
8.100965119504933,42.45947459527531
8.32798331991455,42.607234520681224
8.555599886365929,42.75361339727908
8.78381092343867,42.89861126255414
9.012612544720012,43.04222820278108
9.24200087262651,43.18446435386177
9.47197203820778,43.32531990217331
9.702522180932066,43.46479508542691
9.933647448453481,43.6028901935375
10.165343996360663,43.73960556950463
10.39760798790665,43.874941610304816
10.630435593719788,44.008898767795536
10.86382299149543,44.14147754963134
11.097766365668244,44.27267852019213
11.332261907064904,44.40250230152409
11.56730581253698,44.530949574293366
11.80289428457379,44.658021078752924
12.039023530895063,44.783717615722786
12.275689764023152,44.908040047583896
12.512889200834664,45.030989299285956
12.750618062091265,45.15256635936951
12.988872571949516,45.27277228100241
13.227648957449512,45.3916081830311
13.466943447982189,45.50907525104688
13.706752274735098,45.625174738467365
13.947071670116513,45.73990796763347
14.187897867157663,45.85327633092211
14.429227098893012,45.965281291874795
14.671055597718377,46.07592438634241
14.913379594726806,46.18520722364629
15.156195319022052,46.29313148775589
15.399498997009575,46.399698938483105
15.643286851664948,46.50491141269341
15.887555101779581,46.60877082553406
16.132299961183705,46.71127917167936
16.37751763794657,46.8124385265931
16.623204333553787,46.91225104780832
16.8693562420618,47.010718976224354
17.115969549229526,47.107844637421266
17.363040431627077,47.2036304429916
17.610565055721736,47.29807889188947
17.85853957694111,47.3911925717969
18.10696013871361,47.48297416050734
18.35582287148636,47.57342642732623
18.60512389172065,47.66255223448842
18.85485930086503,47.75035453859229
19.105025184306378,47.836836392050294
19.35561761029895,47.92200094455565
19.60663262887184,48.005851444564904
19.858066270715007,48.08839124079588
20.109914546044216,48.16962378374072
20.362173443445254,48.24955262719341
20.614838928697747,48.32818142979143
20.86790694357907,48.405513956570736
21.121373404648757,48.48155408053368
21.37523420201392,48.5563057842289
21.62948519807624,48.62977316134264
21.884122226261095,48.70196041830054
22.139141089729502,48.772871875879055
22.394537560073505,48.84251197082553
22.650307375995776,48.91088525748585
22.906446241974226,48.97799640943864
23.162949826912453,49.04385022113472
23.4198137627769,49.10845160954061
23.67703364322172,49.171805615784756
23.934605022202323,49.23391740680497
24.19252341257872,49.294792276995615
24.450784284709712,49.35443564985292
24.70938306503924,49.41285307961673
24.968315134676033,49.47005025290689
25.227575827967954,49.52603299035239
25.48716043107242,49.58080724821132
25.747064180524333,49.6343791199795
26.007282261803077,49.6867548379857
26.26780980790013,49.73794077497114
26.528641897889035,49.787943445650896
26.789773555499377,49.836769508254754
27.05119974769662,49.88442576604499
27.312915383269704,49.93091916880837
27.574915311428263,49.97625681431963
27.8371943204116,50.02044594977355
28.09974713611141,50.06349397318269
28.362568420710456,50.10540843473775
28.625652771339418,50.146197038127355
28.888994718754216,50.18586764181406
29.152588726036143,50.22442826026325
29.41642918731727,50.26188706512143
29.680510426533584,50.29825238634056
29.944826696208395,50.33353271324468
30.209372176268683,50.36773669553531
30.474140972896954,50.400873144231696
30.73912711742137,50.43295103254238
31.00432456524691,50.46397949666391
31.269727194830352,50.493967836503096
31.535328806701912,50.52292551631853
31.801123122536396,50.55086216527763
32.06710378427683,50.57778757792499
32.333264353313425,50.60371171455807
32.59959830972081,50.628644701506104
32.86609905155661,50.65259683130816
33.13275989422415,50.6755785627862
33.399574069902336,50.697600521009214
33.666534727045686,50.718673497144266
33.93363492995733,50.73880844819047
34.20086765843795,50.75801649659199
34.468225807513534,50.776308929726135
34.735702187244655,50.793697199262745
35.00328952262017,50.81019292039113
35.27098045353794,50.825807870910964
35.538767534875184,50.84055399018362
35.80664323665114,50.854443377940555
36.07459994428426,50.86748829294558
36.34262995894654,50.87970115150785
36.61072549801692,50.8910945258428
36.87887869563615,50.90168114227828
37.14708160336488,50.91147387930338
37.41532619094682,50.92048576545776
37.68360434717875,50.928729977059405
37.95190788088877,50.936219835769016
38.22022852202409,50.942968805989615
38.48855792284961,50.9489904921001
38.75688765925804,50.954298635521816
39.025209232192545,50.95890711161753
39.29351406918208,50.96282992642256
39.56179352599009,50.96608121320805
39.83003888837626,50.96867522887683
40.098241373971426,50.970626350192546
40.36639213426506,50.971949069843205
40.63448225670465,50.97265799234061
40.90250276690609,50.97276782975752
41.17044463097388,50.972293397304895
41.43829875792964,50.97124960875162
41.706056002247124,50.96965147169
41.973707166492005,50.96751408265028
42.241243004063776,50.96485262206816
42.50865422203753,50.96168234910924
42.775931484102706,50.958018596355416
43.043065413595656,50.9538767643578
43.3100465966228,50.94927231606188
43.576865585270745,50.94422077111037
43.843512900899476,50.93873770003018
44.109979037514584,50.932838718309625
44.376254465214174,50.926539480373016
44.64232963370592,50.919855673459494
44.9081949758895,50.91280301141375
45.17384091149936,50.905397228396176
45.43925785080281,50.89765407252071
45.70443619834791,50.88958929942836
45.96936635675581,50.88121866580513
46.23403873055168,50.87255792285296
46.49844373002871,50.86362280972261
46.762571775139016,50.85442904691745
47.026413299405554,50.84499232967758
47.28995875384894,50.835328321353316
47.55319861092308,50.8254526467776
47.81612336845323,50.81538088564681
48.07872355357047,50.805128565919226
48.340989726636195,50.79471115724092
48.602912485150526,50.7841440644082
48.86448246763834,50.773442620876295
49.12569035750683,50.762622082323304
49.38652688686863,50.75169762027877
49.64698284032423,50.74068431582584
49.90704905869817,50.729597153385875
50.16671644272304,50.71845101459426
50.42597595666568,50.70726067227567
50.68481863189023,50.69604078452736
50.9432355703527,50.68480588891795
51.20121794802197,50.67357039680974
51.45875701822234,50.662348587811756
51.71584411489297,50.651154604370454
51.97247065575978,50.64000244650489
52.22862814541559,50.62890596669251
52.484308178304566,50.61787886491163
52.73950244160724,50.60693468384603
52.99420271802279,50.59608680425675
53.24840088844525,50.585348440525955
53.502088934530946,50.574732636377014
53.75525894115443,50.56425226077473
54.00790309875073,50.55392000400917
54.26001370554175,50.54374837396605
54.51158316964522,50.533749692586284
54.7626040110646,50.52393609251689
55.01306886355896,50.51431951395482
55.26297047639173,50.504911701685174
55.51230171595794,50.49572420231458
55.76105556728941,50.48676836170013
56.009225135438015,50.47805532257413
56.25680364673704,50.46959602236408
56.50378444994123,50.46140119120732
56.75016101724615,50.45348135015923
56.99592694518781,50.44584680959345
57.24107595542369,50.43850766779239
57.485601895396606,50.43147380972596
57.72949873888296,50.42475490601584
57.972760586427164,50.41836041208293
58.215381665664175,50.4122995674746
58.457356331532374,50.406581395368605
58.69867906637905,50.401214702250265
58.93934447996083,50.39620807775886
59.17934730934193,50.39156989469952
59.41868241869263,50.387308309216344
59.65734479899102,50.38343126112238
59.8953295676309,50.379946474382024
60.13263196793885,50.37686145774116
60.36924736860359,50.374183505500284
60.60517126302083,50.3719196984258
60.840399268556794,50.37007690479437
61.0749271257338,50.368661781565486
61.30875069734104,50.36768077567704
61.541865967474145,50.36714012545872
61.7742690405067,50.367045862158264
62.005956139997124,50.36740381157512
62.23692360753436,50.36821959579661
62.467167901525606,50.36949863503115
62.69668559592955,50.37124614953366
62.925473378938335,50.37346716161786
63.15352805161151,50.3761664977504
63.3808465264653,50.37934879072194
63.607425826020304,50.383018481890176
63.833263081310804,50.3871798234898
64.05835553035872,50.39183688100493
64.28270051661528,50.39699353559894
64.50629548737332,50.402653486597416
64.72913799215313,50.40882025401952
64.95122568106459,50.41549718115347
65.17255630314841,50.42268743717187
65.39312770469911,50.43039401978265
65.61293782757227,50.43861975791168
65.83198470747843,50.447367314413
66.0502664722664,50.4566391888031
66.26778134019793,50.4664377200153
66.48452761821603,50.47676508917094
66.70050370020931,50.487623322363824
66.91570806527405,50.49901429345476
67.13013927597636,50.51093972687292
67.34379597661588,50.52340120042113
67.55667689149314,50.53640014808214
67.76878082318213,50.549937862823164
67.9801066508097,50.564015499396035
68.19065332834342,50.578634077130495
68.40041988288915,50.59379448271822
68.60940541299999,50.60949747298543
68.81760908699752,50.62574367765177
69.02503014130687,50.64253360207373
69.23166787880656,50.65986762997043
69.43752166719425,50.677746026130144
69.64259093736923,50.69616893909593
69.84687518183296,50.715136403828694
70.05037395310785,50.73464834434636
70.25308686217568,50.75470457633762
70.45501357693607,50.775304809749265
70.65615382068567,50.79644865134565
70.8565073706186,50.81813560723954
71.05607405634889,50.84036508539307
71.25485375845513,50.86313639808814
71.45284640704799,50.886448764365305
71.6500519803607,50.91030131243061
71.84647050336312,50.93469308202947
72.04210204639939,50.95962302678721
72.23694672384967,50.98509001651577
72.43100469281579,51.011092839485976
72.62427615183134,51.03763020466515
72.81676133959606,51.06470074391967
73.00846053373466,51.092303014182306
73.19937404958013,51.12043549958395
73.3895022389815,51.14909661354987
73.57884548913606,51.178284700860125
73.76740422144593,51.20799803967419
73.95517889039903,51.23823484351985
74.14216998247406,51.26899326324633
74.3283780150697,51.30027138894164
74.5138035354576,51.33206725181447
74.69844711975911,51.364378826040536
74.88230937194554,51.397204030573725
75.06539092286171,51.4305407309222
75.24769242927256,51.46438674088958
75.42921457293262,51.49873982428165
75.60995805967794,51.533597696578774
75.78992361854037,51.56895802657427
75.96911200088395,51.60481843797918
76.14752397956272,51.64117651099374
76.32516034810024,51.678029783845844
76.50202191988994,51.715375754297014
76.67810952741638,51.75321188111615
76.8534240214969,51.79153558552146
77.02796627054336,51.830344252591125
77.20173715984362,51.86963523264296
77.37473759086244,51.909405842583624
77.54696848056155,51.9496533672277
77.71843076073822,51.990375060587255
77.88912537738246,52.03156814713221
78.05905329005203,52.073229823022
78.22821547126522,52.11535725730902
78.39661290591084,52.157947593114365
78.56424659067535,52.20099794877618
78.73111753348634,52.24450541897124
78.89722675297246,52.288467075810246
79.0625752779391,52.33287996990712
79.2271641468598,52.377741131423
79.39099440738268,52.42304757108525
79.55406711585174,52.468796281182
79.7163833368428,52.51498423653277
79.87794414271356,52.5616083954354
80.03875061316744,52.60866570059012
80.19880383483098,52.65615308000081
80.35810490084445,52.70406744785423
80.51665491046525,52.75240570537746
80.67445496868388,52.801164741674185
80.83150618585216,52.85034143454
80.98780967732333,52.899932651257494
81.14336656310375,52.94993524937128
81.29817796751593,53.000346077443524
81.45224501887255,53.05116197579037
81.60556884916119,53.102379777199694
81.7581505937395,53.153996307630536
81.90999139104052,53.20600838689467
82.06109238228782,53.258412829320726
82.21145471122037,53.31120644440117
82.3610795238265,53.36438603742261
82.5099679680872,53.41794841007975
82.65812119372804,53.47189036107343
82.80554035197972,53.526208686693025
82.95222659534694,53.58090018138367
83.09818107738528,53.635961638298554
83.24340495248599,53.69138984983674
83.38789937566834,53.74718160816673
83.53166550237938,53.80333370573623
83.67470448830079,53.85984293576836
83.8170174891627,53.91670609274466
83.95860566056429,53.97391997287521
84.09947015780085,54.031481374556144
84.23961213569717,54.08938709881492
84.37903274844703,54.14763394974356
84.51773314945865,54.206218734920206
84.65571449120588,54.265138265819296
84.79297792508498,54.32438935821056
84.92952460127665,54.38396883254716
85.06535566861342,54.44387351434326
85.20047227445195,54.50410023454123
85.33487556455034,54.56464582986876
85.46856668294991,54.6255071431862
85.60154677186186,54.686681023824214
85.73381697155799,54.74816432791215
85.86537842026588,54.80995391869727
85.99623225406818,54.87204666685507
86.12637960680561,54.93443945079095
86.25582160998418,54.99712915693341
86.38455939268573,55.060112680019024
86.51259408148222,55.123386923369324
86.63992680035346,55.186948799159936
86.76655867060802,55.250795228681966
86.89249081080749,55.31492314259605
87.01772433669362,55.37932948117906
87.14226036111869,55.444011194563814
87.2660999939784,55.508965242971755
87.3892443421478,55.574188596939095
87.51169450941966,55.639678237536245
87.63345159644547,55.70543115658096
87.75451670067886,55.77144435684517
87.87489091632136,55.837714852255885
87.99457533427045,55.90423966809003
88.11357104206967,55.97101584116361
88.23187912386095,56.03804042001529
88.34950066033886,56.10531046508437
88.46643672870673,56.172823048883636
88.5826884026347,56.24057525616677
88.69825675221948,56.30856418409093
88.81314284394576,56.376786942374274
88.92734774064924,56.44524065344864
89.04087250148133,56.51392245260768
89.15371818187513,56.58282948815029
89.26588583351291,56.6519589215197
89.37737650429497,56.721307927438154
89.48819123830977,56.79087369403744
89.59833107580516,56.86065342298523
89.70779705316102,56.93064432960747
89.81659020286278,57.000843643006846
89.92471155347617,57.071248606177456
90.03216212962283,57.14185647611575
90.13894295195698,57.21266452392787
90.24505503714302,57.283670034933515
90.35049939783391,57.354870308766294
90.45527704265038,57.42626265947081
90.55938897616097,57.49784441559646
90.66283619886278,57.56961292028809
90.76561970716288,57.641565531373494
90.8677404933604,57.713699621448
90.96919954562927,57.78601257795606
91.0699978480014,57.85850180326999
91.17013638035068,57.93116471476595
91.26961611837713,58.0039987448972
91.36843803359183,58.077001341264754
91.46660309330213,58.15016996668534
91.56411226059734,58.22350209925702
91.6609664943348,58.29699523242226
91.75716674912628,58.37064687502869
91.85271397532475,58.4444545513874
91.94760911901143,58.51841580132922
92.04185312198317,58.592528180258576
92.13544692173996,58.66678925920536
92.22839145147286,58.741196624874604
92.320687640052,58.81574787969421
92.41233641201484,58.89044064186063
92.50333868755455,58.96527254538267
92.5936953825086,59.04024124012339
92.68340740834745,59.1153443918402
92.77247567216335,59.19057968222311
92.86090107665927,59.26594480893133
92.94868452013795,59.341437485628134
93.0358268964908,59.417055442014075
93.12232909518723,59.49279642385861
93.2081920012636,59.56865819303015
93.29341649531257,59.64463852752465
93.37800345347218,59.72073522149261
93.46195374741507,59.79694608526471
93.54526824433772,59.87326894537604
93.62794780694949,59.949701644588906
93.7099932934619,60.02624204191442
93.79140555757755,60.10288801263264
93.87218544847927,60.17963744831153
93.95233381081906,60.256488256824774
94.03185148470693,60.3334383623682
94.11073930569985,60.41048570547519
94.18899810479033,60.487628243030905
94.26662870839522,60.56486394828541
94.34363193834413,60.64219081086573
94.42000861186798,60.719606836786824
94.49575954158728,60.79711004846161
94.57088553550034,60.87469848470991
94.64538739697143,60.9523702007665
94.71926592471866,61.03012326828819
94.79252191280194,61.10795577535999
94.86515615061062,61.18586582650038
94.93716942285108,61.26385154266575
95.00856250953419,61.341911061253924
95.07933618596259,61.420042536106926
95.14949122271783,61.49824413751293
95.2190283856474,61.57651405220742
95.28794843585165,61.6548504833736
95.3562521296703,61.733251650642075
95.42394021866922,61.811715790089764
95.4910134496267,61.89024115423824
95.55747256451976,61.96882601205124
95.62331830051015,62.04746864893157
95.68855138993042,62.126167366717446
95.75317256026963,62.20492048367807
95.81718253415895,62.28372633450873
95.88058202935719,62.36258327032516
95.94337175873606,62.4414896586575
96.00555243026542,62.52044388344353
96.06712474699822,62.599444345021446
96.12808940705537,62.678489460122115
96.18844710361044,62.75757766186072
96.24819852487424,62.836707399728006
96.30734435407925,62.91587713958097
96.36588526946382,62.9950853636331
96.42382194425633,63.07433057044414
96.48115504665917,63.15361127490938
96.53788523983256,63.23292600824853
96.59401318187822,63.31227331799418
96.64953952582302,63.391651767979816
96.70446491960229,63.471059938327365
96.75879000604324,63.550496425434496
96.81251542284802,63.62995984196137
96.86564180257683,63.709448816817115
96.91816977263082,63.78896199514587
96.97009995523491,63.86849803831254
97.0214329674205,63.9480556238881
97.07216942100798,64.02763344563465
97.12230992258927,64.10723021349004
97.17185507351014,64.18684465355228
97.22080546985252,64.26647550806356
97.26916170241661,64.3461215353939
97.31692435670303,64.42578151002459
97.36409401289474,64.50545422253134
97.41067124583898,64.58513847956701
97.45665662502908,64.66483310384419
97.50205071458622,64.7445369341174
97.54685407324105,64.82424882516509
97.59106725431538,64.90396764777122
97.63469080570366,64.98369228870685
97.67772526985449,65.06342165071109
97.72017118375206,65.14315465247218
97.76202907889753,65.22289022860795
97.80329948129032,65.30262732964636
97.84398291140955,65.38236492200545
97.88407988419513,65.46210198797341
97.92359090902916,65.5418375256881
97.96251648971705,65.62157054911643
98.00085712446875,65.70130008803363
98.03861330587996,65.78102518800203
98.07578552091333,65.86074491034987
98.11237425087954,65.94045833214957
98.14837997141865,66.02016454619616
98.18380315248115,66.09986266098507
98.21864425830925,66.17955180068996
98.25290374741812,66.25923110514022
98.28658207257715,66.33889972979817
98.3196796807912,66.41855684573623
98.35219701328205,66.49820163961364
98.3841345054697,66.57783331365299
98.41549258695385,66.65745108561666
98.44627168149538,66.73705418878282
98.47647220699795,66.8166418719213
98.50609457548966,66.89621339926927
98.5351391931047,66.9757680505065
98.56360646006524,67.0553051207305
98.59149677066331,67.13482392043143
98.61881051324276,67.21432377546667
98.64554807018145,67.29380402703521
98.67170981787342,67.37326403165162
98.69729612671131,67.45270316112006
98.72230736106872,67.53212080250766
98.74674387928299,67.61151635811792
98.77060603363785,67.69088924546358
98.79389417034633,67.77023889723945
98.81660862953396,67.84956476129473
98.83874974522189,67.92886630060521
98.86031784531035,68.00814299324502
98.88131325156229,68.08739433235814
98.9017362795872,68.16661982612965
98.92158723882503,68.24581899775646
98.9408664325305,68.32499138541796
98.95957415775749,68.40413654224614
98.9777107053437,68.48325403629543
98.9952763598956,68.56234345051217
99.01227139977351,68.64140438270375
99.02869609707706,68.72043644550729
99.04455071763084,68.79943926635801
99.05983552097034,68.8784124874572
99.07455076032821,68.9573557657397
99.08869668262072,69.03626877284107
99.1022735284347,69.11515119506424
99.11528153201455,69.19400273334581
99.12772092124982,69.2728231032218
99.13959191766298,69.35161203479298
99.15089473639753,69.43036927268977
99.16162958620659,69.50909457603656
99.17179666944173,69.58778771841557
99.18139618204223,69.66644848783018
99.19042831352476,69.74507668666777
99.19889324697341,69.8236721316619
99.20679115903016,69.9022346538541
99.2141222198858,69.98076409855487
99.22088659327122,70.05926032530434
99.2270844364493,70.13772320783201
99.23271590020707,70.21615263401615
99.23778112884844,70.29454850584237
99.24228026018751,70.37291073936159
99.24621342554224,70.45123926464734
99.24958074972866,70.52953402575233
99.25238235105576,70.60779498066434
99.25461834132071,70.68602210126126
99.25628882580479,70.76421537326554
99.25739390326989,70.84237479619775
99.25793366595549,70.92050038332928
99.25790819957638,70.9985921616344
99.25731758332088,71.07665017174128
99.25616188984985,71.15467446788224
99.25444118529614,71.23266511784315
99.25215552926493,71.31062220291174
99.24930497483462,71.38854581782523
99.24588956855847,71.46643607071671
99.24190935046687,71.54429308306071
99.23736435407058,71.62211698961778
99.23225460636442,71.6999079383778
99.22658012783198,71.77766609050254
99.22034093245095,71.8553916202668
99.21353702769946,71.93308471499867
99.206168414563,72.01074557501846
99.19823508754236,72.08837441357662
99.18973703466243,72.16597145679019
99.18067423748182,72.24353694357832
99.17104667110345,72.32107112559619
99.16085430418603,72.39857426716786
99.15009709895651,72.47604664521768
99.13877501122353,72.55348854920027
99.1268879903918,72.63090028102918
99.11443597947756,72.70828215500414
99.10141891512507,72.7856344977366
99.08783672762414,72.86295764807403
99.07368934092872,72.94025195702251
99.05897667267678,73.01751778766774
99.04369863421098,73.09475551509448
99.02785513060094,73.1719655263042
99.01144606066629,73.24914822013125
98.99447131700116,73.3263040071569
98.97693078599991,73.4034333096221
98.95882434788403,73.4805365613379
98.94015187673033,73.55761420759431
98.92091324050055,73.63466670506722
98.9011083010723,73.71169452172316
98.88073691427118,73.78869813672233
98.85979892990463,73.86567804031934
98.83829419179689,73.942634733762
98.8162225378257,74.01956872918792
98.79358379996023,74.09648054951889
98.77037780430078,74.17337072835304
98.74660437111986,74.2502398098548
98.7222633149049,74.32708834864236
98.69735444440259,74.40391690967284
98.67187756266493,74.48072606812501
98.6458324670968,74.5575164092795
98.6192189495054,74.63428852839654
98.59203679615136,74.71104303059091
98.5642857878017,74.78778053070451
98.53596569978441,74.86450165317596
98.50707630204522,74.94120703190762
98.47761735920595,75.01789731012975
98.4475886306249,75.09457314026167
98.41698987045922,75.17123518377021
98.38582082772925,75.24788411102494
98.35408124638488,75.32452060115057
98.321770865374,75.40114534187597
98.28888941871303,75.47775902938032
98.25543663555965,75.55436236813584
98.22141224028765,75.63095607074717
98.18681595256403,75.70754085778763
98.1516474874284,75.78411745763185
98.11590655537461,75.86068660628494
98.07959286243475,75.9372490472083
98.0427061102656,76.01380553114151
98.0052459962374,76.09035681592087
97.96721221352516,76.16690366629392
97.9286044512024,76.24344685373035
97.88942239433754,76.3199871562289
97.84966572409282,76.39652535812047
97.8093341178258,76.47306224986701
97.76842724919366,76.54959862785654
97.7269447882601,76.62613529419389
97.68488640160508,76.70267305648726
97.6422517524373,76.77921272763061
97.59904050070958,76.8557551255815
97.55525230323704,76.93230107313464
97.51088681381835,77.00885139769098
97.46594368335981,77.08540693102212
97.42042256000258,77.16196850903022
97.3743230892528,77.23853697150308
97.32764491411497,77.31511316186467
97.28038767522847,77.39169792692059
97.2325510110071,77.46829211659875
97.18413455778204,77.54489658368507
97.13513794994796,77.62151218355419
97.08556082011258,77.69813977389497
97.03540279924937,77.77478021443085
96.98466351685384,77.85143436663508
96.93334260110323,77.92810309344047
96.88143967901958,78.00478725894394
96.82895437663642,78.0814877281055
96.77588631916896,78.15820536644183
96.72223513118792,78.23494103971427
96.66800043679693,78.31169561361116
96.61318185981368,78.38846995342449
96.55777902395467,78.46526492372095
96.50179155302379,78.54208138800699
96.44521907110467,78.61892020838813
96.38806120275677,78.69578224522238
96.33031757321535,78.7726683567676
96.27198780859528,78.84957939882298
96.21307153609888,78.92651622436439
96.15356838422741,79.00347968317361
96.09347798299684,79.08047062146137
96.03279996415736,79.15748988148438
95.97153396141697,79.23453830115587
95.90967961066912,79.31161671365004
95.84723655022432,79.38872594700017
95.78420442104591,79.4658668236903
95.72058286698979,79.54304016024071
95.6563715350483,79.62024676678679
95.5915700755982,79.69748744665172
95.52617814265274,79.77476299591258
95.46019539411789,79.85207420296001
95.39362149205256,79.9294218480515
95.32645610293311,80.00680670285813
95.25869889792183,80.08422953000488
95.1903495531396,80.16169108260446
95.1214077499427,80.23919210378473
95.05187317520354,80.3167333262096
94.98174552159571,80.39431547159346
94.91102448788286,80.4719392502094
94.83970977921172,80.5496053603908
94.76780110740921,80.62731448802674
94.69529819128338,80.70506730605096
94.62220075692841,80.78286447392472
94.54850853803337,80.86070663711324
94.47422127619517,80.93859442655615
94.39933872123493,81.01652845813169
94.32386063151844,81.094509332115
94.24778677428016,81.17253763263038
94.171116925951,81.25061392709769
94.09385087248958,81.32873876567298
94.01598840971712,81.40691268068343
93.93752934365571,81.4851361860567
93.85847349086995,81.56340977674486
93.778820678812,81.64173392814284
93.69857074616957,81.72010909550195
93.61772354321727,81.79853571333796
93.53627893217087,81.87701419483456
93.4542367875443,81.95554493124192
93.37159699650965,82.03412829127062
93.28835945925968,82.11276462048126
93.20452408937284,82.19145424066966
93.1200908141808,82.27019744924822
93.0350595751381,82.34899451862326
92.949430328194,82.42784569556876
92.86320304416618,82.50675120059682
92.77637770911636,82.58571122732472
92.68895432472745,82.66472594183924
92.60093290868215,82.74379548205822
92.5123134950429,82.82291995708965
92.4230961346328,82.90209944658879
92.33328089541753,82.98133400011321
92.24286786288788,83.06062363647641
92.15185714044284,83.1399683431002
92.06024884977283,83.21936807536605
91.96804313124312,83.29882275596592
91.87524014427694,83.3783322742527
91.78184006773824,83.45789648559095
91.6878431003138,83.53751521070775
91.59324946089428,83.61718823504471
91.49805938895435,83.69691530811087
91.40227314493113,83.7766961428374
91.30589101060106,83.85653041493408
91.20891328945478,83.93641776224842
91.11134030706968,84.01635778412734
91.01317241147996,84.09635004078218
90.91440997354381,84.17639405265754
90.81505338730743,84.25648929980397
90.71510307036559,84.33663522125553
90.61455946421837,84.4168312144122
90.51342303462403,84.49707663442788
90.41169427194706,84.57737079360454
90.30937369150188,84.6577129607926
90.20646183389124,84.73810236079856
90.10295926533928,84.81853817380009
89.9988665780188,84.89901953476894
89.89418439037256,84.97954553290268
89.78891334742788,85.06011521106527
89.68305412110469,85.14072756523734
89.57660741051635,85.2213815439765
89.46957394226293,85.30207604788835
89.36195447071667,85.38280992910865
89.25374977829924,85.46358199079718
89.14496067575038,85.54439098664403
89.03558800238773,85.62523562038842
88.92563262635711,85.70611454535114
88.81509544487352,85.78702636398067
88.70397738445187,85.86796962741388
88.59227940112748,85.94894283505164
88.48000248066583,86.0299444341499
88.3671476387613,86.11097281942685
88.25371592122451,86.19202633268667
88.13970840415794,86.27310326246028
88.02512619411951,86.35420184366376
87.90997042827364,86.43532025727481
87.79424227452988,86.5164566300279
87.67794293166817,86.59760903412845
87.56107362945104,86.67877548698655
87.44363562872206,86.75995395097084
87.32563022149037,86.84114233318276
87.20705873100101,86.92233848525184
87.08792251179086,87.0035402031523
86.96822294972976,87.08474522704142
86.8479614620466,87.16595124112025
86.72713949734037,87.2471558735166
86.6057585355756,87.32835669619128
86.48382008806225,87.40955122486737
86.36132569741972,87.49073691898327
86.2382769375248,87.57191118166953
86.1146754134435,87.65307135974993
85.99052276134653,87.73421474376705
85.8658206484081,87.8153385680325
85.74057077268851,87.89644001070204
85.61477486299968,87.9775161938759
85.48843467875405,88.05856418372427
85.36155200979664,88.13958099063827
85.23412867622021,88.2205635694064
85.10616652816344,88.3015088194167
84.97766744559229,88.38241358488449
84.84863333806433,88.4632746551059
84.71906614447624,88.54408876473707
84.58896783279451,88.624852594099
84.45834039976926,88.70556276950818
84.32718587063151,88.78621586363265
84.19550629877389,88.86680839587353
84.06330376541482,88.94733683277191
83.93058037924648,89.02779758844076
83.79733827606674,89.10818702502185
83.66357961839512,89.18850145316733
83.52930659507311,89.26873713254578
83.39452142084902,89.3488902723723
83.25922633594762,89.42895703196254
83.12342360562496,89.50893352131004
82.98711551970854,89.58881580168686
82.85030439212312,89.66859988626666
82.71299256040265,89.74828174077018
82.57518238518865,89.82785728413239
82.43687624971521,89.90732238919102
82.2980765592813,89.98667288339576
82.15878574071058,90.06590454953769
82.01900624179927,90.14501312649847
81.87874053075241,90.2239943100184
81.73799109560902,90.30284375348306
81.59676044365672,90.38155706872777
81.45505110083613,90.46012982685905
81.3128656111357,90.53855755909267
81.17020653597733,90.61683575760746
81.0270764535935,90.6949598764141
80.88347795839627,90.77292533223823
80.73941366033883,90.8507275054172
80.59488618427,90.92836174080955
80.44989816928246,91.00582334871659
80.3044522680551,91.08310760581504
80.15855114619008,91.16020975610034
80.01219748154537,91.23712501183941
79.86539396356312,91.31384855453233
79.71814329259456,91.39037553588183
79.5704481792221,91.46670107877023
79.4223113435791,91.54282027824237
79.27373551466799,91.61872820249431
79.12472342967722,91.69441989386645
78.9752778332979,91.76989036984065
78.8254014770404,91.84513462404023
78.67509711855176,91.92014762723215
78.52436752093426,91.9949243283305
78.37321545206606,92.0694596554005
78.22164368392419,92.14374851666214
78.06965499191045,92.21778580149288
77.91725215418126,92.29156638142811
77.76443795098122,92.36508511115925
77.61121516398171,92.43833682952813
77.45758657562457,92.5113163605172
77.30355496847156,92.58401851423486
77.14912312456009,92.65643808789483
76.99429382476583,92.72856986678937
76.83906984817247,92.80040862525507
76.68345397144925,92.87194912763105
76.52744896823678,92.94318612920856
76.37105760854148,93.01411437717141
76.21428265813911,93.08472861152677
76.05712687798786,93.1550235660255
75.89959302365129,93.22499396907156
75.74168384473174,93.29463454461997
75.58340208431419,93.3639400130626
75.42475047842143,93.4329050921016
75.26573175548042,93.50152449760957
75.10634863580036,93.56979294447636
74.94660383106294,93.63770514744186
74.78650004382467,93.70525582191438
74.62603996703193,93.77243968477428
74.46522628354866,93.83925145516253
74.30406166569738,93.90568585525355
74.1425487748131,93.97173761101261
73.98069026081106,94.03740145293669
73.81848876176787,94.1026721167793
73.65594690351652,94.1675443442585
73.49306729925534,94.2320128837481
73.32985254917114,94.29607249095189
73.16630524007634,94.35971792956047
73.00242794506059,94.42294397189092
72.83822322315662,94.48574539950874
72.67369361902054,94.54811700383244
72.50884166262674,94.61005358672018
72.3436698689771,94.67154996103886
72.17818073782486,94.73260095121528
72.012376753413,94.79320139376955
71.84626038422701,94.85334613783077
71.67983408276234,94.91303004563478
71.51310028530615,94.9722479930043
71.34606141173342,95.03099486981128
71.1787198653175,95.08926558042177
71.01107803255486,95.14705504412323
70.84313828300385,95.20435819553444
70.67490296913778,95.26116998499823
70.50637442621158,95.317485378957
70.33755497214263,95.37329936031138
70.16844690740496,95.42860692876212
69.99905251493716,95.48340310113541
69.82937406006359,95.5376829116917
69.65941379042879,95.59144141241863
69.48917393594502,95.64467367330776
69.31865670875254,95.69737478261578
69.14786430319269,95.74953984711027
68.97679889579332,95.80116399230016
68.80546264526674,95.85224236265151
68.63385769251947,95.90277012178842
68.46198616067413,95.95274245267976
68.2898501551028,96.00215455781175
68.11745176347199,96.0510016593469
67.94479305579878,96.09927899926936
67.77187608451787,96.1469818395173
67.59870288455957,96.19410546210223
67.42527547343825,96.24064516921614
67.25159585135108,96.2865962833262
67.07766600128694,96.33195414725772
66.9034878891451,96.37671412426552
66.72906346386347,96.42087159809422
66.55439465755637,96.46442197302767
66.37948338566125,96.50736067392764
66.2043315470944,96.54968314626261
66.0289410244153,96.59138485612655
65.85331368399937,96.63246129024823
65.67745137621888,96.67290795599126
65.50135593563178,96.71272038134549
65.32502918117834,96.7518941149096
65.14847291638505,96.79042472586583
64.97168892957599,96.82830780394652
64.79467899409099,96.8655389593934
64.61744486851069,96.90211382290956
64.43998829688815,96.93802804560444
64.26231100898661,96.97327729893244
64.08441472052367,97.00785727462512
63.90630113342091,97.04176368461755
63.727971936059646,97.07499226096898
63.549428803541744,97.10753875577817
63.370673397955905,97.13939894109366
63.1917073686489,97.17056860881944
63.01253235250165,97.20104357061597
62.83314997420988,97.2308196577971
62.65356184656934,97.25989272122318
62.47376957076509,97.28825863119046
62.29377473666499,97.31591327731714
62.11357892311695,97.34285256842645
61.9331836982499,97.3690724324267
61.75259061977832,97.39456881618901
61.57180123530996,97.41933768542239
61.3908170826569,97.44337502454717
61.20963969014943,97.46667683656614
61.02827057695291,97.48923914293435
60.84671125338718,97.51105798342745
60.66496322124859,97.53212941600881
60.483027974134345,97.55244951669575
60.30090699776907,97.57201437942491
60.11860177033345,97.59082011591728
59.93611376279486,97.60886285554261
59.75344443923971,97.62613874518384
59.57059525720756,97.64264394910153
59.38756766802669,97.65837464879839
59.20436311715116,97.67332704288435
59.020983044499104,97.68749734694202
58.837428884792274,97.70088179339295
58.65370206789658,97.71347663136471
58.46980401916366,97.72527812655903
58.28573615977323,97.73628256112104
58.10149990707623,97.74648623350991
57.917096674938605,97.7558854583708
57.73252787408565,97.76447656640855
57.547794912446776,97.77225590426288
57.362899195500674,97.77921983438557
57.177842126620746,97.78536473491951
56.99262510742073,97.79068699957978
56.807249538100464,97.79518303753687
56.621716817791615,97.7988492733023
56.436028344903484,97.80168214661632
56.25018551746856,97.80367811233835
56.06418973348798,97.80483364033977
55.87804239127673,97.80514521539934
55.691744889808454,97.8046093371014
55.50529862906001,97.80322251973678
55.3187050103554,97.80098129220656
55.13196543670941,97.79788219792873
54.94508131317049,97.79392179474782
54.75805404716318,97.78909665484764
54.57088504882975,97.78340336466701
54.38357573137121,97.77683852481861
54.1961275113875,97.76939875001113
54.00854180921691,97.7610806689746
53.82082004927456,97.75188092438887
53.632963660390125,97.74179617281564
53.44497407614445,97.7308230846336
53.25685273520531,97.71895834397706
53.06860108166208,97.70619864867801
52.880220565359394,97.69254071021146
52.69171264222964,97.67798125364439
52.5030787746244,97.66251701758806
52.31432043164467,97.64614475415385
52.125439089469936,97.62886122891257
51.93643623168596,97.61066322085725
51.747313349611375,97.59154752236944
51.558071942622945,97.57151093918912
51.36871351847953,97.55055029038799
51.17923959364472,97.52866240834632
50.98965169360809,97.50584413873334
50.79995135320501,97.48209234049108
50.61014011693515,97.45740388582182
50.42021953927944,97.43177566017881
50.2301911850156,97.4052045622607
50.040056629532195,97.37768750400927
49.849817459141164,97.3492214106106
49.659475271388764,97.31980322049982
49.469031675365066,97.28942988536903
49.278488292011765,97.2580983701788
49.087846754428455,97.22580565317283
48.89710870817728,97.19254872589612
48.70627581158588,97.15832459321628
48.51534973604881,97.1231302733482
48.324332166327125,97.08696279788182
48.13322480084637,97.04981921181336
47.94202935199283,97.01169657357931
47.75074754640802,96.97259195509393
47.55938112528144,96.93250244178957
47.36793184464153,96.8914251326601
47.17640147564488,96.8493571403074
46.98479180486355,96.8062955909907
46.793104634570625,96.76223762467885
46.601341783023884,96.71718039510549
46.40950508474762,96.67112106982697
46.21759639081253,96.62405683028304
46.02561756911374,96.57598487186026
45.83357050464686,96.52690240395803
45.64145709978212,96.4768066500572
45.44927927453657,96.42569484779126
45.25703896684416,96.37356424902003
45.06473813282398,96.32041211990561
44.87237874704635,96.2662357409909
44.67996280279689,96.21103240728021
44.487492312338595,96.15479942832236
44.294969307171684,96.09753412829568
44.10239583829144,96.0392338460952
43.90977397644389,95.97989593542201
43.71710581237927,95.91951776487439
43.524393457103464,95.85809671804094
43.33163904212704,95.79563019359557
43.13884471971221,95.73211560539414
42.94601266311751,95.66755038257291
42.753145066840176,95.60193196964845
42.56024414685629,95.53525782661922
42.36731214085852,95.46752542906853
42.17435130849163,95.39873226826896
41.98136393158552,95.32887585128793
41.788352314385946,95.2579537010947
41.59531878378281,95.18596335666834
41.402265689536,95.11290237310685
41.20919540449875,95.03876832173724
41.016110324838564,94.9635587902265
40.82301287025557,94.88727138269343
40.62990548419833,94.80990371982112
40.43679063407715,94.73145343897009
40.243670811474665,94.65191819429212
40.050548532353965,94.57129565684428
39.85742633726392,94.48958351470361
39.664306791541875,94.4067794730819
39.47119248551372,94.3228812544408
39.27808603469108,94.23788659860693
39.08499007996585,94.15179326288708
38.891907287801885,94.06459902218327
38.698840350423914,93.9763016691077
38.505791986003544,93.8868990140974
38.31276493884243,93.79638888552847
38.119761979552514,93.70476912982998
37.92678590523337,93.61203761159723
37.733839539646496,93.5181922137043
37.540925733386686,93.42323083741596
37.34804736405036,93.32715140249873
37.15520733640079,93.22995184733087
36.96240858253032,93.1316301290114
36.769654062019406,93.03218422346798
36.57694676209252,92.93161212556352
36.384289697770896,92.82991184920137
36.19168591202209,92.72708142742908
35.99913847590623,92.62311891254076
35.80665048871908,92.5180223761774
35.61422507813179,92.41178990942579
35.42186540032726,92.30441962291542
35.229574640133265,92.19590964691322
35.03735601115207,92.08625813141657
34.84521275588672,91.97546324624372
34.65314814586388,91.86352318112223
34.46116548175317,91.75043614577478
34.269268093483,91.63620037000256
34.07745934035295,91.52081410376594
33.88574261114249,91.40427561726258
33.69412132421619,91.28658320100246
33.502598927625314,91.16773516588005
33.31117889920575,91.04772984324354
33.11986474667229,90.92656558496063
32.92866000770924,90.80424076348126
32.73756825005726,90.68075377189679
32.54659307159653,90.55610302399577
32.355738100426116,90.43028695431603
32.16500699493953,90.30330401819303
31.974403443896534,90.17515269180446
31.783931166491012,90.04583147221068
31.593593912415102,89.91533887739136
31.403395461919338,89.78367344627777
31.213339625868954,89.65083373878072
31.02343024579624,89.51681833581434
30.833671193948962,89.3816258393151
30.644066373334798,89.24525487225642
30.454619717761833,89.1077040786583
30.265335191875003,88.96897212359237
30.07621679118856,88.82905769318178
29.88726854211448,88.6879594945962
29.69849450198684,88.54567625604145
29.509898759082116,88.402206726744
29.32148543263539,88.25754967693007
29.13325867285252,88.11170389779912
28.94522266091813,87.96466820149183
28.757381608999545,87.81644142105236
28.56973976024658,87.66702241038465
28.38230138878719,87.51641004420304
28.195070799718994,87.36460321797658
28.008052329096618,87.2116008478674
27.82125034391492,87.05740187066277
27.634669242088037,86.90200524370069
27.448313452424262,86.7454099447892
27.262187434596765,86.5876149721191
27.07629567911013,86.42861934416987
26.890642707262757,86.268422099609
26.705233071105027,86.10702229718434
26.520071353393384,85.94441901560957
26.335162167540176,85.78061135344252
26.150510157559385,85.6155984289565
25.96611999800819,85.44937938000415
25.78199639392435,85.28195336387407
25.598144080759493,85.11331955714013
25.414567824308236,84.94347715550299
25.2312724206332,84.77242537362413
25.0482626959859,84.60016344495227
24.86554350672355,84.42669062154174
24.683119739221777,84.2520061738632
24.500996309783247,84.07610939060625
24.319178164542272,83.898999578474
24.137670279365356,83.72067606196957
23.956477659747705,83.54113818317424
23.775605340705788,83.36038530151745
23.595058386665887,83.17841679353826
23.414841891348683,82.99523205263853
23.23496097764994,82.81083048882739
23.05542079751726,82.62521152845726
22.876226531822976,82.43837461395113
22.697383390233163,82.2503192035211
22.518896611072844,82.0610447708781
22.34077146118741,81.87055080493285
22.16301323580024,81.67883680948769
21.985627258366623,81.48590230291967
21.808618880423943,81.29174681785433
21.63199348143822,81.09636990083065
21.455756468647,80.89977111195658
21.27991327689868,80.70195002455559
21.1044693684882,80.50290622480381
20.92943023298929,80.30263931135798
20.754801387083166,80.101148894974
20.580588374383805,79.89843459811618
20.406796765259806,79.69449605455692
20.23343215665288,79.48933290896719
20.060500171892993,79.28294481649726
19.888006460510237,79.07533144234819
19.71595669804345,78.86649246133359
19.544356585845613,78.65642755743194
19.373211850886097,78.4451364233293
19.202528245549775,78.23261875995254
19.032311547433064,78.0188742759928
18.8625675591369,77.80390268741958
18.693302108056756,77.58770371698502
18.524521046169657,77.37027709371877
18.35623024981832,77.15162255241314
18.188435619492388,76.9317398330988
18.021143079606837,76.71062868051071
17.8543585782776,76.48828884354477
17.688088087094435,76.26472007470475
17.52233760089104,76.03992212953985
17.35711313751252,75.81389476607261
17.19242073758021,75.58663774421767
17.028266464253857,75.35815082519096
16.86465640299123,75.12843377090955
16.701596661305203,74.89748634338235
16.53909336851827,74.66530830409148
16.377152675514612,74.4318994133645
16.21578075448966,74.19725942973764
16.054983798697215,73.96138810930988
15.894768022194139,73.72428520508831
15.735139659582622,73.4859504663244
15.576104965750051,73.2463836378418
15.41767021560647,73.00558445935538
15.259841703819669,72.76355266478171
15.102625744547845,72.52028798154129
14.946028671169913,72.27579012985233
14.79005683601337,72.03005882201667
14.634716610079765,71.78309376169743
14.480014382767727,71.53489464318903
14.325956561593527,71.28546115067948
14.172549571909148,71.03479295750516
14.019799856617823,70.7828897253984
13.867713875887008,70.52975110372782
13.716298106858712,70.27537672873187
13.56555904335716,70.01976622274564
13.415503195593685,69.76291919342125
13.26613708986881,69.50483523294199
13.1174672682714,69.2455139172306
12.969500288374812,68.9849548051517
12.822242722929946,68.723157437709
12.675701159555032,68.46012133723731
12.5298822004221,68.19584600658976
12.38479246193993,67.93033092832056
12.24043857443337,67.66357556386373
12.096827181818822,67.395579352708
11.953964941275784,67.12634171156832
11.81185852291415,66.85586203355452
11.670514609437173,66.5841396873373
11.529939895799783,66.31117401631224
11.390141088862055,66.03696433776207
11.251124907037564,65.76150994201791
11.112898079936356,65.48481009161972
10.975467348002203,65.2068640204768
10.838839462143877,64.92767093302872
10.703021183360054,64.64723000340724
10.568019282357524,64.36554037459995
10.433840539162288,64.08260115761624
10.30049174272316,63.798411430656316
10.167979690507426,63.51297023828382
10.03631118808807,63.22627659060301
9.90549304872214,62.93832946244116
9.775532092919653,62.64912779253706
9.64643514800254,62.35867048273636
9.51820904765303,62.066956397194836
9.390860631450844,61.77398436159044
9.264396744398544,61.479753162345034
9.138824236434358,61.184261545856984
9.014149961931732,60.88750821774568
8.890380779184841,60.589491842109005
8.76752354987924,60.290211040795114
8.645585138546803,59.98966439268962
8.524572412004026,59.687850433019584
8.404492238772756,59.38476765267569
8.285351488482327,59.08041449755395
8.167157031252039,58.77478936791854
8.049915737052878,58.4678906177873
7.933634475047288,58.159716554341486
7.818320112905789,57.85026543736169
7.703979516099094,57.53953547869145
7.590619547164424,57.22752484173066
7.4782470649445445,56.91423164096076
7.366868923798038,56.59965394150355
7.256491972779254,56.28378975871611
7.147123054786251,55.96663705782384
7.038769005675023,55.64819375359411
6.931436653338194,55.32845771005295
6.825132816746262,55.00742674024751
6.719864304949414,54.68509860605671
6.615637916037823,54.36147101805325
6.512460436058239,54.036541635419745
6.410338637884597,53.710308065922106
6.309279280040236,53.38276786594347
6.2092891054692645,53.05391854058202
6.110374840254411,52.7237575438162
6.01254319227869,52.392282278741085
5.915800849827982,52.0594900978797
5.8201544801315945,51.72537830357335
5.725610727837675,51.38994414845511
5.632176213420252,51.05318483601091
5.539857531514532,50.71509752123272
5.448661249176924,50.375679311368664
5.358593904066138,50.03492726677495
5.269662002541552,49.6928384018748
5.181872017674854,49.349409686229876
5.095230387170851,49.00463804572955
5.009743511193161,48.65852036390414
4.925417750090295,48.31105348336796
4.842259422017539,47.96223420739857
4.760274800449799,47.61205930165883
4.679470111580448,47.26052549606837
4.599851531600995,46.90762948683173
4.521425183856227,46.55336793863048
4.444197135869296,46.197737486986696
4.368173396231016,45.84073474080591
4.293359911347454,45.4823562851075
4.219762562039705,45.122598683951104
4.14738715998955,44.761458483567445
4.076239444024501,44.398932215703
4.0063250762355525,44.03501640118729
3.937649637920748,43.66970755373282
3.8702186253475235,43.30300218397702
3.8040374453265655,42.93489680377675
3.7391114105897696,42.56538793076543
3.6754457349647085,42.19447209318357
3.613045528337855,41.82214583499365
3.551915791398651,41.448405721290456
3.492061410156383,41.073248344018246
3.433487150221684,40.69667032800648
3.3761976508443734,40.3186683373358
3.3201974186992715,39.93923908204634
3.26549082141152,39.55837932520058
3.2120820808129213,39.17608589031288
3.1599752659207696,38.79235566915828
3.109174285630663,38.407185629972815
3.0596828811148233,38.02057282605797
3.0115046179175238,37.63251440480168
2.9646428777393594,37.243007617128136
2.9191008499022386,36.85204982738872
2.8748815224872053,36.459638523706126
2.8319876731374634,36.065771328783285
2.790421859519303,35.67044601118865
2.750186409434028,35.27366049712871
2.7112834105744414,34.875412882718194
2.673714699919999,34.47570144675794
2.6374818527653456,34.0745246640293
2.602586171377691,33.6718812191135
2.5690286732792647,33.26777002074323
2.5368100791520174,32.862190216692504
2.5059308003627536,32.455141209209884
2.4763909261080106,32.04662267099842
2.448190210179277,31.63663456174434
2.421328057350507,31.22517714519471
2.3958035093914414,30.812251006782162
2.3716152307118974,30.397857071793062
2.348761493644011,29.981996624072757
2.3272401633713975,29.56467132525931
2.30704868251632,29.145883234534203
2.288184055398259,28.725634828875574
2.270642831979744,28.303929023796446
2.2544210915179375,27.880769194546772
2.2395144259432884,27.456159197754598
2.2259179229895305,27.030103393477717
2.213626149102477,26.602606667632987
2.202633132158371,26.173674454766125
2.192932344026031,25.7433127611202
2.1845166830106844,25.311528187956185
2.177378456221133,24.87832795507394
2.171509361905848,24.443719924476724
2.166900471807573,24.00771262411698
2.1635422135901794,23.570315271655566
2.1614243533956854,23.131537798161
2.1605359785936153,22.691390871669473
2.1608654807891248,22.249885920520747
2.1624005391605747,21.807035156379044
2.1651281042014237,21.362851596842596
2.169034381945414,20.91734908753968
2.1741048187579746,20.4705423236036
2.1803240867805433,20.022446870413855
2.187676070118023,19.573079183485852
2.1961438518628227,19.122456627386878
2.2057097020517897,18.670597493552105
2.2163550666547946,18.21752101687077
2.228060557695677,17.76324739090982
2.240805944607685,17.3077977816401
2.2545701469263286,16.85119433952877
2.2693312284226814,16.39346020986122
2.2850663927795405,15.934619541156108
2.301751980911431,15.474697491538835
2.3193634700271297,15.013720232941408
2.3378754745302137,14.551714953000497
2.3572617488489573,14.08870985453074
2.3774951922817666,13.624734152456808
2.398547855938184,13.159818068095577
2.4203909518482916,12.693992820689022
2.4429948643051174,12.227290616099042
2.4663291634953968,11.759744632587438
2.4903626214637824,11.29138900361761
2.515063230444382,10.822258797629159
2.5403982235813904,10.352389994752459
2.5663340980476406,9.881819460447243
2.592836640556181,9.410584916067224
2.6198709552457045,8.93872490637164
2.6474014939057686,8.466278764024175
2.6753920884925657,7.993286571139793
2.7038059858705132,7.519789117960441
2.732605884699434,7.0458278587611085
2.761753974371658,6.571444865108153
2.791211975888216,6.096682776611872
2.820941184548596,5.621584749334799
2.850902514314451,5.14619440203583
2.8810565436943905,4.670555760447928
2.911363562984685,4.194713199803374
2.941783622689591,3.7187113858353937
2.9722765829351507,3.242595214497929
3.002802163681905,2.7664097506565812
3.033319995535107,2.2902001660127325
3.063789670945815,1.8140116765297913
3.0941707955927433,1.3378894796350624
3.1244230397330695,0.8618786914729601
3.154506189310462,0.38602428448509046
3.1843801966105283,-0.08962897440986449
3.214005230257531,-0.5650365847684933
3.2433417243516525,-1.0401543724465252
3.2723504265531442,-1.514938548042978
3.3009924449283057,-1.9893457637248615
3.329229293382306,-2.4633331682061455
3.3570229355152073,-2.9368584596698453
3.384335826750052,-3.409879936438748
3.411130954595369,-3.8823565452182516
3.4373718769187263,-4.3542479267538035
3.4630227581229116,-4.825514458765253
3.4880484031316645,-5.296117296040831
3.512414289107529,-5.766018407594193
3.5360865948401194,-6.23518061080879
3.559032227758719,-6.703567602514459
3.5812188485385326,-7.171143986961505
3.602614893284885,-7.63787530067723
3.6231895932941383,-8.103728034208924
3.6429129924038692,-8.568669650775409
3.661755961957903,-9.032668601866291
3.6796902134239486,-9.495694339843961
3.6966883087128446,-9.957717327618015
3.7127236682586626,-10.41870904547505
3.727770576928148,-10.87864199515867
3.741804187836154,-11.3374897013051
3.7548005241508298,-11.795226710348711
3.7667364789783795,-12.251828587019569
3.777589813422222,-12.707271908561252
3.7873391529153753,-13.161534256802081
3.795963981927919,-13.614594208216587
3.8034446371534774,-14.06643132211626
3.8097622992798947,-14.517026127110011
3.8148989834496674,-14.96636010597472
3.8188375285153633,-15.414415679075523
3.8215615851942104,-15.861176186473658
3.8230556032243928,-16.30662586885716
3.82330481762338,-16.75074984742636
3.822295234145929,-17.19353410286228
3.8200136140362875,-17.63496545350161
3.8164474581656695,-18.0750315328369
3.8115849906423103,-18.513720766455556
3.8054151419774356,-18.95102234852556
3.7979275318862977,-19.386926217930043
3.78911245179913,-19.821423034147042
3.7789608471525087,-20.254504152964692
3.767464299527173,-20.686161602116112
3.754615008693934,-21.116388056912204
3.7404057746249166,-21.54517681594473
3.724829979523054,-21.972521776926055
3.7078815699184924,-22.398417412726424
3.689555038876457,-22.822858747663894
3.6698454083571144,-23.245841334096927
3.648748211764108,-23.66736122936432
3.626259476714755,-24.08741497311238
3.6023757080613477,-24.505999565044455
3.5770938711896414,-24.923112443123657
3.550411375617443,-25.33875146225527
3.5223260589131957,-25.75291487347151
3.492836170951649,-26.165601303637622
3.461940358521055,-26.57680973569479
3.4296376502938846,-26.98653948945232
3.3959274421707524,-27.394790202938356
3.3608094830051516,-27.80156181431599
3.3242838607146226,-28.206854544368817
3.2863509887822198,-28.610668879558066
3.24701159315048,-29.013005555650977
3.206266699508626,-29.413865541918604
3.164117620972377,-29.81325002589932
3.1205659461545285,-30.2111603987228
3.0756135276233683,-30.607598240988082
3.029262470745022,-31.00256530918793
2.981515122904951,-31.39606352267083
2.9323740631030732,-31.788094951130912
2.8818420919163086,-32.17866180261552
2.829922221821765,-32.56776641203929
2.7766176678733,-32.95541123019308
2.7219318387237688,-33.34159881323581
2.6658683279849154,-33.726331812656724
2.608430905916593,-34.10961296569532
2.5496235114367645,-34.49144508620612
2.489450244443561,-34.871831055955205
2.427915358440565,-35.25077381633533
2.365023253456388,-35.62827636048656
2.300778469249593,-36.00434172580929
2.2351856787899864,-36.37897298685653
2.168249682007352,-36.7521732485926
2.099975399798738,-37.12394564000541
2.030367868285506,-37.49429330805975
1.9594322333114351,-37.86321941197906
1.8871737451733104,-38.230727117843585
1.81359775357556,-38.59681959349301
1.738709702800656,-38.9615000037217
1.6625151270871552,-39.324771505755294
1.585019646207446,-39.68663724499738
1.506228961237432,-40.04710035103553
1.4261488505105893,-40.40616393389597
1.3447851657490206,-40.763831080536804
1.2621438283643331,-41.12010485156963
1.1782308259213705,-41.47498827820011
1.0930522087580314,-41.82848435937798
1.0066140867546156,-42.180596059147526
0.9189226262463376,-42.53132630418976
0.829984047072864,-42.880677981547834
0.7398046197589201,-43.22865393652759
0.6483906628202242,-43.57525697076534
0.5557485401891995,-43.920489840455204
0.4618846587551147,-44.264355254728926
0.36680546601349057,-44.60685587418091
0.2705174478198067,-44.947994309531815
0.17302712624272099,-45.2877731204242
0.07434105751219937,-45.62619481434393
-0.025534169941871417,-45.96326184566144
-0.12659193736484226,-46.29897661478684
-0.22882559747031783,-46.633341467433624
-0.3322284761549537,-46.966358693985484
-0.43679387413879917,-47.29803052896119
-0.5425150685347958,-47.628359150572585
-0.6493853143508934,-47.95734668037112
-0.7573978459281003,-48.28499518297833
-0.8665458783176426,-48.61130666589606
-0.9768226086002766,-48.93628307939219
-1.0882212171506616,-49.25992631645807
-1.2007348688495787,-49.582238212833715
-1.3143567142466572,-49.90322054709733
-1.4290798906761513,-50.22287504081558
-1.544897523328199,-50.541203358751346
-1.6618027262778856,-50.85820710912578
-1.779788603474324,-51.173887843931716
-1.8988482496918715,-51.48824705929543
-2.0189747514454948,-51.80128619588405
-2.1401611878722107,-52.113006639356
-2.262400631580437,-52.423409720851865
-2.38568614946899,-52.732496717523375
-2.510010803517409,-53.04026885309813
-2.635367651549175,-53.34672729847784
-2.7617497479693385,-53.65187317236807
-2.8891501444779895,-53.95570754193743
-3.0175618907609287,-54.25823142350421
-3.1469780351588392,-54.55944578324881
-3.2773916253161817,-54.859351537950005
-3.40879570881099,-55.157949555743556
-3.5411833337666656,-55.455240656901424
-3.6745475494468285,-55.751225614630194
-3.8088814068342156,-56.04590515588707
-3.944177959194575,-56.33927996221229
-4.080430262626444,-56.631350670576424
-4.217631376597662,-56.92211787424137
-4.355774364469413,-57.21158212363388
-4.494852294008555,-57.49974392723035
-4.634858237888947,-57.786603752451896
-4.775785274182456,-58.0721620265685
-4.917626486840265,-58.35641913761144
-5.060374966165086,-58.63937543529284
-5.204023809274846,-58.92103123193147
-5.348566120558367,-59.20138680338402
-5.493995012123541,-59.480442389980894
-5.640303604238467,-59.7581981974658
-5.78748502576598,-60.03465439793829
-5.935532414591999,-60.3098111307986
-6.084438918048051,-60.58366850369407
-6.234197693328351,-60.85622659346649
-6.3848019079017595,-61.12748544709964
-6.5362447399189305,-61.39744508266662
-6.688519378614935,-61.666105490276166
-6.8416190247076365,-61.933466633017545
-6.995536890792043,-62.19952844790346
-7.150266201730898,-62.46429084681046
-7.305800195041682,-62.727753717416356
-7.462132121280249,-62.989916924134256
-7.619255244421258,-63.25078030904265
-7.777162842235554,-63.51034369281128
-7.9358482066646605,-63.768606875622275
-8.09530464419251,-64.02556963808622
-8.255525476214519,-64.28123174215284
-8.416504039404128,-64.53559293201589
-8.578233686076892,-64.78865293501185
-8.740707784552207,-65.04041146251237
-8.903919719512736,-65.29086821080986
-9.067862892361612,-65.54002286199614
-9.232530721577453,-65.78787508483377
-9.397916643067227,-66.03442453561995
-9.56401411051703,-66.2796708590425
-9.730816595740777,-66.52361368902794
-9.898317589026812,-66.76625264958133
-10.066510599482491,-67.0075873556176
-10.2353891553767,-67.24761741378434
-10.404946804480318,-67.48634242327566
-10.575177114404642,-67.72376197663715
-10.746073672937703,-67.95987566056156
-10.917630088378512,-68.19468305667527
-11.089839989869185,-68.42818374231516
-11.262697027724904,-68.66037729129587
-11.436194873761714,-68.89126327466748
-11.610327221622086,-69.12084126146297
-11.78508778709823,-69.34911081943602
-11.9604703084531,-69.57607151578851
-12.136468546739048,-69.80172291788786
-12.313076286114068,-70.02606459397406
-12.490287334155598,-70.24909611385631
-12.668095522171798,-70.47081704959925
-12.846494705510269,-70.69122697619854
-13.025478763864136,-70.91032547224583
-13.205041601575452,-71.12811212058321
-13.385177147935837,-71.34458650894673
-13.565879357484317,-71.55974823059925
-13.747142210302263,-71.77359688495252
-13.928959712305405,-71.98613207817822
-14.111325895532806,-72.19735342380825
-14.29423481843278,-72.40726054332416
-14.477680566145636,-72.61585306673541
-14.661657250783216,-72.82313063314689
-14.846159011705142,-73.02909289131532
-15.031180015791708,-73.23373950019483
-15.216714457713332,-73.43707012947137
-15.402756560196535,-73.63908446008628
-15.589300574286334,-73.83978218474888
-15.776340779605018,-74.03916300843801
-15.963871484607205,-74.23722664889269
-16.151887026831155,-74.43397283709191
-16.340381773146213,-74.62940131772339
-16.529350119996398,-74.82351184964158
-16.71878649363997,-75.01630420631474
-16.908685350385,-75.20777817626131
-17.09904117682084,-75.39793356347542
-17.28984849004541,-75.5867701878417
-17.481101837888307,-75.77428788553948
-17.672795799129574,-75.96048650943635
-17.86492498371418,-76.14536592947103
-18.057484032962062,-76.32892603302591
-18.250467619773747,-76.51116672528904
-18.443870448831408,-76.69208792960573
-18.637687256795388,-76.87168958781994
-18.83191281249609,-77.04997166060524
-19.026541917121197,-77.22693412778578
-19.221569404398164,-77.4025769886471
-19.416990140771908,-77.57690026223685
-19.61279902557772,-77.74990398765578
-19.808990991209267,-77.92158822433868
-20.005561003281695,-78.09195305232565
-20.202504060789767,-78.26099857252377
-20.399815196261002,-78.42872490695913
-20.597489475903767,-78.5951321990194
-20.79552199975028,-78.76022061368707
-20.993907901794504,-78.92399033776336
-21.192642350124853,-79.08644158008313
-21.391720547051758,-79.2475745717205
-21.591137729229953,-79.40738956618573
-21.79088916777553,-79.56588683961323
-21.990970168377675,-79.72306669094075
-22.191376071405127,-79.87892944208014
-22.39210225200726,-80.03347543807953
-22.59314412020977,-80.1867050472772
-22.79449712100502,-80.33861866144719
-22.996156734436887,-80.48921669593682
-23.198118475680236,-80.63849958979637
-23.400377895114854,-80.78646780590061
-23.60293057839395,-80.93312183106299
-23.80577214650711,-81.07846217614197
-24.008898255837753,-81.22248937614009
-24.212304598215027,-81.36520399029561
-24.41598690096014,-81.50660660216715
-24.619940926927125,-81.64669781971112
-24.82416247453806,-81.78547827535243
-25.02864737781261,-81.92294862604847
-25.23339150639202,-82.05910955334635
-25.438390765557468,-82.19396176343392
-25.6436410962428,-82.32750598718438
-25.8491384750416,-82.45974298019478
-26.05487891420866,-82.59067352281853
-26.26085846165576,-82.72029842019224
-26.467073200941797,-82.8486185022566
-26.67351925125728,-82.97563462377205
-26.88019276740311,-83.10134766432896
-27.08708993976375,-83.22575852835261
-27.294206994274663,-83.34886814510318
-27.50154019238411,-83.47067746867096
-27.70908583100925,-83.59118747796664
-27.916840242486582,-83.71039917670737
-28.124799794516683,-83.82831359339815
-28.332960890103266,-83.94493178130926
-28.541319967486594,-84.06025481844958
-28.749873500071143,-84.17428380753599
-28.95861799634764,-84.28701987595915
-29.167549999809403,-84.39846417574583
-29.376666088862983,-84.50861788351772
-29.585962876733145,-84.61748220044724
-29.795437011362164,-84.72505835221035
-30.005085175303424,-84.83134758893644
-30.21490408560937,-84.9363511851556
-30.424890493713743,-85.04007043974359
-30.635041185308186,-85.14250667586435
-30.845352980213107,-85.2436612409105
-31.055822732242905,-85.3435355064419
-31.266447329065535,-85.44213086812245
-31.47722369205634,-85.53944874565543
-31.68814877614625,-85.6354905827174
-31.899219569664254,-85.73025784689081
-32.11043309417424,-85.8237520295959
-32.32178640430611,-85.91597464602147
-32.53327658758119,-86.00692723505522
-32.74490076423205,-86.09661135921358
-32.956656087016434,-86.18502860457136
-33.168539741025704,-86.27218058069111
-33.3805489434874,-86.358068920553
-33.592680943562215,-86.44269528048459
-33.80493302213514,-86.52606134009143
-34.01730249160095,-86.60816880218819
-34.229786695643945,-86.68901939273074
-34.44238300901187,-86.76861486074924
-34.65508883728418,-86.84695697828269
-34.86790161663445,-86.92404754031469
-35.08081881358703,-86.99988836471108
-35.29383792476789,-87.07448129215936
-35.50695647664968,-87.14782818611013
-35.720172025290864,-87.21993093272081
-35.93348215606916,-87.2907914408019
-36.14688448340896,-87.36041164176568
-36.36037665050293,-87.42879348957798
-36.57395632902769,-87.49593896071282
-36.78762121885356,-87.5618500541104
-37.001369047748355,-87.62652879113841
-37.21519757107519,-87.68997721555719
-37.42910457148423,-87.75219739348843
-37.643087858598506,-87.81319141338815
-37.857145268693564,-87.87296138602387
-38.07127466437106,-87.93150944445613
-38.285473934226204,-87.98883774402466
-38.49974099250907,-88.04494846233962
-38.714073778779664,-88.09984379927745
-38.92847025755683,-88.15352597698244
-39.14292841796075,-88.20599723987337
-39.35744627334928,-88.25725985465604
-39.57202186094782,-88.30731611034149
-39.78665324147285,-88.3561683182704
-40.001338498748986,-88.40381881214367
-40.2160757393196,-88.4502699480594
-40.43086309205084,-88.4955241045567
-40.64569870772917,-88.53958368266618
-40.86058075865214,-88.58245110596758
-41.075507438212654,-88.62412882065469
-41.290476960476354,-88.66461929560762
-41.50548755975232,-88.70392502247282
-41.72053749015692,-88.74204851575094
-41.935625025170744,-88.77899231289265
-42.1507484571886,-88.81475897440295
-42.36590609706256,-88.84935108395354
-42.581096273637925,-88.88277124850423
-42.79631733328202,-88.9150220984329
-43.01156763940591,-88.94610628767462
-43.22684557197886,-88.97602649386994
-43.442149527035475,-89.00478541852254
-43.6574779161755,-89.03238578716663
-43.87282916605629,-89.05883034954385
-44.088201717877695,-89.08412187979039
-44.30359402685951,-89.10826317663408
-44.51900456171132,-89.13125706360186
-44.73443180409468,-89.15310638923773
-44.94987424807763,-89.17381402733126
-45.16533039958141,-89.19338287715708
-45.38079877581941,-89.21181586372519
-45.5962779047282,-89.22911593804261
-45.81176632439071,-89.24528607738607
-46.02726258245134,-89.26032928558641
-46.24276523552311,-89.27424859332436
-46.45827284858671,-89.28704705843823
-46.67378399438143,-89.29872776624337
-46.889297252787976,-89.30929382986365
-47.10481121020294,-89.31874839057502
-47.32032445890519,-89.32709461816145
-47.53583559641389,-89.33433571128309
-47.75134322483819,-89.34047489785688
-47.96684595021864,-89.34551543544981
-48.18234238186023,-89.34946061168472
-48.397831131656986,-89.35231374465886
-48.613310813408255,-89.35407818337511
-48.82878004212655,-89.35475730818624
-49.044237433336995,-89.35435453125191
-49.25968160236836,-89.35287329700853
-49.47511116363576,-89.35031708265224
-49.69052472991491,-89.34668939863468
-49.90592091160811,-89.34199378917178
-50.12129831600186,-89.3362338327655
-50.336655546516276,-89.32941314273849
-50.55199120194619,-89.32153536778148
-50.76730387569422,-89.31260419251369
-50.98259215499566,-89.30262333805585
-51.19785462013544,-89.29159656261582
-51.41308984365708,-89.27952766208686
-51.628296389563985,-89.26642047065822
-51.8434728125129,-89.25227886143797
-52.058617656999914,-89.23710674708806
-52.27372945653904,-89.22090808047105
-52.48880673283348,-89.20368685530875
-52.70384799493991,-89.18544710685215
-52.918851738425744,-89.16619291256275
-53.13381644451984,-89.14592839280449
-53.34874057925664,-89.12465771154665
-53.56362259261419,-89.10238507707676
-53.77846091764604,-89.07911474272359
-53.993253969607615,-89.05485100758958
-54.20800014507708,-89.02959821729245
-54.42269782107117,-89.00336076471535
-54.637345354156245,-88.97614309076543
-54.85194107955505,-88.94794968513985
-55.066483310249325,-88.91878508709901
-55.280970336078994,-88.88865388624644
-55.49540042283803,-88.85756072331446
-55.70977181136771,-88.82551029095526
-55.92408271664762,-88.79250733453657
-56.13833132688487,-88.7585566529412
-56.3525158026022,-88.72366309936977
-56.56663427572538,-88.68783158214569
-56.780684848670546,-88.65106706552176
-56.994665593432224,-88.61337457048725
-57.20857455067233,-88.57475917557487
-57.422409728811296,-88.53522601766632
-57.63616910312157,-88.49478029279561
-57.84985061482455,-88.45342725694925
-58.063452170191546,-88.41117222686174
-58.27697163964962,-88.36802058080586
-58.49040685689306,-88.32397775937608
-58.70375561800153,-88.279049266264
-58.91701568056553,-88.23324066902487
-59.13018476282023,-88.1865575998333
-59.343260542788705,-88.13900575622739
-59.556240657435325,-88.09059090183948
-59.76912270183052,-88.0413188671123
-59.98190422832789,-87.99119554999889
-60.1945827457547,-87.94022691664502
-60.40715571861692,-87.88841900205206
-60.6196205663199,-87.83577791071939
-60.83197466240592,-87.78230981726401
-61.04421533380967,-87.72802096701614
-61.25633986013302,-87.67291767658884
-61.46834547294028,-87.61700633442007
-61.680229355075106,-87.56029340128529
-61.89198864000059,-87.50278541077874
-62.103620411163526,-87.4444889697617
-62.31512170138454,-87.3854107587757
-62.52648949227515,-87.32555753241905
-62.737720713683224,-87.26493611968421
-62.948812243168355,-87.20355342425479
-63.15976090550829,-87.14141642475961
-63.37056347223806,-87.0785321749823
-63.58121666122311,-87.01490780402402
-63.791717136267835,-86.95055051641783
-64.00206150676102,-86.8854675921923
-64.21224632735954,-86.8196663868826
-64.42226809771181,-86.75315433148707
-64.63212326222231,-86.68593893236728
-64.84180820985863,-86.61802777108969
-65.05131927400242,-86.54942850420699
-65.2606527323457,-86.48014886297719
-65.46980480683355,-86.41019665301869
-65.67877166365504,-86.33957975389946
-65.88754941328315,-86.26830611865857
-66.09613411056533,-86.19638377325846
-66.30452175486559,-86.12382081596613
-66.51270829025961,-86.05062541666183
-66.72068960578382,-85.97680581607362
-66.92846153573944,-85.90237032493641
-67.13601986005274,-85.82732732307412
-67.34336030469227,-85.75168525840365
-67.550478542144,-85.67545264585966
-67.75737019194534,-85.59863806623883
-67.96403082127844,-85.52125016496284
-68.17045594562383,-85.44329765075915
-68.37664102947471,-85.364789294259
-68.58258148711253,-85.28573392651174
-68.78827268344406,-85.2061404374154
-68.99370993490056,-85.12601777406289
-69.198888510399,-85.04537493900385
-69.40380363236545,-84.96422098842204
-69.60845047782072,-84.88256503022845
-69.81282417952818,-84.80041622207033
-70.01691982720324,-84.71778376925685
-70.22073246878449,-84.63467692260166
-70.42425711176571,-84.55110497618348
-70.62748872458843,-84.46707726502555
-70.830422238094,-84.38260316269503
-71.03305254703469,-84.29769207882387
-71.23537451164243,-84.21235345655249
-71.43738295925458,-84.1265967698981
-71.63907268599485,-84.04043152104946
-71.8404384585087,-83.95386723759015
-72.0414750157512,-83.8669134696526
-72.24217707082605,-83.7795797870054
-72.44253931287375,-83.69187577607623
-72.64255640900737,-83.60381103691356
-72.84222300629365,-83.51539518008966
-73.0415337337775,-83.4266378235484
-73.24048320454754,-83.3375485894008
-73.43906601784046,-83.24813710067194
-73.63727676118181,-83.15841297800284
-73.83511001256038,-83.06838583631077
-74.03256034263396,-82.97806528141223
-74.22962231696336,-82.88746090661222
-74.42629049827215,-82.79658228926411
-74.62255944872902,-82.70543898730423
-74.81842373224998,-82.6140405357656
-75.01387791681717,-82.52239644327497
-75.2089165768113,-82.43051618853792
-75.4035342953547,-82.33840921681627
-75.59772566666138,-82.24608493640278
-75.79148529839141,-82.15355271509723
-75.98480781400598,-82.06082187668922
-76.17768785511998,-81.96790169745174
-76.37012008384905,-81.8748014026506
-76.56209918514735,-81.78153016307441
-76.75361986913325,-81.68809709158948
-76.94467687339957,-81.59451123972462
-77.13526496530484,-81.50078159429029
-77.32537894424296,-81.40691707403651
-77.51501364388749,-81.31292652635439
-77.70416393440806,-81.2188187240252
-77.89282472465547,-81.12460236202159
-78.08099096431262,-81.03028605436515
-78.26865764600855,-80.93587833104418
-78.45581980739256,-80.8413876349959
-78.64247253316577,-80.74682231915669
-78.82861095706765,-80.65219064358426
-79.0142302638148,-80.55750077265503
-79.19932569098965,-80.4627607723403
-79.38389253087699,-80.3679786075643
-79.56792613224573,-80.27316213964713
-79.75142190207434,-80.1783191238355
-79.93437530721775,-80.08345720692378
-80.11678187601403,-79.98858392496801
-80.29863719982914,-79.8937067010949
-80.47993693453842,-79.79883284340798
-80.66067680194323,-79.70396954299284
-80.84085259112169,-79.60912387202293
-81.02046015971243,-79.5143027819674
-81.19949543513022,-79.41951310190224
-81.37795441571302,-79.32476153692579
-81.55583317179948,-79.23005466667924
-81.73312784673668,-79.13539894397287
-81.90983465781738,-79.04080069351846
-82.08594989714706,-78.94626611076787
-82.26146993244011,-78.85180126085798
-82.43639120774561,-78.75741207766175
-82.61071024410283,-78.66310436294494
-82.78442364012645,-78.56888378562792
-82.95752807252238,-78.474755881152
-83.13002029653437,-78.38072605094914
-83.3018971463223,-78.286799562014
-83.47315553527275,-78.19298154657724
-83.64379245624285,-78.09927700187855
-83.81380498173841,-78.0056907900377
-83.98319026402724,-77.91222763802236
-84.15194553518909,-77.81889213771048
-84.32006810710315,-77.72568874604544
-84.48755537137482,-77.63262178528203
-84.65440479920272,-77.53969544332097
-84.82061394118777,-77.44691377412971
-84.9861804270858,-77.35428069824742
-85.15110196550503,-77.26180000337135
-85.31537634355045,-77.16947534502246
-85.47900142641654,-77.07731024728768
-85.6419751569301,-76.98530810363589
-85.80429555504496,-76.8934721778054
-85.96596071729049,-76.80180560476012
-86.1269688161754,-76.71031139171131
-86.28731809954915,-76.61899241920287
-86.44700688992225,-76.52785144225666
-86.60603358374783,-76.43689109157567
-86.76439665066603,-76.3461138748019
-86.92209463271314,-76.25552217782624
-87.07912614349739,-76.16511826614764
-87.23548986734319,-76.07490428627892
-87.39118455840577,-75.98488226719603
-87.54620903975776,-75.89505412182871
-87.70056220244993,-75.80542164858917
-87.85424300454753,-75.7159865329368
-88.00725047014403,-75.62675034897566
-88.1595836883543,-75.53771456108275
-88.31124181228843,-75.44888052556404
-88.46222405800823,-75.36024949233622
-88.61252970346801,-75.27182260663139
-88.7621580874409,-75.18360091072248
-88.91110860843281,-75.09558534566717
-89.05938072358505,-75.00777675306786
-89.20697394756729,-74.92017587684563
-89.35388785146233,-74.83278336502607
-89.50012206164405,-74.74559977153481
-89.64567625864976,-74.65862555800085
-89.79055017604833,-74.57186109556574
-89.9347435993055,-74.48530666669677
-90.07825636464726,-74.39896246700229
-90.22108835792261,-74.31282860704746
-90.3632395134671,-74.22690511416894
-90.50470981296759,-74.1411919342866
-90.6454992843299,-74.05568893371112
-90.78560800054981,-73.97039590094572
-90.92503607858876,-73.88531254848073
-91.06378367825474,-73.80043851457977
-91.2018510010895,-73.71577336505621
-91.33923828926284,-73.63131659503863
-91.47594582447455,-73.54706763072444
-91.61197392686482,-73.46302583112026
-91.74732295393395,-73.37919048976829
-91.88199329947162,-73.29556083645765
-92.01598539249667,-73.21213603891984
-92.14929969620773,-73.12891520450746
-92.28193670694527,-73.04589738185554
-92.41389695316549,-72.96308156252447
-92.54518099442659,-72.88046668262433
-92.6757894203877,-72.79805162441964
-92.80572284982107,-72.71583521791412
-92.93498192963736,-72.63381624241492
-93.06356733392505,-72.55199342807597
-93.19147976300353,-72.47036545741982
-93.3187199424906,-72.38893096683778
-93.44528862238441,-72.30768854806801
-93.57118657616004,-72.22663674965119
-93.69641459988088,-72.14577407836354
-93.82097351132502,-72.06509900062709
-93.94486414912662,-71.98460994389679
-94.06808737193249,-71.90430529802464
-94.19064405757393,-71.82418341660036
-94.3125351022538,-71.74424261826887
-94.43376141974889,-71.66448118802421
-94.55432394062767,-71.58489737848014
-94.67422361148328,-71.50548941111722
-94.79346139418192,-71.42625547750666
-94.91203826512631,-71.34719374051052
-95.02995521453457,-71.26830233545891
-95.14721324573402,-71.18957937130389
-95.26381337447027,-71.11102293175026
-95.37975662823096,-71.03263107636347
-95.49504404558469,-70.95440184165473
-95.60967667553437,-70.87633324214347
-95.72365557688548,-70.79842327139738
-95.83698181762854,-70.7206699030502
-95.94965647433611,-70.6430710917974
-96.06168063157389,-70.56562477437016
-96.1730553813259,-70.4883288704877
-96.28378182243337,-70.41118128378818
-96.39386106004758,-70.33417990273868
-96.50329420509603,-70.25732260152417
-96.61208237376187,-70.18060724091596
-96.72022668697677,-70.10403166911996
-96.82772826992648,-70.02759372260476
-96.93458825156924,-69.95129122691006
-97.0408077641668,-69.87512199743564
-97.14638794282779,-69.7990838402112
-97.25132992506316,-69.72317455264736
-97.35563485035382,-69.64739192426808
-97.45930385972977,-69.57173373742482
-97.56233809536094,-69.49619776799285
-97.6647387001594,-69.42078178604984
-97.76650681739264,-69.34548355653718
-97.86764359030778,-69.27030083990422
-97.96815016176657,-69.19523139273596
-98.06802767389091,-69.1202729683642
-98.16727726771857,-69.04542331746265
-98.26590008286921,-68.97068018862626
-98.36389725722013,-68.89604132893514
-98.46126992659184,-68.82150448450325
-98.55801922444306,-68.74706740101226
-98.65414628157508,-68.67272782423088
-98.74965222584514,-68.59848350051983
-98.8445381818888,-68.52433217732306
-98.93880527085093,-68.45027160364506
-99.03245461012534,-68.37629953051494
-99.1254873131026,-68.3024137114375
-99.21790448892602,-68.22861190283123
-99.30970724225574,-68.15489186445421
-99.4008966730403,-68.08125135981737
-99.49147387629603,-68.00768815658603
-99.58143994189375,-67.93420002696973
-99.67079595435271,-67.86078474810058
-99.75954299264157,-67.7874401024005
-99.8476821299863,-67.71416387793757
-99.93521443368469,-67.64095386877177
-100.02214096492762,-67.56780787529031
-100.10846277862645,-67.49472370453284
-100.1941809232468,-67.42169917050678
-100.27929644064847,-67.348732094493
-100.36381036593099,-67.27582030534215
-100.44772372728524,-67.20296163976177
-100.53103754585054,-67.13015394259442
-100.6137528355772,-67.05739506708721
-100.6958706030944,-66.98468287515276
-100.77739184758333,-66.91201523762183
-100.85831756065527,-66.839390034488
-100.93864872623467,-66.7668051551445
-101.01838632044702,-66.6942584986132
-101.09753131151123,-66.62174797376638
-101.1760846596367,-66.5492714995411
-101.25404731692477,-66.4768270051466
-101.33142022727435,-66.40441243026476
-101.40820432629184,-66.33202572524384
-101.48440054120498,-66.25966485128589
-101.56000979078081,-66.18732778062758
-101.63503298524721,-66.11501249671512
-101.70947102621841,-66.04271699437302
-101.78332480662397,-65.97043927996707
-101.85659521064126,-65.89817737156172
-101.92928311363148,-65.82592929907189
-102.00138938207886,-65.75369310440954
-102.0729148735331,-65.68146684162485
-102.14386043655504,-65.6092485770426
-102.21422691066526,-65.53703638939349
-102.28401512629566,-65.4648283699407
-102.35322590474388,-65.39262262260196
-102.42186005813053,-65.320417264067
-102.48991838935912,-65.2482104239107
-102.55740169207854,-65.17600024470208
-102.62431075064818,-65.10378488210903
-102.69064634010537,-65.03156250499926
-102.75640922613539,-64.95933129553725
-102.82160016504359,-64.88708944927755
-102.88621990372998,-64.81483517525437
-102.95026917966575,-64.7425666960678
-103.01374872087212,-64.67028224796643
-103.07665924590107,-64.59798008092685
-103.13900146381823,-64.52565845872988
-103.20077607418752,-64.45331565903365
-103.26198376705769,-64.38094997344386
-103.3226252229508,-64.30855970758091
-103.38270111285232,-64.23614318114441
-103.44221209820284,-64.16369872797488
-103.50115883089173,-64.09122469611286
-103.55954195325205,-64.01871944785549
-103.61736209805721,-63.94618135981057
-103.67461988851909,-63.87360882294832
-103.73131593828747,-63.80100024265084
-103.78745085145107,-63.72835403875928
-103.84302522253978,-63.65566864561897
-103.89803963652828,-63.582942512122415
-103.95249466884093,-63.51017410175035
-104.0063908853578,-63.43736189261081
-104.05972884242203,-63.36450437747637
-104.1125090868482,-63.29160006381966
-104.16473215593194,-63.21864747384704
-104.21639857746048,-63.145645144530725
-104.26750886972437,-63.07259162763922
-104.31806354153015,-62.999485489766286
-104.36806309221397,-62.92632531235837
-104.41750801165621,-62.853109691740684
-104.46639878029698,-62.77983723914181
-104.51473586915245,-62.706506580717104
-104.56251973983217,-62.63311635757072
-104.60975084455707,-62.559665225776534
-104.65642962617834,-62.486151856397825
-104.70255651819704,-62.41257493550587
-104.74813194478452,-62.33893316419749
-104.79315632080343,-62.265225258611515
-104.83763005182962,-62.191449949944335
-104.88155353417444,-62.11760598446448
-104.92492715490806,-62.043692123526306
-104.96775129188302,-61.96970714358287
-105.01002631375864,-61.895649836197904
-105.05175258002603,-61.82151900805711
-105.0929304410335,-61.747313480978654
-105.13356023801258,-61.67303209192301
-105.17364230310471,-61.598673693002084
-105.21317695938824,-61.52423715148772
-105.25216452090604,-61.449721349819676
-105.29060529269353,-61.375125185612916
-105.32849957080725,-61.30044757166448
-105.36584764235383,-61.22568743595976
-105.40264978551929,-61.15084372167842
-105.43890626959895,-61.07591538719969
-105.47461735502763,-61.00090140610748
-105.5097832934102,-60.925800767194886
-105.54440432755263,-60.85061247446846
-105.57848069149325,-60.77533554715213
-105.61201261053452,-60.699969019690755
-105.64500030127498,-60.62451194175346
-105.67744397164165,-60.54896337823666
-105.70934382092273,-60.47332240926689
-105.74070003980049,-60.39758813020336
-105.77151281038462,-60.321759651640384
-105.80178230624576,-60.24583609940955
-105.8315086924493,-60.16981661458183
-105.86069212558954,-60.093700353469494
-105.889332753824,-60.0174864876279
-105.91743071690802,-59.94117420385726
-105.94498614622967,-59.86476270420421
-105.97199916484472,-59.7882512059635
-105.99846988751207,-59.71163894167943
-106.02439842072917,-59.634925159147414
-106.04978486276782,-59.55810912141545
-106.07462930371008,-59.481190106785675
-106.0989318254844,-59.40416740881585
-106.12269250190194,-59.327040336320934
-106.1459113986931,-59.249808213374706
-106.16858857354424,-59.17247037931143
-106.19072407613446,-59.09502618872759
-106.21231794817274,-59.01747501148377
-106.23337022343503,-58.93981623270656
-106.2538809278017,-58.862049252790655
-106.27385007929496,-58.78417348740098
-106.29327768811656,-58.70618836747506
-106.31216375668564,-58.628093339225465
-106.33050827967652,-58.549887864142455
-106.34831124405696,-58.47157141899674
-106.36557262912626,-58.3931434958425
-106.38229240655357,-58.31460360202053
-106.39847054041644,-58.23595126016162
-106.41410698723932,-58.15718600819008
-106.42920169603228,-58.07830739932757
-106.44375460832987,-57.99931500209713
-106.45776565822993,-57.920208400327354
-106.47123477243275,-57.840987193156955
-106.48416187028009,-57.76165099503944
-106.49654686379449,-57.68219943574813
-106.50838965771855,-57.60263216038141
-106.51969014955439,-57.52294882936823
-106.53044822960321,-57.44314911847392
-106.54066378100477,-57.36323271880626
-106.55033667977727,-57.283199336821866
-106.55946679485703,-57.20304869433283
-106.56805398813835,-57.12278052851369
-106.57609811451356,-57.042394591908675
-106.58359902191297,-56.96189065243935
-106.59055655134503,-56.88126849341243
-106.59697053693647,-56.800527913528015
-106.60284080597265,-56.719668726888166
-106.6081671789378,-56.63869076300572
-106.6129494695555,-56.55759386681352
-106.61718748482913,-56.476377898673924
-106.62088102508237,-56.39504273438871
-106.62402988399987,-56.31358826520929
-106.62663384866788,-56.232014397847266
-106.62869269961499,-56.15032105448535
-106.63020621085293,-56.068508172788675
-106.63117414991743,-55.98657570591635
-106.63159627790904,-55.90452362253355
-106.63147234953422,-55.8223519068238
-106.63080211314626,-55.740060558501696
-106.62958531078635,-55.657649592826026
-106.62782167822478,-55.5751190406132
-106.62551094500196,-55.492468948251094
-106.62265283446976,-55.40969937771323
-106.61924706383272,-55.326810406573365
-106.6152933441893,-55.24380212802043
-106.6107913805733,-55.16067465087386
-106.60574087199521,-55.07742809959934
-106.6001415114836,-54.99406261432484
-106.59399298612665,-54.9105783508571
-106.58729497711356,-54.82697548069852
-106.58004715977614,-54.743254191064345
-106.57224920363035,-54.65941468490031
-106.5639007724179,-54.57545718090064
-106.55500152414783,-54.491381913526446
-106.54555111113822,-54.40718913302448
-106.53554918005783,-54.32287910544633
-106.52499537196775,-54.23845211266792
-106.51388932236323,-54.15390845240947
-106.50223066121531,-54.069248438255805
-106.49001901301261,-53.98447239967705
-106.47725399680317,-53.89958068204973
-106.46393522623612,-53.81457364667822
-106.45006230960351,-53.7294516708166
-106.43563484988219,-53.64421514769094
-106.42065244477554,-53.55886448652185
-106.40511468675531,-53.47340011254751
-106.3890211631035,-53.38782246704707
-106.37237145595405,-53.30213200736439
-106.35516514233483,-53.21632920693218
-106.33740179420931,-53.13041455529653
-106.31908097851847,-53.044388558141804
-106.30020225722254,-52.95825173731589
-106.28076518734281,-52.87200463085587
-106.26076932100341,-52.78564779301399
-106.24021420547307,-52.699181794284115
-106.21909938320687,-52.6126072214284
-106.19742439188788,-52.52592467750446
-106.17518876446896,-52.43913478189285
-106.15239202921431,-52.35223817032489
-106.12903370974124,-52.26523549491088
-106.10511332506155,-52.1781274241687
-106.08063038962331,-52.090914643052656
-106.05558441335222,-52.003597852982836
-106.02997490169318,-51.91617777187469
-106.00380135565158,-51.82865513416903
-105.97706327183478,-51.741030690862345
-105.9497601424934,-51.65330520953744
-105.92189145556253,-51.56547947439453
-105.89345669470295,-51.47755428628249
-105.86445533934223,-51.389530462730605
-105.8348868647158,-51.301408837980574
-105.8047507419079,-51.21319026301884
-105.7740464378925,-51.12487560560929
-105.74277341557404,-51.03646575032626
-105.71093113382825,-50.9479615985878
-105.67851904754275,-50.859364068689416
-105.64553660765749,-50.77067409583793
-105.6119832612053,-50.68189263218581
-105.57785845135211,-50.59302064686568
-105.54316161743725,-50.50405912602529
-105.50789219501345,-50.41500907286261
-105.47204961588692,-50.32587150766137
-105.43563330815701,-50.236647467826785
-105.39864269625616,-50.14733800792166
-105.36107720098927,-50.057944199702725
-105.32293623957322,-49.96846713215725
-105.28421922567615,-49.878907911540004
-105.24492556945653,-49.789267661410385
-105.20505467760216,-49.69954752266992
-105.16460595336902,-49.60974865359998
-105.12357879661975,-49.51987222989979
-105.08197260386225,-49.42991944472463
-105.03978676828781,-49.33989150872439
-104.99702067980927,-49.24978965008233
-104.95367372509881,-49.15961511455401
-104.9097452876257,-49.06936916550663
-104.86523474769365,-48.97905308395846
-104.8201414824781,-48.88866816861858
-104.77446486606324,-48.798215735926824
-104.7282042694787,-48.70769712009395
-104.68135906073618,-48.61711367314202
-104.63392860486567,-48.526466764945056
-104.58591226395144,-48.43575778326981
-104.53730939716793,-48.344988133816834
-104.4881193608151,-48.254159240261714
-104.43834150835373,-48.16327254429647
-104.38797519044029,-48.0723295056712
-104.3370197549616,-47.98133160223588
-104.28547454706916,-47.890280329982424
-104.23333890921312,-47.79917720308676
-104.18061218117599,-47.70802375395124
-104.127293700106,-47.6168215332472
-104.07338280055014,-47.52557210995754
-104.01887881448678,-47.434277071419686
-103.96378107135804,-47.34293802336851
-103.9080888981017,-47.25155658997953
-103.85180161918274,-47.16013441391218
-103.7949185566246,-47.068673156353285
-103.73743903003994,-46.977174497060574
-103.67936235666095,-46.88564013440645
-103.62068785136942,-46.79407178542181
-103.56141482672624,-46.70247118583996
-103.50154259300045,-46.61084009014072
-103.441070458198,-46.5191802715946
-103.37999772808982,-46.42749352230708
-103.3183237062397,-46.335781653263005
-103.25604769403137,-46.244046494371055
-103.1931689906954,-46.15228989450834
-103.12968689333537,-46.060513721565066
-103.06560069695368,-45.968719862489245
-103.00090969447669,-45.87691022333156
-102.93561317677947,-45.78508672929024
-102.86971043270987,-45.693251324756005
-102.80320074911215,-45.60140597335711
-102.73608341084994,-45.509552658004424
-102.66835770082868,-45.41769338093653
-102.60002290001738,-45.325830163764955
-102.5310782874699,-45.233965047519355
-102.46152314034546,-45.14210009269278
-102.39135673392866,-45.05023737928698
-102.3205783416487,-44.958379006857726
-102.24918723509805,-44.86652709456013
-102.1771826840504,-44.77468378119404
-102.1045639564779,-44.682851225249415
-102.03133031856783,-44.59103160495169
-101.95748103473827,-44.499227118307196
-101.88301536765337,-44.40743998314855
-101.80793257823763,-44.315672437180055
-101.73223192568952,-44.223926738023046
-101.65591266749438,-44.13220516326131
-101.57897405943636,-44.040510010486436
-101.50141535560977,-43.94884359734311
-101.42323580842935,-43.85720826157444
-101.34443466864005,-43.765606361067306
-101.26501118532563,-43.674040273897475
-101.18496460591656,-43.582512398374945
-101.10429417619703,-43.491025153089026
-101.02299914031104,-43.3995809769535
-100.94107874076762,-43.308182329251686
-100.85853221844496,-43.21683168968148
-100.77535881259391,-43.1255315584003
-100.69155776084015,-43.034284456070004
-100.60712829918569,-42.94309292390174
-100.52206966200919,-42.8519595237007
-100.43638108206531,-42.76088683791086
-100.35006179048314,-42.669877469659596
-100.26311101676339,-42.578934042802246
-100.17552798877468,-42.48805920196657
-100.08731193274869,-42.397255612597185
-99.99846207327421,-42.306525960999835
-99.90897763329008,-42.21587295438564
-99.81885783407702,-42.12529932091522
-99.72810189524829,-42.03480780974272
-99.63670903473911,-41.944401191059775
-99.5446784687951,-41.85408225613934
-99.45200941195927,-41.763853817379434
-99.35870107705794,-41.673718708346776
-99.26475267518539,-41.58367978382034
-99.1701634156872,-41.493739919834745
-99.07493250614236,-41.403902013723624
-98.9790591523441,-41.31416898416279
-98.88254255827935,-41.22454377121337
-98.78538192610688,-41.135029336364745
-98.68757645613407,-41.04562866257744
-98.58912534679234,-40.95634475432591
-98.49002779461124,-40.867180637641106
-98.39028299419093,-40.778139360153034
-98.28989013817345,-40.68922399113314
-98.18884841721238,-40.60043762153659
-98.08715701994113,-40.5117833640444
-97.98481513293966,-40.42326435310551
-97.88182194069972,-40.33488374497865
-97.7781766255886,-40.246644717774124
-97.6738783678112,-40.15855047149553
-97.56892634537066,-40.07060422808122
-97.46331973402735,-39.982809231445785
-97.35705770725622,-39.89516874752128
-97.2501394362025,-39.80768606429846
-97.14256408963583,-39.72036449186775
-97.03433083390264,-39.633207362460226
-96.92543883287682,-39.546218030488404
-96.81588724790878,-39.459399872586886
-96.70567523777258,-39.372756287652926
-96.59480195861154,-39.286290696886894
-96.4832665638819,-39.20000654383254
-96.37106820429464,-39.113907294417224
-96.25820602775575,-39.02799643699198
-96.14467917930428,-38.94227748237146
-96.03048680104885,-38.85675396387379
-95.91562803210209,-38.771429437360304
-95.80010200851326,-38.68630748127511
-95.68390786319893,-38.60139169668464
-95.56704472587158,-38.51668570731699
-95.44951172296659,-38.43219315960122
-95.33130797756678,-38.34791772270648
-95.21243260932533,-38.263863088581104
-95.09288473438642,-38.18003297199153
-94.972663465304,-38.09643111056113
-94.85176791095836,-38.01306126480894
-94.73019717647067,-37.92992721818831
-94.60795036311548,-37.84703277712539
-94.48502656823088,-37.76438177105756
-94.36142488512684,-37.681978052471734
-94.23714440299106,-37.599825496942586
-94.11218420679285,-37.517928003170645
-93.98654337718469,-37.4362894930203
-93.86022099040169,-37.35491391155769
-93.73321611815862,-37.27380522708855
-93.60552782754495,-37.19296743119585
-93.4771551809173,-37.11240453877743
-93.34809723578982,-37.032120588083494
-93.21835304472228,-36.952119640753956
-93.08792165520559,-36.87240578185575
-92.95680210954527,-36.79298311992
-92.82499344474233,-36.71385578697909
-92.69249469237192,-36.63502793860355
-92.55930487845951,-36.55650375393896
-92.4254230233547,-36.478287435742615
-92.29084814160257,-36.400383210420124
-92.15557924181269,-36.32279532806184
-92.01961532652554,-36.24552806247921
-91.88295539207654,-36.168585711240944
-91.74559842845771,-36.091972595709024
-91.60754341917665,-36.015693061074614
-91.46878934111317,-35.93975147639375
-91.32933516437333,-35.86415223462288
-91.18917985214104,-35.78889975265422
-91.04832236052708,-35.71399847135095
-90.90676163841566,-35.63945285558212
-90.76449662730826,-35.565267394257454
-90.62152626116524,-35.4914466003618
-90.47784946624459,-35.41799501098943
-90.3334651609383,-35.34491718737802
-90.18837225560615,-35.27221771494237
-90.04256965240691,-35.199901203307824
-89.89605624512701,-35.12797228634334
-89.74883091900664,-35.05643562219424
-89.60089255056329,-34.98529589331461
-89.45224000741278,-34.91455780649923
-89.30287214808772,-34.84422609291517
-89.15278782185337,-34.77430550813287
-89.00198586852103,-34.70480083215676
-88.85046511825902,-34.63571686945532
-88.69822439140083,-34.56705844899069
-88.54526249825115,-34.49883042424754
-88.39157823888912,-34.431037673261386
-88.23717040296933,-34.36368509864623
-88.08203776952014,-34.296777627621424
-87.92617910673984,-34.23032021203781
-87.76959317179023,-34.16431782840296
-87.61227871058784,-34.09877547790557
-87.45423445759286,-34.03369818643892
-87.29545913559568,-33.969091004623266
-87.13595145550127,-33.9049590078272
-86.97571011611114,-33.841307296187814
-86.81473380390322,-33.77814099462968
-86.65302119280953,-33.71546525288247
-86.49057094399174,-33.653285245497216
-86.32738170561464,-33.591606171861095
-86.16345211261762,-33.53043325621059
-85.99878078648415,-33.469771747643016
-85.83336633500937,-33.40962692012623
-85.6672073520659,-33.35000407250645
-85.5003024173678,-33.29090852851409
-85.33265009623287,-33.23234563676739
-85.16424893934331,-33.17432077077387
-84.99509748250492,-33.11683932892924
-84.82519424640473,-33.05990673451394
-84.65453773636737,-33.00352843568677
-84.48312644211019,-32.947709905475854
-84.31095883749707,-32.89245664176638
-84.13803338029149,-32.837774167285275
-83.9643485119083,-32.78366802958238
-83.78990265716504,-32.73014380100808
-83.61469422403235,-32.677207078687125
-83.43872160338385,-32.62486348448836
-83.26198316874587,-32.57311866499034
-83.08447727604663,-32.5219782914423
-82.90620226336553,-32.4714480597205
-82.72715645068249,-32.421533690279496
-82.54733813962751,-32.372240928098144
-82.36674561323079,-32.32357554262006
-82.18537713567339,-32.27554332768817
-82.00323095203883,-32.228150101473034
-81.82030528806567,-32.181401706394716
-81.63659834990158,-32.13530400903768
-81.45210832385874,-32.089862900058534
-81.26683337617114,-32.045084294086
-81.08077165275404,-32.00097412961299
-80.89392127896552,-31.95753836888011
-80.70628035937098,-31.914782997750287
-80.51784697751022,-31.872714025574073
-80.32861919566813,-31.83133748504502
-80.1385950546487,-31.79065943204474
-79.94777257355315,-31.750685945477056
-79.75614974956223,-31.711423127090708
-79.56372455772335,-31.672877101290034
-79.37049495074272,-31.635054014933022
-79.17645885878306,-31.597960037116074
-78.98161418926725,-31.561601358944834
-78.78595882668839,-31.52598419329044
-78.58949063242683,-31.491114774530352
-78.39220744457462,-31.456999358273148
-78.19410707776784,-31.423644221066372
-77.99518732302748,-31.39105566008669
-77.79544594760937,-31.359239992811435
-77.59488069486389,-31.32820355667074
-77.39348928410585,-31.297952708679166
-77.19126941049551,-31.26849382504599
-76.98821874493107,-31.239833300763078
-76.78433493395382,-31.211977549169237
-76.5796155996661,-31.184933001490023
-76.3740583396635,-31.15870610635175
-76.1676607269816,-31.13330332926859
-75.96042031005828,-31.108731152101413
-75.7523346127128,-31.084996072487154
-75.5434011341419,-31.062104603237213
-75.33361734893458,-31.04006327170362
-75.12298070710617,-31.018878619111355
-74.91148863415282,-30.998557199855355
-74.69913853112755,-30.979105580760557
-74.48592777473907,-30.960530340303343
-74.27185371747431,-30.942838067792653
-74.05691368774626,-30.926035362508905
-73.84110499006795,-30.91012883279889
-73.62442490525444,-30.89512509512471
-73.40687069065382,-30.881030773064648
-73.18843958040871,-30.867852496263964
-72.96912878575007,-30.855596899333303
-72.74893549532443,-30.844270620692598
-72.52785687555664,-30.83388030135794
-72.30589007104938,-30.8244325836691
-72.08303220502162,-30.81593410995509
-71.85928037978748,-30.80839152113513
-71.6346316772776,-30.80181145525235
-71.40908315960498,-30.796200545937317
-71.1826318696772,-30.791565420798513
-70.95527483185718,-30.787912699736726
-70.7270090526748,-30.785248993180165
-70.49783152159137,-30.78358090023716
-70.26773921181955,-30.78291500676295
-70.03672908120102,-30.78325788333721
-69.8047980731444,-30.78461608314871
-69.57194311762598,-30.786996139783323
-69.33816113225608,-30.79040456491172
-69.10344902341362,-30.794847845872713
-68.86780368745175,-30.80033244314821
-68.63122201197775,-30.806864787725665
-68.39370087720972,-30.8144512783437
-68.1552371574137,-30.823098278616495
-67.91582772242401,-30.83281211403243
-67.67546943925034,-30.843599068822307
-67.43415917377479,-30.855465382692476
-67.1918937925425,-30.86841724741785
-66.94867016464926,-30.882460803289945
-66.70448516372976,-30.897602135414775
-66.45933567005031,-30.913847269855452
-66.21321857270964,-30.931202169614075
-65.96613077195177,-30.94967273044764
-65.7180691815949,-30.96926477651237
-65.46903073158013,-30.989984055830956
-65.21901237064453,-31.011836235576943
-64.96801106912199,-31.034826897170728
-64.71602382187683,-31.058961531181165
-64.46304765137374,-31.084245532027143
-64.2090796108886,-31.11068419247317
-63.95411678786447,-31.138282697913127
-63.69815630741704,-31.167046120436346
-63.44119533599361,-31.19697941267013
-63.18323108519022,-31.228087401392905
-62.924260815730996,-31.260374780912233
-62.66428184161397,-31.29384610620207
-62.40329153442745,-31.32850578579365
-62.141287327841276,-31.364358074414593
-61.87826672227656,-31.40140706537096
-61.61422728975817,-31.439656682667245
-61.349166678953374,-31.479110672859413
-61.0830826204004,-31.519772596636532
-60.81597293193005,-31.561645820126653
-60.547835524283755,-31.6047335059232
-60.27866840693064,-31.649038603828284
-60.00846969408644,-31.69456384131006
-59.737237610936226,-31.74131171367152
-59.46497050006307,-31.789284473928895
-59.19166682808384,-31.838484122398317
-58.91732519249336,-31.88891239599015
-58.641944328717244,-31.940570757211148
-58.365523117373414,-31.99346038287541
-58.08806059174168,-32.04758215252603
-57.80955594544003,-32.10293663657031
-57.53000854030562,-32.15952408413232
-57.249417914477725,-32.21734441062809
-56.967783790679,-32.2763971850694
-56.68510608469066,-32.33668161710402
-56.40138491401608,-32.398196543801085
-56.11662060672647,-32.46094041619226
-55.83081371048111,-32.524911285580544
-55.5439650017135,-32.59010678963048
-55.25607549497376,-32.65652413825506
-54.96714645241607,-32.724160099316734
-54.67717939341891,-32.793010984161505
-54.38617610432432,-32.863072633007455
-54.09413864828093,-32.93434040021085
-53.80106937517433,-33.00680913943528
-53.506970931626334,-33.08047318875162
-53.21184627104357,-33.15532635569847
-52.91569866369391,-33.231361902335784
-52.61853170678774,-33.30857253032609
-52.32034933453934,-33.386950366080534
-52.02115582818196,-33.46648694600946
-51.72095582590851,-33.54717320191939
-51.419754332708,-33.628999446601085
-51.117556730066205,-33.71195535965548
-50.81436878549748,-33.796029973607006
-50.51019666187285,-33.88121166035576
-50.205046926508096,-33.96748811802251
-49.89892655997397,-34.05484635824249
-49.59184296458935,-34.143272693966075
-49.28380397255673,-34.23275272782601
-48.97481785369856,-34.32327134113276
-48.66489332275152,-34.41481268356088
-48.35403954617532,-34.50736016359042
-48.042266148431885,-34.60089643976836
-47.7295832176901,-34.695403412855676
-47.41600131091137,-34.790862218925774
-47.101531458271126,-34.8872532234803
-46.78618516687169,-34.98455601664726
-46.469974423702496,-35.08274940952607
-46.15291169780458,-35.18181143174258
-45.83500994159737,-35.28171933027508
-45.51628259132743,-35.382449569610586
-45.19674356660062,-35.48397783328736
-44.87640726896121,-35.58627902687674
-44.55528857948443,-35.68932728245326
-44.2334028553514,-35.79309596459814
-43.910765925378975,-35.89755767797578
-43.587394084480614,-36.00268427651835
-43.26330408703823,-36.10844687424695
-42.93851313916942,-36.21481585775224
-42.61303888987897,-36.32176090035007
-42.28689942108847,-36.429250977921036
-41.96011323654298,-36.53725438643498
-41.63269924959911,-36.64573876115386
-41.30467676990436,-36.75467109749811
-40.976065488983274,-36.86401777355345
-40.646885464751875,-36.97374457418652
-40.317157104987594,-37.08381671672916
-39.98690114978784,-37.19419887818259
-39.656138653056146,-37.30485522388427
-39.324890963060696,-37.415749437571726
-38.993179702115405,-37.526844752769605
-38.66102674543928,-37.63810398541825
-38.32845419925496,-37.74948956765463
-37.99548437819185,-37.86096358264948
-37.662139782064045,-37.97248780039787
-37.32844307209721,-38.08402371435453
-36.9944170466819,-38.195532578800076
-36.66008461673436,-38.3069754468196
-36.32546878074796,-38.418313208771295
-35.99059259962087,-38.52950663111985
-35.65547917134658,-38.640516395507085
-35.32015160565519,-38.75130313793104
-34.984632998693215,-38.86182748790433
-34.6489464078296,-38.97205010746285
-34.313114826674536,-39.081931729897356
-33.97716116039619,-39.191433198082606
-33.641108201418376,-39.30051550228162
-33.304978605579336,-39.40913981730638
-32.968794868829015,-39.51726753892108
-32.63257930453819,-39.6248603193788
-32.29635402148889,-39.73188010198873
-31.960140902611105,-39.83828915461742
-31.62396158452583,-39.94405010203426
-31.287837437949456,-40.049125957019044
-30.951789549009135,-40.15348015015712
-30.615838701513113,-40.257076558255605
-30.280005360214496,-40.35987953132238
-29.94430965510095,-40.46185391805804
-29.608771366737116,-40.562965089819244
-29.273409912680805,-40.6631789630204
-28.93824433498819,-40.76246201994886
-28.60329328881773,-40.86078132797696
-28.268575032137004,-40.95810455716217
-27.934107416531507,-41.05439999623428
-27.59990787910936,-41.149636566975815
-27.265993435491136,-41.24378383700892
-26.932380673869588,-41.33681203100844
-26.59908575011979,-41.42869204036711
-26.266124383936496,-41.51939543134427
-25.933511855971886,-41.60889445173503
-25.60126300594377,-41.69716203610108
-25.269392231681532,-41.78417180960886
-24.93791348907452,-41.86989809052431
-24.60684029288561,-41.95431589141675
-24.276185718390757,-42.03740091912697
-23.945962403803982,-42.119129573557075
-23.61618255344609,-42.199478945341006
-23.286857941614585,-42.278426812456566
-22.957999917111657,-42.35595163584003
-22.629619408387022,-42.43203255406546
-22.30172692925214,-42.50664937715057
-21.974332585122816,-42.57978257955114
-21.647446079747482,-42.651413292405145
-21.321076722379104,-42.721523295087
-20.995233435349597,-42.7900950061316
-20.6699247620065,-42.85711147358584
-20.34515887497278,-42.922556364844496
-20.020943584692,-42.986413956025125
-19.697286348222246,-43.04866912093514
-19.374194278243774,-43.109307319681946
-19.05167415224677,-43.16831458697525
-18.729732421867148,-43.22567752016823
-18.408375222339977,-43.28138326708214
-18.0876083820416,-43.33541951365674
-17.767437432093267,-43.387774471466436
-17.447867616000632,-43.43843686513999
-17.12890389930514,-43.487395919719056
-16.810550979224857,-43.53464134798889
-16.492813294263975,-43.580163337811975
-16.17569503377163,-43.62395253949337
-15.859200147432276,-43.66600005320435
-15.543332354671284,-43.70629741648877
-15.228095153960801,-43.74483659187471
-14.91349183201233,-43.7816099546117
-14.59952547284376,-43.81661028055244
-14.286198966709808,-43.84983073419558
-13.973515018886031,-43.88126485690482
-13.661476158297758,-43.91090655531774
-13.350084745986221,-43.938750089956216
-13.039342983405346,-43.964790064049026
-12.729252920543486,-43.98902141257549
-12.419816463865306,-44.011439391537984
-12.11103538406994,-44.032039567469916
-11.802911323662178,-44.05081780718433
-11.495445804334317,-44.067770267767614
-11.188640234156871,-44.08289338682157
-10.882495914577015,-44.096183872956075
-10.577014047224196,-44.107638696534124
-10.27219574052286,-44.117255080669715
-9.968042016112753,-44.12503049247876
-9.664553815077646,-44.13096263458232
-9.361732003983796,-44.13504943686093
-9.059577380729738,-44.137289048458186
-8.758090680209396,-44.13767983003131
-8.457272579790738,-44.13622034624601
-8.157123704612493,-44.132909358512435
-7.857644632701642,-44.127745817958726
-7.558835899914618,-44.12072885863847
-7.2606980047053105,-44.11185779096786
-6.963231412723117,-44.101132095388294
-6.666436561244406,-44.08855141624986
-6.37031386344086,-44.0741155559111
-6.074863712488276,-44.05782446905013
-5.780086485519409,-44.03967825718212
-5.485982547424557,-44.01967716337816
-5.192552254503577,-43.99782156718041
-4.899795957973068,-43.974111979708134
-4.607714007332445,-43.94854903894967
-4.316306753592651,-43.921133505235
-4.0255745523712045,-43.8918662568835
-3.7355177668573005,-43.860748286022016
-3.446136770650614,-43.82778069456769
-3.1574319504774517,-43.79296469037066
-2.869403708787819,-43.75630158351126
-2.582052466236949,-43.717792782746955
-2.2953786640547746,-43.677439792103726
-2.009382766306754,-43.63524420760717
-1.7240652620494226,-43.59120771414837
-1.43942666738395,-43.54533208247978
-1.15546752741094,-43.49761916633656
-0.8721884180896172,-43.44807089967852
-0.5895899480044836,-43.3966892940484
-0.30767276004245836,-43.34347643604204
-0.02643753298342719,-43.28843448488604
0.25411501699293676,-43.23156567011883
0.5339841348812991,-43.17287228937095
0.8131690255030312,-43.11235670624057
1.0916688522341846,-43.050021348260444
1.3694827358065194,-42.98586870495235
1.6466097531791017,-42.91990132596542
1.923048936478063,-42.85212181929475
2.198799272002187,-42.78253284957684
2.473859699292058,-42.711137136458355
2.7482291102605787,-42.637937453035086
3.0219063483827338,-42.56293662435777
3.2948902079425433,-42.48613752600179
3.5671794333352156,-42.40754308269765
3.8387727184225753,-42.32715626701941
4.109668705939909,-42.244980098128245
4.379865986952425,-42.161017640568325
4.649363100359594,-42.075272003112524
4.918158532445683,-41.98774633765526
5.186250716474879,-41.898443838150136
5.453638032329405,-41.80736773958987
5.720318806189145,-41.71452131702635
5.986291310251309,-41.619907884628425
6.251553762488713,-41.523530794775475
6.516104326445334,-41.425393437184525
6.779941111067818,-41.32549923806903
7.043062170571667,-41.22385165932726
7.305465504340895,-41.12045419775861
7.567149056859964,-41.01531038430586
7.82811071767686,-40.90842378332183
8.088348321396209,-40.79979799185855
8.34785964770138,-40.68943663897759
8.606642421404551,-40.57734338507987
8.864694312523726,-40.46352192125342
9.122012936385774,-40.34797596863775
9.378595853754568,-40.230709277803506
9.634440570983317,-40.11172562814589
9.889544540190233,-39.99102882729084
10.143905159456716,-39.868622710512476
10.397519773047257,-39.74451114016087
10.650385671650241,-39.61869800509889
10.902500092638961,-39.4911872201471
11.15386022035207,-39.36198272553557
11.40446318639279,-39.23108848636182
11.654306069946184,-39.09850849205365
11.903385898113852,-38.96424675583626
12.151699646265394,-38.82830731420254
12.399244238406045,-38.69069422638581
12.646016547559837,-38.551411573834216
12.892013396167778,-38.41046345968598
13.137231556500408,-38.267854008244775
13.381667751084255,-38.12358736445458
13.625318653141594,-37.9776676933733
13.86818088704305,-37.8300991796445
14.1102510287725,-37.68088602696678
14.351525606403815,-37.53003245756002
14.592001100588949,-37.37754271162815
14.831673945056917,-37.22342104681778
15.070540527123221,-37.06767173767225
15.308597188209268,-36.9102990750807
15.545840224371359,-36.75130736572164
15.782265886838848,-36.59070093150056
16.017870382561025,-36.42848410898142
16.25264987476236,-36.26466124881134
16.4866004835057,-36.09923671513836
16.719718286263063,-35.932214885021914
16.951999318493588,-35.76360014783564
17.183439574228398,-35.593396904662335
17.41403500666188,-35.42160956768072
17.643781528749138,-35.24824255954383
17.87267501380923,-35.073300312748756
18.10071129613385,-34.89678726899756
18.32788617160116,-34.71870787854923
18.554195398294425,-34.53906659956236
18.779634697125097,-34.35786789742855
19.004199752460128,-34.175116244096316
19.227886212753134,-33.99081611738542
19.450689691179132,-33.80497200029146
19.67260576627255,-33.617588380280694
19.893629982568243,-33.428669748575
20.113757851245197,-33.2382205994269
20.33298485077268,-33.046245429384626
20.55130642755853,-32.85274873654712
20.768717996599342,-32.6577350198091
20.98521494213226,-32.461208778096015
21.20079261828814,-32.26317450958899
21.415446349745835,-32.06363671093981
21.629171432387306,-31.86259987647583
21.841963133953357,-31.660068497395038
22.053816694699773,-31.456047060951196
22.26472732805354,-31.250540049629173
22.474690221269007,-31.043551940310532
22.68370053608373,-30.835087203429485
22.891753409373745,-30.625150302119266
23.098843953808128,-30.413745691349114
23.304967258502526,-30.200877817051875
23.510118389671582,-29.986551115242467
23.714292391279937,-29.77077001112726
23.917484285691682,-29.553538918204598
24.119689074318032,-29.334862237356546
24.3209017382631,-29.114744355932096
24.521117238967488,-28.893189646821988
24.720330518849636,-28.67020246752534
24.918536501944686,-28.445787159208272
25.115730094540737,-28.21994804575479
25.311906185812305,-27.992689432810057
25.507059648450916,-27.764015606816375
25.701185339292564,-27.53393083404205
25.89427809994206,-27.30243935960344
26.08633275739401,-27.069545406480398
26.27734412465039,-26.835253174525413
26.46730700133456,-26.599566839466718
26.656216174301672,-26.36249055190564
26.844066418245305,-26.124028436308517
27.030852496300312,-25.884184589993456
27.216569160641793,-25.642963082112313
27.40121115308008,-25.400367952628127
27.584773205651736,-25.15640321128845
27.76725004120653,-24.911072836594865
27.948636373990286,-24.66438077476908
28.128926910223683,-24.416330938715944
28.308116348676894,-24.166927206983825
28.48619938124018,-23.91617342272268
28.66317069349032,-23.664073392640283
28.83902496525305,-23.41063088595703
29.013756871161448,-23.155849633359722
29.187361081210337,-22.899733325954813
29.359832261306863,-22.64228561422157
29.531165073817178,-22.383510106965655
29.701354178109504,-22.123410370273575
29.870394231093563,-21.861989926468574
30.038279887756577,-21.59925225306843
30.205005801695986,-21.33520078174575
30.37056662564901,-21.069838897291344
30.534957012019333,-20.80316993658117
30.698171613401026,-20.535197187547585
30.86020508310001,-20.265923888155378
31.021052075653287,-19.99535322538339
31.180707247346213,-19.72348833421223
31.33916525672812,-19.45033229661889
31.496420765126604,-19.175888140578937
31.65246843716086,-18.900158839076997
31.807302941254363,-18.623147309126335
31.960918950147413,-18.344856410798315
32.11331114140986,-18.06528894626255
32.264474197954556,-17.78444765883861
32.41440280855197,-17.50233523206017
32.56309166834649,-17.218954288752524
32.710535479375054,-16.9343073901244
32.85672895108857,-16.648397034875096
33.00166680087684,-16.361225658317956
33.14534375459764,-16.07279563152124
33.2877545471106,-15.783109260467514
33.428893922816734,-15.492168785232728
33.56875663620424,-15.19997637918618
33.70733745240164,-14.906534148212584
33.844631147738816,-14.611844129957595
33.98063251031716,-14.315908293098104
34.11533634058961,-14.018728536638756
34.248737451951634,-13.720306689236109
34.38083067134433,-13.420644508551995
34.511610839870556,-13.119743680637674
34.641072813425474,-12.817605819350435
34.76921146334264,-12.51423246580435
34.896021677056964,-12.209625087857024
35.021498358785855,-11.903785079634181
35.14563643023001,-11.596713761094055
35.268430831295454,-11.288412377633607
35.38987652083805,-10.978882099738716
35.50996847743256,-10.668124022680527
35.628701700167625,-10.356139166260283
35.74607120946857,-10.042928474605024
35.8620720479499,-9.728492816016656
35.97669928129951,-9.412832982877017
36.08994799919639,-9.095949691611631
36.201813316264285,-8.777843582714988
36.31229037306329,-8.458515220840306
36.42137433712172,-8.137965094956835
36.529060404010785,-7.816193618577896
36.63534379846438,-7.493201130062998
36.740219775546855,-7.168987892997482
36.84368362187115,-6.84355409665331
36.9457306568705,-6.516899856534739
37.04635623412633,-6.189025215012793
37.14555574275555,-5.859930142052589
37.243324608860476,-5.529614536037726
37.339658297044494,-5.198078224696144
37.434552311997074,-4.865320966131978
37.528002200151576,-4.5313424499681645
37.62000355141957,-4.196142298604695
37.71055200100549,-3.8597200685976145
37.799643231305545,-3.5220752521640493
37.88727297389498,-3.183207278818737
37.973437011608,-2.8431155171477362
38.058131180714554,-2.501799276725185
38.14135137319869,-2.1592578101791835
38.22309353914301,-1.8154903154130921
38.30335368922405,-1.4704959379887241
38.38212789732365,-1.1242737736781507
38.459412303261175,-0.776822871191023
38.535203115652095,-0.42814223508454174
38.60949661489813,-0.07823082886341727
38.68228915631454,0.27291242172263297
38.75357717340027,0.6252886251760859
38.823357181256604,0.978898920535548
38.89162578016053,1.3337444734382573
38.95837965929851,1.6898264719527865
39.023615600667114,2.0471461221733978
39.08733048314674,2.405704643567315
39.14952128675467,2.7655032640660164
39.21018509708408,3.1265432148914862
39.26931910993543,3.488825725108234
39.32692063614703,3.852352015891755
39.38298710663116,4.217123294504003
39.43751607762268,4.583140747966378
39.49050523614667,4.950405536420643
39.541952405711804,5.318918786168205
39.59185555223615,5.688681582378145
39.640212790211834,6.059694961454452
39.68702238911514,6.431959903053019
39.732282780068346,6.805477321738999
39.77599256275931,7.180248058275405
39.81815051262507,7.556272870533956
39.85875558830466,7.933552424019529
39.89780693936705,8.31208728199988
39.935303914318716,8.691877895232718
39.97124606889584,9.072924591282737
40.005633174645,9.455227563421737
40.038465227796046,9.83878685910563
40.06974245843014,10.223602368022904
40.09946533994511,10.609673809709957
40.127634598819796,10.997000720729613
40.154251224677964,11.385582441410303
40.17931648065146,11.775418102144492
40.202831914041425,12.16650660924629
40.224799367275004,12.55884663036962
40.24522098915387,12.952436579489929
40.264099246389726,13.34727460145411
40.28143693541996,13.743358556105255
40.29723719449578,14.140686001990852
40.31150351603283,14.539254179665273
40.32423975921282,14.93905999459974
40.33545016282278,15.340099999715584
40.34513935831624,15.742370377559183
40.353312383078745,16.145866922139998
40.359974693877675,16.550585020456115
40.365132180473886,16.956519633734896
40.36879117937021,17.363665278419848
40.37095848766917,17.77201600693828
40.371641377009524,18.181565388288043
40.3708476075484,18.59230648848556
40.36858544195265,19.00423185092129
40.36486365936052,19.41733347667287
40.359691569270865,19.83160280483033
40.353079025314855,20.247030692892203
40.34503643886141,20.663607397295415
40.33557479240449,21.0813225541464
40.324705652677515,21.500165160225027
40.31244118343686,21.920123554337323
40.29879415785343,22.34118539909705
40.283777970448384,22.76333766322026
40.267406648506444,23.18656660442086
40.249694862897606,23.610857752998726
40.23065793823555,24.036195896215357
40.210311862299406,24.462565063554962
40.188673294643195,24.889948512971525
40.1657595743165,25.318328718224468
40.14158872661827,25.747687357407166
40.116179468805555,26.178005302773553
40.08955121467884,26.609262611968436
40.06172407796575,27.04143852076685
40.03271887442647,27.474511437426504
40.00255712260544,27.90845893875569
39.97126104315635,28.34325776799596
39.938853556670594,28.7788838346154
39.90535827994258,29.215312216103438
39.87079952061042,29.652517161852746
39.83520227011481,30.090472099206824
39.798592194925696,30.529149641744592
39.76099562599214,30.96852159986427
39.72243954637885,31.408558993719595
39.68295157706038,31.849232068550542
39.64255996085303,32.29051031243942
39.60129354447366,32.73236247651087
39.55918175872465,33.17475659758104
39.516254596814356,33.61766002324781
39.472542590833704,34.061039439399245
39.42807678642002,34.504860900102855
39.38288871565117,34.94908985982311
39.33701036822406,35.39369120789945
39.29047416098329,35.838629305201614
39.24331290587703,36.28386802286401
39.19555977642815,36.72937078298608
39.14724827281954,37.17510060117102
39.09841218570288,37.621020130761785
39.04908555884943,38.06709170862
38.99930265077062,38.51327740228181
38.949097895444275,38.95953905831355
38.89850586228915,39.40583835168073
38.84756121553696,39.85213683593545
38.79629867315563,40.29839599402084
38.744752965481645,40.74457728948585
38.69295879372155,41.19064221790027
38.64095078848434,41.63655235825814
38.588763468506016,42.08226942415766
38.53643119972665,42.52775531454732
38.48398815487742,42.97297216383156
38.43146827373141,43.41788239113408
38.378905224166914,43.86244874852391
38.32633236418572,44.306634368017136
38.27378270502181,44.75040280717717
38.22128887546758,45.19371809314696
38.16888308753578,45.636544764958856
38.116597103565574,46.07884791398044
38.06446220487074,46.52059322236889
38.0125091620171,46.961746999420555
37.96076820680514,47.40227621571763
37.90926900602209,47.84214853498892
37.858040637016344,48.28133234361735
37.80711156513517,48.719796777741976
37.756509623055564,49.157511747917965
37.706261992026256,49.59444796131252
37.656395185028586,50.03057694142945
37.606935031852814,50.46587104536918
37.557906666076825,50.900303478643664
37.50933451392441,51.333848307579025
37.461242284971746,51.766480469349425
37.41365296466228,52.19817577969706
37.366588808582975,52.628910938402676
37.32007133844801,53.05866353257957
37.27412133973025,53.48741203787213
37.22875886087542,53.915135817646245
37.1840032140297,54.341815120265025
37.13987297720756,54.767431074547574
37.09638599782393,55.19196568351243
37.05355939751233,55.61540181651017
37.01140957814915,56.03772319985134
36.96995222900323,56.45891440603699
36.929202334929634,56.87896084169951
36.889174185526485,57.29784873436071
36.84988138517469,57.71556511811334
36.81133686388129,58.132097818329946
36.773552888848826,58.54743543550153
36.736541076695055,58.96156732830487
36.70031240624944,59.3744835959949
36.66487723185544,59.78617506021467
36.6302452971104,60.1966332463118
36.59642574897744,60.60585036424641
36.563427152207346,61.013819289171
36.53125750401089,61.42053354175896
36.499924248926,61.82598726835335
36.469434293826914,62.23017522100382
36.43979402302594,62.63309273745441
36.4110093134219,63.03473572114115
36.38308554965225,63.43510062125347
36.35602763920942,63.8341844129096
36.32984002748475,64.23198457749149
36.30452671270665,64.62849908318115
36.28009126074254,65.02372636573604
36.2565368197369,65.41766530953741
36.233866134560515,65.81031522894216
36.21208156104865,66.20167584996483
36.19118508000844,66.59174729231363
36.171178310977965,66.9805300518007
36.15206252572184,67.36802498314445
36.13383866145023,67.75423328317869
36.11650733375019,68.1391564744809
36.10006884921999,68.52279638942953
36.08452321779879,68.90515515469797
36.069870164785904,69.28623517619083
36.0561091425448,69.66603912442658
36.043239341889,70.04456992036788
36.0312597031477,70.42183072170097
36.02016892691052,70.79782490956232
36.00996548445149,71.17255607571082
36.000647627833544,71.5460280101417
35.9922133996955,71.91824468913796
35.98466064272439,72.28921026375367
35.97798700881653,72.65892904872307
35.97218996793137,73.02740551178823
35.96726681664291,73.39464426343814
35.9632146863935,73.76065004705045
35.960030551455624,74.12542772942793
35.95771123660749,74.4889822917201
35.95625342452836,74.8513188207211
35.955653662920234,75.21244250053407
35.955908371362085,75.57235860459231
35.9570138479036,75.93107248802738
35.95896627540509,76.28858958037416
35.961761727630524,76.64491537860266
35.96539617510055,77.00005544046677
35.96986549071255,77.35401537815983
35.975165455134636,77.70680085226692
35.98129176198057,78.05841756600415
35.98824002277243,78.40887125973506
35.99600577169794,78.75816770575457
36.00458447016917,79.10631270333086
36.013971511189304,79.45331207399578
36.024162223534,79.79917165707495
36.035151875753805,80.14389730544808
36.046935680004,80.48749488153116
36.05950879570796,80.82997025347164
36.07286633306023,81.17132929154846
36.08700335637515,81.51157786476861
36.10191488728673,81.85072183765242
36.11759590780565,82.18876706719979
36.13404136323857,82.52571940003004
36.15124616497523,82.86158466968789
36.169205193148485,83.1963686941088
36.18791329917232,83.53007727323677
36.207365308162636,83.86271618678794
36.227556021245526,84.19429119215386
36.248480217757695,84.5248080224381
36.27013265734336,84.85427238462032
36.29250808195184,85.18268995784226
36.315601217740095,85.5100663918099
36.33940677688408,85.83640730530665
36.36391945930281,86.16171828481248
36.38913395429872,86.486004883224
36.41504494211817,86.80927261867078
36.441647095435115,87.13152697342355
36.46893508076162,87.45277339288957
36.496903559788215,87.77301728469142
36.52554719065717,88.09226401782477
36.55486062917171,88.41051892189165
36.584838529943895,88.72778728640525
36.61547554748398,89.0440743601628
36.64676633723382,89.35938535068328
36.678705556546866,89.67372542370639
36.71128786561708,89.98709970274994
36.74450792835921,90.29951326872263
36.778360413242545,90.61097115958917
36.81283999408025,90.92147837008523
36.84794135077651,91.23103985147961
36.88365917003317,91.5396605113809
36.91998814601797,91.84734521358642
36.956922980996055,92.15409877797121
36.994458385926485,92.45992598041467
37.0325890810255,92.76483155276298
37.07130979629791,93.06882018282522
37.110615272038395,93.37189651440116
37.15050025930382,93.67406514733922
37.19095952035835,93.97533063762253
37.231987829092304,94.27569749748166
37.2735799714163,94.57517019553227
37.31573074563168,94.87375315693639
37.35843496277859,95.17145076358571
37.40168744696261,95.46826735430561
37.44548303566117,95.76420722507847
37.4898165800106,96.05927462928534
37.534682945074934,96.35347377796441
37.58007701009726,96.64680884008543
37.62599366873462,96.93928394283886
37.6724278292771,97.23090317193879
37.71937441485221,97.5216705719386
37.76682836361503,97.81159014655854
37.81478462892504,98.1006658590242
37.86323817951022,98.3889016324152
37.91218399961919,98.67630135002311
37.961617089161905,98.96286885571804
38.01153246383967,99.24860795432306
38.0619251552648,99.53352241199573
38.1127902110708,99.81761595661625
38.164122695013305,100.10089227818143
38.21591768706242,100.38335502920404
38.26817028348697,100.66500782511685
38.32087559693095,100.94585424468096
38.37402875648278,101.22589783039784
38.42762490773772,101.5051420889246
38.481659212853785,101.78359049149212
38.53612685060154,102.06124647432544
38.591023016408236,102.3381134390663
38.64634292239653,102.61419475319704
38.702081797418046,102.88949375046596
38.75823488708231,103.16401373131335
38.81479745378106,103.43775796329824
38.87176477670842,103.71072968152527
38.929132151877106,103.98293208907157
38.986894892131005,104.25436835741338
39.04504832715414,104.52504162685193
39.10358780347657,104.79495500693871
39.162508684477125,105.06411157689946
39.22180635038339,105.33251438605713
39.28147619826906,105.60016645425313
39.341513642048824,105.86707077226708
39.40191411247093,106.13323030223462
39.46267305710768,106.3986479780633
39.523785940343984,106.66332670584606
39.58524824336401,106.92726936427276
39.64705546413625,107.19047880503884
39.7092031173969,107.45295785325162
39.77168673463199,107.71470930783384
39.834501864058026,107.97573594192427
39.89764407060156,108.23604050327543
39.961108935877554,108.49562571464836
40.024892058166806,108.75449427420396
40.08898905239247,109.01264885589147
40.15339555009568,109.27009210983334
40.21810719941049,109.52682666270688
40.28311966503812,109.78285511812241
40.348428628220624,110.03818005699787
40.41402978671397,110.29280403792993
40.47991885476071,110.54672959756137
40.54609156306224,110.79995925094488
40.612543658750624,111.05249549190309
40.67927090536023,111.30434079338485
40.746269082798996,111.55549760781776
40.81353398731957,111.80596836745674
40.88106143149023,112.05575548472895
40.94884724416567,112.30486135257466
41.0168872704577,112.55328834478428
41.08517737170592,112.80103881633146
41.153713425448245,113.04811510370232
41.22249132539155,113.29451952522061
41.29150698138227,113.54025438136898
41.36075631937702,113.78532195510634
41.4302352814133,114.02972451218109
41.49993982558034,114.27346430144054
41.569865925989916,114.51654355513627
41.64000957274739,114.75896448922545
41.71036677192283,115.0007293036684
41.78093354552227,115.2418401827219
41.85170593145913,115.48229929522876
41.92267998352582,115.7221087949033
41.99385177136544,115.96127082061302
42.065217380443734,116.19978749665613
42.136772912021186,116.43766093303535
42.20851448312531,116.67489322572769
42.28043822652311,116.9114864569504
42.35254029069377,117.14744269542294
42.424816839801494,117.38276399662527
42.4972640536686,117.61745240305201
42.56987812774872,117.8515099444631
42.642655273100274,118.08493863813035
42.7155917163601,118.31774048908045
42.78868369971726,118.54991749033398
42.86192748088706,118.78147162314094
42.93531933308527,119.0124048572123
43.00885554500245,119.242719150948
43.08253242077852,119.47241645166125
43.156346279977505,119.70149869579906
43.230293457562354,119.92996780915946
43.304370303870044,120.15782570710469
43.378573184586756,120.38507429477112
43.45289848072318,120.6117154672755
43.52734258859006,120.83775110991779
43.601901919773766,121.06318309838025
43.67657290111205,121.28801329892337
43.75135197466992,121.51224356857823
43.826235597715595,121.73587575533523
43.90122024269656,121.95891169832983
43.97630239721579,122.18135322802466
44.05147856400799,122.40320216638835
44.1267452609159,122.62446032707113
44.202099020866754,122.84512951557701
44.27753639184874,123.06521152943297
44.353053936887505,123.28470815835458
44.42864823402276,123.50362118440881
44.50431587628487,123.72195238217341
44.580053471671505,123.93970351889327
44.655857643124335,124.15687635463368
44.731725028505636,124.37347264243051
44.807652280575056,124.58949412843735
44.88363606696622,124.80494255206972
44.95967307016343,125.01981964614602
45.035759987478315,125.23412713702604
45.11189353102642,125.44786674474592
45.1880704277038,125.66104018315086
45.26428741916357,125.87364916002437
45.340541261792346,126.0856953772152
45.416828726686695,126.2971805307611
45.493146599629476,126.50810631101
45.56949168106612,126.7184744027384
45.6458607860808,126.92828648526705
45.72225074437257,127.13754423257393
45.79865840023133,127.3462493134045
45.875080612513734,127.55440339137958
45.951514254618964,127.76200812510032
46.027956214464425,127.96906516825075
46.10440339446123,128.17557616969788
46.18085271148964,128.38154277358913
46.257301096874336,128.58696661944728
46.33374549635948,128.79184934226308
46.41018287008373,128.99619257258547
46.48661019255505,129.1999979366091
46.56302445262532,129.40326705625995
46.63942265346482,129.60600154927815
46.71580181253655,129.80820302929882
46.79215896157029,130.0098731059304
46.8684911465366,130.21101338483095
46.944795427620505,130.41162546778185
47.02106887919506,130.61171095275986
47.097308589794686,130.81127143400647
47.1735116620883,131.0103085020953
47.249675212852246,131.20882374399753
47.325796372943,131.40681874314495
47.401872287269654,131.60429507949127
47.4779001147662,131.80125432957098
47.55387702836357,131.9976980665566
47.62980021496142,132.1936278603137
47.705666875399736,132.38904527745404
47.78147422443017,132.58395188138672
47.857219490687115,132.77834923236747
47.93289991665859,132.972238887546
48.00851275865683,133.1656224010116
48.08405528678865,133.35850132383678
48.15952478492555,133.55087720411908
48.23491855067356,133.7427515870213
48.31023389534287,133.93412601480972
48.3854681439171,134.12500202689074
48.46061863502245,134.31538115984569
48.53568272089645,134.50526494746413
48.61065776735656,134.69465492077524
48.68554115376838,134.88355260807782
48.76033027301375,135.07195953496844
48.83502253145842,135.25987722436824
48.90961534891956,135.4473071965479
48.98410615863295,135.63425096915128
49.05849240721989,135.8207100572174
49.13277155465389,136.00668597320094
49.20694107422703,136.19218022699133
49.280998452516044,136.37719432593025
49.354941189348196,136.56172977482794
49.42876679776678,136.74578807597774
49.50247280399643,136.92937072916953
49.57605674740811,137.1124792317017
49.649516180483836,137.29511507839172
49.72284866878113,137.4772797615855
49.79605179089718,137.65897477116528
49.869123138432734,137.84020159455645
49.942060315955736,138.02096171673284
50.01486094096465,138.20125662022102
50.08752264385154,138.38108778510323
50.160043067864855,138.56045668901905
50.23241986907196,138.73936480716617
50.30465071632138,138.9178136122996
50.37673329120479,139.09580457472995
50.44866528801869,139.27333916232075
50.52044441372587,139.45041884048422
50.59206838791658,139.62704507217643
50.6635349427694,139.80321931789103
50.73484182301193,139.97894303565212
50.805986785881096,140.15421768100603
50.87696760108331,140.32904470701212
50.9477820507543,140.50342556423251
51.01842792941869,140.6773617007209
51.08890304394932,140.85085456201045
51.159205213526356,141.02390559110066
51.229332269596064,141.19651622844327
51.299282055829394,141.36868791192742
51.369052428080295,141.5404220768638
51.43864125434378,141.7117201559679
51.50804641471371,141.88258357934254
51.57726580134044,142.0530137744594
51.64629731838805,142.22301216613985
51.715138881991535,142.39258017653486
51.78378842021356,142.5617192251043
51.85224387300115,142.73043072859517
51.92050319214201,142.89871610101932
51.98856434122071,143.06657675363047
52.05642529557458,143.23401409490015
52.12408404224941,143.40102953049333
52.19153857995492,143.56762446324302
52.25878691902,143.73380029312455
52.32582708134771,143.89955841722875
52.39265710037014,144.06490022973475
52.45927502100292,144.22982712188218
52.52567889959969,144.3943404819425
52.591866803906214,144.5584416951899
52.657836813014335,144.7221321438717
52.72358701731578,144.88541320717778
52.78911551845567,145.0482862612097
52.85442042928588,145.21075267894955
52.91949987381825,145.37281383022747
52.98435198717749,145.53447108168953
53.04897491555399,145.69572579676435
53.1133668161564,145.85657933562968
53.17752585716402,146.01703305517833
53.24145021767904,146.1770883089835
53.30513808767855,146.33674644726395
53.36858766796645,146.49600881684825
53.43179717012507,146.65487676113912
53.494764816466756,146.81335162007687
53.55748883998515,146.9714347301026
53.61996748430639,147.12912742412112
53.682199003640186,147.28643103146325
53.744181662730554,147.44334687784777
53.80591373680662,147.59987628534313
53.86739351153314,147.75602057232865
53.92861928296081,147.91178105345543
53.989589357476625,148.06715903960676
54.05030205175387,148.22215583785854
54.11075569270212,148.37677275143892
54.17094861741705,148.531011079688
54.230879173130056,148.68487211801698
54.29054571715783,148.8383571578672
54.34994661685174,148.9914674866686
54.40908024954708,149.14420438779834
54.467945002512266,149.29656914053868
54.52653927289774,149.44856302003498
54.584861467685,149.60018729725314
54.64291000363524,149.75144323893704
54.70068330723807,149.90233210756554
54.75817981466007,150.05285516130945
54.81539797169314,150.20301365398817
54.87233623370288,150.35280883502608
54.92899306557679,150.50224194940878
54.98536694167234,150.65131423763918
55.041456345764985,150.80002693569335
55.0972597709961,150.94838127497616
55.15277571982071,151.0963784822768
55.20800270395529,151.24401977972417
55.26293924432529,151.39130638474197
55.31758387101275,151.5382395100038
55.37193512320367,151.68482036338804
55.425991549135404,151.83105014793261
55.4797517060439,151.97693006178955
55.533214160110944,152.1224612981795
55.5863774864112,152.26764504534628
55.63924026885932,152.4124824865109
55.691801100156866,152.55697479982592
55.7440585817392,152.70112315832935
55.79601132372236,152.8449287298989
55.84765794484974,152.98839267720552
55.89899707243885,153.13151615766753
55.9500273423279,153.27430032340422
56.000747398822405,153.41674632118958
56.05115589464169,153.55885529240572
56.10125149086531,153.70062837299673
56.1510328568795,153.84206669342197
56.200498670323526,153.98317137860954
56.249647617035926,154.1239435479098
56.29847839100083,154.2643843150486
56.34698969429413,154.40449478808068
56.395180237029656,154.544276069343
56.44304873730529,154.68372925540805
56.49059392114904,154.82285543703696
56.537814522465105,154.961655699133
56.58470928297986,155.10013112069458
56.63127695218782,155.23828277476863
56.67751628729759,155.37611172840383
56.723426053177796,155.51361904260375
56.769005022302906,155.65080577228014
56.81425197469912,155.7876729662062
56.85916569789018,155.92422166696986
56.90374498684317,156.06045291092693
56.947988643914314,156.1963677281545
56.99189547879468,156.33196714240427
57.035464308455964,156.4672521710558
57.078693957096185,156.60222382507
57.121583256085394,156.7368831089425
57.16413104391136,156.87123102065692
57.20633616612523,157.0052685516386
57.24819747528721,157.13899668670805
57.28971383091222,157.2724164040344
57.330884099415506,157.40552867508913
57.3717071540583,157.53833446459961
57.412181874893434,157.670834730503
57.45230714871099,157.8030304238998
57.492081868983895,157.9349224890078
57.53150493581354,158.06651186311586
57.5705752558754,158.19779947653805
57.60929174236467,158.3287862525674
57.64765331494187,158.45947310743009
57.68565889967846,158.5898609502396
57.72330742900248,158.71995068295087
57.760597841644206,158.84974320031452
57.79752908258172,158.97923938983132
57.83410010298663,159.10844013170652
57.870309860169705,159.23734629880425
57.90615731752651,159.3659587566024
57.941641444483125,159.4942783631468
57.97676121644181,159.62230596900636
58.01151561472673,159.75004241722766
58.04590362652968,159.87748854328984
58.07992424485577,160.0046451750597
58.11357646846923,160.13151313274653
58.14685930183915,160.2580932288575
58.17977175508526,160.38438626815267
58.2123128439238,160.51039304760042
58.24448158961325,160.63611435633285
58.27627701890025,160.76155097560112
58.307698163965476,160.8867036787312
58.33874406236947,161.01157323107952
58.36941375699865,161.1361603899886
58.399706296011175,161.2604659047429
58.42962073278297,161.38449051652492
58.45915612585372,161.50823495837113
58.48831153887287,161.6316999551281
58.51708604054571,161.75488622340862
58.545478704579466,161.87779447154819
58.57348860962938,162.00042539956127
58.60111483924491,162.12277969909792
58.62835648181587,162.24485805340018
58.6552126305187,162.36666113725894
58.68168238326264,162.4881896169707
58.70776484263608,162.60944415029428
58.733459115852874,162.73042538640803
58.75876431469867,162.85113396586672
58.78367955547732,162.9715705205587
58.808203958957336,163.09173567366324
58.832336650318325,163.2116300396078
58.85607675909753,163.33125422402554
58.87942341913641,163.4506088237127
58.902375768527165,163.5696944265865
58.92493294955944,163.6885116116425
58.947094108667,163.80706094891278
58.968858396374436,163.92534299942355
58.99022496724395,164.04335831515328
59.01119297982215,164.16110743899088
59.03176159658698,164.2785909046937
59.051929983894574,164.3958092368458
59.07169731192624,164.51276295081658
59.09106275463545,164.6294525527189
59.11002548969495,164.74587853936794
59.12858469844382,164.86204139823954
59.146739565834665,164.97794160742913
59.16448928038083,165.09357963561044
59.18183303410368,165.20895594199447
59.1987700224799,165.32407097628845
59.21529944438888,165.4389251786549
59.23142050206021,165.55351897967083
59.24713240102106,165.66785280028694
59.26243435004384,165.78192705178702
59.277325561093775,165.89574213574733
59.29180524927655,166.00929844399616
59.30587263278608,166.12259635857328
59.31952693285227,166.23563625168978
59.33276737368892,166.34841848568772
59.345593182441604,166.460943413
59.35800358913567,166.5732113761103
59.369997826624314,166.68522270751308
59.381575130536646,166.79697772967353
59.392734739225936,166.90847675498796
59.40347589371785,167.0197200857439
59.41379783765876,167.13070801408034
59.42369981726417,167.24144082194837
59.43318108126719,167.35191878107142
59.44224088086704,167.46214215290587
59.45087846967772,167.57211118860175
59.45909310367667,167.68182612896345
59.46688404115359,167.79128720441034
59.47425054265924,167.90049463493784
59.48119187095442,168.00944863007817
59.48770729095895,168.11814938886144
59.4937960697008,168.2265970997767
59.49945747626522,168.3347919407332
59.50469078174409,168.44273407902136
59.50949525918521,168.55042367127436
59.513870183541755,168.65786086342925
59.51781483162183,168.76504579068862
59.52132848203806,168.87197857748197
59.524410415157355,168.97865933742736
59.527059913050685,169.08508817329295
59.52927625944301,169.19126517695886
59.531058739663266,169.29719042937896
59.53240664059451,169.40286400054268
59.533319250624075,169.50828594943695
59.53379585959393,169.61345632400827
59.533835758751074,169.71837516112478
59.53343824069806,169.82304248653836
59.532602599343655,169.92745831484686
59.531328129853534,170.03162264945652
59.529614128601175,170.1355354825442
59.52745989311883,170.23919679501992
59.52486472204858,170.34260655648924
59.521827915093596,170.44576472521607
59.5183487729694,170.5486712480851
59.51442659735539,170.65132606056466
59.51006069084636,170.75372908666955
59.50525035690422,170.85588023892387
59.49999489980986,170.957779418324
59.494293624615096,171.05942651430163
59.48814583709475,171.16082140468689
59.48155084369896,171.2619639556715
59.47450795150547,171.3628540217722
59.467016468172254,171.46349144579384
59.459075701890086,171.56387605879308
59.45068496133545,171.6640076800418
59.44184355562345,171.76388611699065
59.43255079426096,171.8635111652328
59.42280598709989,171.96288260846774
59.412608444290655,172.06200021846507
59.40195747623575,172.1608637550286
59.39085239354351,172.2594729659602
59.379292506982104,172.35782758702416
59.36727712743359,172.45592734191118
59.354805565848224,172.5537719422029
59.341877133198935,172.65136108733628
59.328491140435965,172.7486944645682
59.31464689844169,172.84577174893994
59.300343717985676,172.94259260324205
59.285580909679865,173.0391566779792
59.270357783934024,173.13546361133515
59.254673650911336,173.23151302913783
59.238527820484215,173.32730454482447
59.221919602190354,173.4228377594071
59.20484830518897,173.51811226143775
59.18731323821724,173.61312762697432
59.169313709547,173.707883419546
59.15084902694162,173.80237919011927
59.1319184976132,173.8966144770639
59.11252142817987,173.99058880611895
59.09265712462343,174.08430169035913
59.07232489224721,174.1777526301611
59.05152403563412,174.2709411131702
59.03025385860507,174.36386661426698
59.00851366417753,174.45652859553425
58.986302754524374,174.54892650622406
58.96362043093311,174.64105978272488
58.940465993765194,174.73292784852904
58.91683874241578,174.8245301142003
58.89273797527363,174.91586597734155
58.86816298968146,175.00693482256298
58.843113081896405,175.09773602144995
58.817587547050934,175.18826893253149
58.79158567911397,175.2785329012488
58.765106770852384,175.36852725992415
58.73815011379276,175.45825132772967
58.71071499818353,175.54770441065682
58.6828007129574,175.63688580148553
58.654406545694094,175.72579477975427
58.62553178258355,175.81443061172965
58.59617570838929,175.90279255037677
58.56633760641232,175.99087983532974
58.536016758455254,176.07869169286226
58.505212444786906,176.16622733585865
58.47392394410718,176.25348596378527
58.442150533512404,176.34046676266183
58.40989148846101,176.42716890503354
58.37714608273963,176.5135915499431
58.3439135884296,176.59973384290333
58.31019327587387,176.68559491586984
58.275984413644316,176.77117388721436
58.24128626850951,176.8564698616981
58.206098105402916,176.9414819304456
58.17041918739151,177.02620917091917
58.13424877564485,177.11065064689316
58.09758612940464,177.19480540842918
58.060430505954734,177.27867249185127
58.022781160591634,177.36225091972184
57.984637346595406,177.4455397008178
57.94599831520121,177.52853783010704
57.906863315571236,177.61124428872571
57.86723159476717,177.69365804395548
57.82710239772318,177.77577804920162
57.7864749672195,177.85760324397143
57.745348543856416,177.93913255385309
57.70372236602894,178.0203648904951
57.661595669901935,178.10129915158618
57.61896768938589,178.18193422083564
57.5758376561132,178.26226896795455
57.5322047994151,178.34230224863703
57.48806834629916,178.42203290454248
57.44342752142735,178.5014597632781
57.39828154709486,178.58058163838234
57.35262964320937,178.65939732930858
57.306471027271094,178.73790562140965
57.25980491435341,178.81610528592304
57.21263051708419,178.8939950799565
57.16494704562777,178.9715737464746
57.11675370766761,179.0488400142857
57.0680497083897,179.12579259802993
57.01883425046659,179.2024301981676
56.96910653404221,179.2787515009685
56.91886575671739,179.35475517850182
56.86811111353612,179.43043988862706
56.816841796972604,179.50580427498548
56.76505699691899,179.58084696699245
56.71275590067403,179.65556657983072
56.65993769293239,179.7299617144443
56.60660155577482,179.80403095753348
56.552746668659196,179.87777288155044
56.49837220841228,179.951186044696
56.44347734922246,180.02426899091702
56.38806126263323,180.09702024990514
56.3321231175376,180.169438337096
56.275662080173404,180.2415217536698
56.21867731411947,180.31326898655257
56.161167980292724,180.38467850841886
56.103133236946235,180.455748777695
56.044572239668156,180.52647823856367
55.9854841413817,180.59686532096967
55.92586809234596,180.6669084406265
55.865723240157884,180.7366059990242
55.8050487297551,180.80595638343854
55.743843703419834,180.87495796694108
55.68210730078385,180.94360910841047
55.61983865883439,181.01190815254526
55.557036911921244,181.07985342987763
55.49370119176485,181.1474432567885
55.4298306274655,181.21467593552407
55.365424345513624,181.2815497542134
55.30048146980127,181.34806298688758
55.235001121634646,181.4142138935003
55.168982419747834,181.48000071994943
55.10242448031771,181.54542169810063
55.03532641698002,181.61047504581185
54.96768734084667,181.67515896695966
54.899506360524235,181.73947165146689
54.83078258213367,181.803411275332
54.76151510933138,181.8669760006597
54.691703043331394,181.93016397569355
54.62134548292899,181.9929733348498
54.55044152452551,182.05540219875328
54.47899026215457,182.1174486742744
54.40699078750952,182.17911085456853
54.33444218997238,182.2403868191165
54.26134355664401,182.30127463376726
54.18769397237579,182.3617723507822
54.11349251980263,182.4218780088812
54.038738279377434,182.48158963329075
53.96343032940701,182.54090523579367
53.8875677460894,182.59982281478102
53.81114960355274,182.65834035530577
53.734174973895584,182.71645582913845
53.65664292722871,182.774167194825
53.578552531718536,182.83147239774635
53.499902853632,182.88836937018027
53.420692957383054,182.94485603136536
53.34092190558069,183.000930287567
53.26058875907865,183.0565900321456
53.179692577026664,183.11183314562695
53.09823241692336,183.16665749577487
53.01620733467084,183.22106093766618
52.933616384630895,183.27504131376773
52.85045861968295,183.328596454016
52.766733091283626,183.381724175899
52.68243884952816,183.4344222845404
52.597574943213424,183.4866885727864
52.5121404199028,183.53852082129464
52.42613432599277,183.58991679862606
52.33955570678135,183.64087426133892
52.25240360653824,183.69139095408553
52.16467706857693,183.7414646097116
52.07637513532852,183.79109294935813
51.98749684841749,183.84027368256602
51.898041248739275,183.8890045073833
51.80800737653979,183.93728311047522
51.71739427149681,183.9851071672369
51.62620097280331,184.0324743419089
51.53442651925274,184.07938228769567
51.44206994932622,184.12582864688665
51.34913030128174,184.17181105098044
51.25560661324533,184.2173271208118
51.16149792330424,184.2623744666817
51.066803269602104,184.30695068849016
50.97152169043619,184.35105337587228
50.875652224356614,184.39468010833733
50.779193910267686,184.4378284554107
50.68214578753129,184.48049597677937
50.58450689607233,184.5226802224399
50.4862762764863,184.56437873285034
50.38745297014899,184.60558903908463
50.288036019328246,184.6463086629908
50.188024467297886,184.68653511735204
50.087417358453806,184.7262659060512
49.986213738432184,184.76549852423878
49.88441265422989,184.80423045850395
49.78201315432704,184.84245918704914
49.67901428881176,184.880182179868
49.575415109507155,184.9173968989268
49.471214670100444,184.9541007983492
49.36641202627435,184.9902913246047
49.261006235840675,185.02596591670024
49.154996358876176,185.06112200637585
49.048381457860536,185.09575701830332
48.94116059781674,185.1298683702887
48.8333328464536,185.16345347347857
48.724897274310564,185.19650973256955
48.61585295490475,185.2290345460218
48.50619896488032,185.26102530627594
48.39593438416002,185.2924793999738
48.28505829609907,185.32339420818275
48.17356978764128,185.353767106624
48.06146794947743,185.38359546590414
47.948751876205996,185.4128766517511
47.83542066649603,185.44160802525337
47.72147342325242,185.46978694310303
47.606909253783364,185.497410757843
47.49172726997011,185.52447681811748
47.37592658843901,185.5509824689268
47.25950633073575,185.57692505188564
47.14246562350195,185.6023019054854
47.02480359865388,185.62711036536015
46.90651939356356,185.65134776455668
46.78761215124201,185.67501143380827
46.66808102052471,185.69809870181228
46.547925156259375,185.72060689551176
46.42714371949586,185.74253334038073
46.30573587767829,185.76387536071348
46.1837008048394,185.7846302799176
46.061037681796996,185.80479542081108
45.93774569635266,185.82436810592293
45.81382404349249,185.84334565779798
45.68927192559009,185.8617253993054
45.564088552611615,185.87950465395093
45.43827314232287,185.8966807461931
45.31182492049859,185.9132510017632
45.1847431211337,185.92921274798903
45.05702698665663,185.94456331412252
44.92867576814467,185.9593000316709
44.79968872554128,185.9734202347319
44.6700651278754,185.98692126033254
44.539804253482664,185.9998004487715
44.40890539022859,186.01205514396543
44.277367835733614,186.0236826937987
44.14519089759996,186.03468045047683
44.01237389364043,186.04504577088375
43.87891615210888,186.05477601694213
43.74481701193254,186.06386855597782
43.610075822946065,186.07232076108727
43.47469194612722,186.08013001150883
43.3386647538343,186.0872936929973
43.20199363004513,186.09380919820174
43.06467797059767,186.09967392704678
42.926717183432174,186.10488528711736
42.7881106888348,186.10944069404627
42.64885791968277,186.11333757190542
42.50895832169089,186.1165733535999
42.36841135365945,186.11914548126524
42.22721648772348,186.12105140666773
42.085373209603276,186.1222885916078
41.94288101885612,186.12285450832607
41.799739429129275,186.12274663991258
41.655947968414026,186.12196248071868
41.51150617930085,186.1204995367715
41.3664136192356,186.1183553261913
41.22066986077665,186.1155273796115
41.074274491853004,186.1120132406009
40.927227116023204,186.1078104660885
40.7795273527351,186.10291662679091
40.63117483758631,186.0973293076418
40.48216922258539,186.09104610822345
40.33251017641366,186.08406464320095
40.182197384687505,186.0763825427578
40.03123055022125,186.067997453034
39.87960939329042,186.05890703656559
39.72733365189536,186.04910897272632
39.5744030820252,186.03860095817078
39.42081745792198,186.0273807072791
39.26657657234497,186.0154459526034
39.11168023683508,186.00279444531535
38.95612828197927,185.98942395565507
38.799920557674895,185.97533227338138
38.643056933393936,185.96051720822288
38.485537298447014,185.94497659033024
38.32736156224715,185.92870827072917
38.16852965457308,185.91171012177426
38.00904152583227,185.89398003760334
37.848897147323264,185.8755159345925
37.68809651149758,185.85631575181134
37.5266396322208,185.8363774514787
37.36452654503305,185.8156990194184
37.20175730740848,185.79427846551496
37.03833199901396,185.77211382416954
36.87425072196672,185.74920315475532
36.70951360109086,185.72554454207275
36.54412078417282,185.7011360968043
36.37807244221541,185.6759759559685
36.2113687696907,185.65006228337344
36.04400998479132,185.62339327006916
35.87599632968036,185.59596713479934
35.707328070739564,185.56778212445155
35.53800549881597,185.53883651450658
35.368028929466675,185.50912860948594
35.197398703201756,185.47865674339818
35.026115185725274,185.44741928018323
34.85417876817423,185.41541461415522
34.68158986735537,185.38264117044307
34.50834892597981,185.349097405429
34.33445641289535,185.31478180718497
34.159912823316354,185.27969289590644
33.98471867905122,185.24382922434376
33.808874528727266,185.20718937823088
33.632380948012894,185.1697719767111
33.455238539837104,185.13157567275994
33.27744793460611,185.0925991536047
33.09900979041706,185.05284114114113
32.919924793268756,185.01230039234608
32.74019365726929,184.97097569968713
32.559817124840436,184.9288658915282
32.378795966918865,184.88596983253132
32.19713098315396,184.84228642405446
32.01482300210219,184.7978146045451
31.831872881418,184.7525533499295
31.64828150804104,184.70650167399774
31.46404979837979,184.65965862878372
31.27917869849133,184.61202330494072
31.093669184257315,184.5635948321121
30.90752226155604,184.5143723792967
30.72073896643041,184.46435515520935
30.533320365251917,184.41354240863586
30.34526755488042,184.3619334287825
30.156581662819654,184.3095275456202
29.967263847368496,184.25632413022265
29.777315297767764,184.20232259509865
29.586737234342618,184.14752239451855
29.395530908640403,184.09192302483427
29.203697603563896,184.03552402479343
29.01123863349989,183.97832497584665
28.818155344443046,183.92032550244858
28.624449114114913,183.8615252723522
28.430121352078146,183.80192399689625
28.235173499845743,183.74152143128578
28.039607030985326,183.68031737486567
27.843423451218356,183.61831167138695
27.64662429851427,183.55550420926585
27.44921114317944,183.49189492183558
27.251185587940952,183.42748378759026
27.052549268025075,183.36227083042164
26.853303851230464,183.29625611984778
26.65345103799599,183.229439771234
26.452992561463134,183.16182194600609
26.251930187533002,183.09340285185496
26.050265714917767,183.02418274293373
25.848000975186647,182.95416192004635
25.64513783280627,182.88334073082768
25.44167818517547,182.8117195699156
25.237623962654414,182.7392988791142
25.032977128588083,182.66607914754874
24.827739679324047,182.59206091181167
24.621913644224513,182.5172447561001
24.41550108567263,182.44163131234436
24.208504099073025,182.3652212603277
24.00092481284652,182.28801532779718
23.792765388419088,182.21001429056525
23.584028020204936,182.1312189726026
23.37471493558377,182.0516302461217
23.164828394872213,181.97124903165115
22.954370691289352,181.89007629810092
22.743344150916435,181.80811306281822
22.53175113265068,181.72536039163415
22.319594028153226,181.64181939890085
22.106875261791213,181.55749124751952
21.893597290573982,181.4723771489587
21.67976260408343,181.38647836326342
21.465373724398475,181.29979619905473
21.250433206013735,181.21233201351964
21.034943635752313,181.12408721239188
20.818907632672783,181.0350632499228
20.602327847970397,180.9452616288431
20.38520696487247,180.85468390031454
20.167547698528033,180.76333166387275
19.94935279589172,180.67120656736
19.730625035601975,180.5783103068488
19.511367227853526,180.48464462655568
19.291582214264253,180.39021131874583
19.071272867736404,180.295012223628
18.850442092312214,180.19904922924002
18.629092823024,180.1023242713251
18.407228025738707,180.00483933319833
18.18485069699702,179.9065964456042
17.961963863847,179.80759768656458
17.738570583672363,179.7078451812175
17.514673944015406,179.60734110164665
17.29027706239465,179.50608766670177
17.06538308611723,179.40408714180973
16.83999519208611,179.30134183877664
16.614116586602126,179.19785411558104
16.387750505161012,179.09362637615774
16.160900212245334,178.98866107017324
15.93356900111151,178.88296069279193
15.705760193571903,178.77652778443365
15.477477139772082,178.66936493052262
15.248723217963308,178.56147476122774
15.019501834270297,178.4528599511941
14.789816422454361,178.34352321926647
14.55967044367195,178.23346732820403
14.329067386228704,178.12269508438703
14.098010765329068,178.01120933751514
13.866504122821537,177.89901298029787
13.63455102693962,177.78610894813679
13.402155072038594,177.6725002187999
13.169319878328112,177.5581898120884
12.936049091600752,177.44318078949544
12.702346382956597,177.32747625385753
12.468215448523885,177.2110793489984
12.233660009175873,177.09399325936545
11.998683810243921,176.97622120965892
11.763290621226949,176.8577664644541
11.527484235497296,176.73863232781633
11.291268470003093,176.61882214290915
11.054647164967228,176.49833929159576
10.81762418358298,176.3771871940337
10.580203411706423,176.25536930826303
10.342388757545667,176.13288912978823
10.104184151347038,176.00975019115356
9.865593545078278,175.8859560615126
9.626620912108848,175.76151034619153
9.387270246887429,175.63641668624666
9.147545564616706,175.51067875801616
8.907450900925522,175.38430027266605
8.666990311538488,175.25728497573104
8.426167871943152,175.12963664664971
8.184987677054787,175.00135909829473
7.943453840878922,174.87245617649768
7.701570496171672,174.74293175956947
7.459341794097986,174.61278975781542
7.21677190388787,174.4820341130461
6.973865012490704,174.35066879808343
6.730625324227716,174.2186978162627
6.487057060442725,174.08612520092998
6.243164459151217,173.95295501493575
5.99895177468786,173.81919135012464
5.754423277352536,173.6848383268211
5.509583253054981,173.54990009331175
5.264436002958119,173.41438082532397
5.018985843120176,173.27828472550138
4.7732371041356565,173.14161602287584
4.527194130775272,173.00437897233664
4.28086128162491,172.8665778540966
4.034242928723716,172.7282169731555
3.7873434572013815,172.58930065876078
3.5401672649147238,172.44983326386574
3.2927187620836222,172.30981916458558
3.045002370926419,172.16926275965093
2.7970225252948424,172.02816846985957
2.548783670308543,171.88654073752602
2.300290261989326,171.74438402592955
2.0515467668951484,171.6017028187603
1.802557661753964,171.45850161956412
1.5533274330974973,171.31478495118589
1.3038605768950164,171.17055735521157
1.05416159818718,171.02582339140935
0.8042350107200394,170.88058763716953
0.5540853365792624,170.73485468694383
0.3037171058246549,170.58862915168396
0.05313485612505168,170.44191565827938
-0.1976568676063541,170.29471884899493
-0.44865351357617145,170.14704338090795
-0.6998505234743947,169.9988939253453
-0.9512433328373403,169.8502751673203
-1.202827371409872,169.7011918049697
-1.4545980635068472,169.55164854899098
-1.706550828373719,169.4016501220797
-1.9586810805462358,169.25120125836756
-2.2109842302091676,169.10030670286088
-2.463455683554002,168.94897121087985
-2.716090843135553,168.79719954749828
-2.968885108227412,168.64499648698472
-3.2218338751761997,168.49236681224428
-3.4749325377545395,168.3393153142615
-3.7281764875127203,168.18584679154492
-3.9815611141289744,168.03196604957242
-4.235081805758324,167.87767790023847
-4.488733949379949,167.7229871613027
-4.74251293114301,167.5678986558404
-4.996414136710893,167.4124172116943
-5.250432951603808,167.25654766092885
-5.504564761539708,167.10029483928602
-5.758804952773477,166.94366358564338
-6.013148912434328,166.78665874147427
-6.267592028861392,166.62928515031027
-6.52212969193742,166.471547657206
-6.776757293420586,166.3134511082064
-7.0314702272743315,166.15500034981665
-7.286263889995209,165.99620022847432
-7.541133680938697,165.83705559002485
-7.7960750026429295,165.67757127919924
-8.05108326115033,165.51775213909497
-8.306153866327074,165.35760301065983
-8.561282232180382,165.19712873217864
-8.816463777173578,165.03633413876327
-9.071693924538902,164.8752240618457
-9.32696810258804,164.7138033286745
-9.58228174502031,164.5520767618145
-9.83763029122852,164.39004917865003
-10.09300918660243,164.22772539089146
-10.348413882829822,164.06511020408544
-10.603839838195098,163.9022084171286
-10.859282517875448,163.73902482178522
-11.114737394234496,163.57556420220823
-11.37019994711345,163.41183133446435
-11.625665664119692,163.2478309860629
-11.881130040912812,163.08356791548857
-12.136588581488047,162.9190468717383
-12.392036798457108,162.75427259386197
-12.64747021332638,162.58924981050734
-12.902884356772468,162.42398323946892
-13.158274768915053,162.25847758724132
-13.413636999587089,162.0927375485766
-13.668966608602267,161.92676780604594
-13.92425916601975,161.76057302960572
-14.179510252406185,161.59415787616774
-14.434715459094944,161.4275269891743
-14.689870388442584,161.2606849981771
-14.944970654082544,161.09363651842122
-15.200011881176012,160.92638615043313
-15.454989706660003,160.75893847961376
-15.709899779492597,160.59129807583568
-15.964737760895348,160.42346949304522
-16.219499324592846,160.25545726886912
-16.474180157049407,160.087265924226
-16.72877595770292,159.91889996294228
-16.9832824391958,159.7503638713732
-17.237695327603074,159.5816621180284
-17.492010362657552,159.41279915320223
-17.74622329797213,159.24377940860913
-18.000329901259164,159.0746072970236
-18.254325954546957,158.9052872119252
-18.508207254393305,158.73582352714854
-18.76196961209615,158.5662205965377
-19.015608853901288,158.39648275360625
-19.26912082120718,158.22661431120162
-19.522501370766793,158.0566195611748
-19.77574637488654,157.8865027740548
-20.028851721622278,157.71626819872824
-20.28181331497237,157.5459200621238
-20.534627075067796,157.3754625689018
-20.787288938359367,157.20489990114874
-21.03979485780196,157.03423621807679
-21.292140803035828,156.8634756557284
-21.544322760565,156.692622326686
-21.796336733932712,156.52168031978667
-22.048178743893924,156.35065369984176
-22.299844828584913,156.17954650736172
-22.55133104368991,156.00836275828598
-22.802633462604856,155.83710644371774
-23.053748176598198,155.66578152966395
-23.304671294968788,155.4943919567803
-23.555398945200864,155.32294164012123
-23.805927273116115,155.15143446889513
-24.056252443022863,154.97987430622436
-24.306370637862322,154.80826498891042
-24.55627805935198,154.63661032720435
-24.805970928126083,154.4649141045818
-25.05544548387325,154.29318007752346
-25.304697985471208,154.12141197530025
-25.553724711118655,153.94961349976367
-25.802521958464272,153.7777883251412
-26.051086044732877,153.60594009783648
-26.299413306848738,153.4340724362347
-26.54750010155604,153.2621889305128
-26.79534280553653,153.0902931424547
-27.042937815524354,152.9183886052715
-27.290281548418065,152.74647882342657
-27.537370441389832,152.5745672724655
-27.78420095199188,152.40265739885103
-28.030769558260108,152.23075261980293
-28.277072758814967,152.05885632314255
-28.523107072959572,151.88697186714248
-28.76886904077505,151.7151025803808
-29.01435522321317,151.54325176160026
-29.259562202186192,151.3714226795723
-29.504486580654078,151.19961857296582
-29.74912498270892,151.0278426502206
-29.993474053656733,150.85609808942564
-30.237530460096522,150.68438803820212
-30.48129088999668,150.51271561359096
-30.724752052768764,150.34108390194524
-30.967910679338605,150.1694959588272
-31.21076352221476,149.99795480890984
-31.453307355554372,149.82646344588304
-31.695538975226444,149.65502483236438
-31.93745519887245,149.48364189981461
-32.17905286596443,149.3123175484574
-32.42032883786049,149.14105464720365
-32.661279997857775,148.9698560335805
-32.901903251242864,148.79872451366444
-33.14219552533965,148.62766286201918
-33.38215376955477,148.45667382163762
-33.621774955420435,148.28576010388844
-33.861056076634874,148.11492438846676
-34.099994149100276,147.9441693233494
-34.33858621095825,147.77349752475408
-34.57682932262293,147.60291157710324
-34.81472056681157,147.43241403299177
-35.052257048572834,147.26200741315907
-35.28943589531257,147.0916942064652
-35.526254256817346,146.92147686987133
-35.76270930527556,146.75135782842392
-35.998798235296185,146.58133947524334
-36.234518263925295,146.41142417151627
-36.46986663066016,146.24161424649228
-36.70484059746111,146.07191199748414
-36.939437448761176,145.90231968987226
-37.173654491473386,145.73283955711298
-37.407489054995864,145.5634738007506
-37.6409384912147,145.3942245904334
-37.87400017450464,145.2250940639333
-38.106671501727554,145.05608432716946
-38.33894989222875,144.88719745423535
-38.570832787831144,144.71843548742976
-38.80231765282729,144.54980043729122
-39.03340197396928,144.38129428263633
-39.26408326045659,144.21291897060135
-39.49435904392177,144.04467641668748
-39.724226878414164,143.87656850480974
-39.953684340381514,143.7085970873491
-40.1827290286496,143.54076398520817
-40.41135856439978,143.37307098787036
-40.6395705911447,143.20551985346225
-40.86736277470184,143.03811230881925
-41.0947328031653,142.87085004955472
-41.3216783868755,142.70373474013223
-41.54819725838706,142.536768013941
-41.77428717243479,142.36995147337458
-41.99994590589774,142.2032866899125
-42.22517125776146,142.0367752042052
-42.44996104907839,141.87041852616207
-42.67431312292644,141.70421813504208
-42.89822534436581,141.53817547954787
-43.121695600393984,141.3722919779226
-43.34472179989898,141.20656901804955
-43.56730187361088,141.04100795755465
-43.78943377405165,140.87561012391217
-44.01111547548323,140.71037681455257
-44.232344973853955,140.5453092969736
-44.453120286743335,140.3804088088539
-44.67343945330522,140.21567655816912
-44.893300534209274,140.05111372331106
-45.112701611580896,139.88672145320893
-45.331640788939595,139.72250086745356
-45.55011619113574,139.5584530564238
-45.768125964285844,139.3945790814155
-45.98566827570623,139.23087997477296
-46.20274131384535,139.06735674002286
-46.41934328821445,138.90401035201015
-46.63547242931695,138.74084175703663
-46.85112698857624,138.57785187300172
-47.06630523826217,138.41504158954527
-47.28100547141609,138.25241176819281
-47.495226001774505,138.0899632425028
-47.70896516369143,137.92769681821588
-47.92222131205934,137.7656132734066
-48.13499282222885,137.60371335863658
-48.3472780899271,137.44199779711036
-48.559075531174855,137.2804672848325
-48.770383582202314,137.11912249076704
-48.9812006993638,136.95796405699883
-49.191525359051056,136.7969925988965
-49.40135605760555,136.63620870527728
-49.61069131122941,136.47561293857365
-49.819529655895394,136.31520583500176
-50.02786964725557,136.15498790473129
-50.235709860548965,135.99495963205726
-50.443048890508095,135.8351214755733
-50.64988535126446,135.67547386834633
-50.856217876252906,135.51601721809317
-51.062045118115044,135.35675190735822
-51.26736574860159,135.19767829369286
-51.47217845847372,135.03879670983628
-51.67648195740352,134.88010746389742
-51.88027497387335,134.7216108395386
-52.083556255074406,134.56330709616034
-52.28632456680427,134.4051964690872
-52.48857869336363,134.2472791697553
-52.69031743745208,134.08955538590078
-52.89153962006308,133.9320252817493
-53.09224408037805,133.774688998207
-53.292429675659726,133.61754665305247
-53.49209528114459,133.46059834112938
-53.691239789934635,133.30384413454075
-53.88986211288829,133.14728408284375
-54.08796117851064,132.99091821324575
-54.28553593284291,132.83474653080097
-54.48258533935123,132.67876901860834
-54.67910837881474,132.52298563801014
-54.87510404921299,132.3673963287912
-55.07057136561272,132.21200100937924
-55.26550936005398,132.0567995770458
-55.45991708143564,131.90179190810784
-55.65379359540033,131.7469778581301
-55.84713798421875,131.59235726212816
-56.03994934667345,131.43792993477203
-56.232226797942076,131.28369567059045
-56.423969469480035,131.12965424417555
-56.615176508902714,130.9758054103883
-56.80584707986717,130.82214890456422
-56.99598036195333,130.66868444271987
-57.18557555054476,130.51541172175928
-57.37463185670899,130.3623304196814
-57.56314850707737,130.2094401957875
-57.751124743724596,130.05674069088897
-57.938559824047736,129.90423152751572
-58.125453020644976,129.75191231012454
-58.311803621193945,129.59978262530788
-58.49761092832972,129.4478420420029
-58.682874259522464,129.2960901117007
-58.867592946954815,129.14452636865573
-59.05176633739889,128.99315033009532
-59.235393792093106,128.84196149642938
-59.4184746866186,128.69095935146018
-59.601008410775556,128.5401433625924
-59.78299436845911,128.38951298104283
-59.964431977535185,128.23906764205054
-60.14532066971604,128.08880676508673
-60.32565989043562,127.9387297540647
-60.505449098724704,127.78883599754982
-60.68468776708601,127.63912486896936
-60.863375381368954,127.48959572682217
-61.04151144064439,127.3402479148884
-61.2190954570792,127.19108076243893
-61.396126955810736,127.04209358444483
-61.57260547482122,126.89328568178638
-61.748530564812,126.74465634146216
-61.92390178907769,126.59620483679764
-62.09871872338037,126.44793042765383
-62.27298095582362,126.29983236063536
-62.44668808672655,126.15190986929858
-62.619839728497844,126.004162174359
-62.79243550550965,125.85658848389875
-62.964475053971675,125.70918799357351
-63.13595802180508,125.56195988681908
-63.306884068516524,125.41490333505766
-63.47725286507217,125.26801749790354
-63.64706409377174,125.12130152336866
-63.81631744812265,124.9747545480675
-63.98501263271418,124.82837569742155
-64.15314936309167,124.68216408586353
-64.32072736563093,124.53611881704074
-64.48774637741253,124.3902389840182
-64.65420614609639,124.24452366948127
-64.82010642979635,124.09897194593756
-64.98544699695496,123.95358287591844
-65.15022762621825,123.80835551217993
-65.31444810631078,123.66328889790299
-65.47810823591077,123.51838206689337
-65.64120782352539,123.37363404378057
-65.80374668736619,123.22904384421646
-65.96572465522475,123.08461047507318
-66.12714156434845,122.9403329346403
-66.28799726131646,122.79621021282145
-66.44829160191594,122.6522412913302
-66.60802445101838,122.50842514388533
-66.7671956824562,122.36476073640539
-66.92580517889957,122.22124702720244
-67.08385283173337,122.07788296717528
-67.24133854093452,121.93466750000185
-67.39826221494938,121.79159956233082
-67.55462377057155,121.64867808397257
-67.71042313281981,121.5059019880894
-67.86566023481637,121.36327019138487
-68.02033501766533,121.22078160429247
-68.17444743033144,121.07843513116345
-68.32799742951917,120.93622967045398
-68.48098497955196,120.79416411491135
-68.63341005225188,120.65223735175941
-68.78527262681939,120.51044826288333
-68.93657268971369,120.36879572501333
-69.08731023453298,120.22727860990777
-69.23748526189537,120.08589578453532
-69.38709777931996,119.94464611125628
-69.53614780110814,119.80352844800302
-69.68463534822538,119.66254164845974
-69.8325604481832,119.52168456224116
-69.97992313492156,119.38095603507053
-70.12672344869154,119.24035490895656
-70.2729614359383,119.09988002236973
-70.4186371491845,118.95953021041751
-70.56375064691395,118.81930430501882
-70.70830199345556,118.67920113507756
-70.85229125886791,118.53921952665527
-70.99571851882376,118.3993583031428
-71.13858385449525,118.2596162854313
-71.28088735243931,118.11999229208206
-71.42262910448338,117.98048513949561
-71.56380920761168,117.84109364207984
-71.7044277638516,117.70181661241725
-71.8444848801606,117.56265286143125
-71.98398066831355,117.42360119855161
-72.12291524479015,117.28466043187886
-72.2612887306631,117.14582936834793
-72.39910125148637,117.0071068138908
-72.53635293718388,116.86849157359818
-72.67304392193871,116.7299824518803
-72.80917434408252,116.59157825262689
-72.94474434598544,116.453277779366
-73.0797540739463,116.31507983542213
-73.2142036780833,116.17698322407318
-73.34809331222495,116.03898674870685
-73.48142313380156,115.90108921297559
-73.614193303737,115.76328942095115
-73.74640398634082,115.62558617727782
-73.87805534920093,115.4879782873249
-74.00914756307647,115.35046455733827
-74.13968080179116,115.21304379459086
-74.2696552421271,115.07571480753242
-74.39907106371888,114.93847640593819
-74.5279284489481,114.80132740105671
-74.65622758283828,114.66426660575665
-74.78396865295022,114.52729283467282
-74.91115184927772,114.3904049043511
-75.03777736414364,114.25360163339256
-75.16384539209643,114.11688184259663
-75.28935612980712,113.98024435510328
-75.4143097759665,113.84368799653437
-75.53870653118291,113.70721159513404
-75.66254659788036,113.57081398190813
-75.78583018019698,113.43449399076275
-75.90855748388394,113.29825045864183
-76.03072871620478,113.16208222566392
-76.15234408583514,113.02598813525792
-76.27340380276284,112.8899670342979
-76.39390807818836,112.75401777323714
-76.51385712442588,112.61813920624104
-76.63325115480446,112.48233019131935
-76.75209038356984,112.34658959045734
-76.87037502578657,112.21091626974606
-76.98810529724055,112.07530909951177
-77.10528141434195,111.93976695444438
-77.22190359402852,111.80428871372507
-77.33797205366945,111.6688732611529
-77.45348701096941,111.53351948527057
-77.56844868387321,111.39822627948934
-77.68285729047074,111.26299254221287
-77.79671304890232,111.12781717696039
-77.91001617726455,110.99269909248876
-78.02276689351653,110.85763720291376
-78.13496541538643,110.7226304278304
-78.24661196027853,110.5876776924324
-78.35770674518068,110.45277792763072
-78.46824998657218,110.31793007017124
-78.578241900332,110.18313306275151
-78.68768270164757,110.04838585413654
-78.79657260492378,109.91368739927384
-78.90491182369259,109.7790366594075
-79.01270057052297,109.64443260219123
-79.11993905693124,109.50987420180081
-79.22662749329197,109.37536043904531
-79.3327660887491,109.24089030147763
-79.43835505112764,109.10646278350413
-79.54339458684582,108.97207688649316
-79.64788490082752,108.83773161888304
-79.75182619641528,108.70342599628876
-79.85521867528365,108.56915904160806
-79.95806253735314,108.43492978512653
-80.06035798070435,108.30073726462163
-80.16210520149279,108.16658052546617
-80.26330439386399,108.0324586207305
-80.36395574986922,107.89837061128401
-80.46405945938143,107.7643155658957
-80.5636157100119,107.63029256133379
-80.66262468702719,107.49630068246437
-80.76108657326658,107.36233902234923
-80.85900154906003,107.2284066823428
-80.95636979214655,107.09450277218791
-81.0531914775931,106.96062641011095
-81.14946677771398,106.82677672291585
-81.2451958619906,106.6929528460773
-81.34037889699182,106.55915392383284
-81.43501604629486,106.42537910927419
-81.52910747040653,106.29162756443752
-81.6226533266851,106.15789846039277
-81.71565376926263,106.02419097733205
-81.80810894896783,105.89050430465704
-81.90001901324945,105.75683764106545
-81.99138410610016,105.62319019463642
-82.08220436798096,105.48956118291505
-82.17247993574625,105.35594983299588
-82.26221094256924,105.2223553816053
-82.35139751786808,105.0887770751831
-82.4400397872325,104.95521416996289
-82.52813787235095,104.82166593205154
-82.61569189093848,104.68813163750761
-82.70270195666498,104.55461057241862
-82.78916817908423,104.42110203297752
-82.87509066356333,104.28760532555776
-82.96046951121296,104.15411976678767
-83.04530481881808,104.02064468362343
-83.12959667876935,103.88717941342112
-83.21334517899508,103.7537233040077
-83.29655040289404,103.62027571375079
-83.37921242926856,103.48683601162728
-83.46133133225874,103.35340357729105
-83.54290718127689,103.21997780113925
-83.62394004094298,103.08655808437759
-83.70442997102064,102.95314383908443
-83.78437702635387,102.81973448827372
-83.86378125680443,102.68632946595658
-83.94264270719006,102.5529282172019
-84.02096141722336,102.41953019819553
-84.09873742145147,102.28613487629836
-84.1759707491964,102.15274173010303
-84.25266142449624,102.01935024948943
-84.32880946604718,101.88595993567888
-84.40441488714619,101.75257030128707
-84.47947769563463,101.61918087037557
-84.55399789384266,101.48579117850213
-84.62797547853448,101.35240077276947
-84.70141044085435,101.21900921187286
-84.77430276627365,101.08561606614616
-84.84665243453867,100.95222091760657
-84.91845941961931,100.81882335999781
-84.98972368965875,100.68542299883198
-85.06044520692404,100.5520194514299
-85.1306239277576,100.41861234695995
-85.20025980252963,100.28520132647535
-85.26935277559166,100.15178604294998
-85.33790278523085,100.01836616131266
-85.40590976362557,99.88494135847976
-85.47337363680171,99.75151132338625
-85.54029432459026,99.61807575701518
-85.60667174058588,99.48463437242538
-85.67250579210646,99.35118689477765
-85.7377963801539,99.21773306135917
-85.80254339937589,99.08427262160617
-85.8667467380289,98.95080533712488
-85.93040627794227,98.8173309817107
-85.99352189448351,98.68384934136564
-86.05609345652468,98.55036021431388
-86.11812082641009,98.4168634110154
-86.1796038599252,98.28335875417788
-86.24054240626667,98.14984607876671
-86.3009363080138,98.01632523201286
-86.36078540110117,97.88279607341904
-86.42008951479255,97.74925847476372
-86.47884847165625,97.61571232010323
-86.5370620875417,97.48215750577168
-86.59473017155744,97.34859394037908
-86.65185252605052,97.21502154480696
-86.70842894658713,97.08144025220227
-86.76445922193501,96.94785000796885
-86.81994313404691,96.81425076975681
-86.8748804580457,96.68064250744968
-86.92927096221106,96.5470252031493
-86.98311440796748,96.4133988511585
-87.03641054987392,96.27976345796131
-87.08915913561498,96.14611904220098
-87.14135990599365,96.0124656346556
-87.19301259492562,95.87880327821122
-87.24411692943528,95.74513202783268
-87.29467262965325,95.6114519505318
-87.34467940881571,95.47776312533327
-87.39413697326526,95.34406564323784
-87.44304502245357,95.21035960718302
-87.49140324894576,95.07664513200125
-87.53921133842644,94.94292234437519
-87.58646896970762,94.80919138279077
-87.63317581473837,94.67545239748715
-87.67933153861618,94.54170555040415
-87.72493579960037,94.40795101512694
-87.76998824912717,94.27418897682789
-87.81448853182667,94.14041963220556
-87.85843628554183,94.00664318942098
-87.90183114134919,93.87285986803089
-87.94467272358168,93.73906989891816
-87.98696064985322,93.60527352421931
-88.02869453108549,93.47147099724894
-88.06987397153651,93.33766258242123
-88.11049856883133,93.20384855516835
-88.1505679139947,93.07002920185595
-88.19008159148585,92.93620481969533
-88.22903917923523,92.80237571665273
-88.2674402486835,92.66854221135527
-88.30528436482237,92.53470463299381
-88.34257108623788,92.40086332122257
-88.37929996515548,92.26701862605557
-88.41547054748754,92.13317090775975
-88.45108237288282,91.99932053674475
-88.4861349747783,91.86546789344953
-88.520627880453,91.73161336822557
-88.55456061108427,91.5977573612166
-88.58793268180602,91.46390028223512
-88.62074360176939,91.33004255063541
-88.65299287420564,91.19618459518315
-88.68467999649117,91.0623268539215
-88.71580446021501,90.92846977403381
-88.74636575124843,90.7946138117028
-88.77636334981689,90.66075943196617
-88.80579673057433,90.52690710856875
-88.83466536267976,90.39305732381102
-88.86296870987606,90.25921056839424
-88.89070623057128,90.12536734126171
-88.91787737792214,89.99152814943666
-88.94448159991987,89.85769350785651
-88.97051833947845,89.72386393920341
-88.99598703452513,89.5900399737312
-89.02088711809333,89.45622214908873
-89.04521801841784,89.3224110101396
-89.06897915903244,89.18860710877806
-89.0921699588697,89.05481100374142
-89.1147898323634,88.92102326041876
-89.13683818955293,88.78724445065593
-89.15831443619034,88.65347515255681
-89.17921797384952,88.51971595028112
-89.19954820003775,88.38596743383833
-89.21930450830963,88.25223019887802
-89.23848628838324,88.11850484647658
-89.25709292625852,87.98479198292019
-89.27512380433821,87.85109221948419
-89.29257830155066,87.71740617220887
-89.3094557934753,87.58373446167153
-89.32575565247001,87.45007771275496
-89.34147724780095,87.31643655441238
-89.35661994577448,87.18281161942869
-89.37118310987134,87.04920354417827
-89.38516610088287,86.91561296837914
-89.3985682770495,86.78204053484365
-89.41138899420142,86.64848688922568
-89.42362760590106,86.51495267976432
-89.43528346358802,86.38143855702411
-89.44635591672571,86.24794517363195
-89.45684431295027,86.11447318401049
-89.46674799822121,85.98102324410833
-89.47606631697433,85.84759601112671
-89.48479861227621,85.71419214324314
-89.49294422598085,85.58081229933161
-89.500502498888,85.44745713867972
-89.5074727709034,85.31412732070265
-89.51385438120079,85.18082350465394
-89.51964666838543,85.04754634933335
-89.52484897065973,84.91429651279154
-89.52946062599005,84.78107465203206
-89.53348097227551,84.64788142271014
-89.53690934751802,84.51471747882887
-89.53974508999404,84.38158347243247
-89.54198753842772,84.24848005329696
-89.54363603216531,84.11540786861801
-89.54468991135118,83.98236756269638
-89.5451485171049,83.84935977662072
-89.54501119169966,83.71638514794793
-89.54427727874186,83.58344431038122
-89.54294612335178,83.45053789344576
-89.54101707234535,83.31766652216218
-89.53848947441693,83.1848308167179
-89.53536268032293,83.05203139213633
-89.53163604306643,82.91926885794418
-89.52730891808245,82.78654381783684
-89.52238066342417,82.6538568693419
-89.5168506399495,82.52120860348093
-89.51071821150859,82.38859960442976
-89.50398274513158,82.25603044917706
-89.49664361121702,82.12350170718159
-89.48870018372045,81.99101394002793
-89.4801518403435,81.85856770108118
-89.47099796272295,81.72616353514042
-89.46123793662032,81.59380197809091
-89.45087115211105,81.46148355655575
-89.4398970037741,81.32920878754629
-89.42831489088118,81.19697817811212
-89.41612421758589,81.06479222499016
-89.40332439311261,80.9326514142535
-89.38991483194506,80.80055622095958
-89.37589495401441,80.66850710879828
-89.3612641848868,80.53650452973969
-89.34602195595049,80.40454892368186
-89.33016770460195,80.27264071809867
-89.31370087443158,80.14078032768771
-89.29662091540831,80.0089681540186
-89.27892728406331,79.87720458518166
-89.26061944367264,79.74548999543705
-89.24169686443882,79.61382474486467
-89.22215902367113,79.48220917901475
-89.2020054059646,79.35064362855931
-89.18123550337766,79.21912840894474
-89.15984881560814,79.08766382004546
-89.13784485016787,78.95625014581883
-89.11522312255542,78.82488765396144
-89.09198315642725,78.69357659556698
-89.06812448376678,78.56231720478573
-89.04364664505177,78.43110969848576
-89.01854918941932,78.2999542759161
-88.99283167482906,78.16885111837186
-88.96649366822389,78.03780038886156
-88.93953474568848,77.90680223177668
-88.91195449260535,77.77585677256361
-88.8837525038084,77.64496411739815
-88.8549283837339,77.51412435286258
-88.82548174656885,77.38333754562562
-88.79541221639636,77.25260374212513
-88.76471942733836,77.12192296825397
-88.73340302369539,76.99129522904883
-88.70146266008312,76.86072050838241
-88.66889800156602,76.73019876865905
-88.63570872378763,76.59972995051363
-88.60189451309768,76.46931397251424
-88.56745506667569,76.33895073086858
-88.53239009265127,76.20864009913403
-88.4966993102208,76.0783819279319
-88.46038244976047,75.9481760446655
-88.42343925293572,75.81802225324257
-88.3858694728068,75.68792033380184
-88.34767287393066,75.55787004244402
-88.30884923245868,75.42787111096735
-88.26939833623062,75.29792324660752
-88.22931998486442,75.16802613178257
-88.18861398984187,75.03817942384224
-88.14728017459014,74.90838275482243
-88.10531837455892,74.77863573120455
-88.06272843729343,74.64893793367987
-88.01951022250286,74.51928891691907
-87.97566360212448,74.38968820934699
-87.93118846038317,74.26013531292267
-87.88608469384646,74.13062970292481
-87.84035221147487,74.00117082774264
-87.79399093466768,73.87175810867232
-87.74700079730391,73.74239093971907
-87.69938174577855,73.61306868740468
-87.65113373903402,73.48379069058107
-87.6022567485867,73.35455626024945
-87.55275075854863,73.22536467938535
-87.50261576564425,73.09621520276957
-87.45185177922221,72.96710705682514
-87.40045882126205,72.83803943946013
-87.34843692637605,72.70901151991664
-87.29578614180579,72.58002243862583
-87.24250652741374,72.45107130706897
-87.18859815566975,72.32215720764485
-87.13406111163236,72.1932791935431
-87.07889549292484,72.06443628862395
-87.02310140970631,71.9356274873041
-86.9666789846374,71.80685175444883
-86.90962835284081,71.67810802527038
-86.85194966185672,71.54939520523263
-86.79364307159288,71.42071216996204
-86.73470875426943,71.29205776516486
-86.67514689435863,71.16343080655052
-86.61495768851923,71.03483007976159
-86.55414134552561,70.9062543403096
-86.49269808619181,70.77770231351747
-86.43062814329015,70.64917269446786
-86.36793176146482,70.52066414795814
-86.30460919714007,70.39217530846105
-86.24066071842343,70.26370478009201
-86.17608660500355,70.1352511365822
-86.11088714804299,70.00681292125796
-86.04506265006584,69.87838864702617
-85.97861342484029,69.74997679636567
-85.91153979725594,69.62157582132463
-85.84384210319627,69.49318414352386
-85.77552068940585,69.36480015416603
-85.70657591335275,69.23642221405066
-85.63700814308578,69.10804865359485
-85.566817757087,68.97967777285974
-85.49600514411908,68.85130784158267
-85.42457070306808,68.7229370992147
-85.35251484278116,68.59456375496383
-85.27983798189966,68.46618598784343
-85.20654054868734,68.3378019467262
-85.1326229808541,68.20940975040317
-85.05808572537477,68.08100748764802
-84.98292923830367,67.95259321728635
-84.90715398458428,67.82416496826995
-84.83076043785469,67.6957207397561
-84.75374908024841,67.56725850119136
-84.67612040219092,67.43877619240028
-84.5978749021919,67.31027172367865
-84.51901308663308,67.1817429758911
-84.43953546955197,67.05318780057311
-84.35944257242149,66.92460402003744
-84.27873492392531,66.7959894274844
-84.19741305972944,66.66734178711634
-84.11547752224959,66.53865883425603
-84.03292886041486,66.4099382754687
-83.94976762942733,66.28117778868787
-83.86599439051824,66.15237502334458
-83.78160971070008,66.02352760050016
-83.69661416251533,65.89463311298213
-83.61100832378148,65.76568912552342
-83.52479277733259,65.63669317490435
-83.43796811075745,65.50764277009775
-83.35053491613431,65.37853539241657
-83.26249378976233,65.24936849566437
-83.17384533188988,65.12013950628796
-83.08459014643957,64.99084582353258
-82.99472884073023,64.86148481959924
-82.90426202519592,64.7320538398039
-82.81319031310196,64.60255020273883
-82.721514320258,64.47297120043552
-82.62923466472841,64.34331409852919
-82.53635196653985,64.21357613642485
-82.44286684738623,64.08375452746459
-82.34877993033086,63.95384645909608
-82.25409183950643,63.82384909304198
-82.15880319981213,63.69375956547028
-82.06291463660865,63.56357498716536
-81.96642677541068,63.4332924436995
-81.86934024157719,63.30290899560494
-81.77165565999957,63.17242167854601
-81.67337365478745,63.04182750349151
-81.57449484895267,62.911123456886926
-81.47501986409098,62.78030650082651
-81.37494932006206,62.649373573224956
-81.27428383466736,62.51832158798852
-81.17302402332633,62.387147435185554
-81.07117049875072,62.25584798121619
-80.96872387061727,62.12442006898102
-80.86568474523864,61.9928605180486
-80.76205372523275,61.86116612482185
-80.65783140919065,61.72933366270278
-80.55301839134275,61.597359882255844
-80.44761526122359,61.46524151136942
-80.34162260333542,61.33297525541545
-80.23504099681014,61.200557797407015
-80.12787101507004,61.067985798153785
-80.02011322548735,60.935255896415065
-79.91176818904239,60.80236470905034
-79.80283645998068,60.66930883116722
-79.69331858546883,60.53608483626664
-79.5832151052493,60.40268927638499
-79.47252655129411,60.269118682233305
-79.36125344745761,60.135369563333164
-79.24939630912797,60.001438408149205
-79.136955642878,59.86732168421813
-79.02393194611471,59.733015838274106
-78.9103257067283,59.59851729637021
-78.79613740273982,59.463822463996166
-78.68136750194833,59.328927726191694
-78.56601646157695,59.193829447655894
-78.45008472791821,59.058523972852115
-78.33357273597845,58.92300762610833
-78.21648090912144,58.78727671171286
-78.0988096587113,58.65132751400534
-77.98055938375443,58.51515629746275
-77.86173047054075,58.378759306780324
-77.74232329228424,58.24213276694733
-77.6223382087625,58.10527288331747
-77.50177556595567,57.96817584167384
-77.38063569568449,57.83083780828827
-77.2589189152476,57.69325492997487
-77.13662552705803,57.555423334137814
-77.01375581827875,57.417339128813055
-76.89031006045771,57.27899840270384
-76.76628850916164,57.140397225210144
-76.6416914036093,57.00153164645146
-76.51651896630368,56.862397697283285
-76.39077140266335,56.72299138930676
-76.26444890065292,56.583308714871706
-76.1375516304124,56.443345647072526
-76.01007974388578,56.30309813973728
-75.88203337444841,56.162562127409394
-75.75341263653341,56.02173352532221
-75.62421762525696,55.88060822936599
-75.49444841604242,55.73918211604742
-75.36410506424335,55.597451042441385
-75.23318760476518,55.455410846135
-75.10169605168575,55.313057345163564
-74.9696303978744,55.17038633793854
-74.83699061460962,55.02739360316726
-74.70377665119545,54.88407489976438
-74.56998843457623,54.74042596675473
-74.43562586894973,54.5964425231677
-74.3006888353788,54.45212026792281
-74.16517719140118,54.307454879706455
-74.02909077063757,54.16244201683964
-73.89242938239782,54.01707731713659
-73.75519281128524,53.871356397754084
-73.61738081679879,53.72527485503144
-73.47899313293325,53.57882826432087
-73.34002946777714,53.43201217980829
-73.20048950310839,53.28482213432418
-73.06037289398755,53.13725363914461
-72.91967926834862,52.989302183782094
-72.77840822658729,52.84096323576623
-72.63655934114631,52.69223224041398
-72.49413215609835,52.543104620589375
-72.35112618672565,52.3935757764526
-72.20754091909696,52.24364108519816
-72.063375809641,52.09329590078218
-71.91863028471698,51.942535553638436
-71.77330374018142,51.7913553503832
-71.62739554095171,51.63975057350856
-71.48090502056581,51.48771648106415
-71.33383148073834,51.335248306327074
-71.18617419091255,51.182341257459875
-71.03793238780834,51.0289905171564
-70.88910527496601,50.87519124227534
-70.73969202228565,50.72093856346128
-70.58969176556191,50.56622758475307
-70.43910360601419,50.41105338317943
-70.28792660981185,50.25541100834139
-70.1361598075945,50.09929548198162
-69.983802193987,49.94270179754018
-69.83085272710905,49.78562491969681
-69.67731032807932,49.628059783899204
-69.52317388051368,49.470001295877374
-69.3684422300176,49.31144433114364
-69.21311418367239,49.152383734478185
-69.05718850951493,48.99281431939988
-68.9006639360111,48.832730867622125
-68.74353915152224,48.672128128493554
-68.58581280376472,48.511000818423256
-68.42748349926227,48.34934362029036
-68.26854980279082,48.18715118283763
-68.10901023681579,48.02441812004892
-67.94886328092143,47.86113901051009
-67.78810737123192,47.69730839675323
-67.62674089982414,47.532920784583844
-67.46476221413184,47.367970642390695
-67.30216961634068,47.20245240043803
-67.13896136277431,47.036360450139924
-66.97513566327088,46.86968914331635
-66.81069068054973,46.70243279143068
-66.64562452956818,46.53458566480834
-66.47993527686789,46.366141991836194
-66.31362093991058,46.197095958142384
-66.14667948640287,46.027441705756196
-65.97910883360976,45.85717333224768
-65.81090684765663,45.68628488984652
-65.6420713428192,45.51477038453988
-65.47260008080131,45.3426237751488
-65.30249077000015,45.169838972382664
-65.13174106475824,44.996409837871425
-64.9603485646025,44.82233018317507
-64.78831081346917,44.64759376876993
-64.61562529891506,44.472194303011385
-64.44228945131398,44.296125441072434
-64.2683006430385,44.11938078385774
-64.09365618762628,43.94195387689258
-63.91835333893083,43.76383820918626
-63.74238929025601,43.585027212069384
-63.56576117347399,43.40551425800457
-63.388466058126205,43.225292659369956
-63.21050095050678,43.04435566721496
-63.03186279272799,42.862696469987746
-62.85254846176736,42.680308192233824
-62.672554768495665,42.49718389326505
-62.49187845668562,42.313316565798566
-62.31051620200057,42.1286991345649
-62.128464610962695,41.94332445488468
-61.945720219900124,41.75718531121321
-61.762279493872555,41.57027441565222
-61.578138825574634,41.382584406428116
-61.393294534216686,41.194107846336
-61.20774286438204,41.004837221148655
-61.02147998486052,40.81476493798977
-60.83450198745725,40.623883323670675
-60.646804885776426,40.43218462298964
-60.458384613979135,40.239660996993024
-60.26923702551477,40.046304521197456
-60.0793578918252,39.85210718377199
-59.888742901021146,39.65706088367961
-59.69738765652997,39.46115742877697
-59.50528767571415,39.264388533871546
-59.312438388459775,39.066745818735185
-59.11883513573424,38.86822080607316
-58.92447316811243,38.668804919447645
-58.72934764427056,38.468489481154634
-58.53345362944691,38.267265710053294
-58.33678609386866,38.06512471934666
-58.13933991114395,37.86205751431257
-57.94110985661829,37.65805498998375
-57.742090605694635,37.453107928776
-57.54227673211604,37.247206998063206
-57.34166270621016,37.04034274769806
-57.1402428930946,36.832505607477366
-56.93801155084225,36.62368588455059
-56.734962828605696,36.413873760770606
-56.53109076469969,36.20305928998514
-56.32638928464081,35.99123239526796
-56.12085219914328,35.77838286608817
-55.91447320207001,35.56450035541671
-55.7072458683379,35.34957437676834
-55.4991636517763,35.133594301178114
-55.290219882937784,34.91654935411082
-55.08040776686009,34.69842861230212
-54.86972038077835,34.47922100052996
-54.65815067178639,34.258915288314995
-54.44569145444642,34.037500086548604
-54.232335408345726,33.81496384404715
-54.018075075599604,33.59129484403111
-53.80290285829951,33.36648120052779
-53.58681101590533,33.14051085469622
-53.36979166258093,32.913371571073014
-53.15183676447189,32.68505093373779
-52.93293813692462,32.455536342397
-52.71308744164593,32.22481500838481
-52.49227618380205,31.992873950580048
-52.27049570905644,31.759699991237927
-52.04773720054549,31.525279751735486
-51.82399167579141,31.289599648229867
-51.599249983551644,31.052645887228373
-51.37350280060413,30.814404461069582
-51.14674062846796,30.574861143314717
-50.918953790058936,30.334001484048727
-50.69013242627969,30.091810805090585
-50.4602664925441,29.848274195112484
-50.229345755235954,29.60337650466777
-49.99735978810182,29.35710234112773
-49.76429796857835,29.10943606352736
-49.530149474054326,28.860361777320726
-49.294903278068034,28.609863329046608
-49.05854814644067,28.357924300905488
-48.82107263334688,28.10452800524927
-48.582465077323505,27.849657478985463
-48.34271359721825,27.593295477897886
-48.101806088080075,27.335424470886604
-47.85973021699344,27.076026634130002
-47.61647341885915,26.81508384517266
-47.372022892124654,26.552577676943205
-47.1263655944675,26.288489391706907
-46.879488238435655,26.0227999349586
-46.63137728704959,25.755489929262204
-46.38201894937106,25.48653966804403
-46.13139917604457,25.215929109347975
-45.87950365481808,24.943637869561694
-45.626317806050444,24.669645217124113
-45.37182677821377,24.393930066225646
-45.11601544340016,24.11647097051409
-44.85886839284302,23.837246116820427
-44.60036993246459,23.556233318920548
-44.340504078462345,23.273410011350542
-44.07925455294866,22.988753243295232
-43.81660477965922,22.702239672571697
-43.55253787974758,22.41384555973177
-43.287036667685186,22.123546762310095
-43.02008364728774,21.831318729247016
-42.75166100789132,21.5371364955185
-42.481750620703785,21.2409746770086
-42.2103340353596,20.94280746566347
-41.93739247670893,20.642608624969743
-41.662906841874914,20.340351485804273
-41.38685769761614,20.03600894270683
-41.10922527803516,19.729553450632086
-40.82998948267727,19.420957022242785
-40.549129875068424,19.11019122581157
-40.266625681745275,18.797227183805354
-39.982455791835406,18.48203557223285
-39.69659875725095,18.16458662084318
-39.4090327935647,17.84485011427153
-39.11973578164357,17.522795394236258
-38.828685270121476,17.198391362901187
-38.53585847880014,16.871606487526794
-38.24123230307465,16.5424088065446
-37.944783319488394,16.210765937200772
-37.64648779253103,15.876645084927096
-37.346321682802746,15.540013054610908
-37.04426065667778,15.200836263949563
-36.74028009761153,14.859080759090252
-36.43435511924654,14.514712232771949
-36.12646058048525,14.167696045203408
-35.81657110271019,13.817997247929215
-35.50466108934572,13.465580610954921
-35.1907047479702,13.110410653422429
-34.874676115202064,12.75245167814781
-34.556549084599126,12.391667810355676
-34.23629743782674,12.028023040966943
-33.9138948793669,11.661481274820376
-33.589315075057755,11.292006384232158
-33.262531694770196,10.919562268322265
-32.93351845954554,10.54411291856073
-32.602249193535776,10.16562249101121
-32.26869788110428,9.78405538577288
-31.93283872946134,9.399376334144295
-31.594646237223216,9.011550494053752
-31.254095269297093,8.620543554319443
-30.911161138504838,8.226321848318202
-30.565819694366862,7.828852477653329
-30.218047419471606,7.428103446418508
-29.867821533856418,7.024043806655183
-29.515120107819804,6.616643815593391
-29.15992218357307,6.20587510524956
-28.802207906119396,5.791710864927325
-28.441958663719188,5.374126037127041
-28.07915723826064,4.953097527314405
-27.71378796580226,4.528604427926005
-27.345836907487698,4.1006282568974
-26.975292030951113,3.6691532108848803
-26.60214340223134,3.234166433212826
-26.22638338809367,2.795658296411945
-25.84800686851723,2.353622699017221
-25.467011458942277,1.9080573760657582
-25.0833977416836,1.458964222472061
-24.697169505702966,1.0063496281601714
-24.308333993694532,0.5502248234978425
-23.91690215517244,0.0906062332078359
-23.522888903960812,-0.3724841634730783
-23.126313378174846,-0.8390184690528434
-22.727199200451146,-1.30896250358884
-22.325574735840625,-1.7822754436499626
-21.92147334442444,-2.2589094685418005
-21.514933625360865,-2.73880941839508
-21.105999648728393,-3.2219124691980463
-20.69472117120964,-3.7081478303036204
-20.281153831375313,-4.197436470343065
-19.86535932009252,-4.689690877808362
-19.44740552141347,-5.184814862802876
-19.02736661921591,-5.682703406580384
-18.605323164882403,-6.183242565472471
-18.18136210143778,-6.686309435621262
-17.75557673982705,-7.191772184568432
-17.328066683420733,-7.69949015518684
-16.89893769738822,-8.209314046667883
-16.468301520284214,-8.721086176293221
-16.03627561604383,-9.234640824529993
-15.60298286556769,-9.749804664610084
-15.16855119817957,-10.266397276212802
-14.733113164430163,-10.78423174120366
-14.29680545296741,-11.303115317636584
-13.859768355457167,-11.822850186458112
-13.42214518477397,-12.343234263621627
-12.98408165284394,-12.8640620686921
-12.545725215564113,-13.385125639562126
-12.107224393101236,-13.90621548166936
-11.668728074550033,-14.427121539157193
-11.230384816375464,-14.947634174797745
-10.792342144255112,-15.467545145227623
-10.354745867866978,-15.986648558145971
-9.917739417836843,-16.50474179858759
-9.48146321348258,-17.02162641219139
-9.046054069195115,-17.537108934501
-8.611644646311566,-18.051001656712042
-8.178362956206936,-18.563123319861177
-7.746331919102045,-19.07329973117148
-7.315668981805152,-19.581364298060652
-6.886485796319232,-20.08715847711694
-6.458887959999565,-20.59053213709293
-6.032974816775354,-21.09134383660495
-5.608839317885691,-21.589461018712964
-5.186567939648202,-22.08476012585854
-4.766240654994117,-22.57712663973485
-4.347930954874389,-23.066455051541187
-3.931705915169147,-23.552648768733505
-3.517626304412236,-24.035619964829095
-3.1057467274638366,-24.515289379071643
-2.696115800213666,-24.99158607283179
-2.2887763504585443,-25.464447149530724
-1.883765640253741,-25.933817444655173
-1.4811156052692005,-26.39964919210649
-1.0808531069719955,-26.861901672719483
-0.6830001937884305,-27.320540850321066
-0.28757436775814665,-27.775539000196048
0.10541114643495599,-28.22687433430594
0.49594713279539365,-28.674530627082113
0.8840281180849947,-29.118496845100314
1.2696521106471588,-29.55876678344907
1.6528203456719854,-29.99533871113838
2.0335370382778897,-30.428215027461995
2.4118091455017034,-30.857401930830477
2.7876461380332063,-31.282909101234882
3.161059782301883,-31.70474939718239
3.532063933323006,-32.122938567665365
3.900674338535853,-32.537494979482396
4.266908452717539,-32.94843936002171
4.630785263929743,-33.35579455544176
4.992325130350656,-33.759585304037714
5.351549627758706,-34.159838024463326
5.708481407365977,-34.556580618382476
6.06314406364575,-34.949842287050394
6.415562011758351,-35.339653361269065
6.765760374150715,-35.72604514412138
7.113764875886021,-36.10904976586281
7.459601748249103,-36.488700050334586
7.803297640169499,-36.86502939225763
8.144879537005957,-37.23807164476951
8.484374686242742,-37.60786101657608
8.8218105296584,-37.9744319781043
9.15721464154075,-38.3378191760611
9.490614672537223,-38.69805735582504
9.822038298746671,-39.055181291121215
10.151513175676701,-39.40922572045528
10.479066896709401,-39.76022528980879
10.80472695573733,-40.10821450112458
11.128520713650708,-40.453227666137984
11.450475368375676,-40.795298865135706
11.770617928182027,-41.13446191025055
12.08897518799681,-41.47075031292517
12.405573708477672,-41.80419725520233
12.720439797616468,-42.1348355645228
13.0335994946597,-42.46269769173394
13.34507855614751,-42.78781569203357
13.654902443887329,-43.11022120859367
13.96309631469197,-43.42994545862742
14.269685011724626,-43.747019221681015
14.574693057305334,-44.06147282994828
14.878144647044708,-44.37333616042202
15.18006364518126,-44.68263862871057
15.480473581008356,-44.98940918436153
15.779397646286169,-45.293676307547706
16.076858693542274,-45.595468006981854
16.37287923517255,-45.894811818937754
16.667481443261316,-46.19173480726558
16.960687150046365,-46.48626356429861
17.252517848960878,-46.77842421255724
17.54299469618991,-47.068242407164135
17.832138512684526,-47.35574333889196
18.11996978658154,-47.64095173777176
18.406508675981403,-47.923891877196404
18.691775012040903,-48.20458757845947
18.975788302341194,-48.483062215674956
19.258567734495212,-48.759338721028485
19.540132179961823,-49.03343959031474
19.820500198036893,-49.30538688872044
20.09969003999439,-49.57520225681555
20.377719653352973,-49.842906916719215
20.654606686245952,-50.108521678409865
20.93036849187448,-50.372066946152025
21.20502213302591,-50.63356272501489
21.47858438664092,-50.89302862746028
21.751071748414642,-51.15048387997974
22.022500437418536,-51.405947329762654
22.29288640073111,-51.65943745137916
22.562245318066758,-51.91097235346312
22.83059260639322,-52.16056978538231
23.09794342452907,-52.40824714388406
23.3643126777137,-52.65402147970626
23.629715022143035,-52.897909504144266
23.894164869465094,-53.13992759556602
24.157676391230048,-53.38009180586806
24.420263523290284,-53.61841786686632
24.681939970146438,-53.85492119661633
24.942719209235918,-54.089616905658225
25.202614495160926,-54.32251980318243
25.4616388638535,-54.55364440311283
25.719805136675326,-54.7830049301045
25.977125924450633,-55.010615325453614
26.233613631430668,-55.23648925291778
26.48928045918861,-55.460640104445154
26.744138410444016,-55.683081005811346
26.99819929281614,-55.90382482216323
27.251474722505723,-56.1228841634692
27.50397612790498,-56.34027138987563
27.75571475313571,-56.55599861696951
28.006701661515656,-56.77007772094748
28.256947738953297,-56.982520343691625
28.506463697271453,-57.19333789775269
28.755260077460147,-57.40254157124127
29.003347252859292,-57.61014233262795
29.250735432271853,-57.8161509354532
29.49743466300816,-58.02057792294828
29.74345483386224,-58.22343363256803
29.988805678020935,-58.42472820043704
30.23349677590672,-58.62447156571019
30.47753755795519,-58.82267347484908
30.720937307328157,-59.01934348581571
30.963705162563315,-59.214490972184706
31.205850120161617,-59.40812512717561
31.447381037113292,-59.60025496760675
31.68830663336363,-59.79088933777201
31.928635494219588,-59.98003691324213
32.1683760726983,-60.16770620459205
32.4075366918186,-60.35390556105562
32.64612554683659,-60.53864317410937
32.88415070742646,-60.721927080986745
33.12162011980745,-60.903765168124316
33.358541608818356,-61.08416517454142
33.594922879940235,-61.26313469515468
33.83077152126882,-61.44068118402897
34.066095005437354,-61.61681195756606
34.30090069149112,-61.79153419763253
34.535195826714634,-61.964854954628294
34.76898754841245,-62.13678115049705
35.00228288564476,-62.307319581680055
35.23508876091867,-62.4764769220146
35.46741199183617,-62.644259725578344
35.69925929269982,-62.810674429480954
35.930637276076986,-62.97572735660421
36.161552454323775,-63.139424718291814
36.39201124106943,-63.30177261699007
36.62201995266212,-63.4627770488407
36.85158480957715,-63.622443906226884
37.080711937788294,-63.780778980273666
37.3094073701033,-63.93778796330376
37.53767704746428,-64.09347645124994
37.76552682021385,-64.2478499460249
37.99296244932798,-64.40091385784989
38.21998960761615,-64.55267350754264
38.4466138808897,-64.7031341287661
38.67284076909927,-64.85230087023841
38.89867568744184,-65.00017879790543
39.124123967438365,-65.14677289707647
39.34919085798256,-65.29208807452413
39.57388152636169,-65.43612916054919
39.79820105924995,-65.57890091101116
40.02215446367521,-65.72040800932557
40.2457466679598,-65.8606550684285
40.46898252263597,-65.99964663270914
40.69186680133663,-66.13738717991133
40.91440420166217,-66.27388112300437
41.136599346023836,-66.40913281202424
41.35845678246429,-66.54314653588548
41.579980985456075,-66.67592652416461
41.801176356678475,-66.80747694885558
42.02204722577335,-66.93780192609793
42.2425978510806,-67.06690551787818
42.462832420353706,-67.19479173370493
42.68275505145599,-67.32146453225835
42.90236979303813,-67.44692782301448
43.12168062519735,-67.57118546784488
43.34069146011898,-67.69424128259205
43.55940614270073,-67.81609903862098
43.77782845116029,-67.9367624643477
43.995962097626695,-68.05623524674465
44.21381072871598,-68.17452103282373
44.43137792609155,-68.29162343109724
44.64866720700975,-68.40754601301708
44.86568202485115,-68.52229231439267
45.08242576963786,-68.63586583678777
45.29890176853754,-68.74827004889671
45.515113286354264,-68.85950838790023
45.73106352600689,-68.96958426080124
45.94675562899528,-69.07850104574085
46.1621926758547,-69.18626209329484
46.37737768659901,-69.29287072775101
46.59231362115282,-69.39833024836739
46.80700337977315,-69.50264393061182
47.02144980346092,-69.60581502738299
47.235655674362675,-69.70784677021304
47.44962371616296,-69.80874237045225
47.663356594467565,-69.90850502043567
47.87685691717821,-70.00713789463201
48.090127234858855,-70.10464415077503
48.30317004109407,-70.20102693097749
48.515987772839814,-70.29628936282782
48.728582810766916,-70.3904345604696
48.94095747959762,-70.48346562566431
49.153114048435555,-70.57538564883684
49.365054731089344,-70.6661977101046
49.576781686390355,-70.75590488028975
49.78829701850468,-70.84451022191502
49.99960277723986,-70.93201679018297
50.21070095834649,-71.01842763393903
50.421593503815195,-71.10374579661807
50.63228230216896,-71.18797431717496
50.84276918875151,-71.27111623099876
51.053055946011646,-71.35317457081096
51.26314430378403,-71.4341523675477
51.47303593956668,-71.51405265122584
51.682732478795316,-71.5928784517933
51.89223549511495,-71.67063279996327
52.10154651064897,-71.74731872803271
52.31066699626582,-71.82293927068498
52.51959837184377,-71.8974974657765
52.728342006533765,-71.97099635510784
52.93689921902084,-72.0434389851789
53.14527127778407,-72.11482840792826
53.35345940135557,-72.185167681457
53.56146475857849,-72.25445987073654
53.76928846886443,-72.32270804830091
53.97693160245043,-72.38991529492318
54.18439518065567,-72.45608470027632
54.3916801761382,-72.52121936357814
54.59878751315181,-72.5853223942207
54.805718067803326,-72.64839691238384
55.0124726683104,-72.71044604963316
55.21905209526009,-72.77147294950211
55.42545708186836,-72.83148076805848
55.631688314240684,-72.89047267445513
55.837746431633946,-72.94845185146492
56.0436320267197,-73.0054214960001
56.249345645849125,-73.06138481961575
56.45488778931971,-73.11634504899772
56.660258911643794,-73.17030542643457
56.865459421819224,-73.22326921027408
57.07048968360214,-73.27523967536386
57.27535001578216,-73.32622011347634
57.48004069245995,-73.37621383371791
57.68456194332741,-73.4252241629226
57.88891395395055,-73.47325444602984
58.093096866055184,-73.52030804644674
58.29711077781555,-73.56638834639462
58.50095574414594,-73.61149874723985
58.70463177699548,-73.65564266980927
58.9081388456461,-73.69882355468982
59.11147687701384,-73.74104486251282
59.31464575595351,-73.78231007422245
59.51764532556683,-73.8226226913291
59.720475387514156,-73.86198623614692
59.92313570232976,-73.90040425201624
60.12562598974073,-73.93788030351044
60.327945928989735,-73.97441797662768
60.530095159161455,-74.01002087896718
60.73207327951284,-74.04469263989054
60.93387984980728,-74.07843691066775
61.13551439065268,-74.11125736460818
61.33697638384337,-74.1431576971767
61.538265272706084,-74.17414162609471
61.739380462449844,-74.20421289142645
61.940321320519864,-74.2333752556506
62.14108717695545,-74.26163250371712
62.34167732475191,-74.28898844308961
62.542091020226486,-74.31544690377324
62.74232748338822,-74.34101173832822
62.942385898311926,-74.36568682186926
63.142265413516,-74.38947605205055
63.34196514234438,-74.41238334903719
63.541484163352216,-74.43441265546228
63.74082152069566,-74.45556793637066
63.939976224525395,-74.47585317914883
64.13894725138402,-74.49527239344144
64.33773354460732,-74.5138296110545
64.53633401472918,-74.53152888584533
64.73474753989022,-74.54837429359966
64.93297296625018,-74.56436993189567
65.13100910840369,-74.57951991995547
65.32885474979979,-74.59382839848402
65.52650864316475,-74.60729952949578
65.7239695109283,-74.61993749612898
65.92123604565325,-74.63174650244818
66.11830691046825,-74.64273077323477
66.31518073950375,-74.65289455376609
66.51185613833101,-74.66224210958298
66.70833168440413,-74.67077772624617
66.90460592750485,-74.67850570908166
67.10067739019031,-74.68543038291538
67.29654456824336,-74.69155609179708
67.49220593112554,-74.69688719871407
67.68765992243246,-74.70142808529457
67.88290496035172,-74.70518315150139
68.07793943812293,-74.7081568153157
68.27276172449997,-74.71035351241143
68.46737016421531,-74.71177769582037
68.66176307844623,-74.71243383558834
68.85593876528286,-74.71232641842248
69.04989550019788,-74.71145994733014
69.24363153651787,-74.70983894124944
69.437145105896,-74.70746793467168
69.6304344187861,-74.70435147725617
69.8234976649179,-74.70049413343727
70.01633301377335,-74.69590048202443
70.20893861506387,-74.6905751157949
70.40131259920837,-74.68452264107984
70.59345307781192,-74.67774767734392
70.78535814414506,-74.67025485675848
70.97702587362345,-74.66204882376886
71.16845432428765,-74.65313423465588
71.35964153728338,-74.64351575709186
71.5505855373413,-74.63319806969142
71.74128433325714,-74.62218586155728
71.93173591837116,-74.61048383182136
72.12193827104747,-74.59809668918146
72.31188935515257,-74.58502915143372
72.50158712053349,-74.57128594500115
72.6910295034948,-74.55687180445857
72.88021442727492,-74.54179147205399
73.06913980252116,-74.52604969722704
73.2578035277637,-74.50965123612433
73.44620348988808,-74.49260085111233
73.63433756460623,-74.47490331028767
73.82220361692598,-74.45656338698564
74.00979950161872,-74.4375858592864
74.19712306368513,-74.41797550952002
74.38417213881912,-74.39773712376976
74.57094455386942,-74.37687549137446
74.75743812729898,-74.35539540443003
74.94365066964204,-74.33330165729014
75.12957998395864,-74.31059904606677
75.3152238662865,-74.28729236813037
75.50058010609024,-74.26338642161022
75.68564648670764,-74.23888600489514
75.87042078579292,-74.21379591613456
76.0549007757571,-74.18812095274059
76.23908422420493,-74.16186591089087
76.42296889436862,-74.13503558503275
76.60655254553828,-74.10763476738889
76.78983293348854,-74.07966824746447
76.97280781090191,-74.0511408115562
77.15547492778808,-74.02205724226347
77.33783203189967,-73.99242231800179
77.51987686914391,-73.9622408125185
77.70160718399036,-73.93151749441137
77.88302071987457,-73.90025712664985
78.06411521959745,-73.86846446609941
78.24488842572056,-73.83614426304919
78.42533808095682,-73.80330126074287
78.60546192855696,-73.7699401949132
78.78525771269143,-73.73606579332031
78.9647231788277,-73.70168277529373
79.14385607410286,-73.66679585127878
79.32265414769162,-73.63140972238682
79.50111515116946,-73.59552907995014
79.67923683887089,-73.5591586050813
79.85701696824286,-73.52230296823703
80.03445330019322,-73.48496682878704
80.21154359943407,-73.44715483458775
80.38828563482008,-73.40887162156109
80.56467717968174,-73.3701218132784
80.74071601215334,-73.33091002054975
80.91639991549586,-73.2912408410187
81.09172667841445,-73.25111885876248
81.26669409537072,-73.21054864389791
81.44129996688974,-73.16953475219307
81.61554209986154,-73.12808172468478
81.78941830783734,-73.08619408730205
81.96292641132031,-73.04387635049555
82.13606423805089,-73.0011330088732
82.3088296232867,-72.95796854084192
82.48122041007682,-72.91438740825573
82.65323444953076,-72.87039405607014
82.82486960108177,-72.82599291200295
82.9961237327447,-72.78118838620149
83.16699472136827,-72.73598487091652
83.33748045288186,-72.69038674018256
83.50757882253669,-72.64439834950491
83.67728773514146,-72.59802403555346
83.84660510529251,-72.551268115863
84.0155288575984,-72.50413488854048
84.18405692689883,-72.456628631979
84.35218725847828,-72.40875360457864
84.51991780827383,-72.36051404447406
84.68724654307773,-72.31191416926907
84.85417144073436,-72.26295817577808
85.02069049033162,-72.21365023977438
85.18680169238701,-72.16399451574536
85.35250305902824,-72.11399513665472
85.51779261416829,-72.06365621371154
85.68266839367523,-72.0129818361463
85.84712844553661,-71.96197607099374
86.01117083001846,-71.91064296288282
86.17479361981901,-71.85898653383337
86.33799490021718,-71.80701078305984
86.50077276921573,-71.75471968678167
86.66312533767922,-71.70211719804085
86.82505072946684,-71.64920724652602
86.98654708156003,-71.59599373840348
87.14761254418501,-71.54248055615513
87.30824528093027,-71.48867155842287
87.46844346885898,-71.43457057986001
87.62820529861655,-71.38018143098915
87.78752897453305,-71.3255078980669
87.9464127147209,-71.27055374295497
88.10485475116771,-71.21532270299804
88.26285332982414,-71.15981849090804
88.42040671068732,-71.10404479465492
88.57751316787925,-71.04800527736384
88.73417098972075,-70.99170357721873
88.89037847880077,-70.93514330737217
89.04613395204116,-70.87832805586152
89.20143574075684,-70.82126138553126
89.35628219071172,-70.76394683396151
89.51067166217014,-70.70638791340257
89.66460252994386,-70.64858811071545
89.81807318343508,-70.59055088731854
89.97108202667492,-70.53227967913998
90.12362747835795,-70.4737778965759
90.27570797187256,-70.41504892445448
90.42732195532727,-70.35609612200565
90.5784678915731,-70.29692282283642
90.72914425822196,-70.23753233491173
90.87934954766125,-70.1779279405408
91.0290822670646,-70.11811289636891
91.17834093839883,-70.0580904333744
91.3271240984274,-69.99786375687103
91.47543029871001,-69.93743604651546
91.62325810559878,-69.87681045631982
91.77060610023092,-69.81599011466928
91.91747287851798,-69.75497812434466
92.06385705113155,-69.69377756254976
92.20975724348592,-69.63239148094354
92.35517209571728,-69.570822905677
92.50010026265979,-69.5090748374347
92.64454041381852,-69.44715025148069
92.78849123333936,-69.38505209770912
92.93195141997586,-69.32278330069897
93.07491968705311,-69.26034675977333
93.21739476242884,-69.19774534906259
93.35937538845155,-69.13498191757208
93.50086032191601,-69.0720592892535
93.64184833401598,-69.00898026308046
93.78233821029427,-68.94574761312784
93.92232875059027,-68.8823640886549
94.06181876898498,-68.81883241419227
94.20080709374342,-68.75515528963238
94.33929256725487,-68.69133539032362
94.47727404597055,-68.6273753671677
94.61475040033912,-68.56327784672082
94.75172051473994,-68.49904543129769
94.88818328741415,-68.43468069907908
95.02413763039361,-68.37018620422245
95.15958246942783,-68.30556447697549
95.29451674390884,-68.24081802379291
95.42893940679419,-68.17594932745588
95.56284942452793,-68.11096084719448
95.69624577695993,-68.0458550188127
95.82912745726333,-67.98063425481641
95.96149347185015,-67.91530094454355
96.09334284028544,-67.84985745429712
96.22467459519973,-67.78430612748048
96.35548778219979,-67.71864928473497
96.48578145977801,-67.65288922407998
96.61555469922034,-67.58702822105502
96.7448065845127,-67.52106852886405
96.87353621224611,-67.45501237852189
97.0017426915204,-67.38886197900244
97.12942514384694,-67.32261951738913
97.25658270304967,-67.25628715902683
97.38321451516546,-67.18986704767585
97.5093197383431,-67.12336130566747
97.6348975427411,-67.05677203406115
97.75994711042485,-66.99010131280332
97.88446763526233,-66.92335120088757
98.00845832281927,-66.85652373651644
98.13191839025322,-66.78962093726439
98.25484706620679,-66.72264480024216
98.37724359070012,-66.65559730226245
98.49910721502258,-66.58848040000643
98.62043720162374,-66.5212960301918
98.74123282400369,-66.45404610974157
98.86149336660267,-66.38673253595391
98.98121812469016,-66.31935718667299
99.10040640425332,-66.2519219204605
99.21905752188503,-66.18442857676821
99.33717080467143,-66.11687897611104
99.4547455900788,-66.0492749202409
99.57178122584043,-65.98161819232125
99.6882770698427,-65.91391055710204
99.80423249001122,-65.84615376109532
99.9196468641963,-65.77834953275122
100.03451958005839,-65.7104995826344
100.14885003495328,-65.64260560360076
100.26263763581701,-65.57466927097454
100.37588179905065,-65.50669224272565
100.48858195040494,-65.43867615964716
100.60073752486488,-65.37062264553295
100.71234796653424,-65.3025333073555
100.82341272851994,-65.2344097354437
100.93393127281654,-65.16625350366073
101.0439030701907,-65.0980661695817
101.15332760006565,-65.02984927467149
101.26220435040585,-64.96160434446226
101.37053281760163,-64.89333288873085
101.478312506354,-64.82503640167593
101.58554292955974,-64.756716362095
101.69222360819644,-64.68837423356094
101.79835407120801,-64.62001146459828
101.90393385539024,-64.55162948885913
102.00896250527668,-64.48322972529871
102.11343957302488,-64.41481357835026
102.21736461830274,-64.3463824380996
102.3207372081755,-64.27793768045919
102.42355691699274,-64.20948066734145
102.52582332627605,-64.14101274683166
102.62753602460691,-64.0725352533601
102.7286946075151,-64.00404950787355
102.8292986773674,-63.9355568180061
102.92934784325702,-63.86705847824921
103.02884172089324,-63.79855577012103
103.12777993249165,-63.73004996233482
103.22616210666494,-63.66154231096666
103.32398787831427,-63.59303405962225
103.421256888521,-63.52452643960273
103.51796878443922,-63.456020670069776
103.61412321918874,-63.38751795820954
103.70971985174869,-63.31901949939576
103.80475834685181,-63.250526477351755
103.89923837487933,-63.18204006431154
103.99315961175654,-63.113561421179725
104.08652173884893,-63.04509169769043
104.17932444285914,-62.97663203256508
104.27156741572458,-62.90818355366906
104.36325035451569,-62.83974737816722
104.454372961335,-62.77132461267824
104.5449349432169,-62.702916353427774
104.6349360120282,-62.634523686400335
104.72437588436937,-62.56614768749003
104.81325428147665,-62.49778942265001
104.90157092912489,-62.42944994804056
104.98932555753127,-62.361130310176016
105.07651790125968,-62.2928315460703
105.1631476991261,-62.224554683381115
105.24921469410468,-62.15630074055282
105.33471863323476,-62.0880707269579
105.41965926752864,-62.019865643037086
105.50403635188039,-61.95168648043803
105.58784964497525,-61.883534222152605
105.67109890920025,-61.81540984265276
105.75378391055546,-61.74731430802488
105.8359044185662,-61.67924857610276
105.91746020619632,-61.61121359659901
105.99845104976217,-61.54321031123504
106.07887672884755,-61.475239653869544
106.15873702621981,-61.40730255062537
106.23803172774652,-61.33939992001495
106.31676062231338,-61.271532673064165
106.39492350174302,-61.20370171343463
106.47252016071461,-61.13590793754447
106.54955039668464,-61.06815223468738
106.62601400980854,-61.00043548715029
106.70191080286338,-60.9327585703293
106.77724058117143,-60.86512235284396
106.85200315252474,-60.79752769665012
106.9261983271109,-60.72997545715095
106.99982591743948,-60.662466483306424
107.07288573826976,-60.59500161774116
107.14537760653928,-60.52758169685054
107.21730134129355,-60.46020755090523
107.28865676361663,-60.39288000415403
107.35944369656282,-60.32559987492495
107.42966196508944,-60.25836797572471
107.49931139599047,-60.19118511333651
107.5683918178314,-60.12405208891606
107.63690306088492,-60.05696969808598
107.70484495706789,-59.989938731028374
107.77221733987919,-59.92295997257581
107.83902004433858,-59.856034202300485
107.90525290692678,-59.789162194601694
107.97091576552648,-59.72234471879155
108.03600845936438,-59.65558253917901
108.1005308289544,-59.58887641515204
108.16448271604186,-59.52222710125822
108.22786396354873,-59.455635347283334
108.29067441551997,-59.38910189832851
108.35291391707094,-59.32262749488533
108.4145823143358,-59.2562128729093
108.47567945441709,-59.18985876389154
108.53620518533633,-59.12356589492874
108.5961593559856,-59.057334988791204
108.6555418160804,-58.9911667639893
108.7143524161133,-58.92506193483797
108.77259100730899,-58.85902121151957
108.83025744158006,-58.79304530014486
108.88735157148413,-58.72713490281224
108.94387325018195,-58.66129071766518
108.9998223313965,-58.59551343894787
109.05519866937331,-58.52980375705906
109.11000211884173,-58.46416235860414
109.16423253497736,-58.39858992644542
109.21788977336548,-58.333087139750575
109.27097368996566,-58.26765467403934
109.3234841410773,-58.20229320122843
109.37542098330637,-58.13700338967457
109.42678407353321,-58.071785904215815
109.47757326888124,-58.006641406211074
109.52778842668704,-57.941570553577776
109.57742940447115,-57.87657400082779
109.62649605991025,-57.81165239910155
109.67498825081024,-57.74680639620036
109.72290583508041,-57.68203663661695
109.77024867070868,-57.61734376156416
109.81701661573794,-57.55272840900191
109.8632095282434,-57.48819121366238
109.90882726631108,-57.42373280707335
109.9538696880172,-57.35935381757975
109.99833665140888,-57.295054870363536
110.04222801448562,-57.23083658746161
110.085543635182,-57.16669958778213
110.12828337135149,-57.10264448711891
110.17044708075107,-57.038671898164125
110.21203462102713,-56.97478243051922
110.25304584970232,-56.91097669070402
110.29348062416342,-56.84725528216411
110.33333880165031,-56.78361880527646
110.37262023924589,-56.72006785735322
110.41132479386714,-56.65660303264384
110.44945232225719,-56.59322492233536
110.4870026809783,-56.52993411455104
110.52397572640602,-56.466731194347155
110.56037131472426,-56.40361674370807
110.59618930192147,-56.34059134153962
110.63142954378773,-56.277655563660694
110.66609189591298,-56.214809982793135
110.70017621368612,-56.1520551685499
110.7336823522952,-56.08939168742146
110.76661016672864,-56.02682010276058
110.7989595117773,-55.96434097476527
110.83073024203773,-55.9019548604601
110.86192221191627,-55.83966231367583
110.89253527563417,-55.77746388502729
110.92256928723374,-55.715360121889596
110.95202410058543,-55.6533515683727
110.98089956939582,-55.59143876529423
111.00919554721672,-55.529622250150695
111.0369118874551,-55.467902557086994
111.06404844338408,-55.40628021686426
111.09060506815472,-55.34475575682612
111.11658161480894,-55.2833297008632
111.14197793629326,-55.22200256937611
111.16679388547352,-55.160774879236705
111.19102931515052,-55.0996471437478
111.21468407807652,-55.038619872601174
111.23775802697278,-54.97769357183409
111.26025101454799,-54.91686874378407
111.28216289351742,-54.856145887042274
111.30349351662328,-54.79552549640506
111.32424273665569,-54.73500806282416
111.34441040647472,-54.6745940733552
111.36399637903325,-54.614284011104694
111.38300050740067,-54.554078355175484
111.40142264478746,-54.49397758061061
111.41926264457072,-54.43398215833571
111.43652036032047,-54.374092555099864
111.45319564582672,-54.314309233414946
111.46928835512763,-54.254632651493424
111.48479834253818,-54.195063263184785
111.49972546267995,-54.13560151791033
111.51406957051152,-54.076247860596666
111.52783052135979,-54.01700273160759
111.54100817095204,-53.95786656667464
111.55360237544886,-53.89883979682614
111.56561299147774,-53.83992284831489
111.57703987616755,-53.781116142544356
111.58788288718375,-53.72242009599355
111.59814188276435,-53.66383512014046
111.60781672175663,-53.60536162138417
111.61690726365462,-53.54700000096553
111.62541336863725,-53.48875065488657
111.6333348976073,-53.430613973828514
111.64067171223103,-53.3725903430685
111.6474236749785,-53.314680142395005
111.65359064916466,-53.25688374602191
111.65917249899098,-53.19920152250141
111.66416908958793,-53.141633834635485
111.66858028705796,-53.08418103938628
111.67240595851933,-53.026843487785186
111.67564597215033,-52.96962152484063
111.6783001972344,-52.91251548944479
111.68036850420572,-52.85552571427904
111.68185076469537,-52.79865252571817
111.68274685157829,-52.74189624373359
111.6830566390206,-52.68525718179527
111.68278000252774,-52.628735646772576
111.6819168189929,-52.57233193883401
111.68046696674627,-52.5160463513459
111.67843032560467,-52.45987917076991
111.67580677692179,-52.40383067655957
111.67259620363895,-52.34790114105578
111.66879849033626,-52.292090829381166
111.66441352328452,-52.236399999333635
111.65944119049732,-52.1808289012787
111.65388138178379,-52.125377778041056
111.6477339888018,-52.07004686479506
111.64099890511153,-52.01483638895436
111.63367602622957,-51.959746570060545
111.62576524968328,-51.904777619670995
111.61726647506585,-51.84992974124573
111.60817960409138,-51.795203130033556
111.59850454065068,-51.740597972957254
111.5882411908672,-51.68611444849803
111.57738946315344,-51.63175272657913
111.56594926826767,-51.57751296844873
111.55392051937093,-51.52339532656203
111.54130313208445,-51.46939994446266
111.52809702454717,-51.415526956663356
111.5143021174738,-51.36177648852597
111.49991833421298,-51.3081486561408
111.48494560080562,-51.2546435662053
111.46938384604371,-51.201261315902144
111.45323300152916,-51.14800199277674
111.43649300173293,-51.094865674614155
111.41916378405428,-51.04185242931545
111.40124528888032,-50.98896231477357
111.38273745964563,-50.93619537874869
111.36364024289193,-50.883551658743066
111.34395358832816,-50.83103118187548
111.32367744889035,-50.77863396475523
111.30281178080179,-50.726360013355716
111.28135654363322,-50.67420932288768
111.25931170036309,-50.622181877672034
111.23667721743783,-50.57027765101243
111.2134530648322,-50.51849660506749
111.1896392161096,-50.466838690722746
111.16523564848247,-50.41530384746237
111.1402423428725,-50.36389200324062
111.114659283971,-50.3126030743532
111.08848646029901,-50.261436965308306
111.0617238642676,-50.21039356869762
111.03437149223774,-50.15947276506716
111.00642934458035,-50.10867442278805
110.9778974257361,-50.05799839792721
110.94877574427503,-50.007444534117994
110.91906431295611,-49.95701266243088
110.88876314878654,-49.90670260124411
110.85787227308089,-49.856514156114415
110.82639171151999,-49.80644711964778
110.79432149420957,-49.75650127137035
110.76166165573876,-49.706676377599464
110.72841223523818,-49.6569721913148
110.69457327643778,-49.60738845202975
110.66014482772445,-49.557924885663006
110.62512694219919,-49.50858120441037
110.58951967773395,-49.45935710661684
110.5533230970282,-49.410252276649025
110.51653726766499,-49.361266384767845
110.47916226216672,-49.312399087001644
110.44119815805041,-49.263650025019615
110.4026450378825,-49.21501882600574
110.36350298933331,-49.166505102533065
110.32377210523092,-49.118108452438584
110.28345248361455,-49.069828458698474
110.24254422778752,-49.021664689304
110.20104744636953,-48.97361669713789
110.15896225334848,-48.92568401985138
110.11628876813171,-48.87786617974181
110.07302711559662,-48.830162683630896
110.02917742614063,-48.78257302274372
109.98473983573061,-48.735096672588405
109.93971448595155,-48.687733092836496
109.89410152405466,-48.64048172720416
109.84790110300469,-48.593342003334186
109.80111338152653,-48.54631333267874
109.7537385241512,-48.499395110383134
109.70577670126097,-48.45258671517027
109.65722808913371,-48.40588750922619
109.60809286998655,-48.35929683808647
109.55837123201863,-48.31281403052363
109.50806336945305,-48.266438398435525
109.45716948257804,-48.22016923673476
109.40568977778712,-48.17400582323923
109.35362446761852,-48.127947418563664
109.3009737707936,-48.08199326601236
109.24773791225444,-48.03614259147304
109.1939171232003,-47.99039460331185
109.13951164112335,-47.94474849226966
109.0845217098433,-47.89920343135947
109.028947579541,-47.85375857576516
108.97278950679106,-47.80841306274155
108.91604775459346,-47.76316601151568
108.85872259240408,-47.71801652318954
108.80081429616409,-47.67296368064409
108.74232314832841,-47.62800654844471
108.68324943789283,-47.5831441727481
108.62359346042021,-47.538375581210595
108.56335551806544,-47.493699782897956
108.50253591959917,-47.4491157681967
108.44113498043052,-47.40462250872693
108.37915302262842,-47.36021895725672
108.31659037494177,-47.315904047618105
108.25344737281851,-47.27167669462464
108.18972435842319,-47.22753579399062
108.12542168065346,-47.183480222251944
108.06053969515517,-47.13950883668867
107.99507876433624,-47.09562047524923
107.92903925737907,-47.0518139564764
107.86242155025178,-47.00808807943507
107.79522602571804,-46.964441623641655
107.72745307334532,-46.920873348995435
107.65910308951214,-46.877381995711616
107.59017647741358,-46.833966284256284
107.52067364706548,-46.79062491528319
107.45059501530727,-46.74735656957242
107.37994100580319,-46.70415990797095
107.30871204904221,-46.66103357133513
107.23690858233641,-46.61797618047516
107.16453104981773,-46.57498633610138
107.09157990243338,-46.532062618772684
107.01805559793969,-46.48920358884686
106.94395860089428,-46.44640778643292
106.86928938264684,-46.40367373134551
106.79404842132828,-46.36099992306132
106.71823620183822,-46.31838484067758
106.641853215831,-46.27582694287261
106.56489996170001,-46.23332466786847
106.48737694456031,-46.19087643339574
106.4092846762299,-46.148480636660324
106.33062367520898,-46.10613565431254
106.25139446665773,-46.06383984241818
106.17159758237248,-46.02159153643188
106.09123356076,-45.979389051172504
106.01030294681027,-45.93723068080087
105.92880629206743,-45.89511469879953
105.84674415459908,-45.853039357954785
105.76411709896372,-45.81100289034095
105.68092569617667,-45.769003507306785
105.59717052367401,-45.72703939946414
105.51285216527482,-45.68510873667888
105.42797121114181,-45.64320966806398
105.3425282577399,-45.60134032197492
105.2565239077932,-45.55949880600726
105.16995877024009,-45.51768320699655
105.08283346018662,-45.475891591020385
104.99514859885788,-45.4341220034028
104.90690481354777,-45.392372468720886
104.81810273756675,-45.350640990813666
104.72874301018786,-45.30892555279325
104.63882627659089,-45.26722411705817
104.54835318780464,-45.22553462530911
104.45732440064734,-45.18385499856676
104.3657405776652,-45.142183137191964
104.27360238706913,-45.100516920908184
104.18091050266949,-45.05885420882608
104.08766560380903,-45.01719283947042
103.99386837529393,-44.97553063080925
103.89951950732295,-44.93386538028518
103.80461969541459,-44.89219486484896
103.70916964033252,-44.8505168409953
103.61317004800891,-44.80882904480081
103.51662162946603,-44.76712919196419
103.41952510073577,-44.72541497784857
103.32188118277739,-44.683684077526074
103.22369060139326,-44.64193414582443
103.12495408714273,-44.60016281737585
103.02567237525399,-44.55836770666799
102.92584620553416,-44.51654640809694
102.82547632227728,-44.4746964960225
102.72456347417055,-44.43281552482534
102.62310841419847,-44.390901028966326
102.52111189954519,-44.34895052304792
102.41857469149484,-44.3069615018775
102.31549755533001,-44.26493144053282
102.21188126022828,-44.22285779442928
102.10772657915678,-44.18073799938937
102.00303428876482,-44.13856947171384
101.8978051692748,-44.09634960825496
101.79204000437085,-44.054075786491545
101.68573958108585,-44.01174536460592
101.57890468968645,-43.96935568156269
101.47153612355608,-43.926904057189326
101.36363467907618,-43.884387792258515
101.25520115550546,-43.841804168572295
101.1462363548573,-43.79915044904791
101.03674108177516,-43.75642387780528
100.92671614340627,-43.71362168025627
100.81616234927318,-43.67074106319542
100.70508051114375,-43.62777921489242
100.59347144289889,-43.584733305186006
100.48133596039878,-43.54160048557948
100.36867488134699,-43.49837788933765
100.25548902515278,-43.45506263158525
100.14177921279166,-43.411651809406735
100.02754626666395,-43.368142501947496
99.91279101045156,-43.324531770516344
99.79751426897302,-43.2808166586893
99.6817168680365,-43.236994192414656
99.56539963429118,-43.19306138011921
99.44856339507669,-43.14901521281565
99.33120897827082,-43.10485266421109
99.21333721213539,-43.06057069081662
99.09494892516034,-43.01616623205792
98.97604494590604,-42.97163621038684
98.85662610284385,-42.926977531393874
98.73669322419487,-42.882187083921536
98.61624713776695,-42.83726174017859
98.49528867079002,-42.79219835585496
98.37381864974951,-42.746993770237474
98.25183790021829,-42.70164480632622
98.12934724668668,-42.65614827095153
98.00634751239082,-42.610500954891506
97.88283951913938,-42.564699632990106
97.75882408713856,-42.518741064275616
97.63430203481535,-42.472621992079596
97.5092741786392,-42.426339144156074
97.38374133294201,-42.37988923280112
97.2577043097364,-42.33326895497254
97.13116391853244,-42.286474992409815
97.0041209661527,-42.23950401175409
96.87657625654568,-42.19235266466824
96.74853059059764,-42.14501758795688
96.6199847659428,-42.09749540368628
96.49093957677199,-42.04978271930422
96.36139581363969,-42.001876127759495
96.23135426326951,-41.953772207621284
96.10081570835813,-41.90546752319806
95.96978092737767,-41.856958624656166
95.83825069437646,-41.80824204813786
95.7062257787784,-41.75931431587888
95.57370694518072,-41.710171936325324
95.4406949531502,-41.66081140424989
95.30719055701798,-41.61122920086739
95.17319450567277,-41.56142179394937
95.03870754235267,-41.511385637937884
94.90373040443545,-41.46111717405832
94.76826382322736,-41.41061283043114
94.63230852375052,-41.35986902218253
94.49586522452886,-41.3088821515539
94.3589346373725,-41.257648608010086
94.22151746716091,-41.20616476834621
94.0836144116244,-41.15442699679318
93.94522616112437,-41.10243164512166
93.80635339843204,-41.05017505274454
93.66699679850582,-40.99765354681765
93.52715702826721,-40.94486344233893
93.38683474637541,-40.891801042245625
93.24603060300046,-40.838462637509785
93.10474523959495,-40.78484450723167
92.96297928866443,-40.73094291873118
92.82073337353641,-40.67675412763721
92.678008108128,-40.622274377974755
92.53480409671202,-40.56749990224978
92.39112193368204,-40.51242692153168
92.24696220331577,-40.45705164553341
92.10232547953714,-40.401370272688986
91.95721232567713,-40.34537899022841
91.81162329423312,-40.289073974249966
91.66555892662686,-40.23245138978966
91.51901975296114,-40.17550739088788
91.37200629177501,-40.11823812065306
91.22451904979768,-40.060639711322324
91.07655852170097,-40.00270828431905
90.9281251898505,-39.944439950307206
90.77921952405532,-39.885830809242385
90.62984198131622,-39.82687695041952
90.47999300557274,-39.76757445251704
90.32967302744854,-39.70791938363759
90.1788824639956,-39.647907801345035
90.02762171843683,-39.58753575269772
89.87589117990723,-39.52679927427798
89.72369122319368,-39.46569439221764
89.57102220847334,-39.40421712221965
89.41788448105028,-39.34236346957544
89.26427837109101,-39.2801294291783
89.11020419335819,-39.21751098553227
88.95566224694294,-39.15450411275681
88.80065281499569,-39.09110477458696
88.64517616445535,-39.02730892436888
88.48923254577693,-38.96311250505082
88.33282219265762,-38.898511449169284
88.17594532176113,-38.83350167883035
88.01860213244066,-38.7680791056861
87.86079280645978,-38.70223963090589
87.70251750771205,-38.63597914514262
87.54377638193856,-38.56929352849365
87.38456955644406,-38.50217865045646
87.224897139811,-38.43463036987877
87.06475922161201,-38.36664453490326
86.90415587212031,-38.298216982906546
86.7430871420185,-38.22934354043239
86.5815530621052,-38.16002002311917
86.41955364299993,-38.090242235621325
86.25708887484583,-38.02000597152472
86.09415872701055,-37.949307013255925
85.93076314778489,-37.87814113198518
85.76690206407942,-37.806504087522974
85.60257538111895,-37.73439162821015
85.43778298213473,-37.661799490801435
85.27252472805445,-37.58872340034224
85.10680045718993,-37.51515907003864
84.9406099849224,-37.441102201120444
84.77395310338547,-37.366548482697205
84.60682958114549,-37.29149359160706
84.43923916287952,-37.21593319225832
84.27118156905063,-37.13986293646366
84.10265649558053,-37.063278463266755
83.93366361351961,-36.98617539876133
83.76420256871401,-36.908549355902444
83.59427298146998,-36.830395934309855
83.42387444621531,-36.751710720063414
83.25300653115761,-36.672489285490336
83.08166877793975,-36.592727188944174
82.90986070129195,-36.5124199745754
82.73758178868074,-36.43156317209353
82.5648314999546,-36.35015229652046
82.39160926698608,-36.26818284793516
82.21791449331066,-36.18565031120929
82.04374655376174,-36.10255015573387
81.86910479410221,-36.01887783513666
81.6939885306521,-35.93462878699014
81.51839704991238,-35.849798432510106
81.3423296081848,-35.76438217624452
81.16578543118767,-35.67837540575254
80.98876371366741,-35.591773491273656
80.81126361900581,-35.50457178538664
80.63328427882293,-35.41676562265825
80.4548247925753,-35.32835031928147
80.27588422714973,-35.23932117270317
80.09646161645212,-35.14967346124097
79.9165559609914,-35.05940244368912
79.73616622745858,-34.968503358913324
79.55529134830041,-34.87697142543419
79.3739302212879,-34.78480184099927
79.19208170907933,-34.69198978214334
79.00974463877758,-34.59853040373686
78.82691780148188,-34.50441883852244
78.64359995183355,-34.40965019663891
78.45978980755564,-34.31421956513307
78.27548604898647,-34.21812200745874
78.09068731860664,-34.12135256296286
77.90539222055968,-34.02390624635867
77.7195993201657,-33.92577804718539
77.5333071434284,-33.82696292925456
77.34651417653482,-33.72745583008248
77.15921886534778,-33.62725166030872
76.971419614891,-33.52634530310043
76.78311478882644,-33.424731613542086
76.59430270892369,-33.32240541801062
76.40498165452148,-33.21936151353546
76.21514986198069,-33.11559466714345
76.02480552412896,-33.0110996151881
75.83394678969648,-32.90587106266323
75.64257176274289,-32.79990368250041
75.45067850207491,-32.693192114850106
75.25826502065452,-32.58573096634619
75.0653292849975,-32.47751480935349
74.87186921456197,-32.36853818119803
74.67788268112673,-32.25879558337985
74.48336750815915,-32.14828148076772
74.28832147017225,-32.03699030077584
74.09274229207088,-31.92491643252184
73.89662764848646,-31.81205422596591
73.69997516310013,-31.698397991030685
73.50278240795417,-31.58394199670151
73.30504690275089,-31.46868047010663
73.10676611413935,-31.35260759557711
72.90793745498897,-31.235717513685874
72.70855828365009,-31.118004320265662
72.50862590320102,-30.999462065405343
72.30813756068119,-30.880084752424256
72.1070904463101,-30.7598663368241
71.90548169269174,-30.638800725217976
71.70330837400402,-30.51688177423607
71.50056750517294,-30.39410328940759
71.29725604103096,-30.270459024018407
71.09337087545946,-30.14594267794398
70.88890884051439,-30.020547896457042
70.68386670553534,-29.894268269009505
70.478241176237,-29.767097327988147
70.2720288937831,-29.639028547443452
70.06522643384174,-29.510055341791176
69.85783030562258,-29.380171064485936
69.64983695089437,-29.249369006666377
69.44124274298326,-29.11764239577128
69.23204398575086,-28.984984394126034
69.02223691255166,-28.85138809749881
68.81181768516953,-28.71684653362591
68.60078239273247,-28.581352660705573
68.38912705060532,-28.444899365859598
68.17684759925977,-28.30747946356217
67.96393990312119,-28.16908569403516
67.7503997493916,-28.02971072160923
67.53622284684853,-27.88934713305001
67.32140482461867,-27.747987435848664
67.1059412309262,-27.6056240564761
66.88982753181509,-27.46224933860002
66.6730591098443,-27.317855541264162
66.45563126275619,-27.172434837028803
66.2375392021164,-27.025979310071875
66.01877805192551,-26.878480954249817
65.79934284720125,-26.72993167111731
65.57922853253068,-26.58032326790517
65.35842996059196,-26.42964745545545
65.13694189064464,-26.27789584611293
64.91475898698792,-26.12505995157217
64.69187581738642,-25.971131180679148
64.46828685146224,-25.816100837186717
64.24398645905309,-25.659960117462855
64.01896890853544,-25.502700108150883
63.79322836511205,-25.34431178378071
63.56675888906323,-25.18478600433018
63.33955443396095,-25.02411351273558
63.11160884484506,-24.86228493235039
62.88291585636101,-24.699290764351375
62.65346909085814,-24.535121385090974
62.42326205644788,-24.369767043395196
62.19228814502111,-24.20321785780599
61.96054063022387,-24.035463813767194
61.72801266539076,-23.866494760753184
61.49469728143522,-23.69630040933926
61.26058738469604,-23.52487032821294
61.025675754739204,-23.35219394112526
60.78995504211471,-23.178260523781255
60.553417766067334,-23.003059200668794
60.31605631220079,-22.826578941824994
60.07786293009491,-22.648808559539493
59.83882973087468,-22.469736704993824
59.59894868473125,-22.2893518648363
59.35821161839378,-22.107642357691784
59.116610212552075,-21.924596330605855
58.87413599922923,-21.740201755422866
58.630780359104264,-21.554446425097584
58.38653451878412,-21.367317949940087
58.14138954802498,-21.178803753793794
57.89533635690267,-20.988891070146533
57.64836569293205,-20.797566938174768
57.400468138135636,-20.604818198721166
57.151634106061174,-20.410631490205915
56.901853838748984,-20.214993244472304
56.65111740364899,-20.0178896825674
56.39941469048833,-19.8193068104587
56.14673540809006,-19.619230414688005
55.89306908114402,-19.41764605796401
55.63840504693084,-19.21453907469527
55.38273245200051,-19.009894566465732
55.126040248807065,-18.80369739745514
54.8683171923012,-18.595932189807133
54.609551836483014,-18.386583318948308
54.349732530917294,-18.1756349088618
54.08884741721417,-17.963070827319598
53.82688442547829,-17.748874681078284
53.5638312707303,-17.533029811043505
53.29967544930437,-17.31551928740905
53.034404235226766,-17.096325904777263
52.768004676580276,-16.875432177268117
52.50046359186025,-16.652820333625286
52.231767566328784,-16.4284723123283
51.96190294837397,-16.202369756720998
51.69085584588208,-15.9744940101675
51.41861212263147,-15.744826111248134
51.14515739471761,-15.513346789008972
50.870477027020016,-15.280036458280158
50.59455612972266,-15.044875215079538
50.31737955490067,-14.80784283211993
50.038931893187474,-14.56891875444
49.75919747053784,-14.328082095180761
49.4781603451038,-14.085311631531763
49.19580430424211,-13.84058580087328
48.912112861673435,-13.59388269714337
48.62706925481582,-13.34518006746126
48.340656442316465,-13.094455309041445
48.05285710180854,-12.841685466435992
47.76365362792204,-12.586847229145997
47.47302813058009,-12.329916929646686
47.180962433615306,-12.07087054187473
46.88743807374351,-11.809683680230481
46.59243629993566,-11.546331599152575
46.29593807323206,-11.280789193327175
45.99792406704717,-11.013030998599564
45.698374668017095,-10.743031193661514
45.39726997744622,-10.470763602594014
45.09458981341459,-10.196201698351635
44.79031371361219,-9.919318607281847
44.48442093897213,-9.640087114780325
44.17689047818041,-9.358479672191375
43.867701053146114,-9.074468405071364
43.55683112552265,-8.788025122942335
43.24425890437763,-8.49912133067294
42.92996235511665,-8.20772824163428
42.61391920977393,-7.913816792789512
42.296106978791585,-7.617357661887852
41.97650296441797,-7.318321286946123
41.655084275864915,-7.016677888214113
41.33182784637374,-6.712397492833857
41.006710452349964,-6.40544996241727
40.67970873473752,-6.095805023781688
40.35079922281427,-5.783432303098294
40.01995836060218,-5.4683013637245095
39.687162536097105,-5.150381748007756
39.35238811353497,-4.829643023364687
39.01561146892344,-4.506054832956704
38.67680902907956,-4.179586951299297
38.33595731442607,-3.850209345159116
37.99303298581012,-3.517892240108525
37.648012895618834,-3.182606193122311
37.30087414347607,-2.844322171614916
36.9515941368131,-2.5030116393284976
36.60015065661309,-2.1586466494918537
36.246521928634046,-1.8111999456771253
35.890686700417454,-1.4606450707845497
35.53262432438909,-1.1069564845845714
35.172314847354215,-0.7501096902404598
34.809739106680624,-0.390081370222237
34.44487883344901,-0.026849532003067385
34.07771676283015,0.3396063360988843
33.70823675192146,0.7093050986080917
33.33642390524035,1.0822637958329802
32.96226470802794,1.458497455847049
32.58574716746219,1.838018895372209
32.2068609618141,2.220838509518941
31.825597597502494,2.6069640504476292
31.441950573911026,2.9964003951442715
31.055915555725097,3.389149302653201
30.667490552424017,3.785209161280724
30.27667610442599,4.1845747264777335
29.883475475228376,4.587236850326981
29.48789484871405,4.993182203801937
29.08994353060662,5.4023929932286
28.689634152853532,5.814846672667819
28.286982879498307,6.230515654241624
27.88200961237406,6.649367018749317
27.474738194712646,7.071362229253177
27.065196610521802,7.496456850653708
26.65341717734183,7.924600278612974
26.239436729759863,8.355735481512935
25.823296790840814,8.789798759443329
25.40504372843867,9.226719524488662
24.984728893188745,9.666420106813204
24.56240873486107,10.10881559121231
24.13814489368793,10.553813688893154
23.712004263274796,11.001314649253413
23.284059021774095,11.451211216328135
22.854386628154217,11.903388634360352
22.42306978063948,12.35772470660918
21.990196334735966,12.814089911032754
21.555859178695336,13.272347575869086
21.120156064803222,13.732354117386771
20.68318939550514,14.19395934119726
20.24506596409234,14.657006807523315
19.805896650448062,15.121334259724492
19.365796073183766,15.586774114215107
18.924882200352513,16.05315400870437
18.48327592178757,16.520297404478075
18.041100586950556,16.98802423726522
17.59848151295656,17.456151610131826
17.15554546814457,17.92449452085827
16.712420137154087,18.39286661542285
16.26923357392903,18.861080958566642
15.826113649379588,19.328950811978817
15.383187500577929,19.796290410436256
14.940580988338978,20.262915726265344
14.498418169842637,20.728645212766565
14.05682079259699,21.193300517743133
13.61590781553699,21.65670715898384
13.175794962419987,22.118695154439234
12.736594311942483,22.579099600865398
12.298413928189218,23.037761195851623
11.861357534165503,23.494526699356822
11.425524230285701,23.949249332112768
10.991008258823133,24.40178910947125
10.55789881449477,24.852013110441106
10.126279900579894,25.2997956827487
9.696230229273265,25.745018585737313
9.267823164363442,26.187571073778003
8.841126703814107,26.627349923585154
8.416203499415177,27.064259409408045
7.993110910360512,27.498211230505476
7.571901087397295,27.929124395608696
7.152621084072,28.356925069247186
6.735312991560778,28.781546384864555
6.320014093608268,29.202928229601728
5.90675703819712,29.621017005487165
5.495570022720002,30.03576537156468
5.086476989615398,30.44713197122379
4.679497829647675,30.855081148690438
4.274648590251259,31.259582658300474
3.8719416866096155,31.66061136982637
3.471386113394738,32.05814697277045
3.072987655345846,32.45217368218283
2.676749095111798,32.842679948217864
2.282670417016491,33.22965817131346
1.8907490056272316,33.6131044245683
1.500979838210678,33.99301818460498
1.113355670348249,34.36940207194427
0.727867214152169,34.742261601678656
0.3445033086746159,35.11160494502055
-0.03674891776398367,35.47744270211392
-0.4159038934848505,35.83978768633373
-0.7929774576557144,36.19865472015707
-1.1679867227618042,36.554060442569536
-1.5409499452422604,36.90602312786933
-1.911886404131892,37.25456251564869
-2.28081628750006,37.59969965166412
-2.6477605864403335,37.94145673925371
-3.012740996335244,38.27985700091845
-3.375779825098812,38.61492454965385
-3.736899908084568,38.9466842695974
-4.096124529337466,39.275161705543816
-4.453477348863641,39.60038296087401
-4.808982335591496,39.9223746034427
-5.162663705700519,40.24116357897365
-5.514545865999815,40.55677713151918
-5.864653362046156,40.86924273055146
-6.213010830700754,41.17858800426609
-6.559642956834818,41.48484067869363
-6.904574433905598,41.78802852223103
-7.247829928136997,42.088179295221806
-7.589434046051586,42.38532070423199
-7.929411305113792,42.679480360686725
-8.26778610725696,42.97068574355027
-8.604582715079884,43.258964165750406
-8.939825230510934,43.54434274406546
-9.273537575750224,43.82684837220958
-9.605743476312137,44.10650769686827
-9.936466446002006,44.383347096452134
-10.265729773671676,44.65739266235243
-10.593556511609162,44.92867018249601
-10.919969465427618,45.197205127011884
-11.244991185328216,45.46302263583405
-11.56864395862049,45.72614750807836
-11.890949803392115,45.986604193042346
-12.211930463228017,46.2444167826884
-12.53160740288607,46.49960900548089
-12.850001804843735,46.75220422145739
-13.167134566636328,47.00222541842351
-13.483026298913853,47.24969520916916
-13.797697324148881,47.49463582961196
-14.111167675933313,47.73706913778094
-14.423457098806717,47.97701661356058
-14.734585048563561,48.214499359121334
-15.044570692990835,48.44953809996911
-15.353432912991504,48.682153186551254
-15.66119030405293,48.91236459636193
-15.967861178022657,49.14019193649438
-16.273463565157208,49.36565444659185
-16.578015216412297,49.588771002153145
-16.881533605945638,49.80956011815239
-17.18403593380589,50.028039952935885
-17.485539128783643,50.24422831236238
-17.78605985140236,50.458142654155864
-18.085614497029194,50.669800092442514
-18.3842191990873,50.87921740244631
-18.68188983235301,51.08641102531959
-18.978642016322585,51.291397073087516
-19.274491118634852,51.49419133368676
-19.56945225853711,51.69480927608099
-19.863540310382994,51.89326605543705
-20.156769907152032,52.08957651834742
-20.44915544398157,52.28375520808573
-20.74071108170273,52.47581636988366
-21.03145075037285,52.66577395621841
-21.321388152797606,52.853641632101166
-21.610536768036788,53.039432780357934
-21.89890985488827,53.223160506895034
-22.18652045534532,53.40483764594225
-22.473381398022994,53.584476765267546
-22.759505301549765,53.76209017135784
-23.04490457792105,53.937689914560984
-23.32959143581166,54.111287794184626
-23.6135778838447,54.282895363548256
-23.896875733814536,54.45252393498517
-24.179496603862063,54.6201845847914
-24.46145192160061,54.78588815811928
-24.74275292719104,54.94964527381346
-25.02341067636506,55.11146632918774
-25.30343604339569,55.27136150474108
-25.58283972401426,55.42934076881176
-25.861632238273398,55.58541388216866
-26.13982393335555,55.73959040253893
-26.41742498632691,55.89187968907158
-26.69444540683658,56.04229090673651
-26.97089503976099,56.190833030659064
-27.246783567793756,56.33751485038968
-27.52212051398112,56.48234497410915
-27.796915244203305,56.62533183276932
-28.071176969602238,56.76648368416984
-28.344914748955958,56.90580861697117
-28.618137491000343,57.04331455464443
-28.890853956698678,57.179009259358615
-29.163072761459645,57.312900335805786
-29.434802377304482,57.444995234964985
-29.7060511349839,57.57530125780544
-29.97682722604556,57.70382555893008
-30.247138704852865,57.83057515015981
-30.516993490555762,57.95555690405975
-30.786399369014486,58.078777557407946
-31.055363994676913,58.20024371460772
-31.32389489241051,58.31996185104433
-31.59199945928955,58.43793831638688
-31.859684966338584,58.55417933783645
-32.12695856023299,58.66869102332139
-32.39382726495738,58.78147936464043
-32.66029798342283,58.8925502405549
-32.92637749904373,59.0019094198306
-33.19207247727518,59.10956256423044
-33.45738946711173,59.21551523145874
-33.72233490254832,59.31977287805791
-33.986915104004346,59.42234086225851
-34.251136279711666,59.52322444678364
-34.51500452706729,59.62242880160817
-34.77852583395184,59.719959006674166
-35.041706080014265,59.815820054562735
-35.304551037923964,59.91001685312363
-35.567066374590944,60.002554228063005
-35.82925765235482,60.09343692549037
-36.09113033014353,60.18266961442534
-36.35268976460253,60.270256889264935
-36.6139412111952,60.35620327221217
-36.87488982527525,60.44051321566677
-37.13554066313194,60.523191104578395
-37.39589868300877,60.604241258763274
-37.65596874609641,60.68366793518491
-37.91575561750067,60.76147533019926
-38.175263967186076,60.83766758176532
-38.4344983708959,60.91224877162131
-38.69346331104926,60.98522292742749
-38.95216317761596,61.05659402487581
-39.21060226896984,61.12636598976697
-39.46878479272121,61.19454270005569
-39.72671486652896,61.2611279878643
-39.9843965188932,61.32612564146546
-40.24183368992888,61.38953940723423
-40.49903023212101,61.45137299157018
-40.755989911062215,61.511630062789756
-41.012716406173105,61.57031425298942
-41.26921331140613,61.627429159880045
-41.52548413593343,61.682978348592776
-41.78153230481932,61.73696535345689
-42.037361159677914,61.78939367974988
-42.29297395931645,61.84026680542026
-42.548373880364906,61.88958818278328
-42.80356401789235,61.937361240189865
-43.05854738601062,61.9835893836693
-43.31332691846583,62.02827599854557
-43.56790546921814,62.07142445102802
-43.822285813010375,62.11303808977638
-44.07647064592594,62.15312024744035
-44.33046258593648,62.19167424217426
-44.58426417343981,62.22870337912672
-44.83787787178845,62.26421095190572
-45.09130606780939,62.29820024401923
-45.344551072315404,62.33067453029156
-45.597615120608296,62.36163707825577
-45.85050037297471,62.391091149522026
-46.10320891517462,62.41904000112249
-46.35574275892321,62.44548688683247
-46.6081038423663,62.470435058468325
-46.86029403054978,62.49388776716207
-47.112315115883554,62.515848264612934
-47.36416881860016,62.536319804315944
-47.61585678720855,62.5553056427677
-47.867380598943384,62.572809040649396
-48.11874176021012,62.58883326398731
-48.36994170702633,62.60338158529081
-48.620981805459444,62.61645728466791
-48.871863352061396,62.62806365091867
-49.12258757430033,62.638203982606306
-49.37315563098983,62.646881589106286
-49.62356861271576,62.65409979163344
-49.873827542261296,62.659861924247075
-50.12393337503014,62.66417133483434
-50.37388699946833,62.667031386071855
-50.623689237484946,62.66844545636558
-50.8733408448719,62.66841694076918
-51.122842511723036,62.66694925188079
-51.3721948628529,62.66404582071844
-51.62139845821527,62.65971009757398
-51.870453793321786,62.653945552845755
-52.11936129966084,62.646755677850095
-52.36812134511693,62.63814398561153
-52.61673423439077,62.62811401163196
-52.86520020942019,62.61666931463887
-53.1135194498022,62.60381347731244
-53.361692073216254,62.58955010699188
-53.609718135848965,62.57388283636091
-53.85759763282042,62.556815324112506
-54.10533049861222,62.53835125559301
-54.35291660749745,62.51849434342559
-54.600355773972694,62.497248328113194
-54.847647753192255,62.47461697862119
-55.09479224140464,62.45060409293949
-55.341788876391526,62.42521349862449
-55.588637237909275,62.3984490533209
-55.835336848133096,62.37031464526337
-56.08188717210398,62.3408141937582
-56.328287618178486,62.3099516496451
-56.57453753848148,62.27773099573924
-56.82063622936188,62.24415624725355
-57.06658293185156,62.2092314522014
-57.31237683212733,62.172960691779906
-57.55801706197619,62.13534808073374
-57.803502699263916,62.096397767699855
-58.04883276840683,62.056113935532956
-58.29400624084716,62.01450080161202
-58.53902203553154,61.97156261812798
-58.783879019393154,61.92730367235263
-59.02857600783728,61.881728286888965
-59.273111765230226,61.834840819903015
-59.51748500539186,61.786645665337474
-59.76169439209152,61.73714725310706
-60.00573853954753,61.68635004927595
-60.24961601293006,61.634258556217326
-60.493325328867606,61.58087731275527
-60.73686495595674,61.52621089428916
-60.98023331527545,61.470263912900656
-61.22342878089976,61.41304101744364
-61.46644968042379,61.35454689361704
-61.70929429548312,61.294786264020985
-61.95196086228137,61.23376388819627
-62.19444757212013,61.1714845626474
-62.436752571932004,61.1079531208495
-62.67887396481674,61.043174433239116
-62.9208098105805,60.97715340718926
-63.162558126278114,60.90989498696888
-63.4041168867582,60.8414041536868
-63.64548402521119,60.771685925220716
-63.88665743372014,60.700745356131044
-64.12763496381417,60.62858753756012
-64.36841442702462,60.55521759711694
-64.6089935954436,60.480640698747564
-64.84937020228502,60.40486204259149
-65.08954194244808,60.32788686482431
-65.32950647308276,60.24972043748669
-65.56926141415758,60.17036806830018
-65.80880434902947,60.08983510046979
-66.04813282501541,60.00812691247389
-66.287244353966,59.92524891784148
-66.5261364128406,59.84120656491712
-66.76480644428432,59.75600533661388
-67.00325185720621,59.66965075015436
-67.241470027359,59.5821483568003
-67.47945829792003,59.49350374157084
-67.71721398007328,59.40372252294972
-67.95473435359243,59.312810352581835
-68.19201666742487,59.22077291495916
-68.42905814027631,59.127615927096585
-68.66585596119626,59.033345138197646
-68.90240729016377,58.9379663293107
-69.13870925867371,58.841485312975585
-69.37475897032333,58.74390793286119
-69.61055350139883,58.64524006339405
-69.84608990146205,58.5454876093784
-70.08136519393697,58.44465650560788
-70.31637637669598,58.342752716469114
-70.55112042264581,58.2397822355375
-70.78559428031288,58.13575108516546
-71.01979487442809,58.030665316063434
-71.25371910651086,57.92453100687381
-71.48736385545219,57.817354263738196
-71.72072597809684,57.70914121985808
-71.9538023098243,57.599898035049414
-72.18658966512848,57.48963089529118
-72.41908483819617,57.378346012268246
-72.65128460348379,57.266049622908774
-72.8831857162927,57.15274798891653
-73.11478491334269,57.038447396298174
-73.3460789133436,56.92315415488593
-73.57706441756508,56.80687459785579
-73.80773811040407,56.68961508124159
-74.03809665995031,56.57138198344515
-74.26813671854936,56.452181704742635
-74.49785492336328,56.33202066678761
-74.72724789692882,56.21090531211077
-74.9563122477129,56.08884210361672
-75.18504457066544,55.96583752407803
-75.41344144776924,55.84189807562677
-75.6414994485871,55.717030279243666
-75.8692151308057,55.59124067424532
-76.09658504077653,55.46453581776943
-76.32360571405357,55.33692228425847
-76.55027367592753,55.208406664941876
-76.77658544195688,55.078995567317016
-77.0025375184953,54.94869561462913
-77.22812640321554,54.81751344535048
-77.45334858562977,54.68545571265879
-77.67820054760604,54.55252908391534
-77.90267876388103,54.41874024014272
-78.12677970256898,54.28409587550255
-78.35049982566663,54.14860269677334
-78.57383558955408,54.01226742282856
-78.79678344549171,53.87509678411519
-79.0193398401129,53.73709752213296
-79.24150121591263,53.59827638891423
-79.4632640117316,53.45864014650492
-79.68462466323642,53.318195566446526
-79.90557960339511,53.17694942925929
-80.12612526294836,53.03490852392684
-80.34625807087632,52.89207964738236
-80.56597445486088,52.74846960399634
-80.78527084174338,52.60408520506621
-81.00414365797785,52.45893326830785
-81.22258933007946,52.313020617349146
-81.44060428506856,52.16635408122575
-81.65818495090983,52.01894049387904
-81.87532775694686,51.870786693656605
-82.09202913433191,51.72189952281506
-82.30828551645104,51.572285827025595
-82.52409333934423,51.421952454882174
-82.73944904212108,51.2709062574125
-82.95434906737125,51.11915408759192
-83.16878986157047,50.96670279986026
-83.38276787548143,50.813559249641685
-83.59627956454997,50.65973029286777
-83.80932138929644,50.505222785503705
-84.02188981570201,50.350043583077785
-84.23398131559033,50.194199540214264
-84.44559236700418,50.03769751016959
-84.65671945457737,49.88054434437212
-84.86735906990164,49.72274689196532
-85.07750771188876,49.56431199935459
-85.28716188712787,49.40524650975765
-85.49631811023777,49.24555726275865
-85.7049729042146,49.08525109386591
-85.9131228007745,48.924334834073456
-86.12076434069158,48.76281530942637
-86.32789407413102,48.60069934058989
-86.53450856097746,48.43799374242233
-86.74060437115851,48.27470532355196
-86.94617808496369,48.110840885957714
-87.15122629335839,47.94640722455382
-87.35574559829345,47.78141112677837
-87.55973261300973,47.6158593721858
-87.76318396233825,47.4497587320434
-87.96609628299555,47.28311596893172
-88.1684662238746,47.11593783634895
-88.370290446331,46.948231078319374
-88.57156562446463,46.780002429005684
-88.77228844539688,46.61125861232534
-88.97245560954326,46.44200634157092
-89.17206383088171,46.272252319034415
-89.37110983721625,46.102003235635536
-89.56959037043647,45.931265770553935
-89.76750218677253,45.76004659086545
-89.9648420570458,45.58835235118219
-90.16160676691531,45.41618969329671
-90.35779311711984,45.24356524582991
-90.55339792371583,45.070485623883066
-90.74841801831117,44.89695742869347
-90.94285024829463,44.72298724729421
-91.13669147706139,44.548581652177646
-91.32993858423437,44.37374720096267
-91.52258846588157,44.19849043606593
-91.71463803472932,44.02281788437672
-91.90608422037165,43.846736056935626
-92.09692396947577,43.670251448616966
-92.2871542459834,43.49337053781487
-92.4767720313086,43.31609978613309
-92.6657743245315,43.13844563807844
-92.85415814258836,42.96041452075785
-93.04192052045795,42.78201284357904
-93.22905851134402,42.60324699795474
-93.41556918685433,42.42412335701045
-93.60144963717592,42.24464827529568
-93.78669697124678,42.064828088498764
-93.97130831692401,41.88466911316494
-94.15528082114842,41.70417764641806
-94.33861165010573,41.52335996568549
-94.52129798938414,41.34222232842649
-94.70333704412867,41.160770971863805
-94.88472603919203,40.979012112718685
-95.06546221928215,40.796951946949015
-95.24554284910643,40.61459664949074
-95.42496521351266,40.4319523740025
-95.60372661762676,40.249025252613386
-95.78182438698728,40.065821395673844
-95.9592558676767,39.882346891509656
-96.13601842644967,39.69860780617905
-96.31210945085799,39.51461018323276
-96.48752634937266,39.33036004347719
-96.6622665515028,39.14586338474047
-96.83632750791155,38.961126181641504
-97.00970669052903,38.77615438536195
-97.1824015926622,38.59095392342104
-97.35440972910204,38.405530699453344
-97.52572863622756,38.219890592989266
-97.69635587210702,38.03403945923845
-97.86628901659643,37.84798312887589
-98.035525671435,37.66172740783085
-98.20406346033799,37.47527807707847
-98.37190002908662,37.28864089243412
-98.53903304561535,37.10182158435036
-98.70546020009644,36.91482585771671
-98.87117920502159,36.72765939166186
-99.03618779528126,36.540327839358625
-99.200483728241,36.352836827831446
-99.3640647838153,36.16519195776648
-99.52692876453881,35.97739880332419
-99.68907349563497,35.78946291195454
-99.85049682508205,35.6013898042146
-100.01119662367651,35.41318497358874
-100.17117078509409,35.224853886311266
-100.33041722594812,35.036401981191446
-100.48893388584543,34.847834669441085
-100.64671872743982,34.65915733450444
-100.80376973648296,34.47037533189059
-100.9600849218729,34.28149398900815
-101.11566231570013,34.09251860500243
-101.27049997329117,33.90345445059496
-101.42459597324981,33.71430676792524
-101.57794841749592,33.525080770395036
-101.73055543130191,33.33578164251488
-101.88241516332671,33.146414539752875
-102.0335257856476,32.9569845883859
-102.18388549378943,32.767496885353054
-102.33349250675174,32.577956498111426
-102.4823450670334,32.38836846449412
-102.63044144065508,32.19873779257058
-102.7777799171792,32.00906946050921
-102.92435880972786,31.819368416442174
-103.07017645499828,31.629639578332576
-103.21523121327603,31.439887833843798
-103.35952146844606,31.250118040211117
-103.50304562800137,31.06033502411558
-103.64580212304956,30.870543581560113
-103.78778940831697,30.68074847774787
-103.92900596215078,30.490954446962775
-104.0694502865188,30.30116619245239
-104.20912090700696,30.111388386312903
-104.34801637281481,29.921625669376425
-104.48613525674865,29.731882651100477
-104.6234761552125,29.542163909459717
-104.76003768819692,29.352473990839876
-104.89581849926563,29.162817409933925
-105.03081725554003,28.973198649640484
-105.16503264768146,28.783622160964445
-105.29846338987132,28.594092362919778
-105.43110821978912,28.404613642434647
-105.56296589858833,28.215190354258667
-105.69403521087007,28.025826820872453
-105.82431496465472,27.836527332399346
-105.95380399135144,27.647296146519412
-106.08250114572544,27.45813748838564
-106.21040530586332,27.269055550542372
-106.33751537313614,27.080054492846017
-106.46383027216056,26.891138442387913
-106.58934895075774,26.702311493419504
-106.71407037991025,26.51357770727973
-106.83799355371688,26.324941112324623
-106.96111748934544,26.13640570385921
-107.08344122698334,25.947975444071602
-107.20496382978632,25.759654261969356
-107.32568438382505,25.571446053318084
-107.4456019980296,25.3833546805823
-107.5647158041321,25.195383972868513
-107.68302495660711,25.0075377258706
-107.80052863261025,24.819819701817377
-107.91722603191462,24.632233629422487
-108.03311637684531,24.44478320383649
-108.148198912212,24.257472086601215
-108.26247290523936,24.070303905606398
-108.37593764549578,23.88328225504854
-108.48859244481989,23.696410695392036
-108.60043663724528,23.509692753332533
-108.71146957892326,23.323131921762574
-108.8216906480436,23.136731659739482
-108.93109924475354,22.950495392455483
-109.03969479107468,22.764426511210083
-109.14747673081816,22.5785283733847
-109.25444452949786,22.39280430241953
-109.36059767424176,22.20725758779266
-109.46593567370147,22.02189148500142
-109.5704580579598,21.836709215545966
-109.67416437843671,21.651713966915107
-109.77705420779326,21.466908892574345
-109.8791271398338,21.282297111956147
-109.98038278940642,21.097881710452423
-110.08082079230162,20.913665739409247
-110.18044080514915,20.729652216123746
-110.27924250531315,20.545844123843228
-110.37722559078556,20.36224441176647
-110.47438978007787,20.178855995047208
-110.57073481211101,19.99568175479984
-110.66626044610375,19.812724538107236
-110.76096646145933,19.62998715803076
-110.85485265765041,19.44747239362244
-110.94791885410245,19.26518298993927
-111.0401648900755,19.08312165805965
-111.1315906245443,18.901291075101977
-111.22219593607684,18.719693884245313
-111.31198072271144,18.538332694752185
-111.40094490183215,18.357210081993472
-111.48908841004271,18.176328587475346
-111.57641120303903,17.995690718868342
-111.66291325548006,17.81529895003841
-111.74859456085741,17.63515572108006
-111.83345513136327,17.455263438351516
-111.91749499775707,17.27562447451187
-112.00071420923076,17.096241168560258
-112.08311283327261,16.917115825877016
-112.16469095552962,16.738250718266773
-112.24544867966877,16.559648084003534
-112.32538612723675,16.381310127877665
-112.40450343751857,16.20323902124482
-112.48280076739468,16.025436902076745
-112.56027829119714,15.847905875013971
-112.63693620056421,15.670648011420377
-112.71277470429403,15.49366534943958
-112.78779402819698,15.316959894053163
-112.8619944149469,15.140533617140704
-112.9353761239311,14.964388457541578
-113.00793943109946,14.788526321118528
-113.07968462881216,14.612949080822991
-113.15061202568664,14.437658576762123
-113.2207219464433,14.262656616267535
-113.29001473175028,14.087944973965705
-113.35849073806716,13.913525391850042
-113.42615033748785,13.739399579354574
-113.49299391758241,13.565569213429262
-113.55902188123794,13.392035938616875
-113.62423464649864,13.218801367131443
-113.68863264640501,13.045867078938238
-113.75221632883216,12.873234621835268
-113.81498615632725,12.700905511536252
-113.87694260594628,12.528881231755065
-113.93808616908998,12.357163234291614
-113.99841735133899,12.18575293911912
-114.05793667228836,12.014651734472789
-114.11664466538133,11.843860976939839
-114.17454187774239,11.673381991550855
-114.23162887000977,11.503216071872455
-114.2879062161673,11.333364480101217
-114.34337450337559,11.163828447158874
-114.39803433180275,10.994609172788728
-114.45188631445453,10.82570782565324
-114.50493107700387,10.657125543432805
-114.55716925762007,10.488863432925672
-114.60860150679738,10.32092257014894
-114.65922848718326,10.153304000440682
-114.70905087340607,9.986008738563074
-114.75806935190248,9.819037768806597
-114.80628462074453,9.652392045095192
-114.85369738946616,9.486072491092413
-114.90030837888966,9.320080000308495
-114.9461183209516,9.154415436208353
-114.99112795852862,8.989079632320438
-115.03533804526296,8.824073392346456
-115.07874934538769,8.659397490271912
-115.12136263355171,8.495052670477431
-115.16317869464473,8.331039647850858
-115.2041983236219,8.167359107900069
-115.24442232532844,8.004011706866512
-115.28385151432408,7.8409980718394
-115.32248671470741,7.678318800870549
-115.3603287599402,7.515974463089849
-115.39737849267162,7.353965598821297
-115.43363676456244,7.192292719699603
-115.46910443610932,7.030956308787308
-115.50378237646896,6.869956820692409
-115.53767146328234,6.709294681686442
-115.57077258249912,6.548970289823013
-115.60308662820199,6.388984015056731
-115.63461450243113,6.229336199362512
-115.66535711500885,6.070027156855255
-115.69531538336432,5.911057173909814
-115.72449023235848,5.75242650928128
-115.75288259410901,5.594135394225519
-115.7804934078158,5.436184032619942
-115.8073236195862,5.278572601084486
-115.8333741822608,5.1213012491027685
-115.85864605523945,4.964370099143392
-115.88314020430738,4.807779246781371
-115.90685760146168,4.65152876081965
-115.92979922473816,4.495618683410681
-115.95196605803838,4.340049030178046
-115.97335909095716,4.1848197903380875
-115.99397931861023,4.029930926821508
-116.01382774146249,3.8753823763949455
-116.03290536515648,3.7211740497824577
-116.05121320034122,3.5673058317869146
-116.06875226250165,3.413777581411262
-116.08552357178814,3.2605891319796343
-116.10152815284694,3.1077402912582857
-116.11676703465048,2.9552308415763164
-116.13124125032863,2.8030605399461668
-116.14495183700015,2.6512291181838554
-116.15789983560471,2.4997362830289314
-116.1700862907354,2.348581716264122
-116.18151225047178,2.197765074834645
-116.19217876621332,2.047285990967162
-116.20208689251352,1.8971440722883484
-116.2112376869145,1.7473389019430585
-116.21963220978215,1.597870038712057
-116.22727152414174,1.448737017129295
-116.2341566955143,1.2999393475987067
-116.24028879175336,1.1514765165105016
-116.24566888288243,1.0033479863569346
-116.25029804093298,0.8555531958475205
-116.25417733978308,0.7080915600236826
-116.25730785499657,0.5609624703728012
-116.2596906636629,0.41416529494164883
-116.2613268442376,0.26769937844918373
-116.26221747638334,0.12156404239868336
-116.26236364081157,-0.024241414810805297
-116.26176641912495,-0.16971771777371944
-116.2604268936603,-0.31486561396795976
-116.25834614733212,-0.45968587364561564
-116.25552526347703,-0.6041792897244577
-116.25196532569855,-0.7483466776802176
-116.24766741771276,-0.8921888754396753
-116.2426326231945,-1.0357067432745737
-116.2368620256243,-1.178901163696381
-116.23035670813593,-1.3217730413519209
-116.2231177533646,-1.4643233029198848
-116.21514624329593,-1.6065528970082552
-116.20644325911547,-1.7484627940526478
-116.19700988105892,-1.8900539862155985
-116.18684718826309,-2.0313274872868115
-116.17595625861743,-2.1722843325843852
-116.16433816861633,-2.3129255788570355
-116.15199399321196,-2.4532523041873335
-116.13892480566791,-2.593265607895977
-116.12513167741345,-2.732966610447108
-116.11061567789841,-2.8723564533547017
-116.09537787444874,-3.011436299090032
-116.07941933212282,-3.150207330990244
-116.06274111356828,-3.2886707531680384
-116.04534427887958,-3.42682779042249
-116.02722988545624,-3.5646796881510157
-116.00839898786164,-3.702227712262505
-115.98885263768251,-3.839473149091636
-115.96859188338908,-3.9764173053143796
-115.94761777019582,-4.113061507864722
-115.92593133992288,-4.249407103852611
-115.903533630858,-4.385455460483141
-115.88042567761923,-4.521207964977003
-115.85660851101808,-4.656666024492193
-115.83208315792344,-4.791831066047017
-115.80685064112596,-4.926704536444395
-115.78091197920311,-5.061287902197466
-115.75426818638473,-5.195582649456547
-115.72692027241928,-5.329590283937403
-115.69886924244051,-5.463312330850903
-115.67011609683485,-5.596750334834024
-115.64066183110914,-5.729905859882251
-115.61050743575915,-5.86278048928337
-115.57965389613837,-5.995375825552672
-115.54810219232755,-6.1276934903695786
-115.51585329900459,-6.259735124515712
-115.48290818531495,-6.391502387814402
-115.44926781474274,-6.522996959071677
-115.4149331449819,-6.6542205360187054
-115.37990512780826,-6.785174835255747
-115.34418470895174,-6.915861592197598
-115.30777282796929,-7.046282561020551
-115.27067041811792,-7.17643951461088
-115.23287840622835,-7.306334244514877
-115.19439771257912,-7.43596856089042
-115.15522925077094,-7.565344292460133
-115.11537392760151,-7.694463286466099
-115.07483264294065,-7.823327408626183
-115.03360628960581,-7.951938543091942
-114.99169575323795,-8.080298592408166
-114.94910191217767,-8.208409477474037
-114.90582563734166,-8.336273137505923
-114.86186779209955,-8.463891530001849
-114.81722923215082,-8.591266630707599
-114.7719108054022,-8.718400433584534
-114.72591335184521,-8.845294950779069
-114.67923770343384,-8.971952212593871
-114.63188468396265,-9.098374267460775
-114.58385510894482,-9.224563181915409
-114.53514978549062,-9.350521040573597
-114.48576951218581,-9.476249946109476
-114.43571507897039,-9.601752019235413
-114.3849872670173,-9.727029398683682
-114.33358684861135,-9.852084241189953
-114.28151458702816,-9.97691872147857
-114.22877123641322,-10.10153503224967
-114.17535754166096,-10.225935384168109
-114.12127423829382,-10.350122005854274
-114.06652205234148,-10.47409714387672
-114.01110170021988,-10.5978630627467
-113.9550138886103,-10.721422044914588
-113.89825931433843,-10.8447763907682
-113.84083866425333,-10.967928418633026
-113.78275261510623,-11.090880464774417
-113.72400183342938,-11.213634883401689
-113.66458697541457,-11.336194046674217
-113.60450868679158,-11.458560344709493
-113.54376760270651,-11.580736185593176
-113.48236434759983,-11.702723995391153
-113.42029953508418,-11.824526218163626
-113.35757376782199,-11.946145315981244
-113.29418763740276,-12.067583768943267
-113.2301417242201,-12.188844075197837
-113.16543659734845,-12.309928750964314
-113.10007281441936,-12.430840330557727
-113.03405092149752,-12.551581366415341
-112.96737145295633,-12.672154429125381
-112.90003493135298,-12.792562107457899
-112.83204186730329,-12.912807008397822
-112.76339275935584,-13.032891757180202
-112.69408809386574,-13.152818997327671
-112.62412834486786,-13.27259139069013
-112.55351397394939,-13.3922116174867
-112.48224543012206,-13.511682376349933
-112.41032314969348,-13.631006384372325
-112.33774755613797,-13.75018637715513
-112.2645190599668,-13.869225108859514
-112.19063805859757,-13.988125352260072
-112.116104936223,-14.106889898800706
-112.0409200636789,-14.225521558652902
-111.96508379831134,-14.344023160776445
-111.88859648384312,-14.462397552982553
-111.8114584502392,-14.580647601999495
-111.73367001357153,-14.698776193540686
-111.65523147588262,-14.816786232375309
-111.57614312504855,-14.93468064240146
-111.49640523464069,-15.052462366721874
-111.41601806378668,-15.170134367722223
-111.33498185703012,-15.287699627152037
-111.25329684418936,-15.405161146208263
-111.17096324021527,-15.522521945621493
-111.08798124504757,-15.639785065744892
-111.00435104347028,-15.75695356664584
-110.92007280496581,-15.87403052820033
-110.8351466835679,-15.991019050190136
-110.7495728177132,-16.107922252402826
-110.66335133009159,-16.22474327473456
-110.57648232749511,-16.341485277295817
-110.48896590066559,-16.458151440519956
-110.40080212414074,-16.574744965274796
-110.31199105609878,-16.691269072977075
-110.22253273820178,-16.807727005709964
-110.13242719543715,-16.924122026343596
-110.04167443595776,-17.04045741865867
-109.95027445092039,-17.15673648747311
-109.85822721432248,-17.272962558771944
-109.7655326828373,-17.389138979840283
-109.67219079564714,-17.505269119399532
-109.57820147427502,-17.621356367746866
-109.4835646224143,-17.737404136897954
-109.38828012575665,-17.853415860733033
-109.29234785181792,-17.969394995146345
-109.1957676497622,-18.085345018198947
-109.09853935022375,-18.201269430275
-109.00066276512699,-18.31717175424152
-108.90213768750438,-18.43305553561165
-108.80296389131207,-18.548924342711523
-108.70314113124354,-18.664781766850705
-108.60266914254079,-18.78063142249634
-108.50154764080348,-18.896476947450946
-108.39977632179557,-19.012322003033983
-108.2973548612497,-19.128170274267205
-108.19428291466903,-19.24402547006387
-108.09056011712671,-19.359891323421813
-107.98618608306278,-19.475771591620457
-107.88116040607852,-19.591670056421826
-107.77548265872811,-19.70759052427557
-107.66915239230772,-19.82353682652811
-107.56216913664171,-19.939512819635855
-107.45453239986624,-20.055522385382684
-107.34624166820984,-20.171569431101606
-107.23729640577123,-20.28765788990075
-107.12769605429418,-20.403791720893693
-107.01744003293923,-20.519974909434183
-106.90652773805256,-20.636211467355313
-106.79495854293155,-20.75250543321325
-106.68273179758728,-20.868860872535492
-106.5698468285038,-20.98528187807375
-106.45630293839399,-21.101772570061552
-106.34209940595224,-21.218337096476564
-106.2272354856036,-21.334979633307725
-106.11171040724948,-21.451704384827227
-105.99552337600987,-21.568515583867455
-105.87867357196197,-21.685417492102854
-105.76116014987505,-21.802414400336907
-105.64298223894181,-21.91951062879416
-105.5241389425057,-22.03671052741746
-105.4046293377847,-22.154018476170382
-105.2844524755909,-22.271438885344995
-105.1636073800464,-22.38897619587495
-105.04209304829494,-22.506634879653983
-104.91990845020963,-22.624419439859935
-104.79705252809639,-22.742334411284286
-104.67352419639323,-22.860384360667318
-104.54932234136525,-22.978573887038937
-104.42444582079533,-23.096907622065224
-104.29889346367024,-23.215390230400832
-104.17266406986255,-23.334026410047173
-104.04575640980771,-23.4528208927166
-103.91816922417672,-23.57177844420253
-103.78990122354409,-23.690903864755636
-103.66095108805095,-23.810201989466165
-103.53131746706352,-23.929677688652372
-103.40099897882662,-24.04933586825526
-103.26999421011232,-24.169181470239547
-103.13830171586346,-24.289219473001022
-103.00592001883234,-24.40945489178029
-102.8728476092141,-24.529892779082942
-102.73908294427501,-24.650538225106327
-102.60462444797554,-24.771396358172776
-102.46947051058807,-24.892472345169516
-102.33361948830938,-25.01377139199524
-102.19706970286757,-25.135298744013326
-102.05981944112362,-25.25705968651189
-101.92186695466744,-25.37905954517055
-101.7832104594083,-25.501303686534047
-101.6438481351597,-25.62379751849276
-101.50377812521855,-25.74654649077004
-101.36299853593862,-25.869556095416506
-101.22150743629834,-25.992831867311274
-101.07930285746264,-26.116379384670118
-100.9363827923392,-26.240204269560618
-100.79274519512859,-26.36431218842426
-100.64838798086869,-26.48870885260554
-100.5033090249732,-26.613400018887987
-100.3575061627641,-26.738391490037188
-100.21097718899824,-26.86368911535073
-100.06371985738804,-26.989298791215056
-99.91573188011598,-27.115226461669174
-99.76701092734348,-27.24147811897524
-99.61755462671343,-27.368059804195877
-99.46736056284706,-27.494977607778242
-99.31642627683476,-27.622237670144703
-99.16474926572094,-27.749846182290096
-99.01232698198315,-27.877809386385422
-98.85915683300522,-28.00613357638791
-98.70523618054473,-28.134825098657274
-98.55056234019474,-28.26389035257807
-98.39513258083984,-28.39333579118799
-98.23894412410661,-28.523167921811883
-98.08199414380874,-28.653393306701346
-97.92427976538667,-28.78401856367968
-97.76579806534198,-28.915050366791988
-97.6065460706668,-29.046495446960062
-97.44652075826812,-29.17836059264199
-97.28571905438751,-29.310652650495953
-97.12413783401595,-29.443378526048043
-96.96177392030458,-29.576545184363724
-96.79862408397106,-29.710159650722456
-96.6346850427021,-29.84422901129525
-96.4699534605523,-29.97876041382448
-96.30442594733964,-30.113761068305703
-96.1380990580379,-30.24923824767078
-95.97096929216634,-30.38519928847188
-95.80303309317715,-30.52165159156564
-95.63428684784076,-30.658602622796952
-95.46472688562987,-30.79605991368164
-95.29434947810229,-30.93403106208724
-95.12315083828328,-31.07252373291119
-94.95112712004791,-31.211545658755476
-94.77827441750401,-31.351104640596898
-94.60458876437627,-31.491208548451972
-94.43006613339232,-31.631865322035416
-94.2547024356713,-31.7730829714111
-94.07849352011587,-31.91486957763433
-93.90143517280839,-32.05723329338415
-93.72352311641212,-32.20018234358438
-93.54475300957857,-32.343725026011896
-93.36512044636163,-32.487869711890646
-93.18462095564001,-32.63262484646988
-93.00325000054883,-32.7779989495847
-92.82100297792157,-32.924000616197205
-92.6378752177439,-33.07063851691631
-92.45386198262058,-33.21792139849408
-92.26895846725691,-33.365858084296406
-92.08315979795645,-33.5144574747458
-91.89646103213657,-33.66372854773362
-91.70885715786348,-33.8136803589993
-91.52034309340888,-33.96432204247366
-91.33091368683012,-34.11566281058342
-91.1405637155758,-34.267711954513786
-90.94928788611945,-34.42047884442565
-90.75708083362338,-34.57397292962415
-90.56393712163523,-34.72820373867458
-90.36985124182021,-34.883180879461904
-90.17481761373148,-35.03891403918965
-89.97883058462195,-35.1954129843137
-89.78188442930067,-35.35268756040645
-89.58397335003714,-35.51074769194626
-89.38509147651695,-35.66960338202707
-89.18523286585301,-35.82926471198268
-88.98439150265581,-35.98974184091982
-88.78256129916736,-36.151045005153854
-88.579736095463,-36.313184517540776
-88.37590965972606,-36.47617076669847
-88.1710756886001,-36.64001421611019
-87.9652278076241,-36.80472540310249
-87.75835957175619,-36.97031493768978
-87.55046446599175,-37.13679350127693
-87.3415359060819,-37.30417184521104
-87.13156723935901,-37.47246078917316
-86.92055174567614,-37.64167121939996
-86.70848263846729,-37.811814086725064
-86.49535306593636,-37.98290040442926
-86.28115611238255,-38.15494124588805
-86.06588479967068,-38.32794774200462
-85.84953208885503,-38.50193107841562
-85.63209088196606,-38.676902492456676
-85.41355402396965,-38.85287326987358
-85.19391430490872,-39.02985474126499
-84.97316446223823,-39.20785827824129
-84.7512971833642,-39.386895289283835
-84.52830510839865,-39.56697721528804
-84.30418083314235,-39.74811552477309
-84.07891691230809,-39.930321708740166
-83.85250586299763,-40.11360727516054
-83.62494016844599,-40.297983743073836
-83.39621228204734,-40.48346263627634
-83.16631463167737,-40.670055476578085
-82.93523962432744,-40.85777377660687
-82.70297965106653,-41.046629032136636
-82.4695270923474,-41.23663271391654
-82.23487432367419,-41.42779625897664
-81.99901372164878,-41.62013106138514
-81.76193767041435,-41.81364846243144
-81.52363856851463,-42.0083597402086
-81.28410883618784,-42.20427609856802
-81.04334092311525,-42.40140865541871
-80.80132731664396,-42.599768430342706
-80.55806055050445,-42.79936633149798
-80.31353321404359,-43.0002131417795
-80.0677379619939,-43.20231950420898
-79.82066752480026,-43.40569590652344
-79.5723147195251,-43.61035266493291
-79.32267246135329,-43.816299907017196
-79.07173377571777,-44.02354755373243
-78.81949181106648,-44.23210530049794
-78.56593985229125,-44.441982597334984
-78.31107133483812,-44.65318862802951
-78.05487985951838,-44.865732288292286
-77.79735920803824,-45.07962216289103
-77.53850335926424,-45.29486650173089
-77.2783065062399,-45.51147319486163
-77.01676307396754,-45.72944974639218
-76.75386773796723,-45.9488032472961
-76.48961544362261,-46.169540347094674
-76.22400142632085,-46.39166722440796
-75.95702123239089,-46.615189556368364
-75.68867074084089,-46.840112486896146
-75.41894618589245,-47.066440593841214
-75.14784418030419,-47.294177855001884
-74.87536173947383,-47.52332761303743
-74.60149630630195,-47.7538925392987
-74.32624577679553,-47.98587459660864
-74.04960852638331,-48.21927500103358
-73.77158343690841,-48.45409418269492
-73.4921699242568,-48.6903317456812
-73.21136796657218,-48.92798642713126
-72.92917813300058,-49.16705605557044
-72.64560161289856,-49.40753750859427
-72.36064024543046,-49.64942667000659
-72.0742965494705,-49.89271838653291
-71.78657375371552,-50.13740642424344
-71.49747582690406,-50.383483424835134
-71.20700750802695,-50.630940861936836
-70.91517433640367,-50.879768997616985
-70.62198268148826,-51.12995683928872
-70.32743977225721,-51.381492097222555
-70.03155372602117,-51.63436114289246
-69.73433357649228,-51.88854896839566
-69.43578930092767,-52.14403914720119
-69.13593184616147,-52.400813796495775
-68.83477315332762,-52.65885354140809
-68.53232618106873,-52.91813748140379
-68.22860492701881,-53.178643159153246
-67.92362444734289,-53.440346532181856
-67.61740087411191,-53.703221947618104
-67.30995143028984,-53.96724212035781
-67.00129444210936,-54.232378114963154
-66.69144934861455,-54.49859933161225
-66.38043670815372,-54.76587349640889
-66.06827820161182,-55.034166656352255
-65.75499663218217,-55.30344317925276
-65.44061592148928,-55.57366575886269
-65.12516110188987,-55.844795425468654
-64.80865830479746,-56.11679156216689
-64.49113474489711,-56.389611927012666
-64.1726187001409,-56.66321268120112
-63.85313948744125,-56.937548423398646
-63.532727434008684,-57.212572230302875
-63.2114138443124,-57.4882357034641
-62.88923096267516,-57.76448902235352
-62.56621193154974,-58.0412810036136
-62.24239074556084,-58.31855916637373
-61.917802201433204,-58.59626980346176
-61.59248184396498,-58.874358058287946
-61.26646590824236,-59.15276800712533
-60.93979125832842,-59.43144274645796
-60.612495322694244,-59.71032448501861
-60.28461602669372,-59.989354640090205
-59.956191722414324,-60.26847393760108
-59.62726111626383,-60.547622515504884
-59.297863194677454,-60.82674002990116
-58.968037148349765,-61.10576576332362
-58.63782229541234,-61.38463873460011
-58.30725800398889,-61.66329780967195
-57.97638361456665,-61.94168181275063
-57.645238362624085,-62.21972963718729
-57.31386130195178,-62.49738035543475
-56.98229122909521,-62.77457332749325
-56.6505666093347,-63.05124830724931
-56.31872550460092,-63.32734554614119
-55.98680550370202,-63.60280589361522
-55.654843655213554,-63.87757089387285
-55.322876403353035,-64.15158287844872
-54.99093952712993,-64.42478505420446
-54.65906808302745,-64.69712158637097
-54.327296351437454,-64.96853767632159
-53.99565778703265,-65.23897963381096
-53.66418497322313,-65.50839494346637
-53.33290958080716,-65.77673232537177
-53.00186233088894,-66.04394178963612
-52.6710729621006,-66.30997468488873
-52.340570202131055,-66.57478374069292
-52.01038174353189,-66.83832310391526
-51.680534223739855,-67.10054836913129
-51.35105320922761,-67.36141660318796
-51.0219631836688,-67.62088636407958
-50.69328753998102,-67.87891771432612
-50.36504857609011,-68.135472229071
-50.03726749424268,-68.39051299913966
-49.709964403679194,-68.64400462932073
-49.383158326469314,-68.89591323214697
-49.05686720630193,-69.14620641746643
-48.73110792001715,-69.39485327810229
-48.4058962916634,-69.64182437190506
-48.081247108861874,-69.88709170050366
-47.757174141261395,-70.13062868505966
-47.43369016086917,-70.37241013932685
-47.110806964047605,-70.61241224031136
-46.788535394972854,-70.85061249682049
-46.466885370357765,-71.08698971617811
-46.145865905250126,-71.32152396937387
-45.82548513972569,-71.55419655490095
-45.50575036630515,-71.7849899615241
-45.186668057934014,-72.01388783020528
-44.86824389637487,-72.24087491540068
-44.55048280087183,-72.46593704592749
-44.23338895695742,-72.68906108558451
-43.91696584528296,-72.91023489369579
-43.60121627036339,-73.12944728573214
-43.286142389137964,-73.3466879941514
-42.97174573925768,-73.56194762958394
-42.65802726702004,-73.77521764247768
-42.34498735488048,-73.98649028530336
-42.032625848478546,-74.19575857540909
-41.7209420831248,-74.40301625860207
-41.40993490970239,-74.6082577735242
-41.09960271994385,-74.81147821687853
-40.78994347105075,-75.01267330955424
-40.48095470962965,-75.2118393636889
-40.172633594923646,-75.40897325069915
-39.86497692132383,-75.60407237030346
-39.55798114014963,-75.79713462055386
-39.25164238069163,-75.98815836888775
-38.94595647051369,-76.17714242420527
-38.640918955015394,-76.36408600997274
-38.3365251162581,-76.54898873834865
-38.03276999106142,-76.7318505853244
-37.7296483883786,-76.9126718668688
-37.42715490596192,-77.09145321606245
-37.1252839463306,-77.26819556120513
-36.82402973205563,-77.44290010487798
-36.52338632037681,-77.61556830393911
-36.22334761716872,-77.78620185043104
-35.923907390273044,-77.95480265337625
-35.62505928221531,-78.12137282143627
-35.326796822324795,-78.28591464640924
-35.02911343827652,-78.44843058753997
-34.73200246707478,-78.60892325661642
-34.435457165497404,-78.76739540382579
-34.13947072002035,-78.92384990434412
-33.84403625624189,-79.07828974563282
-33.54914684782566,-79.23071801541542
-33.25479552498152,-79.3811378903093
-32.960975282502964,-79.52955262508587
-32.66767908737948,-79.67596554253454
-32.37489988600185,-79.82038002390553
-32.08263061097793,-79.96279949990723
-31.79086418757631,-80.10322744223461
-31.49959353981421,-80.24166735560554
-31.208811596206157,-80.37812277028281
-30.91851129518896,-80.51259723506
-30.628685590238344,-80.64509431069018
-30.33932745469187,-80.77561756373734
-30.050429886292367,-80.90417056083064
-29.76198591146565,-81.03075686330257
-29.473988589345534,-81.15538002219311
-29.186431015559027,-81.27804357360188
-28.89930632578368,-81.39875103437171
-28.61260769908898,-81.51750589808736
-28.32632836107277,-81.63431163137375
-28.040461586803637,-81.74917167047904
-27.755000703579416,-81.86208941812795
-27.469939093511666,-81.973068240632
-27.185270195945506,-82.08211146524332
-26.900987509723805,-82.18922237773982
-26.61708459530423,-82.29440422022961
-26.33355507673735,-82.39766018916326
-26.050392643513604,-82.49899343354326
-25.767591052286424,-82.59840705332014
-25.485144128478733,-82.6959040979654
-25.2030457677794,-82.79148756521192
-24.92128993753608,-82.88516039995294
-24.639870678050517,-82.97692549329088
-24.35878210378206,-83.06678568172815
-24.07801840446488,-83.15474374649219
-23.79757384614403,-83.24080241298714
-23.51744277213538,-83.3249643503657
-23.23761960391398,-83.40723217121403
-22.95809884193539,-83.48760843134367
-22.67887506639408,-83.56609562968471
-22.39994293792296,-83.64269620827396
-22.12129719823772,-83.71741255233347
-21.8429326707296,-83.79024699043367
-21.56484426100994,-83.8612017947367
-21.2870269574097,-83.9302791813152
-21.0094758314369,-83.99748131054213
-20.732186038194914,-84.06281028754766
-20.45515281676422,-84.12626816273915
-20.178371490550177,-84.18785693238031
-19.901837467599208,-84.24757853922657
-19.625546240885598,-84.30543487321253
-19.349493388571094,-84.3614277721892
-19.073674574239245,-84.4155590227073
-18.79808554710636,-84.4678303608443
-18.522722142210892,-84.51824347307222
-18.24758028058284,-84.56679999716373
-17.9726559693948,-84.61350152313435
-17.697945302096013,-84.65834959421795
-17.42344445853094,-84.70134570787403
-17.149149705043474,-84.74249131682416
-16.87505739456809,-84.78178783011607
-16.601163966709066,-84.81923661421322
-16.327465947808722,-84.8548389941084
-16.053959951005766,-84.8885962544594
-15.780642676284591,-84.92050964074538
-15.507510910516384,-84.9505803604425
-15.234561527492826,-84.9788095842172
-14.961791487953139,-85.00519844713587
-14.689197839605116,-85.02974804988969
-14.416777717140793,-85.05245946003353
-14.144528342247293,-85.07333371323729
-13.872447023613438,-85.09237181454931
-13.600531156932526,-85.10957473967017
-13.328778224901807,-85.12494343623624
-13.057185797218981,-85.13847882511186
-12.785751530576137,-85.1501818016895
-12.514473168651449,-85.16005323719675
-12.243348542098905,-85.16809398000943
-11.972375568536375,-85.17430485697018
-11.701552252532204,-85.1786866747116
-11.430876685590588,-85.18124022098327
-11.160347046135863,-85.18196626598208
-10.889961599495898,-85.18086556368509
-10.6197186978847,-85.17793885318427
-10.349616780384348,-85.17318686002272
-10.079654372926326,-85.16661029753152
-9.809830088272339,-85.15820986816685
-9.540142625994642,-85.14798626484682
-9.270590772455915,-85.13594017228735
-9.001173400788675,-85.12207226833678
-8.731889470874245,-85.1063832253086
-8.462738029321239,-85.08887371131196
-8.193718209443517,-85.06954439157926
-7.924829231237578,-85.04839592979076
-7.656070401359305,-85.02542898939532
-7.3874411131,-85.00064423492738
-7.118940846361611,-84.97404233331915
-6.850569167631049,-84.94562395520826
-6.582325729953485,-84.91538977623995
-6.314210272904517,-84.88334047836376
-6.046222622561055,-84.84947675112417
-5.77836269147081,-84.8137992929449
-5.510630478620221,-84.77630881240651
-5.243026069400677,-84.73700602951679
-4.975549635572872,-84.69589167697394
-4.708201435229123,-84.65296650142183
-4.440981812753478,-84.60823126469717
-4.173891198779435,-84.56168674506826
-3.9069301101450926,-84.513333738465
-3.6400991498455375,-84.4631730596997
-3.373399006982278,-84.41120554367856
-3.1068304567095244,-84.35743204660331
-2.8403943601771253,-84.30185344716288
-2.574091664469941,-84.24447064771459
-2.3079234025434587,-84.18528457545469
-2.041890693155436,-84.12429618357784
-1.775994740793364,-84.06150645242533
-1.5102368355975286,-83.9969163906216
-1.2446183532794686,-83.93052703619888
-0.9791407550356019,-83.8623394577095
-0.7138055874558092,-83.79235475532566
-0.44861448242675583,-83.72057406192647
-0.18356915702973198,-83.64699854417164
0.0813285865672052,-83.57162940356181
0.346076861223008,-83.49446787748515
0.6106736949435505,-83.4155152402498
0.8751170310078944,-83.33477280410206
1.1394047281011261,-83.2522419202298
1.4035345604539802,-83.1679239797511
1.6675042179894644,-83.08182041468743
1.9313113064766991,-82.99393269892154
2.1949533476921834,-82.9042623491393
2.4584277795886953,-82.81281092575557
2.7217319564720373,-82.71958003382362
2.9848631491858284,-82.62457132392787
3.247818545304549,-82.52778649305964
3.510595249335035,-82.42922728547569
3.7731902829266204,-82.32889549353924
4.0356005850901235,-82.22679295854303
4.297823012425862,-82.1229215715145
4.559854339360895,-82.0172832740025
4.8216912583956555,-81.90988005884529
5.083330380360181,-81.80071397091986
5.344768234680094,-81.68978710787181
5.6060012696525146,-81.57710162082601
5.86702585273207,-81.46265971507749
6.127838270827168,-81.34646365076233
6.388434730606686,-81.22851574350838
6.648811358817231,-81.10881836506562
6.9089642026111235,-80.98737394391563
7.168889229885243,-80.86418496586025
7.428582329630877,-80.73925397458905
7.688039312294704,-80.61258357222529
7.947255910151033,-80.4841764198503
8.206227777685436,-80.35403523800592
8.464950491989876,-80.22216280717491
8.723419553169435,-80.088561968239
8.981630384760777,-79.95323562291438
9.239578334162388,-79.81618673416439
9.497258673076754,-79.67741832658949
9.754666597964498,-79.53693348679381
10.0117972305106,-79.39473536372853
10.26864561810275,-79.25082716901166
10.525206734321891,-79.10521217722413
10.781475479445042,-78.95789372618206
11.037446680960425,-78.80887521718483
11.293115094094945,-78.65816011523914
11.548475402354075,-78.50575194925845
11.803522218074153,-78.35165431223815
12.058250082987138,-78.19587086140592
12.312653468797823,-78.03840531834726
12.566726777773525,-77.87926146910617
12.820464343346234,-77.71844316426076
13.073860430727256,-77.55595431897368
13.326909237534275,-77.39179891301717
13.579604894430869,-77.22598099077295
13.831941465778412,-77.0585046612064
14.083912950300345,-76.88937409781529
14.335513281758766,-76.71859353855292
14.586736329643282,-76.54616728572539
14.837575899872062,-76.37209970586323
15.088025735505035,-76.19639522956716
15.338079517469131,-76.01905835132791
15.58773086529551,-75.84009362932031
15.83697333786867,-75.65950568517108
16.085800434187323,-75.47729920370112
16.33420559413696,-75.29347893264136
16.582182199273962,-75.10804968232294
16.829723573621145,-74.92101632534123
17.076822984474603,-74.73238379619394
17.32347364322171,-74.54215709089333
17.569668706170134,-74.35034126655229
17.815401275387686,-74.15694144094479
18.060664399552895,-73.96196279204028
18.30545107481607,-73.76541055751238
18.549754245670705,-73.5672900342219
18.793566805835045,-73.36760657767404
19.03688159914358,-73.1663656014502
19.279691420448323,-72.96357257661417
19.521989016529613,-72.75923303109298
19.763767087016216,-72.55335254903241
20.005018285314556,-72.34593677012748
20.24573521954679,-72.1369913889277
20.485910453497507,-71.92652215411752
20.725536507568783,-71.71453486777203
20.964605859743386,-71.5010353845879
21.203110946555796,-71.28602961109
21.44104416407083,-71.06952350481366
21.67839786886956,-70.85152307346276
21.91516437904228,-70.63203437404391
22.151335975188164,-70.41106351197693
22.386904901421385,-70.18861664018162
22.621863366383355,-69.96469995814138
22.8562035442608,-69.73931971094348
23.0899175758093,-69.51248218829657
23.32299756938205,-69.2841937235255
23.555435601963445,-69.05446069254351
23.7872237202072,-68.82328951280245
24.01835394147862,-68.59068664222086
24.2488182549007,-68.35665857809049
24.47860862240375,-68.12121185596128
24.707716979778045,-67.88435304850523
24.93613523772932,-67.6460887643594
25.163855282936595,-67.40642564694829
25.39086897911204,-67.1653703732859
25.617168168062452,-66.9229296527578
25.84274467075202,-66.67911022588353
26.06759028836592,-66.43391886305957
26.2916968033744,-66.18736236328323
26.51505598059695,-65.93944755285774
26.73765956826616,-65.69018128407902
26.959499299090808,-65.43957043390424
27.180566891317888,-65.18762190260266
27.40085404979304,-64.934342612389
27.62035246701907,-64.6797395060398
27.839053824212066,-64.42381954549296
28.056949792354743,-64.16658971043096
28.2740320332466,-63.90805699684796
28.490292200550385,-63.64822841560137
28.705721940834565,-63.38711099094798
28.920312894611275,-63.124711759065185
29.13405669736934,-62.86103776655767
29.346944980601958,-62.596096068949855
29.558969372828614,-62.32989372916446
29.770121500610763,-62.06243781598773
29.980392989560833,-61.793735402521406
30.189775465344187,-61.52379356462213
30.398260554673517,-61.25261937932845
30.605839886295296,-60.98021992327586
30.81250509196783,-60.70660227110025
31.018247807430445,-60.43177349383023
31.223059673363434,-60.15574065726853
31.42693233633823,-59.878510820363026
31.629857449757523,-59.600091033567686
31.831826674784686,-59.320488337193765
32.03283168126227,-59.039709759751766
32.23286414861898,-58.7577623162844
32.4319157667648,-58.474653006690964
32.629978236973805,-58.19038881404356
32.8270432727542,-57.904976702895404
33.02310260070524,-57.618423617581726
33.2181479613605,-57.33073648051349
33.41217111001717,-57.04192219046435
33.60516381755087,-56.751987620851246
33.797117871215704,-56.46093961800888
33.98802507542895,-56.16878499945848
34.17787725254014,-55.87553055217121
34.36666624358404,-55.58118303082648
34.55438390901714,-55.28574915606555
34.741022129437255,-54.98923561274075
34.92657280628592,-54.691649048160585
35.111027862533014,-54.39299607033109
35.29437924334338,-54.09328324619367
35.47661891672501,-53.792517099859815
35.65773887415841,-53.49070411084286
35.83773113120675,-53.187850712287194
36.01658772810651,-52.883963289195094
36.19430073033809,-52.57904817665151
36.37086222917631,-52.273111658047014
36.546264342220105,-51.966159963299184
36.72049921390132,-51.65819926707268
36.89355901597221,-51.3492356869982
37.06543594797116,-51.03927528189055
37.23612223766654,-50.72832404996607
37.40561014147816,-50.416387927059546
37.57389194487606,-50.10347278484091
37.740959962756484,-49.78958442903175
37.9068065397944,-49.47472859762193
38.0714240507726,-49.15891095908649
38.234804900886864,-48.84213711060279
38.39694152602702,-48.524412576268276
38.55782639303357,-48.20574280531876
38.717451999929544,-47.88613317034756
38.875810876127474,-47.56558896552536
39.03289558261105,-47.24411540482104
39.18869871209133,-46.921717620223525
39.34321288913719,-46.59840065996463
39.49643077027976,-46.27416948674305
39.648345044090675,-45.94902897594946
39.79894843123385,-45.622983913892796
39.94823368449061,-45.29603899602769
40.09619358875786,-44.96819882518306
40.24282096101926,-44.63946790979185
40.38810865028901,-44.30985066212191
40.53204953752818,-43.9793513965079
40.67463653553338,-43.64797432758422
40.815862588797515,-43.31572356851888
40.95572067334258,-42.982603129248176
41.09420379652417,-42.64861691471221
41.23130499680773,-42.31376872309094
41.36701734351621,-41.97806224404077
41.501333936549145,-41.641501056931574
41.634247906072886,-41.30408862908376
41.76575241218195,-40.96582831400556
41.89584064453135,-40.62672334963008
42.024505821939705,-40.28677685655202
42.151741191963204,-39.94599183626381
42.2775400304401,-39.604371169391094
42.40189564100586,-39.261917613927096
42.5248013545787,-38.918633803465774
42.64625052881562,-38.57452224543347
42.766236547538675,-38.229585319318794
42.88475282013161,-37.883825274900374
43.001792780906634,-37.53724423047235
43.11734988844147,-37.18984417106715
43.23141762488652,-36.84162694667524
43.34398949524216,-36.49259427046169
43.455059026606214,-36.14274771697898
43.564619767391456,-35.79208872037593
43.67266528651334,-35.44061857260219
43.77918917254787,-35.08833842160816
43.884185032859556,-34.735249269539736
43.987646492699746,-34.381351970927746
44.089567194275126,-34.026647230871475
44.1899407957866,-33.67113560321609
44.288760970438595,-33.314817488723456
44.386021405418916,-32.95769313323604
44.481715800849194,-32.59976262583345
44.57583786870612,-32.241025896981256
44.66838133171351,-31.881482716671794
44.75933992220557,-31.521132692556346
44.84870738096119,-31.159975268068635
44.93647745600989,-30.798009720539003
45.02264390140922,-30.435235159299058
45.10720047599419,-30.07165052377641
45.190140942098765,-29.70725458157917
45.271459064249854,-29.342045926569885
45.351148607834034,-28.976022976928597
45.42920333773736,-28.609183973204814
45.505617016958716,-28.241526976358063
45.58038340519698,-27.87304986578685
45.65349625741258,-27.50375033734581
45.7249493223638,-27.133625901350882
45.79473634111853,-26.76267388057242
45.86285104554182,-26.390891408216095
45.92928715675998,-26.01827542589163
45.9940383836019,-25.64482268156931
46.05709842101821,-25.27052972752439
46.118460948479154,-24.89539291826952
46.17811962835196,-24.519408408475343
46.23606810425861,-24.142572150879644
46.292299999415,-23.7648798941853
46.34680891495256,-23.386327180947504
46.39958842822338,-23.00690934545084
46.45063209109018,-22.626621511576797
46.49993342820234,-22.245458590662505
46.54748593525949,-21.86341527935156
46.59328307726405,-21.480486057437922
46.637318286764554,-21.09666518570409
46.67958496209136,-20.711946703754798
46.720076465586686,-20.326324427847727
46.75878612183106,-19.939791948722878
46.795707215868376,-19.552342629432466
46.830832991431805,-19.163969603173364
46.86415664917332,-18.774665771124393
46.89567134489927,-18.384423800290943
46.92537018781529,-17.993236121359782
46.953246238783336,-17.60109492656703
46.979292508594476,-17.207992167582717
47.003501956261026,-16.81391955341563
47.02586748733184,-16.418868548342424
47.04638195223503,-16.022830369865495
47.06503814465258,-15.625795986704365
47.081828799931735,-15.227756116825898
47.09674659353818,-14.828701225518994
47.10978413955679,-14.428621523520052
47.12093398924568,-14.027506965195876
47.13018862965015,-13.6253472467914
47.13754048228315,-13.222131804750157
47.14298190187974,-12.81784981411605
47.146505175233436,-12.412490187025742
47.14810252012261,-12.006041571301724
47.147766084336354,-11.598492349156857
47.145487944809,-11.189830636022142
47.14126010687403,-10.780044279510328
47.13507450364813,-10.369120858528918
47.12692299555738,-9.957047682557297
47.116797370018126,-9.543811791103671
47.104689341286125,-9.129399953358824
47.09059055048834,-8.713798668064884
47.07449256585286,-8.29699416361868
47.05638688315337,-7.878972398430707
47.03626492638592,-7.459719061562233
47.014118048696524,-7.039219573664703
46.98993753357991,-6.6174590882473545
46.96371459637056,-6.194422493300746
46.9354403860489,-5.770094413305895
46.905105987387,-5.344459211660712
46.872702423459394,-4.9175009935576846
46.838220658546746,-4.489203609348981
46.80165160146144,-4.05955065843763
46.76298610932629,-3.6285254937359945
46.722214991839316,-3.196111226735425
46.67932901605962,-2.762290733233857
46.63431891175167,-2.3270466597710784
46.58717537732726,-1.8903614308245227
46.537889086426866,-1.4522172568217135
46.48645069518466,-1.0125961430289012
46.432850850223744,-0.5714798993789748
46.377080197430914,-0.12885015130543537
46.31912939156277,0.3153116483469732
46.258989106738085,0.7610242062604332
46.196650047873796,1.2083063743524252
46.132102963125114,1.6571771341715518
46.06533865739312,2.107655579893838
45.99634800696615,2.559760899828231
45.9251219753643,3.01351235633571
45.85165163045917,3.468929264062095
45.7759281629442,3.926030966380356
45.69794290623333,4.384836809934018
45.61768735786883,4.845366117169208
45.5351532025214,5.307638156738992
45.450332336668104,5.771672111660069
45.363216895035755,6.2374870450985815
45.273799278898956,6.705101863659013
45.1820721863235,7.174535278047808
45.088028644446354,7.64580576098172
44.99166204388389,8.118931502209993
44.892966175359504,8.593930360519579
44.79193526864008,9.070819812593681
44.68856403386913,9.549616898596309
44.58284770538047,10.030338164359387
44.47478208807216,10.512999600054421
44.36436360641401,10.997616575238107
44.25158935615503,11.48420377017075
44.13645715878719,11.972775103318234
44.018965618811166,12.463343654962793
43.89911418383598,12.955921586865228
43.776903207528946,13.45052005794193
43.65233401541384,13.947149135944159
43.52540897349419,14.445817705154981
43.39613155965464,14.946533370151295
43.26450643776594,15.449302355714705
43.13053953438878,15.954129403015937
42.994238117937805,16.46101766224319
42.855610880129234,16.969968581895458
42.71466801949499,17.480981795017495
42.57142132670102,17.994055002713793
42.42588427135954,18.509183855344535
42.278072089973215,19.026361831876933
42.12800187459466,19.545580117939966
41.97569266172714,20.066827483209416
41.8211655209328,20.590090158831764
41.66444364255336,21.115351715680088
41.50555242388629,21.642592944320427
41.344519553097534,22.17179173765296
41.18137509009116,22.702922977276348
41.01615154349827,23.235958424704634
40.84888394289345,23.77086661864164
40.679609905298356,24.307612779586318
40.508369694990996,24.846158723100903
40.335206275607014,25.386462783120102
40.160165353498414,25.928479746710856
39.98329541130687,26.47216080170613
39.8046477307156,27.017453498629855
39.62427640336716,27.56430172830117
39.44223832897587,28.112645716452597
39.25859319972491,28.66242203661601
39.07340347011954,29.21356364242196
38.88673431157077,29.765999920320162
38.69865355110786,30.319656763562374
38.509231593762685,30.874456668093625
38.31854132833323,31.430318850775556
38.12665801641587,31.987159390118943
37.93365916479329,32.54489138943438
37.739624381475,33.10342516202513
37.54463521590492,33.662668437749424
37.34877498407354,34.2225265899768
37.15212857949314,34.782902881661165
36.95478227121059,35.343698728958614
36.75682349023747,35.904813980538805
36.55834060596539,36.46614721048072
36.35942269430227,37.02759602241508
36.1601592994071,37.58905736238177
35.96064019101249,38.150427837717665
35.76095511940338,38.711604039182085
35.56119357016417,39.27248286346738
35.361444520813194,39.83296183323216
35.16179620141392,40.39293941183554
34.96233586118601,40.95231531004075
34.76314954303924,41.510990782093096
34.56432186782138,42.06886890875697
34.36593582991195,42.625854865114356
34.16807260561031,43.18185617117639
33.97081137556545,43.73678292363464
33.77422916227964,44.290548007371044
33.57840068349529,44.843067285649475
33.383398222048505,45.394259768218646
33.18929151254937,45.94404775685994
32.996147645032345,46.49235696820802
32.80403098551452,47.039116633950584
32.61300311320836,47.584259578772645
32.42312277396179,48.12772227664543
32.23444584934435,48.669444886267875
32.04702534066449,49.209371266648056
31.860911367091962,49.74744897396118
31.67615117696901,50.28362924094049
31.492789171326084,50.81786694014736
31.310866938569895,51.35012053252931
31.130423299283226,51.88035200271029
30.9514943600652,52.40852678246952
30.774113575345694,52.934613663855416
30.598311816127023,53.458584703352145
30.424117444636874,53.980415118472024
30.251556393917774,54.50008317808816
30.08065225142746,55.017570087753064
29.91142634577997,55.53285987117166
29.743897835817073,56.04593924891398
29.57808380126255,56.55679751536596
29.413999334276138,57.06542641482822
29.25165763128867,57.571820017583626
29.091070084563878,58.075974596666676
28.932246372994864,58.57788850598277
28.77519455170316,59.0775620603429
28.619921140065873,59.57499741790166
28.466431207850245,60.07019846541296
28.314728459185606,60.5631707066492
28.164815314149557,61.05392115426685
28.016692987788172,61.5424582253428
27.870361566429207,62.028791640753646
27.72582008118287,62.51293232852249
27.583066578556373,62.9948923312152
27.44209818813688,63.47468471743056
27.302911187322362,63.95232349739586
27.165501063101757,64.42782354265027
27.029862570904715,64.90120050977421
26.895989790557415,65.3724707681009
26.76387617939472,65.84165133132957
26.63351462259038,66.30875979294417
26.50489748077639,66.77381426533029
26.378016635030356,67.2368333224727
26.25286352931552,67.69783594610959
26.12942921046264,68.15684147521345
26.00770436578627,68.61386955866543
25.887679358429924,69.06894011098764
25.769344260535803,69.52207327099728
25.652688884335138,69.97328936324631
25.537702811254622,70.42260886211204
25.424375419133494,70.87005235840586
25.312695907644258,71.31564052836956
25.2026533220081,71.75939410493278
25.094236575093667,72.20133385110749
24.98743446798546,72.6414805354005
24.88223570910522,73.07985490912834
24.778628931966754,73.51647768552372
24.676602711641653,73.95136952052685
24.57614558001024,74.38455099515973
24.477246039868913,74.816042599386
24.379892577961886,75.24586471736343
24.284073677002272,75.67403761400055
24.189777826744276,76.10058142273364
24.09699353416522,76.52551613444417
24.00570933281327,76.94886158744153
23.91591379137364,77.3706374584393
23.827595521503454,77.79086325445815
23.74074318498259,78.20955830559106
23.655345500225234,78.62674175857173
23.571391248194438,79.04243257108894
23.488869277759527,79.45664950679424
23.40776851053382,79.8694111309528
23.32807794522807,80.28073580669073
23.249786661552857,80.69064169179474
23.17288382370113,81.0991467360229
23.09735868344035,81.50626867888803
23.023200582841653,81.91202504787734
22.950398956672075,82.3164331570746
22.8789433344739,82.71951010615328
22.808823342354003,83.1212727797108
22.740028704504386,83.52173784691665
22.67254924447386,83.92092176144844
22.606374886209554,84.31884076169169
22.54149565488567,84.71551087118131
22.47790167753576,85.11094789926359
22.41558318350387,85.50516744195947
22.35453050472867,85.89818488301077
22.29473407587397,86.29001539509294
22.236184434317945,86.68067394117817
22.178872220012742,87.07017527603485
22.122788175225185,87.45853394784949
22.067923144168702,87.84576429995886
22.014268072535838,88.23188047268053
21.961814006940095,88.61689640523109
21.91055209427525,89.0008258377223
21.86047358099971,89.38368231322558
21.811569812352968,89.76547917989653
21.763832231510733,90.14622959315157
21.71725237868476,90.52594651788941
21.67182189017315,90.90464273075044
21.62753249736627,91.28233082240818
21.584376025713272,91.65902319988673
21.54234439365364,92.03473208889913
21.501429611518084,92.40946953620184
21.461623780402558,92.78324741196069
21.42291909101911,93.15607741212445
21.385307822526798,93.52797106080214
21.34878234134587,93.89893971264073
21.313335099957982,94.26899455519991
21.278958635695126,94.63814661132157
21.24564556951969,95.00640674149068
21.21338860479791,95.37378564618591
21.182180526068752,95.74029386821728
21.15201419781017,96.10594179504938
21.122882563204477,96.47073966110797
21.09477864290438,96.8346975500688
21.067695533801263,97.19782539712683
21.041626407796965,97.56013299124506
21.01656451058037,97.92162997738127
20.992503160409857,98.2823258586923
20.969435746902736,98.64222999871448
20.947355729832505,99.00135162351972
20.92625663793487,99.35969982384658
20.906132067723217,99.7172835572056
20.88697568231429,100.07411164995864
20.86878121026471,100.43019279937155
20.851542444418815,100.7855355756401
20.835253240768406,101.14014842388879
20.81990751732484,101.49403966614224
20.805499253003813,101.84721750326928
20.792022486523233,102.19969001689934
20.77947131531448,102.55146517131135
20.767839894447288,102.90255081529502
20.75712243556851,103.25295468398451
20.747313205854947,103.60268440066477
20.738406526980413,103.95174747855033
20.730396774097112,104.30015132253702
20.723278374831537,104.64790323092652
20.717045808294838,104.99501039712413
20.711693604107836,105.34147991130985
20.70721634144063,105.68731876208302
20.703608648066858,106.03253383808084
20.700865199432588,106.37713192957092
20.698980717739833,106.72111973001834
20.697949971044622,107.06450383762724
20.69776777236965,107.40729075685748
20.69842897883135,107.7494868999166
20.699928490781367,108.09109858822738
20.7022612509624,108.43213205387131
20.7054222436782,108.77259344100847
20.7094064939777,109.11248880727388
20.714209066853197,109.451824125151
20.719825066452387,109.79060528332242
20.726249635304182,110.12883808799828
20.733477953558182,110.46652826422265
20.741505238237657,110.8036814571585
20.75032674250589,111.14030323335118
20.75993775494578,111.476399081971
20.770333598852517,111.81197441603545
20.781509631539212,112.14703457361108
20.793461243655308,112.48158481899542
20.80618385851766,112.81563034387965
20.819672931454086,113.14917626849194
20.833923949159256,113.48222764272195
20.848932429062774,113.81478944722699
20.864693918709275,114.14686659451993
20.881203995150393,114.47846393003934
20.89845826434845,114.80958623320217
20.91645236059167,115.14023821843926
20.935181945920842,115.47042453621408
20.954642709567164,115.80014977402486
20.97483036740123,116.1294184573906
20.995740661392883,116.45823505082119
21.017369359081915,116.78660395877199
21.039712253059307,117.114529526583
21.06276516045902,117.44201604140319
21.08652392246002,117.76906773310007
21.110984403798536,118.09568877515493
21.136142492290276,118.42188328554374
21.161994098362552,118.74765532760459
21.18853515459611,119.0730089108912
21.21576161527651,119.39794799201323
21.24366945595498,119.72247647546367
21.272254673018523,120.04659821443332
21.301513283269177,120.37031701161278
21.331441323512294,120.69363661998219
21.36203485015368,121.01656074358878
21.393289938805456,121.33909303831295
21.425202683900537,121.66123711262235
21.457769198315557,121.98299652831503
21.49098561300216,122.30437480125126
21.52484807662644,122.62537540207451
21.559352755216526,122.94600175692173
21.59449583181804,123.26625724812327
21.63027350615746,123.58614521489244
21.666681994313123,123.90566895400514
21.703717528393828,124.22483172046945
21.74137635622492,124.54363672818585
21.77965474104169,124.86208715059769
21.818548961190015,125.18018612133258
21.8580553098341,125.49793673483465
21.898170094671226,125.81534204698778
21.93888963765339,126.13240507573026
21.980210274715706,126.44912880166078
22.022128355511462,126.76551616863603
22.0646402431538,127.08157008436007
22.107742313963747,127.39729342096567
22.151430957224697,127.71268901558764
22.195702574943073,128.02775967092842
22.240553581615167,128.34250815581606
22.285980404,128.65693720575482
22.331979480898163,128.97104952346822
22.378547262936454,129.2848477794351
22.425680212358344,129.59833461241845
22.473374802820015,129.9115126299875
22.521627519192023,130.22438440903275
22.570434857366408,130.53695249627478
22.619793324069196,130.84921940876586
22.669699436678172,131.1611876343858
22.72014972304588,131.47285963233088
22.771140721327725,131.78423783359716
22.8226689798151,132.09532464145724
22.874731056773456,132.40612243193124
22.92732352028524,132.716633554252
22.980442948097597,133.02686033132426
23.03408592747478,133.33680506017834
23.088249055055147,133.6464700124182
23.142928936712714,133.9558574346642
23.198122187423138,134.26496954899014
23.253825431134107,134.5738085533552
23.310035300639978,134.88237662203076
23.366748437460696,135.1906759060219
23.4239614917248,135.4987085334841
23.481671122056536,135.80647661013464
23.53987399546695,136.11398221965968
23.59856678724892,136.4212274241158
23.657746180876003,136.72821426432762
23.71740886790513,137.0349447602801
23.77755154788292,137.3414209115067
23.838170928255717,137.64764469747277
23.899263724283145,137.95361807795473
23.9608266589552,138.25934299341463
24.022856462912724,138.56482136537056
24.085349874371325,138.87005509676283
24.14830363904852,139.17504607231584
24.211714510094176,139.47979615889585
24.275579248024073,139.78430720586476
24.3398946206566,140.0885810454298
24.404657403052504,140.39261949298927
24.469864377457593,140.69642434747433
24.535512333248363,140.99999739168697
24.6015980668805,141.3033403926342
24.668118381840145,141.60645510185827
24.735070088597926,141.90934325576353
24.802450004565646,142.21200657593923
24.87025495405557,142.51444676947887
24.93848176824231,142.816665529296
25.00712728512714,143.11866453443636
25.07618834950484,143.4204454503865
25.145661812932822,143.72200992937906
25.21554453370266,144.02335961069443
25.285833376813834,144.3244961209591
25.356525213949716,144.6254210744407
25.427616923455698,144.92613607333948
25.49910539031941,145.22664270807672
25.570987506153013,145.5269425575798
25.64326016917746,145.82703718956387
25.715920284208686,146.1269281608105
25.788964762645705,146.42661701744314
25.86239052246053,146.7261052951991
25.936194488189855,147.0253945196988
26.010373590928488,147.32448620671178
26.084924768324434,147.62338186241934
26.159844964575612,147.92208298367456
26.235131130428147,148.22059105825883
26.31078022317617,148.51890756513586
26.386789206663096,148.8170339747021
26.463155051284314,149.11497174903462
26.539874733991272,149.41272234213585
26.61694523829684,149.71028720017534
26.69436355428198,150.00766776172875
26.772126678603637,150.3048654580136
26.85023161450378,150.60188171312254
26.928675371819597,150.89871794425335
27.007454966994754,151.19537556193626
27.086567423091697,151.49185597025846
27.16600976980493,151.78816056708553
27.245779043475235,152.08429074428025
27.325872287104794,152.38024788791859
27.406286550373125,152.67603337850258
27.48701888965387,152.97164859117086
27.568066368032305,153.267094895906
27.64942605532354,153.56237365773922
27.731095028091442,153.85748623695235
27.81307036966813,154.15243398927694
27.895349170174065,154.4472182660907
27.97792852653868,154.74184041461103
28.06080554252148,155.03630177808608
28.143977328733598,155.33060369598263
28.227441002659763,155.6247475041716
28.311193688680607,155.91873453511073
28.395232518095305,156.2125661180243
28.479554629144495,156.5062435790807
28.5641571670334,156.7997682415663
28.649037283955185,157.0931414260578
28.73419213911442,157.38636445059072
28.81961889875069,157.67943863082598
28.90531473616224,157.97236528021338
28.991276831729678,158.26514571015244
29.077502372939627,158.55778123015043
29.16398855440837,158.85027314797796
29.250732577905342,159.14262276982151
29.33773165237655,159.4348314004335
29.424982993967777,159.72690034327937
29.512483826047585,160.0188309006824
29.600231379230074,160.31062437396508
29.688222891397345,160.6022820635887
29.77645560772163,160.89380526928923
29.86492678068707,161.1851952902112
29.953633670111063,161.47645342503841
30.04257354316519,161.76758097212226
30.131743674395654,162.05857922960692
30.2211413457432,162.3494494955522
30.31076384656247,162.64019306805326
30.40060847364079,162.93081124535792
30.490672531216305,163.2213053259808
30.58095333099545,163.51167660881518
30.671448192169738,163.80192639324173
30.762154441431786,164.09205597923457
30.853069412990585,164.38206666746456
30.944190448585946,164.6719597593997
31.035514897502118,164.961736557403
31.127040116580496,165.25139836482714
31.218763470231448,165.54094648610672
31.310682330445164,165.8303822268474
31.402794076801545,166.11970689391234
31.49509609647904,166.40892179550573
31.58758578426245,166.6980282412536
31.680260542549654,166.98702754228168
31.77311778135716,167.2759210112903
31.866154918324586,167.56470996262672
31.95936937871786,167.8533957123542
32.05275859543126,168.14197957831843
32.14632000898816,168.43046288021094
32.240051067540534,168.71884693962974
32.33394922686704,169.0071330801369
32.42801195036989,169.29532262731306
32.52223670907021,169.58341690880943
32.616620981602004,169.8714172543964
32.711162254204744,170.15932499600925
32.80585802071437,170.4471414677912
32.900705782552826,170.73486800613304
32.995703048716074,171.02250594971005
33.09084733576045,171.3100566395157
33.18613616778749,171.59752141889246
33.28156707642704,171.88490163355954
33.37713760081875,172.17219863163746
33.472845287591866,172.45941376366974
33.56868769084322,172.74654838264118
33.664662372113526,173.0336038439935
33.760766900361816,173.3205815056374
33.85699885193813,173.60748272796184
33.95335581055428,173.8943088738399
34.049835367252726,174.18106130863166
34.1464351203736,174.467741400184
34.243152675519724,174.7543505188267
34.339985645519654,175.04089003736604
34.43693165038876,175.3273613310746
34.533988317288234,175.61376577767817
34.63115328048205,175.90010475733914
34.728424181291835,176.18637965263687
34.825798668049615,176.4725918485446
34.92327439604836,176.75874273240302
35.020849027490506,177.04483369389075
35.11852023143405,177.33086612499113
35.216285683736594,177.61684141995602
35.31414306699708,177.9027609752658
35.41209007049514,178.18862618958647
35.51012439012827,178.4744384637229
35.60824372834657,178.76019920056882
35.70644579408517,179.0459098050535
35.804728302694166,179.3315716840846
35.90308897586625,179.61718624648785
36.0015255415618,179.90275490294317
36.100035733931556,180.18827906591713
36.19861729323673,180.47376014959193
36.29726796576664,180.75919956979078
36.395985503753785,181.04459874389988
36.49476766528627,181.32995909078647
36.59361221421774,181.61528203071353
36.69251692007461,181.90056898525071
36.791479557960656,182.1858213771816
36.89049790845893,182.47104063040732
36.989569757530994,182.75622816984648
37.08869289641337,183.04138542133126
37.18786512151135,183.32651381149984
37.28708423428991,183.6116147676852
37.38634804116189,183.8966897177998
37.48565435337341,184.1817400902167
37.585000986886364,184.4667673136469
37.68438576225807,184.7517728170127
37.78380650451806,185.03675802931707
37.88326104304204,185.32172437950962
37.98274721142275,185.606673296348
38.08226284733806,185.89160620825595
38.181805792416014,186.1765245431772
38.281373892096944,186.46142972842523
38.38096499549252,186.7463231905294
38.48057695524187,187.03120635507676
38.5802076273646,187.31608064655006
38.679854871110834,187.60094748816167
38.77951654880808,187.88580830168343
38.87919052570518,188.1706645072724
38.978874669812996,188.45551752329263
39.07856685174212,188.7403687661328
39.178264944537354,189.02521965001964
39.27796682350918,189.31007158682732
39.37767036606199,189.59492598588278
39.47737345151914,189.87978425376673
39.57707396094497,190.1646477941105
39.67676977696349,190.4495180073889
39.77645878357399,190.7343962907087
39.87613886596343,191.01928403759294
39.9758079103156,191.30418263776102
40.075463803617104,191.5890934769047
40.17510443346016,191.87401793645964
40.27472768784212,192.15895739337293
40.37433145496183,192.44391321986618
40.47391362301279,192.7288867831945
40.573472079973016,193.01387944540107
40.67300471339176,193.2988925630678
40.77250941017303,193.58392748706115
40.87198405635579,193.86898556227425
40.97142653689113,194.1540681273645
41.07083473541607,194.43917651448686
41.17020653402427,194.7243120490231
41.26953981303354,195.00947604930644
41.36883245075019,195.2946698263425
41.4680823232302,195.57989468352542
41.567287304037265,195.86515191635021
41.6664452639977,196.15044281212056
41.765554070952284,196.4357686496527
41.86461158950492,196.72113069897497
41.96361568076834,197.00653022102324
42.06256420210668,197.2919684673321
42.16145500687508,197.57744667972216
42.260285944156294,197.86296608998293
42.3590548584943,198.1485279195519
42.457759589625,198.43413337918943
42.556397972204074,198.71978366864974
42.6549678355319,199.00547997634777
42.75346700327566,199.29122347902228
42.85189329318871,199.57701534139485
42.950244516827205,199.8628567158253
43.04851847926398,200.14874874196292
43.14671297879985,200.4346925463943
43.24482580667227,200.72068924228722
43.34285474676151,201.00673992903094
43.440797575294305,201.292845691873
43.53865206054509,201.57900760155232
43.6364159625349,201.86522671392888
43.734087032727935,202.15150406961
43.83166301372598,202.4378406935734
43.92914163896057,202.72423759478684
44.026520632383175,203.01069576582455
44.12379770815328,203.29721618248087
44.22097057032468,203.5837998033805
44.31803691252983,203.8704475695861
44.41499441766248,204.157160404203
44.51184075755874,204.44393921198122
44.60857359267646,204.73078487891476
44.705190571773265,205.01769827183855
44.80168933158317,205.30468023802294
44.89806749649197,205.59173160476598
44.994322678211525,205.8788531789835
45.090452475452985,206.16604574679704
45.18645447359914,206.45331007312038
45.282326244375994,206.74064690124376
45.378065345523666,207.0280569524168
45.4736693204668,207.31554092543004
45.56913569798459,207.60309949619509
45.66446199188054,207.8907333173235
45.75964570065217,208.17844301770506
45.85468430716068,208.4662292020849
45.949575278300955,208.75409245064023
46.0443160646718,209.0420333185567
46.138904100246776,209.33005233560422
46.233336802045685,209.61815000571312
46.32761156980694,209.9063268065501
46.421725785660946,210.194583189095
46.51567681380468,210.4829195772176
46.60946200017774,210.7713363672556
46.703078672139895,211.05983392759376
46.79652413815045,211.34841259824375
46.88979568744963,211.637072690426
46.98289058974203,211.92581448615317
47.0758060948826,212.21463823781528
47.168539432565126,212.50354416776776
47.26108781201354,212.79253246792123
47.353448421676305,213.08160329933474
47.445618428924,213.3707567918117
47.53759497975047,213.659993043499
47.62937519847764,213.9493121204903
47.7209561874643,214.2387140564328
47.81233502681912,214.52819885213822
47.90350877411807,214.81776647519857
47.99447446412662,215.1074168596066
48.08522910852676,215.3971499053813
48.175769695649386,215.68696547819926
48.26609319021203,215.97686340903127
48.35619653306241,216.26684349378553
48.44607664092796,216.5569054929572
48.53573040617163,216.84704913128468
48.62515469655424,217.13727409741313
48.71434635500372,217.42758004356563
48.803302199391354,217.71796658522197
48.89201902231554,218.00843330080608
48.98049359089317,218.29897973138154
49.06872264655897,218.5896053803568
49.15670290487316,218.880309713199
49.244431055337614,219.1710921571582
49.331903761220886,219.46195210100134
49.419117659392434,219.75288889475684
49.506069360166144,220.04390184947022
49.59275544715377,220.33499023697087
49.679172477128304,220.6261532896506
49.76531697989767,220.91739020025423
49.8511854581891,221.20870012168288
49.93677438754444,221.50008216680973
50.02208021622664,221.79153540830958
50.10709936513781,222.0830588785017
50.19182822774906,222.37465156920703
50.27626317004249,222.6663124316197
50.36040053046554,222.9580403761936
50.44423661989805,223.2498342725441
50.527767721632344,223.54169294936548
50.61099009136647,223.83361519436465
50.69389995721107,224.12559975421095
50.77649351971006,224.4176453345032
50.85876695187529,224.70975059975365
50.94071639923572,225.00191417338993
51.02233797990106,225.2941346377746
51.10362778464037,225.5864105342433
51.18458187697573,225.8787403631617
51.265196293291275,226.17112258400132
51.34546704295785,226.46355561543487
51.42539010847342,226.75603783545148
51.50496144561961,227.04856758149188
51.5841769836344,227.34114315060418
51.663032625401385,227.63376279962023
51.74152424765555,227.92642474535324
51.81964770120597,228.21912716481665
51.89739881117552,228.5118681954646
51.97477337725763,228.80464593545435
52.05176717399051,229.0974584439311
52.128375951048746,229.39030374133475
52.20459543355242,229.68317980972998
52.28042132239407,229.97608459315848
52.355849294583315,230.26901599801477
52.43087500360945,230.56197189344527
52.505494079821915,230.8549501117705
52.579702130828835,231.14794844893123
52.65349474191364,231.44096466495816
52.726867476469685,231.73399648446556
52.799815876453074,232.02704159716885
52.87233546285351,232.32009765842622
52.944421736183266,232.61316228980454
53.01607017698415,232.90623307966902
53.08727624635255,233.19930758379766
53.15803538648231,233.49238332601928
53.22834302122547,233.78545779887625
53.29819455667078,234.0785284643111
53.36758538173974,234.37159275437716
53.436510868800156,234.66464807197343
53.50496637429701,234.95769179160325
53.57294723940037,235.25072126015664
53.64044879067031,235.54373379771638
53.70746634073853,235.83672669838754
53.773995189006335,236.1296972311502
53.84003062235901,236.42264264073532
53.90556791589595,236.7155601485232
53.97060233367656,237.00844695346458
54.03512912948141,237.30130023302402
54.09914354758842,237.59411714414512
54.162640823563656,237.88689482423717
54.225616185066464,238.1796303921832
54.28806485266837,238.4723209493688
54.349982040685546,238.76496358073118
54.4113629580243,239.05755535582836
54.4722028090391,239.3500933299277
54.5324967944028,239.6425745451136
54.592240111988495,239.9349960314135
54.651427957762465,240.227354807942
54.71005552668784,240.51964788406224
54.7681180136383,240.81187226056443
54.825610614321334,241.10402493085996
54.88252852621048,241.39610288219197
54.938866949485984,241.6881030968603
54.99462108798321,241.98002255346077
55.04978615014831,242.27185822813854
55.104357350000406,242.56360709585388
55.15832990809973,242.85526613166053
55.211699052521055,243.1468323119954
55.264460019831716,243.43830261597896
55.31660805607363,243.7296740267258
55.36813841774855,244.02094353266415
55.41904637280585,244.31210812886397
55.46932720163233,244.60316481837253
55.518976198043056,244.89411061355685
55.56798867027267,245.18494253745197
55.616359941966515,245.4756576251145
55.664085353170684,245.76625292498022
55.71116026132036,246.05672550022518
55.75758004222576,246.34707243012932
55.80334009105477,246.63729081144174
55.84843582331175,246.92737775974672
55.89286267581159,247.21733041082973
55.93661610764839,247.50714592204235
55.97969160115797,247.79682147366535
56.022084662873475,248.08635427026894
56.06379082447338,248.37574154206976
56.104805643721114,248.66498054628275
56.145124705395595,248.9540685684681
56.184743622211975,249.24300292387167
56.22365803573188,249.53178095875842
56.26186361726237,249.82040005173775
56.299356068743045,250.10885761507998
56.336131123620476,250.39715109602318
56.372184547709374,250.68527797806928
56.407512140039806,250.9732357822691
56.44210973368978,251.26102206849487
56.47597319660257,251.54863443670004
56.50909843238814,251.83607052816518
56.54148138110812,252.1233280267293
56.573118020043566,252.4104046600059
56.604004364445146,252.69729820058305
56.634136468264984,252.98400646720665
56.66351042486969,253.27052732594618
56.692122367734136,253.5568586913425
56.719968471115195,253.8429985275365
56.74704495070529,254.12894484937868
56.77334806426498,254.41469572351855
56.79887411223433,254.70024926947306
56.823619438322474,254.98560366067434
56.84758043007507,255.27075712549535
56.87075351941917,255.55570794825314
56.89313518318517,255.84045447018968
56.91472194360555,256.1249950904291
56.935510368789856,256.4093282669113
56.95549707317591,256.69345251730164
56.97467871795675,256.97736641987575
56.993052011483066,257.2610686143799
57.01061370964104,257.54455780286565
57.02736061620516,257.8278327504995
57.0432895831659,258.1108922863466
57.05839751103226,258.39373530412786
57.072681349108684,258.6763607629517
57.08613809574653,258.95876768801867
57.09876479856984,259.2409551712998
57.11055855467536,259.52292237218785
57.12151651080677,259.80466851812196
57.13163586350308,260.08619290518544
57.140913859221136,260.3674948986759
57.149347794432366,260.64857393364935
57.156935015693634,260.9294295154363
57.163672919692374,261.2100612201317
57.16955895326606,261.49046869505696
57.17459061339604,261.77065165919635
57.17876544717593,262.0506099036053
57.18208105175462,262.33034329179316
57.184535074254185,262.60985176007915
57.18612521166262,262.8891353179215
57.18684921070188,263.16819404822166
57.18670486767123,263.44702810760145
57.18569002826624,263.7256377266556
57.18380258737351,264.0040232101783
57.18104048884167,264.2821849373654
57.1774017252285,264.56012336199126
57.17288433752499,264.83783901256203
57.16748641485612,265.11533249244405
57.161206094159006,265.3926044799697
57.15404155983861,265.669655728519
57.14599104340143,265.9464870665795
57.1370528230674,266.2230993977829
57.127225223360476,266.49949370092065
57.116506614678215,266.7756710299372
57.10489541284077,267.05163251390337
57.09239007861965,267.3273793569683
57.078989117246635,267.6029128382923
57.064691077903326,267.87823431195966
57.049494553191664,268.15334520687315
57.033398178585834,268.4282470266299
57.01640063186604,268.7029413493793
56.99850063253455,268.9774298276643
56.97969694121441,269.2517141882457
56.95998835903128,269.52579623191053
56.93937372697886,269.79967783326464
56.91785192526834,270.07336094051124
56.89542187266224,270.3468475752144
56.87208252579319,270.62013983204923
56.84783287846805,270.8932398785393
56.822671960957756,271.16614995478136
56.796598839273464,271.43887237315806
56.76961261442927,271.7114095180403
56.741712421692085,271.9837638454781
56.712897429819044,272.2559378828826
56.68316684028285,272.5279342286977
56.652519886485535,272.7997555520639
56.62095583296107,273.0714045924741
56.5884739745672,273.3428841594214
56.55507363566689,273.61419713204066
56.52075416929999,273.8853464587441
56.4855149563452,274.15633515685096
56.44935540467305,274.4271663122124
56.4122749482901,274.69784307883265
56.374273046474805,274.96836867848555
56.33534918290542,275.2387464003293
56.2955028647803,275.50897960051776
56.254733621931024,275.7790717018105
56.213041005928574,276.04902619318153
56.17042458918304,276.3188466294276
56.126883964037155,276.5885366307759
56.08241874185389,276.8580998824931
56.03702855209862,277.12754013449535
55.990713041415944,277.3968612009594
55.943471872701714,277.6660669599368
55.895304724170295,277.93516135297074
55.84621128841756,278.20414838471595
55.796191271479735,278.47303212256304
55.74524439188849,278.7418166962673
55.69337037972238,279.0105062975819
55.64056897565497,279.2791051798979
55.58683992999988,279.547617657889
55.53218300175289,279.816048107164
55.47659795763138,280.0844009639258
55.42008457111125,280.35268072463805
55.36264262146157,280.62089194570035
55.30427189277702,280.8890392431316
55.24497217300842,281.15712729226266
55.184743252991396,281.4251608274387
55.12358492547332,281.6931446417312
55.06149698413873,281.9610835866611
54.998479222633264,282.2289825719325
54.93453143358627,282.49684656517763
54.869653407632086,282.7646805917142
54.803844932430245,283.0324897343144
54.73710579168445,283.3002791329879
54.66943576416059,283.568053984776
54.60083462270367,283.83581954356146
54.53130213325381,284.1035811198911
54.46083805386125,284.37134408081323
54.38944213370044,284.63911384973
54.31711411208314,284.90689590626465
54.243853717470614,285.1746957861449
54.169660666484795,285.44251908110215
54.09453466291842,285.7103714387868
54.01847539674415,285.9782585627015
53.94148254312251,286.24618621214995
53.86355576140865,286.514160202205
53.78469469415784,286.7821864036937
53.70489896612961,287.050270743201
53.62416818329034,287.3184192030924
53.542501931814336,287.5866378215556
53.459899777083216,287.8549326926615
53.376361262683325,288.1233099664457
53.29188590940129,288.3917758490092
53.2064732142173,288.6603366026413
53.12012264929614,288.92899854596175
53.03283366097569,289.1977680540859
52.944605668752665,289.46665155881067
52.85543806426553,289.73565554882316
52.76533021027424,290.0047865699316
52.67428143963666,290.2740512253193
52.58229105428134,290.543456175822
52.489358324176536,290.8130081402291
52.395482486295066,291.0827138956086
52.30066274357481,291.3525802776571
52.20489826387463,291.62261418107425
52.10818817892523,291.892822559963
52.01053158327486,292.1632124282553
51.91192753322939,292.43379086016427
51.81237504578654,292.70456499066273
51.71187309756385,292.97554201598894
51.61042062372007,293.24672919418
51.50801651686957,293.51813384563275
51.40465962598949,293.7897633536938
51.30034875531913,294.06162516527786
51.195082663251206,294.33372679151574
51.08886006121467,294.6060758084319
50.98167961254847,294.8786798576532
50.873539931366025,295.15154664714726
50.76443958140983,295.42468395199364
50.654377074895734,295.6980996151855
50.54335087134649,295.97180154846546
50.431359376414036,296.2457977331926
50.31840094069003,296.52009622124484
50.20447385850408,296.7947051359544
50.08957636670919,297.0696326730788
49.97370664345385,297.3448871018065
49.85686280694026,297.62047676579976
49.739042914168046,297.89641008427327
49.62024495966286,298.17269555311077
49.500466874189506,298.44934174601946
49.379706523448526,298.7263573157235
49.257961706756134,299.00375099519687
49.1352301557064,299.2815315989368
49.01150953281533,299.55970802427794
48.88679743014598,299.8382892527486
48.76109136791404,300.11728435146995
48.63438879307305,300.396702474598
48.50668707787862,300.6765528648108
48.37798351843082,300.95684485484054
48.24827533319406,301.23758786905154
48.11755966149366,301.518791425066
47.985833561988166,301.8004651354375
47.853094011116845,302.0826187093732
47.71933790152131,302.36526195450716
47.58456204044047,302.6484047787234
47.44876314807802,302.9320571920326
47.31193785594141,303.21622930850094
47.17408270515149,303.5009313482341
47.03519414472191,303.7861736394167
46.89526852980718,304.07196662040815
46.75430211991851,304.3583208418974
46.61229107710647,304.645246969116
46.46923146410928,304.9327557841124
46.32511924246589,305.22085818808785
46.17995027059258,305.50956520379594
46.03372030182215,305.7988879780064
45.88642498240446,306.08883778403504
45.73805984946733,306.3794260243416
45.588620328936386,306.6706642331965
45.438101733413085,306.96256407941786
45.28649926000926,307.25513736918134
45.13380798813721,307.54839604890327
44.98002287725413,307.8423522081994
44.82513876455947,308.13701808292063
44.669150362643954,308.43240605826804
44.51205225708908,308.7285286719878
44.35383890401558,309.0253986176489
44.19450462757965,309.3230287480051
44.03404361741548,309.62143207844264
43.87244992602278,309.92062179051624
43.7097174660978,310.22061123557444
43.54584000780657,310.52141393847717
43.380811175998744,310.8230436014069
43.21462444736081,311.1255141077753
43.04727314750707,311.4288395262283
42.87875044800702,311.73303411474984
42.709049363347596,312.0381123248687
42.538162747828956,312.34408880596783
42.366083292392155,312.65097840970105
42.19280352137751,312.9587961945167
42.018315789211975,313.2675574302915
41.84261227702428,313.577277603077
41.66568498918635,313.8879724199595
41.48752574977973,314.1996578140366
41.30812619898553,314.51234994951153
41.1274777893968,314.82606522690764
40.945571782251896,315.1408202884047
40.76239924358785,315.45663202329865
40.57795104031251,315.77351757358724
40.392217836194476,316.09149433968213
40.2051900877699,316.4105799862497
40.01685804016536,316.73079244818183
39.827211722836076,317.05214993669745
39.63624094521892,317.3746709455764
39.44393529229991,317.69837425752615
39.25028412009584,318.0232789506821
39.05527655105018,318.3494044052416
38.85890146934339,318.67677031023226
38.66114751611813,319.00539667041335
38.462003084620214,319.33530381331093
38.261456315256254,319.6665123963841
38.05949509056957,319.9990434143224
37.856107030136116,320.33291820647094
37.65127948538277,320.66815846438175
37.444999534330634,321.0047862394873
37.23725397626681,321.3428239508925
37.02802932634838,321.6822943932807
36.8173118101433,322.0232207449269
36.605087358113366,322.3656265758136
36.39134160004542,322.7095358558392
36.176059859437814,323.05497296311137
35.959227147849965,323.40196269231575
35.74082815922415,323.7505302631466
35.520847264189726,324.1007013287872
35.29926850436131,324.4525019844253
35.076075586643825,324.80595877578577
34.85125187755913,325.16109870766155
34.62478039761019,325.51794925242183
34.396643815701324,325.876538358473
34.1668244436345,326.23689445864585
33.93530423070437,326.59904647847833
33.70206475841701,326.96302384436115
33.467087235360246,327.32885649150893
33.230352492256245,327.69657487171503
32.99184097723057,328.0662099608449
32.75153275133521,328.4377932660169
32.50940748436745,328.81135683241445
32.265444451030156,329.18693324966796
32.0196225274843,329.5645556577373
31.771920188349338,329.9442577522198
31.522315504212646,330.3260737890006
31.27078613971545,330.71003858815357
31.01730935228914,331.0961875369925
30.761861991623118,331.4845565921614
30.504420499953117,331.8751822806428
30.244960913267494,332.26810169955075
29.983458863538072,332.6633525145633
29.719889582092144,333.06097295683315
29.454227904253155,333.46100181820344
29.18644827538897,333.8634784445368
28.916524758519486,334.26844272694944
28.644431043648783,334.6759350907233
28.370140459001515,335.08599648164875
28.09362598435902,335.49866834952763
27.81486026670728,335.9139926285456
27.53381563842677,336.33201171419523
27.250464138273212,336.75276843640506
26.96477753541864,337.1763060285039
26.676727356843326,337.60266809161647
26.386284918391826,338.0318985540569
26.09342135982996,338.4640416252539
25.79810768426414,338.8991417437045
25.50031480231,339.33724351842045
25.200013581423608,339.77839166329164
24.897174900835132,340.222630923755
24.591769712551983,340.6700059951185
24.283769108925206,341.1205614318521
23.973144397299258,341.5743415471191
23.65986718229029,342.0313903017882
23.343909456261628,342.4917511821295
23.025243698585626,342.9554670653706
22.703842984298515,343.42258007226286
22.37968110276713,343.89313140578844
22.052732686993036,344.36716117512987
21.722973354178517,344.8447082040223
21.390379858168608,345.32580982262147
21.05493025436178,345.8105016420492
20.716604077647023,346.2988173108246
20.375382533874056,346.79078825245693
20.031248705294008,347.28644338357236
19.684187770316896,347.78580881206966
19.334187237816646,348.28890751495896
18.981237196071067,348.7957589957354
18.625330576249983,349.306378921378
18.266463430156087,349.8207787393543
17.904635221677793,350.3389652753487
17.539849131128186,350.86094031282806
17.172112371317642,351.38670015601105
16.801436513838873,351.9162351783192
16.427837823631815,352.4495293589591
16.051337599444224,352.9865598109136
15.671962517315293,353.52729630429843
15.289744973690286,354.07170078976645
14.904723424232516,354.6197269273946
14.516942713846824,355.1713196272605
14.126454392880529,355.72641460868147
13.733317013942454,356.28493798582315
13.33759640329905,356.8468058880602
12.939365900394254,357.4119241240506
12.538706558723336,357.98018789893086
12.135707301100224,358.5514815943123
11.730465022321939,359.1256786208139
11.32308463238196,359.70264135266996
10.91367903374244,360.28222115345665
10.502369026764201,360.8642585011715
10.089283138227723,361.44858321974186
9.674557368962093,362.03501482253864
9.258334857925794,362.6233629716269
8.84076546163334,363.2134280543337
8.422005249561686,363.8050018762927
8.002215918052702,364.39786846750974
7.581564127192398,364.99180499525767
7.160220767123157,365.5865827748631
6.738360162153544,366.1819683667893
6.316159222789713,366.77772474597197
5.893796557342991,367.3736125272338
5.471451555997104,367.9693912288943
5.049303461084503,368.56482055548673
4.62753043777996,369.15966167985573
4.20630865944623,369.7536785048765
3.785811421458263,370.34663888560425
3.366208296508294,370.9383157938144
2.9476643431941687,371.5284884085659
2.530339378175202,372.11694311853523
2.1143873204151586,372.7034744243271
1.699955614100868,373.28788573165565
1.2871847348109389,373.86999002909386
0.8762077814938336,374.449610446891
0.4671501548732802,375.0265806960574
0.06012932109664971,375.60074538941967
-0.3447453421694785,376.1719602485854
-0.7473726213750729,376.74009220267567
-1.1476594697631932,377.305019386247
-1.5455209432668122,377.8666310450275
-1.9408800764177403,378.42482735893583
-2.3336677054277666,378.9795191923521
-2.7238222457480177,379.53062778180623
-3.1112894313632915,380.0780843711697
-3.4960220228643415,380.62182980413314
-3.8779794909945133,381.16181408325923
-4.257127681919186,381.6979959042752
-4.633438469946569,382.23034217353614
-5.00688940286331,382.7588275158019
-5.377463344461448,383.2834337786509
-5.7451481182440585,383.80414953903033
-6.109936155721468,384.3209696166423
-6.471824152160529,384.83389459809916
-6.83081273213504,385.34293037506745
-7.186906126752263,385.84808769896154
-7.540111864002204,386.3493817541537
-7.890440473294246,386.8468317511403
-8.237905204910184,387.3404605406352
-8.58252176481171,387.83029424916333
-8.924308064992243,388.31636193638263
-9.26328398935423,388.79869527407635
-9.599471174920591,389.2773282465189
-9.9328928080491,389.75229687172947
-10.263573435207775,390.22363894297433
-10.591538787783989,390.6913937897627
-10.91681562033691,391.15560205749756
-11.239431561658678,391.61630550488263
-11.559414977981604,392.0735468181488
-11.876794847654022,392.52736944114804
-12.191600646603836,392.9778174203561
-12.503862243914208,393.42493526383765
-12.813609806848445,393.868767813245
-13.120873714679409,394.30936012794825
-13.425684480701175,394.7467573804292
-13.7280726818264,395.1810047621045
-14.028068895200548,395.6121473987875
-14.325703641293321,396.0402302750361
-14.621007332957538,396.4652981666783
-14.914010229975686,396.8873955808487
-15.204742398644273,397.3065667029119
-15.493233675975274,397.7228553496883
-15.779513638122411,398.1363049284408
-16.06361157266741,398.5469584011151
-16.345556454427573,398.9548582533676
-16.625376924471066,399.3600464679459
-16.903101272049824,399.7625645020223
-17.178757419182592,400.16245326811185
-17.452372907641305,400.55975311823397
-17.72397488811404,400.9545038310067
-17.993590111335784,401.3467446013857
-18.2612449209958,401.73651403278643
-18.526965248245965,402.1238501313472
-18.79077660764949,402.50879030211445
-19.052704094422978,402.89137134694835
-19.312772382837515,403.2716294639651
-19.571005725656185,403.6496002483485
-19.82742795449609,404.0253186943785
-20.082062481013033,404.3988191985375
-20.334932298815957,404.7701355635695
-20.586059986026832,405.1393010033748
-20.83546770840918,405.5063481486393
-21.083177222995637,405.87130905310204
-21.329209882151286,406.23421520037624
-21.573586638015577,406.5950975112468
-21.81632804727088,406.953986351374
-22.05745427619082,407.31091153934045
-22.296985105925977,407.66590235498484
-22.53493993798871,408.01898754797054
-22.77133779990261,408.37019534654405
-23.006197350985516,408.71955346644086
-23.23953688823822,409.0670891199025
-23.47137435231374,409.41282902477116
-23.701727333544724,409.75679941363234
-23.930613078008882,410.09902604297923
-24.158048493614512,410.43953420237494
-24.384050156190067,410.7783487235923
-24.60863431556359,411.1154939897122
-24.83181690161942,411.45099394416457
-25.053613530320956,411.78487209969745
-25.274039509689747,412.1171515472615
-25.4931098457322,412.4478549648001
-25.710839248306474,412.77700462593356
-25.92724213692293,413.1046224085314
-26.142332646472543,413.4307298031645
-26.356124632878405,413.75534792143196
-26.5686316786662,414.07849750415653
-26.779867098450204,414.40019892944673
-26.98984394433193,414.7204722206201
-27.198575011209027,415.03933705398674
-27.406072841992675,415.35681276649007
-27.612349732731914,415.6729183632041
-27.81741773764396,415.9876725246863
-28.02128867404974,416.30109361418533
-28.22397412721423,416.61319968470383
-28.42548545509157,416.9240084859165
-28.625833792974923,417.23353747094393
-28.825030058051503,417.5418038029841
-29.023084953863325,417.84882436180067
-29.22000897467424,418.1546157500719
-29.415812409744227,418.4591942995995
-29.610505347511815,418.76257607738074
-29.80409767968578,419.06477689154445
-29.996599105247235,419.365812297154
-30.188019134363433,419.6656976018784
-30.378367092214546,419.96444787153376
-30.56765212273489,420.26207793549804
-30.755883192269977,420.5586023920003
-30.94306909315089,420.85403561328735
-31.12921844718753,421.1483917506704
-31.31433970908223,421.4416847394528
-31.498441169765332,421.7339283037431
-31.681530959654275,422.02513596115386
-31.863617051837824,422.31532102739004
-32.044707265186936,422.6044966207283
-32.22480926739395,422.89267566639023
-32.40393057794162,423.17987090081175
-32.582078571003585,423.46609487581014
-32.759260478277795,423.75135996265243
-32.93548339175459,424.0356783560258
-33.110754266420706,424.31906207791366
-33.28507992290102,424.6015229813784
-33.458467050039296,424.88307275425404
-33.63092220741956,425.1637229227494
-33.80245182782948,425.4434848549658
-33.97306221966726,425.72236976432947
-34.14275956929336,426.0003887129422
-34.31154994332851,426.27755261485066
-34.47943929089938,426.5538722392379
-34.64643344583321,426.8293582135375
-34.81253812880272,427.10402102647305
-34.97775894942261,427.3778710310247
-35.1421014082989,427.6509184473237
-35.30557089903236,427.9231733654781
-35.46817271017723,428.1946457483295
-35.62991202715637,428.4653454341441
-35.790793934134186,428.7352821392389
-35.950823415848156,429.00446546054377
-36.110005359400404,429.27290487810296
-36.26834455601016,429.54060975751537
-36.425845702728324,429.80758935231637
-36.58251340411504,430.0738528063019
-36.738352173881445,430.3394091557964
-36.893366436496464,430.6042673318661
-37.047560528759675,430.86843616247864
-37.20093870134118,431.1319243746102
-37.35350512028943,431.39474059630174
-37.50526386850784,431.6568933586649
-37.65621894720119,431.91839109783984
-37.806374277292534,432.17924215690454
-37.95573370081161,432.439454787738
-38.10430098225541,432.6990371528377
-38.25207980992188,432.9579973270925
-38.399073797217376,433.21634329951206
-38.54528648393877,433.4740829749135
-38.69072133753085,433.7312241755664
-38.83538175431987,433.98777464279743
-38.97927106072374,434.2437420385542
-39.12239251443984,434.4991339469313
-39.264749305610884,434.7539578756566
-39.40634455796967,435.0082212575418
-39.54718132996321,435.26193145189495
-39.68726261585702,435.5150957458979
-39.8265913468201,435.76772135594825
-39.96517039199117,436.0198154289671
-40.10300255952689,436.271385043673
-40.240090597632445,436.5224372118224
-40.37643719557524,436.7729788794186
-40.51204498468212,437.0230169278878
-40.64691653932068,437.272558175225
-40.78105437786524,437.52160937710863
-40.91446096364793,437.77017722798536
-41.0471387058954,438.01826836212564
-41.179089960651616,438.26588935465
-41.31031703168727,438.5130467225276
-41.44082217139625,438.75974692554576
-41.570607581679525,439.0059963672536
-41.699675414817044,439.2518013958777
-41.82802777432794,439.4971683052116
-41.95566671581953,439.7421033354796
-42.082594247825504,439.98661267417503
-42.208812332633684,440.2307024568728
-42.33432288710377,440.4743787680182
-42.459127783475374,440.71764764169075
-42.583228850166904,440.9605150623445
-42.70662787256536,441.2029869655248
-42.8293265938077,441.4450692385618
-42.95132671555385,441.6867677212414
-43.07262989875191,441.9280882064537
-43.19323776439579,442.16903644081964
-43.31315189427549,442.4096181252952
-43.432373831720525,442.64983891575537
-43.55090508233666,442.8897044235559
-43.668747114736284,443.12922021607517
-43.7859013612627,443.3683918172352
-43.90236921870865,443.6072247080025
-44.01815204902922,443.8457243268692
-44.13325118004955,444.0838960703148
-44.24766790616749,444.3217452932481
-44.36140348905143,444.55927730943085
-44.47445915833364,444.79649739188204
-44.58683611229922,445.03341077326394
-44.698535518571035,445.2700226462503
-44.80955851479069,445.5063381638761
-44.91990620929583,445.7423624398697
-45.02957968179398,445.978100548968
-45.13857998403307,446.21355752721394
-45.24690814046886,446.4487383722375
-45.35456514892939,446.68364804351916
-45.4615519812767,446.91829146263836
-45.56786958406592,447.1526735135044
-45.67351887920189,447.386799042572
-45.77850076459354,447.62067285904124
-45.88281611480594,447.8542997350419
-45.98646578171049,448.0876844058021
-46.089450595133044,448.32083156980303
-46.19177136350035,448.5537458889177
-46.29342887448465,448.7864319885361
-46.39442389564684,449.01889445767546
-46.494757175078,449.251137849077
-46.594429442039605,449.48316667928833
-46.69344140760233,449.71498542873286
-46.79179376528359,449.94659854176547
-46.88948719168394,450.17801042671545
-46.986522347122246,450.4092254559161
-47.0828998762698,450.6402479657228
-47.178620408783374,450.8710822565173
-47.27368455993723,451.1017325927015
-47.36809293125413,451.33220320267856
-47.461846111135365,451.56249827882226
-47.554944675489786,451.7926219774361
-47.647389188361906,452.0225784187005
-47.73918020255899,452.2523716866098
-47.830318260277124,452.4820058288985
-47.92080389372632,452.7114848569576
-48.01063762575455,452.94081274574114
-48.099819970470676,453.1699934336629
-48.18835143386632,453.39903082248384
-48.27623251443647,453.6279287771911
-48.363463703798885,453.8566911258674
-48.450045487312195,454.0853216595535
-48.53597834469264,454.3138241321004
-48.62126275062927,454.5422022600166
-48.70589917539767,454.7704597223056
-48.789888085471965,454.9986001602974
-48.87322994413508,455.2266271774737
-48.95592521208717,455.45454433928535
-49.03797434805199,455.68235517296523
-49.11937780938113,455.9100631673343
-49.200136052656084,456.137671772603
-49.28024953428784,456.3651844001677
-49.3597187111139,456.5926044224017
-49.438544040992674,456.819935172443
-49.516725983394934,457.0471799439779
-49.594264999992234,457.27434199102055
-49.67116155524215,457.50142452769035
-49.7474161169701,457.7284307279858
-49.82302915694753,457.9553637255568
-49.89800115146642,458.18222661347414
-49.97233258190967,458.4090224439982
-50.04602393531743,458.63575422834646
-50.11907570494893,458.86242493646
-50.19148839083974,459.0890374967698
-50.26326250035411,459.3155947959634
-50.33439854873238,459.54209967875204
-50.404897059632965,459.76855494763856
-50.47475856566883,459.9949633626868
-50.543983608938206,460.2213276412932
-50.612572741549315,460.44765045796
-50.68052652613872,460.67393444407173
-50.74784553638327,460.9001821876744
-50.8145303575052,461.1263962332585
-50.88058158677024,461.35257908154585
-50.94599983397841,461.57873318928114
-51.0107857219473,461.80486096902763
-51.07493988698748,462.03096478896924
-51.138462979369905,462.25704697271726
-51.201355663784966,462.4831097991239
-51.263618619792915,462.7091555021019
-51.325252542265446,462.93518627045216
-51.38625814181816,463.16120424769707
-51.446636145233626,463.38721153192364
-51.506387295874774,463.613210175633
-51.56551235408842,463.83920218560047
-51.62401209759858,464.0651895227429
-51.68188732188938,464.29117410199666
-51.73913884057727,464.51715779220507
-51.79576748577233,464.7431424160161
-51.8517741084284,464.9691297497908
-51.90715957868174,465.19512152352263
-51.96192478617813,465.42111942076815
-52.01607064038799,465.6471250785895
-52.06959807090944,465.8731400875089
-52.122508027759025,466.0991659914755
-52.17480148164983,466.3252042878454
-52.22647942425692,466.55125642737374
-52.27754286846976,466.7773238142214
-52.32799284863149,467.0034078059742
-52.37783042076485,467.22950971367663
-52.42705666278466,467.45563080188015
-52.475672674696476,467.6817722887047
-52.52367957878152,467.90793534591626
-52.57107851976755,468.13412109901856
-52.61787066498563,468.3603306273602
-52.66405720451258,468.5865649642567
-52.70963935129906,468.8128250971288
-52.75461834128319,469.03911196765586
-52.79899543348952,469.2654264719451
-52.84277191011335,469.4917694607174
-52.885949076590265,469.71814173950855
-52.928528261650904,469.94454406888644
-52.97051081736078,470.17097716468606
-53.01189811914525,470.39744169825883
-53.052691565799556,470.62393829673994
-53.09289257948385,470.8504675433311
-53.132502605703365,471.07702997760015
-53.17152311327359,471.3036260957974
-53.20995559427056,471.53025635118763
-53.247801563966284,471.756921154399
-53.28506256074936,471.98362087378837
-53.32174014603087,472.2103558358224
-53.357835904135555,472.43712632547516
-53.393351442178506,472.66393258664164
-53.42828838992732,472.8907748225671
-53.46264839964998,473.11765319629217
-53.49643314594851,473.3445678311138
-53.52964432557857,473.5715188110609
-53.562283657255215,473.79850618138636
-53.59435288144484,474.02552994907234
-53.62585376014375,474.252590083352
-53.65678807664325,474.47968651624456
-53.6871576352818,474.70681914310484
-53.71696426118409,474.93398782318695
-53.74620979998768,475.161192380221
-53.774896117557105,475.38843260300393
-53.80302509968595,475.6157082460024
-53.83059865178696,475.84301902996856
-53.85761869857073,476.0703646425683
-53.88408718371303,476.2977447390212
-53.91000606951115,476.5251589427514
-53.93537733652969,476.75260684605024
-53.96020298323594,476.98008801074934
-53.98448502562531,477.20760196890336
-54.008225496837134,477.43514822348305
-54.03142644676115,477.66272624907737
-54.05408994163507,477.8903354926045
-54.07621806363355,478.1179753740311
-54.097812910449015,478.34564528709984
-54.11887659486469,478.57334460006336
-54.139411244320094,478.80107265642647
-54.15941900046961,479.02882877569374
-54.17890201873439,479.2566122541233
-54.19786246784798,479.48442236548647
-54.216302529396145,479.71225836183123
-54.23422439735124,479.9401194742513
-54.251630277601606,480.16800491365797
-54.26852238747627,480.3959138715562
-54.284902955265544,480.6238455208227
-54.30077421973776,480.85179901648695
-54.316138429652696,481.0797734965134
-54.330997843271994,481.3077680825855
-54.34535472786703,481.53578188088994
-54.35921135922475,481.76381398290135
-54.37257002115163,481.9918634661669
-54.38543300497644,482.21992939508937
-54.39780260905205,482.44801082170954
-54.40968113825673,482.67610678648686
-54.42107090349536,482.9042163190772
-54.43197422120089,483.13233843910785
-54.44239341283647,483.36047215695004
-54.45233080439872,483.5886164744867
-54.461788725922304,483.8167703858765
-54.47076951098642,484.0449328783134
-54.479275496223416,484.27310293278
-54.487309020829926,484.5012795247971
-54.49487242608094,484.72946162516536
-54.501968054847055,484.9576482007018
-54.50859825111532,485.18583821496895
-54.514765359513994,485.41403062899684
-54.52047172484144,485.6422244019976
-54.52571969159969,485.87041849207174
-54.53051160353268,486.09861185690596
-54.534849803169735,486.32680345446295
-54.5387366313744,486.5549922436612
-54.542174426898974,486.78317718504655
-54.54516552594499,487.01135724145297
-54.547712261729906,487.23953137865396
-54.549816964060234,487.46769856600383
-54.551481958911346,487.6958577770679
-54.552709568014215,487.9240079902425
-54.55350210844924,488.1521481893637
-54.55386189224743,488.3802773643045
-54.553791225999085,488.60839451156136
-54.553292410470156,488.8364986348282
-54.55236774022653,489.064588745559
-54.55101950326629,489.2926638635185
-54.549249980660214,489.5207230173202
-54.5470614462005,489.7487652449529
-54.54445616605807,489.9767895942937
-54.5414363984483,490.2047951236093
-54.53800439330556,490.43278090204444
-54.53416239196649,490.6607460100975
-54.529912626862014,490.8886895400831
-54.5252573212185,491.1166105965817
-54.520198688767785,491.34450829687745
-54.51473893346635,491.57238177138095
-54.508880249223516,491.80023016404107
-54.50262481963891,492.0280526327425
-54.49597481774902,492.2558483496906
-54.488932405783025,492.4836165017833
-54.48149973492781,492.7113562909699
-54.47367894510219,492.939066934597
-54.46547216474043,493.16674766574147
-54.45688151058485,493.3943977335307
-54.4479090874877,493.6220164034494
-54.43855698822221,493.84960295763454
-54.428827293302646,494.07715669515727
-54.41872207081359,494.3046769322919
-54.408243376248095,494.5321630027729
-54.397393252354966,494.7596142580395
-54.38617372899478,494.98703006746774
-54.37458682300487,495.2144098185908
-54.36263453807303,495.4417529173067
-54.350318864619865,495.66905878807506
-54.33764177968975,495.89632687410136
-54.324605246850275,496.12355663751
-54.31121121610016,496.35074755950563
-54.29746162378536,496.5778991405239
-54.283358392523404,496.80501090037063
-54.26890343113585,497.0320823783495
-54.254098634588665,497.2591131333808
-54.23894588394044,497.4861027441075
-54.22344704629836,497.7130508089922
-54.20760397478176,497.93995694640404
-54.191418508493165,498.1668207946947
-54.17489247249661,498.3936420122652
-54.158027677803254,498.6204202776236
-54.14082592136401,498.8471552894317
-54.123288986069085,499.07384676654453
-54.10541864075435,499.30049444803933
-54.08721664021439,499.52709809323636
-54.06868472522195,499.7536574817111
-54.049824622553864,499.9801724132981
-54.03063804502313,500.2066427080864
-54.01112669151706,500.4330682064074
-53.991292247041386,500.65944876881434
-53.971136382770105,500.8857842760549
-53.950660756100966,501.1120746290364
-53.92986701071647,501.3383197487829
-53.90875677665013,501.56451957638706
-53.88733167035796,501.7906740729536
-53.86559329479502,502.0167832195373
-53.843543239496796,502.2428470170743
-53.821183080665364,502.46886548630755
-53.79851438126013,502.69483866770565
-53.77553869109303,502.9207666213772
-53.752257546928035,503.1466494269784
-53.72867247258483,503.372487183616
-53.70478497904647,503.5982800097453
-53.68059656457099,503.8240280430624
-53.6561087148067,504.04973144039286
-53.63132290291111,504.2753903775744
-53.6062405896733,504.5010050493368
-53.58086322363966,504.7265756691763
-53.555192241242814,504.95210246922676
-53.52922906693357,505.1775857001268
-53.50297511331588,505.40302563088295
-53.47643178128457,505.6284225487298
-53.449600460165776,505.8537767589868
-53.42248252785991,506.07908858491135
-53.39507935098713,506.3043583675495
-53.36739228503503,506.5295864655838
-53.33942267450867,506.7547732551778
-53.311171853082556,506.9799191298189
-53.2826411437547,507.2050245001582
-53.25383185900252,507.4300897938486
-53.22474530094041,507.6551154553803
-53.195382761479145,507.8801019459148
-53.16574552248662,508.10504974311664
-53.135834855950186,508.32995934098403
-53.1056520241403,508.55483124967736
-53.07519827977533,508.7796659953469
-53.04447486618766,509.00446411995836
-53.013483017490756,509.2292261811182
-52.9822239587472,509.453952751897
-52.950698906137646,509.67864442065314
-52.91890906713059,509.9033017908537
-52.88685564065278,510.1279254808965
-52.8545398172603,510.3525161239306
-52.821962779310226,510.57707436767635
-52.78912570113269,510.8016008742453
-52.75602974920343,511.02609631995927
-52.72267608231658,511.2505613951696
-52.68906585175782,511.47499680407617
-52.65520020147756,511.69940326454645
-52.62108026826446,511.9237815079343
-52.58670718191876,512.1481322788986
-52.552082065425864,512.3724563352232
-52.51720603512961,512.5967544476357
-52.48208020090564,512.8210273996277
-52.44670566633444,513.0452759872746
-52.41108352887419,513.2695010190564
-52.37521488003338,513.4937033156787
-52.33910080554306,513.7178837098944
-52.302742385528624,513.9420430463265
-52.26614069468135,514.1661821812902
-52.229296802429246,514.3903019826179
-52.19221177310758,514.6144033294827
-52.15488666612871,514.8384871122245
-52.11732253615139,515.0625542321762
-52.07952043324941,515.2866056014909
-52.04148140307954,515.5106421429703
-52.00320648704885,515.7346647898939
-51.9646967224812,515.9586744858497
-51.925953142783,516.1826721845653
-51.88697677760813,516.4066588497404
-51.847768653022115,516.6306354548817
-51.80832979166531,516.8546029831364
-51.7686612129153,517.0785624271296
-51.72876393304836,517.3025147888009
-51.68863896539999,517.5264610792442
-51.64828732052442,517.7504023185471
-51.60771000635325,517.9743395356326
-51.56690802835301,518.1982737681017
-51.52588238968174,518.4222060620782
-51.4846340913445,518.6461374720534
-51.44316413234787,518.870069060734
-51.401473509853346,519.0940018988897
-51.3595632193297,519.3179370652041
-51.31743425470419,519.5418756461248
