theta_1,theta_2
90.0,90.0
89.99887585680604,89.99999999999986
89.99550342723022,89.99999999998904
89.98988271132708,89.99999999987409
89.98201370930865,89.99999999929149
89.97189642172623,89.99999999729616
89.95953084972483,89.99999999192524
89.9449169953703,89.99999997963722
89.92805486204921,89.99999995462663
89.9089444549413,89.99999990801383
89.8875857815648,89.99999982691048
89.86397885239423,89.99999969336025
89.83812368155097,89.99999948315502
89.81002028756646,89.99999916452657
89.77966869421799,89.99999869671373
89.74706893143708,89.99999802840519
89.71222103629042,89.9999970960579
89.67512505403313,89.99999582209124
89.63578103923469,89.99999411295704
89.59418905697693,89.99999185708567
89.55034918412434,89.99998892270818
89.50426151066654,89.99998515555504
89.45592614113251,89.99998037643128
89.4053431960767,89.99997437866874
89.35251281363674,89.99996692545551
89.29743515116233,89.99995774704297
89.24011038691542,89.99994653783095
89.18053872184088,89.99993295333147
89.11872038140788,89.99991660701158
89.05465561752115,89.99989706701602
88.9883447105018,89.99987385277032
88.91978797113757,89.9998464314652
88.84898574280123,89.99981421442322
88.77593840363747,89.99977655334841
88.70064636881679,89.9997327364602
88.62311009285624,89.99968198451289
88.54333007200592,89.99962344670155
88.4613068467006,89.99955619645633
88.37704100407534,89.99947922712622
88.29053318054417,89.99939144755437
88.20178406444083,89.99929167754637
88.1107943987202,89.99917864323386
88.01756498371935,89.99905097233527
87.92209667997663,89.99890718931616
87.82439041110754,89.99874571045159
87.72444716673562,89.99856483879299
87.62226800547678,89.99836275904256
87.5178540579753,89.998137532338
87.41120652998951,89.99788709095088
87.30232670552513,89.99760923290184
87.19121595001423,89.99730161649656
87.07787571353738,89.99696175478583
86.96230753408683,89.99658700995414
86.84451304086785,89.99617458764065
86.7244939576359,89.99572153119745
86.60225210606664,89.99522471588917
86.47778940915602,89.99468084303949
86.35110789464711,89.99408643412917
86.22220969848088,89.99343782485134
86.09109706826709,89.99273115912938
85.95777236677236,89.99196238310346
85.8222380754214,89.99112723909168
85.68449679780778,89.99022125953222
85.54455126321047,89.98923976091298
85.40240433011195,89.9881778376956
85.25805898971393,89.98703035624078
85.11151836944629,89.98579194874215
84.96278573646485,89.98445700717633
84.81186450113368,89.98301967727659
84.65875822048696,89.98147385253824
84.50347060166597,89.97981316826363
84.34600550532633,89.97803099565522
84.18636694901056,89.97612043596502
84.0245591104808,89.97407431470924
83.86058633100694,89.97188517595652
83.6944531186049,89.96954527669915
83.52616415121958,89.96704658131598
83.35572427984788,89.96438075613618
83.18313853159586,89.96153916411335
83.00841211266524,89.95851285961893
82.83155041126378,89.95529258336457
82.65255900043425,89.95186875746265
82.47144364079678,89.94823148063449
82.28821028319942,89.94437052357551
82.10286507127172,89.94027532448682
81.91541434387628,89.93593498478238
81.72586463745316,89.93133826498111
81.5342226882525,89.92647358079286
81.34049543445042,89.92132899940728
81.1446900181435,89.91589223599435
80.94681378721775,89.91015065042521
80.74687429708713,89.9040912442215
80.54487931229839,89.89770065774148
80.34083680799752,89.89096516761069
80.13475497125465,89.88387068440467
79.92664220224404,89.87640275059098
79.7165071152755,89.86854653873725
79.50435853967515,89.8602868499918
79.29020552051225,89.85160811284288
79.07405731917024,89.842494382162
78.8559234137602,89.83292933853653
78.63581349937455,89.82289628789627
78.41373748818057,89.81237816143806
78.1897055093522,89.80135751585202
77.96372790883999,89.78981653385253
77.73581524897918,89.77773702501639
77.50597830793582,89.76510042693018
77.27422807899207,89.75188780664783
77.0405757696715,89.73807986245976
76.80503280070603,89.72365692597276
76.56761080484645,89.70859896450112
76.32832162551875,89.69288558376695
76.08717731532919,89.67649603090864
75.844190134421,89.65940919779459
75.59937254868676,89.64160362463944
75.35273722783978,89.6230575039191
75.10429704334945,89.60374868458032
74.85406506624487,89.58365467654002
74.60205456479206,89.5627526554688
74.34827900205022,89.54101946785283
74.0927520333128,89.51843163632746
73.83548750343952,89.49496536527536
73.57649944408567,89.4705965466818
73.31580207083577,89.4453007662388
73.05340978024813,89.41905330968963
72.78933714681796,89.39182916940474
72.52359891986619,89.36360305117958
72.25621002036198,89.33434938124464
71.98718553768646,89.30404231347761
71.71654072634605,89.2726557368071
71.44429100264321,89.24016328279724
71.17045194131299,89.20653833340246
70.89503927213373,89.1717540288808
70.61806887652028,89.13578327585496
70.33955678410793,89.09859875550924
70.05951916933574,89.06017293191105
69.77797234803747,89.02047806044526
69.49493277404822,88.97948619634981
69.21041703583543,88.93716920334097
68.92444185316195,88.8934987623166
68.63702407378928,88.84844638012606
68.3481806702289,88.80198339839527
68.05792873654917,88.75408100239567
67.76628548524528,88.70471022994624
67.47326824417952,88.65384198033749
67.17889445359879,88.60144702326691
66.88318166323593,88.5474960077756
66.58614752950169,88.49195947117589
66.28780981277285,88.43480784796024
65.98818637478303,88.37601147868209
65.68729517612103,88.31554061879943
65.38515427384239,88.25336544747238
65.08178181919861,88.1894560763065
64.77719605548874,88.12378255803401
64.4714153160374,88.0563148951249
64.16445802230281,87.98702304832138
63.85634268211847,87.91587694508841
63.547087888071275,87.84284648797448
63.23671231601869,87.7679015628762
62.92523472374742,87.69101204720172
62.612673949775136,87.61214781792768
62.299048912297,87.53127875954506
61.98437860827797,87.44837477188982
61.66868211269163,87.3634057778544
61.35197857790597,87.27634173097667
61.034287233216055,87.1871526229035
60.71562738452336,87.095808490726
60.39601841416099,87.00227942418441
60.07547978086381,86.90653557274057
59.75403101988209,86.8085471525165
59.431691743237145,86.70828445309782
59.10848164011679,86.60571784420095
58.78442047740851,86.50081778220371
58.4595281003677,86.39355481653867
58.1338244334182,86.28389959594942
57.80732948108192,86.17182287460987
57.48006332903438,86.05729551810668
57.15204614528235,85.94028850928599
56.82329818145999,85.8207729539646
56.49383977423929,85.69872008650721
56.1636913468506,85.57410127527025
55.83287341070885,85.44688802791417
55.50140656714082,85.31705199658506
55.16931150920859,85.18456498296761
54.83660902362429,85.04939894321058
54.50331999275103,84.9115259927268
54.169465396684735,84.7709184108693
53.83506631541145,84.62754864548536
53.50014393103479,84.48138931735045
53.164719530067714,84.3324132244837
52.82881450578302,84.18059334634692
52.492450360616814,84.0259028479291
52.155648708618905,83.86831508371786
51.818431277944335,83.70780360156017
51.48081991337988,83.54434214641371
51.14283657889954,83.37790466399078
50.80450336024277,83.2084653042964
50.46584246750934,83.03599842506226
50.126876237764584,82.86047859507792
49.78762713764872,82.68188059742091
49.44811776598395,82.50017943258702
49.108370856373114,82.31535032152202
48.76840927978337,82.12736870855626
48.428256047108746,81.93621026424304
48.08793431170496,81.74185088810188
47.74746737189036,81.54426671126777
47.40687867340631,81.343434099047
47.0661918118309,81.13932965338068
46.72543053493934,80.93193021521633
46.38461874500475,80.72121286678832
46.04378050103287,80.5071549338077
45.70294002092431,80.28973398756179
45.362121683557866,80.06892784692403
45.021350030788554,79.84471458027429
44.680649769353856,79.61707250733001
44.34004577268179,79.38598020088844
43.99956308259438,79.15141648848007
43.659226910900024,78.91336045393346
43.319062640868395,78.6717914388517
42.97909582858133,78.42668904400058
42.63935220415326,78.17803313060868
42.29985767281472,77.92580382157955
41.96063831585228,77.66998150261628
41.62172039139856,77.41054682325873
41.28313033506556,77.14748069783367
40.944894760414705,76.88076430631862
40.60704045925705,76.6103790951196
40.26959440177683,76.33630677776361
39.93258373647149,76.05852933550706
39.59603578990159,75.77702901786049
39.25997806624332,75.49178834303154
38.92443824663693,75.2027900982872
38.58944418832375,74.91001734023712
38.25502392356457,74.61345339504014
37.92120565833217,74.3130818585362
37.588017770770406,74.00888659630627
37.25548880941222,73.70085174366338
36.923647491148785,73.38896170557813
36.59252269894185,73.07320115654245
36.26214347927101,72.75355504037614
35.9325390393076,72.43000856998063
35.60373874380647,72.10254722704582
35.27577211170691,71.77115676171549
34.94866881243334,71.43582319221821
34.62245866188649,71.09653280447085
34.297171618115115,70.75327215166276
33.972837776658196,70.40602805382916
33.64948736554695,70.05478759742378
33.327150739955904,69.69953813490062
33.005858376491354,69.34026728431671
32.68564086710555,68.97696292896785
32.366528912624126,68.609613217071
32.04855331587384,68.23820656150778
31.731744974397046,67.86273163964447
31.41613487273888,67.48317739324591
31.101754074292128,67.0995330285011
30.788633712684444,66.71178801618024
30.476804982691448,66.31993209194425
30.166299130658704,65.92395525682925
29.85714744441459,65.52384777793024
29.549381242655187,65.11960018930972
29.243031863781358,64.71120329315879
28.938130654167228,64.29864816124034
28.63470895583815,63.881926136645426
28.332798093535125,63.46102883589648
28.03242936114157,63.035948151432564
27.73363400744694,62.6066762545145
27.43644322122058,62.17320559858975
27.140888115567705,61.73552892315947
26.846999711538203,61.293639258192265
26.55480892095727,60.84752992913228
26.264346528445575,60.397194562551356
25.97564317259508,59.942627092498014
25.688729326265015,59.48382176759873
25.40363527596087,59.02077315896968
25.120391100257734,58.55347616900047
24.83902664722752,58.081926041073764
24.55957151082797,57.60611837028829
24.282055006209678,57.126049115255434
24.006506143895635,56.6417146110428
23.732953602786214,56.15311158334128
23.461425701940836,55.66023716393504
23.19195037108605,55.163088907557075
22.924555119798324,54.661664810215726
22.659267005308386,54.15596332908046
22.396112598872868,53.64598340401796
22.135117950657918,53.13172448087214
21.8763085530785,52.61318653658355
21.61970930253675,52.090370106246546
21.365344459502232,51.56327631220317
21.113237606877107,51.03190689527491
20.863411606589718,50.49626424823374
20.615888554360875,49.956351451614374
20.37068973258873,49.41217231196907
20.127835561300007,48.863731402665564
19.88734554711825,48.3110341073262
19.649238230203075,47.75408666600411
19.413531129118816,47.19289622418777
19.180240683596306,46.62747088472036
18.949382195157742,46.05781976271396
18.720969765582144,45.483953043530256
18.495016233197703,44.90588204389048
18.27153310699741,44.32361927616514
18.050530498585992,43.73717851588156
17.832017051979488,43.14657487247117
17.61599987129375,42.55182486326118
17.402484446374967,41.95294649069503
17.191474576444133,41.34995932274314
16.98297229184814,40.74288457644021
16.776977774033217,40.13174520445695
16.573489273881485,39.51656598458259
16.3725030285788,38.8973736119607
16.174013177211766,38.27419679388271
15.978011675323556,37.647066346903536
15.784488208692343,37.01601529599988
15.593430106632177,36.38107897544498
15.404822255154329,35.74229513102466
15.218647010366809,35.09970402316711
15.034884112531039,34.45334853050497
14.853510601237039,33.80327425333222
14.674500732201354,33.1495296163611
14.497825896235224,32.49216597012647
14.32345454097316,31.83123769032728
14.151352095993644,31.16680227433781
13.981480902003463,30.498920434066978
13.813800144794056,29.827656184291754
13.648265794711582,29.153076925543697
13.48483055241096,28.475253520585603
13.323443801686999,27.794260363480454
13.164051570191724,27.11017544022844
13.006596498855005,26.423080379931438
12.851017820824568,25.733060495439194
12.697251350730307,25.04020481243925
12.545229485055435,24.344606085974682
12.394881214362718,23.646360803411
12.24613214807692,22.945569172927353
12.098904552464191,22.242335096678246
11.953117402375074,21.53676612786044
11.808686447230217,20.82897341102635
11.66552429162666,20.119071605109077
11.523540490828776,19.407178788765144
11.382641661282083,18.693416347797495
11.242731606151803,17.977908844591802
11.103711455742737,17.260783869681774
10.965479822504806,16.54217187575088
10.827932970171853,15.822205994576219
10.69096499642244,15.101021837621476
10.554468028293464,14.378757281186553
10.41833242942326,13.655552237217396
10.282447018053588,12.931548411067213
10.14669929458247,12.20688904767528
10.010975677335356,11.481718667788346
9.87516174511312,10.756182795988513
9.739142484984413,10.030427682407241
9.60280254371916,9.304600020095107
9.466026481210879,8.578846660078922
9.328699024209383,7.8533143261703415
9.190705318682873,7.128149331592304
9.051931179149225,6.403497299461704
8.912263333360455,5.679502889108942
8.771589660790207,4.956309530129226
8.62979942346052,4.234059165948465
8.486783487749026,3.512892008551157
8.342434535938438,2.7929463058618555
8.196647266404439,2.0743581230992207
8.049318581482567,1.3572611392360865
7.900347762206688,0.641786459504345
7.749636629267985,-0.07193755531622395
7.597089689701037,-0.7837854422869244
7.442614268959859,-1.4936347720370229
7.2861206281988835,-2.2013662666811054
7.1275220667195684,-2.9068638999629965
6.966735009680529,-3.6100149798343
6.803679081296066,-4.310710213833813
6.638277163863436,-5.008843757776915
6.470455443062071,-5.704313248390153
6.300143440057688,-6.39701982063506
6.127274031020444,-7.086868110556251
5.951783454729008,-7.773766244562337
5.773611308981918,-8.457625816104333
5.592700536574377,-9.138361850756107
5.408997401623357,-9.815892760725585
5.222451457037498,-10.49014028983551
5.033015503931599,-11.161029450009478
4.840645543779771,-11.82848845028447
4.645300724087401,-12.492448619346433
4.446943278341309,-13.152844322552179
4.245538460970715,-13.809612874360415
4.041054478020182,-14.462694447048525
3.8334624142002927,-15.112031976540981
3.622736156943648,-15.757571066121328
3.408852318053489,-16.399259888743636
3.1917901534907673,-17.037049088602036
2.9715314818034164,-17.67089168255956
2.748060601659571,-18.300742961980493
2.5213642089050086,-18.92656039545467
2.291431313524637,-19.548303532848077
2.0582531568487212,-20.165933911062112
1.8218231293070812,-20.77941496183437
1.5821366889988517,-21.38871192186715
1.339191281311805,-21.993791745525918
1.0929862597937396,-22.59462302030921
0.8435228084491512,-23.19117588525369
0.5908038656073052,-23.7834219524034
0.33483404948295203,-24.371334231440585
0.07561958552818068,-24.954887057546777
-0.1868317643467092,-25.53405602253699
-0.452510770624057,-26.108817909286802
-0.7214068030588294,-26.679150629451506
-0.9935078955600196,-27.24503316445855
-1.2688008090588678,-27.806445509738577
-1.5472710923608444,-28.363368622146755
-1.8289031409883802,-28.915784370514448
-2.113680254029993,-29.46367548926123
-2.4015846890188643,-30.007025534989094
-2.692597714870161,-30.5458188459739
-2.9866996629116116,-31.0800405044637
-3.283869976046081,-31.609676301689394
-3.584087256088296,-32.13471270549004
-3.8873293093205175,-32.65513683045307
-4.193573190313891,-33.17093641046821
-4.502795244063599,-33.68209977359373
-4.8149711464867355,-34.18861581913327
-5.130075943332202,-34.690473996822746
-5.448084087551918,-35.187664288027605
-5.76896947518221,-35.68017718885261
-6.092705479783622,-36.16800369506812
-6.419264985486443,-36.651135288759235
-6.748620418688115,-37.12956392660665
-7.080743778447426,-37.603282029710826
-7.415606665618883,-38.072282474873866
-7.753180310769214,-38.53655858725668
-8.09343560091622,-38.996104134331894
-8.436343105128593,-39.45091332105629
-8.781873099023558,-39.90098078618964
-9.12999558819743,-40.346301599690214
-9.48068033062247,-40.786871261119984
-9.833896858041653,-41.222685698996365
-10.189614496391245,-41.65374127102995
-10.547802385279349,-42.08003476519105
-10.908429496546997,-42.50156340155088
-11.271464651936672,-42.91832483484617
-11.636876539891603,-43.33031715771889
-12.004633731507674,-43.737538904585655
-12.374704695658313,-44.13998905609415
-12.747057813311322,-44.53766704412645
-13.121661391055303,-44.93057275731191
-13.498483673852053,-45.31870654701453
-13.877492857030083,-45.702069233762394
-14.2586570975333,-46.08066211408873
-14.641944524437834,-46.45448696775677
-15.027323248748962,-46.82354606534219
-15.414761372489174,-47.18784217614949
-15.804226997087566,-47.547378576439975
-16.19568823107993,-47.902159057951444
-16.58911319712823,-48.25218793669084
-16.984470038367427,-48.597470061983024
-17.38172692408709,-48.93801082576044
-17.780852054754714,-49.273816172079485
-18.181813666387104,-49.604892606851045
-18.584580034275977,-49.93124720777375
-18.989119476073416,-50.25288763445948
-19.395400354242735,-50.56982213874182
-19.803391077880008,-50.88205957515891
-20.213060103911445,-51.18960941160309
-20.62437593767177,-51.4924817401301
-21.037307132868715,-51.790687287921486
-21.451822290938935,-52.084237428394005
-21.867890059800718,-52.373144192450425
-22.285479132009108,-52.65742027986604
-22.7045582423195,-52.93707907080547
-23.12509616466593,-53.21213463746418
-23.547061708560964,-53.48260175582915
-23.970423714924458,-53.74849591755251
-24.395151051349238,-54.00983334193184
-24.821212606812246,-54.26663098799008
-25.248577285840767,-54.51890656664734
-25.677214002143888,-54.766678552976025
-26.107091671720617,-55.009966198529774
-26.53817920545689,-55.24878954373546
-26.970445501224965,-55.483169430336325
-27.403859435499903,-55.713127513872806
-27.838389854509106,-55.93868627618616
-28.274005564932352,-56.15986903792806
-28.71067532417124,-56.376699971057704
-29.148367830208585,-56.58920411130572
-29.5870517110799,-56.797407370582164
-30.026695513981053,-57.001336549303545
-30.467267694037833,-57.20101934861124
-30.908736602765366,-57.3964843824513
-31.351070476247113,-57.58776118948271
-31.794237423065457,-57.77488024477848
-32.23820541201801,-57.957872971281034
-32.68294225965608,-58.136771750970084
-33.12841561768394,-58.31160993569835
-33.574592960259935,-58.482421857647196
-34.021441571243,-58.649242839350855
-34.46892853143031,-58.81210920323481
-34.91702070583434,-58.97105828061064
-35.3656847310502,-59.126128420066216
-35.81488700276608,-59.277358995187
-36.26459366347232,-59.42479041154102
-36.71477059042698,-59.56846411285708
-37.16538338393742,-59.70842258632278
-37.61639735602017,-59.84470936692627
-38.067777519502854,-59.977369040762945
-38.51948857763372,-60.106447247226384
-38.97149491426614,-60.231990680000365
-39.423760584686526,-60.3540470867677
-39.876249307155256,-60.47266526754992
-40.328924455231046,-60.58789507159132
-40.78174905094959,-60.69978739270054
-41.23468575892733,-60.80839416296293
-41.68769688146102,-60.91376834473783
-42.14074435469308,-61.01596392085638
-42.59378974591116,-61.1150358829373
-43.046794252049295,-61.211040217741285
-43.49971869945531,-61.30403389148764
-43.95252354498658,-61.394074832061605
-44.405168878493356,-61.48122190904544
-44.857614426744234,-61.56553491151266
-45.30981955884489,-61.64707452353124
-45.76174329319547,-61.725902297329185
-46.213344306026805,-61.802080624084624
-46.66458094154941,-61.87567270231112
-47.115411223742484,-61.94674250381955
-47.56579286980296,-62.015354737248245
-48.015683305266776,-62.08157480916458
-48.465039680806484,-62.14546878275334
-48.913818890700576,-62.207103334119886
-49.361977592960876,-62.26654570624906
-49.809472231095164,-62.32386366067466
-50.25625905747247,-62.37912542692778
-50.702294158248954,-62.43239964984656
-51.14753347980232,-62.48375533484394
-51.591932856613155,-62.53326179124384
-52.0354480405216,-62.580988573810195
-52.478034731278605,-62.62700542260661
-52.91964860830163,-62.67138220133736
-53.36024536353584,-62.714188834332774
-53.79978073531377,-62.75549524235374
-54.23821054309835,-62.79537127740048
-54.675490722987455,-62.83388665672063
-55.11157736385162,-62.87111089621995
-55.54642674397124,-62.90711324348618
-55.97999536803491,-62.941962610642584
-56.41224000435707,-62.9757275072518
-56.843117722170405,-63.00847597349378
-57.272585928847015,-63.040275513842694
-57.700602406902,-63.07119303146742
-58.12712535063345,-63.10129476357834
-58.552113402254896,-63.13064621793966
-58.97552568737887,-63.15931211076127
-59.39732184971398,-63.18735630617755
-59.817462084843186,-63.214841757512474
-60.23590717295604,-63.24183045052076
-60.65261851041511,-63.26838334878404
-61.06755814004377,-63.2945603414291
-61.480688780030874,-63.320420193322
-61.89197385135693,-63.34602049787841
-62.30137750365551,-63.37141763261494
-62.708864639433614,-63.39666671755195
-63.11440093658497,-63.4218215765615
-63.51795286914041,-63.44693470173874
-63.919487726210406,-63.47205722085832
-64.31897362908505,-63.49723886796122
-64.71637954646752,-63.522527957101545
-65.11167530782721,-63.54797135926639
-65.50483161486896,-63.57361448246717
-65.89582005112449,-63.5995012549853
-66.28461308968139,-63.62567411174124
-66.67118409907395,-63.65217398374239
-67.05550734736843,-63.679040290552386
-67.43755800448295,-63.70631093571298
-67.81731214278952,-63.734022305038465
-68.19474673605194,-63.76220926769333
-68.56983965675923,-63.79090517995425
-68.94256967191923,-63.8201418915508
-69.31291643738139,-63.849949754471616
-69.68086049076172,-63.88035763411778
-70.04638324304555,-63.91139292268029
-70.40946696894632,-63.943081554614885
-70.77009479610048,-63.9754480240849
-71.12825069317941,-64.00851540424115
-71.48391945700011,-64.04230536820688
-71.83708669871645,-64.07683821163576
-72.18773882917179,-64.11213287671191
-72.53586304349392,-64.14820697746201
-72.8814473050105,-64.18507682625182
-73.22448032856282,-64.22275746134218
-73.56495156329275,-64.26126267538243
-73.90285117497565,-64.3006050447231
-74.2381700279697,-64.34079595943358
-74.57089966684875,-64.38184565391478
-74.90103229778333,-64.42376323800146
-75.22856076973112,-64.4665567284538
-75.5534785554947,-64.51023308074248
-75.87577973270176,-64.55479822103709
-76.19545896475883,-64.6002570783124
-76.51251148182693,-64.64661361649249
-76.82693306186378,-64.69387086655803
-77.13872001177388,-64.74203095854682
-77.44786914870487,-64.79109515338311
-77.75437778152504,-64.84106387447609
-78.0582436925139,-64.89193673903284
-78.35946511929465,-64.94371258903578
-78.65804073703447,-64.99638952183912
-78.95396964093594,-65.04996492034356
-79.24725132903991,-65.10443548271232
-79.53788568535786,-65.15979725159596
-79.82587296334924,-65.21604564283712
-80.11121376975703,-65.27317547362999
-80.39390904881259,-65.33118099011295
-80.67396006681892,-65.3900558943759
-80.95136839711951,-65.44979337086679
-81.2261359054581,-65.51038611218512
-81.49826473573326,-65.57182634425236
-81.7677572961502,-65.63410585085202
-82.03461624577022,-65.69721599753436
-82.29884448145827,-65.76114775488271
-82.56044512522627,-65.8258917211407
-82.81942151197012,-65.89143814420073
-83.0757771775969,-65.95777694295661
-83.32951584753762,-66.02489772802396
-83.58064142564068,-66.09278982183376
-83.82915798344011,-66.16144227810541
-84.07506974979235,-66.23084390070683
-84.31838110087443,-66.3009832619101
-84.55909655053661,-66.37184872005191
-84.79722074100144,-66.44342843660878
-85.03275843390134,-66.51571039269786
-85.26571450164653,-66.58868240501437
-85.49609391911461,-66.6623321412175
-85.72390175565344,-66.73664713477663
-85.94914316738819,-66.81161479929035
-86.17182338982417,-66.88722244229085
-86.39194773073626,-66.96345727854651
-86.60952156333623,-67.04030644287542
-86.82455031970896,-67.117757002483
-87.0370394845091,-67.19579596883666
-87.24699458890908,-67.27441030909044
-87.45442120479008,-67.35358695707265
-87.65932493916755,-67.43331282384925
-87.86171142884264,-67.51357480787604
-88.06158633527166,-67.59435980475175
-88.25895533964534,-67.67565471658497
-88.45382413817,-67.7574464609869
-88.64619843754309,-67.83972197970212
-88.83608395061546,-67.9224682468891
-89.02348639223308,-68.0056722770622
-89.20841147525117,-68.0893211327065
-89.39086490671369,-68.17340193157648
-89.57085238419171,-68.25790185368953
-89.74837959227386,-68.342808148025
-89.92345219920279,-68.42810813893882
-90.09607585365151,-68.51378923230408
-90.26625618163368,-68.59983892138708
-90.43399878354218,-68.68624479246876
-90.59930923131049,-68.77299453022023
-90.76219306569156,-68.86007592284192
-90.92265579364927,-68.94747686697458
-91.08070288585718,-69.03518537239097
-91.23633977430042,-69.12318956647607
-91.38957184997572,-69.21147769850397
-91.54040446068551,-69.30003814371891
-91.68884290892181,-69.38885940722791
-91.83489244983609,-69.47793012771226
-91.97855828929102,-69.56723908096444
-92.11984558199069,-69.65677518325752
-92.25875942968577,-69.7465274945531
-92.39530487945015,-69.83648522155421
-92.52948692202598,-69.92663772060892
-92.66131049023411,-70.01697450047062
-92.79078045744684,-70.10748522492025
-92.91790163612048,-70.19815971525595
-93.04267877638495,-70.2889879526551
-93.16511656468778,-70.37996008041375
-93.28521962249056,-70.47106640606812
-93.40299250501502,-70.56229740340257
-93.51843970003713,-70.65364371434852
-93.63156562672691,-70.74509615077835
-93.74237463453191,-70.8366456961983
-93.85087100210303,-70.92828350734415
-93.95705893626038,-71.02000091568331
-94.06094257099801,-71.11178942882677
-94.16252596652576,-71.20364073185428
-94.26181310834694,-71.29554668855593
-94.35880790637027,-71.38749934259292
-94.45351419405519,-71.47949091858074
-94.54593572758893,-71.57151382309722
-94.63607618509467,-71.66356064561808
-94.72393916586942,-71.75562415938258
-94.80952818965092,-71.84769732219134
-94.89284669591245,-71.9397732771388
-94.97389804318512,-72.0318453532822
-95.05268550840633,-72.12390706624899
-95.1292122862944,-72.21595211878483
-95.20348148874822,-72.30797440124337
-95.27549614427156,-72.39996799201995
-95.34525919742165,-72.49192715793033
-95.41277350828155,-72.58384635453596
-95.4780418519557,-72.67572022641717
-95.54106691808875,-72.76754360739517
-95.60185131040701,-72.8593115207043
-95.66039754628265,-72.95101917911518
-95.71670805632014,-73.04266198500973
-95.77078518396512,-73.13423553040893
-95.82263118513545,-73.22573559695378
-95.87224822787459,-73.31715815584033
-95.91963839202717,-73.4084993677088
-95.9648036689369,-73.49975558248774
-96.00774596116715,-73.59092333919307
-96.04846708224396,-73.68199936568239
-96.08696875642211,-73.77298057836467
-96.12325261847438,-73.8638640818652
-96.15732021350424,-73.95464716864596
-96.18917299678233,-74.04532731858102
-96.21881233360747,-74.13590219848668
-96.24623949919211,-74.22636966160633
-96.2714556785732,-74.31672774704924
-96.29446196654884,-74.40697467918275
-96.31525936764118,-74.4971088669776
-96.33384879608658,-74.58712890330511
-96.35023107585336,-74.67703356418612
-96.36440694068799,-74.76682180798988
-96.37637703419064,-74.85649277458282
-96.3861419099209,-74.94604578442542
-96.39370203153429,-75.03548033761633
-96.39905777295088,-75.12479611288236
-96.40220941855685,-75.21399296651292
-96.40315716343991,-75.3030709312375
-96.40190111365995,-75.39203021504454
-96.39844128655578,-75.4808711999402
-96.39277761108947,-75.56959444064478
-96.38490992822928,-75.65820066322554
-96.37483799137264,-75.74669076366347
-96.3625614668106,-75.835065806352
-96.34807993423503,-75.92332702252565
-96.33139288729026,-76.01147580861608
-96.31249973417054,-76.09951372453321
-96.29139979826505,-76.187442491869
-96.2680923188521,-76.27526399202111
-96.2425764518443,-76.36298026423364
-96.21485127058645,-76.4505935035524
-96.18491576670802,-76.5381060586914
-96.15276885103223,-76.62552042980772
-96.11840935454379,-76.71283926618135
-96.08183602941702,-76.80006536379697
-96.04304755010702,-76.88720166282394
-96.00204251450562,-76.97425124499125
-95.9588194451647,-77.06121733085352
-95.9133767905891,-77.14810327694445
-95.86571292660139,-77.23491257281385
-95.8158261577813,-77.32164883794411
-95.76371471898211,-77.40831581854214
-95.70937677692658,-77.49491738420245
-95.65281043188527,-77.5814575244373
-95.59401371943999,-77.66794034506904
-95.53298461233484,-77.75437006448064
-95.46972102241824,-77.84075100971927
-95.40422080267838,-77.9270876124487
-95.33648174937537,-78.01338440474512
-95.26650160427299,-78.0996460147322
-95.19427805697325,-78.18587716204961
-95.11980874735654,-78.27208265315059
-95.04309126813112,-78.35826737642314
-94.96412316749455,-78.44443629712954
-94.88290195191068,-78.53059445215932
-94.79942508900531,-78.61674694458998
-94.71369001058392,-78.70289893805051
-94.62569411577452,-78.78905565088219
-94.53543477429923,-78.87522235009128
-94.44290932987758,-78.96140434508854
-94.34811510376504,-79.04760698120994
-94.25104939842981,-79.1338356330136
-94.15170950137143,-79.2200956973476
-94.05009268908375,-79.30639258618342
-93.94619623116616,-79.39273171921047
-93.84001739458532,-79.47911851618605
-93.73155344809096,-79.56555838903674
-93.62080166678811,-79.65205673370609
-93.50775933686869,-79.73861892174452
-93.39242376050488,-79.82525029163708
-93.2747922609069,-79.91195613986534
-93.15486218754702,-79.99874171169958
-93.03263092155203,-80.0856121917182
-92.90809588126594,-80.17257269405115
-92.78125452798437,-80.25962825234525
-92.65210437186177,-80.34678380944871
-92.5206429779925,-80.43404420681381
-92.3868679726663,-80.52141417361624
-92.25077704979849,-80.60889831559065
-92.11236797753435,-80.69650110358259
-91.97163860502766,-80.78422686181739
-91.82858686939178,-80.87207975588751
-91.68321080282209,-80.96006378046052
-91.5355085398876,-81.04818274671074
-91.38547832498901,-81.1364402694782
-91.23311851998025,-81.22483975416003
-91.07842761194934,-81.31338438333964
-90.92140422115442,-81.40207710316065
-90.76204710910947,-81.49092060945333
-90.60035518681397,-81.57991733362245
-90.43632752311972,-81.66906942830666
-90.26996335322751,-81.75837875282079
-90.10126208730522,-81.8478468583936
-89.93022331921817,-81.93747497321479
-89.75684683536191,-82.02726398730684
-89.58113262358629,-82.11721443723805
-89.4030808821991,-82.20732649069508
-89.22269202903662,-82.29759993093442
-89.03996671058695,-82.38803414113399
-88.85490581115174,-82.47862808866725
-88.66751046203056,-82.56938030932422
-88.47778205071116,-82.66028889150465
-88.2857222300479,-82.75135146041087
-88.09133292740991,-82.84256516226874
-87.89461635377931,-82.9339266486069
-87.69557501277889,-83.02543206062623
-87.49421170960795,-83.11707701369224
-87.29052955986398,-83.20885658198506
-87.0845319982271,-83.30076528334286
-86.87622278698323,-83.39279706433561
-86.66560602436168,-83.48494528560747
-86.45268615266164,-83.57720270752702
-86.2374679661419,-83.66956147618562
-86.01995661864758,-83.76201310978485
-85.80015763094706,-83.85454848545487
-85.57807689775228,-83.94715782654592
-85.35372069439534,-84.03983069043556
-85.12709568313413,-84.13255595689462
-84.89820891905998,-84.22532181705458
-84.66706785558053,-84.3181157630192
-84.43368034945132,-84.41092457816247
-84.19805466533009,-84.50373432815483
-83.96019947982853,-84.59653035275804
-83.72012388503707,-84.68929725842888
-83.47783739149904,-84.78201891176971
-83.23334993061215,-84.87467843386307
-82.98667185643602,-84.96725819552499
-82.73781394688645,-85.05973981351035
-82.48678740429828,-85.15210414770071
-82.23360385534116,-85.24433129930303
-81.97827535027363,-85.33640061008424
-81.72081436152394,-85.42829066266474
-81.46123378158748,-85.51997928188935
-81.19954692023377,-85.611443537292
-80.93576750101768,-85.70265974666627
-80.66990965709303,-85.79360348075016
-80.40198792632854,-85.88424956902995
-80.13201724572957,-85.9745721066636
-79.86001294517138,-86.06454446252032
-79.58599074045296,-86.15413928832854
-79.30996672568281,-86.2433285289207
-79.03195736501158,-86.33208343355835
-78.75197948372885,-86.42037456831765
-78.47005025874421,-86.50817182951072
-78.18618720847596,-86.595444458114
-77.90040818217287,-86.68216105517142
-77.61273134869747,-86.76828959813575
-77.32317518480149,-86.85379745810799
-77.03175846292669,-86.93865141793133
-76.73850023856632,-87.0228176910924
-76.44341983722418,-87.10626194138034
-76.14653684101086,-87.18894930325028
-75.84787107491715,-87.27084440283647
-75.5474425928073,-87.35191137955717
-75.24527166317489,-87.43211390825213
-74.94137875470557,-87.5114152217916
-74.63578452169153,-87.58977813409452
-74.32850978934307,-87.66716506349323
-74.01957553904238,-87.74353805638059
-73.70900289358538,-87.81885881107596
-73.39681310245668,-87.8930887018465
-73.0830275271821,-87.96618880302026
-72.76766762680298,-88.03811991312915
-72.45075494351507,-88.10884257902035
-72.13231108851377,-88.17831711987634
-71.8123577280864,-88.2465036510858
-71.49091656999006,-88.31336210790917
-71.16800935015254,-88.3788522688851
-70.8436578197316,-88.44293377892647
-70.51788373256566,-88.50556617205748
-70.19070883304761,-88.56670889374591
-69.86215484445023,-88.62632132278765
-69.53224345773036,-88.68436279270414
-69.20099632083587,-88.74079261261606
-68.86843502853763,-88.79557008756017
-68.53458111280565,-88.8486545382196
-68.19945603374697,-88.90000532004123
-67.86308117111926,-88.94958184171699
-67.52547781643307,-88.99734358300967
-67.1866671656519,-89.0432501119068
-66.8466703124979,-89.08726110108958
-66.50550824236848,-89.12933634370705
-66.16320182686643,-89.1694357684487
-65.81977181894489,-89.20751945391177
-65.4752388486656,-89.2435476422624
-65.12962341956764,-89.27748075219222
-64.78294590564137,-89.30927939117515
-64.4352265489013,-89.33890436703089
-64.08648545754933,-89.36631669880434
-63.736742604718614,-89.39147762697228
-63.38601782778709,-89.41434862299019
-63.03433082824806,-89.43489139819454
-62.6817011721244,-89.45306791207652
-62.328148290911834,-89.46884037994577
-61.97369148303575,-89.48217128000292
-61.61834991580539,-89.49302335984153
-61.26214262784831,-89.50135964240054
-60.9050885320079,-89.50714343138951
-60.54720641868558,-89.51033831620917
-60.18851495960964,-89.51090817639071
-59.8290327120119,-89.50881718557733
-59.468778123193374,-89.50402981507179
-59.10776953545995,-89.49651083697412
-58.74602519140918,-89.48622532693331
-58.38356323954902,-89.4731386665368
-58.02040174022973,-89.45721654536158
-57.65655867187021,-89.43842496271009
-57.29205193746021,-89.41673022905401
-56.92689937132004,-89.39209896720845
-56.56111874609993,-89.36449811325848
-56.194727780001266,-89.33389491725947
-55.82774414420243,-89.30025694373221
-55.46018547047233,-89.26355207197255
-55.092069358955136,-89.22374849619523
-54.72341338611008,-89.1808147255305
-54.3542351127908,-89.13471958389127
-53.984552092449015,-89.08543220972783
-53.61438187944777,-89.03292205568644
-53.243742037470135,-88.97715888818702
-52.87265014800951,-88.9181127869345
-52.5011238189283,-88.8557541443774
-52.129180693072115,-88.79005366512642
-51.75683845692716,-88.72098236534504
-51.38411484930893,-88.6485115721229
-51.01102767007067,-88.57261292284251
-50.63759478882076,-88.49325836454823
-50.26383415363824,-88.41042015332636
-49.889763799776446,-88.32407085370367
-49.51540185834487,-88.23418333807166
-49.14076656496,-88.14073078614207
-48.76587626835596,-88.0436866844395
-48.39074943894635,-87.94302482583524
-48.01540467732905,-87.83871930912628
-47.63986072272585,-87.73074453866268
-47.264136461349274,-87.61907522402534
-46.888250934689275,-87.50368637975627
-46.51222334771259,-87.38455332514212
-46.13607307696793,-87.26165168405133
-45.75981967859051,-87.13495738482499
-45.38348289619934,-87.00444666022028
-45.00708266868143,-86.87009604740526
-44.63063913785671,-86.73188238800294
-44.254172656018156,-86.58978282818245
-43.87770379334133,-86.4437748187939
-43.501253345158304,-86.29383611554385
-43.124842339090414,-86.13994477920728
-42.748492042034975,-85.9820791758716
-42.37222396700112,-85.82021797720807
-41.9960598797897,-85.65434016076529
-41.62002180551296,-85.4844250102792
-41.244132034949175,-85.31045211599363
-40.86841313072797,-85.13240137498492
-40.492887933341976,-84.95025299148436
-40.11757956698061,-84.7639874771909
-39.7425114451819,-84.57358565156746
-39.36770727629829,-84.37902864211298
-38.99319106877249,-84.18029788460262
-38.61898713621957,-83.97737512328773
-38.24512010231146,-83.7702424110481
-37.87161490546022,-83.55888210948724
-37.49849680329646,-83.34327688896279
-37.12579137693937,-83.1234097285428
-36.75352453505477,-82.89926391587936
-36.381722517698144,-82.6708230469904
-36.01041189993884,-82.43807102594059
-35.63961959526262,-82.2009920644121
-35.26937285874919,-81.95957068115618
-34.899699290021566,-81.71379170131601
-34.53062683596441,-81.46364025561174
-34.16218379320822,-81.20910177937824
-33.794398810376535,-80.95016201144654
-33.42730089009342,-80.68680699285946
-33.0609193907483,-80.41902306541245
-32.695284028015664,-80.14679687001043
-32.33042487612685,-79.87011534483197
-31.96637236889149,-79.58896572329162
-31.60315730046608,-79.30333553179202
-31.240810825867225,-79.01321258725716
-30.87936446122722,-78.71858499443884
-30.51885008378967,-78.4194411429879
-30.159299931642845,-78.11576970428291
-29.800746603188557,-77.80755962800865
-29.44322305634436,-77.49480013847749
-29.086762607476917,-77.17748073068672
-28.731398930064366,-76.85559116610584
-28.377166053085535,-76.52912146818758
-28.024098359133866,-76.19806191759749
-27.672230582253835,-75.86240304715717
-27.321597805497646,-75.52213563649664
-26.972235458199943,-75.17725070641232
-26.624179312968156,-74.82773951292727
-26.277465482385978,-74.47359354105141
-25.93213041542744,-74.11480449823996
-25.58821089357878,-73.75136430754915
-25.245744026665143,-73.38326510048904
-24.90476724837901,-73.01049920957449
-24.565318311506804,-72.63305916057566
-24.227435282850056,-72.25093766447117
-23.891156537836913,-71.86412760910751
-23.55652075481959,-71.47262205056984
-23.22356690905273,-71.07641420427039
-22.89233426634725,-70.6754974357621
-22.562862376393603,-70.26986525128628
-22.235191065747685,-69.85951128806504
-21.909360430472095,-69.44442930435028
-21.585410828424315,-69.02461316924337
-21.263382871182817,-68.60005685230063
-20.943317415600834,-68.17075441294276
-20.6252555549766,-67.73669998968735
-20.3092386098276,-67.29788778922659
-19.995308118254997,-66.85431207537441
-19.68350582588299,-66.40596715790956
-19.373873675356222,-65.95284738134455
-19.066453795376642,-65.49494711365226
-18.761288489259258,-65.03226073498612
-18.45842022298416,-64.56478262643247
-18.157891612719926,-64.09250715883735
-17.859745411791053,-63.615428681753905
-17.56402449705937,-63.13354151256065
-17.27077185468648,-62.646839925804805
-16.980030565241183,-62.1553181428302
-16.691843788112386,-61.65897032175358
-16.406254745184363,-61.1577905478589
-16.123306703727323,-60.65177282448463
-15.843042958451887,-60.14091106448524
-15.565506812671652,-59.62519908235464
-15.290741558512988,-59.1046305871062
-15.018790456106036,-58.579199176011144
-14.74969671168517,-58.04889832930567
-14.483503454521294,-57.513721405984796
-14.220253712601755,-56.97366164081051
-13.959990386966973,-56.42871214267121
-13.702756224605496,-55.87886589443923
-13.448593789801544,-55.32411575448478
-13.197545433820892,-54.76445446001531
-12.949653262812305,-54.19987463242187
-12.704959103792667,-53.63036878482676
-12.463504468574332,-53.05592933204013
-12.225330515483261,-52.476548603147485
-11.990478008705999,-51.89221885696474
-11.758987275092728,-51.30293230061326
-11.5308981582323,-50.70868111148315
-11.306249969603668,-50.10945746287009
-11.085081436596171,-49.50525355358801
-10.867430647179164,-48.89606164187792
-10.653334990989245,-48.281874083950925
-10.442831096591291,-47.66268337752194
-10.23595476465749,-47.03848221070871
-10.032740896796989,-46.40926351668896
-9.833223419757717,-45.77502053452577
-9.637435204711688,-45.13574687658861
-9.445407981325998,-44.491436603012595
-9.257172246313981,-43.84208430365319
-9.072757166155185,-43.187685188005275
-8.892190473669238,-42.52823518356508
-8.715498358127958,-41.86373104311956
-8.542705348592694,-41.19417046144979
-8.373834190170605,-40.51955220193193
-8.208905712895108,-39.83987623351053
-8.047938692952835,-39.15514387850282
-7.890949706003123,-38.4653579716687
-7.737952972367133,-37.77052303094725
-7.588960193903447,-37.070645440215955
-7.443980382436232,-36.365733644371616
-7.3030196796623095,-35.65579835696079
-7.1660811685355785,-34.94085278050009
-7.033164676212705,-34.22091283952273
-6.9042665687438385,-33.49599742626342
-6.779379537807557,-32.766128658749295
-6.658492379921194,-32.03133215089807
-6.541589768707135,-31.29163729403376
-6.4286520209630424,-30.547077549015544
-6.319654857469618,-29.79769074793553
-6.214569159673197,-29.043519404075685
-6.113360723601587,-28.28461102852508
-6.01599001260863,-27.521018451546063
-5.9224119107940325,-26.75280014644532
-5.83257547920698,-25.980020553356667
-5.74642371721108,-25.202750399981202
-5.663893331659184,-24.421067015964592
-5.584914516793559,-23.63505463722766
-5.509410748042361,-22.84480469621522
-5.437298593119038,-22.050416093700463
-5.368487544037599,-21.251995447490014
-5.302879873823361,-20.449657313132562
-5.2403705218146115,-19.643524371556246
-5.180847011504381,-18.833727578461758
-5.1241894048517596,-18.02040627029539
-5.070270296888211,-17.203708221732814
-5.018954854246687,-16.383789649833975
-4.970100900942104,-15.560815160392519
-4.9235590543258425,-14.734957632507257
-4.879172913622214,-13.906398038051643
-4.83677930283301,-13.075325193508304
-4.796208569073272,-12.241935442562163
-4.757284936587848,-11.406432268893848
-4.719826915809477,-10.56902583976525
-4.683647765874866,-9.729932482215109
-4.648556008039526,-8.88937409495288
-4.614355986452591,-8.04757750031727
-4.580848471799139,-7.204773741912692
-4.547831302420825,-6.361197334710495
-4.515100056716714,-5.517085475462182
-4.482448749933808,-4.672677222179461
-4.4496705479067336,-3.8282126521575575
-4.416558489919094,-2.9839320085254855
-4.382906212650052,-2.140074845580107
-4.348508667146959,-1.296879183189146
-4.313162820929105,-0.4545806803305027
-4.276668337672537,0.3865881626198904
-4.2388282274378515,1.22639876391405
-4.199449461062547,2.0646271747020504
-4.158343543122133,2.9010547405049407
-4.115327038741592,3.735468704000334
-4.070222050480446,4.567662744463939
-4.0228566424895895,5.3974374504846345
-3.9730652101158723,6.224600723845844
-3.920688794083186,7.048968113704762
-3.8655753392814955,7.870363081370667
-3.807579899027109,8.68861719705674
-3.7465647864020823,9.503570270935207
-3.6823996749263292,10.315070421648327
-3.6149616513557925,11.122974086108973
-3.5441352238312525,11.927145974961379
-3.469812288926248,12.727458978467391
-3.3918920613637047,13.52379402784277
-3.3102809702964255,14.316039917201845
-3.2248925260857444,15.104093091289915
-3.1356471614758643,15.887857404105322
-3.0424720509599337,16.66724385335246
-2.945300911979101,17.442170295438427
-2.844073791398825,18.212561145444397
-2.7387368404780976,18.97834706618247
-2.629242081296711,19.73946465010204
-2.5155471673418472,20.49585609744876
-2.39761514068573,21.247468893713073
-2.2754141879171663,21.994255489042978
-2.148917396726803,22.736172981943483
-2.0181025147929934,23.473182809248787
-1.882951712375527,24.20525044403608
-1.7434513498003286,24.932345102855383
-1.5995917508111925,25.65443946337914
-1.4513669825754356,26.371509393329706
-1.2987746429593685,27.08353369132241
-1.1418156555365235,27.79049384006593
-0.9804940726561183,28.49237377218977
-0.8148168867805092,29.189159648819
-0.644793850197412,29.880839650888234
-0.47043730312435145,30.567403783077808
-0.29176201014796355,31.248843690164318
-0.10878500487820288,31.92515248550263
0.07847455735398486,32.59632459129636
0.2699955389685747,33.26235559026603
0.4657549520238429,33.923242088288134
0.6657280827902359,34.578981587551766
0.8698886093001632,35.229572369761755
1.0782087121757695,35.8750133889067
1.2906591790443918,36.51530417310569
1.5072095028548387,37.15044473504854
1.7278279744075375,37.78043549054927
1.9524817694085457,38.405277184741195
2.181137030351996,39.024970825453096
2.4137589435281592,39.63951762332003
2.650311811445418,40.24891893819684
2.8907591209443524,40.85317623145949
3.1350636072712046,41.452291023796306
3.3831873143664075,42.04626485810911
3.6350916516119263,42.635099267162374
3.890737447268981,43.21879574563657
4.150084998825501,43.797355726259816
4.413094120460511,44.37078055970981
4.679724187820665,44.93907149799497
4.949934180292438,45.50222968104089
5.22368272094206,46.060256126223905
5.500928114284266,46.61315172060983
5.781628382030299,47.16091721567003
6.0657412969554345,47.70355322426218
6.35322441501653,48.24106021967572
6.644035105840857,48.773438536555815
6.938130581698658,49.30068837353121
7.235467925063515,49.82280979738319
7.5360041148567385,50.33980274860398
7.839696051464558,50.85166704820291
8.14650058060989,51.35840240562864
8.456374516153891,51.86000842768468
8.769274661896334,52.356484628324495
9.085157832438073,52.84783043921978
9.40398087316352,53.334045221004
9.725700679395933,53.815128275099724
10.050274214773724,54.29107885604534
10.377658528891564,54.761896184242794
10.707810774246065,55.22757945905414
11.040688222521979,55.68812787218
11.37624828025147,56.14354062125818
11.7144485038757,56.59381692362592
12.055246614235031,57.03895603019323
12.398600510511395,57.47895723937969
12.744468283643819,57.913819911070576
13.092808229235784,58.34354348055236
13.443578859970941,58.76812747239099
13.79673891755172,59.18757151421967
14.152247384173608,59.60187535040625
14.510063493546143,60.01103885557304
14.870146741470254,60.415062047944836
15.23245689598012,60.81394510250359
15.59695400705652,61.20768836393056
15.963598415917478,61.59629235931923
16.332350763890982,61.97975781064456
16.703172000873636,62.35808564697603
17.0760233933782,62.73127701642435
17.450866532172352,63.099333297813175
17.827663339510067,63.462256112069284
18.206376075956737,63.82004733332631
18.586967346808215,64.17270909973867
18.969400108103862,64.52024382400401
19.3536376722329,64.86265420359392
19.7396437131332,65.1999432306941
20.12738227108123,65.53211420185643
20.516817757071507,65.85917072736683
20.907914956783724,66.1811167403338
21.300639034135465,66.49795650550405
21.69495553441813,66.80969462781218
22.090830387013632,67.11633606067319
22.48822990768912,67.41788611402691
22.887120800467,67.71435046214471
23.287470159067276,68.0057351512099
23.689245467919143,68.29204660668393
24.09241460273874,68.57329164047117
24.496945830669784,68.84947745789638
24.902807809983823,69.12061166450911
25.309969589336703,69.38670227273033
25.718400606577855,69.64775770835729
26.128070687108895,69.90378681694303
26.538950041788045,70.15479887006765
26.951009264376747,70.40080357151916
27.364219328525014,70.64181106340186
27.77855158429173,70.87783193219101
28.19397775419641,71.10887721475298
28.61046992879868,71.33495840434995
29.028000561801882,71.55608745664941
29.446542464677126,71.77227679575813
29.866068800804197,71.9835393203011
30.28655307912569,72.18988840956591
30.70796914731082,72.39133792973304
31.130291184425495,72.58790224021303
31.553493693105107,72.77959620011094
31.977551491226816,72.96643517483899
32.4024397030782,73.14843504289766
32.82813375001911,73.32561220284593
33.25460934063401,73.4979835804805
33.68184246037213,73.66556663624377
34.10980936067312,73.8283793728799
34.53848654757616,73.98644034335777
34.96785076981093,74.13976865907885
35.39787900636899,74.28838399838754
35.82854845355511,74.43230661540028
36.259836511518095,74.57155734916938
36.69172077026166,74.70615763319564
37.124178995136376,74.83612950530329
37.55718911181477,74.96149561788887
37.99072919075223,75.08227924855456
38.4247774311377,75.19850431113441
38.85931214433892,75.31019536712016
39.29431173684861,75.4173776374914
39.729754692738844,75.52007701495239
40.16561955563294,75.6183200765754
40.60188491020519,75.71213409684792
41.03852936322125,75.80154706111792
41.47553152413317,75.88658767942854
41.91286998524596,75.96728540073
42.35052330147419,76.04367042745275
42.78846996971003,76.11577373042253
43.22668840782654,76.18362706409343
43.665156933343034,76.24726298207071
44.103853741782075,76.30671485289083
44.54275688475126,76.3620168760208
44.98184424778602,76.41320409803411
45.42109352799323,76.46031242891499
45.8604822115396,76.50337865843706
46.29998755103216,76.54244047255666
46.73958654284275,76.5775364697551
47.17925590443228,76.60870617725736
47.618972051735255,76.63599006704924
48.05871107666917,76.6594295716073
48.49844872483837,76.67906709925025
48.93816037350612,76.69494604901298
49.37782100991376,76.70711082493844
49.81740521003003,76.71560684967501
50.25688711781858,76.7204805772616
50.696240425115874,76.72177950497533
51.13543835221623,76.71955218411131
51.57445362926464,76.71384822955778
52.013258478562015,76.704718328025
52.4518245978909,76.69221424478133
52.89012314497262,76.67638882874564
53.32812472316977,76.65729601578218
53.76579936854955,76.63499083004113
54.20311653842502,76.60952938318678
54.640045101492085,76.5809688713543
55.07655332967961,76.54936756967751
55.512608891829245,76.51478482423092
55.94817884931931,76.47728104123372
56.38322965374441,76.43691767336762
56.81772714675785,76.39375720306673
57.25163656217916,76.34786312264652
57.68492253046205,76.29929991114759
58.11754908561092,76.24813300778244
58.54947967462455,76.19442878188651
58.980677169535916,76.13825449928943
59.41110388210505,76.07967828504016
59.84072158120961,76.0187690824377
60.26949151296354,75.95559660833953
60.69737442357949,75.89023130474199
61.12433058497449,75.82274428664971
61.5503198231013,75.75320728627612
61.97530154897048,75.68169259364223
62.39923479230953,75.60827299366744
62.82207823778673,75.5330216998735
63.24379026370841,75.45601228484888
63.66432898307908,75.37731860764961
64.08365228689485,75.29701473833816
64.50171788952225,75.215174879889
64.91848337599647,75.13187328771471
65.33390625105577,75.04718418709004
65.74794398971332,74.96118168877395
66.16055408915274,74.87393970315009
66.57169412172055,74.78553185322345
66.98132178877758,74.69603138682722
67.38939497516172,74.60551108840578
67.79587180400742,74.51404319074948
68.20071069166174,74.42169928706318
68.60387040243442,74.32855024375348
69.00531010291867,74.23466611431867
69.40498941562133,74.14011605472189
69.80286847164574,74.04496824062034
70.19890796217669,73.94928978681249
70.59306918852641,73.85314666925105
70.9853141105111,73.75660364995275
71.37560539294101,73.65972420511532
71.76390645002154,73.56257045672997
72.15018148747947,73.46520310795253
72.5343955422469,73.36768138246943
72.91651451955317,73.27006296806636
73.29650522729678,73.17240396457753
73.67433540758822,73.0747588363629
74.04997376537709,72.97718036942942
74.42338999409701,72.8797196332811
74.79455479828339,72.78242594755172
75.16343991313974,72.68534685344305
75.53001812104837,72.58852808996242
75.89426326504037,72.49201357492433
76.25615025925899,72.39584539065417
76.61565509646688,72.30006377430662
76.97275485266445,72.20470711268764
77.32742768890107,72.10981194144743
77.67965285037423,72.0154129484927
78.02941066292344,71.92154298144854
78.37668252703615,71.8282330589865
78.72145090949167,71.7355123858214
79.06369933277607,71.64340837117005
79.40341236240725,71.55194665045649
79.7405755923132,71.46115111004188
80.07517562840957,71.371043914754
80.40720007052423,71.28164553798841
80.73663749281702,71.19297479415333
81.06347742284171,71.1050488732321
81.38771031939571,71.01788337723924
81.70932754930016,70.93149235835095
82.0283213632497,70.84588835849648
82.34468487086639,70.76108245020286
82.65841201508779,70.67708427849368
82.96949754601353,70.59390210365032
83.27793699432891,70.51154284465329
83.58372664441774,70.43001212313061
83.88686350727018,70.34931430765003
84.18734529328493,70.2694525582017
84.48517038505786,70.19042887072843
84.78033781024303,70.11224412157048
85.07284721456493,70.03489811170242
85.36269883505412,69.95838961064912
85.64989347357219,69.88271639997846
85.93443247068532,69.80787531627713
86.21631767993978,69.73386229352604
86.49555144258677,69.66067240480008
86.77213656279817,69.58829990322613
87.04607628340969,69.51673826214092
87.31737426222253,69.44598021439849
87.5860345488901,69.37601779078412
87.85206156241152,69.30684235749848
88.11546006924979,69.23844465268219
88.37623516208845,69.17081482195718
88.63439223923675,69.10394245296648
88.88993698469032,69.03781660889933
89.14287534885113,68.97242586099348
89.39321352990784,68.90775832001019
89.64095795587492,68.84380166668223
89.88611526728694,68.780543181138
90.12869230054218,68.71796977130845
90.36869607188814,68.65606800032617
90.60613376203942,68.59482411292882
90.84101270141787,68.5342240608809
91.07334035600287,68.47425352743022
91.30312431377904,68.41489795081694
91.53037227176776,68.35614254685431
91.75509202362788,68.29797233060219
91.9772914478108,68.24037213715435
92.19697849625418,68.18332664156247
92.41416118359864,68.12682037791981
92.62884757691113,68.07083775762808
92.84104578589884,68.01536308687166
93.05076395359706,67.96038058332336
93.25801024751487,67.90587439210586
93.46279285122212,67.85182860103365
93.66511995636158,67.79822725515913
93.86499975507029,67.74505437064761
94.0624404327941,67.69229394800453
94.2574501614801,67.63992998467891
94.45003709313137,67.58794648706602
94.64020935370944,67.53632748193206
94.82797503736947,67.48505702728345
95.01334220101421,67.43411922270232
95.19631885915277,67.38349821916991
95.37691297905057,67.33317822839842
95.55513247615775,67.28314353169189
95.73098520980287,67.23337848835563
95.90447897914015,67.18386754367359
96.07562151933817,67.13459523647215
96.2444204979984,67.08554620628829
96.410883511793,67.0367052001597
96.57501808331087,66.98805707905362
96.73683165810198,66.93958682395072
96.89633160191009,66.89127954159957
97.05352519808443,66.8431204699572
97.20841964516131,66.7950949833298
97.3610220546071,66.74718859722829
97.51133944871415,66.6993869729514
97.65937875864175,66.65167592191024
97.8051468225946,66.60404140970593
97.94865038413155,66.55646955997291
98.08989609059753,66.50894665799909
98.22889049167225,66.4614591541339
98.36564003802923,66.41399366699513
98.50015108009926,66.36653698648409
98.63242986693244,66.31907607661947
98.76248254515349,66.27159807819868
98.89031515800501,66.22409031129588
99.01593364447383,66.17654027760501
99.13934383849579,66.1289356626361
99.26055146823437,66.08126433777258
99.37956215542907,66.03351436219704
99.49638141480952,65.98567398469257
99.61101465357126,65.93773164532642
99.72346717091001,65.88967597702255
99.83374415761064,65.84149580702916
99.94185069568766,65.7931801582873
100.04779175807435,65.7447182507059
100.15157220835738,65.69609950234896
100.25319680055416,65.64731353053972
100.35267017893074,65.59835015288692
100.44999687785702,65.54919938823777
100.54518132169774,65.49985145756207
100.6382278247365,65.45029678477164
100.72914059113094,65.40052599747933
100.81792371489716,65.35052992770122
100.90458117992135,65.30029961250591
100.98911685999707,65.24982629461418
101.0715345188864,65.19910142295261
101.15183781040344,65.14811665316402
101.23003027851874,65.09686384807817
101.30611535748312,65.0453350781451
101.38009637196991,64.99352262183434
101.45197653723389,64.94141896600229
101.52175895928622,64.8890168062303
101.58944663508406,64.83630904713601
101.65504245273391,64.78328880265983
101.71854919170761,64.72994939632916
101.7799695230703,64.67628436150197
101.83930600971924,64.62228744159196
101.89656110663282,64.56795259027695
101.95173716112915,64.51327397169243
102.00483641313313,64.45824596061172
102.05586099545172,64.40286314261456
102.10481293405661,64.34712031424549
102.15169414837365,64.2910124831633
102.1965064515786,64.23453486828332
102.23925155089864,64.17768289991349
102.2799310479191,64.1204522198854
102.31854643889501,64.06283868168175
102.35509911506699,64.00483835056116
102.38959036298101,63.94644750368116
102.42202136481187,63.887662630220916
102.45239319868968,63.8284804315039
102.48070683902928,63.768897821121975
102.50696315686214,63.70891192506146
102.5311629201704,63.64852008183197
102.55330679422286,63.58771984259892
102.57339534191254,63.52650897132017
102.5914290240956,63.46488544488767
102.60740819993131,63.4028474532747
102.62133312722291,63.340393399689205
102.63320396275888,63.27752190073381
102.64302076265484,63.214231786573094
102.65078348269537,63.150522101108564
102.65649197867582,63.086392102161795
102.66014600674384,63.021841261666076
102.66174522374048,62.95686926586712
102.66128918754042,62.891476015533094
102.6587773573915,62.8256616261743
102.65420909425308,62.75942642827287
102.6475836611331,62.69277096752272
102.63890022342378,62.62569600508006
102.62815784923559,62.55820251782471
102.61535550972935,62.49029169863235
102.60049207944647,62.421964956657966
102.58356633663675,62.353223917630736
102.564576963584,62.284070424160255
102.5435225469289,62.21450653605454
102.52040157798919,62.144534530649686
102.49521245307683,62.07415690315137
102.467953473812,62.00337636698818
102.43862284743376,61.932195854176975
102.40721868710706,61.86061851570009
102.37373901222608,61.7886477218946
102.33818174871352,61.71628706285339
102.30054472931565,61.6435403488383
102.26082569389307,61.57041161070501
102.2190222897067,61.49690510033974
102.17513207169904,61.423025291107706
102.12915250277015,61.348776878313096
102.0810809540486,61.27416477967051
102.03091470515656,61.19919413578777
101.97865094446922,61.123870310659825
101.92428676936825,61.048198892173644
101.86781918648876,60.97218569262383
101.80924511195987,60.89583674923879
101.74856137163836,60.81915832471714
101.68576470133534,60.742156907774174
101.62085174703542,60.664839213697974
101.55381906510843,60.58721218491498
101.48466312251311,60.50928299156459
101.41338029699271,60.431059032082445
101.3399668772621,60.35254793379206
101.26441906318608,60.273757553504375
101.18673296594888,60.194695978124734
101.106904608214,60.115371525266866
101.02492992427479,60.035792743873444
100.94080476019495,59.955968414842566
100.85452487393889,59.87590755165976
100.76608593549162,59.79561940103476
100.67548352696794,59.71511344354266
100.58271314271052,59.63439939426855
100.48777018937669,59.55348720345513
100.3906499860137,59.472387057152574
100.291347764122,59.391109377869775
100.18985866770645,59.309664825226214
100.08617775331518,59.228064296603755
99.98029999006583,59.14631892779721
99.87222025965882,59.064440093662974
99.76193335637757,58.982439408764655
99.6494339870755,58.90032872801466
99.53471677114943,58.81812014731061
99.41777624049935,58.735826004165595
99.29860683947433,58.653458878330824
99.17720292480449,58.57103159240962
99.05355876551886,58.488557212461274
98.92766854284902,58.406049048593424
98.79952635011864,58.32352065554143
98.66912619261858,58.240985833233196
98.53646198746793,58.15845862733785
98.40152756346073,58.07595332979641
98.26431666089859,57.993484479332736
98.12482293140931,57.91106686194278
97.9830399377518,57.8287155113601
97.83896115360737,57.74644570949554
97.69257996335777,57.664272986848715
97.54388966185027,57.582213122889016
97.39288345415035,57.50028214640362
97.23955445528233,57.41849633580974
97.08389568995867,57.336872219428436
96.9259000922984,57.25542657571694
96.76556050553575,57.174176433456495
96.60286968171934,57.09313907189219
96.43782028140356,57.012332020821596
96.2704048733325,56.93177306062826
96.10061593411814,56.85148022225633
95.9284458479139,56.77147178712217
95.75388690608503,56.69176628695858
95.57693130687743,56.61238250358712
95.39757115508681,56.53333946861356
95.21579846172999,56.45465646304149
95.03160514372038,56.3763530167985
94.84498302355034,56.29844890816937
94.65592382898237,56.22096416313004
94.46441919275249,56.143919054576095
94.27046065228829,56.06733410143886
94.07403964944528,55.99123006768202
93.87514753026464,55.91562796117115
93.67377554475664,55.84054903240806
93.46991484671332,55.76601477312164
93.26355649355541,55.69204691470597
93.05469144621762,55.61866742649637
92.84331056907803,55.54589851387335
92.62940462993664,55.473762616183606
92.41296430004938,55.40228240446714
92.19398015422362,55.331480778978246
91.97244267098223,55.261380866488096
91.7483422328035,55.19200601735532
91.52166912644459,55.123379802350755
91.2924135433572,55.05552600922132
91.06056558020411,54.98846863897728
90.82611523948646,54.922231901886434
90.58905243029186,54.85684021315737
90.3493669691743,54.79231818829348
90.10704858117761,54.72869063809804
89.86208690101465,54.665982563309505
89.61447147441585,54.60421914884539
89.36419175966073,54.54342575763147
89.11123712930767,54.483627923992046
88.85559687213787,54.424851346575636
88.59726019532997,54.36712188078891
88.33621622688386,54.31046553071048
88.07245401831213,54.25490844045448
87.80596254761953,54.2004768849523
87.5367307225917,54.14719726011929
87.26474738441568,54.09509607237135
86.990001311656,54.04419992745487
86.71248122461131,53.994535518551274
86.43217579007838,53.946129613615845
86.14907362655097,53.899009041908336
85.86316330988328,53.853200679670984
85.57443337944859,53.80873143490746
85.2828723448258,53.76562823121419
84.98846869304761,53.72391799061325
84.69121089644626,53.683627615334096
84.39108742113386,53.644783968488795
84.08808673615637,53.60741385358379
83.78219732336197,53.57154399280841
83.47340768802592,53.537201004038636
83.16170637027597,53.50441137649224
82.84708195736391,53.47320144496939
82.52952309683059,53.443597362610795
82.2090185106129,53.415625072103616
81.8855570101433,53.3893102752635
81.5591275124931,53.364678400919544
81.22971905761295,53.34175457102763
80.8973208267238,53.32056356493638
80.56192216191387,53.301129781729145
80.2235125869969,53.28347720056487
79.88208182968798,53.267629338940694
79.537619845153,53.2536092087994
79.19011684098814,53.24143927040568
78.83956330368468,53.23114138391666
78.4859500266339,53.22273675857451
78.12926813972508,53.21624589945149
77.76950914058759,53.2116885516818
77.40666492752571,53.209083642119374
77.0407278341908,53.208449218366255
76.67169066603232,53.20980238512343
76.29954673856292,53.213159237823895
75.92428991746851,53.21853479351736
75.5459146605858,53.22594291898721
75.16441606176308,53.235396256092685
74.77978989661021,53.24690614434383
74.39203267013363,53.260482540732745
74.00114166624074,53.276133936862976
73.60711499908466,53.29386727343884
73.2099516662063,53.313687852198825
72.80965160341441,53.33559924540145
72.40621574132702,53.35960320299887
71.99964606347862,53.38569955766206
71.58994566587698,53.41388612785271
71.17711881787127,53.44415861917034
70.76117102416984,53.47651052423812
70.3421090878208,53.51093302142906
69.91994117394299,53.5474148727725
69.49467687396657,53.58594232142242
69.06632727011544,53.62649898911067
68.63490499983382,53.669065774051326
68.20042431983082,53.71362074980576
67.76290116938672,53.76013906566158
67.32235323253664,53.8085928491209
66.87879999871829,53.85895111113542
66.43226282144434,53.91117965476475
65.9827649745345,53.96524098797114
65.53033170542022,54.02109424129664
65.07499028501529,54.07869509119693
64.61677005363003,54.13799568982856
64.15570246239551,54.198944602102436
63.69182110965789,54.261486750824915
63.22516177180261,54.325563370747474
62.755762427974176,54.39111197233699
62.28366327816978,54.45806631605814
61.80890675420571,54.52635639792929
61.331537523083156,54.59590844707035
60.851602482316885,54.666644935907016
60.36915074683393,54.73848460362888
59.88423362710306,54.81134249342043
59.396904598216175,54.88513000389274
58.90721925971146,54.95975495504188
58.41523528600384,55.03512166894736
57.92101236737027,55.11113106530155
57.42461214152492,55.18768077173129
56.92609811591087,55.26466524873649
56.42553558092937,55.34197592892967
55.922991514423856,55.41950137011769
55.41853447783138,55.49712742162432
54.91223450450807,55.57473740311203
54.40416298082542,55.65221229502673
53.89439252071917,55.72943093966165
53.38299683445029,55.80627025171967
52.870050592407175,55.88260543714833
52.355629284837526,55.95831021893158
51.83980907844666,56.033257068447966
51.32266667083528,56.107317440948606
50.804279143772895,56.18036201367061
50.28472381631327,56.25226092508316
49.76407809875464,56.32288401376514
49.242419348431,56.3921010554339
48.71982472829094,56.45978199668465
48.196371069178866,56.52579718405775
47.67213473668085,56.59001758712516
47.147191503334234,56.65231501437648
46.62161642692887,56.71256232078668
46.095483735549536,56.770633606060294
45.56886671992484,56.82640440266745
45.04183763356022,56.879751852914296
44.51446760104275,56.930554874420594
43.98682653481445,56.978694313509294
43.458983060621264,57.02405308614366
42.93100445175733,57.066516306175764
42.40295657213994,57.10597140079305
41.87490382817145,57.14230821316705
41.34690912927042,57.17541909241685
40.819033856886755,57.20519897110094
40.29133784175468,57.231545430540955
39.76387934908412,57.25435875436185
39.23671507134443,57.27354197070257
38.709900128255995,57.28900088361031
38.18348807357364,57.3006440941806
37.657530908221325,57.30838301204296
37.13207909932024,57.312131857821235
36.60718160464094,57.31180765721625
36.08288590200501,57.307330227369505
35.55923802316152,57.29862215616922
35.03628259166854,57.28560877515584
34.5140628643187,57.268218126673595
33.99262077566064,57.24638092589875
33.471996985183594,57.22003051835459
32.95223092675082,57.18910283349886
32.43336085988767,57.1535363349418
31.915423922551728,57.11327196782298
31.39845618503557,57.06825310384367
30.882492704675833,57.018425484418295
30.367567581066435,56.96373716237543
29.85371401149744,56.90413844260468
29.340964346364792,56.83958182201273
28.829350144319086,56.77002192911854
28.31890222694418,56.69541546358592
27.80965073277783,56.61572113596042
27.301625170507293,56.53089960784805
26.7948544711924,56.440913432744736
26.289367039386992,56.34572699769893
25.78519080304697,56.245306465964404
25.282353262129362,56.13961972077677
24.78088153580168,56.02863631036553
24.28080240819459,55.91232739429299
23.782142372643666,55.79066569119294
23.284927674377354,55.663625427965
22.789184351618808,55.53118229046492
22.294938275078653,55.39331337571719
21.802215185824146,55.24999714566382
21.311040731517853,55.10121338245158
20.821440501025464,54.9469431452504
20.333440057398487,54.78716872858632
19.847064969242513,54.62187362216499
19.362340840486347,54.45104247215487
18.879293338571134,54.274661043893346
18.397948221081865,54.092716185974346
17.918331360846434,53.90519579567167
17.440468769529744,53.71208878564887
16.96438661975221,53.51338505190394
16.490111265763538,53.30907544289484
16.017669262703798,53.09915172979007
15.54708738448473,52.88360657778791
15.078392640324742,52.66243351844672
14.611612289971522,52.4356269229688
14.146773857646272,52.2031819763803
13.683905144743623,51.96509465254994
13.223034241321061,51.72136168999022
12.76418953641146,51.47198056838549
12.30739972719183,51.21694948579261
11.852693827040957,50.956267336460996
11.400101172517918,50.6899336892208
10.9496514292929,50.4179487663891
10.501374597060941,50.1403134231462
10.055301013468465,49.857029127335856
9.611461357081698,49.56809793964521
9.169886649425148,49.27352249412256
8.73060825611753,48.97330597899281
8.293657887131513,48.66745211773338
7.859067596202837,48.35596515037482
7.426869779413365,48.03884981499348
6.9970971729716345,47.71611132936568
6.5697828502135565,47.38775537275505
6.144960217844856,47.05378806780778
5.7226630114458406,46.71421596253253
5.302925290258046,46.36904601234461
4.885781431271207,46.018285562156684
4.47126612262792,45.66194232850066
4.059414356362232,45.30002438166853
3.6502614204871753,44.932540127862374
3.2438428904451206,44.5594982913466
2.8401946199334662,44.18090789659853
2.439352731116945,43.79677825045608
2.041353604236391,43.407118924264594
1.6462338666223912,43.011939736027585
1.2540303811207014,42.6112507325696
0.8647802339347267,42.205062171722275
0.47852072188863787,41.79338450454838
0.09528933911292652,41.376228357621635
-0.28487623684771873,40.95360451538383
-0.6619381595063495,40.52552390260434
-1.035858428489791,40.09199756697091
-1.4065989051853436,39.653036661844425
-1.7741213289871574,39.20865242921452
-2.1383873341538764,38.758856182896984
-2.4993584672919162,38.30365929201854
-2.856996205481679,37.843073164838835
-3.2112619750671465,37.37710923296472
-3.562117171132644,36.905778936016496
-3.9095231776941084,36.42909370681153
-4.253441388636005,35.94706495713575
-4.593833229429048,35.45970406417981
-4.930660179668186,34.96702235772242
-5.2638837964748255,34.469031108150176
-5.593465738812155,33.96574151540964
-5.919367792767467,33.45716469899496
-6.241551897860872,32.94331168908134
-6.559980174445445,32.4241934189232
-6.874614952269931,31.89982071864343
-7.185418800281465,31.370204310549614
-7.492354557752464,30.835354806121707
-7.795385366822809,30.295282704825503
-8.09447470655582,29.749998394916243
-8.389586428614129,29.1995121564072
-8.6806847946695,28.643834166388977
-8.967734515668901,28.082974506896658
-9.250700793087622,27.516943175533772
-9.529549362308918,26.94575009907404
-9.804246538278637,26.36940515027461
-10.074759263592277,25.78791816814694
-10.341055159181073,25.201298981944866
-10.603102577772798,24.60955743914209
-10.86087066031199,24.012703437684838
-11.114329395533076,23.41074696281808
-11.363449682888286,22.803698128796693
-11.608203399040189,22.191567225804913
-11.848563468135819,21.574364772419113
-12.084503936085683,20.952101573959272
-12.316000049076036,20.32478878708379
-12.54302833654638,19.692437990989706
-12.765566698866074,19.055061265585895
-12.983594499943555,18.41267127700938
-13.197092664998793,17.76528137085491
-13.406043783723664,17.112905673483517
-13.610432219045432,16.455559201767546
-13.810244221694898,15.793257981615769
-14.005468050762433,15.12601917560266
-14.196094100401334,14.453861219999093
-14.382115032808041,13.776803971467368
-14.563525917572067,13.09486886363998
-14.740324377443935,12.408079073748022
-14.912510740516717,11.71645969940058
-15.080088198754423,11.020037945539578
-15.243062972728358,10.318843321504152
-15.401444482339508,9.612907848033876
-15.555245523210374,8.902266273919736
-15.704482448323128,8.186956301875043
-15.849175354361746,7.467018823044545
-15.989348272084055,6.74249815939874
-16.125029359905078,6.013442313071323
-16.256251099716458,5.279903221491592
-16.38305049379846,4.541937016940955
-16.50546926150275,3.7996042889251935
-16.62355403419724,3.052970347503827
-16.73735654677133,2.302105485457891
-16.846933823804044,1.5470852369115484
-16.952348358302274,0.7879906297559746
-17.053668280726367,0.024908428961879062
-17.150967515840918,-0.7420686323834158
-17.24432592476547,-1.5128416377092433
-17.333829429459932,-2.2873052908626077
-17.419570116769766,-3.0653477430389366
-17.50164631908388,-3.8468504466211453
-17.58016266863162,-4.631688039863827
-17.655230122471618,-5.419728266348985
-17.726965955311496,-6.210831933050951
-17.79549371745042,-7.00485291067239
-17.860943155360456,-7.801638179643271
-17.92345009272186,-8.601027924805694
-17.983156270102395,-9.40285568133698
-18.04020914192123,-10.206948533892756
-18.09476162985926,-11.013127370285188
-18.146971832463667,-11.821207190258102
-18.197002691334976,-12.630997469092838
-18.24502161496691,-13.442302574893288
-18.29120006201744,-14.254922237476304
-18.335713086505667,-15.068652065857915
-18.37873884813335,-15.88328411040315
-18.420458091601947,-16.698607464824985
-18.461053599414242,-17.514408902404078
-18.50070962319427,-18.330473540082405
-18.539611299011916,-19.146585523485125
-18.577944052543145,-19.962528725467386
-18.61589300012136,-20.7780874504824
-18.653642351831525,-21.593047136935404
-18.69137482276311,-22.407195049729538
-18.729271058371395,-23.22032095542294
-18.76750907960552,-24.032217772793658
-18.80626375305605,-24.842682192136643
-18.845706290868755,-25.651515257276323
-18.886003784582233,-26.458522905046152
-18.927318776394227,-27.26351645783721
-18.969808870665897,-28.066313065724046
-19.013626387755846,-28.86673609560916
-19.058918061556835,-29.66461546576124
-19.105824781407048,-30.459787925030984
-19.154481378381135,-31.252097276889707
-19.20501645534881,-32.041394549231526
-19.25755225963162,-32.827538111594166
-19.312204596600264,-33.610393742076006
-19.369082782140758,-34.38983464675102
-19.42828963158017,-35.1657414348057
-19.489921482401694,-35.938002052943595
-19.55406824789157,-36.706511682827546
-19.620813498743132,-37.47117260546265
-19.690234569589435,-38.231894036472724
-19.762402687439543,-38.988591936199015
-19.83738311904667,-39.741188798461344
-19.915235334331232,-40.48961342168048
-19.99601318311117,-41.23380066587529
-20.079765082547787,-41.973691198829854
-20.166534212891058,-42.709231234483426
-20.256358719297523,-43.44037226633766
-20.349271917690864,-44.167070798409306
-20.445302502834807,-44.88928807598794
-20.544474756986634,-45.60698981819376
-20.646808757693083,-46.32014595407314
-20.752320583476543,-47.02873036372457
-20.8610225163361,-47.732720625715686
-20.972923240153285,-48.43209777183652
-21.088028034245777,-49.12684605003527
-21.20633896145284,-49.81695269620199
-21.32785505026407,-50.50240771530171
-21.452572470617767,-51.18320367221308
-21.580484703097746,-51.85933549249924
-21.711582701347744,-52.53080027322454
-21.845855047601585,-53.197597103833544
-21.98328810129573,-53.85972689702425
-22.123866140789435,-54.51719222947742
-22.267571498267326,-55.16999719224463
-22.41438468794055,-55.81814725054948
-22.56428452769684,-56.461649112717836
-22.717248254377132,-57.10051060792258
-22.873251632878077,-57.7347405724058
-23.03226905929628,-58.36434874382485
-23.194273658341995,-58.989345663358456
-23.359237375258253,-59.60974258520296
-23.527131062486024,-60.22555139308727
-23.697924561318036,-60.836784523436975
-23.871586778783467,-61.44345489482249
-24.048085760003097,-62.04557584333339
-24.227388756250612,-62.643161063529774
-24.409462288950163,-63.23622455463193
-24.594272209834,-63.82478057162119
-24.781783757476443,-64.40884358093699
-24.971961610412823,-64.98842822046853
-25.16476993704346,-65.56354926355215
-25.360172442514244,-66.13422158669948
-25.55813241275654,-66.7004601407949
-25.758612755860227,-67.26227992551391
-25.961576040945086,-67.8196959667278
-26.166984534686673,-68.3727232966723
-26.374800235644706,-68.92137693667101
-26.58498490653329,-69.46567188221636
-26.79750010456446,-70.00562309022247
-27.01230720998863,-70.54124546827592
-27.229367452948036,-71.07255386572075
-27.44864193875205,-71.59956306642485
-27.670091671676488,-72.12228778308418
-27.893677577382256,-72.64074265293115
-28.119360524042754,-73.15494223472166
-28.34710134226325,-73.66490100688429
-28.576860843870122,-74.17063336672268
-28.80859983964242,-74.67215363056958
-29.042279156053283,-75.16947603479831
-29.27785965108413,-75.66261473760349
-29.515302229170008,-76.15158382146991
-29.754567855330578,-76.63639729625325
-29.995617568537032,-77.11706910280266
-30.238412494362024,-77.59361311705979
-30.482913856955918,-78.06604315457398
-30.72908299038979,-78.53437297537761
-30.97688134940258,-78.99861628917004
-31.226270519586894,-79.45878676076211
-31.47721222704577,-79.91489801573724
-31.7296683475499,-80.36696364628857
-31.983600915222986,-80.8149972171944
-32.238972130780596,-81.25901227189763
-32.4957443693461,-81.6990223386575
-32.75388018786549,-82.13504093674443
-33.013342332141356,-82.56708158265162
-33.27409374350446,-82.99515779629866
-33.53609756514046,-83.41928310720509
-33.7993171480876,-83.83947106061379
-34.06371605692027,-84.25573522354539
-34.32925807513206,-84.66808919076738
-34.5959072102312,-85.07654659066246
-34.86362769856003,-85.48112109098284
-35.132384009849545,-85.88182640447789
-35.40214085151917,-86.27867629438454
-35.672863172731226,-86.67168457977047
-35.94451616820895,-87.06086514072157
-36.217065281826265,-87.44623192336613
-36.49047620997694,-87.82779894472904
-36.76471490473047,-88.2055802974105
-37.03974757678128,-88.57959015408424
-37.315540698197644,-88.94984277181123
-37.59206100497631,-89.3163524961656
-37.8692754994084,-89.67913376517006
-38.14715145226199,-90.03820111303871
-38.425656404786345,-90.39356917372608
-38.70475817054268,-90.745252684281
-38.98442483706603,-91.09326648800538
-39.26462476736253,-91.43762553741773
-39.54532660124644,-91.77834489702164
-39.82649925652092,-92.11543974588069
-40.10811193000647,-92.4489253800004
-40.39013409842076,-92.77881721451917
-40.67253551911364,-93.10513078570979
-40.955286230660825,-93.42788175279411
-41.238356553319846,-93.74708589957261
-41.5217170893515,-94.06275913587213
-41.80533872321038,-94.37491749881414
-42.08919262160765,-94.68357715390702
-42.373250233449255,-94.98875439596495
-42.65748328965295,-95.29046564985735
-42.941863802847145,-95.58872747109218
-43.22636406695477,-95.8835565462364
-43.51095665666527,-96.17496969317779
-43.79561442679775,-96.46298386123156
-44.080310511558416,-96.7476161310959
-44.36501832369531,-97.0288837146602
-44.64971155355329,-97.30680395467012
-44.93436416803243,-97.58139432425342
-45.21895040945268,-97.85267242631079
-45.50344479432784,-98.12065599277558
-45.78782211205183,-98.38536288374675
-46.072057423500226,-98.64681108649896
-46.356126059549965,-98.90501871437408
-46.640003619520186,-99.16000400555822
-46.92366596953721,-99.41178532174818
-47.20708924082646,-99.66038114671164
-47.490249827934285,-99.90581008474484
-47.773124386882685,-100.14809085903212
-48.055689833259585,-100.38724230991089
-48.337923340247826,-100.62328339304604
-48.619802336595455,-100.856233177518
-48.901304504530316,-101.08611084382761
-49.182407777621755,-101.31293568182208
-49.46309033859213,-101.53672708854549
-49.74333061708104,-101.75750456601746
-50.02310728736496,-101.97528771894355
-50.30239926603496,-102.19009625236079
-50.58118570963546,-102.401949969222
-50.859446012266346,-102.61086876792176
-51.13715980315139,-102.81687263976771
-51.414306944175536,-103.01998166640016
-51.690867527393564,-103.220216017163
-51.966821872512774,-103.41759594642916
-52.242150524352255,-103.6121417908833
-52.516834250281136,-103.80387396676468
-52.79085403763839,-103.99281296707296
-53.06419109113658,-104.17897935873958
-53.33682683025189,-104.36239377976737
-53.6087428866029,-104.54307693634068
-53.8799211013203,-104.7210495999088
-54.150343522409926,-104.89633260424466
-54.41999240211128,-105.06894684248135
-54.688850194253696,-105.2389132641283
-54.95689955161239,-105.40625287206964
-55.22412332326642,-105.57098671954633
-55.490504551960626,-105.73313590712428
-55.75602647147357,-105.89272157965021
-56.02067250399338,-106.04976492319702
-56.28442625750355,-106.20428716200033
-56.54727152318033,-106.35630955538807
-56.809192272803806,-106.50585339470419
-57.07017265618414,-106.65294000022863
-57.330196998604954,-106.79759071809428
-57.589249798285294,-106.93982691720294
-57.84731572386197,-107.07966998614098
-58.1043796118937,-107.2171413300964
-58.36042646438868,-107.35226236777814
-58.61544144635694,-107.48505452833892
-58.86940988338892,-107.61553924830262
-59.12231725926169,-107.74373796849714
-59.3741492135741,-107.86967213099372
-59.62489153941188,-107.9933631760537
-59.87453018104433,-108.11483253908337
-60.12305123165333,-108.23410164759788
-60.37044093109594,-108.35119191819501
-60.616685663701716,-108.46612475353916
-60.86177195610546,-108.57892153935677
-61.10568647511665,-108.68960364144327
-61.34841602562616,-108.79819240268262
-61.58994754855133,-108.9047091400796
-61.83026811881994,-109.00917514180584
-62.069364943394014,-109.11161166425948
-62.307225359333955,-109.21203992913968
-62.54383683190371,-109.31048112053574
-62.77918695271762,-109.40695638203185
-63.01326343792926,-109.50148681382733
-63.24605412646293,-109.59409346987319
-63.47754697828811,-109.68479735502528
-63.7077300727373,-109.7736194222141
-63.936591606867516,-109.86058056963203
-64.16411989386573,-109.9457016379381
-64.39030336149851,-110.02900340748047
-64.61513055060591,-110.11050659553736
-64.83859011364001,-110.19023185357625
-65.0606708132477,-110.26819976453197
-65.28136152089833,-110.34443084010391
-65.50065121555579,-110.41894551807243
-65.71852898239504,-110.49176415963521
-65.93498401156315,-110.56290704676316
-66.15000559698451,-110.63239437957694
-66.3635831352102,-110.70024627374369
-66.57570612431105,-110.7664827578947
-66.78636416281445,-110.83112377106416
-66.99554694868431,-110.89418916014912
-67.2032442783439,-110.95569867739144
-67.40944604574136,-111.0156719778813
-67.61414224145719,-111.07412861708328
-67.8173229518534,-111.13108804838494
-68.01897835826385,-111.18656962066817
-68.21909873622526,-111.24059257590388
-68.41767445474815,-111.29317604677024
-68.6146959756274,-111.34433905429466
-68.8101538527915,-111.39410050552006
-69.00403873169026,-111.44247919119562
-69.1963413487197,-111.48949378349258
-69.38705253068413,-111.53516283374508
-69.57616319429401,-111.57950477021669
-69.76366434569931,-111.62253789589296
-69.94954708005741,-111.66428038630025
-70.13380258113474,-111.70475028735122
-70.31642212094135,-111.7439655132175
-70.49739705939764,-111.78194384422974
-70.67671884403225,-111.81870292480555
-70.85437900971046,-111.85426026140551
-71.03036917839196,-111.88863322051806
-71.20468105891736,-111.92183902667297
-71.37730644682222,-111.95389476048449
-71.54823722417807,-111.98481735672407
-71.71746535945907,-112.0146236024231
-71.8849829074338,-112.04333013500631
-72.05078200908078,-112.0709534404558
-72.21485489152732,-112.09750985150626
-72.3771938680102,-112.12301554587182
-72.53779133785766,-112.14748654450462
-72.69663978649147,-112.17093870988562
-72.85373178544845,-112.19338774434793
-73.00905999242002,-112.21484918843281
-73.16261715130943,-112.23533841927893
-73.31439609230519,-112.25487064904485
-73.46438973197016,-112.27346092336519
-73.61259107334524,-112.29112411984067
-73.75899320606672,-112.30787494656215
-73.90358930649649,-112.32372794066909
-74.04637263786411,-112.33869746694245
-74.1873365504201,-112.35279771643219
-74.32647448159925,-112.36604270511963
-74.46377995619339,-112.37844627261468
-74.59924658653281,-112.39002208088816
-74.73286807267529,-112.4007836130391
-74.86463820260218,-112.4107441720973
-74.99455085242067,-112.41991687986093
-75.12259998657159,-112.42831467576951
-75.24877965804185,-112.43595031581172
-75.37308400858107,-112.4428363714685
-75.49550726892149,-112.44898522869116
-75.61604375900066,-112.4544090869142
-75.73468788818619,-112.45911995810307
-75.85143415550209,-112.46312966583636
-75.96627714985598,-112.4664498444224
-76.07921155026672,-112.46909193805006
-76.19023212609181,-112.47106719997335
-76.2993337372543,-112.47238669172972
-76.40651133446848,-112.47306128239157
-76.51175995946409,-112.4731016478507
-76.6150747452085,-112.47251827013541
-76.71645091612662,-112.47132143675975
-76.81588378831809,-112.46952124010448
-76.9133687697713,-112.46712757682933
-77.00890136057428,-112.46415014731606
-77.10247715312174,-112.46059845514199
-77.19409183231838,-112.45648180658303
-77.28374117577799,-112.45180931014613
-77.37142105401837,-112.4465898761304
-77.45712743065151,-112.44083221621607
-77.54085636256944,-112.43454484308107
-77.6226040001251,-112.42773607004435
-77.70236658730836,-112.42041401073519
-77.78014046191721,-112.41258657878814
-77.8559220557238,-112.40426148756252
-77.92970789463551,-112.39544624988612
-78.001494598851,-112.38614817782207
-78.07127888301105,-112.37637438245832
-78.13905755634458,-112.366131773719
-78.20482752280961,-112.3554270601967
-78.26858578122916,-112.34426674900519
-78.33032942542256,-112.33265714565158
-78.39005564433182,-112.32060435392714
-78.44776172214345,-112.30811427581621
-78.50344503840577,-112.29519261142225
-78.55710306814177,-112.2818448589101
-78.60873338195792,-112.26807631446408
-78.65833364614866,-112.25389207226065
-78.70590162279734,-112.23929702445535
-78.75143516987303,-112.22429586118272
-78.79493224132419,-112.20889307056895
-78.83639088716882,-112.19309293875604
-78.87580925358148,-112.17689954993719
-78.91318558297748,-112.16031678640215
-78.9485182140943,-112.14334832859237
-78.98180558207055,-112.1259976551647
-79.01304621852259,-112.10826804306343
-79.04223875161917,-112.0901625675997
-79.06938190615423,-112.07168410253767
-79.09447450361804,-112.05283532018692
-79.1175154622669,-112.03361869150031
-79.13850379719167,-112.01403648617696
-79.15743862038553,-111.99409077276952
-79.17431914081055,-111.97378341879528
-79.18914466446408,-111.95311609085068
-79.20191459444455,-111.93209025472878
-79.21262843101718,-111.9107071755389
-79.22128577167973,-111.88896791782851
-79.22788631122825,-111.86687334570657
-79.23242984182347,-111.84442412296808
-79.23491625305745,-111.82162071321964
-79.23534553202104,-111.7984633800055
-79.2337177633722,-111.77495218693397
-79.23003312940509,-111.75108699780404
-79.22429191012037,-111.72686747673166
-79.21649448329673,-111.70229308827601
-79.20664132456359,-111.6773630975653
-79.19473300747528,-111.65207657042203
-79.18077020358662,-111.62643237348779
-79.16475368253015,-111.60042917434745
-79.14668431209479,-111.57406544165296
-79.12656305830642,-111.54733944524642
-79.10439098550978,-111.52024925628295
-79.08016925645254,-111.49279274735326
-79.0538991323706,-111.46496759260599
-79.02558197307562,-111.4367712678702
-78.99521923704388,-111.40820105077827
-78.96281248150717,-111.37925402088912
-78.92836336254514,-111.34992705981253
-78.89187363517948,-111.32021685133448
-78.85334515346959,-111.29011988154411
-78.81277987060987,-111.25963243896267
-78.77017983902859,-111.22875061467472
-78.72554721048795,-111.19747030246222
-78.67888423618581,-111.16578719894194
-78.6301932668584,-111.13369680370658
-78.57947675288445,-111.10119441947037
-78.52673724439018,-111.06827515221948
-78.47197739135545,-111.03493391136797
-78.41519994372075,-111.00116540991984
-78.35640775149481,-110.96696416463786
-78.29560376486307,-110.93232449621976
-78.23279103429661,-110.89724052948252
-78.16797271066142,-110.86170619355546
-78.10115204532809,-110.82571522208282
-78.03233239028172,-110.78926115343644
-77.96151719823173,-110.75233733093961
-77.8887100227218,-110.71493690310248
-77.8139145182396,-110.67705282387001
-77.73713444032633,-110.63867785288318
-77.6583736456857,-110.59980455575425
-77.57763609229274,-110.5604253043569
-77.4949258395018,-110.52053227713195
-77.41024704815413,-110.48011745940958
-77.32360398068455,-110.43917264374888
-77.23500100122749,-110.39768943029519
-77.14444257572208,-110.35565922715676
-77.05193327201644,-110.31307325080066
-76.95747775997096,-110.26992252646936
-76.86108081156063,-110.22619788861871
-76.76274730097641,-110.18188998137771
-76.66248220472565,-110.13698925903137
-76.5602906017314,-110.09148598652705
-76.45617767343099,-110.04537024000533
-76.35014870387347,-109.99863190735583
-76.24220907981638,-109.95126068879908
-76.13236429082157,-109.90324609749491
-76.0206199293505,-109.85457746017816
-75.90698169085884,-109.8052439178224
-75.79145537389054,-109.75523442633222
-75.67404688017174,-109.70453775726509
-75.55476221470433,-109.65314249858281
-75.43360748585958,-109.60103705543392
-75.31058890547199,-109.54820965096685
-75.18571278893351,-109.4946483271752
-75.0589855552884,-109.44034094577488
-74.93041372732894,-109.38527518911428
-74.80000393169234,-109.32943856111768
-74.66776289895913,-109.27281838826215
-74.53369746375317,-109.21540182058894
-74.3978145648439,-109.15717583274909
-74.26012124525084,-109.09812722508428
-74.12062465235104,-109.03824262474276
-73.97933203798955,-108.97750848683096
-73.83625075859354,-108.91591109560099
-73.69138827529038,-108.85343656567437
-73.54475215403016,-108.79007084330202
-73.39635006571294,-108.72579970766095
-73.24618978632152,-108.66060877218774
-73.09427919705989,-108.5944834859488
-72.94062628449794,-108.52740913504775
-72.78523914072318,-108.45937084406992
-72.62812596349951,-108.39035357756393
-72.46929505643413,-108.32034214156049
-72.3087548291526,-108.24932118512837
-72.14651379748311,-108.17727520196745
-71.98258058365006,-108.10418853203896
-71.81696391647787,-108.03004536323252
-71.64967263160544,-107.95482973307016
-71.4807156717118,-107.87852553044699
-71.3101020867538,-107.80111649740844
-71.137841034216,-107.7225862309637
-70.96394177937377,-107.6429181849354
-70.7884136955701,-107.56209567184503
-70.61126626450644,-107.48010186483396
-70.43250907654856,-107.39691979961965
-70.25215183104773,-107.31253237648691
-70.0702043366781,-107.22692236231357
-69.8866765117905,-107.14007239263049
-69.70157838478355,-107.05196497371526
-69.51492009449255,-106.96258248471943
-69.32671189059664,-106.87190717982857
-69.13696413404489,-106.7799211904548
-68.9456872975018,-106.68660652746156
-68.75289196581276,-106.59194508341969
-68.55858883648999,-106.49591863489454
-68.36278872021941,-106.39850884476374
-68.16550254138896,-106.2996972645648
-67.96674133863883,-106.19946533687202
-67.766516265434,-106.09779439770236
-67.56483859065955,-105.99466567894945
-67.3617196992391,-105.89006031084517
-67.15717109277679,-105.78395932444839
-66.95120439022305,-105.67634365415975
-66.74383132856457,-105.56719414026252
-66.53506376353876,-105.45649153148821
-66.3249136703728,-105.34421648760673
-66.11339314454776,-105.23034958204015
-65.90051440258772,-105.11487130449946
-65.68628978287418,-104.99776206364369
-65.47073174648595,-104.87900218976047
-65.25385287806441,-104.75857193746748
-65.03566588670432,-104.63645148843399
-64.81618360687021,-104.5126209541217
-64.59541899933825,-104.3870603785441
-64.37338515216345,-104.25974974104369
-64.15009528167236,-104.13066895908602
-63.92556273348073,-103.99979789107017
-63.699800983536264,-103.86711633915424
-63.47282363918596,-103.73260405209562
-63.24464444026802,-103.59624072810493
-63.01527726022761,-103.45800601771252
-62.78473610725655,-103.3178795266473
-62.55303512545604,-103.17584081872631
-62.32018859602232,-103.03186941875461
-62.086210938454435,-102.8859448154344
-61.85111671178373,-102.7380464642825
-61.61492061582434,-102.58815379055505
-61.37763749244395,-102.43624619217873
-61.13928232685423,-102.28230304268742
-60.89987024891998,-102.12630369416323
-60.65941653448626,-101.96822748018097
-60.41793660672258,-101.80805371875493
-60.175446037483134,-101.64576171528711
-59.93196054868217,-101.48133076551557
-59.687496013683344,-101.31474015846194
-59.44206845870194,-101.14596917937706
-59.1956940642189,-100.97499711268335
-58.948389166405285,-100.80180324491313
-58.7001702585559,-100.62636686764128
-58.45105399253089,-100.44866728041134
-58.20105718020365,-100.26868379365382
-57.95019679491385,-100.08639573159519
-57.698489972923845,-99.9017824351566
-57.44595401487707,-99.71482326484093
-57.19260638725661,-99.52549760360665
-56.938464723842465,-99.33378485972754
-56.683546827165515,-99.13966446963647
-56.42787066995663,-98.9431159007522
-56.17145439658888,-98.74411865428758
-55.91431632451094,-98.54265226803781
-55.656474945669856,-98.33869631914729
-55.397948927920936,-98.13223042685347
-55.13875711642276,-97.92323425520645
-54.878918535015174,-97.71168751576256
-54.618452387577975,-97.49756997025052
-54.35737805936809,-97.28086143320868
-54.095715118332805,-97.06154177459152
-53.83348331639676,-96.83959092234423
-53.57070259072013,-96.61498886494347
-53.3073930649256,-96.38771565390283
-53.043575050291395,-96.15775140624136
-52.77926904690784,-95.92507630691365
-52.51449574479471,-95.6896706111998
-52.24927602497652,-95.4515146470536
-51.983630960513004,-95.21058881740754
-51.71758181748188,-94.9668736024329
-51.45115005591079,-94.72034956175331
-51.18435733065552,-94.47099733661062
-50.917225492221384,-94.21879765198095
-50.64977658752441,-93.96373131864007
-50.38203286058926,-93.70577923517615
-50.11401675318055,-93.44492238994894
-49.8457509053639,-93.18114186299358
-49.577258155993576,-92.9144188278681
-49.308561543122906,-92.64473455344324
-49.039684304333846,-92.3720704056334
-48.77064987698206,-92.0964078490678
-48.50148189835348,-91.81772844870072
-48.2322042057286,-91.53601387136003
-47.96284083635029,-91.25124588723327
-47.69341602729111,-90.96340637129059
-47.42395421521579,-90.6724773046441
-47.15448003603455,-90.37844077584333
-46.8850183244427,-90.08127898210645
-46.61559411334191,-89.78097423048752
-46.3462326331385,-89.4775089389797
-46.07695931091359,-89.17086563755504
-45.80779976946033,-88.86102696914132
-45.53877982618284,-88.547975690537
-45.2699254918514,-88.23169467326518
-45.00126296920849,-87.9121669043683
-44.73281865141982,-87.58937548714513
-44.464619120364326,-87.26330364183212
-44.196691144757025,-86.93393470623177
-43.9290616780983,-86.60125213629043
-43.66175785644288,-86.26523950662926
-43.39480699598166,-85.92588051103154
-43.12823659042905,-85.58315896289079
-42.86207430820848,-85.23705879562422
-42.59634798942809,-84.88756406305653
-42.331085642638506,-84.53465893978009
-42.066315441364196,-84.1783277214976
-41.80206572039936,-83.81855482535434
-41.53836497185925,-83.45532479026758
-41.27524184097689,-83.08862227726163
-41.01272512163519,-82.71843206981777
-40.75084375162361,-82.3447390742488
-40.48962680760814,-81.96752832010951
-40.22910349980277,-81.58678496065437
-39.96930316633013,-81.20249427335578
-39.71025526725812,-80.81464166049616
-39.45198937829892,-80.42321264984932
-39.19453518415587,-80.02819289546676
-38.93792247150312,-79.62956817858667
-38.68218112158196,-79.22732440868387
-38.42734110239708,-78.82144762468106
-38.17343246049491,-78.41192399634254
-37.920485312305495,-77.99873982587368
-37.66852983502806,-77.58188154975063
-37.41759625703957,-77.16133574080646
-37.167714847804426,-76.73708911060216
-36.918915907262175,-76.30912851211222
-36.671229754669085,-75.87744094275686
-36.42468671686776,-75.44201354781492
-36.179317115958085,-75.00283362425354
-35.93515125634095,-74.55988862501337
-35.69221941110498,-74.11316616378976
-35.450551807724764,-73.66265402035346
-35.21017861303767,-73.20834014645686
-34.97112991746428,-72.75021267237402
-34.7334357184363,-72.2882599141261
-34.497125902993304,-71.82247038144634
-34.26223022950858,-71.35283278654185
-34.02877830850164,-70.87933605371259
-33.796799582493705,-70.40196932989082
-33.566323304860006,-69.92072199616797
-33.33737851763106,-69.43558368037895
-33.10999402819261,-68.94654427081713
-32.88419838483248,-68.45359393115717
-32.66001985107989,-67.95672311666578
-32.437486378781344,-67.4559225917843
-32.21662557985477,-66.95118344917032
-31.99746469666206,-66.44249713028908
-31.78003057093805,-65.92985544764866
-31.564349611212457,-65.41325060877608
-31.350447758659765,-64.89267524203484
-31.1383504513106,-64.3681224243871
-30.928082586557114,-63.839585711206276
-30.719668481884092,-63.3070591682486
-30.51313183375694,-62.77053740589337
-30.30849567459773,-62.23001561576405
-30.105782327780776,-61.6854896098426
-29.905013360580174,-61.13695586219011
-29.706209535003286,-60.58441155338646
-29.509390756446347,-60.02785461780011
-29.314576020111474,-59.46728379379744
-29.12178335512817,-58.90269867699727
-28.931029766327487,-58.334099776671785
-28.74233117362298,-57.761488575389315
-28.55570234895993,-57.184867591986446
-28.37115685080296,-56.60424044794802
-28.18870695614238,-56.019611937262226
-28.00836359001137,-55.43098809980455
-27.830136252519857,-54.83837629828896
-27.654032943426262,-54.2417852988063
-27.4800600842861,-53.64122535494911
-27.30822243823614,-53.03670829549848
-27.1385230274949,-52.4282476156215
-26.970963048684965,-51.815858571497905
-26.805541786109522,-51.19955827826112
-26.64225652314544,-50.579365811101766
-26.481102451947375,-49.95530230934126
-26.322072581692545,-49.32739108323886
-26.165157645633474,-48.6956577232474
-26.01034600726608,-48.06013021138214
-25.857623565963316,-47.42083903431143
-25.706973662469178,-46.77781729772072
-25.558376984694785,-46.131100841440016
-25.411811474306404,-45.48072835476184
-25.26725223464481,-44.82674149131165
-25.124671440565066,-44.16918498276658
-24.984038250835884,-43.50810675065139
-24.8453187237863,-42.84355801537537
-24.70847573693483,-42.1755934016092
-24.573468911380417,-41.504271039040304
-24.440254541775197,-40.829652657488374
-24.308785532734543,-40.15180367531248
-24.17901134256928,-39.470793279997984
-24.05087793524663,-38.786694499778356
-23.924327741499393,-38.09958426512403
-23.79929963000554,-37.409543458921306
-23.6757288895515,-36.71665695416915
-23.553547223071,-36.021013638043065
-23.432682754415755,-35.322706421214306
-23.31306004866433,-34.621832231370746
-23.194600146709814,-33.918491989963805
-23.0772206147855,-33.21279057130443
-22.960835609490335,-32.504836743250934
-22.845355958762585,-31.794743088871225
-22.730689259121945,-31.082625908622372
-22.61673998935794,-30.368605102768576
-22.50340964068755,-29.652804033953643
-22.390596863239697,-28.93534937005327
-22.27819762855047,-28.21637090765214
-22.16610540757409,-27.496001376718603
-22.05421136353316,-26.774376227280175
-21.94240455875147,-26.05163339913312
-21.83057217443695,-25.327913075843316
-21.718599742214785,-24.603357424509447
-21.60637138605519,-23.8781103229581
-21.493770073099817,-23.152317076219273
-21.380677871769155,-22.426124124285895
-21.26697621543264,-21.6996787432883
-21.15254616984672,-20.973128742311292
-21.037268702514982,-20.246622158145005
-20.921024952100275,-19.520306950289328
-20.803696496022,-18.794330698525272
-20.685165614402344,-18.06884030532433
-20.565315548582095,-17.343981705291043
-20.444030752508876,-16.619899583725335
-20.321197135405704,-15.896737106253338
-20.196702294253278,-15.174635661311331
-20.070435734762505,-14.453734617080976
-19.942289079670882,-13.73417109427006
-19.812156263364383,-13.016079755915392
-19.679933712001233,-12.29959261515874
-19.545520508492604,-11.584838861717033
-19.408818541873533,-10.871944707539098
-19.269732640772645,-10.161033251917328
-19.128170690858266,-9.452224366107531
-18.98404373629876,-8.745634597307323
-18.83726606542404,-8.041377091655395
-18.687755280911773,-7.3395615357434165
-18.53543235494396,-6.640294115980434
-18.380221669886986,-5.943677495017993
-18.222051045139803,-5.249810804332985
-18.060851750871077,-4.5587896519747275
-17.89655850942667,-3.87070614441255
-17.729109485234545,-3.1856489213693537
-17.558446264065637,-2.5037032024942536
-17.38451382252759,-1.8249508447120595
-17.207260488674503,-1.1494704090874799
-17.02663789461117,-0.47733723605593537
-16.842600921956116,0.191376472101076
-16.655107641005277,0.8566015626217045
-16.46411924440872,1.5182718385111782
-16.269599976137638,2.176323960659582
-16.07151705647913,2.8306973467612964
-15.869840603753266,3.4813340679061437
-15.664543553401295,4.128178743648488
-15.455601575047018,4.771178436295314
-15.242992988085653,5.4102825450888
-15.026698676306975,6.045442700893947
-14.806702002012608,6.676612661938231
-14.582988720041701,7.303748211088677
-14.35554689207498,7.926807055092617
-14.124366801545117,8.545748726152231
-13.889440869441279,9.160534486149984
-13.650763571258077,9.77112723379243
-13.408331355304021,10.377491414893845
-13.162142562551923,10.979592935978593
-12.912197348183675,11.577399081342229
-12.658497604954329,12.170878433675872
-12.401046888475404,12.760000798326459
-12.139850344494715,13.344737131236597
-11.874914638229825,13.925059470582339
-11.606247885794096,14.500940872104378
-11.33385958773837,15.07235534810846
-11.057760564717276,15.639277810093432
-10.777962895276923,16.201684014950608
-10.494479855750303,16.7595505146654
-10.20732586223759,17.312854609441565
-9.91651641464115,17.861574304159785
-9.622068042718617,18.405688268074915
-9.323998254112446,18.945175797651014
-9.022325484310135,19.48001678242867
-8.717069048486355,20.01019167381641
-8.408249095175774,20.535681456695762
-8.095886561723985,21.056467623728643
-7.780003131462903,21.572532152255576
-7.460621192556831,22.08385748367356
-7.137763798465448,22.59042650518377
-6.811454629970666,23.092222533800783
-6.481717958715226,23.589229302517168
-6.148578612202237,24.08143094851986
-5.8120619402063625,24.56881200335743
-5.47219378254915,25.051357384960525
-5.129000438192926,25.52905239142106
-4.782508635609762,26.00188269643912
-4.4327455043841715,26.469834346350236
-4.0797385480105115,26.932893758649257
-3.7235156178483195,27.391047721930935
-3.364104888201211,27.844283397170997
-3.0015348324873026,28.292588320275357
-2.635834200471491,28.735950405828948
-2.267031996532275,29.174357951979374
-1.8951574589381115,29.607799646394383
-1.5202400401105878,30.036264573235904
-1.1423093878539239,30.459742221096946
-0.7613953275324989,30.878222491851375
-0.3775278451802201,31.291695710370075
0.009262928472392816,31.700152635060327
0.39894673306554157,32.10358446918885
0.7914931927821242,32.50198287295203
1.1868718296327259,32.89533997626005
1.585052075860243,33.283648392204995
1.9860032854690624,33.666901231185676
2.389694744882126,34.045092115664964
2.7960956827276804,34.41821519553837
3.205175278756078,34.78626516409507
3.6169026718856414,35.149237274555205
4.0312469673753535,35.507127357170006
4.448177243120933,35.85993183687327
4.867662555069807,36.207647751475264
5.289671941749479,36.55027277039198
5.714174427902905,36.88780521390497
6.141139027223711,37.220244072948454
6.570534744183365,37.54758902942234
7.002330574941877,37.86984047703116
7.4364955073330945,38.18699954265059
7.872998519915319,38.49906810822389
8.311808580077768,38.80604883319229
8.752894641193247,39.10794517746356
9.196225638807508,39.40476142492393
9.641770485855888,39.696502707499015
10.089498066898196,39.98317502976921
10.539377231363325,40.26478529414522
10.991376785795685,40.54134132660904
11.445465485096504,40.812851903024765
11.901612022753987,41.07932677602305
12.359785020057698,41.340776702461554
12.819953014293947,41.5972134714621
13.282084445920699,41.848649933023495
13.746147644722523,42.09510002720637
14.212110814948309,42.336578813883904
14.679942019436995,42.573102503048915
15.149609162739408,42.80468848566439
15.621079973247356,43.03135536504033
16.094321984344646,43.253122988715226
16.569302514598398,43.470012480815505
17.045988647013246,43.68204627486072
17.524347207375406,43.88924814697599
18.004344741718526,44.091643249466784
18.485947492948505,44.289258144703695
18.96912137666994,44.48212083925731
19.453831956263095,44.67026081821476
19.94004441726648,44.85370907960079
20.427723541127065,45.03249816881681
20.916833678387157,45.20666221300117
21.407338721384672,45.376236955203865
21.899202076551113,45.541259788257705
22.39238663639994,45.701769788216666
22.88685475130635,45.85780774722078
23.382568201187976,46.00941620563445
23.879488167205167,46.15663948329347
24.37757520360801,46.29952370968333
24.876789209866555,46.43811685285936
25.37708940322944,46.57246874690695
25.87843429186496,46.70263111772831
26.380781648747117,46.82865760693062
26.88408848645747,46.9506037935796
27.388311033081163,47.0685272135724
27.89340470938282,47.182487376374276
28.399324107454174,47.29254577885585
28.906022971030822,47.398765915960844
29.41345417767996,47.50121328792905
29.921569723064003,47.599955403796464
30.43032070748693,47.69506178089292
30.939657324930327,47.78660394005897
31.44952885478484,47.87465539630742
31.959883656479278,47.959291644661285
32.4706691672044,48.040590140909224
32.98183190292114,48.11863027703216
33.493317462833076,48.19349335107037
34.00507053749145,48.26526253121948
34.51703492068622,48.334022813966236
35.02915352526035,48.399860976101266
35.541368402964956,48.46286552047514
36.05362076845191,48.52312661539719
36.56585102747622,48.58073602761255
37.077998809354966,48.635787048832164
37.590003003701305,48.688374415832186
38.101801801422766,48.738594224184105
38.61333273994139,48.78654383572272
39.124532752561294,48.832321779907886
39.63533822187566,48.87602764928449
40.14568503707157,48.91776198929519
40.655508654957345,48.957626182749856
41.164744164503375,48.99572232930464
41.673326354655124,49.0321531203509
42.181189785145484,49.06702170975963
42.68826886000409,49.10043158096989
43.194497903433856,49.132486410948495
43.69981123770045,49.16328993158383
44.204143262658356,49.19294578910684
44.707428536519174,49.22155740215783
45.2096018574533,49.249227819137495
45.71059834560512,49.27605957549413
46.21035352509598,49.30215455160694
46.70880340558662,49.32761383192607
47.205884562973246,49.35253756602509
47.701534218797875,49.37702483220927
48.19569031796457,49.401173504305504
48.68829160436784,49.42508012223504
49.17927769405849,49.44883976694059
49.668589145594474,49.472545940204256
50.15616752724975,49.49629044985256
50.64195548078275,49.52016330080126
51.12589678149657,49.544252592344726
51.60793639435597,49.56864442204453
52.08802052596015,49.59342279651935
52.56609667220571,49.61866954938459
53.042113661509454,49.644464266535394
53.51602169349655,49.6708842189126
53.987772373094685,49.69800430283715
54.45731874000906,49.72589698794632
54.92461529358616,49.7546322727144
55.38961801310586,49.784277647492544
55.852284373570626,49.81489806495734
56.312573357088276,49.846555917815515
56.770445459969835,49.87931102357392
57.2258626956862,49.9132206161493
57.678788593847706,49.948339344061566
58.12918819538769,49.98471927492772
58.57702804414569,50.02240990595085
59.022276175058046,50.06145818008012
59.46490209917267,50.10190850750283
59.90487678571189,50.143802792118834
60.34217264141143,50.18718046264029
60.7767634873659,50.232078507955656
61.20862453361123,50.27853151639626
61.63773235167281,50.32657171854585
62.06406484530432,50.37622903323821
62.48760121963754,50.42753111639508
62.908321948956704,50.48050341236581
63.32620874330378,50.53516920744111
63.741244514112275,50.59154968522551
64.15341333905796,50.64966398356718
64.56270042630524,50.70952925275806
64.96909207831719,50.77116071473294
65.37257565538667,50.83457172301197
65.7731395390354,50.89977382314734
66.17077309541642,50.96677681345152
66.56546663884495,51.03558880580051
66.95721139557143,51.10621628632235
67.34599946790067,51.17866417579658
67.73182379874986,51.25293588960639
68.1146781367294,51.329033397100154
68.49455700182003,51.4069572802335
68.87145565171119,51.486706791377365
69.24537004885701,51.5682799101904
69.61629682829795,51.65167339946698
69.98423326628836,51.73688285988386
70.34917724976388,51.823902783579626
70.71112724667492,51.91272660651165
71.07008227720713,52.0033467595448
71.42604188590387,52.0957547182353
71.77900611470045,52.18994105128123
72.12897547687544,52.28589546761896
72.47595093191983,52.38360686215139
72.81993386132119,52.48306336010068
73.16092604525657,52.58425235998334
73.49892964018457,52.687160575210946
73.83394715732474,52.79177407432429
74.16598144200971,52.8980783198728
74.49503565389361,53.00605820595466
74.82111324799877,53.11569809443618
75.14421795658068,53.226981849871855
75.46435377179056,53.3398928731486
75.78152492911347,53.45441413388002
76.09573589155931,53.57052820157792
76.40699133458334,53.688217275629825
76.71529613171239,53.80746321411234
77.02065534085285,53.92824756147107
77.32307419125604,54.05055157509837
77.62255807111681,54.174356250840795
77.91911251578131,54.29964234746819
78.21274319653973,54.42639041013672
78.5034559099806,54.55458079287776
78.79125656788295,54.684193680144844
79.07615118762364,54.81520910745014
79.35814588307714,54.947606981121915
79.63724685598599,55.081367097213835
79.91346038778009,55.21646915959639
80.1867928318243,55.35289279726037
80.45725060607388,55.49061758086136
80.724840186118,55.62962303853392
80.9895680985923,55.76988867100307
81.25144091494224,55.91139396602027
81.51046524551921,56.05411841215003
81.76664773399236,56.198041511932864
82.01999505205966,56.34314279444918
82.2705138944424,56.48940182730822
82.51821097414778,56.63679822808516
82.76309301798501,56.78531167522883
83.0051667623211,56.93492191846172
83.24443894906274,57.08560878869309
83.48091632185172,57.23735220746549
83.7146056224614,57.39013219595384
83.94551358738289,57.54392888353596
84.17364694458962,57.69872251595239
84.39901241046985,57.85449346307279
84.62161668691705,58.01122222628554
84.84146645856856,58.16888944552643
85.05856839018351,58.327475905961755
85.27292912415143,58.48696254434041
85.48455527812324,58.64733045502918
85.69345344275716,58.80856089574455
85.89963017957199,58.970635292994075
86.103092018901,59.133535247239536
86.30384545793991,59.29724253779392
86.50189695888275,59.4617391274633
86.6972529471398,59.62700716694462
86.88991980963226,59.793028998989726
87.0799038931585,59.959787162345506
87.26721150282691,60.127264395479564
87.45184890055106,60.2954436401006
87.63382230360278,60.46430804448197
87.81313788321931,60.63384096659683
87.98980176326072,60.8040259770725
88.16382001891414,60.974846861971855
88.33519867544183,61.146287625408576
88.50394370696968,61.318332492003286
88.67006103531374,61.49096590918704
88.83355652884198,61.664172549358206
88.99443600136922,61.8379373118988
89.15270521108253,62.01224532505575
89.30836985949563,62.187081947692455
89.46143559043014,62.36243277091568
89.61190798902221,62.538283619582515
89.75979258075282,62.71462055369211
89.90509483050049,62.89142986966625
90.04782014161532,63.068698101523076
90.18797385501296,63.24641202194763
90.32556124828787,63.42455864326292
90.4605875348449,63.60312521830497
90.5930578630484,63.78209924120503
90.72297731538845,63.961468448081945
90.85035090766357,64.14122081764758
90.9751835881797,64.32134457172793
91.09748023696487,64.50182817570239
91.21724566499975,64.6826603388634
91.33448461346372,64.86383001469878
91.44920175299656,65.0453264010985
91.56140168297583,65.22713894048788
91.67108893081014,65.40925731988861
91.77826795124857,65.59167147090939
91.88294312570639,65.77437156966722
91.98511876160794,65.95734803664078
92.08479909174653,66.14059153645663
92.1819882736625,66.32409297760944
92.27669038903963,66.50784351211678
92.36890944312101,66.6918345351091
92.45864936414466,66.87605768435547
92.54591400280022,67.06050483972527
92.63070713170727,67.24516812258601
92.71303244491638,67.4300398951375
92.79289355743403,67.61511275968212
92.87029400477219,67.8003795578309
92.94523724252414,67.98583336964532
93.01772664596739,68.17146751271406
93.08776550969526,68.35727554116419
93.15535704727832,68.54325124460604
93.22050439095715,68.72938864701086
93.28321059136803,68.91568200552013
93.34347861730289,69.10212580918548
93.40131135550529,69.28871477763794
93.45671161050419,69.47544385968475
93.50968210448696,69.66230823183274
93.5602254772138,69.84930329673595
93.6083442859752,70.03642468156609
93.65404100559455,70.22366823630357
93.6973180284777,70.41103003194716
93.73817766471188,70.59850635863997
93.77662214221579,70.78609372370912
93.8126536069433,70.97378884961702
93.84627412314302,71.16158867182114
93.8774856736759,71.34949033653957
93.90629016039371,71.53749119841972
93.93268940458032,71.72558881810642
93.95668514745888,71.91378095970693
93.97827905076723,72.1020655881488
93.99747269740428,72.29044086642759
94.01426759215016,72.47890515274048
94.02866516246308,72.66745699750214
94.04066675935553,72.85609514023882
94.05027365835313,73.04481850635685
94.05748706053878,73.23362620378096
94.06230809368557,73.42251751945865
94.06473781348133,73.61149191572572
94.0647772048481,73.80054902652867
94.06242718335986,73.98968865349933
94.05768859676166,74.17891076187679
94.05056222659367,74.36821547627206
94.04104878992335,74.55760307627015
94.0291489411894,74.74707399186495
94.01486327416075,74.9366287987214
93.99819232401404,75.12626821326013
93.97913656953335,75.31599308755908
93.95769643543537,75.505804404067
93.9338722948236,75.6957032701235
93.90766447177533,75.88569091228023
93.87907324406433,76.07576867041792
93.84809884602323,76.26593799165418
93.8147414715487,76.45620042403652
93.77900127725277,76.64655761001545
93.74087838576366,76.83701127969265
93.70037288917919,77.02756324383911
93.65748485267588,77.21821538667825
93.61221431827684,77.40896965842941
93.56456130878092,77.59982806760699
93.51452583185615,77.79079267307097
93.46210788429971,77.98186557582461
93.40730745646677,78.17304891055556
93.35012453687021,78.36434483691674
93.2905591169531,78.55575553054375
93.22861119603533,78.74728317380618
93.16428078643571,78.93892994629023
93.09756791877037,79.13069801501088
93.02847264742778,79.322589524352
92.95699505622096,79.51460658573377
92.88313526421614,79.7067512670071
92.80689343173711,79.89902558157533
92.7282697665444,80.0914314772446
92.64726453018697,80.2839708248045
92.56387804452443,80.47664540634197
92.47811069841661,80.66945690329185
92.38996295457702,80.86240688422848
92.29943535658585,81.05549679240423
92.20652853605748,81.24872793304093
92.11124321995709,81.44210146038213
92.01358023805935,81.63561836451491
91.9135405305424,81.82927945797088
91.81112515570871,82.0230853621179
91.70633529782373,82.21703649335447
91.5991722750627,82.41113304912122
91.48963754755451,82.60537499374388
91.37773272551081,82.79976204412492
91.26345957742784,82.99429365530143
91.14682003834692,83.18896900588892
91.02781621815903,83.38378698343193
90.90645040993772,83.57874616968384
90.78272509828336,83.77384482583996
90.65664296766134,83.96908087774932
90.52820691071504,84.1644519011322
90.39742003653402,84.35995510683165
90.26428567885685,84.55558732612937
90.12880740418666,84.75134499615679
89.9909890197972,84.94722414543432
89.85083458160575,85.14322037957277
89.70834840188918,85.33932886717204
89.5635350568179,85.53554432595352
89.41639939378246,85.73186100916358
89.26694653848683,85.92827269228627
89.11518190178167,86.12477266010468
88.96111118621091,86.32135369415026
88.80474039224447,86.51800806058054
88.64607582416993,86.71472749852582
88.48512409561599,86.91150320894522
88.32189213468041,87.10832584403306
88.15638718863606,87.3051854972155
87.98861682818824,87.50207169377754
87.81858895125787,87.69897338215952
87.64631178626537,87.89587892596118
87.4717938948912,88.09277609669039
87.29504417429,88.28965206729218
87.1160718587366,88.48649340649199
86.93488652068379,88.6832860739852
86.75149807121262,88.88001541650276
86.56591675985896,89.07666616478058
86.37815317380065,89.2732224314573
86.18821823639277,89.46966770992289
85.99612320503982,89.66598487413641
85.80187966839694,89.86215617942943
85.60549954289371,90.05816326430663
85.40699506857769,90.25398715325265
85.20637880427664,90.44960826055015
85.00366362208185,90.64500639510969
84.79886270115732,90.84016076630887
84.59198952088263,91.03504999083349
84.3830578533403,91.2296521005097
84.172081755161,91.42394455111194
83.95907555874328,91.61790423212729
83.74405386286693,91.81150747745282
83.5270315227222,92.00473007699891
83.30802363937941,92.19754728916674
83.08704554872648,92.38993385416553
82.86411280990393,92.58186400813092
82.63924119326987,92.7733114980021
82.41244666792863,92.96424959711334
82.18374538885993,93.1546511214514
81.95315368368605,93.34448844652826
81.720688039117,93.53373352481653
81.48636508711436,93.72235790369183
81.25020159081616,93.91033274382602
81.0122144302654,94.09762883797242
80.77242058798618,94.28421663008417
80.53083713445119,94.47006623470548
80.28748121348504,94.65514745657535
80.04237002764705,94.83942981038328
79.7955208236378,95.02288254061695
79.54695087777223,95.20547464144207
79.29667748156179,95.38717487655595
79.04471792744727,95.56795179895751
78.7910894947222,95.74777377057772
78.53580943568568,95.92660898171675
78.27889496206203,96.10442547023581
78.02036323172248,96.2811911404541
77.76023133574276,96.45687378170393
77.49851628582779,96.63144108649968
77.23523500213342,96.80486066827893
76.97040430151209,96.9771000786776
76.70404088620744,97.14812682430357
76.43616133302082,97.31790838297684
76.16678208296958,97.48641221940694
75.89591943145527,97.65360580028266
75.62358951895732,97.81945660875115
75.34980832226512,97.98393215826788
75.07459164625963,98.14700000580142
74.79795511625278,98.30862776438076
74.51991417089108,98.46878311497551
74.24048405562775,98.62743381770278
73.959679816765,98.78454772235723
73.67751629606717,98.94009277826362
73.39400812594229,99.09403704345408
73.1091697251889,99.2463486931744
72.8230152953027,99.3969960277267
72.53555881733627,99.54594747965733
72.24681404930351,99.69317162030158
71.95679452411933,99.83863716569832
71.66551354806374,99.98231298188942
71.37298419975852,100.12416808962087
71.07921932964354,100.26417166846304
70.78423155993924,100.40229306036986
70.48803328508082,100.53850177269695
70.19063667260889,100.67276748070007
69.8920536645015,100.805060029536
69.59229597893118,100.93534943578855
69.29137511243104,101.06360588854326
68.98930234245327,101.18979975003391
68.68608873030364,101.31390155588531
68.38174512443516,101.43588201497626
68.07628216408435,101.55571200894668
67.76971028323368,101.67336259137332
67.46203971488372,101.78880498663762
67.15328049561874,101.90201058850971
66.84344247045026,102.01295095847196
66.53253529792237,102.12159782380478
66.22056845546429,102.22792307545774
65.90755124497484,102.3318987657278
65.59349279862468,102.43349710576634
65.27840208486221,102.53269046293595
64.96228791460982,102.62945135803736
64.64515894763741,102.72375246242642
64.32702369910075,102.81556659503977
64.00789054623252,102.90486671934819
63.6877677351749,102.99162594025489
63.36666338794248,103.07581750095578
63.04458550950519,103.15741477977822
62.72154199498131,103.23639128701356
62.39754063693127,103.31272066175848
62.072589132743225,103.38637666877916
61.746695092102016,103.45733319541179
61.419866044533705,103.52556424851208
61.09210944701815,103.59104395146592
60.76343269166268,103.65374654127248
60.433843113430285,103.71364636571059
60.10334799791624,103.77071788059834
59.7719545891674,103.82493564715548
59.43967009753892,103.87627432947745
59.10650170758333,103.92470869212924
58.772456585967454,103.97021359786693
58.437541889412955,104.01276400549375
58.10176477265635,104.05233496785773
57.76513239642511,104.08890162999649
57.42765193542622,104.12243922743515
57.08933058634433,104.15292308464238
56.75017557584639,104.18032861364904
56.41019416859024,104.20463131283395
56.069393675234735,104.22580676588018
55.72778146044908,104.24383064090551
55.385364950919275,104.25867868976995
55.04215164334978,104.27032674756269
54.698149112458616,104.278750732271
54.35336501896409,104.28392664463271
54.00780711756178,104.28583056817384
53.66148326489011,104.2844386694325
53.31440142748311,104.27972719837015
52.96656968970929,104.27167248897034
52.617996261694834,104.2602509600256
52.26868948723037,104.24543911611214
51.918657851659674,104.22721354875226
51.56790998974939,104.20555093776365
51.216454693538246,104.18042805279485
50.86430092016479,104.15182175504576
50.51145779967224,104.11970899917164
50.1579346427892,104.08406683536919
49.80374094868486,104.04487241164263
49.4488864126975,104.00210297624783
49.09338093403456,103.95573588031183
48.73723462344311,103.90574858062564
48.38045781084887,103.85211864260685
48.02306105296241,103.79482374342956
47.665055140850576,103.73384167531792
47.30645110747146,103.66915034899999
46.947260235171,103.60072779731797
46.587494063139204,103.52855217899096
46.22716439482386,103.45260178252599
45.86628330529952,103.3728550302727
45.50486314858956,103.28929048261729
45.142916564938695,103.20188684231057
44.780456488033565,103.11062295892506
44.41749615216864,103.01547783343574
44.05404909935469,102.91643062291892
43.690129186366924,102.8134606453633
43.32575059172981,102.70654738458708
42.960927822635334,102.595670495255
42.59567572179163,102.48080980798858
42.230009474198326,102.36194533456283
41.86394461384548,102.23905727318245
41.497497030332106,102.11212601383012
41.13068297540086,101.98113214367957
40.76351906938495,101.84605645256545
40.3960223075633,101.70687993850218
40.02821006641996,101.56358381324351
39.66010010980366,101.41614950787431
39.29171059498314,101.26455867842586
38.923060078594084,101.1087932115057
38.55416752247315,100.94883522993293
38.18505229937456,100.78466709836944
37.81573419856485,100.61627142893748
37.446233431290906,100.4436310868137
37.076570636116834,100.26672919578944
36.70676688412471,100.08554914378722
36.33684368397459,99.90007458832241
35.96682298681882,99.71028946189985
35.59672719106588,99.51617797733398
35.22657914698887,99.3177246329816
34.856402161173776,99.11491421787571
34.48622000080256,98.90773181674899
34.11605689776641,98.69616281493488
33.74593755260408,98.4801929031347
33.3758871382607,98.25980808203835
33.00593130366225,98.03499466678647
32.63609617710099,97.80573929126165
32.266408369427296,97.5720289121959
31.896894977043296,97.33385081308195
31.527583584693932,97.0911926078753
31.158502268051127,96.8440422444741
30.789679596086852,96.59238800796388
30.42114463323105,96.33621852361394
30.05292694131053,96.07552275961207
29.68505658126508,95.81029002952441
29.317564114637293,95.54050999446703
28.95048060483271,95.26617266497585
28.583837618147193,94.98726840256148
28.217667224558582,94.70378792093554
27.85200199827998,94.41572228689506
27.48687501807226,94.1230629208515
27.12231986731363,93.82580159699101
26.75837063382441,93.52393044305273
26.395061909445452,93.21744193971165
26.032428789368986,92.90632891955306
25.670506871220898,92.59058456562545
25.309332253893903,92.27020240955886
24.948941536131382,91.94517632923585
24.58937181486199,91.61550054600247
24.230660683285542,91.28116962140673
23.872846228711083,90.94217845345216
23.515967030148413,90.59852227235436
23.16006215565477,90.25019663578873
22.80517115943881,89.8971974236176
22.45133407872434,89.53952083208534
22.09859143037689,89.17716336747041
21.746984207296414,88.81012183918334
21.396553874580064,88.43839335230018
21.047342365459258,88.06197529952124
20.699392077015805,87.68086535254494
20.352745865682362,87.29506145284768
20.007447042532696,86.90456180186001
19.66353936836804,86.50936485053084
19.321067048605908,86.10946928827086
18.98007472797845,85.70487403126748
18.640607485047724,85.29557821016374
18.302710826545642,84.88158115709392
17.966430681546957,84.46288239206955
17.631813395483768,84.03948160870935
17.298905724010663,83.61137865930795
16.967754826729767,83.17857353923786
16.63840826078547,82.74106637068047
16.310913974338774,82.29885738568208
15.985320299931546,81.85194690853152
15.661675947751238,81.40033533745664
15.340029998806768,80.94402312563764
15.020431898026462,80.48301076153581
14.7029314472891,80.01729874853683
14.387578798399119,79.5468875839089
14.074424446017122,79.07177773707618
13.763519220556692,78.5919696272095
13.45491428105849,78.10746360013643
13.148661108052394,77.61825990457459
12.844811496418101,77.12435866769208
12.543417548254371,76.6257598700008
12.244531665766551,76.12246331958909
11.948206544181442,75.6144686257013
11.654495164697952,75.10177517167368
11.363450787481122,74.58438208723642
11.075126944706152,74.06228822019457
10.789577433657982,73.53549210750067
10.506856309890683,73.0039919457351
10.227017880449468,72.46778556101096
9.950116697156448,71.92687037832368
9.676207549959443,71.38124339036663
9.405345460340962,70.83090112583743
9.137585674782116,70.27583961726265
8.872983658273581,69.71605436837088
8.611595087862716,69.15154032104878
8.35347584622257,68.58229182191768
8.09868201522489,68.00830258857299
7.8472698694949985,67.42956567553365
7.599295869921944,66.84607343995373
7.354816657092093,66.25781750715416
7.113889044608846,65.66478873603978
6.876570012254795,65.0669771844729
6.6429166989457995,64.4643720746839
6.4129863954188115,63.85696175880735
6.186836536586841,63.244733684642576
5.964524693485162,62.627674361748326
5.746108564722603,62.00576932799363
5.53164596734044,61.37900311670026
5.321194826968937,60.74735922452752
5.114813167157914,60.110820080266485
4.912559097742528,59.46936701472964
4.714490802088935,58.82298023194201
4.520666523046191,58.17163878186295
4.331144547410709,57.51532053489243
4.145983188687617,56.85400215844377
3.9652407679091914,56.18765909589523
3.788975592244154,55.516265548266695
3.617245931102657,54.83979445900492
3.450109989410188,54.15821750230177
3.287625877689112,53.47150507541499
3.1298515785489185,52.77962629551047
2.9768449091453295,52.08254900159887
2.828663479123922,51.38023976219897
2.685364643515738,50.672663889424356
2.5470054500002264,49.95978546026047
2.4136425798946677,49.2415673458751
2.285332282168851,48.517971249887886
2.1621302997190934,47.78895775661331
2.044091787066766,47.0544863903868
1.931271218573327,46.31451568718575
1.8237222861867357,45.56900327986527
1.721497785653314,44.8179059984432
1.6246494900451918,44.06117998698819
1.5332280093671737,43.29878083878991
1.4472826349192058,42.53066375161763
1.366861167003008,41.756783705003656
1.2920097244756106,40.977095661617014
1.222772534570787,40.191554794918765
1.159191701334502,39.40011674540951
1.1013069509560294,38.60273790788698
1.0491553522265573,37.799375752222375
1.002771010327039,36.989989180230864
0.962184732142865,36.174538921246786
0.9274236613317905,35.35298796900758
0.8985108814417866,34.52530206239176
0.8754649854966362,33.691450212431626
0.8582996106499338,32.851405277817086
0.8470229367646339,32.00514459080602
0.841637148118447,31.152650635041162
0.8421378578790344,30.293911776225045
0.8485134955514259,29.4289230459018
0.8607446582875363,28.557686977719218
0.8788034277774392,27.680214494475635
0.9026526554256193,26.79652584297877
0.9322452196610884,25.90665157224322
0.96752326054164,25.010633548824543
1.0084173982867453,24.108526001131775
1.0548459439991986,23.200396582390496
1.1067141125903535,22.28632743957277
1.1639132497724518,21.366416273113867
1.2263200868738944,20.440777369663873
1.2937960391025367,19.509542587563914
1.3661865646440798,18.572862272303002
1.4433206035362218,17.630906077038834
1.525010116488351,16.683863661509754
1.611049744593896,15.73194524149855
1.7012166110757507,14.775381960611439
1.7952702856855074,13.81442605668381
1.8929529310296058,12.849350796777001
1.9939896478310382,11.88045015761086
2.0980890329042556,10.908038232457747
2.2049439594252953,9.932448351006455
2.3142325839828564,8.954031905408359
2.4256195790318986,7.973156883468156
2.5387575829419857,6.990206118467943
2.6532888531053294,6.005575274058456
2.768847100863225,5.019670591586648
2.8850594806750323,4.032906435681713
3.0015487003480663,3.045702681410804
3.117935214604005,2.058481992389096
3.233839461060117,1.0716670435048552
3.348884096056247,0.08567774412213686
3.462696187768233,-0.89907148239341
3.574909325714585,-1.882174309215145
3.685165608977404,-2.8632349573580744
3.7931174800151157,-3.8418704445379146
3.898429376560352,-4.817712595889313
4.000779180436558,-5.790409789311423
4.099859448834475,-6.759628417149719
4.1953784203140865,-7.725054054866746
4.287060794220527,-8.686392335873546
4.374648288057304,-9.643369539431331
4.457899982445143,-10.595732905220846
4.536592467477951,-11.543250693641582
4.610519807505608,-12.48571201506446
4.67949334362547,-13.422926454123058
4.743341354500746,-14.354723516762851
4.801908596633712,-15.280951928299759
4.855055745020254,-16.201478810327817
4.902658754328424,-17.116188763137195
4.944608159510033,-18.024982878538694
4.980808333197679,-18.927777705811014
5.01117671547622,-19.824504191048906
5.03564302974826,-20.715106607629128
5.054148496521716,-21.599541492938382
5.066645055100565,-22.477776604011183
5.073094601407381,-23.34978990237131
5.073468248543277,-24.215568576202703
5.067745615219563,-25.075108106022384
5.055914145886931,-25.928411378301877
5.037968465245258,-26.775487849986636
5.013909768836342,-27.61635276558817
4.983745250594791,-28.451026427458196
4.947487567547155,-29.279533518981015
4.9051543412932315,-30.1019024797208
4.856767695461696,-30.918164931013845
4.802353827990804,-31.72835515008285
4.7419426168299035,-32.53250959045112
4.6755672574759535,-33.330666446231746
4.603263930639137,-34.12286525774382
4.52507149826235,-34.9091465558499
4.4410312260912095,-35.689551542403656
4.351186530996031,-36.4641218042323
4.255582751277735,-37.232899058145975
4.154266938239894,-37.995924924557336
4.047287667373868,-38.75324072740235
3.9346948675790667,-39.50488731817289
3.8165396669223064,-40.2509049219975
3.692874253526145,-40.99133300383614
3.563751750263794,-41.72621015298449
3.42922610202589,-42.45557398421116
3.289351974410744,-43.179461053975665
3.1441846627736307,-43.89790679029463
2.993780010651463,-44.610945434938166
2.8381943366563505,-45.318609996746105
2.6774843690046604,-46.02093221495589
2.51170718691713,-46.71794253152868
2.3409201681902463,-47.40967007154929
2.16518094229948,-48.0961426308575
1.9845473484511578,-48.777386670144104
1.7990773980518817,-49.453427314815706
1.6088292411125997,-50.12428835999566
1.4138611361489446,-50.78999228008844
1.2142314231804043,-51.450560242387766
1.0099984994685511,-52.10601212425871
0.8012207976691081,-52.756366533468416
0.5879567661042848,-53.40164083128092
0.37026485089079264,-54.041851157968765
0.14820347968542683,-54.6770124604274
-0.07816895316570888,-55.30713852160926
-0.30879410026619997,-55.93224199152142
-0.5436136737682904,-56.55233441955611
-0.7825694570852513,-57.16742628794576
-1.0256033158538964,-57.777527046154475
-1.2726572082688212,-58.38264514603631
-1.5236731948961406,-58.98278807760724
-1.7785934480619685,-59.57796240529273
-2.037360260899491,-60.16817380452604
-2.2999160561281546,-60.753427098584716
-2.5662033946291123,-61.333726295563544
-2.836164983872568,-61.90907462539205
-3.1097436862449706,-62.47947457681363
-3.3868825273170176,-63.044927934250914
-3.6675247040871386,-63.605435814489915
-3.9516135932294243,-64.16099870312107
-4.2390927593698065,-64.71161649068189
-4.529905963409685,-65.25728850845071
-4.823997170911976,-65.79801356384597
-5.12131056056084,-66.33378997538973
-5.421790532702936,-66.864615607198
-5.725381717975061,-67.39048790296397
-6.032028986020321,-67.91140391940334
-6.341677454292543,-68.42736035913423
-6.654272496946571,-68.93835360296612
-6.969759753810134,-69.44437974157547
-7.2880851394313355,-69.94543460654722
-7.609194852194366,-70.44151380076384
-7.933035383494763,-70.93261272812542
-8.25955352696444,-71.41872662258565
-8.588696387735784,-71.89985057649088
-8.920411391733344,-72.37597956821
-9.254646294980956,-72.84710848904533
-9.591349192911606,-73.3132321694151
-9.930468529666998,-73.7743454042999
-10.271953107373342,-74.2304429779466
-10.615752095379781,-74.68151968782395
-10.961815039445689,-75.12757036782583
-11.310091870863,-75.56858991071822
-11.660532915499774,-76.00457328982804
-12.013088902751287,-76.43551557997175
-12.367710974385057,-76.86141197762349
-12.724350693266432,-77.28225782032288
-13.082960051951597,-77.69804860532349
-13.443491481135156,-78.10878000748392
-13.805897857939765,-78.51444789640422
-14.170132514035677,-78.91504835281101
-14.536149243578423,-79.31057768419562
-14.90390231095331,-79.70103243970988
-15.273346458315824,-80.08640942432554
-15.644436912917552,-80.46670571226336
-16.017129394207654,-80.84191865969892
-16.391380120700454,-81.21204591675274
-16.76714581660026,-81.577085438773
-17.14438371817494,-81.93703549691963
-17.52305157987047,-82.29189468805932
-17.903107680158982,-82.64166194398126
-18.284510827113646,-82.98633653994462
-18.667220363703944,-83.32591810256824
-19.051196172805735,-83.6604066170747
-19.43639868192079,-83.98980243390078
-19.82278886760111,-84.31410627468661
-20.21032825957387,-84.63331923765702
-20.598978944563285,-84.9474428024083
-20.988703569806184,-85.25647883411436
-21.379465346258634,-85.56042958716668
-21.77122805149135,-85.85929770826273
-22.16395603227208,-86.15308623895795
-22.557614206833705,-86.44179861769662
-22.95216806682707,-86.72543868133742
-23.34758367895806,-87.00401066618979
-23.74382768630881,-87.27751920857725
-24.140867309343317,-87.54596934494438
-24.53867034659805,-87.80936651152422
-24.93720517505848,-88.06771654358319
-25.336440750222824,-88.32102567426075
-25.736346605854543,-88.56930053302128
-26.136892853425355,-88.81254814373565
-26.538050181250924,-89.0507759224106
-26.93978985332145,-89.2839916745834
-27.34208370782966,-89.51220359240017
-27.74490415539891,-89.73542025139567
-28.148224177014256,-89.95365060699324
-28.5520173216594,-90.16690399074268
-28.956257703662686,-90.37519010631488
-29.360919999755293,-90.57851902527129
-29.7659794458449,-90.77690118262694
-30.1714118335081,-90.97034737222543
-30.577193506204985,-91.1588687419443
-30.983301355219098,-91.34247678874956
-31.3897128153262,-91.52118335361764
-31.79640586019507,-91.69500061634353
-32.20335899752357,-91.86394109025348
-32.61055126391315,-92.02801761684093
-33.01796221948468,-92.18724336034406
-33.42557194223877,-92.34163180228337
-33.833361022163125,-92.49119673597806
-34.241310555089626,-92.63595226105926
-34.6494021363036,-92.77591277799867
-35.057617853907395,-92.91109298267126
-35.46594028194038,-93.04150786096986
-35.874352473257076,-93.16717268349042
-36.28283795216494,-93.28810300030604
-36.69138070682305,-93.40431463584811
-37.09996518140262,-93.51582368391286
-37.508576268010124,-93.6226465028115
-37.91719929837322,-93.72479971068235
-38.32582003528956,-93.82230018098298
-38.73442466383823,-93.91516503818087
-39.14299978235303,-94.00341165366058
-39.55153239315662,-94.0870576418659
-39.96000989305418,-94.16612085669503
-40.368420063584686,-94.24061938816726
-40.776751061027724,-94.31057155937921
-41.18499140616327,-94.37599592376917
-41.59312997378142,-94.43691126270765
-42.00115598193884,-94.49333658343252
-42.40905898095804,-94.54529111734719
-42.816828842165485,-94.59279431869986
-43.22445574636394,-94.63586586366264
-43.63193017203409,-94.67452564982838
-44.03924288326028,-94.70879379614388
-44.446384917374594,-94.7386906432975
-44.853347572313396,-94.76423675457957
-45.26012239367993,-94.78545291723354
-45.666701161506396,-94.80236014431601
-46.073075876708586,-94.81497967708357
-46.479238747225956,-94.82333298792388
-46.88518217383973,-94.82744178384887
-47.290898735661536,-94.8273280105669
-47.6963811752849,-94.82301385715095
-48.10162238359188,-94.81452176131936
-48.50661538420704,-94.80187441534495
-48.91135331759116,-94.78509477260822
-49.31582942476698,-94.76420605480914
-49.72003703066977,-94.73923175985206
-50.1239695271154,-94.71019567041654
-50.52762035537949,-94.67712186322649
-50.93098298838122,-94.64003471902888
-51.3340509124663,-94.59895893329154
-51.73681760878427,-94.55391952762885
-52.139276534256005,-94.50494186196171
-52.541421102128695,-94.45205164741702
-52.94324466211625,-94.39527495996961
-53.34474048012493,-94.3346382548271
-53.745901717565154,-94.27016838155615
-54.146721410252425,-94.20189259994544
-54.547192446902045,-94.12983859659772
-54.94730754722467,-94.05403450224024
-55.347059239631946,-93.97450890973879
-55.746439838564214,-93.89129089279709
-56.14544142145514,-93.80441002531866
-56.5440558053512,-93.71389640140376
-56.9422745232076,-93.61978065594894
-57.34008879988555,-93.52209398581171
-57.73748952788006,-93.42086817149628
-58.134467242811866,-93.31613559931132
-58.531012098721014,-93.20792928394303
-58.927113843205234,-93.09628289138074
-59.322761792450926,-92.98123076212474
-59.71794480621008,-92.86280793459815
-60.112651262782094,-92.74105016867723
-60.506869034065446,-92.61599396924579
-60.9005854607501,-92.48767660967113
-61.293787327728126,-92.35613615509006
-61.686460839806074,-92.2214114853847
-62.078591597809506,-92.08354231771867
-62.47016457517646,-91.94256922849524
-62.8611640951434,-91.79853367459002
-63.25157380863353,-91.65147801370169
-63.64137667296393,-91.50144552365612
-64.03055493149381,-91.34848042049009
-64.41909009434235,-91.19262787513418
-64.8069629203096,-91.03393402850605
-65.19415340013909,-90.87244600481986
-65.58064074126476,-90.70821192291176
-65.9664033541886,-90.54128090537691
-66.35141884063742,-90.37170308531078
-66.73566398364945,-90.19952961044554
-67.1191147397411,-90.02481264447243
-67.50174623330422,-89.8476053653431
-67.88353275338115,-89.66796196034593
-68.26444775296189,-89.48593761776009
-68.64446385094178,-89.30158851489757
-69.02355283687154,-89.11497180235429
-69.40168567862258,-88.92614558430414
-69.77883253307961,-88.73516889468573
-70.15496275996063,-88.54210166914947
-70.53004493884961,-88.34700471265371
-70.90404688951106,-88.14993966262182
-71.27693569553767,-87.95096894759814
-71.64867773136247,-87.75015574136934
-72.01923869264537,-87.5475639125475
-72.38858363002166,-87.34325796964471
-72.75667698617492,-87.13730300170234
-73.12348263617281,-86.92976461457468
-73.48896393097728,-86.72070886300244
-73.85308374401491,-86.51020217864958
-74.21580452066618,-86.29831129431405
-74.57708833050603,-86.08510316456027
-74.93689692210219,-85.87064488305752
-75.2951917801526,-85.65500359694302
-75.65193418471978,-85.43824641856204
-76.00708527229709,-85.22044033496768
-76.36060609842295,-85.00165211559056
-76.71245770153972,-84.78194821851355
-77.06260116778014,-84.56139469580634
-77.41099769635109,-84.340057098392
-77.75760866517588,-84.11800038092815
-78.10239569645015,-83.89528880719396
-78.44532072176449,-83.67198585647448
-78.78634604644803,-83.44815413143229
-79.12543441279195,-83.22385526794754
-79.4625490618205,-82.99914984739465
-79.79765379328879,-82.77409731180613
-80.13071302360109,-82.54875588235159
-80.4616918413623,-82.3231824815332
-80.79055606029507,-82.09743265946871
-81.11727226927877,-81.87156052459882
-81.44180787929147,-81.6456186791194
-81.76413116706323,-81.4196581593996
-82.08421131527695,-81.1937283816063
-82.40201844918245,-80.96787709271297
-82.71752366951905,-80.7421503270287
-83.03069908167124,-80.51659236834018
-83.34151782101202,-80.2912457177173
-83.64995407441702,-80.06615106699186
-83.95598309795989,-79.84134727787915
-84.25958123082658,-79.61687136667464
-84.56072590551055,-79.39275849442227
-84.8593956543741,-79.16904196241828
-85.15557011268233,-78.94575321288448
-85.44923001823493,-78.72292183461819
-85.74035720773823,-78.50057557340203
-86.02893461007379,-78.27874034693711
-86.31494623663271,-78.05744026404557
-86.59837716889439,-77.83669764787466
-86.87921354343601,-77.6165330628249
-87.15744253456502,-77.39696534491601
-87.43305233477011,-77.17801163530133
-87.70603213318758,-76.95968741663857
-87.97637209228014,-76.74200655202638
-88.24406332292327,-76.52498132621882
-88.5090978580903,-76.30862248883561
-88.77146862532385,-76.09293929929304
-89.03116941817441,-75.87793957318893
-89.28819486678076,-75.66362972988586
-89.54254040775871,-75.45001484104772
-89.79420225355734,-75.23709867989712
-90.04317736143189,-75.0248837709742
-90.28946340217436,-74.81337144019116
-90.53305872873304,-74.60256186499022
-90.77396234484235,-74.39245412442736
-91.01217387377555,-74.1830462490179
-91.24769352732258,-73.97433527019412
-91.4805220750865,-73.76631726923883
-91.71066081418249,-73.5589874255723
-91.93811153941485,-73.35234006428291
-92.1628765139985,-73.14636870280447
-92.38495844088366,-72.94106609665494
-92.60436043473442,-72.73642428416309
-92.82108599460469,-72.53243463012002
-93.03513897734798,-72.32908786830271
-93.24652357179113,-72.12637414282635
-93.4552442736959,-71.92428304829109
-93.66130586152708,-71.72280366869646
-93.86471337304043,-71.52192461510516
-94.06547208269897,-71.32163406204381
-94.26358747992235,-71.12191978263523
-94.45906524816952,-70.92276918246225
-94.65191124485195,-70.72416933216799
-94.84213148207152,-70.52610699880239
-95.029732108174,-70.32856867592866
-95.21471939010706,-70.13154061250697
-95.39709969656975,-69.93500884057559
-95.57687948193787,-69.73895920175306
-95.75406527094884,-69.54337737258611
-95.92866364412812,-69.34824888877138
-96.10068122393766,-69.1535591682794
-96.2701246616271,-68.9592935334114
-96.4370006247663,-68.7654372318202
-96.6013157854387,-68.57197545652721
-96.76307680907345,-68.3788933649682
-96.92229034389491,-68.1861760971011
-97.07896301096743,-67.99380879260842
-97.2331013948137,-67.80177660722812
-97.3847120345849,-67.61006472824553
-97.53380141576105,-67.41865838917906
-97.68037596236036,-67.22754288369237
-97.82444202963666,-67.03670357876447
-97.9660058972442,-66.84612592714957
-98.10507376285003,-66.65579547915686
-98.24165173617392,-66.46569789378059
-98.37574583343714,-66.27581894920957
-98.50736197220107,-66.08614455274467
-98.63650596657794,-65.89666075015191
-98.76318352279613,-65.70735373447795
-98.88740023510296,-65.51820985435423
-99.00916158198906,-65.32921562181463
-99.1284729227181,-65.14035771965109
-99.24533949414727,-64.95162300833063
-99.35976640782346,-64.76299853249617
-99.47175864734157,-64.57447152707306
-99.58132106595137,-64.38602942300213
-99.68845838439998,-64.19765985261918
-99.79317518899788,-64.00935065470027
-99.89547592989659,-63.82108987919119
-99.9953649195667,-63.632865791638764
-100.09284633146568,-63.44466687734084
-100.18792419888521,-63.25648184523117
-100.2806024139681,-63.06829963151454
-100.37088472688575,-62.8801094030669
-100.45877474516722,-62.69190056061467
-100.54427593317142,-62.503662741706364
-100.62739161169455,-62.31538582348964
-100.70812495770502,-62.12705992530562
-100.78647900419895,-61.938675411112385
-100.86245664016903,-61.75022289174835
-100.93606061068049,-61.56169322704628
-101.00729351704794,-61.373077527807745
-101.07615781710737,-61.18436715764758
-101.14265582557755,-60.99555373471721
-101.20678971450579,-60.80662913331558
-101.26856151379305,-60.61758548539561
-101.32797311179377,-60.42841518197388
-101.38502625598588,-60.23911087445099
-101.43972255370687,-60.04966547584919
-101.49206347295201,-59.860072161974145
-101.54205034323084,-59.670324372506755
-101.58968435647859,-59.480415812031005
-101.63496656801891,-59.2903404510034
-101.67789789757515,-59.1000925266691
-101.71847913032681,-58.90966654392975
-101.75671091800858,-58.71905727616775
-101.79259378004924,-58.52825976603123
-101.82612810474804,-58.33726932618397
-101.85731415048583,-58.14608154002411
-101.88615204696924,-57.95469226237543
-101.91264179650526,-57.763097620154525
-101.93678327530455,-57.57129401301732
-101.95857623481155,-57.37927811398779
-101.97802030305941,-57.18704687007193
-101.9951149860483,-56.99459750285961
-102.00985966914531,-56.80192750911679
-102.02225361850444,-56.60903466137052
-102.0322959825053,-56.41591700848904
-102.03998579320923,-56.22257287625883
-102.04532196783111,-56.02900086796069
-102.04830331022627,-55.83519986494666
-102.04892851239072,-55.641169027219334
-102.04719615597384,-55.446907794015246
-102.04310471380249,-55.25241588439368
-102.03665255141537,-55.05769329783225
-102.02783792860652,-54.862740314830496
-102.01665900097734,-54.667557497522566
-102.00311382149594,-54.47214569030006
-101.9872003420628,-54.276506020445964
-101.96891641508226,-54.0806398987805
-101.94825979503857,-53.88454902031964
-101.9252281400759,-53.68823536494708
-101.89981901358146,-53.491701198100145
-101.87202988577087,-53.29494907147021
-101.84185813527496,-53.09798182371822
-101.80930105072738,-52.900802581205575
-101.77435583235201,-52.70341475874073
-101.73701959354963,-52.505822060341906
-101.69728936248289,-52.30802848001607
-101.65516208365895,-52.1100383025543
-101.61063461950884,-51.911856104343755
-101.56370375196309,-51.71348675419627
-101.51436618402246,-51.51493541419358
-101.46261854132324,-51.3162075405492
-101.40845737369624,-51.11730888448686
-101.35187915671871,-50.91824549313534
-101.29288029325824,-50.719023710439636
-101.231457115008,-50.519650178088284
-101.16760588401236,-50.32013183645643
-101.10132279418195,-50.12047592556465
-101.03260397279746,-49.92068998605301
-100.96144548200115,-49.72078186017017
-100.88784332027517,-49.52075969277709
-100.8117934239058,-49.32063193236502
-100.73329166843254,-49.120407332087304
-100.65233387008121,-48.920094950804604
-100.56891578717983,-48.71970415414304
-100.48303312155653,-48.519244615564766
-100.39468151991811,-48.31872631745055
-100.30385657520843,-48.118159552193646
-100.2105538279453,-47.91755492330463
-100.11476876753483,-47.71692334652642
-100.01649683356207,-47.516276050959085
-99.91573341705664,-47.3156245801937
-99.81247386173216,-47.11498079345466
-99.70671346519825,-46.914356866749905
-99.59844748014363,-46.71376529402827
-99.48767111548933,-46.513218888343495
-99.37437953751007,-46.31273078302401
-99.25856787092297,-46.11231443284801
-99.14023119994188,-45.91198361522306
-99.01936456929576,-45.711752431369526
-98.89596298520986,-45.511635307507234
-98.7700214163479,-45.31164699604452
-98.64153479471386,-45.1118025767691
-98.5104980165116,-44.91211745804006
-98.37690594296086,-44.71260737798013
-98.2407534010676,-44.513288405667765
-98.10203518434749,-44.314176942328125
-97.96074605350019,-44.115289722522405
-97.81688073703303,-43.916643815334794
-97.67043393183219,-43.71825662555637
-97.52140030367939,-43.52014589486522
-97.36977448771222,-43.322329703002254
-97.21555108882629,-43.124826468941905
-97.05872468201716,-42.92765495205718
-96.89928981265989,-42.73083425327836
-96.73724099672455,-42.53438381624477
-96.57257272092517,-42.338323428449016
-96.4052794428003,-42.14267322237303
-96.2353555907232,-41.94745367661546
-96.06279556383893,-41.75268561700974
-95.88759373192687,-41.558390217732324
-95.70974443518588,-41.36458900240059
-95.52924198394024,-41.171303845159834
-95.34608065826373,-40.97855697175892
-95.1602547075201,-40.78637096061408
-94.97175834981697,-40.59476874386039
-94.78058577137142,-40.40377360839053
-94.58673112578454,-40.213409196880285
-94.39018853322278,-40.02369950880056
-94.19095207950357,-39.834668901415306
-93.98901581508312,-39.646342090765124
-93.78437375394354,-39.4587441526361
-93.57701987237745,-39.271900523513544
-93.36694810766723,-39.08583700152029
-93.15415235665681,-38.90057974733914
-92.93862647421341,-38.71615528511919
-92.72036427157711,-38.532590503365704
-92.49935951459562,-38.34991265581303
-92.27560592184223,-38.16814936228045
-92.04909716261427,-37.98732860951037
-91.81982685481026,-37.807478751988576
-91.58778856268297,-37.628628512746126
-91.3529757944669,-37.45080698414237
-91.1153819998772,-37.27404362862868
-90.87500056747882,-37.098368279492334
-90.63182482192326,-36.92381114157984
-90.38584802105127,-36.75040279199921
-90.13706335285963,-36.578174180800275
-89.88546393233018,-36.407156631632276
-89.63104279811971,-36.237381842377665
-89.37379290910883,-36.06888188576114
-89.11370714080883,-35.90168920993255
-88.85077828162503,-35.735836639022374
-88.58499902897584,-35.57135737366805
-88.3163619852663,-35.408284991509454
-88.0448596537158,-35.246653447651425
-87.77048443403939,-35.086497075090975
-87.49322861798238,-34.927850585106675
-87.21308438470852,-34.77074906760721
-86.93004379604194,-34.61522799143574
-86.64409879156365,-34.46132320462641
-86.3552411835636,-34.309070934608826
-86.06346265184982,-34.158507788355784
-85.76875473841616,-34.00967075246902
-85.47110884197161,-33.862597193197104
-85.17051621233315,-33.717324856379086
-84.86696794468624,-33.57389186730646
-84.56045497371639,-33.43233673049546
-84.25096806761681,-33.29269832936076
-83.93849782197708,-33.155015925780575
-83.62303465355915,-33.0193291595421
-83.3045687939676,-32.885678047655304
-82.98309028322191,-32.75410298352126
-82.65858896323945,-32.624644735940514
-82.33105447123941,-32.497344447944855
-82.00047623307846,-32.37224363543445
-81.66684345653061,-32.24938418560046
-81.33014512452509,-32.12880835511134
-80.99036998835726,-32.01055876803859
-80.64750656088967,-31.89467841349578
-80.30154310976185,-31.78121064296169
-79.95246765062943,-31.67019916725601
-79.6002679404552,-31.56168805313269
-79.24493147087713,-31.455721719453
-78.8864454616809,-31.3523449328966
-78.52479685440669,-31.251602803165284
-78.1599723061235,-31.1535407776296
-77.79195818340717,-31.05820463536427
-77.42074055656126,-30.965640480513215
-77.04630519412427,-30.875894734919893
-76.66863755771043,-30.789014129952687
-76.287722797235,-30.705045697449062
-75.903545746581,-30.624036759695425
-75.5160909197675,-30.546034918352444
-75.12534250768691,-30.47108804222777
-74.73128437548282,-30.39924425378977
-74.33390006064752,-30.330551914306874
-73.93317277192425,-30.265059607487398
-73.52908538910685,-30.2028161214845
-73.1216204638372,-30.143870429119552
-72.71076022150923,-30.0882716661656
-72.29648656439694,-30.036069107519662
-71.87878107613382,-29.98731214107917
-71.45762502768099,-29.94205023912339
-71.03299938493211,-29.900332926985378
-70.6048848181151,-29.86220974878375
-70.17326171316225,-29.827730229966395
-69.73811018523385,-29.79694383640013
-69.29941009459357,-29.76989992972142
-68.85714106504848,-29.74664771864318
-68.41128250518125,-29.727236205892126
-67.9618136326178,-29.711714130429502
-67.5087135015899,-29.700129904585882
-67.05196103406844,-29.692531545717962
-66.59153505476073,-29.6889666019721
-66.12741433028168,-29.689482071716018
-65.65957761282705,-29.694124316176797
-65.18800368869293,-29.702938964800474
-64.71267143200399,-29.715970812826182
-64.23355986402778,-29.733263710547185
-63.750648218468726,-29.75486044371162
-63.26391601314831,-29.78080260449924
-62.77334312849043,-29.811130452496624
-62.27890989323937,-29.845882765083747
-61.78059717784453,-29.885096676640085
-61.27838649594745,-29.92880750597987
-60.77226011440429,-29.977048571434942
-60.26220117226754,-30.02985099302131
-59.74819380913572,-30.0872434811536
-59.2302233032553,-30.149252111411812
-58.7082762197259,-30.215900084919173
-58.18234056911551,-30.287207473960393
-57.65240597673536,-30.36319095255831
-57.11846386275322,-30.443863511836547
-56.58050763323728,-30.529234160127935
-56.0385328821186,-30.6193076079462
-55.49253760393705,-30.714083938123455
-54.942522417092256,-30.813558261630714
-54.388490797155725,-30.917720359844587
-53.830449319612285,-31.026554314302143
-53.2684079111876,-31.14003812529779
-52.70238010868361,-31.25814332102183
-52.13238332398599,-31.38083455931816
-51.55843911362853,-31.508069224546713
-50.98057345100107,-31.63979702247132
-50.39881699897364,-31.775959576549575
-49.81320538038511,-31.916490029471905
-49.22377944351507,-32.06131265427264
-48.630585519332534,-32.21034247980518
-48.03367566700052,-32.363484935823024
-47.43310790382641,-32.52063552332313
-46.828946415592235,-32.68167951616906
-46.2212617429935,-32.84649170030101
-45.610130939771324,-33.014936157036175
-44.995637698056925,-33.18686609704641
-44.37787243647253,-33.36212375154908
-43.756932346663255,-33.54054032704367
-43.13292139418059,-33.72193602955395
-42.50595027000926,-33.90612016378081
-41.87613628953056,-34.09289131182774
-41.243603236347354,-34.28203759522788
-40.60848114915401,-34.47333702288526
-39.97090605070909,-34.66655792625923
-39.33101961894284,-34.861459481692094
-38.688968801283266,-35.05779231823997
-38.04490537438629,-35.255299207754064
-37.398985452574735,-35.4537158323224
-36.7513689493915,-35.65277162257188
-36.10221899771662,-35.852190658801675
-35.451701334848416,-36.05169262552736
-34.799983659769026,-36.25099380881119
-34.14723497047329,-36.44980812478496
-33.49362488971008,-36.64784816707562
-32.839322987748936,-36.84482626044708
-32.18449811083106,-37.040455507890066
-31.52931772379175,-37.23445081862784
-30.87394727495916,-37.42652990504638
-30.218549590857876,-37.61641423738179
-29.563284307500005,-37.803829946068966
-28.90830734416109,-37.98850866293128
-28.25377042454778,-38.17018829382171
-27.599820649205743,-38.34861371685813
-26.946600121926856,-38.5235374019759
-26.2942456318301,-38.69471994909771
-25.642888391743412,-38.86193054374659
-24.992653832532525,-39.024947330361776
-24.343661452130394,-39.18355770488528
-23.69602471723486,-39.33755852934354
-23.049851014974397,-39.486756272136304
-22.405241651297732,-39.630967078555315
-21.76229189242429,-39.770016776685345
-21.121091045394703,-39.90374082429564
-20.481722573577226,-40.03198420261993
-19.84426424290648,-40.15460126306223
-19.208788294643803,-40.271455532870256
-18.57536164054054,-40.382419485707395
-17.944046076442767,-40.48737428284659
-17.314898510585927,-40.586209490425006
-16.687971203076366,-40.6788227778546
-16.063312013333583,-40.76511960209814
-15.440964652560252,-40.84501288210794
-14.82096893860839,-40.91842266729908
-14.203361050911173,-40.98527580350106
-13.588173783444638,-41.04550559941158
-12.975436793966745,-41.09905149617099
-12.365176848049115,-41.14585874229077
-11.757418056666623,-41.18587807580906
-11.152182106339891,-41.21906541521379
-10.549488481034956,-41.24538156036971
-9.949354675212362,-41.26479190441117
-9.351796397585174,-41.27726615731792
-8.756827765292458,-41.282778081673975
-8.164461488322612,-41.28130524092098
-7.574709044130873,-41.27282876025316
-6.987580842488627,-41.25733310016149
-6.403086380680251,-41.23480584251619
-5.8212343892276275,-41.2052374889786
-5.242032968374575,-41.16862127145267
-4.665489715604676,-41.12495297422179
-4.091611844497613,-41.07423076736566
-3.520406295252473,-41.01645505101377
-2.951879837222623,-40.9516283099637
-2.3860391638167853,-40.87975497817404
-1.8228909801257862,-40.80084131263043
-1.2624420836349823,-40.71489527607892
-0.7046994383792974,-40.62192642812169
-0.14967024289188013,-40.52194582417585
0.4026380077108835,-40.41496592180491
0.9522174651753407,-40.30100049394481
1.499059876766293,-40.18006454856074
2.0431565388236765,-40.05217425428685
2.584498254924512,-39.91734687161853
3.123075298367964,-39.77560068924515
3.6588773787150397,-39.626954965129684
4.191893612128178,-39.471429871960986
4.722112495269536,-39.30904644662335
5.249521882530077,-39.13982654334687
5.774108966374494,-38.96379279022093
6.295860260599525,-38.780968548771106
6.814761586315204,-38.591377876317644
7.330798060470104,-38.39504549085064
7.843954086752577,-38.19199673817368
8.354213348710351,-37.98225756108336
8.861558804940675,-37.76585447036751
9.365972686212425,-37.54281451741912
9.867436494390311,-37.313165268276975
10.365931003039401,-37.07693477891712
10.86143625959585,-36.8341515716315
11.353931588996776,-36.58484461234227
11.84339559866889,-36.32904328871115
12.32980618478158,-36.06677738891389
12.813140539675894,-35.79807708096008
13.293375160386162,-35.52297289244752
13.77048585817589,-35.24149569065
14.24444776901409,-34.953676662845005
14.715235364922428,-34.65954729679643
15.182822466127446,-34.35913936131448
15.647182253955679,-34.05248488682234
16.10828728441285,-33.73961614586559
16.56610950239135,-33.42056563350697
17.020620256453086,-33.09536604755476
17.47179031413742,-32.764050268578984
17.919589877746336,-32.426651339674706
18.36398860056132,-32.08320244593702
18.80495560344854,-31.733736893616868
19.242459491810905,-31.378288088931516
19.676468372847555,-31.01688951650776
20.106949873083032,-30.649574717440103
20.533871156130186,-30.2763772669499
20.957198940652486,-29.89733075163537
21.376899518492994,-29.512468746305696
21.79293877293886,-29.121824790396126
22.20528219709169,-28.725432363963918
22.613894912315693,-28.323324863268365
23.018741686737048,-27.915535575941046
23.419786953769428,-27.502097655755403
23.816994830642255,-27.08304409700757
24.210329136909756,-26.65840770852321
24.59975341292068,-26.228221087307855
24.985230938230135,-25.7925165918608
25.366724749936832,-25.351326315175477
25.74419766093091,-24.90468205745174
26.117612278039505,-24.452615298548192
26.486931020059206,-23.995157170205445
26.852116135666886,-23.53233842807384
27.21312972120264,-23.06418942358205
27.569933738321073,-22.59074007568581
27.922490031509856,-22.11201984253901
28.270760345477306,-21.628057693132533
28.614706342413736,-21.138882078949457
28.954289619134606,-20.644520905688687
29.28947172411697,-20.145001505112717
29.620214174444456,-19.640350607079114
29.946478472679914,-19.130594311819465
30.268226123689324,-18.615758062533928
30.585418651444975,-18.095866618374373
30.898017615840946,-17.57094402789416
31.20598462955924,-17.04101360304826
31.509281375030508,-16.50609789383335
31.80786962153953,-15.966218663664142
32.10171124253207,-15.421396865589193
32.39076823318676,-14.871652619457176
32.675002728323335,-14.317005190152956
32.95437702072651,-13.757472967031838
33.22885357997347,-13.193073444690262
33.49839507186239,-12.623823205221868
33.762964378549384,-12.049737902119482
34.02252461951163,-11.470832245996172
34.277039173466434,-10.88711999231217
34.52647170138777,-10.29861393130917
34.77078617077496,-9.70532588036953
35.00994688134244,-9.10726667903509
35.24391849231375,-8.504446186938862
35.472666051519475,-7.8968732849228145
35.696155026514745,-7.284555879636371
35.91435133795044,-6.667500911933129
36.12722139545034,-6.045714369407786
36.33473213626655,-5.41920130344124
36.53685106700615,-4.787965851149461
36.73354630874357,-4.152011262660836
36.92478664585585,-3.5113399341773563
37.11054157894115,-2.865953447307066
37.29078138220492,-2.215852615188546
37.46547716572256,-1.5610375359626372
37.63460094301234,-0.901507654181895
37.7981257043768,-0.2372618307840664
37.9560254964957,0.43170157770822637
38.10827550877684,1.105384630063965
38.25485216699397,1.7837897005643748
38.395733234761,2.466919367803253
38.53089792341014,3.154776291272866
38.66032701085554,3.8473630749156627
38.784002970034265,4.544682116801723
38.901910107520095,5.246735444078472
39.01403471290323,5.953524532334543
39.120365219517005,6.66505010852585
39.2208923770707,7.381311936631367
39.31560943671333,8.102308585241504
39.404512349004065,8.828037176336176
39.48759997519889,9.558493114586256
39.5648743121776,10.293669796614328
39.63634073122722,11.033558299782642
39.70200823076474,11.778147050241676
39.76188970292076,12.527421470176057
39.81600221371358,13.281363604429657
39.864367296317056,14.039951726982649
39.90701125666375,14.803159928093365
39.943965490324885,15.570957683310349
39.975266809269336,16.34330940600653
40.000957776725336,17.12017398558922
40.021087047951674,17.901504314095398
40.03570971427207,18.68724680448886
40.04488764724236,19.477340904628374
40.04868983931095,20.271718611566126
40.04719273680859,21.070303991550915
40.04048056057525,21.873012711835614
40.02864560901524,22.67975159110313
40.011788537884165,23.49041817600607
39.99001861067399,24.304900351933938
39.96345391309925,25.123075996646822
39.932221524922525,25.944812685811197
39.896457642219595,26.76996745970543
39.856307643198846,27.598386660392826
39.81192609088263,28.429905848453423
39.763476666352574,29.264349807890984
39.71113202687345,30.101532647063138
39.65507358405344,30.941258002405004
39.59549119827331,31.783319350324646
39.5325827869166,32.62750043095231
39.46655384543706,33.47357578544913
39.397616881976816,34.3213114063667
39.325990768055526,35.170465498154456
39.25190000973181,36.02078934241048
39.17557394552976,36.87202825994915
39.097245879254956,37.72392265931013
39.017152157522524,38.57620915905709
38.93553120331347,39.42862176920699
38.85262251809795,40.280893115481895
38.76866566596054,41.132755688860534
38.683899253689866,41.983943102182785
38.59855992092952,42.83419133536232
38.512881354220404,43.68323995109893
38.42709333811162,44.53083326383749
38.34142085550561,45.376721446052706
38.256083248082746,46.22066155768636
38.17129344607789,47.06241848664625
38.08725727492726,47.90176579060123
38.00417284443852,48.73848643277829
37.922230024235446,49.57237340698598
37.84161000735739,50.403230249562775
37.762484962116694,51.230871438295445
37.68501777068419,52.05512268050335
37.609361851425135,52.875821094385365
37.53566106077274,53.69281528934027
37.46404966942025,54.505965352279055
37.394652406838894,55.31514274794212
37.327584567584466,56.12023014192429
37.26295217252431,56.92112115551495
37.20085217798181,57.71772006160488
37.1413727258317,58.50994143082968
37.084593427761234,59.297709736846315
37.03058567721256,60.0809589292117
36.97941298291338,60.859631981785476
36.93113131836182,61.63368042394825
36.885789482133525,62.40306386124001
36.843429464406036,63.16774949131015
36.804086815627805,63.92771162035187
36.76779101378557,64.68293118448852
36.73456582723046,65.43339527990267
36.704429670503636,66.17909670486067
36.67739595104914,66.92003351619482
36.653473405112024,67.65620860226512
36.6326664214907,68.3876292739376
36.614975352144185,69.1143068746845
36.600396808947124,69.83625641053419
36.588923946139964,70.55349620027172
36.580546728240854,71.26604754601239
36.575252183371596,71.97393442403637
36.57302464210508,72.6771831955792
36.57384596206997,73.37582233711535
36.577695738651435,74.06988218954788
36.584551502208456,74.75939472562084
36.594388902290554,75.44439333480004
36.60718187938331,76.12491262481758
36.622902824743434,76.80098823904419
36.64152272890465,77.4726566888366
36.66301131944523,78.1399552000035
36.687337188609995,78.80292157254034
36.71446791137408,79.46159405279776
36.74437015452551,80.11601121727023
36.77700977732855,80.76621186721798
36.812351924311564,81.41223493336565
36.85036111070257,82.05411938995402
36.89100130101316,82.69190417745601
36.9342359812479,83.3256281333041
36.98002822519216,83.95532993001237
37.0283407552068,84.58104802011238
37.07913599793388,85.2028205873577
37.13237613529327,85.82068550368673
37.18802315112692,86.43468029146668
37.246038873824546,87.04484209057442
37.30638501524258,87.6512076299005
37.369023206207366,88.25381320289216
37.43391502887335,88.85269464677921
37.501022046188176,89.4478873251531
37.57030582869836,90.03942611359412
37.64172797891243,90.62734538806532
37.715250153422275,91.2116790158136
37.790834082968516,91.79246034853837
37.868441590621536,92.36972221760803
37.94803460823684,92.9434969311216
38.02957519133099,93.51381627262961
38.113025532513,94.08071150134363
38.198347973595446,94.64421335367788
38.285505016499705,95.20435204597958
38.374459333060486,95.76115727831684
38.46517377382642,96.31465823920394
38.55761137594555,96.86488361115411
38.65173537021726,97.41186157696005
38.74750918738569,97.95561982660996
38.84489646374295,98.49618556475642
38.9438610461054,99.03358551866157
39.04436699622036,99.5678459465496
39.1463785946561,100.09899264630366
39.24986034422334,100.62705096444982
39.35477697297236,101.15204580537625
39.46109343680603,101.67400164074054
39.56877492174549,102.19294251902244
39.677786845882146,102.70889207518337
39.788094861046545,103.22187354039794
39.89966485422191,103.7319097518258
40.01246294872786,104.23902316239555
40.12645550519738,104.74323585057527
40.241609122367876,105.2445695301064
40.357890637705545,105.7430455596809
40.47526712788019,106.23868495254287
40.59370590910622,106.73150838599865
40.713174537363955,107.22153621082045
40.833640808514026,107.70878846053083
40.95507275831644,108.19328486055666
41.07743866236476,108.67504483724237
41.20070703594468,109.15408752671388
41.32484663382546,109.63043178358552
41.449826449991875,110.10409618950334
41.5756157173232,110.57509906151928
41.7021839072255,111.04345846029148
41.829500729222445,111.50919219810642
41.95753613050952,111.97231784672023
42.08626029547577,112.43285274501598
42.21564364519693,112.89081400647528
42.34565683690308,113.34621852646269
42.47627076342385,113.79908298932175
42.60745655261355,114.2494238752823
42.739185566758515,114.69725746717884
42.871429401968456,115.14259985698008
43.004159887553435,115.58546695213039
43.13734908538786,116.02587448170367
43.2709692892626,116.46383800237103
43.4049930242262,116.89937290418355
43.53939304591588,117.33249441617137
43.67414233987904,117.76321761176122
43.80921412088567,118.19155741401403
43.94458183223206,118.61752860068472
44.08021914503599,119.0411458091065
44.21609995752364,119.46242354090171
44.352198394308175,119.88137616652175
44.48848880566013,120.29801792961868
44.62494576676938,120.71236295125085
44.76154407699871,121.12442523392538
44.89825875912877,121.53421866548008
45.03506505859417,121.94175702280768
45.17193844271055,122.34705397542487
45.308854599892356,122.75012308888955
45.44578943886108,123.15097782806835
45.58271908784358,123.54963156025805
45.71961989376031,123.94609755816332
45.856468421403136,124.34038900273376
45.993241452602334,124.7325189858634
46.12991598538267,125.12250051295501
46.266469233108076,125.51034650535296
46.40287862361479,125.89606980264655
46.53912179833258,126.27968316484748
46.67517661139389,126.66119927444403
46.81102112873053,127.04063073833451
46.94663362715788,127.41799008964361
47.08199259344609,127.79328978942354
47.21707672337843,128.16654222824337
47.351864920796295,128.5377597276692
47.48633629663087,128.90695454163776
47.62047016792126,129.27413885772637
47.754246056819014,129.63932479832167
47.887643689578745,130.00252442169025
48.02064299553499,130.3637497229532
48.15322410606514,130.7230126349676
48.285367353538255,131.08032502911743
48.41705327025,131.4356987160164
48.548262587343395,131.78914544612505
48.678976233715616,132.1406769102849
48.8091753349107,132.4903047401717
48.93884121199826,132.83804050867047
49.06795538043827,133.18389573017456
49.19649954893195,133.52788186081088
49.32445561825887,133.8700102985939
49.45180568010027,134.21029238351048
49.57853201584894,134.54873939753747
49.70461709540552,134.88536256459494
49.83004357596145,135.22017305043624
49.95479430076887,135.55318196247785
50.07885229789741,135.8844003495703
50.20220077897815,136.21383920171294
50.324823137935006,136.54150944971357
50.44670294970355,136.86742196479605
50.56782396893768,137.1915875581564
50.68817012870421,137.51401698047067
50.80772553916567,137.83472092135514
50.92647448625151,138.15371000878136
51.04440143031792,138.4709948084477
51.161491004796666,138.78658582310877
51.27772801483296,139.1004934918647
51.39309743591277,139.4127281894117
51.50758441247982,139.72330022525563
51.62117425654249,140.03221984288993
51.73385244627089,140.33949721893984
51.845604624584446,140.64514246227367
51.95641659773017,140.9491656130834
52.06627433385198,141.25157664193523
52.17516396155128,141.55238544879205
52.2830717684391,141.85160186200883
52.389984199680114,142.14923563730233
52.49588785652871,142.44529645669633
52.60076949485756,142.7397939274437
52.704616023678746,143.03273758092655
52.80741450365794,143.3241368715352
52.90915214562177,143.61400117552785
53.00981630905869,143.90233978987132
53.10939450061367,144.18916193106432
53.207874372576846,144.47447673394416
53.305243721366665,144.75829325047803
53.40149048600739,145.04062044853944
53.49660274660165,145.32146721067133
53.59056872279805,145.60084233283627
53.68337677225407,145.87875452315487
53.77501538909473,146.1552124006331
53.86547320236708,146.43022449387973
53.95473897449075,146.7037992398139
54.042801599705044,146.97594498236447
54.129650102512485,147.24666997116134
54.21527363611932,147.51598236021954
54.299661480873105,147.78389020661692
54.382803042697574,148.05040146916596
54.4646878515251,148.3155240070804
54.54530555972691,148.57926557863718
54.62464594054131,148.84163383983451
54.7026988865001,149.10263634304647
54.7794544078534,149.36228053567447
54.854902630993124,149.62057375879664
54.92903379687528,149.87752324581507
55.001838259441286,150.13313612110167
55.073306484038525,150.387419398643
55.143429045840286,150.64037998068463
55.212196628265346,150.89202465637518
55.27960002139733,151.14236010041066
55.345630120404,151.39139287167933
55.41027792395678,151.63912941190767
55.4735345326505,151.88557604430733
55.535391147423695,152.13073897222375
55.59583906797958,152.3746242777868
55.65486969120781,152.61723792056327
55.71247450960721,152.85858573621198
55.768645109709766,153.0986734351414
55.82337317050577,153.3375066011701
55.87665046187058,153.57509069019056
55.92846884299287,153.8114310288357
55.978820260804746,154.04653281314947
56.027696748413724,154.28040110726062
56.07509042353679,154.51304084206046
56.12099348693669,154.7444568138846
56.16539822086055,154.97465368319843
56.208296987481056,155.20363597328725
56.24968222734019,155.43140806895033
56.289546457795865,155.6579742151995
56.327882271471445,155.8833385159622
56.36468233470834,156.10750493278914
56.39993938602184,156.3304772835665
56.433646234560314,156.55225924123295
56.46579575856792,156.77285433250134
56.496380903851005,156.99226593658528
56.52539468224825,157.21049728393047
56.55283017010482,157.42755145495093
56.5786805067506,157.64343137877032
56.6029388929827,157.85813983196797
56.62559858955235,158.07167943732995
56.646652915656354,158.28405266260523
56.666095247433326,158.49526181926674
56.68391901646472,158.70530906127735
56.70011770828103,158.91419638386108
56.71468486087308,159.12192562227918
56.72761406320882,159.3284984506112
56.73889895375563,159.53391638054129
56.74853321900839,159.73818076014936
56.75651059202346,159.9412927727073
56.76282485095887,160.14325343548035
56.76746981762073,160.34406359853344
56.77043935601622,160.5437239435426
56.77172737091329,160.74223498261156
56.77132780640733,160.93959705709335
56.76923464449495,161.135810336417
56.76544190365522,161.3308748169195
56.75994363743846,161.5247903206829
56.752733933062935,161.71755649437654
56.74380691001966,161.9091728081047
56.73315671868554,162.0996385542595
56.72077753894518,162.28895284637903
56.706663578821555,162.4771146180113
56.69080907311591,162.66412262158332
56.67320828205711,162.84997542727604
56.653855489960755,163.03467142190482
56.632745003898414,163.21820880780604
56.60987115237726,163.40058560172935
56.58522828403041,163.5817996337361
56.55881076631839,163.761848546104
56.530612984242026,163.94072979223836
56.50062933906711,164.11844063558954
56.468854247061294,164.29497814857766
56.43528213824347,164.47033921152376
56.39990745514623,164.64452051158872
56.36272465159159,164.81751854171918
56.32372819148065,164.98932959960143
56.28291254759737,165.1599497866234
56.240272200427206,165.32937500684469
56.195801636990815,165.49760096597555
56.14949534969345,165.66462317036473
56.10134783519057,165.8304369259966
56.05135359327007,165.9950373374982
55.999507125751755,166.1584193071565
55.94580293540455,166.3205775339462
55.89023552488208,166.48150651256861
55.83279939567709,166.64120053250232
55.77348904709541,166.7996536770658
55.71229897525002,166.95685982249285
55.64922367207584,167.1128126370212
55.584257624365954,167.26750557999523
55.51739531282987,167.4209319009829
55.44863121117453,167.5730846389082
55.3779597852088,167.72395662119928
55.30537549197211,167.8735404629535
55.23087277888801,168.02182856611984
55.15444608294351,168.1688131186993
55.0760898298947,168.31448609396497
54.99579843349986,168.4588392497016
54.913566294780495,168.60186412746634
54.8293878013114,168.7435520518713
54.74325732654052,168.883894129889
54.65516922913946,169.02288125018177
54.56511785238561,169.16050408245601
54.47309752357682,169.29675307684292
54.379102553479505,169.43161846330597
54.28312723581118,169.56509025107738
54.185165846758466,169.69715822812404
54.085212644531495,169.8278119606445
53.98326186895578,169.9570407925984
53.879307741102636,170.08483384526943
53.773344462959194,170.2111800168636
53.66536621713905,170.3360679821442
53.55536716663478,170.45948619210446
53.44334145461333,170.5814228736806
53.329283204255596,170.70186602950525
53.213186518641145,170.82080343770468
53.095045480679495,170.93822265173992
52.974854153089005,171.05411100029465
52.8526065784247,171.16845558721113
52.72829677915625,171.28124329147593
52.601918757797336,171.3924607672577
52.473466497087735,171.5020944439984
52.34293396022943,171.61013052656065
52.210315091177954,171.7165549954323
52.07560381499048,171.82135360699107
51.9387940382318,171.924511893831
51.799879649439674,172.0260151651527
51.65885451965092,172.1258485072198
51.51571250298949,172.22399678388402
51.37044743731806,172.32044463718026
51.22305314495451,172.41517648799524
51.07352343345453,172.50817653681088
50.921852096462025,172.5994287645253
50.76803291462845,172.68891693335394
50.61205965660267,172.77662458781288
50.45392608009271,172.862535055787
50.293625933000705,172.94663144968544
50.1311529546326,173.02889666768672
49.966500876983844,173.10931339507633
49.79966342610263,173.1878641056787
49.630634323531865,173.2645310633872
49.45940728783138,173.33929632379332
49.28597603618168,173.41214173591874
49.11033428607051,173.48304894405243
48.93247575706365,173.55199938969506
48.75239417266112,173.61897431361393
48.57008326224008,173.6839547580105
48.3855367630857,173.74692156880303
48.19874842251111,173.80785539802744
48.00971200006765,173.866736706358
47.81842126984655,173.92354576575136
47.624870022873,173.97826266221543
47.42905206959377,174.03086729870614
47.23096124245932,174.08133939815446
47.030591398601246,174.1296585066254
46.82793642260601,174.1758039966122
46.62299022938574,174.21975507046696
46.41574676714684,174.2614907639709
46.20620002045699,174.3009899500452
45.99434401341127,174.33823134260533
45.780172812897824,174.3731935005605
45.5636805319635,174.4058548319599
45.34486133327987,174.4361935982876
45.12370943270981,174.46418791890767
44.90021910297478,174.48981577566124
44.67438467742299,174.51305501761658
44.44620055389827,174.53388336597354
44.21566119870949,174.55227841912372
43.982761150700355,174.56821765786697
43.7474950254191,174.58167845078526
43.50985751938755,174.5926380597745
43.26984341446906,174.60107364573494
43.02744758233428,174.60696227442034
42.78266498902421,174.61028092244592
42.53549069960911,174.6110064834553
42.285919882942395,174.60911577444588
42.03394781650799,174.60458554225275
41.77956989135973,174.59739247018942
41.522781617151146,174.5875131848455
41.263578627253864,174.57492426303986
41.00195668396264,174.55960223892734
40.73791168378489,174.5415236112583
40.47143966281246,174.52066485078845
40.20253680217324,174.4970024078373
39.93119943355982,174.47051271999237
39.657424044832624,174.44117221995694
39.381207285694366,174.40895734353833
39.10254597343283,174.37384453777312
38.821437098728516,174.33581026918648
38.53787783152381,174.2948310321813
38.25186552694989,174.25088335755325
37.9633977313077,174.2039438211277
37.67247218809869,174.15398905251328
37.37908684410149,174.10099574396776
37.08323985548993,174.0449406593707
36.784929593987975,173.98580064329732
36.484154653056876,173.92355263018817
36.18091385410971,173.85817365360813
35.87520625274835,173.78964085558837
35.567031145017616,173.71793149604494
35.256388073671445,173.6430229622669
34.94327683444551,173.56489277846657
34.62769748233092,173.48351861538478
34.309650337843024,173.39887829994314
33.98913599327975,173.3109498249356
33.66615531896352,173.21971135875063
33.34070946946054,173.12514125511632
33.01279988977154,173.0272180628588
32.68242832148768,172.92592053566574
32.34959680890525,172.82122764184595
32.014307705093024,172.71311857407497
31.676563677905662,172.60157275911843
31.336367715936824,172.48656986752235
30.99372313440549,172.36808982326178
30.648633580969026,172.24611281333708
30.30110304145649,172.1206192973083
29.95113584551565,171.99159001675773
29.59873667216736,171.85900600467
29.243910555260705,171.72284859472055
28.886662888822766,171.583099430461
28.526999432296435,171.4397404743927
28.164926315660292,171.29275401691703
27.800450044424228,171.14212268515328
27.433577504494902,170.98782945161378
27.064315966905085,170.82985764272595
26.69267309240111,170.6681909471924
26.318656935882874,170.5028134241781
25.942275950690888,170.3337095113166
25.563538992735193,170.16086403252456
25.182455324461,169.98426220561643
24.799034618646267,169.80388964971
24.41328696202658,169.6197323924141
24.0252228587429,169.43177687679074
23.634853233608187,169.2400099680825
23.24218943518883,169.04441896019875
22.84724323869751,168.84499158195248
22.450026848694016,168.641716003041
22.05055290159116,168.43458083976398
21.648834467963013,168.22357516047282
21.2448850546531,168.00868849074521
20.838718606680594,167.7899108182799
20.430349508942697,167.56723259750686
20.019792587711947,167.34064475390844
19.607063111927392,167.11013868804778
19.192176794278993,166.8757062793012
18.775149792085,166.63733988929152
18.355998707962357,166.39503236502077
17.934740590290552,166.14877704170001
17.511392933469835,165.89856774527541
17.085973677974877,165.6443987946501
16.65850121020551,165.386265003602
16.228994362136465,165.12416168239793
15.7974724107684,164.8580846391056
15.363955077382903,164.58803018060527
14.92846252660448,164.31399511330312
14.491015365272945,164.03597674355018
14.051634641129914,163.75397287776946
13.610341841323521,163.4679818222963
13.167158890735744,163.17800238293628
12.722108150137085,162.88403386424585
12.275212414173703,162.58607606854247
11.82649490919231,162.28412929464957
11.375979290908507,161.97819433638415
10.923689641924557,161.6682724807943
10.469650469102708,161.3543655061545
10.013886700800605,161.03647567972754
9.556423683975481,160.71460575530193
9.097287181164036,160.38875897051395
8.636503367345153,160.05893904396484
8.17409882669279,159.72515017214317
7.710100549226544,159.38739702616266
7.2445359273675365,159.04568474832732
6.777432752407438,158.70001894853485
6.308819210898533,158.35040570052988
5.838723880972862,157.9968515380196
5.367175728598513,157.6393634506637
4.894204103781256,157.2779488799511
4.419838736719694,156.9126157149766
3.9441097339221676,156.54337228812994
3.467047574293635,156.17022737071053
2.9886831052007246,155.79319016848106
2.5090475385231272,155.41227031717318
2.028172446699431,155.02747787795863
1.546089758775405,154.6388233328992
1.0628317564626621,154.24631758038862
0.5784310702154806,153.84997193060016
0.09292067533343519,153.44979810095262
-0.39366611190268097,153.0458082116083
-0.8812956380543489,152.6380147810156
-1.3699339163011408,152.22643072150942
-1.8595466301619974,151.81106933498143
-2.350099137155349,151.39194430863347
-2.8415564723917255,150.96906971082512
-3.333883352092791,150.5424599870284
-3.8270441770310373,150.1121299559
-4.321003035884696,149.67809480548334
-4.815723708502773,149.24037008955003
-5.31116966907546,148.79897172409213
-5.807304089205569,148.3539159839743
-6.304089840877015,147.90521949975576
-6.8014894993167925,147.4528992546908
-7.2994653457473255,146.99697258191605
-7.7979793700265,146.5374571618326
-8.296993273173156,146.07437101968998
-8.796468469776311,145.60773252337856
-9.296366090286819,145.13756038143669
-9.796646983190765,144.66387364127718
-10.29727171706431,144.18669168763847
-10.798200582510322,143.70603424126372
-11.299393593977605,143.22192135781123
-11.800810491464144,142.73437342699847
-12.302410742106312,142.24341117198145
-12.804153541656582,141.7490556489698
-13.305997815852859,141.25132824707768
-13.807902221683168,140.75025068840972
-14.309825148550003,140.24584502838002
-14.81172471933926,139.73813365626134
-15.31355879139933,139.2271392959612
-15.81528495743646,138.71288500702033
-16.31686054633323,138.19539418582767
-16.818242623897522,137.67469056704596
-17.319387993549995,137.15079822524035
-17.820253196958816,136.62374157670166
-18.320794514630837,136.09354538145513
-18.820967966469198,135.56023474544435
-19.320729312307854,135.02383512287903
-19.820034052434167,134.4843723187347
-20.31883742811133,133.94187249139034
-20.8170944221129,133.39636215539085
-21.314759759282413,132.84786818431814
-21.811787907131546,132.29641781375548
-22.308133076490794,131.74203864432715
-22.803749222227328,131.18475864479643
-23.29859004404499,130.6246061552017
-23.79260898738209,130.0616098900116
-24.285759244422906,129.49579894127822
-24.777993755239454,128.92720278176637
-25.269265209080256,128.35585126803656
-25.759526045823456,127.78177464345848
-26.248728457611683,127.20500354113064
-26.73682439068664,126.62556898668123
-27.223765547441374,126.04350240092505
-27.70950338870863,125.45883560234955
-28.193989136303628,124.87160080940403
-28.677173775839886,124.28183064256376
-29.159008059836616,123.68955812614189
-29.63944251113631,123.0948166898202
-30.11842742665101,122.49764016987062
-30.595912881455632,121.89806281003794
-31.071848733246558,121.2961192620552
-31.546184627183287,120.69184458576193
-32.01887000113089,120.0852742487961
-32.48985409132025,119.47644412583035
-32.95908593844283,118.86539049732346
-33.42651439419608,118.25215004775781
-33.89208812829488,117.63675986333429
-34.355755635963696,117.01925742909648
-34.81746524592356,116.3996806254561
-35.27716512888655,115.77806772409278
-35.734803306570164,115.15445738320167
-36.19032766124222,114.52888864206342
-36.64368594580643,113.90140091491175
-37.09482579443689,113.27203398407522
-37.543694733769144,112.64082799237084
-37.99024019465328,112.0078234347283
-38.43440952447394,111.37306114902518
-38.87615000003963,110.73658230611522
-39.31540884104291,110.0984283990328
-39.752133224090876,109.45864123135894
-40.18627029730364,108.817262904736
-40.617767195476944,108.17433580551982
-41.04657105580277,107.5299025905605
-41.472629034140255,106.88400617210482
-41.895888321827016,106.23668970181575
-42.31629616301901,105.58799655390659
-42.7337998725451,104.93797030738985
-43.14834685426029,104.28665472744318
-43.55988461987963,103.63409374589736
-43.96836080827265,102.98033144085376
-44.373723205196,102.32541201544133
-44.77591976344014,101.6693797757256
-45.17489862336352,101.01227910778515
-45.57060813378592,100.35415445397315
-45.96299687321058,99.6950502883848
-46.35201367134272,99.03501109155324
-46.737607630870144,98.37408132440014
-47.119728149470035,97.71230540146863
-47.498324942004004,97.04972766346972
-47.873348062862,96.38639234917483
-48.244747928414135,95.72234356669007
-48.61247533952789,95.05762526414992
-48.97648150410706,94.39228119986991
-49.336718059607385,93.72635491200032
-49.69313709548282,93.05988968772432
-50.045691175515614,92.39292853204626
-50.394333359982305,91.72551413621694
-50.73901722760731,91.05768884584452
-51.079696897255296,90.38949462874075
-51.416327049313146,89.72097304255334
-51.74886294671222,89.05216520223655
-52.077260455541634,88.3831117474122
-52.40147606520346,87.71385280967434
-52.7214669080612,87.04442797989095
-53.037190778533294,86.37487627555635
-53.34860615158413,85.70523610824739
-53.655672200566144,85.03554525123705
-53.95834881436723,84.36584080731775
-54.25659661381922,83.69615917688661
-54.550376967324425,83.02653602634352
-54.83965200565859,82.3570062568521
-55.124384635910566,81.68760397351214
-55.40453855452044,81.01836245499061
-55.680078259380004,80.34931412365687
-55.95096906096133,79.68049051626531
-56.21717709244143,79.01192225522742
-56.47866931879308,78.34363902051219
-56.73541354481425,77.67566952221206
-56.98737842207106,77.00804147380889
-57.23453345473133,76.34078156617174
-57.47684900426855,75.67391544231552
-57.71429629301855,75.00746767294693
-57.94684740657339,74.34146173282089
-58.174475295000114,73.67591997792766
-58.39715377287392,73.01086362352802
-58.61485751811825,72.34631272305043
-58.827562069646724,71.68228614786096
-59.0352438238041,71.0188015679137
-59.23788002960603,70.355875433286
-59.43544878277982,69.69352295659961
-59.627929018610324,69.03175809632562
-59.81530050359772,68.37059354096793
-59.99754382593554,67.71004069411666
-60.17464038481984,67.05010966035975
-60.34657237860183,66.39080923203825
-60.51332279179817,65.73214687682704
-60.67487538097504,65.07412872612062
-60.83121465952315,64.41675956419995
-60.98232588134256,63.760042818154005
-61.1281950234573,63.10398054852665
-61.26880876758081,62.44857344065702
-61.40415448065418,61.793820796678915
-61.534220194380076,61.13972052814221
-61.658994583775645,60.48626914921718
-61.778466944768226,59.83346177044006
-61.89262717085821,59.18129209295618
-62.001465728873264,58.52975240321505
-62.10497363383829,57.87883356806951
-62.20314242298536,57.22852503022969
-62.29596412892746,56.57881480402008
-62.38343125201961,55.92968947138705
-62.46553673193006,55.281134178102135
-62.54227391844373,54.6331326301049
-62.61363654151923,53.98566708992805
-62.67961868061941,53.33871837314569
-62.740214733334774,52.69226584478472
-62.795419383317245,52.04628741563784
-62.8452275675408,51.40075953841547
-62.889634442903684,50.75565720367287
-62.92863535218534,50.110953935447405
-62.962225789369434,49.46662178653997
-62.99040136434238,48.8226313333733
-63.01315776697498,48.17895167035892
-63.03049073059227,47.53555040370338
-63.042395994835076,46.89239364458315
-63.04886926791386,46.24944600161653
-63.04990618825341,45.60667057255971
-63.04550228552441,44.9640289351528
-63.03565294105517,44.32148113704044
-63.02035334761437,43.67898568469025
-62.99959846855269,43.03649953123065
-62.973382996288564,42.393978063128756
-62.941701310120365,41.75137508562642
-62.90454743334415,41.10864280685184
-62.861914989653414,40.465731820521526
-62.813797158793875,39.8225910871459
-62.760186631443204,39.17916791364966
-62.701075563282565,38.535407931315746
-62.63645552822328,37.89125507195971
-62.56631747074873,37.246651542238524
-62.490651657328314,36.60153779599558
-62.409447626856625,35.95585250454083
-62.32269414006782,35.30953252476221
-62.23037912787152,34.66251286496172
-62.13248963855336,34.014726648306294
-62.02901178377953,33.36610507378075
-61.91993068334181,32.7165773745269
-61.80523040857569,32.06607077344964
-61.68489392438134,31.41451043596787
-61.55890302977426,30.761819419784878
-61.42723829688903,30.10791862154994
-61.28987900835763,29.452726720279987
-61.14680309298076,28.796160117407826
-60.997987059609436,28.138132873321126
-60.84340592915198,27.478556640254773
-60.68303316462107,26.817340591398196
-60.51684059913537,26.154391346079024
-60.34479836179073,25.489612890885333
-60.16687480131817,24.822906496590676
-59.9830364074486,24.154170630749956
-59.79324772990913,23.48330086583956
-59.59747129498232,22.810189782823294
-59.395667519568285,22.13472687003612
-59.18779462270128,21.45679841729217
-58.97380853448662,20.776287405141378
-58.75366280244237,20.093073389222493
-58.52730849525294,19.40703237968904
-58.29469410396968,18.718036715720896
-58.05576544072811,18.025954935178408
-57.810465535092895,17.33065163951015
-57.55873452819245,16.631987354091443
-57.3005095648657,15.929818384250515
-57.035724684116396,15.223996667335584
-56.764310708258094,14.514369621291783
-56.48619513123666,13.800779990355704
-56.201302006741734,13.08306568864101
-55.909551836865525,12.361059642586362
-55.61086146224248,11.634589633471968
-55.305143954809836,10.903478141490401
-54.992308514573814,10.167542193188078
-54.67226037205397,9.426593214485184
-54.34490069841795,8.68043689194368
-54.0101265257172,7.928873045497392
-53.66783068010232,7.171695516498065
-53.3179017314441,6.408692075682257
-52.960223963426,5.639644356543034
-52.594677368918845,4.864327820616865
-52.221137676314726,4.082511762391166
-51.83947641349924,3.293959362924658
-51.44956101729821,2.4984278028756655
-51.05125499756295,1.6956684474780894
-50.644418166575726,0.8854271181161631
-50.228906946178775,0.06744446755056817
-49.80457476696977,-0.7585435214410989
-49.37127257606945,-1.5928048912160981
-48.9288494723513,-2.4356108920683943
-48.47715349061101,-3.287234962892468
-48.0160325589071,-4.147951476027263
-47.54533565615753,-5.018034208546377
-47.06491419992263,-5.897754498194311
-46.5746236969842,-6.787379038305426
-46.074325691615705,-7.687167262694578
-45.563890048015274,-8.597368269108873
-45.04319760382192,-9.518217228958795
-44.51214323041332,-10.449931232457434
-43.97063933210738,-11.392704522936656
-43.418619809637114,-12.346703083128023
-42.856044502382765,-13.312058550928736
-42.28290410778394,-14.288861464082629
-41.69922555406702,-15.277153863773501
-41.105077772990164,-16.27692132765753
-40.50057778215086,-17.288084554194953
-39.88589694155943,-18.31049068226307
-39.26126719767078,-19.343904601583148
-38.62698707225111,-20.38800058723051
-37.98342709740643,-21.442354669805933
-37.33103434779203,-22.506438223447592
-36.670335684254326,-23.579613305921576
-36.00193930901708,-24.661130305887546
-35.326534250287686,-25.75012842914257
-34.64488745160699,-26.845639477293975
-33.957838242586625,-27.946595232963674
-33.26629011136934,-29.051838567251064
-32.571199876500714,-30.160138139779377
-31.873564550745986,-31.27020629162421
-31.174406379585676,-32.38071946751757
-30.474756697867903,-33.49034028043668
-29.77563935646213,-34.59774018093321
-29.078054510450734,-35.701621638045246
-28.38296352533908,-36.80073878684958
-27.691275653487967,-37.89391564200125
-27.003836975323786,-38.98006119494692
-26.32142191150919,-40.05818097340536
-25.644727417899862,-41.12738491079847
-24.974369797029254,-42.18689161967518
-24.310883914484084,-43.23602936400602
-23.65472450490377,-44.27423416803447
-23.006269192304636,-45.301045581660496
-22.36582282910391,-46.3161006495819
-21.73362277004377,-47.319126614185755
-21.109844732056033,-48.30993283319661
-20.494608939936008,-49.28840232490172
-19.887986312709774,-50.25448327721313
-19.290004500762034,-51.208180780226584
-18.700653635004823,-52.14954897100721
-18.119891694168253,-53.07868371742329
-17.547649433597044,-53.9957159164282
-16.983834848634835,-54.900805441370956
-16.42833716829969,-55.79413574193225
-15.881030391377427,-56.67590907789597
-15.341776388306533,-57.54634235273823
-14.810427599324196,-58.405663503515754
-14.286829363230426,-59.25410839844798
-13.770821912625554,-60.091918191772834
-13.262242071265431,-60.919337085973254
-12.760924687803149,-61.73661045356588
-12.266703838067956,-62.543983273732316
-11.779413825489529,-63.341698842721435
-11.298890006539654,-64.12999772083982
-10.824969465297547,-64.90911688275503
-10.357491558559104,-65.67928904161407
-9.896298350374648,-66.44074212103315
-9.441234952554865,-67.19369885229065
-8.992149785550254,-67.93837647702965
-8.548894772190376,-68.67498653844355
-8.111325475060948,-69.4037347462873
-7.6793011867880265,-70.12482090314468
-7.252684981174935,-70.83843888120903
-6.831343731982458,-71.54477664042662
-6.415148105139635,-72.24401628023097
-6.003972529304298,-72.9363341182866
-5.597695148943891,-73.62190079068598
-5.1961977634632355,-74.300881368922
-4.799365755353629,-74.9734354897104
-4.407088009864922,-75.63971749437923
-4.019256828298326,-76.29987657508927
-3.6357678366733976,-76.95405692561451
-3.2565198912293822,-77.60239789480674
-2.8814149819719916,-78.24503414120315
-2.510358135265182,-78.88209578751822
-2.143257316288352,-79.51370857400029
-1.7800233320278138,-80.13999400983455
-1.4205697353433846,-80.761069521943
-1.0648127305430717,-81.37704860067403
-0.7126710808080382,-81.98804094199333
-0.36406601773384656,-82.59415258588622
-0.018921153190176208,-83.19548605076461
0.3228376063520624,-83.79214046374004
0.6612821429216309,-84.38421168667998
0.9964822075080558,-84.9717924380119
1.328505497845421,-85.55497241027658
1.6574177335062732,-86.13383838346302
1.9832827283133783,-86.70847433418194
2.306162460093489,-87.27896154075451
2.6261171378104815,-87.84537868430748
2.943205266125622,-88.40780194597879
3.2574837074408634,-88.96630510034517
3.569007741487248,-89.52095960519061
3.8778311225250763,-90.07183468773789
4.184006134225718,-90.61899742746873
4.487583642307073,-91.16251283565863
4.788613144995872,-91.70244393175287
5.087142821390435,-92.23885181670906
5.383219577797351,-92.77179574343013
5.6768890921148305,-93.30133318440953
5.9681958563344155,-93.82751989670732
6.2571832172313195,-94.35040998437353
6.54389341531204,-94.87005595843118
6.828367622086014,-95.38650879452848
7.110645975726144,-95.89981798836577
7.390767615180927,-96.41003160899923
7.668770712798769,-96.91719635011985
7.944692505522923,-97.42135757940221
8.218569324713274,-97.92255938601399
8.490436624649004,-98.42084462637384
8.760329009764067,-98.91625496824129
9.02828026066519,-99.40883093321895
9.294323358980138,-99.89861193774415
9.558490511081885,-100.38563633264363
9.820813170732407,-100.86994144132173
10.081322060687873,-101.35156359664936
10.340047193305265,-101.83053817661832
10.597017890188583,-102.3068996388224
10.852262800911186,-102.78068155382381
11.1058099208492,-103.25191663746112
11.357686608159336,-103.72063678215218
11.60791959993304,-104.18687308724277
11.856535027557488,-104.65065588844966
12.103558431312631,-105.11201478644425
12.349014774232202,-105.57097867462082
12.592928455255478,-106.02757576609122
12.83532332169545,-106.48183361994577
13.076222681047998,-106.93377916681823
13.315649312165721,-107.38343873379051
13.553625475819135,-107.83083806867137
13.790172924667115,-108.27600236368113
14.025312912657673,-108.71895627857292
14.25906620387942,-109.15972396321902
14.491453080883385,-109.59832907968985
14.722493352494293,-110.03479482385045
14.952206361129768,-110.46914394649912
15.180610989645494,-110.90139877406999
15.407725667723854,-111.33158122892108
15.633568377823202,-111.75971284922673
15.858156660704525,-112.18581480849295
16.081507620551978,-112.60990793471221
16.30363792970345,-113.0320127291729
16.524563833007186,-113.45214938493758
16.744301151820192,-113.87033780500255
16.962865287664087,-114.28659762015012
17.18027122555394,-114.70094820650377
17.396533537015507,-115.1134087027948
17.611666382806362,-115.52399802734818
17.825683515356225,-115.93273489479385
18.03859828094203,-116.33963783250861
18.250423621613148,-116.74472519679249
18.461172076882352,-117.14801518878241
18.670855785198153,-117.54952587010457
18.879486485214308,-117.94927517826612
19.08707551687243,-118.34728094178531
19.293633822313705,-118.74356089505837
19.499171946635983,-119.13813269296016
19.70370003851267,-119.53101392517485
19.907227850689946,-119.92222213025117
20.10976474037913,-120.31177480937696
20.311319669561104,-120.69968943986521
20.511901205219967,-121.08598348834443
20.711517519523213,-121.47067442364413
20.910176389965915,-121.8537797293659
21.107885199496558,-122.23531691612942
21.30465093664226,-122.61530353348252
21.500480195651328,-122.99375718146294
21.695379176671043,-123.37069552179942
21.889353685978808,-123.7461362887388
22.082409136284674,-124.12009729948537
22.27455054712335,-124.49259646423837
22.465782545353715,-124.86365179581283
22.656109365783813,-125.23328141882897
22.84553485193913,-125.601503578455
23.034062456991844,-125.96833664868792
23.221695244868407,-126.33379914015701
23.40843589155269,-126.69790970743453
23.5942866866014,-127.0606871558387
23.77924953488825,-127.42215044771368
23.96332595859278,-127.78231870817179
24.146517099449216,-128.14121123028426
24.32882372127029,-128.49884747970606
24.510246212760066,-128.85524709872217
24.69078459062932,-129.21042990970287
24.870438503026037,-129.56441591795647
25.04920723329289,-129.9172253139689
25.22708970406254,-130.26887847502078
25.404084481700597,-130.61939596617322
25.580189781105165,-130.968798540616
25.755403470870576,-131.31710713937156
25.9297230788219,-131.66434289035092
26.10314579792558,-132.01052710675864
26.27566849258013,-132.35568128484582
26.447287705289693,-132.69982710101087
26.61799966372173,-133.0429864082516
26.787800288148823,-133.3851812319714
26.956685199273085,-133.72643376514577
27.12464972643014,-134.0667663628577
27.291688916168365,-134.40620153621026
27.45779754119735,-134.7447619456295
27.62297010969825,-135.08247039356985
27.78720087498703,-135.41934981663874
27.950483845520314,-135.75542327715746
28.11281279523195,-136.09071395417726
28.274181274187043,-136.42524513397296
28.434582619538798,-136.75904020003642
28.594009966772173,-137.09212262259484
28.752456261217084,-137.42451594768113
28.909914269812553,-137.75624378578394
29.066376593102206,-138.08732980010728
29.221835677440232,-138.4177976944715
29.376283827386118,-138.74767120088723
29.529713218265297,-139.07697406683684
29.6821159088723,-139.4057300422979
29.83348385429205,-139.73396286654435
29.983808918814425,-140.06169625476193
30.133082888916583,-140.38895388451527
30.28129748628739,-140.715759382104
30.42844438086764,-141.0421363088459
30.574515203879837,-141.36810814732556
30.719501560821197,-141.69369828764624
30.863395044393524,-142.0189300137233
31.006187247343796,-142.34382648965658
31.147869775189665,-142.66841074621925
31.288434258804322,-142.99270566749917
31.427872366835896,-143.3167339777291
31.56617581793694,-143.6405182283402
31.703336392780468,-143.96408078527253
31.83934594583969,-144.28744381657526
31.974196416909592,-144.61062928032777
32.10787984234944,-144.93365891291097
32.2403883660264,-145.25655421765742
32.37171424994154,-145.57933645390656
32.50184988452086,-145.90202662648954
32.63078779855499,-146.22464547566696
32.7585206687728,-146.54721346753985
32.88504132903535,-146.86975078495362
33.01034277913803,-147.19227731891135
33.13441819321016,-147.5148126605118
33.25726092770286,-147.83737609342487
33.3788645289572,-148.15998658691544
33.4992227403464,-148.4826627894242
33.618329508986946,-148.8054230227128
33.73617899201528,-149.128285276577
33.85276556242769,-149.45126720413194
33.96808381448291,-149.77438611766897
34.08212856866777,-150.09765898508408
34.194894876227934,-150.42110242687426
34.30637802326678,-150.74473271369754
34.41657353441676,-151.0685657644901
34.52547717608873,-151.3926171451328
34.63308495930589,-151.71690206765723
34.73939314212977,-152.04143538998085
34.84439823168701,-152.36623161615853
34.94809698580623,-152.6913048971374
35.050486414275376,-153.01666903200018
35.15156377973051,-153.34233746968144
35.25132659818781,-153.6683233111403
35.349772639231034,-153.9946393119719
35.44689992586743,-154.32129788543998
35.542706734065284,-154.64831110591143
35.63719159198697,-154.97569071267392
35.73035327893149,-155.30344811411638
35.822190824000884,-155.63159439225308
35.91270350450497,-155.96014030757055
36.001890844119146,-156.28909630417692
36.089752610809995,-156.61847251523352
36.176288814543355,-156.94827876864824
36.26149970478967,-157.27852459301002
36.345385767841286,-157.6092192237447
36.42794772395601,-157.94037160947195
36.5091865243415,-158.27199041854377
36.589103347994346,-158.60408404574548
36.66769959840782,-158.93666061913967
36.744976900161795,-159.26972800703555
36.82093709540796,-159.6032938250648
36.895582240263366,-159.93736544334752
36.968914601124474,-160.27194999373046
37.040936650914155,-160.60705437708205
37.111651065272895,-160.94268527062826
37.181060718705666,-161.27884913531415
37.249168680695114,-161.61555222317736
37.31597821179134,-161.95280058471923
37.38149275968814,-162.2906000762611
37.44571595529501,-162.62895636727313
37.508651608813715,-162.96787494766446
37.570303705827996,-163.3073611350234
37.63067640341405,-163.64742008179758
37.68977402627948,-163.98805678240473
37.74760106293741,-164.32927608026483
37.80416216192253,-164.67108267474578
37.85946212805483,-165.01348112801477
37.91350591875689,-165.3564758717885
37.96629864042962,-165.70007121397592
38.017845544891365,-166.04427134520785
38.06815202588462,-166.38908034524823
38.11722361565422,-166.73450218928218
38.16506598160064,-167.08054075407753
38.21168492301146,-167.4271998240154
38.25708636787382,-167.7744830969874
38.30127636977033,-168.12239419015688
38.344261104860585,-168.47093664558153
38.38604686894994,-168.8201139356964
38.42664007464729,-169.1699294686558
38.46604724861284,-169.52038659353272
38.50427502889703,-169.87148860537621
38.54133016237114,-170.22323875012563
38.577219502250124,-170.57564022938237
38.611950005707946,-170.92869620503959
38.64552873158536,-171.2824098037703
38.67796283818999,-171.63678412137511
38.709259581188434,-171.99182222699093
38.73942631158974,-172.3475271671616
38.768470473819676,-172.70390196977272
38.79639960388495,-173.06094964785217
38.82322132762638,-173.41867320323846
38.84894335905999,-173.7770756301189
38.87357349880482,-174.1361599184403
38.89711963259617,-174.49592905719442
38.91958972988289,-174.85638603758042
38.940991842507216,-175.21753385604774
38.961334103465774,-175.57937551722128
38.98062472574995,-175.94191403671252
38.99887200126415,-176.30515244381874
39.016084299820136,-176.6690937841139
39.032270068205825,-177.03374112193373
39.04743782932669,-177.39909754275826
39.06159618141794,-177.76516615549488
39.07475379732587,-178.13195009466494
39.086919423856266,-178.49945252249677
39.09810188118828,-178.86767663092868
39.10831006235178,-179.23662564352458
39.11755293276641,-179.60630281730556
39.12583952984051,-179.97671144450058
39.13317896262805,-180.3478548542188
39.139580411541765,-180.71973641404742
39.14505312812074,-181.0923595315772
39.14960643485061,-181.4657276558595
39.15324972503459,-181.8398442787969
39.15599246271376,-182.21471293647102
39.157844182634626,-182.59033721041018
39.15881449026252,-182.9667207287997
39.15891306183911,-183.34386716763757
39.158149644482265,-183.7217802518388
39.156534056326926,-184.10046375629037
39.15407618670525,-184.4799215068601
39.150785996364505,-184.86015738136174
39.146673517721425,-185.2411753104792
39.141748855151306,-185.62297927865205
39.13602218531065,-186.00557332492528
39.12950375749188,-186.38896154376522
39.12220389400885,-186.77314808584478
39.1141329906118,-187.15813715879975
39.10530151693058,-187.54393302795853
39.09572001694487,-187.93054001704826
39.085399109480214,-188.31796250887874
39.07434948872886,-188.7062049460069
39.06258192479413,-189.09527183138377
39.05010726425742,-189.48516772898614
39.03693643076675,-189.87589726443514
39.02308042564592,-190.26746512560348
39.008550328523306,-190.6598760632136
38.99335729797948,-191.0531348914287
38.97751257221271,-191.4472464884386
38.961027469721614,-191.84221579704231
38.94391339000414,-192.23804782522907
38.92618181427216,-192.63474764676013
38.90784430618099,-193.03232040175263
38.888912512573185,-193.43077129726754
38.86939816423596,-193.83010560790382
38.84931307667173,-194.23032867639978
38.82866915088108,-194.6314459142443
38.80747837415795,-195.0334628022987
38.785752820896136,-195.43638489143171
38.76350465340714,-195.84021780316894
38.74074612274866,-196.2449672303581
38.71748956956349,-196.65063893785268
38.69374742492848,-197.05723876321423
38.66953221121333,-197.46477261743647
38.64485654294883,-197.87324648569157
38.619733127704585,-198.2826664281008
38.594174766975755,-198.69303858053127
38.56819435707893,-199.10436915541973
38.54180489005684,-199.5166644426258
38.51501945459201,-199.92993081031574
38.48785123692918,-200.3441747058782
38.460313521806604,-200.75940265687427
38.432419693396206,-201.17562127202245
38.40418323625268,-201.592837242221
38.375617736271735,-202.01105734160873
38.34673688165747,-202.43028842866596
38.31755446389921,-202.85053744735742
38.28808437875798,-203.27181142831878
38.2583406272629,-203.69411749008788
38.22833731671771,-204.1174628403831
38.198088661717854,-204.54185477742996
38.16760898517851,-204.96730069133795
38.13691271937389,-205.39380806552916
38.10601440698828,-205.82138447822047
38.07492870217943,-206.25003760396098
38.043670371654606,-206.6797752152266
38.01225429576006,-207.1106051840736
37.98069546958442,-207.54253548385265
37.94900900407672,-207.97557419098547
37.91721012717966,-208.40972948680616
37.8853141849789,-208.84500965946853
37.85333664286918,-209.28142310592202
37.82129308673798,-209.71897833395784
37.78919922416768,-210.15768396432725
37.75707088565707,-210.5975487329346
37.72492402586315,-211.0385814931066
37.69277472486427,-211.48079121794024
37.660639189445526,-211.92418700273174
37.62853375440768,-212.36877806748862
37.596474883900505,-212.8145737595268
37.56447917278201,-213.26158355615598
37.532563348004466,-213.70981706745482
37.500744270028775,-214.159284039139
37.46903893426839,-214.6099943555242
37.43746447256414,-215.06195804258692
37.40603815469149,-215.5151852711259
37.37477738990163,-215.96968636002626
37.34369972849799,-216.42547177962993
37.312822863449746,-216.8825521552146
37.28216463204404,-217.34093827058442
37.251743017578434,-217.80064107177557
37.221576151095654,-218.26167167087942
37.19168231316215,-218.7240413499867
37.16207993569257,-219.18776156525618
37.132787603821974,-219.6528439511106
37.10382405782784,-220.11930032456388
37.0752081951039,-220.58714268968274
37.04695907218792,-221.05638324218663
37.01909590684569,-221.5270343741896
36.991638080213335,-221.9991086790879
36.964605139000376,-222.4726189565973
36.938016797755886,-222.94757821794408
36.91189294120011,-223.4239996912143
36.88625362662416,-223.90189682686471
36.861119086360254,-224.38128330340064
36.836509730325126,-224.86217303322485
36.81244614863941,-225.3445801686622
36.788949114325554,-225.82851910816444
36.766039586087246,-226.3140045027008
36.743738711173066,-226.80105126233855
36.72206782832742,-227.2896745630191
36.7010484708316,-227.77988985353508
36.68070236963807,-228.271712862713
36.661051456601015,-228.765159606808
36.6421178678063,-229.26024639711557
36.62392394700394,-229.7569898478064
36.60649224914627,-230.2554068839901
36.58984554403513,-230.7555147500139
36.5740068200811,-231.25733101800228
36.558999288178285,-231.76087359664413
36.544846385697646,-232.2661607402335
36.53157178060236,-232.77321105797034
36.519199375688274,-233.28204352352836
36.5077533129527,-233.7926774848959
36.49725797809482,-234.30513267449703
36.4877380051506,-234.81942921959964
36.47921828126538,-235.33558765301703
36.4717239516071,-235.85362892411024
36.46528042442277,-236.37357441009786
36.45991337624107,-236.89544592768007
36.45564875722334,-237.41926574498356
36.45251279666547,-237.94505659383464
36.45053200865246,-238.4728416823664
36.449733197867616,-239.00264470796697
36.45014346555761,-239.53448987057453
36.45179021565454,-240.06840188632583
36.45470116105562,-240.60440600156286
36.45890433006043,-241.1425280072039
36.46442807296548,-241.68279425348322
36.47130106881474,-242.2252316650635
36.47955233230448,-242.76986775652512
36.489211220839664,-243.31673064823488
36.50030744173826,-243.8658490825958
36.512871059578906,-244.4172524406791
36.52693250368602,-244.9709707592387
36.54252257574522,-245.5270347481051
36.55967245754039,-246.08547580795727
36.5784137188021,-246.64632604846616
36.59877832515523,-247.2096183068035
36.620798646151364,-247.7753861665066
36.64450746336953,-248.34366397668714
36.66993797856601,-248.91448687156915
36.69712382185106,-249.48789079033813
36.72609905986718,-250.06391249727955
36.756898203940004,-250.64258960218038
36.78955621816877,-251.22396058096336
36.82410852741886,-251.80806479651707
36.860591025173974,-252.39494251968094
36.89904008119988,-252.98463495033482
36.93949254896556,-253.5771842385387
36.98198577276074,-254.1726335056563
37.02655759444109,-254.77102686538916
37.073246359724095,-255.3724094446369
37.122090923949,-255.97682740408723
37.173130657204126,-256.584327958426
37.22640544871301,-257.19495939604394
37.28195571035839,-257.80877109809984
37.339822379208655,-258.4258135567818
37.40004691889589,-259.04613839258883
37.46267131967728,-259.6697983704313
37.527738096992586,-260.29684741432635
37.595290288309315,-260.9273406204336
37.66537144802377,-261.5613342681494
37.73802564016067,-262.19888582894185
37.813297428585756,-262.84005397257243
37.891231864414465,-263.4848985703084
37.97187447026597,-264.13348069468555
38.05527122097414,-264.78586261532917
38.14146852032589,-265.4421077902891
38.23051317335279,-266.10228085227993
38.32245235365255,-266.7664475891553
38.4173335651637,-267.43467491787067
38.51520459775911,-268.107030851111
38.616113475960965,-268.7835844556727
38.720108400012315,-269.46440580159856
38.82723767846756,-270.14956590096165
38.93754965138621,-270.8391366350879
39.05109260313156,-271.5331906688909
39.16791466368768,-272.23180135087006
39.28806369731657,-272.93504259719344
39.41158717728026,-273.6429887581496
39.53853204525432,-274.35571446511415
39.668944553957814,-275.0732944560274
39.802870091423635,-275.79580337723775
39.94035298523432,-276.52331555941583
40.08143628495341,-277.25590476510473
40.226161520896746,-277.9936439053409
40.37456843731343,-278.7366047226606
40.52669469799037,-279.48485743771295
40.68257556226148,-280.2384703566336
40.84224352940173,-280.9975094363094
41.00572794942554,-281.7620378046876
41.17305459839883,-282.53211523338064
41.3442452165263,-283.3077975599867
41.51931700750374,-284.0891360578264
41.69828209794344,-284.87617675118787
41.881146956106136,-285.66895967471277
42.06791176972074,-286.46751807625884
42.25856978336217,-287.27187756346905
42.4531065967033,-288.08205519538376
42.651499425974855,-288.8980585217751
42.85371633216988,-289.7198845744763
43.05971542092302,-290.547518816836
43.26944402058148,-291.38093405955414
43.482837846754045,-292.22008935353165
43.6998201635568,-293.06492887297685
43.92030095383318,-293.9153808048022
44.14417611275864,-294.7713562632454
44.37132668137364,-295.632748251564
44.60161813862881,-296.49943069545856
44.83489977235845,-297.3712575754092
45.07100415108821,-298.24806218719743
45.30974671958163,-299.129656561313
45.55092554138022,-300.01583107250747
45.79432121113922,-300.9063542702346
46.03969695816475,-301.8009729589253
46.286798960108456,-302.6994125538217
46.53535688220895,-303.60137773335737
46.78508465278254,-304.50655340280923
47.035681479933345,-305.414605976258
47.28683310783092,-306.3251849749931
47.53821330363519,-307.2379249307074
47.78948555855462,-308.15244757158905
48.040304978987486,-309.0683642592495
48.290320336637066,-309.98527863490267
48.53917624033352,-310.90278942490437
48.786515387429695,-311.8204933492119
49.031980849386166,-312.7379880719647
49.275218344745134,-313.65487513152135
49.51587845321168,-314.5707627880509
49.75361872698009,-315.48526873011565
49.98810565959814,-316.39802258737075
50.219016478275954,-317.30866820416793
50.446040732256364,-318.21686563797914
50.6688816572549,-319.12229285659663
50.88725730362376,-320.0246471184218
51.10090142338734,-320.9236460302838
51.3095641182827,-321.81902828663954
51.51301225713233,-322.71055410232026
51.71102967608019,-323.59800535793687
51.90341717932071,-324.4811854824873
52.08999236091337,-325.35991910158793
52.27058927013817,-326.2340514821302
52.44505794370326,-327.10344780517727
52.6132638280929,-327.96799229874057
52.7750871145951,-328.8275872609288
52.930422008232725,-329.6821520020549
53.07917595009479,-330.5316217318413
53.22126881057099,-331.3759464150717
53.35663206885661,-332.21508961607077
53.48520799192315,-333.0490273493978
53.60694882402406,-333.877746951219
53.721815995789164,-334.70124598307314
53.82977936009763,-335.51953117720865
53.93081646023613,-336.3326174303955
54.024911834359266,-337.1405268511092
54.11205635897655,-337.9432878632548
54.19224663308932,-338.7409343681351
54.26548440368085,-339.53350496515276
54.331776032509836,-340.32104223075095
54.39113200355346,-341.1035920543163
54.44356646997527,-341.8812030291668
54.489096839136636,-342.6539258963032
54.527743393912054,-343.4218130382875
54.559528948392895,-344.1849180204096
54.58447853595604,-344.94329517619065
54.60261912762172,-345.6969992342318
54.61397937861703,-346.4460849834347
54.61858940108791,-347.19060697368434
54.61648056095626,-347.93061924918004
54.60768529699129,-348.66617511172126
54.592236960251554,-349.3973269113947
54.570169672150094,-350.12412586225446
54.541518199497034,-350.8466218807417
54.50631784497811,-351.5648634447471
54.464604351632275,-352.27889747137004
54.41641381999411,-352.9887692115811
54.36178263666697,-353.6945221601375
54.30074741318845,-354.39619797924007
54.23334493414132,-355.09383643454936
54.1596121135493,-355.7874753423033
54.07958595867825,-356.47715052639114
53.99330354043889,-357.1628957843465
53.90080196965774,-357.8447428613205
53.80211837854818,-358.52272143118637
53.69728990677356,-359.1968590840104
53.58635369154999,-359.86718131920173
53.46934686128694,-360.533711543721
53.3463065323107,-361.19647107479335
53.217269808258116,-361.8554791466287
53.08227378176687,-362.5107529207027
52.9413555381242,-363.16230749920334
52.79455216056786,-363.810155941285
52.64190073696279,-364.4543092818171
52.48343836760323,-365.0947765523432
52.31920217391448,-365.7315648040023
52.14922930785027,-366.36467913218854
51.97355696180155,-366.994122702754
51.792222378850816,-367.61989677957837
51.60526286322204,-368.242000753352
51.412715790791516,-368.8604321714355
51.214618619538015,-369.47518676867463
51.011008899823175,-370.0862584990643
50.80192428440383,-370.69363956816716
50.58740253808834,-371.29732046620364
50.36748154695785,-371.8972900017398
50.14219932708195,-372.4935353359078
49.91159403266576,-373.086042017102
49.675703963572225,-373.6747940160984
49.43456757216996,-374.2597737615529
49.188223469462606,-374.84096217583664
48.93671043046107,-375.41833871117285
48.68006739876476,-375.99188138604086
48.418333490322645,-376.5615668218179
48.15154799634876,-377.1273702796301
47.879750385371,-377.68926569738795
47.602980304395224,-378.2472257269804
47.32127757917025,-378.80122177160604
47.03468221354209,-379.3512240232186
46.74323438788905,-379.89720150006485
46.44697445663149,-380.4391220842951
46.145942944812894,-380.9769525596239
45.84018054375112,-381.51065864902125
45.529728105760796,-382.04020505241283
45.21462663795016,-382.56555548436813
44.894917295097294,-383.08667271175443
44.57064137161268,-383.60351859133516
44.241840292596905,-384.11605410728873
43.9085556040036,-384.6242394086262
43.57082896191969,-385.12803384648174
43.22870212097609,-385.6273960112529
42.88221692190375,-386.122283769564
42.53141527825093,-386.6126543010269
42.17633916227907,-387.0984641347723
41.817030590055545,-387.57966918572396
41.45353160576299,-388.0562247905865
41.085884265245575,-388.5280857435197
40.71413061881372,-388.9952063314673
40.3383126933297,-389.45754036911194
39.95847247359718,-389.9150412334243
39.57465188307875,-390.3676618977753
39.18689276396583,-390.8153549655801
38.79523685662646,-391.25807270344126
38.39972577845646,-391.69576707375825
38.00040100216032,-392.1283897667721
37.59730383348858,-392.55589223201054
37.19047538845851,-392.97822570910165
36.77995657008553,-393.39534125792346
36.36578804465294,-393.8071897880552
35.94801021754751,-394.21372208749915
35.52666320868893,-394.61488885063943
35.10178682758069,-395.01064070540605
34.67342054801054,-395.40092823961254
34.24160348242801,-395.78570202643544
33.80637435602673,-396.16491264900577
33.367771480558986,-396.53851072408185
32.925832727909665,-396.9064469247745
32.48059550345657,-397.2686720022965
32.03209671924363,-397.6251368067088
31.58037276699327,-397.9757923066367
31.125459490983715,-398.3205896079325
30.6673921608167,-398.6594799712579
30.206205444100384,-398.99241482856655
29.74193337907194,-399.31934579846416
29.27460934718377,-399.64022470042624
28.804266045676698,-399.95500356785664
28.330935460163037,-400.2636346599704
27.85464883724194,-400.56607047248593
27.375436657168827,-400.86226374711583
26.893328606600377,-401.1521674798444
26.408353551435948,-401.4357349279856
25.92053950977602,-401.7129196160147
25.429913625017843,-401.98367534017166
24.936502139108217,-402.24795617183537
24.440330365973132,-402.5057164596716
23.9414226651439,-402.7569108305601
23.439802415599416,-403.0014941893104
22.935491989844387,-403.23942171717766
22.42851272824359,-403.4706488691954
21.918884913632805,-403.69513137034505
21.406627746227663,-403.9128252105862
20.8917593188526,-404.12368663877675
20.37429659251329,-404.32767215551615
19.854255372337356,-404.52473850495187
19.33165028390992,-404.71484266559224
18.80649475003274,-404.8979418401781
18.2788009679382,-405.07399344466967
17.748579886992307,-405.2429550964147
17.21584118692459,-405.4047846015697
16.68059325662651,-405.5594399418571
16.142843173564916,-405.7068792607476
15.602596683862272,-405.8470608491714
15.059858183101523,-405.979943130869
14.514630697920431,-406.10548464750775
13.96691586846799,-406.2236440437032
13.416713931804505,-406.3343800520983
12.864023706336873,-406.43765147867157
12.30884257739184,-406.53341718846224
11.75116648404273,-406.62163609192095
11.190989907319164,-406.7022671321164
10.628305859945161,-406.7752692730524
10.06310587776861,-406.8406014893766
9.495380013064725,-406.8982227577913
8.925116829917883,-406.94809205050916
8.352303401910493,-406.9901683311314
7.776925312374299,-407.0244105533664
7.198966657489244,-407.0507776630477
6.618410052547673,-407.06922860395866
6.0352366417378445,-407.07972232802166
5.449426111840307,-407.0822178104667
4.860956710274329,-407.07667407065503
4.269805267979273,-407.06305019930096
3.675947227667905,-407.04130539290816
3.079356678045473,-407.01139899631556
2.4800063946500783,-406.97329055433465
1.877867888036669,-406.92693987355113
1.2729114600990659,-406.8723070954656
0.6651062694018214,-406.80935278225303
0.05442040647640811,-406.7380380165344
-0.5591790198758874,-406.6583245166759
-1.1757257841392668,-406.57017476925495
-1.7952544322647543,-406.47355218046704
-2.4178001551447714,-406.36842124838114
-3.0433986459450533,-406.2547477580914
-3.6720859397539636,-406.1324990019519
-4.303898233906189,-406.0016440272168
-4.938871687238288,-405.86215391354006
-5.577042196440873,-405.71400208290646
-6.218445147590292,-405.55716464467054
-6.863115140876587,-405.39162077845646
-7.511085686500221,-405.2173531577205
-8.16238886969482,-405.03434841677984
-8.81705498285551,-404.84259766406075
-9.475112122822333,-404.642097044199
-10.136585751497167,-404.4328483514187
-10.801498218173506,-404.2148596963081
-11.469868242245969,-403.9881462276745
-12.141710355356096,-403.75273091058415
-12.817034302539685,-403.50864536094053
-13.495844402585877,-403.2559307360133
-14.178138868616252,-402.99463867916774
-14.863909090859075,-402.72483231564826
-15.553138884742673,-402.4465872946097
-16.24580370877127,-402.15999287066944
-16.941869858179032,-401.8651530160574
-17.641293642077105,-401.56218755198574
-18.344020553696097,-401.25123328517424
-19.04998444535117,-400.93244513258855
-19.75910672186896,-400.6059972144628
-20.4712955683475,-400.27208389266497
-21.186445230182272,-399.93092072857013
-21.904435365173594,-399.58274533197306
-22.625130489102244,-399.22781807040093
-23.348379537275505,-398.8664226066684
-24.074015565048224,-398.49886623189224
-24.80185561005689,-398.1254799616543
-25.531700737724453,-397.7466183647888
-26.263336289381375,-397.36265909752746
-26.996532349029103,-396.9740021205769
-27.731044440329253,-396.58106858313784
-28.466614459891616,-396.1842993658319
-29.202971846496098,-395.7841532837692
-29.939834978743125,-395.3811049612425
-30.676912786090835,-394.9756424003476
-31.413906550678366,-394.568264276644
-32.15051187016926,-394.1594770052191
-32.88642074550511,-393.74979162957305
-33.621323752339734,-393.33972059303386
-34.35491225136889,-392.92977445745925
-35.08688059102636,-392.52045863643195
-35.81692825620818,-392.1122702098318
-36.54476191880627,-391.70569488358706
-37.27009734973861,-391.30120415276565
-37.99266115759671,-390.89925271834426
-38.712192325639315,-390.50027619848527
-39.42844352623209,-390.10468916455505
-40.141182199533404,-389.712883521044
-40.85019139083833,-389.3252272376031
-41.55527034814348,-388.9420634311225
-42.25623488788311,-388.5637097865758
-42.95291754219383,-388.19045829755646
-43.64516750535983,-387.8225753012237
-44.332850400228175,-387.4603017778238
-45.0158478873908,-387.1038538820187
-45.694057140891935,-386.75342367182145
-46.367390214266045,-386.40918000081814
-47.03577331999305,-386.0712695403385
-47.699146044139894,-385.7398179000839
-48.3574605162004,-385.414930818204
-49.01068055209937,-385.0966953947192
-49.65878078612438,-384.7851813453203
-50.30174580530004,-384.48044225579144
-50.93956929751443,-384.18251682045144
-51.57225322261179,-383.8914300510198
-52.19980701372738,-383.6071944450926
-52.8222468143891,-383.3298111059404
-53.43959475536101,-383.05927080757357
-54.051878273860616,-382.79555500096706
-54.65912947664003,-382.53863675899265
-55.26138454746866,-382.2884816589967
-55.85868319877888,-382.04504860309646
-56.451068166616444,-381.8082905771806
-57.038584747557614,-381.578155350312
-57.6212803758952,-381.35458611676785
-58.19920423913933,-381.1375220833451
-58.7724069297081,-380.92689900482156
-59.340940130584315,-380.7226496706273
-59.90485633267276,-380.52470434585825
-60.46420858159691,-380.33299116977497
-61.01905025171428,-380.1474365148861
-61.56943484519663,-379.96796530963667
-62.11541581410846,-379.79450132760553
-62.65704640351798,-379.62696744598634
-63.19437951378477,-379.46528587597686
-63.727467580282635,-379.3093783675468
-64.25636246893353,-379.15916639089426
-64.78111538604371,-379.014571296742
-65.30177680104732,-378.87551445746726
-65.81839638087258,-378.7419173909056
-66.33102293475035,-378.6137018685243
-66.83970436838496,-378.49079000952054
-67.34448764650097,-378.3731043622676
-67.84541876286714,-378.2605679744099
-68.3425427169812,-378.1531044527911
-68.83590349667408,-378.0506380142932
-69.32554406596317,-377.9530935285647
-69.81150635754797,-377.86039655352477
-70.29383126940075,-377.7724733644463
-70.77255866495905,-377.68925097734245
-71.247727376476,-377.61065716731264
-71.71937521112973,-377.5366204824367
-72.18753895953327,-377.46707025375053
-72.65225440632469,-377.4019366017799
-73.11355634254923,-377.3411504400621
-73.57147857957716,-377.2846434760417
-74.0260539643272,-377.23234820968435
-74.47731439559128,-377.1841979301193
-74.92529084127797,-377.14012671058634
-75.37001335641239,-377.1000694019348
-75.81151110174854,-377.0639616248944
-76.24981236286624,-377.0317397613148
-76.68494456963931,-377.0033409445483
-77.11693431597513,-376.97870304913124
-77.54580737973713,-376.95776467990055
-77.97158874277255,-376.940465160669
-78.39430261097718,-376.9267445225652
-78.81397243433697,-376.916543492134
-79.23062092689479,-376.9098034792802
-79.64427008659604,-376.9064665651292
-80.05494121497428,-376.90647548986783
-80.4626549366421,-376.9097736406214
-80.86743121855841,-376.91630503941496
-81.26928938904658,-376.9260143312606
-81.66824815654236,-376.9388467724062
-82.06432562805347,-376.9547482187759
-82.45753932731596,-376.97366511462843
-82.84790621263485,-376.9955444814546
-83.23544269439925,-377.02033390713103
-83.62016465226378,-377.04798153534534
-84.00208745199032,-377.078436055304
-84.38122596194553,-377.11164669173104
-84.75759456925107,-377.1475631951648
-85.13120719558447,-377.1861358325569
-85.50207731263023,-377.2273153781755
-85.87021795718094,-377.27105310481494
-86.23564174588955,-377.3173007753102
-86.59836088967465,-377.3660106343547
-86.95838720778072,-377.41713540062005
-87.31573214149657,-377.4706282591721
-87.67040676753497,-377.52644285418035
-88.02242181107744,-377.5845332819151
-88.37178765848786,-377.6448540840265
-88.71851436969955,-377.7073602410994
-89.06261169028008,-377.7720071664778
-89.40408906317863,-377.83875070035094
-89.7429556401607,-377.9075471040951
-90.07922029293513,-377.97835305486274
-90.41289162397847,-378.0511256404115
-90.74397797706192,-378.1258223541657
-91.07248744748584,-378.2024010905022
-91.39842789202719,-378.280820140253
-91.72180693860484,-378.3610381864166
-92.0426319956683,-378.44301430007005
-92.36091026131471,-378.5267079364745
-92.67664873213947,-378.6120789313661
-92.98985421182535,-378.6990874974242
-93.30053331947562,-378.78769422091074
-93.60869249769567,-378.87786005847124
-93.91433802042853,-378.9695463340924
-94.21747600054884,-379.0627147362073
-94.51811239722059,-379.1573273149422
-94.81625302302282,-379.2533464794979
-95.11190355084857,-379.35073499565874
-95.40506952058138,-379.4494559834229
-95.69575634555407,-379.54947291474775
-95.9839693187944,-379.65074961140374
-96.26971361906172,-379.75325024293124
-96.55299431667956,-379.85693932469417
-96.83381637916797,-379.961781716025
-97.11218467668009,-380.0677426184557
-97.38810398724725,-380.17478757402927
-97.66157900183633,-380.28288246368646
-97.93261432922402,-380.3919935057238
-98.20121450069135,-380.5020872543167
-98.46738397454295,-380.6131305981044
-98.73112714045456,-380.72509075883204
-98.99244832365271,-380.837935290045
-99.25135178893042,-380.95163207583215
-99.50784174450253,-381.0661493296146
-99.76192234570412,-381.1814555929746
-100.01359769853602,-381.29751973452306
-100.26287186306045,-381.4143109488011
-100.50974885665067,-381.5317987552122
-100.75423265709782,-381.6499529969834
-100.9963272055783,-381.76874384015093
-101.23603640948518,-381.88814177256813
-101.47336414512684,-382.0081176029339
-101.70831426029585,-382.12864245983764
-101.94089057671168,-382.2496877908196
-102.17109689233979,-382.371225361444
-102.39893698359086,-382.49322725438225
-102.62441460740249,-382.61566586850586
-102.84753350320692,-382.7385139179854
-103.06829739478736,-382.8617444313947
-103.28670999202595,-382.9853307508192
-103.50277499254616,-383.10924653096555
-103.71649608325262,-383.23346573827257
-103.92787694177069,-383.3579626500211
-104.1369212377891,-383.4827118534422
-104.34363263430787,-383.6076882448228
-104.5480147887943,-383.7328670286069
-104.75007135424981,-383.85822371649226
-104.94980598018974,-383.9837341265216
-105.14722231353919,-384.1093743821672
-105.342323999447,-384.23512091140844
-105.53511468202035,-384.36095044580253
-105.72559800498253,-384.48684001954564
-105.91377761225611,-384.61276696852696
-106.09965714847395,-384.73870892937305
-106.28324025942018,-384.8646438384833
-106.46453059240355,-384.9905499310554
-106.64353179656527,-385.1164057401021
-106.82024752312354,-385.24219009545715
-106.99468142555689,-385.3678821227721
-107.16683715972847,-385.4934612425027
-107.33671838395334,-385.618907168886
-107.50432875901066,-385.7441999089069
-107.66967194810293,-385.8693197612558
-107.83275161676431,-385.9942473152758
-107.99357143271949,-386.1189634499014
-108.15213506569555,-386.2434493325875
-108.30844618718832,-386.3676864182294
-108.46250847018504,-386.4916564480749
-108.61432558884529,-386.6153414486272
-108.7639012181417,-386.73872373054064
-108.91123903346234,-386.8617858875083
-109.05634271017622,-386.9845107951426
-109.19921592316388,-387.10688160984927
-109.33986234631419,-387.2288817676949
-109.47828565198947,-387.35049498326845
-109.61448951045986,-387.4717052485377
-109.74847758930903,-387.5924968317006
-109.88025355281228,-387.712854276032
-110.00982106128849,-387.8327623987269
-110.13718377042761,-387.95220628974033
-110.26234533059463,-388.07117131062375
-110.38530938611173,-388.1896430933601
-110.50607957451973,-388.3076075391964
-110.62465952582,-388.42505081747566
-110.74105286169822,-388.541959364468
-110.85526319473136,-388.6583198822017
-110.96729412757853,-388.7741193372946
-111.07714925215731,-388.8893449597875
-111.18483214880654,-389.00398424197783
-111.2903463854365,-389.11802493725713
-111.39369551666768,-389.2314550589503
-111.4948830829592,-389.34426287915863
-111.59391260972771,-389.4564369276068
-111.6907876064577,-389.5679659904947
-111.78551156580451,-389.67883910935416
-111.87808796269042,-389.789045579911
-111.96852025339513,-389.89857495095436
-112.05681187464127,-390.0074170232118
-112.14296624267571,-390.11556184823246
-112.22698675234771,-390.2229997272777
-112.30887677618432,-390.3297212102204
-112.38863966346408,-390.43571709445337
-112.46627873928965,-390.54097842380673
-112.54179730365988,-390.64549648747624
-112.61519863054221,-390.74926281896074
-112.68648596694604,-390.8522691950121
-112.75566253199733,-390.9545076345958
-112.82273151601558,-391.0559703978634
-112.88769607959327,-391.15664998513813
-112.95055935267848,-391.25653913591265
-113.01132443366137,-391.35563082786075
-113.06999438846466,-391.4539182758624
-113.12657224963893,-391.55139493104355
-113.18106101546293,-391.6480544798299
-113.23346364904951,-391.7438908430165
-113.28378307745753,-391.8388981748521
-113.33202219080991,-391.93307086213986
-113.37818384141868,-392.0264035233542
-113.42227084291684,-392.11889100777415
-113.4642859693977,-392.2105283946336
-113.5042319545618,-392.3013109922893
-113.54211149087189,-392.39123433740593
-113.57792722871605,-392.4802941941595
-113.61168177557931,-392.56848655345937
-113.64337769522396,-392.6558076321881
-113.67301750687864,-392.74225387246094
-113.70060368443671,-392.82782194090413
-113.7261386556637,-392.91250872795314
-113.74962480141424,-392.99631134716986
-113.77106445485855,-393.07922713458095
-113.79045990071845,-393.16125364803526
-113.80781337451334,-393.24238866658294
-113.82312706181582,-393.32263018987413
-113.83640309751735,-393.40197643757983
-113.84764356510372,-393.48042584883285
-113.85685049594073,-393.55797708169104
-113.86402586856958,-393.6346290126216
-113.8691716080126,-393.71038073600715
-113.87228958508862,-393.78523156367436
-113.87338161573865,-393.85918102444407
-113.87244946036114,-393.9322288637039
-113.86949482315738,-394.00437504300356
-113.86451935148654,-394.07561973967256
-113.85752463523032,-394.1459633464607
-113.84851220616741,-394.2154064712015
-113.83748353735719,-394.2839499364988
-113.82444004253283,-394.3515947794362
-113.80938307550365,-394.4183422513102
-113.79231392956633,-394.4841938173862
-113.77323383692512,-394.54915115667853
-113.75214396812046,-394.61321616175366
-113.72904543146633,-394.6763909385576
-113.70393927249549,-394.73867780626614
-113.67682647341293,-394.8000792971604
-113.64770795255693,-394.8605981565249
-113.61658456386752,-394.92023734257043
-113.58345709636228,-394.97900002638124
-113.54832627361883,-395.0368895918856
-113.51119275326396,-395.09390963585133
-113.4720571264691,-395.1500639679052
-113.43091991745155,-395.2053566105774
-113.38778158298136,-395.25979179936917
-113.3426425118934,-395.3133739828463
-113.29550302460419,-395.36610782275653
-113.2463633726332,-395.4179981941713
-113.19522373812816,-395.46905018565286
-113.14208423339393,-395.51926909944564
-113.0869449004245,-395.5686604516922
-113.02980571043777,-395.6172299726748
-112.9706665634125,-395.66498360708096
-112.90952728762693,-395.7119275142945
-112.84638763919884,-395.75806806871145
-112.7812473016261,-395.8034118600809
-112.71410588532763,-395.8479656938713
-112.64496292718385,-395.8917365916612
-112.57381789007643,-395.9347317915561
-112.5006701624263,-395.9769587486302
-112.42551905772974,-396.01842513539333
-112.34836381409185,-396.05913884228363
-112.26920359375647,-396.09910797818577
-112.18803748263244,-396.1383408709745
-112.10486448981496,-396.17684606808393
-112.0196835471019,-396.2146323371032
-111.93249350850397,-396.25170866639695
-111.84329314974818,-396.28808426575284
-111.75208116777402,-396.3237685670544
-111.65885618022128,-396.3587712249806
-111.56361672490901,-396.3931021177314
-111.46636125930479,-396.4267713477802
-111.36708815998328,-396.45978924265205
-111.26579572207366,-396.49216635573003
-111.16248215869466,-396.52391346708714
-111.05714560037653,-396.55504158434593
-110.94978409446925,-396.5855619435656
-110.84039560453553,-396.61548601015613
-110.7289780097284,-396.64482547982027
-110.6155291041517,-396.6735922795235
-110.50004659620323,-396.70179856849177
-110.38252810789888,-396.729456739238
-110.26297117417721,-396.7565794186168
-110.14137324218329,-396.7831794689084
-110.01773167053071,-396.80926998893125
-109.89204372854068,-396.83486431518446
-109.76430659545724,-396.8599760230199
-109.63451735963721,-396.88461892784403
-109.502673017714,-396.9088070863506
-109.36877047373397,-396.9325547977836
-109.23280653826407,-396.9558766052321
-109.0947779274697,-396.9787872969553
-108.95468126216144,-397.00130190774104
-108.81251306680933,-397.0234357202955
-108.66826976852354,-397.0452042666661
-108.521947696,-397.06662332969756
-108.37354307842966,-397.08770894452203
-108.22305204436998,-397.10847740008285
-108.07047062057731,-397.12894524069327
-107.91579473079868,-397.14912926763094
-107.75902019452157,-397.16904654076717
-107.60014272568009,-397.1887143802338
-107.43915793131622,-397.208150368126
-107.2760613101944,-397.22737235024334
-107.11084825136813,-397.246398437869
-106.94351403269667,-397.2652470095874
-106.77405381931052,-397.2839367131423
-106.60246266202397,-397.30248646733395
-106.42873549569288,-397.3209154639582
-106.25286713751623,-397.33924316978676
-106.07485228527972,-397.3574893285899
-105.89468551553931,-397.37567396320236
-105.71236128174355,-397.393817377633
-105.52787391229245,-397.41194015921934
-105.34121760853118,-397.4300631808272
-105.15238644267691,-397.4482076030968
-104.96137435567691,-397.4663948767359
-104.76817515499597,-397.48464674486024
-104.57278251233129,-397.5029852453832
-104.3751899612531,-397.52143271345426
-104.17539089476895,-397.54001178394793
-103.9733785628098,-397.55874539400315
-103.76914606963612,-397.5776567856148
-103.56268637116206,-397.5967695082771
-103.35399227219558,-397.61610742168
-103.14305642359305,-397.6356946984599
-102.92987131932598,-397.6555558270032
-102.7144292934585,-397.6757156143066
-102.49672251703323,-397.69619918889083
-102.27674299486426,-397.71703200377135
-102.0544825622349,-397.7382398394844
-101.82993288149898,-397.75984880717
-101.60308543858368,-397.7818853517107
-101.37393153939234,-397.8043762549276
-101.14246230610583,-397.827348638832
-100.90866867338069,-397.8508299689336
-100.67254138444301,-397.8748480576046
-100.43407098707658,-397.8994310674981
-100.19324782950405,-397.92460751502165
-99.9500620561603,-397.9504062738634
-99.70450360335708,-397.9768565785701
-99.456562194838,-398.00398802817557
-99.20622733722367,-398.03183058987713
-98.95348831534658,-398.0604146027582
-98.69833418747555,-398.0897707815536
-98.44075378043011,-398.11993022045556
-98.18073568458529,-398.1509243969555
-97.9182682487676,-398.1827851757185
-97.65333957504355,-398.2155448124848
-97.38593751340204,-398.2492359579933
-97.11604965633322,-398.28389166192136
-96.84366333330553,-398.31954537683305
-96.56876560514507,-398.35623096212856
-96.2913432583201,-398.39398268798635
-96.01138279913539,-398.43283523928767
-95.72887044784186,-398.4728237195129
-95.44379213266662,-398.5139836545975
-95.15613348377094,-398.55635099673407
-94.86587982714352,-398.5999621281057
-94.57301617843775,-398.6448538645335
-94.2775272367633,-398.6910634590208
-93.97939737844287,-398.7386286051729
-93.6786106507469,-398.78758744047
-93.37515076562046,-398.8379785493698
-93.06900109341785,-398.88984096621067
-92.7601446566628,-398.94321417788694
-92.44856412385364,-398.9981381262627
-92.13424180333539,-399.0546532102879
-91.81715963726272,-399.11280028777753
-91.49729919568067,-399.17262067680974
-91.17464167075248,-399.2341561566955
-90.84916787116715,-399.29744896846785
-90.52085821676276,-399.36254181483235
-90.18969273340474,-399.4294778595182
-89.85565104816308,-399.49830072595984
-89.51871238483572,-399.5690544952351
-89.1788555598707,-399.64178370317904
-88.8360589787447,-399.7165333365838
-88.49030063286057,-399.7933488283882
-88.14155809703273,-399.8722760517517
-87.78980852763587,-399.9533613128977
-87.43502866149882,-400.0366513426018
-87.07719481563333,-400.1221932861894
-86.71628288789539,-400.2100346918954
-86.35226835868555,-400.30022349742654
-85.98512629380365,-400.3928080145525
-85.614831348584,-400.48783691153943
-85.24135777344726,-400.58535919322213
-84.86467942101685,-400.68542417849585
-84.48476975496051,-400.7880814749908
-84.1016018607299,-400.8933809506737
-83.71514845838574,-401.00137270210183
-83.32538191771022,-401.1121070190324
-82.93227427582431,-401.22563434507
-82.53579725754402,-401.34200523401057
-82.13592229872629,-401.46127030151644
-81.73262057287383,-401.5834801717319
-81.32586302128642,-401.70868541842333
-80.91562038706554,-401.8369365001999
-80.50186325329845,-401.96828368934473
-80.08456208576874,-402.10277699375837
-79.66368728055929,-402.2404660714889
-79.23920921693436,-402.3814001372962
-78.81109831590655,-402.52562786067085
-78.37932510491316,-402.6731972547034
-77.94386028904378,-402.82415555517827
-77.5046748292762,-402.97854908924444
-77.06174002819132,-403.1364231329994
-76.61502762364708,-403.29782175731367
-76.1645098908972,-403.4627876612139
-75.71015975364207,-403.63136199214836
-75.25195090449284,-403.803584152468
-74.78985793531776,-403.97949159147754
-74.32385647791824,-404.1591195824493
-73.8539233554505,-404.3425009840375
-73.3800367449651,-404.5296659856017
-72.90217635137937,-404.72064183603516
-72.42032359312532,-404.9154525558001
-71.93446179962487,-405.11411863201135
-71.44457642063497,-405.31665669657036
-70.95065524737392,-405.523079187546
-70.45268864518575,-405.7333939942271
-69.9506697973206,-405.94760408653303
-69.44459495920367,-406.1657071297725
-68.93446372233268,-406.3876950860754
-68.42027928668492,-406.61355380420565
-67.90204874022763,-406.843262599877
-67.37978334381472,-407.0767938291452
-66.85349881941805,-407.3141124579372
-66.32321563928858,-407.555175631286
-65.78895931327675,-407.7999322463694
-65.25076067116919,-408.04832253398826
-64.70865613652997,-408.3002776536492
-64.16268798817936,-408.5557193079285
-63.61290460511486,-408.8145593822644
-63.05936069039113,-409.0766996167355
-62.50211746924533,-409.34203131671273
-61.94124285659595,-409.6104351094938
-61.376811588976565,-409.881780754121
-60.80890531600522,-410.1559270115209
-60.23761264665201,-410.43272158186323
-59.66302914586452,-410.7120011156051
-59.08525727755259,-410.9935913040401
-58.50440629052505,-411.27730705431674
-57.92059204471206,-411.56295275281497
-57.33393677588955,-411.85032261949146
-56.74456879813362,-412.1392011543415
-56.15262214435166,-412.4293636755069
-55.55823614643459,-412.7205769468267
-54.96155495781752,-413.01259989083036
-54.362727022484016,-413.3051843813664
-53.761904495659394,-413.5980761083087
-53.15924262256687,-413.8910155051444
-52.55489908262341,-414.18373872879283
-51.949033307290044,-414.475978679783
-51.34180578042981,-414.767466049983
-50.733377330439644,-415.0579303844628
-50.12390842359293,-415.34710114380806
-49.5135584679514,-415.6347087532971
-48.902485136883186,-415.92048562579606
-48.29084372067266,-416.2041671460027
-47.678786513953035,-416.4854926047378
-47.066462245766004,-416.7642060732995
-46.45401555799314,-417.0400572094087
-45.84158653675285,-417.3128019879166
-45.22931030015788,-417.5822033511644
-44.61731664462311,-417.8480317756141
-44.00572975074109,-418.11006575305544
-43.39466794863691,-418.3680921862892
-42.784243541703056,-418.62190670064683
-42.174562686720456,-418.8713138740051
-41.56572532760791,-419.1161273890646
-40.957825179417455,-419.35617011257796
-40.350949758709255,-419.5912741069254
-39.745180456092605,-419.8212805799554
-39.14059264650246,-420.04603977933897
-38.53725583268175,-420.2654108378525
-37.935233817345065,-420.4792615760142
-37.334584899594574,-420.68746826838344
-36.73536209132806,-420.88991537960965
-36.137613349606944,-421.0864952760052
-35.54138182122443,-421.2771079180438
-34.94670609601616,-421.461660538765
-34.35362046577772,-421.640067312616
-33.762155185982344,-421.8122490188002
-33.172336737821304,-421.9781327027372
-32.58418808841064,-422.1376513387873
-31.997728947315622,-422.29074349695355
-31.412976017834392,-422.43735301586463
-30.829943241752233,-422.5774286839561
-30.248642036524906,-422.71092393041187
-29.66908152407374,-422.8377965271098
-29.091268750575473,-422.9580083025219
-28.515208896807504,-423.0715248682674
-27.940905478764215,-423.1783153587884
-27.36836053839428,-423.27835218442306
-26.797574824423556,-423.3716107979839
-26.228547963324562,-423.458069474805
-25.66127862057383,-423.5377091061025
-25.09576465240383,-423.61051300539657
-24.532003248308392,-423.67646672765875
-23.9699910646014,-423.7355579007912
-23.409724349359067,-423.7877760689916
-22.85119905909803,-423.8331125475221
-22.29441096755586,-423.87156028837796
-21.73935576694868,-423.90311375633206
-21.186029162083283,-423.9277688148261
-20.6344269576994,-423.9455226211764
-20.084545139412565,-423.9563735305659
-19.536379948619768,-423.9603210083022
-18.98992795171962,-423.9573655498333
-18.445186103986558,-423.94750860802606
-17.902151808425057,-423.9307525272291
-17.360822969915425,-423.90710048366077
-16.821198044947753,-423.8765564316784
-16.2832760872252,-423.83912505550876
-15.7470567894025,-423.7948117260359
-15.21254052121019,-423.74362246226394
-14.679728364200011,-423.6855638970917
-14.148622143332242,-423.6206432470556
-13.619224455611523,-423.5488682857159
-13.09153869596393,-423.4702473203785
-12.565569080534976,-423.38478917186495
-12.041320667575667,-423.29250315705673
-11.518799376071799,-423.1933990739583
-10.998012002260515,-423.08748718903837
-10.478966234167359,-422.97477822662273
-9.961670664287283,-422.8552833601263
-9.446134800523513,-422.7290142049254
-8.932369075489584,-422.5959828126832
-8.420384854271633,-422.45620166695255
-7.910194440740489,-422.30968367989254
-7.40181108249607,-422.15644218994413
-6.895248974520114,-421.99649096032044
-6.390523261607255,-421.8298441781767
-5.887650039638987,-421.6565164543329
-5.386646355759943,-421.4765228234294
-4.887530207511328,-421.2898787444056
-4.3903205409721044,-421.0966001011959
-3.895037247954685,-420.89670320354617
-3.4017011622983993,-420.6902047878587
-2.9103340553008596,-420.47712201797947
-2.4209586303245194,-420.25747248584855
-1.9335985166131644,-420.0312742119374
-1.4482782623508486,-419.79854564540335
-0.9650233269937459,-419.55930566389566
-0.48386007290365796,-419.3135735729511
-0.0048157563103609375,-419.06136910492296
0.4720814823713522,-418.8027124173888
0.9468026288452157,-418.53762409098846
1.4193178058338676,-418.26612512664497
1.8895962845531002,-417.9882369421269
2.3576064967376786,-417.7039813679112
2.8233160471969194,-417.4133806423104
3.2866917268786193,-417.11645740583157
3.747699526420171,-416.8132346947339
4.20630465016589,-416.5037359337591
4.6624715306296185,-416.1879849280073
5.11616384338167,-415.8660058539365
5.5673445223391065,-415.5378232494641
6.015975775438132,-415.20346200315305
6.462019100667236,-414.8629473424653
6.9054353024394075,-414.51630482106987
7.346184508281472,-414.1635603051931
7.784226185818249,-413.8047399590013
8.219519160028877,-413.4398702290088
8.652021630752285,-413.0689778275042
9.081691190418361,-412.6920897149925
9.508484841981053,-412.3092330816495
9.93235901702917,-411.9204353277896
10.353269594050296,-411.5257240433474
10.771171916822956,-411.1251269863761
11.186020812911634,-410.71867206056834
11.597770612239197,-410.30638729180527
12.006375165710754,-409.8883008037411
12.411787863862935,-409.4644407924337
12.813961655512292,-409.0348355000315
13.212849066376409,-408.5995131875281
13.608402217641295,-408.158502106601
14.000572844448541,-407.71183047054575
14.389312314275898,-407.2595264243249
14.774571645184997,-406.8016180137484
15.156301523910228,-406.33813315380456
15.534452323763126,-405.8690995961614
15.908974122327006,-405.3945448958615
16.279816718917225,-404.91449637723105
16.64692965178298,-404.4289810990298
17.010262215027524,-403.93802581886507
17.36976347522439,-403.4416569568983
17.72538228770852,-402.93990055887207
18.077067312522225,-402.4327822584859
18.424767029997465,-401.92032723915406
18.768429755957342,-401.40256019517676
19.108003656521685,-400.8795052923588
19.443436762503385,-400.35118612811306
19.774676983384477,-399.8176256910858
20.101672120863395,-399.2788463203448
20.424369881967483,-398.7348696641715
20.742717891727903,-398.18571663850423
21.05666370541738,-397.6314073850778
21.366154820354865,-397.07196122931276
21.671138687285143,-396.50739663800687
21.971562721345972,-395.9377311768872
22.26737431263995,-395.36298146808633
22.558520836433814,-394.78316314760843
22.844949663013605,-394.19829082285844
23.126608167230433,-393.6083780303128
23.403443737778776,-393.01343719341656
23.675403786256677,-392.4134795807999
23.94243575606572,-391.8085152649149
24.204487131217938,-391.1985530812028
24.461505445126647,-390.5836005879134
24.713438289469575,-389.96366402670793
24.96023332322444,-389.3387482841927
25.201838281990614,-388.7088568545431
25.438200987724976,-388.07399180339445
25.669269359035916,-387.43415373319516
25.89499142219694,-386.78934175023767
26.11531532306046,-386.13955343360334
26.330189340073105,-385.4847848062857
26.539561898616842,-384.8250303087814
26.743381586925256,-384.1602827754699
26.941597173851434,-383.4905334141372
27.134157628793936,-382.81577178903586
27.321012144119713,-382.1359858079153
27.502110160458358,-381.4511617135011
27.67740139528058,-380.7612840799532
27.84683587521566,-380.06633581488694
28.01036397260813,-379.3662981676001
28.167936446862974,-378.66115074421685
28.319504491181757,-377.95087153052776
28.465019785349106,-377.23543692338455
28.604434555290286,-376.5148217715905
28.737701640185907,-375.78899942731795
28.864774567999564,-375.05794180918065
28.985607640347684,-374.3216194781907
29.100156027718466,-373.58000172794095
29.208375876127427,-372.83305669046496
29.31022442638077,-372.08075145935175
29.405660147203346,-371.3230522318102
29.494642883574038,-370.55992447151044
29.57713402169707,-369.7913330941533
29.65309667212052,-369.017242677846
29.722495872590745,-368.2376177004832
29.785298812301075,-367.4524228064442
29.841475079250213,-366.6616231050155
29.890996932466706,-365.86518450302725
29.933839600874617,-365.0630740742417
29.969981610565593,-364.25526046805
29.99940514219693,-363.44171436000096
30.022096420144436,-362.6224089466
30.038046134893666,-361.797320486655
30.047249899941995,-360.96642889120227
30.049708744194827,-360.12971836369564
30.045429640458977,-359.28717809167154
30.034426070151024,-358.4388029904919
30.0167186237343,-357.5845944989956
29.992335635661714,-356.7245614259357
29.961313851720472,-355.8587208449341
29.923699125639377,-354.98709903432075
29.879547140623824,-354.10973245664445
29.828924150127243,-353.22666877083486
29.771907730657635,-352.3379678679704
29.70858753777056,-351.4437029193882
29.63906605464292,-350.5439614234894
29.563459320797513,-349.6388462351054
29.481897626713295,-348.728476558772
29.39452615828452,-347.81298888480563
29.301505573474174,-346.892537844813
29.20301249214921,-345.96729696133474
29.099239879106722,-345.03745926488733
28.990397299827666,-344.10323775089597
28.87671102865619,-343.16486564908445
28.75842399001732,-342.2225964789678
28.635795515052827,-341.27670386731586
28.50910089874237,-340.32748110692376
28.378630746207264,-339.37524044076804
28.244690101434166,-338.42031206160806
28.107597357009137,-337.46304282418697
27.967682949453014,-336.5037946751699
27.825287851166593,-335.5429428145281
27.680761876540753,-334.5808736108395
27.534461826134393,-333.6179823014978
27.386749498625576,-332.65467051662216
27.237989605161026,-331.6913436720901
27.08854762446591,-330.72840828216647
26.938787639393325,-329.7662692453441
26.78907019634175,-328.80532715805623
26.639750228099636,-327.8459757097811
26.49117507824631,-326.88859920983236
26.343682661403715,-325.9335702910036
26.19759978863619,-324.9812478285599
26.053240681438968,-324.0319751052379
25.91090569137975,-323.08607824439906
25.770880235906652,-322.1438649247372
25.63343395443634,-321.20562338141485
25.49882008287117,-320.2716216905772
25.367275039390755,-319.3421073271625
25.239018209880957,-318.4173069800198
25.114251917794707,-317.4974266036656
24.993161560612773,-316.5826516826107
24.8759158933627,-315.6731476820134
24.762667438790345,-314.76906065737825
24.653553003660306,-313.8705179959765
24.548694281168537,-312.9776292634503
24.448198520455655,-312.0904871305058
24.35215924558578,-311.2091683565283
24.2606570079856,-310.33373480920454
24.173760158116274,-309.4642345016714
24.091525623987636,-308.60070263121196
24.01399968594696,-307.7431626059831
23.941218738927578,-306.89162704862014
23.87321003498468,-306.04609876775885
23.809992400449627,-305.20657169052237
23.751576923384373,-304.37303175080484
23.697967608207,-303.54545772975155
23.649161995389584,-302.7238220461826
23.605151745005713,-301.908091495843
23.565923183637683,-301.0982279393058
23.531457814754056,-300.2941889391181
23.501732793151206,-299.49592834738803
23.476721364430745,-298.7033968454746
23.456393270772644,-297.91654243779243
23.440715124474274,-297.1353109019862
23.42965075087048,-296.35964619788876
23.42316150234038,-295.58949083776673
23.421206545152707,-294.82478622038724
23.423743120911578,-294.06547293142637
23.430726784346557,-293.31149101269085
23.442111619150502,-292.5627802025452
23.457850433512274,-291.8192801498435
23.477894936922514,-291.08093060355327
23.502195899753964,-290.3476715801382
23.530703297035625,-289.6194435106462
23.563366437755267,-288.8961873693195
23.600134080939274,-288.1778447854203
23.640954539673757,-287.4643581398417
23.685775774148098,-286.75567064795575
23.73454547472171,-286.05172643003436
23.787211135937977,-285.3524705704729
23.84372012233619,-284.6578491669411
23.904019726843323,-283.9678093704921
23.968057222462434,-283.28229941756905
24.035779907913916,-282.6012686547654
24.107135147829162,-281.92466755711763
24.182070408043668,-281.2524477406378
24.26053328648815,-280.5845619697272
24.34247154013119,-279.9209641600513
24.427833108385702,-279.26160937740195
24.516566133353553,-278.6064538330206
24.608618977247772,-277.95545487581177
24.703940237299896,-277.3085709818312
24.80247875843084,-276.6657617413981
24.904183643936992,-276.0269878441427
25.009004264418916,-275.3922110622707
25.116890265157956,-274.76139423229745
25.22779157212569,-274.13450123547733
25.34165839679303,-273.51149697713106
25.4584412398889,-272.8923473650536
25.578090894243367,-272.27701928716374
25.70055844683627,-271.66548058854085
25.82579528015997,-271.05770004797824
25.953753072993432,-270.4536473541683
26.08438380067463,-269.8532930816218
26.217639734949017,-269.25660866641266
26.35347344346325,-268.6635663818294
26.491837788965857,-268.0741393140039
26.63268592826956,-267.4883013375825
26.775971311023817,-266.9060270914934
26.921647678340374,-266.32729195486104
27.069669061309646,-265.7520720231101
27.21998977944115,-265.180344084297
27.372564439056912,-264.6120855957021
27.527347931663233,-264.047274660711
27.684295432322692,-263.48589000601027
27.843362398045272,-262.9279109591184
28.004504566214685,-262.3733174262714
28.167677953063706,-261.8220898706775
28.332838852209868,-261.27420929115453
28.499943833261064,-260.7296572011612
28.668949740498793,-260.18841560823114
28.839813691645087,-259.65046699381645
29.012493076717963,-259.11579429354776
29.18694555697867,-258.5843808779136
29.363129063973187,-258.0562105333635
29.54100179866918,-257.5312674438362
29.720522230688875,-257.0095361727143
29.901649097637485,-256.49100164520587
30.084341404526125,-255.97564913115176
30.268558423287534,-255.46346422825837
30.454259692382465,-254.95443284575396
30.64140501649403,-254.44854118846558
30.829954466307044,-253.94577574131492
31.0198683783689,-253.4461232542293
31.211107355028393,-252.94957072746453
31.403632264448532,-252.45610539733647
31.59740424068933,-251.96571472235624
31.792384683856216,-251.47838636976584
31.988535260309792,-250.9941082024693
32.185817902932456,-250.5128682663547
32.38419481144732,-250.03465477800262
32.583628452784986,-249.55945611277593
32.784081561493444,-249.08726079328605
32.98551714018673,-248.61805747823027
33.18789846002763,-248.15183495159582
33.3911890612401,-247.68858211222422
33.59535275364683,-247.2282879637319
33.80035361722775,-246.7709416047808
34.006156002695036,-246.31653221969415
34.21272453208058,-245.86504906941178
34.420024099331734,-245.4164814827796
34.628019870911466,-244.970818848168
34.836677286398974,-244.52805060541323
35.045962059087074,-244.08816623807698
35.255840176572804,-243.65115526601815
35.466277901337676,-243.21700723827146
35.67724177131435,-242.78571172622782
35.88869860043644,-242.3572583171105
36.100615479168454,-241.93163660774184
36.31295977501294,-241.50883619859528
36.52569913299209,-241.08884668812698
36.738801476101045,-240.6716576673818
36.95223500573067,-240.257258714868
37.16596820205717,-239.84563939169593
37.37996982439655,-239.43678923697433
37.59420891152174,-239.03069776346015
37.80865478194054,-238.62735445345524
38.0232770341326,-238.22674875494573
38.23804554674366,-237.82887007797848
38.45293047873576,-237.4337077912689
38.667902269491776,-237.0412512190358
38.88293163887332,-236.65148963805723
39.09798958723059,-236.26441227494297
39.31304739536334,-235.88000830361784
39.52807662443208,-235.49826684301132
39.743049115818636,-235.11917695494793
39.95793699093553,-234.74272764223406
40.17271265098355,-234.3689078469354
40.387348776657156,-233.99770644884097
40.601818327797325,-233.6291122641081
40.816094542991564,-233.26311404408375
41.03015093912114,-232.8997004742979
41.24396131085525,-232.5388601736234
41.45749973009231,-232.18058169359801
41.67074054534853,-231.82485351790433
41.88365838109389,-231.47166406200216
42.09622813703579,-231.1210016729094
42.308424987350946,-230.77285462912667
42.52022437986573,-230.42721114070173
42.73160203518558,-230.08405934942814
42.942533945774066,-229.74338732917508
43.15299637498219,-229.4051830863435
43.36296585602866,-229.06943456044388
43.572419190931846,-228.73612962479254
43.78133344939422,-228.4052560873212
43.98968596764018,-228.07680169149663
44.197454347208016,-227.7507541173459
44.40461645369714,-227.42710098258337
44.611150415471336,-227.1058298438357
44.81703462231919,-226.78692819796095
45.022247724072685,-226.47038348345805
45.22676862918495,-226.1561830819628
45.43057650326843,-225.84431431982722
45.633650767594396,-225.5347644697781
45.83597109755504,-225.2275207526517
46.037517421089284,-224.92257033920112
46.238269917073524,-224.61990035197263
46.43820901367834,-224.31949786724834
46.63731538669255,-224.02134991705117
46.83556995781572,-223.72544349120966
47.0329538929203,-223.43176553947913
47.229448600284705,-223.14030297371636
47.42503572879847,-222.85104267010476
47.61969716614076,-222.563971471427
47.81341503693337,-222.27907618938264
48.00617170086958,-221.9963436069477
48.19794975081983,-221.71576048077353
48.38873201091576,-221.43731354362245
48.57850153461342,-221.16098950683767
48.767241602737194,-220.8867750628447
48.954935721505336,-220.61465688768203
49.14156762053853,-220.34462164355907
49.32712125085237,-220.07665598143822
49.51158078283513,-219.8107465436396
49.6949306042118,-219.54687996646604
49.87715531799552,-219.28504288284591
50.05823974042761,-219.02522192499248
50.23816889890706,-218.76740372707684
50.416928029910764,-218.51157492791359
50.59450257690535,-218.25772217365625
50.7708781882517,-218.00583212050174
50.946040715103194,-217.75589143740135
51.11997620929851,-217.50788680877696
51.29267092125008,-217.26180493724058
51.46411129782908,-217.0176325463161
51.63428398024773,-216.77535638316112
51.80317580194006,-216.53496322128814
51.97077378644166,-216.29643986328287
52.137065145269574,-216.05977314351912
52.302037275802874,-215.82494993086846
52.46567775916489,-215.59195713140338
52.62797435810777,-215.36078169109328
52.78891501490011,-215.1314105984915
52.94848784921836,-214.90383088741262
53.106681156042754,-214.67802963959917
53.26348340355836,-214.45399398737598
53.41888323106188,-214.23171111629244
53.57286944687492,-214.01116826775038
53.725431026264175,-213.79235274161786
53.87655710936919,-213.57525189882733
54.02623699913825,-213.35985316395747
54.17446015927285,-213.14614402779847
54.32121621218124,-212.93411204989914
54.466494936941665,-212.7237448610961
54.610286267275534,-212.51503016602376
54.75258028953108,-212.3079557456049
54.893367240677925,-212.10250945952092
55.03263750631285,-211.8986792486617
55.17038161867722,-211.69645313755387
55.30659025468633,-211.4958192367681
55.44125423397105,-211.2967657453037
55.57436451693206,-211.0992809529511
55.70591220280691,-210.90335324263157
55.83588852775024,-210.7089710927136
55.96428486292738,-210.5161230793058
56.09109271262145,-210.32479787852623
56.2163037123544,-210.1349842687475
56.3399096270219,-209.94667113281773
56.46190234904252,-209.75984746025705
56.58227389652109,-209.57450234942922
56.70101641142665,-209.3906250096889
56.81812215778492,-209.20820476350346
56.933583519885445,-209.02723104854988
57.04739300050358,-208.8476934197867
57.15954321913731,-208.6695815515003
57.27002691025903,-208.49288523932626
57.37883692158229,-208.3175944022449
57.485966212343655,-208.14369908455197
57.591407851599506,-207.97118945780343
57.69515501653808,-207.80005582273517
57.79720099080651,-207.63028861115714
57.89753916285297,-207.4618783878224
57.996163024283966,-207.29481585227057
58.09306616823663,-207.12909184064637
58.188242287766116,-206.96469732749273
58.28168517424795,-206.80162342751922
58.373388715795336,-206.63986139734513
58.46334689569145,-206.47940263721804
58.551553790836444,-206.3202386927076
58.63800357020936,-206.16236125637454
58.7226904933447,-206.0057621694156
58.80560890882366,-205.85043342328393
58.886753252779876,-205.6963671612856
58.96611804741967,-205.54355568015177
59.04369789955672,-205.39199143158774
59.11948749916094,-205.2416670237978
59.19348161792163,-205.09257522298702
59.265675107824684,-204.94470895484
59.33606289974383,-204.7980613059761
59.40464000204573,-204.65262552538246
59.471401499208916,-204.50839502582429
59.53634255045641,-204.36536338523263
59.59945838840192,-204.22352434807016
59.66074431770957,-204.08287182667513
59.720195713766934,-203.9433999025836
59.77780802137145,-203.80510282783024
59.83357675342998,-203.66797502622782
59.88749748967143,-203.532011094626
59.93956587537241,-203.39720580414908
59.989777620095744,-203.2635541014136
60.03812849644182,-203.13105110972532
60.08461433881266,-202.99969213025656
60.12923104218861,-202.8694726432035
60.17197456091756,-202.7403883089241
60.21284090751671,-202.61243496905675
60.251826151486625,-202.48560864761964
60.2889264181378,-202.35990555209173
60.32413788742932,-202.23532207447474
60.35745679281987,-202.11185479233706
60.388879420130856,-201.9895004698395
60.41840210642167,-201.86825605874304
60.44602123887703,-201.7481186993992
60.471733253706425,-201.62908572172273
60.49553463505549,-201.51115464614713
60.51742191392956,-201.39432318456335
60.53739166712906,-201.27858924124158
60.555440516196995,-201.16395091373653
60.5715651263785,-201.05040649377628
60.58576220559228,-200.93795446813502
60.59802850341423,-200.82659351948993
60.60836081007303,-200.71632252726198
60.61675595545803,-200.6071405684414
60.62321080813909,-200.4990469183977
60.62772227439885,-200.3920410516743
60.63028729727721,-200.28612264276802
60.630902855628214,-200.1812915668939
60.62956596318943,-200.07754790073494
60.62627366766386,-199.97489192317738
60.62102304981463,-199.8733241160312
60.613811222572366,-199.77284516473648
60.60463533015564,-199.67345595905527
60.593492547204384,-199.57515759374928
60.58038007792667,-199.47795136924353
60.565295155258795,-199.38183879227591
60.54823504003902,-199.28682157653284
60.529197020195014,-199.19290164327086
60.50817840994542,-199.10008112192455
60.485176549015456,-199.00836235070048
60.460188801867005,-198.91774787715755
60.43321255694343,-198.82824045877334
60.404245225929216,-198.73984306349672
60.37328424302479,-198.65255887028673
60.340327064236895,-198.56639126963753
60.30537116668461,-198.48134386408958
60.26841404792146,-198.39742046872664
60.229453225273964,-198.3146251116591
60.18848623519673,-198.23296203449289
60.14551063264477,-198.15243569278434
60.10052399046312,-198.07305075648065
60.05352389879424,-197.994812110346
60.00450796450362,-197.9177248543728
59.95347381062394,-197.84179430417834
59.900419075818206,-197.7670259913863
59.84534141386224,-197.69342566399334
59.78823849314713,-197.62099928671972
59.72910799620189,-197.5497530413449
59.66794761923699,-197.4796933270266
59.60475507170902,-197.41082676060392
59.5395280759073,-197.34316017688394
59.47226436656259,-197.2767006289113
59.40296169047876,-197.21145538822054
59.33161780618773,-197.14743194507102
59.25823048362835,-197.08463800866355
59.182797503849805,-197.0230815073389
59.10531665874005,-196.9627705887572
59.025785750779924,-196.90371362005817
58.94420259282366,-196.84591918800132
58.86056500790622,-196.78939609908616
58.77487082907827,-196.73415337965113
58.687117899269396,-196.68020027595142
58.597304071180226,-196.62754625421445
58.50542720720423,-196.57620100067302
58.41148517937973,-196.52617442157498
58.31547586937312,-196.47747664316884
58.217397168493626,-196.43011801166497
58.117246977740905,-196.38410909317133
58.01502320788561,-196.33946067360287
57.9107237795843,-196.29618375856433
57.804346623529035,-196.254289573205
57.69588968063271,-196.21378956204532
57.58535090225089,-196.1746953887736
57.47272825044088,-196.13701893601282
57.358019698259035,-196.1007723050559
57.24122323009709,-196.06596781556897
57.122336842058296,-196.03261800526147
57.001358542374405,-196.00073562952193
56.878286351864304,-195.97033366101866
56.75311830443519,-195.94142528926417
56.62585244762726,-195.9140239201421
56.49648684320277,-195.88814317539575
56.36501956778052,-195.8637968920768
56.231448713516556,-195.8409991219535
56.095772388832174,-195.81976413087634
55.957988719190126,-195.80010639810078
55.81809584792005,-195.78204061556536
55.67609193709399,-195.7655816871236
55.53197516845324,-195.75074472772923
55.38574374438717,-195.73754506257234
55.23739588896534,-195.72599822616596
55.08692984902373,-195.71611996138097
54.93434389530621,-195.70792621842867
54.7796363236621,-195.70143315378849
54.62280545630111,-195.69665712908045
54.46384964310632,-195.69361470988022
54.30276726300663,-195.69232266447523
54.13955672540932,-195.69279796256072
53.97421647169402,-195.69505777387357
53.80674497676898,-195.69911946676285
53.63714075069068,-195.7050006066951
53.465402340347794,-195.71271895469275
53.29152833121052,-195.72229246570433
53.11551734914634,-195.73373928690424
52.93736806230305,-195.74707775592105
52.75707918306026,-195.762326398992
52.57464947005012,-195.77950392904242
52.390077730248436,-195.7986292436881
52.203362821137034,-195.81972142315917
52.01450365293827,-195.8427997281432
51.82349919092272,-195.86788359754647
51.630348457790916,-195.89499264617106
51.43505053612995,-195.92414666230627
51.237604570945926,-195.9553656052327
51.0380097722731,-195.988669602637
50.83626541786035,-196.02407894793566
50.63237085593611,-196.0616140975062
50.4263255080522,-196.10129566782376
50.21812887200756,-196.14314443250163
50.00778052485242,-196.18718131923387
49.79528012597371,-196.23342740663824
49.580627420262296,-196.28190392099808
49.36382224136267,-196.3326322329011
49.144864515005715,-196.38563385377356
48.92375426242493,-196.4409304323086
48.70049160385683,-196.4985437507864
48.475076762125795,-196.55849572128548
48.24751006631377,-196.62080838178284
48.01779195551534,-196.68550389214212
47.78592298267827,-196.75260452998793
47.55190381852986,-196.82213268646504
47.315735255589324,-196.89411086188144
47.07741821226632,-196.9685616612333
46.836953737045626,-197.04550778961143
46.594343012758095,-197.1249720474873
46.34958736093775,-197.20697732587803
46.10268824626497,-197.2915466013893
45.853647281095505,-197.37870293113463
45.60246623007515,-197.46846944753094
45.34914701483971,-197.56086935296904
45.093691718799754,-197.65592591435825
44.83610259200995,-197.75366245754503
44.57638205612206,-197.85410236160453
44.314532709421286,-197.95726905300447
44.05055733194499,-198.06318599964172
43.78445889068313,-198.17187670475042
43.516240544859485,-198.28336470068194
43.245905651292595,-198.3976735425565
42.97345776983548,-198.5148268017863
42.69890066889283,-198.6348480594707
42.42223833101451,-198.7577608996629
42.1434749585639,-198.88358890250976
41.86261497945972,-199.01235563726357
41.579663052989744,-199.14408465516814
41.29462407569469,-199.27879948221846
41.007503187320545,-199.41652361179564
40.7183057768375,-199.55728049717794
40.42703748852345,-199.70109354392892
40.13370422811009,-199.84798610216384
39.83831216898919,-199.9979814586963
39.540867758477034,-200.1511028290657
39.241377724134395,-200.30737334944828
38.93984908013965,-200.46681606845272
38.636289133712374,-200.62945393880275
38.33070549158462,-200.79530980890883
38.0231060665171,-200.96440641433085
37.71349908385733,-201.13676636913496
37.40189308813651,-201.31241215714635
37.08829694970214,-201.49136612310141
36.772719871382954,-201.67365046370145
36.45517139518279,-201.85928721857192
36.13566140899983,-202.0482982611295
35.81420015336772,-202.24070528936107
35.49079822821457,-202.43652981651744
35.16546659963623,-202.63579316172635
34.8382166066797,-202.83851644052797
34.509059968132696,-203.04472055533677
34.1780087893151,-203.25442618583486
33.84507556886812,-203.46765377930004
33.51027320553656,-203.68442354087352
33.173615004940004,-203.90475542377212
32.83511468632791,-204.12866911944934
32.49478638931431,-204.35618404771068
32.15264468058696,-204.58731934678778
31.808704560586264,-204.82209386337703
31.462981470148808,-205.060526142648
31.115491297110506,-205.30263441822717
30.76625038286408,-205.54843660216258
30.415275528865624,-205.79795027487526
30.06258400308483,-206.05119267510366
29.708193546393414,-206.30818068984698
29.352122378886197,-206.56893084431368
28.994389206129163,-206.83345929188158
28.635013225328738,-207.1017818040764
28.27401413141655,-207.37391376057494
27.9114121230437,-207.64987013923988
27.547227908478582,-207.92966550619383
27.181482711402232,-208.21331400593832
26.81419827659506,-208.50082935152642
26.44539687550875,-208.7922248147954
26.07510131171711,-209.08751321666713
25.703334926239474,-209.38670691752418
25.33012160273034,-209.68981780766876
24.95548577252867,-209.99685729787288
24.57945241956046,-210.30783631002734
24.202047085087873,-210.6227652678979
23.82329587229842,-210.94165408799677
23.443225450727375,-211.26451217057758
23.061863060506806,-211.5913483907626
22.679236516434326,-211.9221710898108
22.29537421185483,-212.25698806653497
21.91030512234826,-212.59580656887724
21.524058809216537,-212.93863328565183
21.136665422762718,-213.28547433846387
20.748155705355355,-213.63633527381367
20.358560994271105,-213.9912210553956
19.9679132243085,-214.35013605660112
19.576244930165924,-214.7130840532352
19.183589248576624,-215.0800682164564
18.789979920193762,-215.45109110594913
18.39545129121844,-215.82615466333962
18.000038314763554,-216.2052602058639
17.603776551946495,-216.58840842029898
17.20670217270362,-216.97559935716697
16.808851956319455,-217.3668324252225
16.410263291663682,-217.76210638623365
16.010974177128904,-218.16141935006735
15.611023220262316,-218.56476877008902
15.210449637084471,-218.972151438888
14.809293251088294,-219.38356348433882
14.407594491911686,-219.79900036600955
14.005394393677152,-220.21845687192786
13.602734592991869,-220.64192711571602
13.1996573266019,-221.06940453410547
12.79620542869426,-221.50088188484256
12.392422327840732,-221.93635124499596
11.988352043577533,-222.37580400967758
11.584039182615042,-222.81923089118723
11.179528934672028,-223.2666219185934
10.774867067929094,-223.7179664377599
10.37009992409616,-224.17325311183103
9.9652744130892,-224.63246992218475
9.560438007311635,-225.09560416986636
9.155638735536133,-225.5626424775127
8.750925176382855,-226.03357079177812
8.346346451390591,-226.50837438627292
7.941952217677518,-226.9870378650248
7.537792660188805,-227.46954516647412
7.1339184835286265,-227.95587956801268
6.730380903374676,-228.44602369107662
6.327231637473664,-228.93995950680312
5.924522896216891,-229.43766834226042
5.52230737279542,-229.9391308872605
5.120638232935006,-230.44432720176334
4.719569104211506,-230.953236723882
4.319154064948104,-231.46583827849545
3.919447632696349,-231.9821100864786
3.5205047523036788,-232.50202977455575
3.1223807835707964,-233.02557438578506
2.7251314885030204,-233.5527203906803
2.328813018160465,-234.08344369897563
1.933481899112715,-234.61771967203913
1.5391950195044708,-235.1555231359394
1.1460096147394592,-235.69682839517
0.7539832527907937,-236.24160924703418
0.3631738191468315,-236.78983899669382
-0.026360498597505683,-237.34149047288378
-0.4145612264930666,-237.89653604429333
-0.80136962032063,-238.45494763661532
-1.186726681994104,-239.01669675026238
-1.5705731762690112,-239.58175447874953
-1.9528496477415145,-240.15009152774124
-2.333496438122262,-240.72167823475954
-2.7124537037683183,-241.29648458955057
-3.089661433455454,-241.87448025510403
-3.465059466372073,-242.45563458932077
-3.8385875103150373,-243.03991666732182
-4.21018516006668,-243.62729530439174
-4.579791915931297,-244.21773907954798
-4.947347202408433,-244.81121635972752
-5.312790386979324,-245.4076953245804
-5.676060798981935,-246.00714399185958
-6.037097748549066,-246.60953024339517
-6.395840545583154,-247.2148218516409
-6.752228518740519,-247.8229865067786
-7.106201034396934,-248.43399184436765
-7.457697515565651,-249.0478054735233
-7.806657460738223,-249.66439500560892
-8.153020462617722,-250.28372808342547
-8.496726226713317,-250.90577241088138
-8.83771458976452,-251.53049578312522
-9.175925537962806,-252.15786611712267
-9.511299224937808,-252.78785148266013
-9.843775989474805,-253.42042013375487
-10.173296372929771,-254.0555405404534
-10.499801136307918,-254.69318142099772
-10.82323127697132,-255.33331177434067
-11.14352804494098,-255.9759009129895
-11.46063295875851,-256.6209184961585
-11.774487820872428,-257.268334563211
-12.085034732514057,-257.91811956737104
-12.392216108027954,-258.5702444096853
-12.695974688621867,-259.2246804732163
-12.996253555501342,-259.88139965744944
-13.292996142354204,-260.54037441289427
-13.586146247150438,-261.2015777758647
-13.875648043223228,-261.8649834034207
-14.161446089597195,-262.53056560845613
-14.443485340530353,-263.1982993949183
-14.72171115423663,-263.8681604931467
-14.996069300756277,-264.54012539531766
-15.266505968942049,-265.2141713909849
-15.532967772529467,-265.8902766027067
-15.795401755260178,-266.56842002175176
-16.05375539502783,-267.24858154387806
-16.307976607016702,-267.93074200518026
-16.558013745803745,-268.61488321800334
-16.8038156063955,-269.3009880069226
-17.04533142417184,-269.98904024479145
-17.28251087370927,-270.6790248888613
-17.51530406645698,-271.37092801698
-17.743661547239626,-272.0647368638775
-17.96753428956127,-272.7604398575507
-18.186873689685584,-273.45802665576053
-18.40163155946782,-274.1574881826597
-18.611760117914766,-274.8588166655689
-18.817211981449073,-275.56200567192553
-19.017940152855047,-276.2670501464303
-19.213898008883042,-276.9739464484195
-19.405039286490172,-277.6826923894965
-19.591318067695045,-278.3932872714563
-19.77268876302448,-279.10573192454314
-19.949106093530276,-279.82002874608196
-20.120525071353995,-280.53618173953043
-20.286900978817712,-281.25419655400077
-20.4481893460185,-281.97408052430353
-20.604345926904163,-282.69584271157146
-20.75532667380733,-283.41949394452337
-20.90108771041473,-284.14504686143204
-21.041585303147755,-284.8725159528664
-21.176775830930044,-285.60191760527874
-21.30661575331691,-286.33327014551463
-21.431061576960914,-287.0665938863264
-21.550069820386902,-287.8019111729742
-21.66359697704901,-288.539246431005
-21.771599476641317,-289.2786262153013
-21.874033644632746,-290.02007926049816
-21.970855659996076,-290.7636365328691
-22.0620215110998,-291.50933128378654
-22.147486949730958,-292.25719910486634
-22.227207443216088,-293.007277984909
-22.301138124607007,-293.75960836875487
-22.369233740897542,-294.5142332181722
-22.431448599237214,-295.27119807490203
-22.48773651110799,-296.03055112598474
-22.538050734430676,-296.7923432714959
-22.58234391356865,-297.55662819482
-22.620568017198124,-298.32346243559243
-22.652674274016594,-299.0929054654384
-22.67861310626439,-299.8650197666363
-22.698334061038597,-300.6398709138323
-22.711785739384283,-301.4175276589244
-22.71891572315524,-302.19806201923325
-22.719670499645545,-302.9815493690628
-22.713995384004477,-303.7680685347469
-22.701834439461326,-304.5577018932607
-22.683130395403534,-305.3505354744576
-22.657824563372333,-306.1466590669698
-22.625856751064777,-306.9461663277804
-22.587165174461173,-307.74915489544196
-22.541686368232583,-308.55572650687026
-22.48935509462593,-309.36598711759336
-22.43010425107504,-310.1800470252718
-22.363864776846274,-310.99802099622974
-22.290565559099036,-311.8200283946506
-22.210133338825653,-312.64619331397967
-22.12249261723499,-313.4766447099519
-22.027565563261224,-314.31151653451207
-21.925271923017384,-315.1509478697144
-21.815528932174846,-315.99508306048074
-21.698251232440057,-316.8440718448455
-21.57335079352174,-317.6980694800252
-21.44073684224157,-318.5572368623063
-21.300315800744432,-319.4217406383419
-21.151991236117446,-320.29175330497856
-20.99566382413785,-321.16745329418137
-20.83123133034672,-322.04902503898563
-20.65858861219805,-322.93665901565635
-20.47762764667129,-323.83055175637
-20.28823758847137,-324.73090582573246
-20.090304864785402,-325.6379297532899
-19.88371331353269,-326.55183791286504
-19.6683443731465,-327.47285033803166
-19.44407733317435,-328.4011924613155
-19.210789656389252,-329.33709476276016
-18.968357384673993,-330.2807923113078
-18.7166556426769,-331.23252418001454
-18.45555925513564,-332.19253271345013
-18.184943495807946,-333.1610626227423
-17.90468498810297,-334.13835988065483
-17.614662779719,-335.12467038591257
-17.314759615778453,-336.12023836280673
-17.004863436985783,-337.1253044591044
-16.68486913104525,-338.14010350267273
-16.35468056672736,-339.1648618753328
-16.014212940254325,-340.1997944617045
-15.663395462686028,-341.24510113173767
-15.302174414231335,-342.3009627189302
-14.930516586284352,-343.3675364627457
-14.54841312379688,-344.44495089441676
-14.155883768581663,-345.53330016123255
-13.752981487513564,-346.63263780665477
-13.339797447643873,-347.74297005320324
-12.916466272455041,-348.8642486727448
-12.483171479732507,-349.9963635748359
-12.040150962306122,-351.1391352974977
-11.587702329586241,-352.292307644415
-11.126187882899853,-353.45554077466124
-10.656038954969356,-354.6284051103961
-10.177759308700994,-355.8103764774087
-9.69192726916114,-357.0008329240541
-9.19919626221979,-358.1990536663892
-8.700293460466547,-359.4042205719327
-8.196016296584828,-360.61542251455177
-7.68722669810473,-361.83166280604485
-7.174843022424796,-363.05186973991493
-6.659829818839906,-364.2749100810166
-6.143185701411878,-365.49960511987183
-5.625929765402685,-366.7247487065127
-5.109087101956609,-367.9491265114692
-4.593674044172011,-369.1715356538532
-4.080683801441768,-370.3908038038495
-3.5710731045036246,-371.6058069140976
-3.0657503960567767,-372.8154848544915
-2.5655659735036336,-374.0188544007069
-2.0713043386156142,-375.2150192345166
-1.5836788524005676,-376.4031768279297
-1.103328649069478,-377.5826222801669
-0.6308176434569929,-378.75274933906286
-0.16663537885356292,-379.91304895672937
0.2888005910771207,-381.06310580063587
0.735141114208839,-382.20259316912916
1.1721009688497284,-383.33126675228596
1.5994538084703596,-384.4489576442897
2.01702678417806,-385.5555649618204
2.4246950635080258,-386.6510483627849
2.8223764193146037,-387.73542069789556
3.210026019901494,-388.80874096902164
3.5876315133059715,-389.87110771595326
3.9552084660346503,-390.92265290880863
4.312796189893538,-391.9635363872144
4.660453969650806,-392.99394085925053
4.998257688558062,-394.0140674521691
5.326296837502897,-395.024131792035
5.644671885989661,-396.0243605795934
5.953491988494157,-397.01498862380106
6.25287299733429,-397.9962562916206
6.542935752462547,-398.9684073320774
6.823804619039458,-399.93168703355235
7.095606244907908,-400.88634067531416
7.358468511860818,-401.8326122369782
7.612519656655965,-402.77074333261373
7.8578875399188925,-403.70097233938935
8.094699043272236,-404.6235336937951
8.323079577159293,-405.5386573315051
8.543152683840892,-406.4465682497839
8.755039721908215,-407.3474861739552
8.958859620355891,-408.24162531182867
9.154728691795448,-409.1291941821164
9.342760495762477,-410.01039550477225
9.52306574428964,-410.88542614286735
9.695752242992405,-411.7544770870933
9.860924861857383,-412.6177334752738
10.01868553074683,-413.47537464038925
10.169133255349731,-414.32757418159184
10.312364149931792,-415.1745000535315
10.448471483774687,-416.0163146700351
10.577545738659403,-416.85317501880775
10.699674675148469,-417.6852327843577
10.81494340576583,-418.51263447680304
10.923434473468294,-419.33552156461116
11.025227934055428,-420.1540306096525
11.120401441381302,-420.96829340323677
11.209030334416385,-421.77843710203734
11.2911877253658,-422.58458436301623
11.366944588184655,-423.38685347663426
11.436369846945567,-424.1853584977775
11.499530463610853,-424.9802093739528
11.556491524844233,-425.771512070412
11.607316327566881,-426.5593686919473
11.652066463021539,-427.34387760117664
11.69080189915835,-428.1251335331965
11.723581061197814,-428.9032277065298
11.750460910261458,-429.67824793034
11.771497019990148,-430.4502787079141
11.78674365109446,-431.219401336447
11.79625382380172,-431.9856940031817
11.800079388181162,-432.7492318779779
11.798271092342242,-433.5100872023948
11.790878648512372,-434.26832937538836
11.777950797009256,-435.02402503572625
11.759535368130207,-435.7772381412356
11.735679341986403,-436.5280300449988
11.706428906314326,-437.27645956861784
11.671829512299917,-438.0225830726673
11.631925928453214,-438.7664545244583
11.586762292572887,-439.50812556323325
11.536382161840955,-440.2476455629118
11.480828561088439,-440.98506169250544
11.42014402927275,-441.7204189743157
11.354370664207234,-442.4537603400303
11.283550165582758,-443.18512668482515
11.20772387632046,-443.9145569195801
11.126932822293792,-444.6420880213116
11.04121775045699,-445.3677550819218
10.950619165415914,-446.0915913553603
10.855177364476104,-446.81362830329175
10.754932471201604,-447.53389563935775
10.649924467516987,-448.25242137211865
10.540193224383763,-448.96923184675705
10.425778531081221,-449.6843517856212
10.30672012312063,-450.39780432768276
10.183057708820654,-451.10961106698034
10.054830994570814,-451.8197920901159
9.922079708808901,-452.5283660128695
9.784843624737315,-453.23535001599186
9.64316258180254,-453.94075988023366
9.497076505961193,-454.6446100206659
9.346625428755416,-455.3469135203424
9.191849505219773,-456.04768216335344
9.03278903064131,-456.7469264673159
8.869484456193955,-457.4446557153421
8.70197640346807,-458.14087798752814
8.530305677915592,-458.8356001919983
8.354513281231046,-459.5288280955397
8.174640422688393,-460.2205663538601
7.990728529453631,-460.91081854149735
7.802819255892963,-461.59958718140814
7.610954491896271,-462.28687377426064
7.415176370235735,-462.9726788274528
7.215527272979421,-463.65700188387785
7.012049836979804,-464.33984155045397
6.804786958457335,-465.02119552643416
6.593781796699313,-465.70106063151155
6.379077776894526,-466.37943283373113
6.16071859212438,-467.0563072772187
5.938748204531421,-467.7316783097354
5.713210845686487,-468.4055395100655
5.484151016175946,-469.07788371524197
5.251613484430777,-469.7487030476133
5.015643284819564,-470.41798894175554
4.776285715027704,-471.08573217122864
4.533586332745495,-471.75192287517734
4.287590951687969,-472.41655058477585
4.03834563696968,-473.0796042495125
3.785896699857864,-473.7410722633106
3.5302906919276706,-474.40094249048195
3.271574398643368,-475.05920229150473
3.0097948323896424,-475.7158385486223
2.7449992249773043,-476.3708376912526
2.4772350196478516,-477.0241857212018
2.2065498626014945,-477.6758682376729
1.932991594073341,-478.3258704620594
1.6566082389825059,-478.9741772625154
1.3774479971789637,-479.62077317829045
1.0955592333129638,-480.26564244381973
0.8109904663517916,-480.9087690125577
0.5237903587686193,-481.5501365805448
0.2340077054280666,-482.1897286096952
-0.05830857780702421,-482.8275283507941
-0.35310946572326896,-483.463518866195
-0.6503458356347588,-484.0976830522013
-0.9499684794675302,-484.73000366112626
-1.2519281160268858,-485.36046332301447
-1.5561754034242756,-485.98904456701865
-1.862660951640794,-486.615729842417
-2.1713353352047284,-487.24050153926316
-2.4821491059610103,-487.8633420086561
-2.7950528059108604,-488.4842335826223
-3.1099969801003913,-489.1031585935988
-3.426932189537437,-489.7200993935084
-3.74580902411641,-490.3350383724189
-4.066578115531523,-490.94795797677733
-4.3891901501593145,-491.55884072721113
-4.713595881892,-492.1676692358903
-5.0397461449037895,-492.77442622344233
-5.367591866332952,-493.37909453541516
-5.697084078863063,-493.981657158281
-6.028173933187535,-494.58209723497777
-6.360812710342195,-495.18039807998196
-6.694951833891392,-495.77654319391127
-7.0305428819537825,-496.37051627765135
-7.3675375990546605,-496.96230124600663
-7.705887907792404,-497.5518822408713
-8.045545920307301,-498.13924364392005
-8.386463949541776,-498.7243700888179
-8.728594520281655,-499.3072464729486
-9.071890379968922,-499.88785796866216
-9.41630450927702,-500.46619003404305
-9.76179013244051,-501.04222842319984
-10.108300727331537,-501.61595919607896
-10.455790035276275,-502.1873687278054
-10.804212070605134,-502.7564437175529
-11.153521129931205,-503.3231711969483
-11.50367180115203,-503.8875385380137
-11.854618972170428,-504.44953346065074
-12.20631783933069,-505.0091440396731
-12.558723915567072,-505.56635871139173
-12.911793038262065,-506.1211662797595
-13.265481376812506,-506.6735559220815
-13.619745439902081,-507.2235171942969
-13.97454208247935,-507.7710400358406
-14.329828512440853,-508.3161147740907
-14.68556229701941,-508.8587321284109
-15.041701368878087,-509.39888321379397
-15.398204031910836,-509.9365595441159
-15.755028966751151,-510.4717530350078
-16.112135235990532,-511.0044560063558
-16.469482289108857,-511.5346611844352
-16.827029967119195,-512.06236170369
-17.184738506929836,-512.5875511081657
-17.5425685454267,-513.1102233526046
-17.900481123279523,-513.6303728032121
-18.258437688475485,-514.1479942381055
-18.616400099584258,-514.6630828474514
-18.974330628758583,-515.1756342333033
-19.332191964474816,-515.685644409149
-19.689947214017895,-516.1931097991742
-20.047559905715612,-516.6980272372564
-20.40499399092695,-517.2003939656929
-20.7622138457896,-517.7002076336767
-21.11918427273178,-518.1974662955274
-21.47587050175365,-518.692168408686
-21.832238191483633,-519.1843128314837
-22.18825343001511,-519.6738988206926
-22.543882735529,-520.1609260288678
-22.899093056707734,-520.6453945014898
-23.25385177294625,-521.1273046739145
-23.608126694365584,-521.6066573681412
-23.96188606163475,-522.0834537894041
-24.315098545606467,-522.5576955225995
-24.6677332467724,-523.0293845285526
-25.019759694543556,-523.4985231401341
-25.37114784636137,-523.9651140582341
-25.72186808664506,-524.4291603475995
-26.0718912255808,-524.8906654325442
-26.421188497758124,-525.3496330925375
-26.769731560659014,-525.806067457679
-27.11749249300505,-526.2599730040657
-27.464443792967845,-526.7113545490589
-27.81055837624806,-527.1602172464567
-28.1558095740281,-527.606566581579
-28.500171130803583,-528.0504083662709
-28.84361720209854,-528.4917487338286
-29.186122352069287,-528.9305941338579
-29.52766155100174,-529.3669513270663
-29.868210172706906,-529.8008273799963
-30.207743991819203,-530.2322296597051
-30.546239181002054,-530.6611658283952
-30.883672308065336,-531.0876438380009
-31.22002033299882,-531.5116719247364
-31.55526060492606,-531.933258603608
-31.889370858982673,-532.3524126628962
-32.22232921312318,-532.7691431586125
-32.55411416486025,-533.1834594089331
-32.8847045879403,-533.5953709886152
-33.21407972895901,-534.0048877233983
-33.54221920392059,-534.4120196843954
-33.86910299474417,-534.8167771824767
-34.19471144572089,-535.2191707626486
-34.519025259924916,-535.6192111984335
-34.84202549558168,-536.0169094862505
-35.16369356239648,-536.4122768398024
-35.484011217846586,-536.80532468447
-35.802960563439605,-537.1960646517175
-36.12052404094123,-537.5845085735122
-36.43668442857495,-537.9706684767583
-36.75142483719654,-538.3545565777503
-37.06472870644585,-538.7361852766464
-37.376579800878524,-539.1155671519645
-37.68696220607995,-539.4927149551024
-37.995860324763896,-539.8676416048863
-38.30325887285809,-540.240360182145
-38.60914287557888,-540.6108839243169
-38.913497663497196,-540.9792262200875
-39.21630886859772,-541.345400604061
-39.51756242033342,-541.7094207514656
-39.81724454167713,-542.071300472898
-40.115341745172174,-542.4310537091022
-40.411840828983735,-542.7886945257903
-40.70672887295262,-543.1442371085016
-40.9999932346531,-543.4976957575041
-41.29162154545643,-543.8490848827386
