theta_1,theta_2
90.0,90.0
89.99297410505922,89.99999999996479
89.97189642171594,89.99999999732358
89.93676696328176,89.99999996925656
89.88758578152365,89.99999982702025
89.82435301103425,89.99999933988435
89.74706893134457,89.99999802865204
89.65573404676906,89.9999950287817
89.55034918396025,89.99998892314638
89.43091560713484,89.99997754449578
89.29743515090729,89.99995774772536
89.14991037063527,89.9999251521121
88.98834471013805,89.99987385374699
88.8127426865954,89.99979610848331
88.62311009236902,89.99968198582884
88.41945421340964,89.99951899434106
88.2017840638202,89.99929167923847
87.9701106360383,89.99898119311968
87.72444716597887,89.99856484088575
87.46480941234084,89.99801560019036
87.19121594912896,89.99730161899703
86.90368847027652,89.99638569210165
86.60225210507424,89.9952247187808
86.28693574292103,89.99376914404786
85.95777236571196,89.99196238633938
85.61479938597333,89.98974025480531
85.25805898864655,89.98703035973658
84.88759847421626,89.98375152002336
84.50347060067836,89.97981317189041
84.10573392165725,89.97511478349406
83.69445311781283,89.96954528027752
83.26969931853515,89.96298248625922
82.83155041081416,89.95529258666029
82.38009133210036,89.94632961745123
81.91541434394749,89.93593498750498
81.43761928325544,89.92393703907153
80.94681378801785,89.91015065222982
80.44311349462734,89.89437689881765
79.92664220400638,89.87640275108465
79.397532014115,89.85600084995102
78.85592341673623,89.83292933728887
78.30196535685593,89.80693175607222
77.73581525342888,89.7777370215746
77.1576389808506,89.74505946603824
76.5676108110268,89.70859895840842
75.9659133165346,89.6680410998377
75.35273723599212,89.62305749473553
74.72828130337739,89.5733060961909
74.09275204365056,89.51843162365103
73.44636353761781,89.45806604982208
72.78933715951541,89.39182915289096
72.12190129127333,89.31932912937134
71.4442910178271,89.24016326217557
70.75674780817117,89.15391863791945
70.05951918708004,89.06017290699639
69.35285840255827,88.95849507961897
68.6370240941139,88.84844635082453
67.91227996688339,88.72958094737798
67.17889447647212,88.60144698957602
66.43714052912019,88.46358736115334
65.68729520146573,88.31554058080287
64.92963948377063,88.15684166923307
64.16445805000413,87.98702300617977
63.39203905766703,87.80561517234835
62.612673979690705,87.61214777186677
61.82665747017895,87.40615023146074
61.034287265186165,87.18715257320117
60.235864119156545,86.95468615830436
59.431691777094606,86.70828440007148
58.62207698200747,86.4474834446231
57.807329516660744,86.17182281860532
56.98776227822796,85.88084604350978
56.163691383993125,85.57410121665278
55.33543630588806,85.25114155919752
54.503320031313265,84.91152593187485
53.6676692474017,84.55481931926526
52.82881454563808,84.18059328364843
51.98709064354019,83.78842638951173
51.14283661993948,83.37790459984184
50.29639616026378,82.94862164530814
49.44811780812002,82.5001793673926
48.59835521939695,82.03218803643406
47.74746741505192,81.54426664544391
46.895819028708054,81.03604318042413
46.04378054516524,80.50715486778466
45.19172852591502,79.957248399324
44.34004581774311,79.38598013511417
43.48912174049953,78.79301628452595
42.63935225011053,78.17803306555214
41.79114007289644,77.54071684254338
40.944894807239095,76.88076424247251
40.10103298860841,76.19788224989797
39.259978113905014,75.49178828091368
38.42216062099838,74.76221023656207
37.58801781923289,74.00888653645964
36.757993766529474,73.23156613375001
35.93253908852184,72.43000851297116
35.112110734923235,71.60398367301438
34.29717166801384,70.75327209807477
33.48819047775866,69.87766472036465
32.685640917597894,68.97696287939658
31.89000135438443,68.05097828386074
31.101754125259298,67.09953298354192
30.32138479344167,66.12245936036477
29.549381293947388,65.1196001495438
28.78623295912318,64.09080850396985
28.032429412576576,63.03594811740877
27.288459318579868,61.954893424840506
26.554808972320366,60.84752990134582
25.83196071445418,59.71375448436101
25.120391151301742,58.55347614786966
24.42056915971923,57.366616661168
23.732953653228233,56.15311156918644
23.057991083451114,54.912911435905386
22.39611264838052,53.645983397050465
21.747731176655645,52.35231307281789
21.113237655030872,51.03190689561203
20.492997364887035,49.68479491132309
19.88734559332662,48.31103411505966
19.296582885597136,46.910712382855195
18.720969808912635,45.48395305889381
18.160721203940035,44.03092025226401
17.615999910167186,42.5518248869646
17.086909966074874,41.04693153249707
16.573489305565904,39.51656601839715
16.075701999514347,37.9611238029858
15.593430126483218,36.381079023119014
15.126465400149053,34.77699409687992
14.67450073265694,33.149529684875986
14.23712197191575,31.499454739219573
13.813800114279125,29.82765628528925
13.403884357980953,28.135148495151654
13.006596420999738,26.423080530830937
12.621026591682792,24.692742570825224
12.24613200192686,22.945569396890818
11.880737600876499,21.183140923565176
11.523540252809202,19.407179112533292
11.173116279929854,17.619540836398503
10.82793261815282,15.822206443693355
10.48636155759275,14.017264021873457
10.146698813360594,12.206889639903915
9.80718443767826,10.393324149426894
9.466025867535944,8.578847399310401
9.121422230270433,6.765750937228809
8.771588925680133,4.956310403594462
8.414781482148877,3.152758848684155
8.04931774862193,1.3572621194991417
7.673597624814973,-0.4281027188534978
7.286119729146792,-2.201365215888662
6.885494631750095,-3.9606752024707674
6.470454511401647,-5.704312165171042
6.039859306427242,-7.430690467200218
5.5926996031259355,-9.138360769491419
5.128096631420193,-10.82600815760643
4.6452998142331845,-12.49244756779849
4.143682348527003,-14.13661713472923
3.622735289952844,-15.757570064964034
3.0820605794323743,-17.354465587603695
2.521363398542751,-18.926559459285002
1.9404441800217491,-20.473194416674833
1.3391905369820394,-21.993790884415766
0.7175693145147567,-23.48783816654155
0.07561891344676007,-24.954886278532516
-0.5865580102406657,-26.39453851731011
-1.2688014048954501,-27.806444817990155
-1.9709002062881014,-29.190295908554443
-2.6925982319742383,-30.545818245605478
-3.433599591326455,-31.872769694612142
-4.19357362722127,-33.17093590505074
-4.972159412820405,-34.440127323190126
-5.768969831133434,-35.68017678171196
-6.583595266890337,-36.89093760483417
-7.41560694035239,-38.07228216924704
-8.264559911583676,-39.2241008642834
-9.129995781813276,-40.346301398792875
-10.01144511616071,-41.43880840676885
-10.908429609413393,-42.50156330859112
-11.820464013907769,-43.534524389582494
-12.747057845996798,-44.53766706228682
-13.687716885167829,-45.51098428335994
-14.641944477659168,-46.4544871001577
-15.609242654442513,-47.368205305968246
-16.58911307170884,-48.252188186343716
-17.58105778052431,-49.10650534212654
-18.58457983111229,-49.93124757752857
-19.59918371626643,-50.72652784400089
-20.624375657706423,-51.49248223262115
-21.65966373875271,-52.229271009314154
-22.70455788652098,-52.93707968839757
-23.758569706927535,-53.61612014069137
-24.821212176160564,-54.266631732727525
-25.891999192922967,-54.88888249342156
-26.97044499670291,-55.483170303896216
-28.056063458595535,-56.049824104953785
-29.148367252797907,-56.58920511495699
-30.246866918842585,-57.10170804858241
-31.35106982692919,-57.58776232405131
-32.46047906135547,-58.047833243032514
-33.5745922400212,-58.48242312348551
-34.69290029124275,-58.892072361334826
-35.81488621261035,-59.277360392142704
-36.940023840248664,-59.63890651902501
-38.06777666047574,-59.97737056813721
-39.19759669932253,-60.293453328401675
-40.328923528465445,-60.587896728070525
-41.46118342858446,-60.861483697591254
-42.593788752706715,-61.115037666477484
-43.72613753242562,-61.349421641921865
-44.857613368694636,-61.565536819154985
-45.98758564590249,-61.764320678442296
-47.115410102920066,-61.946744531423754
-48.24042978763529,-62.113810490401974
-49.36197641215496,-62.266547848152705
-50.479372114501544,-62.40600887261321
-51.59193161959717,-62.53326403988835
-52.698964778116924,-62.64939674962811
-53.7997794470916,-62.75549758795518
-54.89368466175951,-62.85265822355803
-55.97999403499962,-62.94196504100992
-57.05802930961398,-63.02449263053643
-58.12712398057332,-63.10129726417632
-59.186626899733575,-63.173410493660725
-60.23590577487026,-63.24183300483147
-61.27435047827221,-63.30752885691329
-62.301376087388206,-63.37142022277907
-63.31642559064584,-63.43438272925535
-64.31897220483536,-63.497241475605705
-65.30852126548469,-63.5607677849386
-66.28461166747839,-63.62567671885321
-67.24681684884351,-63.69262536157423
-68.19474532528538,-63.76221185739838
-69.12804079600964,-63.834975165507046
-70.04638185211799,-63.91139547982241
-70.94948132712649,-63.99189524901397
-71.8370853348448,-64.07684072311515
-72.70897204306297,-64.16654394834151
-73.56495023245165,-64.26126513026341
-74.40485768911338,-64.36121528698922
-75.22855947670664,-64.46655911789105
-76.03594613038987,-64.57741801906609
-76.82693181037831,-64.69387318360384
-77.60145244800964,-64.81596873231045
-78.35946391216596,-64.94371482838622
-79.10094021893194,-65.07709073730814
-79.82587180265612,-65.21604780056235
-80.53426386225168,-65.36051229871443
-81.22613479269458,-65.51038818547275
-81.90151470829524,-65.66555967983284
-82.56044406143599,-65.82589370806804
-83.20297235806949,-65.9912421912766
-83.82915696932734,-66.16144417744586
-84.43906203705512,-66.33632781961379
-85.03275746992014,-66.5157122037616
-85.6103180258843,-66.69940903163089
-86.17182247624812,-66.88722416479591
-86.71735284610784,-67.07895903710099
-87.24699372588502,-67.27441194305963
-87.7608316485499,-67.47337921005825
-88.25895452723421,-67.67565626226386
-88.74145114808829,-67.88103858404337
-89.20841071345907,-68.08932259049823
-89.65992243072971,-68.30030641243114
-90.09607514245313,-68.5137906027173
-90.51695699371908,-68.72957877066942
-90.92265513300568,-68.94747815058182
-91.31325544307751,-69.16730011022288
-91.68884229879384,-69.38886060463194
-92.04949834898217,-69.6119805801678
-92.39530431980866,-69.83648633336077
-92.72633883733803,-70.06220982874063
-93.04267826721872,-70.28898897945068
-93.3443965696565,-70.516667894116
-93.63156516804872,-70.74509709311188
-93.90425282984498,-70.97413369707564
-94.16252555837713,-71.20364159022212
-94.40644649456459,-71.43349156075914
-94.63607582754967,-71.66356142045154
-94.85147071345428,-71.89373610515243
-95.05268520157465,-72.12390775790416
-95.23977016744547,-72.35397579600978
-95.41277325231087,-72.58384696328527
-95.57173880863772,-72.81343536852404
-95.71670785139814,-73.0426625110352
-95.84771801493346,-73.27145729395495
-95.96480351529276,-73.49975602587583
-96.06799511801651,-73.72750241118824
-96.15732011140973,-73.95464752938362
-96.23280228542146,-74.18114980342546
-96.29446191631912,-74.40697495715486
-96.3423157574163,-74.63209596155637
-96.37637703618444,-74.85649296957116
-96.3966554581508,-75.0801532390031
-96.40315721805918,-75.30307104292112
-96.39588501884579,-75.52524756681595
-96.37483809906162,-75.7466907916207
-96.34001226945439,-75.96741536155317
-96.29139995950838,-76.18744243558126
-96.22899027482913,-76.40679952115264
-96.15276906635223,-76.62552028866534
-96.06271901245115,-76.84364436498771
-95.95881971511736,-77.06121710416404
-95.84104781148775,-77.27828933326938
-95.70937710209624,-77.49491707120137
-95.56377869732985,-77.71116121802461
-95.40422118367081,-77.92708721231315
-95.23067081140456,-78.14276465377462
-95.04309170556473,-78.35826688828882
-94.84144610196921,-78.57367055235918
-94.62569461026976,-78.78905507386371
-94.39579650598806,-79.00450212591089
-94.15171005353805,-79.22009503056238
-93.89339286223004,-79.43591810919015
-93.62080227721047,-79.65205597630167
-93.33389580720298,-79.86859277380385
-93.03263159077252,-80.08561134290285
-92.71696890262481,-80.30319233116279
-92.38686870116717,-80.52141323269235
-92.04229421818381,-80.74034736000871
-91.68321159100627,-80.96006274685989
-91.30959053697954,-81.18062098218601
-90.92140506932569,-81.4020759764809
-90.51863425268324,-81.62447266308783
-90.10126299564863,-81.84784563843482
-89.66928287656486,-82.07221774688468
-89.22269299759924,-82.29759861773526
-88.76150086083759,-82.52398316393874
-88.28572325872,-82.75135005428433
-87.79538716967909,-82.97966017306389
-87.29053064835995,-83.20885508355502
-86.77120369834888,-83.43885551393879
-86.237469113979,-83.66955988642654
-85.689403276583,-83.90084291230265
-85.12709688960702,-84.13255427717823
-84.55065563636428,-84.36451744187681
-83.96020074397674,-84.59652858491103
-83.35586943730355,-84.82835571234683
-82.73781526745302,-85.05973795988612
-82.10620830086603,-85.29038511015817
-81.46123515696915,-85.51997734545358
-80.80309888501556,-85.74816525246672
-80.13201867392253,-85.97457009108783
-79.44822939259444,-86.19878433401195
-78.75198096227838,-86.42037247806888
-78.04353756678692,-86.63887212193556
-77.32317671076684,-86.85379529851696
-76.59118814040659,-87.0646300440447
-75.84787264486451,-87.27084218012489
-75.09354076008387,-87.47187727983287
-74.32851139937644,-87.66716278474418
-73.55311043707945,-87.85611023669287
-72.76766927263716,-88.03811758619261
-71.97252340259355,-88.21257153889917
-71.16801102722424,-88.37884990222305
-70.35447171694695,-88.53632389613371
-69.53224516133545,-88.68436039519067
-68.70167002066175,-88.82232407270135
-67.86308289656027,-88.94957942241648
-67.0168174348165,-89.0654926380985
-66.16320356959255,-89.16943333639749
-65.302566914768,-89.26077611352572
-64.4352283046266,-89.3389019310442
-63.56150348296484,-89.40319933050269
-62.68170293691519,-89.45306548059526
-61.79613186941525,-89.48790706382466
-60.90509030233568,-89.50714101237325
-60.008873300805405,-89.51019510494967
-59.107771308222,-89.49650843783917
-58.202070580772656,-89.4655317842775
-57.29205370997264,-89.41672785665051
-56.3780002217029,-89.34957148596276
-55.46018724044235,-89.26354973259168
-54.53889020779249,-89.15816194162026
-53.614383644931934,-89.03291975508871
-52.68694194927291,-88.88734709238935
-51.756840216281425,-88.72098010880127
-50.82435507813519,-88.53336714087222
-49.88976555160256,-88.32406864604187
-48.95335388821107,-88.0926571425973
-48.01540642042061,-87.83871715477979
-47.07621439811369,-87.56184516664264
-46.13607481025809,-87.26164958710477
-45.19529118708206,-86.9377507275619
-44.25417437853005,-86.58978079241368
-43.31304330513956,-86.21738388194089
-42.37222567780147,-85.82021600612492
-41.432058683141726,-85.39794510723874
-40.4928896314978,-84.95025108835607
-39.55507656466458,-84.47682584431871
-38.618988820757764,-83.97737329117088
-37.6850075536943,-83.45160938961254
-36.753526204924114,-82.89926215763886
-35.82495092517108,-82.32007166722062
-34.899700944056775,-81.71379001964156
-33.97820888559268,-81.08018129394226
-33.060921027635786,-80.41902146283084
-32.14829750351127,-79.73009827040997
-31.240812444112297,-79.0132110661413
-30.33895405888979,-78.26817058962834
-29.443224654239984,-77.49479870105256
-28.554140587878724,-76.69292805245283
-27.672232157850946,-75.86240169550464
-26.798043424850647,-75.00307262204349
-25.93213196650743,-74.1148032343001
-25.07506856221362,-73.19746474268986
-24.227436806900158,-72.25093649004454
-23.38983265189517,-71.27510520241452
-22.562863870586416,-70.26986416803464
-21.74714944602188,-69.23511234777045
-20.94331887677966,-68.170753422389
-20.152011396368792,-67.07669478438164
-19.373875100028577,-65.95284648487078
-18.60956597100644,-64.79912014943619
-17.85974679613356,-63.61542788059545
-17.12508595769132,-62.40168116927888
-16.40625608506327,-61.15778984308996
-15.703932545376674,-59.883661085593815
-15.01879174711879,-58.57919856851544
-14.351509224418018,-57.244301747763274
-13.702757462149806,-55.878865384856276
-13.07320341310088,-54.48277936786947
-12.463505647950548,-53.0559289206759
-11.874311066681555,-51.598195306278484
-11.306251086152047,-50.1094571495634
-10.759937202988636,-48.589592526915666
-10.235955813917574,-47.03848199465872
-9.734862157628227,-45.456012754718074
-9.257173224158546,-43.84208418325332
-8.803359461086435,-42.19661497448654
-8.373835092793211,-40.51955217474621
-7.9689468631005695,-38.81088239656759
-7.588961017404612,-37.07064550340768
-7.234048364409772,-35.298951033739606
-6.904267307860737,-33.49599757805827
-6.599544825108786,-31.662095220272345
-6.319655502801832,-29.797690990988478
-6.064198930930694,-27.90339703934238
-5.832576012382856,-25.980020900845336
-5.623965066530407,-24.028596818606168
-5.437298980308291,-22.0504165778145
-5.271245058376152,-20.047057776569687
-5.1241895914675135,-18.02040694968135
-4.994229420449805,-15.97267458932679
-4.879172826317136,-13.906398996446859
-4.776551825784802,-11.82443618149768
-4.683647328334413,-9.729933809710351
-4.597527605379666,-7.626288470016457
-4.515099218199858,-5.5170872333285805
-4.433168128849586,-3.4060363185656586
-4.348507429307987,-1.2968813704991726
-4.257927231860134,0.8066749775239892
-4.15834196575846,2.901052193826186
-4.046830689910587,4.982862011097057
-3.920686974654603,7.0489653210361265
-3.777456219555111,9.096513181368415
-3.614959693191107,11.122971164791714
-3.431305858659627,13.126127930993082
-3.224890514536956,15.104090134149432
-2.9943878633681256,17.055266498751536
-2.7387348346122673,18.97834413289577
-2.4571109107538,20.87226000339236
-2.1489154324030264,22.736170104335628
-1.8137439857614095,24.569418337129566
-1.451365079633811,26.3715065851629
-1.0616979503002175,28.14206697632931
-0.644792019059176,29.88083691634462
-0.200808279407219,31.5876371567206
0.2699972928231115,33.26235292944979
0.7672883404150772,34.90491802389819
1.2906608525378196,36.515301585000344
1.8396541818251115,38.09349736065721
2.4137605347317104,39.63951510713645
3.012433123271754,41.15337386363248
3.6350931592015967,42.63509682283592
4.281135858049863,44.08470754748508
4.949935603347993,45.5022273093394
5.640850403160629,46.88767335413119
6.35322575296356,48.24105792215564
7.086398001914116,49.562387878307526
7.839697304063111,50.851664827120004
8.612450222266618,52.10888560757657
9.403982040501878,53.334043079219235
10.213618829904751,54.5271271255422
11.040689305000543,55.68812581307262
11.884526499142899,56.817026655149185
12.744469281945747,57.91381793845919
13.61986373633341,58.97849007811476
14.510064408595927,60.01103697364335
15.414435441385388,61.01145734391482
16.332351596803733,61.97975602388206
17.2631991745059,62.91594521020364
18.206376827981302,63.820045646453416
19.16129628079921,64.69208774179435
20.127382943540123,65.53211261977393
21.10407643132469,66.34017309634818
22.090830981242426,67.1163345884069
23.087115768531188,67.86067595599411
24.0924151200274,68.57329028312418
25.106228623167464,69.25428560360916
26.128071128646965,69.90378557965433
27.15747264471916,70.52193014215659
28.193978121023648,71.1088761026626
29.237147119773187,71.66479774781045
30.286553372089323,72.1898874277868
31.34178421726924,72.68435615087105
32.402439922797235,73.14843419649432
33.46813288300041,73.58237175939063
34.53848669441271,73.98643963733157
35.61313510618496,74.36092997457521
36.691720844298445,74.70615707247738
37.77389430895307,75.02245827765334
38.85931214536126,75.31019495657084
39.947635689347706,75.56975356342832
41.03852929070101,75.80154680553945
42.131658519218604,76.00601490711834
43.226688260905306,76.18362696825088
44.323280714898694,76.33488241086084
45.42109330546195,76.46031249757135
46.519776527848165,76.56048190247911
47.618971752010296,76.63599030500986
48.71830901397562,76.68747396927223
49.81740483113026,76.71560726183137
50.91586008449922,76.72110405083859
52.01325801810065,76.70471891937439
53.10916241223291,76.66724811622238
54.203115993642385,76.60953015878721
55.294639150331044,76.53244599633858
56.38322902162029,76.43691863817037
57.46835903425807,76.32391215163716
58.54947895211447,76.19442994038299
59.626015499711,76.04951222429192
60.697373608006664,75.89023266038318
61.762938314337646,75.71769406824335
62.82207732738203,75.53302325428092
63.874144243157524,75.33736496508897
64.91848237051418,75.13187503979717
65.95442909597175,74.9177128721215
66.9813206900471,74.69603333201495
67.99849743258481,74.46797833127697
69.00530891516068,74.23466824416887
70.00111936619608,73.99719341043075
70.98531284028306,73.75660595232037
71.9572981179353,73.51391212866443
72.91651317529421,73.27006542787527
73.86242910417943,73.0259605700326
74.7945533895582,72.7824285480088
75.7124324818481,72.54023279241133
76.6156536330979,72.30006649827018
77.50384599674145,72.06255110621333
78.3766810183236,71.82823589018858
79.23387216787796,71.59759856973304
80.07517408257627,71.3710468386719
80.90038120051489,71.14892068443422
81.7093259732053,70.93149536266307
82.50187674602994,70.71898488966849
83.27793539341684,70.51154591933195
84.0374347897122,70.30928187994422
84.78033618865318,70.11224725872428
85.50662657486409,69.92045193610319
86.21631604069951,69.73386548711093
86.90943523167459,69.55242138244022
87.58603289412967,69.37602103627667
88.2461735500045,69.20453766129084
88.88993531584293,69.0378199029894
89.51740787650247,68.8756952357839
90.12869061851201,68.71797311163868
90.72389092355627,68.56444785907595
91.30312261907362,68.41490133577564
91.86650458032783,68.26910534217068
92.41415947642909,68.12682380648212
92.94621265151856,67.98781475373781
93.4627911315775,67.85183207264271
93.9640227469747,67.71862709486881
94.45003536083337,67.58795000154431
94.9209561935026,67.45955107156075
95.37691123379399,67.33318178588142
95.81802472813773,67.20859580140427
96.24441873938147,67.08554980717395
96.65621276756521,66.96380427490028
97.0535234256321,66.84312411486697
97.43646416365654,66.72327924743186
97.80514503577659,66.60404509945378
98.15967250459337,66.48520303414469
98.50014927834461,66.36654072205157
98.82667417666401,66.24785246012682
99.13934202120446,66.12893944515176
99.43824354782922,66.00961000713806
99.72346533746253,65.8896798077449
99.99508976304075,65.76897200821438
100.25319495031943,65.64731741084282
100.49785475057283,65.52455457756591
100.72913872347279,65.40052992884071
100.9471121286561,65.27509782565232
101.1518359246859,65.14812063715421
101.3433667742858,65.01946879616673
101.5217570548778,64.88902084450405
101.68705487358737,64.75666346987232
101.83930408599637,64.62229153588065
101.97854431802422,64.48580810652562
102.10481099040625,64.34712446635066
102.2181353453126,64.20616013733863
102.31854447471648,64.06284289346948
102.40606135017535,63.917108773762
102.48070485373553,63.76890209451793
102.54248980971026,63.618175461397136
102.59142701711382,63.46488978187287
102.62752328256148,63.30901427854377
102.65078145346705,63.15052650371553
102.66120045138669,62.989412355607044
102.6587753053719,62.82566609648352
102.64349718520357,62.65929037297175
102.61535343438646,62.49029623876903
102.57432760278739,62.318703179917776
102.52039947880222,62.14453914278061
102.4535451209366,61.967840564816385
102.37373688868337,61.78865240822492
102.28094347257638,61.607028196497225
102.17512992329554,61.42303005387779
102.05625767969283,61.236728747716114
101.92428459560257,61.04820373365555
101.77916496529252,60.8575432035778
101.62084954740621,60.6648441361917
101.44928558723939,60.47021235012352
101.26441683718815,60.273762559333576
101.06618357520051,60.07561843064921
100.85452262105879,59.87591264316693
100.62936735031808,59.6747869492363
100.39064770572497,59.472392236693516
100.13829020594304,59.268888591964235
99.87221795141681,59.06444536360022
99.5923506272154,58.85924122575389
99.29860450271084,58.653464241025915
98.99089242796632,58.447311922043355
98.66912382673625,58.240991291037666
98.33320468601538,58.034718936591034
97.98303754211847,57.82872106660458
97.61852146332915,57.623233556409495
97.23955202922555,57.41850199079111
96.84602130687642,57.21478169852048
96.43781782420552,57.01233777778746
96.01482654094761,56.81144511069631
95.57692881777065,56.61238836471726
95.12400238431896,56.41546197867712
94.65592130714646,56.22097013051398
94.17255595876313,56.02922668360751
93.6737729893168,55.84055510801788
93.15943530278516,55.655288372414766
92.62940203996463,55.47376880184097
92.08352857102545,55.29634789572171
91.52166650096298,55.1233860996865
90.9436636919271,54.95525252380131
90.3493643071654,54.79232459869808
89.73860888218411,54.63498765981978
89.11123442972885,54.483634448554184
88.46707458632659,54.33866451739037
87.80595980942704,54.200483524382136
87.12771763564656,54.06950240012596
86.43217301226301,53.946136368148146
85.71914871594115,53.83080379703949
84.98846587468681,53.72392485988325
84.2399446112259,53.625919973509795
83.47340482835912,53.537207986920365
82.68866715931856,53.458204084916495
81.88555410868034,53.3893173696555
81.06389141187822,53.330948079674734
80.22350964367467,53.28348440310079
79.36424610789301,53.24729883957113
78.48594704204257,53.222744064226156
77.5884701708512,53.210148247469036
76.67168764174198,53.209809786651306
75.73548937244651,53.22199141117071
74.77978683563698,53.24691363153841
73.80451729700336,53.28474751677256
72.80964851086905,53.33560680405444
71.79518386050391,53.399539370976505
70.76116790811973,53.4765181348048
69.70769229170752,53.56643148552692
68.63490187236272,53.66907341003869
67.54300099710416,53.78413352274613
66.43225969979149,53.91118728103747
65.3030196189725,54.04968672893921
64.15569936989229,54.198952173546026
62.990799073178984,54.358165249560635
61.80890372054484,54.52636385918194
60.61068505431892,54.70243947868818
59.39690165851048,54.885137290967734
58.168397008715566,55.07305952865972
56.92609530820084,55.26467229304559
55.67099504588556,55.458315952389114
54.404160342262145,55.65221902945533
53.126710290809825,55.84451527713822
51.83980664110979,56.03326343402453
50.5446402901862,56.21646897096725
49.24241713615088,56.39210700650802
47.93434389219725,56.558145499266494
46.62161445415653,56.712567827100436
45.305397362527145,56.8533939343264
43.98682480764667,56.97869935894483
42.666983506674214,57.08663162416639
41.346907647825475,57.17542367158989
40.027573965255165,57.24340420618905
38.70989888928136,57.28900499799121
37.394737619867044,57.310765329252604
36.08288490091349,57.30733388217871
34.77507722968153,57.27746842942086
33.47199621726392,57.22003372066724
32.17427281826949,57.133997959475586
30.882492165627056,57.018428242294945
29.59719877449462,56.872485293790184
28.318901913019538,56.69541778581645
27.048080973351183,56.48655647720465
25.785190711045807,56.24530836206233
24.530666252939877,55.9711509683949
23.284927801617926,55.66362690819632
22.04838498830312,55.322338745526764
20.821440845344327,54.946944220610426
19.604495384747462,54.53715184533127
18.39794878085758,54.09271686810129
17.202204163871176,53.613437593222784
16.017670036886187,53.099152030833615
14.844762333187436,52.54973484761403
13.68390613287024,51.9650945850175
12.535537059109723,51.345171110321
11.400102374705899,50.68993326581777
10.278061799227297,49.999376682628935
9.169888066333627,49.27352172759548
8.076067239824237,48.51241155430636
6.9970988057349786,47.71611023235184
5.933495556456428,46.884700932244364
4.885783281406563,46.018284147040376
3.854500277272286,45.11697593547591
2.840196689227606,44.18090617537376
1.8434336928164736,43.21021682019008
0.864782524315562,42.20506015586167
-0.09517663468522165,41.1655970596295
-1.0358559150920903,40.09199526730223
-1.9566611598008805,38.98442766055607
-2.856993467280154,37.84307059143154
-3.7362508852775984,36.66810226728907
-4.593830264929968,35.45970122624612
-5.4291292905301844,34.21804494067993
-6.241548706019069,32.943308594898404
-7.030494766037707,31.635664092725367
-7.795381947207708,30.295279361689094
-8.535635964290979,28.922318032907228
-9.250697146073371,27.516939589761485
-9.940024237212095,26.0793000941208
-10.603098704780594,24.609553616159477
-11.239429641580221,23.107854512501255
-11.84855937198357,21.574360716993713
-12.430069879324996,20.009238227958054
-12.983590185406305,18.412666993757657
-13.508804820685045,16.784848412673366
-14.005463525527368,15.126014669999918
-14.47339231494783,13.436440130304254
-14.912506016832321,11.716454979683094
-15.322822350900324,9.966461263733343
-15.704477545760778,8.186951382402095
-16.05774338700368,6.378528972606041
-16.383045443538922,4.541931923623389
-16.680982027850273,2.6780570216427737
-16.95234320893205,0.7879854076693747
-17.198128923265593,-1.1269923326352744
-17.41956494029961,-3.0653530213342983
-17.618115170854455,-5.025321629810731
-17.795488612071054,-7.004858140455451
-17.953639165667305,-9.001652867758704
-18.094756714146367,-11.013132420494358
-18.22124824403371,-13.036477991071939
-18.335708481576976,-15.068656800202497
-18.440880413975997,-17.10646635485537
-18.539607102720723,-19.146589832001865
-18.634777195218565,-21.185659590465416
-18.7292673244381,-23.220324780179652
-18.825884996045637,-25.247318472753737
-18.92731551111404,-27.263519796675958
-19.03607597013552,-29.26600721203476
-19.154478555406776,-31.25210016465519
-19.284604260890966,-33.21938769645222
-19.428287213124037,-35.16574391699101
-19.587108855038977,-37.0893313613294
-19.762400639719544,-38.98859405033054
-19.955253531400707,-40.86224249722407
-20.16653251182364,-42.70923300391962
-20.396894384340353,-44.5287434402155
-20.646807387760074,-46.32014739016542
-20.916571413384585,-48.08298816667122
-21.206337912186356,-49.81695380309903
-21.516128851200133,-51.52185377237336
-21.84585431045348,-53.197597882533444
-22.19532849724743,-54.844177560802734
-22.564284094151876,-56.46164956343505
-22.952384955942932,-58.05012202801837
-23.35923723603621,-59.60974270835635
-23.784399062192634,-61.14068918921858
-24.227388901175164,-62.64316085993565
-24.6876927583237,-64.11737242437358
-25.164770355223247,-65.56354873427874
-25.658060420200734,-66.98192074888263
-26.16698521479308,-68.37272244281658
-26.69095440632528,-69.73618850463943
-27.229368383484797,-71.07255268822342
-27.781621099013392,-72.38204669802357
-28.347102511788837,-73.66489950641699
-28.925200689855913,-74.92133701664439
-29.51530362646629,-76.15158199839111
-30.116800812888133,-77.35585423478926
-30.72908460458365,-78.53437082974108
-31.351551411230165,-79.68734663312232
-31.983602735870843,-80.81499474879242
-32.62464608411404,-81.91752709658451
-33.27409576064923,-82.9951550047249
-33.93137356731376,-84.04808981358136
-34.59590941443911,-85.07654347538384
-35.26714185514765,-86.08072913770762
-35.94451855059172,-87.06086170115127
-36.62749667276556,-88.01715834385719
-37.31554325042391,-88.94983900737817
-38.008135462764976,-89.85912683994596
-38.70476088484123,-90.7452485944931
-39.4049176881163,-91.6084349798584
-40.108114799163005,-92.44892096450026
-40.81387201917268,-93.26694603278033
-41.5217201067001,-94.06275439448439
-42.23120082588508,-94.8365951487375
-42.94186696225723,-95.58872240386323
-43.65328230813416,-96.31939535504578
-44.36502161955451,-97.02887832189012
-45.0766705466398,-97.71744074814994
-45.78782553924546,-98.38535716601467
-46.498093729737676,-99.03290712742158
-47.20709279471369,-99.66037510489491
-47.91445079746708,-100.26805036441667
-48.6198060129826,-100.85622681280638
-49.32280673722649,-101.42520282203775
-50.02311108247626,-101.97528103284881
-50.720386760407166,-102.50676813991603
-51.41431085462174,-103.01997466076222
-52.104569584272134,-103.51521469045862
-52.79085806038332,-103.99280564406283
-53.472880036438426,-104.45306798861213
-54.150347654735725,-104.89632496636509
-54.82298118997017,-105.32290231085699
-55.490508791431736,-105.73312795720845
-56.152666225147975,-106.12733174800108
-56.80919661723034,-106.50584513591289
-57.45985019961239,-106.86900088418933
-58.104384059294475,-107.21713276591389
-58.74256189213363,-107.55057526293685
-59.37415376213983,-107.86966326522266
-59.998935867160924,-108.17473177128487
-60.61669031175882,-108.46611559029446
-61.22720488799903,-108.7441490463721
-61.83027286479537,-109.00916568550778
-62.42569278637096,-109.26149798549224
-63.01326828031678,-109.50147706919374
-63.59280787564974,-109.72943242147075
-64.16412483119406,-109.94569160997553
-64.72703697453287,-110.15058001007557
-65.28136655170155,-110.34442053409774
-65.82694008772144,-110.52753336508525
-66.36358825800072,-110.70023569524716
-66.89114577056145,-110.86284146927537
-67.40945125898574,-111.0156611327032
-67.91834718591102,-111.15900138548254
-68.41767975684604,-111.29316494096138
-68.90729884402302,-111.41845029045145
-69.38705791995048,-111.53515147358323
-69.85681400028436,-111.64355785465517
-70.31642759559193,-111.74395390519123
-70.76576267154654,-111.83661899292882
-71.20468661705762,-111.92182717746415
-71.63307021981427,-111.99984701278501
-72.05078764869806,-112.07094135692114
-72.45771644250519,-112.13536718893886
-72.85373750440714,-112.19337543349972
-73.23873510157394,-112.24521079319189
-73.61259686938496,-112.2911115888272
-73.97521381965753,-112.33130960787831
-74.32648035233547,-112.36602996120551
-74.66629427009515,-112.39549094819625
-74.99455679534772,-112.41990393040786
-75.31117258914138,-112.43947321376966
-75.61604977149631,-112.45439593936275
-75.90909994273714,-112.46486198275494
-76.19023820542351,-112.47105386182623
-76.4593831865165,-112.47314665297708
-76.71645705945834,-112.47130791556694
-76.96138556588316,-112.46569762438719
-77.19409803671812,-112.45646810992939
-77.41452741247487,-112.44376400616831
-77.62261026257259,-112.42772220554028
-77.8182868035729,-112.40847182076132
-78.00150091624492,-112.38613415309703
-78.17220016141485,-112.360822666668
-78.33033579458724,-112.33264296835137
-78.47586277935588,-112.3016927928204
-78.60873979964917,-112.26806199225157
-78.72892927087858,-112.23183253022161
-78.83639735007891,-112.19307847931559
-78.93111394514521,-112.15186602197299
-79.01305272328385,-112.10825345410869
-79.08219111880382,-112.0622911910636
-79.13851034037923,-112.0140217754621
-79.18199537791558,-111.96347988658158
-79.21263500915042,-111.91069235087264
-79.23042180611351,-111.85567815330636
-79.23535214156436,-111.79844844926767
-79.2274261955141,-111.7390065767586
-79.20664796192635,-111.67734806872524
-79.17302525567769,-111.61346066537224
-79.12656971984246,-111.54732432638262
-79.06729683335072,-111.47891124301422
-78.99522591905095,-111.40818585009856
-78.91038015219291,-111.33510483802229
-78.81278656932903,-111.25961716482423
-78.70247607761807,-111.18166406859298
-78.5794834645001,-111.10117908039871
-78.44384740769972,-111.01808803803964
-78.29561048550374,-110.93230910092608
-78.13481918725172,-110.8437527664642
-77.96152392397173,-110.75232188833583
-77.77577903909153,-110.6579116971001
-77.57764281915523,-110.56040982356755
-77.36717750447859,-110.45969632541552
-77.14444929968343,-110.35564371752753
-76.90952838406021,-110.24811700654652
-76.66248892172136,-110.13697373013346
-76.4034090715233,-110.02206400141893
-76.13237099675358,-109.9032305591254
-75.84946087460106,-109.78030882382288
-75.55476890544972,-109.65312696076029
-75.2483893220627,-109.52150594968951
-74.93042039874982,-109.38525966207015
-74.60096446063949,-109.24419494600873
-74.26012789320527,-109.09811171924966
-73.9080211522255,-108.94680307049533
-73.54475877438347,-108.79005536929037
-73.17045938874281,-108.627648384661
-72.78524572935952,-108.45935541265592
-72.38924464931586,-108.28494341288831
-71.98258713648367,-108.10417315413395
-71.56540833134346,-107.91679936899415
-71.1378475472014,-107.72257091758827
-70.7000482931578,-107.52123096019766
-70.2521583001888,-107.31251713874114
-69.79432955070546,-107.09616176692344
-69.32671831195337,-106.87189202886067
-68.84948517360837,-106.6394301859523
-68.36279508991237,-106.39849379173764
-67.8668174266759,-106.14879591444395
-67.36172601345078,-105.89004536690766
-66.84769920114839,-105.62194694352351
-66.32491992534543,-105.3442016638548
-65.79357577547954,-105.05650702251565
-65.25385907009398,-104.75855724491643
-64.70596693824078,-104.45004354844524
-64.15010140709833,-104.1306544086387
-63.58646949580133,-103.80007582987841
-63.0152833154182,-103.45799162013026
-62.43676017494521,-103.10408366922495
-61.85112269311656,-102.738032230158
-61.25859891575654,-102.35951620286613
-60.65942243832433,-101.96821341991354
-60.053832533223115,-101.56380093349685
-59.442074281364945,-101.14595530315042
-58.82439870739997,-100.71435288350428
-58.20106291793468,-100.26867011141655
-57.57233024197835,-99.8085837917685
-56.938470372770205,-99.33377138117677
-56.299759510052496,-98.84391126884175
-55.65648050176662,-98.33868305371539
-55.008922984060156,-97.81776781713721
-54.357383518403765,-97.28084839005358
-53.70216572452606,-96.72760961390503
-53.04358040778375,-96.1577385942407
-52.3819456794917,-95.570924946099
-51.71758706864334,-94.9668610301824
-51.050837623355356,-94.34524217885351
-50.382038000270555,-93.70576691099268
-49.71153654004868,-93.04813713478605
-49.03968932696476,-92.37205833756352
-48.366860230517,-91.6772397618786
-47.69342092681871,-90.96339456712535
-47.01975089740919,-90.23023997612316
-46.346237402962906,-89.47749740627644
-45.67327542920173,-88.704892585138
-45.001267602116485,-87.91215565048095
-44.330624069376064,-87.09902123532196
-43.66176234453959,-86.26522853874795
-42.99510711038077,-85.41052138389098
-42.331089977277216,-84.53464826498198
-41.67014919219946,-83.63736238610973
-41.012729293345515,-82.71842169513008
-40.35928070489342,-81.77758891713012
-39.71025926567259,-80.81463159297338
-39.0661256847706,-79.82932212975413
-38.42734491617644,-78.82143787149761
-37.79438544349814,-77.79076120018266
-37.167718464561815,-76.737079679162
-36.547816964281395,-75.66018625334095
-35.93515466256534,-74.5598795230777
-35.33020482218091,-73.43596411171414
-34.73343889941542,-72.28825114996022
-34.14532501805039,-71.11655890405369
-33.56632624460293,-69.92071357870822
-32.99689864000616,-68.70055033033361
-32.437489059939885,-67.45591453082658
-31.88853267295217,-66.18666332731279
-31.350450162446425,-64.89266754844792
-30.82364457571259,-63.57381401305817
-30.308497780693756,-62.230008301734884
-29.805366489430334,-60.861178056084725
-29.314577806552908,-59.46727687312328
-28.836424262377676,-58.04828886304909
-28.37115829382288,-56.60423393640157
-27.918986143407906,-55.1351738802097
-27.480061158081558,-53.64121927075757
-27.054476486760485,-52.12253725139175
-26.642257199534242,-50.57936017558712
-26.243351883773723,-49.011995076481504
-25.857623813919034,-47.420833872715924
-25.484841843099534,-45.80636415567848
-25.12467122570085,-44.1691803251898
-24.776664649023957,-42.509994750951584
-24.440253826027366,-40.82964853963817
-24.11474207439769,-39.129121389125466
-23.799298372048824,-37.409539922020905
-23.492953425518337,-35.67218382349311
-23.194598303903565,-33.9184890787996
-22.902986164995227,-32.15004762980413
-22.616737521982134,-30.368602860883414
-22.33434936280889,-28.576040491001812
-22.054208241361422,-26.77437468918999
-21.77460722062765,-24.96572953204699
-21.493766282955136,-23.15231625829858
-21.209855559649164,-21.336407110315093
-20.92102050370757,-19.520306843668315
-20.62540796628956,-17.70632319298167
-20.32119206283933,-15.896737675095967
-20.006598739429705,-14.09377807497546
-19.679928069824243,-12.29959380140853
-19.339573511046492,-10.516235042276309
-18.98403759198969,-8.745636329839174
-18.61194377367418,-6.989604787329407
-18.222044470782553,-5.249813008766189
-17.81322543816324,-3.5277962551600113
-17.384506888265353,-1.8249534508215575
-16.93504181056899,-0.14255133949176937
-16.464112014647462,1.5182688928911205
-15.971122422769467,3.1564832153287385
-15.455594107070674,4.7711752043315245
-14.917156512050356,6.361525907786477
-14.355539236177378,7.926803581789417
-13.770563675415215,9.466353664657566
-13.162134762853034,10.979589259735203
-12.530232976475894,12.465982315936975
-11.874906733647318,13.925055624827635
-11.196265246895836,15.356375696125948
-10.494471880880017,16.759546529288006
-9.769738024126045,18.13420426596131
-9.02231747014488,19.480012684935044
-8.252501289595415,20.796659485989235
-7.460613167054596,22.083853300100163
-6.647005171588348,23.341321359312598
-5.8120539287445885,24.568807758987926
-4.956157162030453,25.76607224706125
-4.079730573763444,26.932889478584173
-3.1832050379126233,28.069048678576102
-2.2670240808006303,29.174353661594434
-1.3316416290463087,30.24862316212888
-0.37752000769395055,31.29169143568943
0.5948718250390234,32.303409096128846
1.5850598166520398,33.28364416020826
2.592566140067609,34.23228327560579
3.616910298528567,35.149233113432835
4.657610017555987,36.034421910824186
5.7141819236492175,36.887801153273564
6.786142007554933,37.70934739006009
7.873005868430865,38.499064179311226
8.974288734109322,39.25698416191698
10.089505251963104,39.9831712655769
11.21816904464328,40.6777230416337
12.359792025261287,41.3407731379116
13.513883467510762,41.97249391039717
14.679948827869216,42.57309917511705
15.857488319503574,43.14284709880277
17.045995240957655,43.6820432226951
18.244954067261027,44.19104360793494
19.45383831690101,44.67025808323004
20.67210821525794,45.12015356572806
21.899208183694984,45.54125741418049
23.134564193528323,45.934160759564314
24.377581035495986,46.29952174250236
25.62763956787381,46.63806856945116
26.884094019662612,46.950602281320855
28.14626943869153,47.23799910987082
29.413459387214793,47.501212280135725
30.684923998547866,47.74127310286822
31.959888516201353,47.95929119142366
33.23754244037891,48.15645363475323
34.51703940411496,48.33402296434519
35.797497891364486,48.49333376999148
37.07800289096723,48.6357878485919
38.357608553095254,48.76284781244094
39.63534187883609,48.87602913802441
40.91020743019342,48.97689070134677
42.18119299925587,49.067023917795936
43.447276124793184,49.148040678750355
44.70743129600092,49.2215603477576
45.96063764075939,49.28919613996432
47.205886863629054,49.352541253686184
48.44219118016036,49.413155147838
49.66859099100807,49.472550360490814
50.8841620523099,49.532180241476524
52.08802192666822,49.59342792753441
53.279335539216106,49.65759682599391
54.45731971189115,49.7259027980454
55.62124660182424,49.79946815175393
56.77044602229507,49.879317474629076
57.9043066731221,49.96637526154681
59.02227634862786,50.06146523060477
60.12386122351583,50.16531116995831
61.20862433928842,50.27853912407085
62.27618342639122,50.401680707892204
63.32620820102582,50.5351773308771
64.35841727198306,50.67938511733344
65.37257478361585,50.83458032281893
66.36848690793659,51.00096506559818
67.34599828339566,51.17867321512638
68.3049884815498,51.36777630407789
69.24536856664584,51.5682893549435
70.16707779792036,51.78017653546873
71.07008051066781,52.00335657838492
71.9543632001497,52.23770791953
72.81993182231037,52.483073524373765
73.66680931700283,52.739265386165656
74.4950333528893,53.00606868956685
75.30465428818961,53.283245641952114
76.09573333780145,53.57053898086005
76.86834093480026,53.86767517063274
77.6225552727389,54.17436730441141
78.35846101432317,54.490317729616734
79.07614815177311,54.81522041608234
79.77571100435038,55.14876308634046
80.45724733902074,55.49062912735492
81.12085760093008,55.8404993024082
81.76664424122595,56.19805328099248
82.39471113069203,56.56297100352546
83.0051630486358,56.93493389658184
83.59810523744241,57.313625953157896
84.1736430141596,57.69873469130876
84.73188143138613,58.089952003347264
85.27292498059516,58.4869749066885
85.79687733182107,58.88950620637925
86.3038411043752,59.29725507837431
86.79391766392928,59.70993758171492
87.2672069419171,60.12727710692985
87.72380727375847,60.54900476721442
88.16381525290656,60.97485973824499
88.58732559816598,61.40458955185066
88.99443103212678,61.83795034818717
89.38522216891553,62.27470709053354
89.75978740977972,62.714633746356704
90.11821284530419,63.15751343785638
90.46058216330765,63.60313856480878
90.78697656169128,64.05131090216717
91.09747466570965,64.50184167454732
91.392152449314,64.95455160942056
91.67108316037766,65.40927097055462
91.93433724976046,65.86583957297798
92.18198230430143,66.32410678049486
92.4140829839534,66.78393148654133
92.63070096338747,67.24518207894769
92.83189487850439,67.70773638895302
93.01772027839434,68.17148162460593
93.18822958338713,68.6363142884759
93.34347204993439,69.10214007939368
93.48349374316362,69.56887377773282
93.60833751804226,70.03643911353879
93.71804301018983,70.50476861660506
93.81264663747625,70.97380344738674
93.89218161364722,71.44349320743237
93.95667797532089,71.91379572780278
94.00616262380451,72.38467683373354
94.04065938328544,72.85611008358573
94.06018907705356,73.32807647992078
94.06476962351465,73.80056415033053
94.05441615384905,74.2735679954588
94.02914115325923,74.7470893014677
93.98895462782494,75.22113531403798
93.93386429904564,75.69571877085467
93.86387582818735,76.17085738942268
93.7789930725615,76.64657330699578
93.6792183758375,77.12289246939245
93.56455289442111,77.59984396553031
93.43499696180726,78.07745930464846
93.29055049262826,78.55577163342123
93.13121342785607,79.03481489051296
92.95698622226685,79.51462289660009
92.76787037482794,79.99522837851086
92.56386900210815,80.47666192692238
92.34498745413323,80.9589508880243
92.11123397129984,81.44211819072211
91.8626203800189,81.92618111231884
91.59916282368194,82.41114998718494
91.32088252433547,82.89702686469697
91.0278065691217,83.38380412468044
90.71996871411724,83.87146306070407
90.39741019670785,84.3599724437994
90.06018054611273,84.84928708146315
89.70833838017427,85.3393463890677
89.34195217511686,85.83007299296479
88.96110099372798,86.3213713865151
88.56587515640666,86.81312666189322
88.15637683884522,87.30520334167893
87.73272057984657,87.79744433482433
87.29503368301198,88.28967004146504
86.84345649683108,88.78167763011724
86.37814255911758,89.27324050899915
85.89925859378097,89.76410801049323
85.40698435059801,90.25400530413653
84.90151228189903,90.74263354904733
84.3830470538281,91.22967029148859
83.8518048939459,91.71477010749962
83.3080127812639,92.19756548442098
82.75190748914258,92.67766792894967
82.1837344956586,93.15466928337288
81.60374677984646,93.62814322612111
81.0122035254656,94.09764692802308
80.40936875647357,94.56272283186068
79.79550993008625,95.02290052019198
79.17089651410043,95.47769863503748
78.5357985750316,95.92662681294682
77.89048540260916,96.36918760013776
77.23522419436067,96.80487831472027
76.57027882152592,97.23319282631715
75.89590869452427,97.65362322746344
75.21236774282366,98.0656613757754
74.51990352049789,98.46880029078625
73.81875644517672,98.86253539431988
73.10915917463676,99.24636558810721
72.39133612207402,99.61979416686736
71.66550310823526,99.98232956914163
70.93186714612871,100.33348597168816
70.19062635202239,100.67278373616429
69.44196997487677,100.99974971912349
68.68607853523656,101.31391745805011
67.9231240638932,101.61482724728285
67.15327043028066,101.90202611829457
66.37667375053383,102.17506773896878
65.59348286536509,102.4335122463125
64.80383987834642,102.67692602654644
64.00788074576995,102.90488145578489
63.205735909951,103.11695661362457
62.39753096859274,103.31273498095986
61.58338737361423,103.49180513227964
60.763423153625126,103.65376043161864
59.93775365498653,103.79819874026413
59.106492297110556,103.92472214328077
58.2697513383093,104.03293670092917
57.42764264909703,104.12245223012845
56.58027849037408,104.19288212025408
55.72777229437381,104.24384318677366
54.87023944663639,104.27495556550141
54.00779806758592,104.28584264959574
53.14056979253486,104.2761310708261
52.26868054912479,104.24545072609129
51.39226133134048,104.1934348496723
50.51144896931038,104.11972013124432
49.62638689413427,104.0239468792453
48.73722589696568,103.90575922879786
47.8441248815254,103.76480539299949
46.94725160913907,103.6007379560294
46.04678343528142,103.41321420616185
45.14290803647583,103.20189650642358
44.23582412624642,102.9664527002818
43.325742158653924,102.70655654939809
42.41288501777162,102.42188820012944
41.49748869127729,102.11213467510068
40.57980292615615,101.77699038581162
39.660091864331896,101.41615766187851
38.73863465587347,101.02934729214383
37.81572604726725,100.61627907252223
36.89167694210351,100.17668235508846
35.96681493140562,99.71029659255422
35.04148479073566,99.21687187193402
34.116048941144726,98.69616943086417
33.190887871004776,98.14796214972185
32.2664005157652,97.57203501239631
31.343004592725194,96.96818552829643
30.421136888006775,96.33622410794263
29.501253493054588,95.67597438429311
28.583829988182,94.98727347179752
27.669361570928935,94.26997215506117
26.758363127297876,93.52393499894384
25.851369244290456,92.7490403719132
24.94893416257834,91.94518037452596
24.0516316686066,91.11226066502563
23.16005492594346,90.25020017422203
22.274816246253014,89.35893070206082
21.396546800871906,88.4383963885971
20.525896274610037,87.4885530524601
19.66353246406009,86.5093673903325
18.81014082338065,85.50081603146938
17.966423961199187,84.46288444184768
17.133101092948923,83.39556567316615
16.31090745358925,82.29885895261205
15.50059367624004,81.17276811007534
14.702925142761277,80.01729984033199
13.9186813126989,78.83246179864696
13.148655037259854,77.61826052928072
12.393651865029836,76.3746992275491
11.654489345953198,75.10177533742204
10.931996339591358,73.79947798820771
10.22701233278478,72.46778527572772
9.540386770465874,71.10666139564944
8.872978401383833,69.71605363943843
8.225654637754143,68.29588926690819
7.599290924141967,66.84607227381572
6.994770105985346,65.36648007869074
6.412981781752121,63.856960160502126
5.854821614411389,62.31732668838197
5.3211905671912065,60.74735719712355
4.8129940148652555,59.14678937840687
4.3311406642815875,57.51531807878169
3.8765411955484983,55.85259262272406
3.4501065070411814,54.15821461428168
3.0527454117660593,52.43173641600368
2.6853615879570274,50.67266056146824
2.3488495312222546,48.8804404305847
2.0440891871774753,47.05448260798293
1.7719388605356021,45.19415145715073
1.5332258979747797,43.2987765787794
1.3287345281732614,41.367663981485215
1.1591901164434357,39.4001119735367
1.025238961692692,37.39543297579261
0.9274226464224656,35.35298263830202
0.8661458750670433,33.2721977787213
0.8416367488905524,31.1526446883733
0.8538985968298327,28.99407917780038
0.9026529073382681,26.796519227247522
0.9872737051062641,24.560330104806145
1.1067150108811277,22.286320143016574
1.2594348950709886,19.9758428993451
1.4433220528947532,17.630898194826862
1.6556335362397654,15.254220851656966
1.8929546998657545,12.849342594035477
2.1511936400554252,10.420610768216282
2.425621326125609,7.9731487672392145
2.7109643905343965,5.5127485012753965
3.0015501229204,3.0456950148960966
3.2914938769602244,0.5785357418633351
3.574910334178737,-1.8821814288389085
3.846124732874061,-4.3301699754170215
4.099860183608581,-6.759635177376513
4.331382550013182,-9.165449050056155
4.5365931467912155,-11.543257369785824
4.712068837511363,-13.88951876449011
4.855056519990714,-16.20148558388674
4.963433204127298,-18.4771416919623
5.035643950349282,-20.715113530124786
5.070628707885416,-22.91456897503318
5.0677466668440845,-25.0751151509041
5.026704032082591,-27.196702681302252
4.94748871336005,-29.279540636866862
4.8303135580343355,-31.324023974244955
4.67556846212634,-33.33067359392585
4.48378089990692,-35.30008814570499
4.255583988800941,-37.232906206940505
3.9916910367884597,-39.12977728676674
3.692875507534733,-40.991340138339744
3.359955414441887,-42.81820699757336
2.9937812721093944,-44.61095254935343
2.595226863509395,-46.37010661380699
2.1651822071668385,-48.09614972551063
1.7045482225608157,-49.78951093797261
1.2142326906000547,-51.45056732121261
0.6951471889942933,-53.079644732277934
0.14820475075053646,-54.67701952933616
-0.42568195037269,-56.2429209725242
-1.0256020388865568,-57.77753411204859
-1.6506476167862365,-59.281003008935244
-2.299914770322299,-60.75343416878036
-2.9725044692851363,-62.19490009592763
-3.667523406116805,-63.60544289639573
-4.3840848083268185,-64.98507787397817
-5.121309246878476,-66.33379707633154
-5.878325454810692,-67.65157275742231
-6.654271163875129,-68.93836073009403
-7.448293962010922,-70.1941035882695
-8.259552170741637,-71.41873378282548
-9.087215738818678,-72.61217653877723
-9.930467146459089,-73.7743526043271
-10.788502313180196,-74.90518082474087
-11.660531501395687,-76.00458053605286
-12.545780207507889,-77.07247377536243
-13.443490032128222,-78.10878730604192
-14.352919521214888,-79.11345445758039
-15.273344970278142,-80.08641678107155
-16.204061184322146,-81.02762552254237
-17.144382186828224,-81.9370429174246
-18.09364187180348,-82.8146433105019
-19.051194593691704,-83.66041410662594
-20.01641569074455,-84.47435655838396
-20.988701938258966,-85.25648639771966
-21.967471928881842,-86.00683431925505
-22.952166377949695,-86.72544632373311
-23.94224835255546,-87.4123839305974
-24.937203423704954,-88.06772426924621
-25.93653974153302,-88.69156005894402
-26.93978803408579,-89.28399948774613
-27.946501530635793,-89.84516600109477
-28.95625581087571,-90.3751980109815
-29.968648581632454,-90.87424853674716
-30.983299382953756,-91.34248478871203
-31.99984922554454,-91.7800877059049
-33.017960161570464,-92.18725145919474
-34.03731479080281,-92.56418293113457
-35.05761570395453,-92.91110118380982
-36.07858486485527,-93.22823692595223
-37.09996293283668,-93.5158319905436
-38.12150852635408,-93.77413883409731
-39.14299742846106,-94.00342006877696
-40.164221734287125,-94.20394803849388
-41.184988940152735,-94.37600445012127
-42.20512097340034,-94.51988007097196
-43.22445316143626,-94.6358745037036
-44.242833137879686,-94.72429604983269
-45.26011968312062,-94.78546167304087
-46.27618149601778,-94.81969707342378
-47.29089589294909,-94.82733688373452
-48.304147429992234,-94.80872499847166
-49.315826443702754,-94.76421504630711
-50.32582750582002,-94.69417101577667
-51.334047787326426,-94.59896804329142
-52.34038532768178,-94.4789933712761
-53.34473720583455,-94.33464748249312
-54.3469976108663,-94.16634541424138
-55.34705581195923,-93.97451825298889
-56.34479402989902,-93.75961480595576
-57.34008521565044,-93.52210344105595
-58.332790745779896,-93.26247408028591
-59.32275804974011,-92.98124032399326
-60.309818190339804,-92.67894167438737
-61.29378342610598,-92.35614581616512
-62.274444792643585,-92.01345090031349
-63.25156974934021,-91.65148776426597
-64.22489994755122,-91.27092200806001
-65.19414918627318,-90.87245583262346
-66.15900163063085,-90.45682953371332
-67.11911037643684,-90.02482253450394
-68.07409644963555,-89.57725383276878
-69.02354833149403,-89.11498173658309
-69.96702209778944,-88.63890276709851
-70.90404225189528,-88.14994961967668
-71.83410331675998,-87.64908809662947
-72.75667222891029,-87.137312956489
-73.67119154901712,-86.61564266574595
-74.57708346920671,-86.08511308790851
-75.47375455897638,-85.54677019895675
-76.36060115184303,-85.00166197413736
-77.23701523685554,-84.45082964409764
-78.10239068625057,-83.89529856377877
-78.9561296260854,-83.33606897070277
-79.79764874330145,-82.77410692659379
-80.62638532201505,-82.21033573541516
-81.4418028142734,-81.64562811144967
-82.24339577505904,-81.08079933451106
-83.03069402573949,-80.51660157901856
-83.80326595126746,-79.95371954406164
-84.56072088058636,-79.39276744797239
-85.30271054321697,-78.83428738853063
-86.02892963466378,-78.27874901334202
-86.73911555660598,-77.72655039764253
-87.43304742328182,-77.17801999095373
-88.11054444243736,-76.63341947044299
-88.77146378793564,-76.09294732713266
-89.41569808249926,-75.55674300993854
-90.04317260439933,-75.02489145998919
-90.65384232271154,-74.49742788160756
-91.24768885354544,-73.97434261454565
-91.82471741579066,-73.45558599257221
-92.38495385056937,-72.94107309466526
-92.92844175463041,-72.43068831557243
-93.45523976500306,-71.92428970146518
-93.96541902074469,-71.421713013261
-94.4590608177675,-70.9227754946363
-94.93625446456234,-70.42727933373887
-95.39709534009134,-69.93501481722517
-95.84168315005851,-69.44576318269372
-96.27012037401651,-68.95929918111626
-96.68251089313375,-68.4753933647624
-97.0789587867378,-67.99381411865278
-97.45956728478849,-67.51432945502027
-97.82443786305478,-67.03670859084644
-98.17366946783126,-66.56072332847616
-98.5073578574165,-66.08614925876992
-98.82559504818599,-65.61276680537426
-99.12846885385072,-65.14036212758994
-99.41606250733604,-64.66872789808556
-99.68845435559744,-64.19766397041019
-99.94571761857584,-63.72697794995287
-100.1879202043588,-63.25648568071893
-100.41512457343944,-62.78601165906625
-100.62738764573959,-62.31538938438721
-100.82476074478194,-61.84446165564485
-101.0072895740538,-61.373080821677185
-101.17501422120323,-60.901108992275816
-101.32796918624635,-60.42841821621951
-101.46618343044706,-59.954890631699314
-101.58968044295818,-59.480418593902215
-101.69847832269248,-59.00490478392211
-101.79258987322523,-58.528262302631965
-101.87202270882051,-58.050414752676254
-101.9367793699284,-57.57129631132035
-101.98685744671813,-57.09085179651909
-102.02224970940199,-56.609036728235296
-102.04294424426526,-56.1258173867458
-102.04892459445418,-55.64117086941212
-102.0401699046882,-55.15508514716383
-102.01665506915775,-54.66755912173848
-101.97835088194617,-54.178602684542014
-101.9252241893762,-53.688236777833254
-101.85723804372918,-53.19649345879404
-101.77435185782109,-52.70341596692025
-101.67652155994324,-52.209058795055945
-101.56369974869082,-51.713487764292736
-101.43583584720743,-51.2167801028663
-101.29287625637161,-50.719024529101894
-101.13476450644204,-50.22032133838848
-100.96144140666163,-49.72078249409722
-100.77284519229943,-49.22053172230199
-100.56891166858169,-48.719704610108934
-100.34957435093206,-48.218448707356124
-100.11476460090455,-47.716923631404846
-99.86441175715332,-47.215301174708664
-99.59844326074018,-46.71376541481689
-99.31678477403443,-46.21251282644368
-99.01936029241158,-45.71175239521378
-98.70609224790634,-45.21170573267997
-98.37690160392337,-44.71260719219641
-98.03170794005563,-44.21470398522555
-97.6704295260058,-43.7182562976544
-97.29298338355251,-43.22353740569897
-96.89928533544771,-42.730833790982544
-96.48925004007987,-42.24044525438545
-96.06279101068455,-41.75268502827935
-95.61982061783635,-41.26787988677843
-95.16025007390853,-40.78637025366212
-94.68398939814612,-40.30851030764886
-94.19094736096143,-39.83466808472579
-93.68103140603087,-39.36522557726532
-93.15414754875098,-38.9005788296827
-92.61020024959957,-38.441138030408084
-92.04909226094895,-37.9873275999581
-91.47072444589388,-37.539586274892706
-90.87499556769018,-37.09836718742765
-90.26180204845582,-36.664137940436
-89.63103769586796,-36.23738067750629
-88.98259339670358,-35.81859214762109
-88.31635677622441,-35.4082837638676
-87.63221182260745,-35.00698165537704
-86.93003847588058,-34.61522671139668
-86.20971218115231,-34.23357461600641
-85.4711034063395,-33.86259587147665
-84.71407712511865,-33.50287580759641
-83.93849226647599,-33.15501457344209
-83.1442011330413,-32.81962710696618
-82.33104879139279,-32.49734307640502
-81.49887243876239,-32.18880678577144
-80.6475007521031,-31.89467703453287
-79.77675322737011,-31.615626918881173
-78.88643951919278,-31.35234355866377
-77.97635879397232,-31.105527729927793
-77.04629911294332,-30.87589337796707
-76.09603686602419,-30.66416697956168
-75.12533628251303,-30.471086715536867
-74.13394905104796,-30.29740140558098
-73.12161408896058,-30.143869146158167
-72.08805751044548,-30.011255579006257
-71.03299285410617,-29.90033170178253
-69.95612164368012,-29.81187111356978
-68.85713437133616,-29.74664656588273
-67.73571201106061,-29.70542566431947
-66.59152819036733,-29.688965537076367
-65.42425217172348,-29.69800625451219
-64.23355282016942,-29.733262749666647
-63.019103759559144,-29.79541495478499
-61.78058994478126,-29.88509583634332
-60.51771589819894,-30.002876985352444
-59.2302158707765,-30.149251407635624
-57.91786618533859,-30.32461316997821
-56.58049999214978,-30.529233605568248
-55.21802460396561,-30.763233882600105
-53.830441465105146,-31.026553912979182
-52.41786863210657,-31.318917844699012
-50.98056538886219,-31.639796760113605
-49.51895827949103,-31.9883697024912
-48.033667422819434,-32.36348476604422
-46.525531499080664,-32.76362267123248
-44.99562932677864,-33.1868659274464
-43.44529556288451,-33.63087723203994
-41.87612787827757,-34.09289100067853
-40.28998310824287,-34.569721688077536
-38.68896045642229,-35.057791695094195
-37.07537087250192,-35.55318012255135
-35.45169315197307,-36.05169153748332
-33.82051891813878,-36.54894155765275
-32.184490142803206,-37.04045386875726
-30.546233920902406,-37.52176173170811
-28.90829959004405,-37.988506471054016
-27.273102892169202,-38.436525987005794
-25.642880813816234,-38.861927857290574
-24.019659267183187,-39.26114372751065
-22.405234204104197,-39.630963971731966
-20.801165375380755,-39.96855362407258
-19.208780945649874,-40.271452063756605
-17.62919061517135,-40.53755978060582
-16.06330474840413,-40.76511580295513
-14.511857166929465,-40.95266917349396
-12.975429613073505,-41.099047378859645
-11.454476323221314,-41.203324030090855
-9.949347585820654,-41.264787469962485
-8.46031154822042,-41.282911423526954
-6.9875738546042365,-41.25732834635494
-5.53129493894363,-41.18780577041063
-4.091604968095122,-41.07422569295354
-2.6686165424301524,-40.91656688378419
-1.2624353277929805,-40.71488988245789
0.12683117457780385,-40.469324402557106
1.4990665038524504,-40.18005884002769
2.8541395501262588,-39.84733158526967
4.191900102820388,-39.47142385536524
5.5121754588910195,-39.05265378725418
6.814767933183418,-38.59137156054721
8.09945313348693,-38.08795534721538
9.365978881776027,-37.54280791290765
10.614064680187091,-36.9563537201799
11.84340163525273,-36.329036407021135
13.053652766786735,-35.66131653461301
14.244453638705926,-34.953669516326165
15.415413258183342,-34.20658365572107
16.566115197076094,-33.42055823501108
17.6961188957936,-32.596101607308256
18.804961114894446,-31.73372925624944
19.892157503934307,-30.833961795516768
20.95720426062779,-29.897322888529455
21.999579856409156,-28.924337075375952
23.018746807139728,-27.915527500044128
24.014153470156295,-26.87141353634277
24.985235851217077,-25.79250831573053
25.93141940730124,-24.67931616471403
26.852120833772013,-23.532329963681157
27.746749827236666,-22.352028443139435
28.614710818646902,-21.138873437488705
29.45540467490488,-19.893307120843946
30.268230371609697,-18.615749254239027
31.05258664475013,-17.306594479017487
31.807873635298094,-15.966209697627555
32.533494547988155,-14.59493159070971
33.22885735431974,-13.193064328678004
33.89337658026643,-11.760877547397216
34.526475231636084,-10.298604671560936
35.12758692484917,-8.806441686560584
35.69615830846696,-7.284546480637188
36.231651881487714,-5.733038904586499
36.73354933857308,-4.15200172687521
37.20135560019043,-2.5414826982265404
37.63460371713896,-0.9014979817676335
38.03286087362465,0.7679627476142252
38.395735749812324,2.46692917920479
38.72288754136598,4.19544080869391
39.01403696600996,5.953534487440093
39.26897960939398,7.741228580451456
39.48760196517579,9.55850321924703
39.66990049391542,11.405276161624641
39.816003944175364,13.281373861955876
39.92619902465974,15.186497543923224
40.00095926271385,17.12018438844992
40.04097650722035,19.08176443863847
40.04719401627965,21.070314506407716
40.02083941560017,23.084611241530414
39.96345506184584,25.123086544138683
39.87692258871635,27.183789546110393
39.76347780799921,29.264360247724134
39.625711895159576,31.362020287397534
39.466555140534304,33.47358592780066
39.28924067175611,35.59550691133794
39.097247482560526,37.723932317656896
38.89422464117363,39.854801199307985
38.68390125631068,41.983952166741766
38.469989050013915,44.10724304726335
38.25608564728751,46.2206700339244
38.0455865987786,48.320475837539966
37.84161272916209,50.4032382290481
37.64695703367338,52.465933496598076
37.46405262041196,54.505972946680316
37.29496070615824,56.52121386046925
37.14137583265,58.50994872288244
37.00464444431219,60.47087785618794
36.885792702212896,62.403070893004326
36.78555971210095,64.3059220761087
36.7044329841902,66.1791034892866
36.64268371192594,68.0225192819346
36.60040020771236,69.8362629471292
36.57751847967048,71.6205788599242
36.57384944017744,73.37582862256312
36.58910260359789,75.10246229360762
36.62290637526516,76.8009942720221
36.674825181648835,78.47198342949355
36.74437376821797,80.11601699962243
36.83102901890046,81.73369771105088
36.93423964677167,83.32563366960028
37.053434082649346,84.8924305349134
37.18802685569035,86.43468558812374
37.337423723878025,87.95298334104346
37.50102577619444,89.44789238962791
37.67823269443995,90.9199632624877
37.86844533217914,92.36972705780842
38.07106774156178,93.79769469889564
38.285508755781414,95.20435666988949
38.51118321545331,96.59018311945886
38.747512910863136,97.95562424207813
38.99392729846625,99.30111086442348
39.249864038812056,100.6270551790891
39.514769393867496,101.93385157974956
39.7880985141904,103.22187756155313
40.06931564027588,104.4914946583257
40.35789423742213,105.74304939443553
40.65331707943268,106.97687423420199
40.955076293217886,108.19328851575919
41.26267337373755,109.39259935950345
41.575619176621835,110.57510254381678
41.893433894122424,111.74108334279786
42.21564701870173,112.89081732234744
42.541797297499926,114.02457109223371
42.871432680075856,115.14260301276967
43.204110261154504,116.24516385552471
43.5393962195971,117.33249741810899
43.87686575441072,118.40484109354703
44.216103018309816,119.46242639512438
44.556701049113535,120.50547943786974
44.89826169909461,121.53422137804345
45.24039556227606,122.54886881215542
45.58272189958986,123.54963413714249
45.92486856175997,124.5367258734075
46.266471909743444,125.51034895246451
46.607176732552105,126.47070497095602
46.94663616227982,127.41799241280998
47.28451158617245,128.35240684129244
47.62047255559663,129.27414106268904
47.954196691787715,130.18338526331578
48.28536958828326,131.08032712152058
48.613684709977235,131.96515189629264
48.93884328875806,132.83804249404687
49.260554215721605,133.6991795150991
49.57853392997701,134.54874128129265
49.892506304088016,135.3869038461802
50.202202526215366,136.21384098910738
50.50736097904683,137.0297241944861
50.807727115619265,137.83472261748577
51.1030533321534,138.62900303731323
51.39309883803529,139.41272979919228
51.67762952308956,140.18606474609555
51.956417822298455,140.94916714122476
52.22924257812747,141.70219358217787
52.49588890062295,142.44529790768638
52.7561480254502,143.17863109775163
53.00981717004168,143.90234116795543
53.25669938802495,144.61657305866888
53.496603422098225,145.3214685198328
53.72934355551899,146.01716599193395
53.954739462367506,146.70380048375497
54.172616056742704,147.38150344742937
54.3828033410429,148.05040265128977
54.58513625347845,148.71062205095583
54.779454514957756,149.36228165906707
54.96560247548181,150.00549741402824
55.14342896017691,150.64038104809825
55.31278711508885,151.26703995511858
55.47353425285641,151.88557705814426
55.625531698376356,152.4960906772107
55.76864463456713,153.09867439743851
55.90274194833365,153.69341693765395
56.0276960768316,154.28040201967488
56.14338285412611,154.85970823839105
56.249681358336595,155.4314089327447
56.34647375935771,155.99557205769884
56.433645167244705,156.55226005726317
56.5110834813511,157.10152973863154
56.578679240306684,157.6434321474723
56.6363254729253,158.17801244440096
56.683917550133664,158.70530978265504
56.72135303801592,159.22535718698416
56.74853155207242,159.73818143376303
56.76535461279658,160.24380293233165
56.77172550267969,160.74223560756658
56.76754912476099,161.2334867836882
56.752731862848485,161.71755706931268
56.72718144354598,162.19444024376332
56.69080680023186,162.66412314466413
56.64351793914778,163.12658555684973
56.58522580776793,163.58180010263862
56.51584216563445,164.02973213353334
56.43527945785977,164.47033962342877
56.343450691513844,164.90357306343287
56.24026931513236,165.32937535842666
56.125649101601624,165.74768172551794
55.99950403469635,166.15841959457455
55.86174819956918,166.5615085110536
55.71229567751373,166.95686004138165
55.55106044534792,167.34437768117854
55.37795627979015,167.72395676666056
55.19289666722796,168.09548438960363
54.995794719307256,168.45883931629635
54.786563094798844,168.81389191096378
54.56511392822997,169.1605040641976
54.33135876579866,169.4985291269854
54.08520850912066,169.82781185099267
53.82657336739048,170.1481883358122
53.55536281857006,170.45948598396137
53.271485580250584,170.76152346447427
52.97484959086417,171.0541106860024
52.66536200195301,171.33704878040788
52.34292918223257,171.61013009790142
52.00745673421322,171.8731382148465
51.65884952416956,172.12584795541906
51.297011726269304,172.36802542837708
50.92184688169196,172.59942808025858
50.5332579735821,172.8198047663837
50.13114751869098,173.02889584109124
49.71541767656363,173.2264332686857
49.285970377124855,173.4121407566101
48.84270746750575,173.58573391238843
48.3855308789323,173.74692042589837
47.91434281446705,173.89540027854005
47.42904595835359,174.0308659808545
46.92954370766063,174.153002840118
46.41574042685609,174.26148925939182
45.88754172586158,174.35599706943748
45.344854762043,174.4361918948192
44.78758856648215,174.50173355539783
44.215654394748185,174.55227650428057
43.62896610224408,174.58747030312028
43.02744054404355,174.60696013546246
42.41099799895689,174.61038735860768
41.77956261737121,174.59739009420244
41.13306289220137,174.5676038574824
40.471432152064644,174.52066222477578
39.7946090755553,174.45619753853072
39.1025382252476,174.3738416487589
38.39517059979904,174.273226689395
37.672464202263285,174.15398588765663
36.93438462245724,174.01575440406276
36.180905630962904,173.8581702003265
35.41200978208684,173.6808749318973
34.62768902285163,173.4835148614852
33.82794530486105,173.26574178946854
33.01279119566805,173.0272139966744
32.182250486086765,172.76759719463217
31.33635878973426,172.486565478051
30.4751641309661,172.18380227396187
29.59872751729091,171.85900128171176
28.707123492314047,171.51186739780246
27.800440665275573,171.14211761944279
26.87878221331477,170.74948192063457
25.942266352715276,170.3337040946466
24.99102677556316,169.89454255685294
24.025213048484616,169.43177110212255
23.04499097042012,168.94517961125112
22.050542886735425,168.4345747013219
21.042067957363624,167.89978031536478
20.019782377111863,167.34063824725465
18.983919546745888,166.75700859843693
17.934730193978332,166.14877016378833
16.87248244402522,165.5158207447016
15.797461839950856,164.85807738831267
14.709971313585426,164.17547655265682
13.610331108362454,163.4679741984304
12.498878655975728,162.73554580893486
11.375968409287392,161.9781863406726
10.241971634421636,161.19591010793638
9.097276165443002,160.38875060557143
7.942286125436252,159.55676027487414
6.777421618168971,158.7000102183152
5.603118394821689,157.81858986942174
4.419827500507905,156.91260662471245
3.2280149054732648,155.98218544504505
2.0281611259558376,155.0274684340926
0.8207608397052726,154.0486144019148
-0.3936774989038748,153.04579842172097
-1.6146320393708504,152.01921138793531
-2.841567906606032,150.96905958356368
-4.073937559231708,149.89556426463116
-5.311181130745698,148.79896126910464
-6.552726750095861,147.67950065724136
-7.7979908387335435,146.5374463897118
-9.046378381802155,145.37307604913886
-10.297283171769578,144.1866806098781
-11.55008802352585,142.97856425994038
-12.804164960735584,141.74904427793655
-14.05887537405267,140.4984509668052
-15.313570152666525,139.22712764488261
-16.56758979154742,137.935430693591
-17.820264477684994,136.62372965967094
-19.070914159559255,135.29240740847504
-20.31884860503592,133.94186032338575
-21.563367453825137,132.57249854493588
-22.8037602715692,131.18474624171216
-24.039306613514064,129.77904190363185
-25.26927610655185,128.35583864671955
-26.492928559175542,126.91560451710437
-27.709514109539356,125.45882278063519
-28.918273422342814,123.98599218330367
-30.118437945626717,122.49762716660796
-31.309230238756616,120.99425802112145
-32.48986438284616,119.47643096088643
-33.659546484610885,117.9447081008754
-34.81747528411768,116.39966731968802
-35.96284287608329,114.84190198991759
-37.09483555326008,113.27202055925883
-38.2126347790163,111.69064596646767
-39.31541829446958,110.09841487773807
-40.40236136346995,108.49597673094523
-41.472638156370785,106.88399257751117
-42.52542327090016,105.26313371436314
-43.5598933855911,103.63408010154647
-44.5752290382011,101.99751856447195
-45.570616518413814,100.35414078346214
-46.54524986094358,98.70464107713093
-47.49833292204237,97.04971399009334
-48.429081519428564,95.39005169945494
-49.336725612911515,93.7263412583572
-50.220511500568556,92.05926169844146
-51.0797040033285,90.38948101632243
-51.91358860930901,88.71765307191876
-52.721473548307024,87.04441442867547
-53.502691766503524,85.37038116723998
-54.25660277174241,83.69614570495735
-54.98259432068644,82.02227365358372
-55.68008392072366,80.34930074686517
-56.34852012165564,78.67772986809581
-56.98738357488257,77.00802820549337
-57.596187840928444,75.34062456026837
-58.174479929624376,73.67590682869672
-58.72184056098048,72.01421967543638
-59.23788413860959,70.35586241086409
-59.72225843140003,68.70108708047397
-60.17464396285363,67.05009676949196
-60.59475311099818,65.40304412094234
-60.982328924952924,63.760030060559814
-61.337143666984865,62.12110271727434
-61.65899709117396,60.486256523582206
-61.947714471554896,58.85543147602077
-62.20314439378591,57.22851253222329
-62.42515632499357,55.60532911766662
-62.613637976453305,53.98565471223569
-62.76849247319732,52.3692064840942
-62.889635343516126,50.755644936032844
-62.97699133966389,49.144573527410095
-63.030491098925204,47.535538232938926
-63.05006765158724,45.92802699782875
-63.03565277932189,44.32146904707923
-62.98717322405298,42.715234004951974
-62.90454674359553,41.108630778725896
-62.78767800623641,39.50090615868191
-62.636454312008645,37.891243083778924
-62.45074112372257,36.27875851960435
-62.230377385895004,34.66250089185461
-61.975170604612174,33.041447014804405
-61.68489165615458,31.4144984499827
-61.35926928702898,29.78047722569004
-60.99798426309915,28.138120843277285
-60.60066312111089,26.486076491645466
-60.16687147258066,24.82289438786175
-59.69610680856453,23.147020160154355
-59.187790755478375,21.456786191476258
-58.641260738791175,19.75040184983555
-58.055761025931226,18.025942549543835
-57.43043314647248,16.281337621319388
-56.764305733145115,14.51435702771388
-56.05628390125452,12.72259705705334
-55.30513840135927,10.903465284170547
-54.50949496233767,9.054165329759023
-53.66782452137805,7.171682326752026
-52.77843546074126,5.252770576886223
-51.83946960524424,3.293945747120399
-50.848904672127354,1.291485244346507
-49.804567228821256,-0.7585577087981518
-48.70416215164607,-2.8603180835238535
-47.545327234361324,-5.0180492184280245
-46.32572503076371,-7.236002409488627
-45.04318801900762,-9.518233494548177
-43.69593688467364,-11.868308654235834
-42.28289297299204,-14.288879584712022
-40.80410044392438,-16.781105399863492
-39.261254432034704,-19.343924782407516
-37.65829058267938,-21.973238268145018
-36.001926291463135,-24.661150762060664
-34.30197110105678,-27.39552617371636
-32.57118979832707,-30.160154574737387
-30.824570899048677,-32.93573814732984
-29.078049039704233,-35.70163180520682
-27.346971191089818,-38.43793978062734
-25.644724519272373,-41.127391603605226
-23.98186044766898,-43.75653580520061
-22.365820206225962,-46.3161069720047
-20.80115077019379,-48.80072084097757
-19.29000161148307,-51.2081874174448
-17.832707941513192,-53.53870990474975
-16.4283342877284,-55.794142275678254
-15.075120603558876,-57.977383671990474
-13.770819313606191,-60.091924223421046
-12.512935160169176,-62.141524878190204
-11.29888780131579,-64.13000307951674
-10.126117120940116,-66.06109642719638
-8.992147981956622,-67.93838113704145
-7.894627236480899,-69.76522764721007
-6.831342293564535,-71.54478063662643
-5.800227763076268,-73.27995458756307
-4.799364633292592,-74.97343887301598
-3.826974972643503,-76.62770836616471
-2.8814141282300443,-78.24503696036663
-1.9611616999283437,-79.82751233054132
-1.064812102087053,-81.37705089642031
-0.19106521410782543,-82.89541236377272
0.6612825835080739,-84.38421349082167
1.4933468244003585,-85.84494090145682
2.306162745243723,-87.27896287701354
3.1006924245552905,-88.6875401262116
3.877831280620702,-90.07183557297034
4.638413956959246,-91.4329232240004
5.383219634055959,-92.77179618878958
6.112976810699355,-94.08937392812503
6.828367599307316,-95.38650880643598
7.530031578506617,-96.66399201983143
8.21856924387492,-97.9225589669258
8.894545094756248,-99.1628941241447
9.55849039180457,-100.38563548164583
10.210905616635408,-101.59137859055828
10.852262661817736,-102.78068026709022
11.483006776502462,-103.95406199425953
12.103558290303289,-105.1120130575909
12.71431413564009,-106.25499344709252
13.315649186627203,-107.38343655415366
13.907917430733372,-108.49775168865781
14.491452987844998,-109.59832643854917
15.066570990015906,-110.68552889128226
15.633568334069752,-111.75970973399014
16.19272431831972,-112.82120424678895
16.744301173968605,-113.87033420136608
17.288544501234906,-114.90740967484764
17.825683619901024,-115.93273078688632
18.355931843781626,-116.94658936593753
18.879486688545562,-117.9492705487865
19.39653002237475,-118.94105431555033
19.907228169086693,-119.92221696060467
20.411731973560926,-120.89303249818502
20.910176839567544,-121.85377399980257
21.40268275037033,-122.80471485911109
21.889354282736825,-123.74612997849736
22.370280625200476,-124.67829687046816
22.845535611551693,-125.60149666591315
23.315177780550545,-126.51601502056985
23.77925047271981,-127.42214291054498
24.237781974761862,-128.32017730759173
24.690785721617523,-129.2104217250399
25.138260565428013,-130.0931866258487
25.580191119656533,-130.96878968521986
26.016548185368634,-131.83755590157432
26.447289265164844,-132.69981755144678
26.872359168521548,-133.5559139859678
27.291690710356367,-134.40619126903127
27.705205502533165,-135.25100165993157
28.112814835812443,-136.09070294611766
28.514420647498365,-136.92565763466052
28.909916567803798,-137.75623201396564
29.299189035825083,-138.58279510007117
29.682118474063667,-139.40571748445123
30.05858050872553,-140.22537010248303
30.428447221636503,-141.04212294354483
30.791588418587104,-141.85634372500954
31.14787289830522,-142.66839655312745
31.497169706072683,-143.47864059391708
31.83934935625935,-144.28742877669538
32.17428500873326,-145.0951065517977
32.501853585188,-145.9020107224031
32.82193681286352,-146.70846836826132
33.13442218486416,-147.51479587659605
33.43920382823075,-148.32129809263336
33.73618327302558,-149.12826759918266
34.025270117864224,-149.93598413158773
34.30638258950177,-150.74471413127418
34.579447996181905,-151.55471043814666
34.84440307642562,-152.36621211931805
35.10119424671934,-153.17944442915854
35.34977775312145,-153.9946188934856
35.590119733113816,-154.81193350891598
35.822196195066404,-155.63157304698416
36.045992923454676,-156.45370945160283
36.26150531847807,-157.2785023177876
36.46873817898905,-158.10609943926332
36.6677054376774,-158.9366374125855
36.858429857291725,-159.77024228570167
37.04094269634806,-160.6070302394018
37.21528335230726,-161.44710829082138
37.381498989627694,-162.2905750090144
37.53964415944952,-163.13752123357074
37.689780416967686,-163.98803078826538
37.831975941828134,-164.84218118277016
37.966305166157085,-165.70004429649345
38.09284841412382,-166.5616870396205
38.21169155625828,-167.4271719873864
38.32292568110634,-168.29655798450648
38.42664678621625,-169.16990071751061
38.522955489913905,-170.0472532534684
38.611956764845836,-170.92866654424824
38.69375969384694,-171.81418989602875
38.7684772483248,-172.70387140427184
38.83622608904117,-173.59775835478416
38.897126388911374,-174.49589759183507
38.951301677229225,-175.3983358545774
38.99887870455554,-176.30512008323439
39.039987327377354,-177.2162976966799
39.074760411547786,-178.13191684315734
39.10333375345005,-179.05202662596028
39.125846017787985,-179.9766773059412
39.14243869088644,-180.90592048273055
39.15325604838452,-181.839809256541
39.15844513621926,-182.7783983724044
39.15815576382472,-183.72174434864957
39.15254050850851,-184.66990559137747
39.14175473001238,-185.62294249663094
39.1259565943148,-186.58091754189277
39.10530710578785,-187.54389536847964
39.079970146879155,-188.51194285633167
39.05011252454939,-189.48512919263135
39.01590402275699,-190.4635259356216
38.97751746034288,-191.44720707493053
38.935128753729586,-192.43624908965467
38.88891698390965,-193.4307310053978
38.83906446725866,-194.43073445141684
38.78575682976696,-195.4363437189816
38.72918308434298,-196.44764582201995
38.66953571089804,-197.46473056108763
38.6070107389794,-198.4876905916769
38.54180783277391,-199.5166214978584
38.474130378360265,-200.55162187223732
38.40418557314259,-201.5927934031963
38.332184517453065,-202.6402409703967
38.258342308366224,-203.69407274951288
38.1828781358229,-204.754400327185
38.10601538121769,-205.82133882719182
38.02798171866063,-206.89500704886674
37.949009219181704,-207.9755276188097
37.869334458206254,-209.06302715698214
37.78919862669025,-210.15763645831368
37.70884764636764,-211.25949069099812
37.62853228962691,-212.36872961271186
37.54850830460182,-213.48549780605057
37.469036546131456,-214.60994493455198
37.39038311331796,-215.7422260207502
37.312819494486334,-216.88250174779674
37.23662272043016,-218.03093878627826
37.162075526909256,-219.18771014796937
37.08946652745108,-220.35299556837347
37.01909039759622,-221.52698192003223
36.95124807181941,-222.70986365872105
36.88624695445107,-223.90184330479514
36.824401146019596,-225.10313196211044
36.76603168652948,-226.31394987711104
36.711466817285206,-227.5345270408534
36.661042262961864,-228.76510383692425
36.61510153570896,-230.00593173840142
36.573996263149795,-231.25727405720167
36.53808654220044,-232.51940674935486
36.507741320672935,-233.79261927992832
36.483338808638926,-235.0772155514977
36.465266921501055,-236.37351490019938
36.45392375663586,-237.6818531635004
36.449718105314744,-239.00258382385212
36.4530700013547,-240.33607923233401
36.464411307565854,-241.6827319162021
36.48418634050752,-243.04295597388162
36.5128525332857,-244.41718856032736
36.55088113505266,-245.80589146472096
36.59875794441564,-247.20955278107996
36.65698407200994,-248.62868867036497
36.72607672489382,-250.0638452098971
36.80657000198408,-251.5156003220885
36.89901568522547,-252.9845657693139
37.00398400525138,-254.47138919478746
37.12206435253771,-255.9767561800039
37.253865894948255,-257.5013922769447
37.400018049447276,-259.0460649569271
37.56117073876191,-260.6115853965134
37.737994341846225,-262.19880999283197
37.931179218805454,-263.80864146413177
38.14143465486901,-265.4420293441366
38.36948702213435,-267.09996961803245
38.616076899939536,-268.7835031705419
38.88195482248695,-270.4937126189905
39.16787523343372,-272.2317169830279
39.47458811986285,-273.99866349481977
39.8028276721024,-275.7957156779771
40.153297174021965,-277.62403662297834
40.52664917889853,-279.48476617126704
40.923459886024474,-281.37899051163555
41.34419653452683,-283.3077025323062
41.789176625793374,-285.27175123010954
42.25851795456744,-287.27177866236894
42.75207888337385,-289.3081434905241
43.269389175766705,-291.38083130059374
43.80957315707597,-293.4893537989823
44.37126909525853,-295.6326418166321
44.95255144443439,-297.80894076291025
45.55086565105238,-300.0157213344199
46.162987873339574,-302.24962194361507
46.785023088035544,-304.50644096584944
47.41245336175375,-306.78119474230294
48.04024263975667,-309.06825006294554
48.66299546994917,-311.3615278594456
49.2751564689669,-313.654760542777
49.87122820799732,-315.94177311810154
50.44598078588279,-318.2167523080877
50.99462836728796,-320.47447072312315
51.51295562267466,-322.71044356082
51.9973874948093,-324.92100953532645
52.44500564101794,-327.1033411044268
52.85352180494099,-329.255398256736
53.2212214297658,-331.3758440598886
53.54689060226442,-333.4639396679415
53.82973715509274,-335.51943326310857
54.069313701423816,-337.5424531721476
54.26544742038963,-339.53341135498437
54.418179016028176,-341.4929202255025
54.527711567421726,-343.4217234923376
54.594368911731166,-345.3206403020337
54.61856261399653,-347.19052122584833
54.600766327817894,-349.0322143445429
54.541496313022705,-350.8465396780144
54.441296956951575,-352.634270351255
54.30073028252757,-354.3961191004939
54.12036858024318,-356.13272895224634
53.90078945089282,-357.84466712521527
53.64257268055606,-359.5324213972202
53.34629848491952,-361.1963983421182
53.012546756183404,-362.83692297543917
52.641897024100786,-364.4542394549986
52.234928905510266,-366.04851256778466
51.792222866582094,-367.6198298007554
51.31436116129828,-369.1682038443499
50.80192884053364,-370.6935754165512
50.25551475027354,-372.1958163247967
49.67571245645253,-373.6747327049861
49.063121048798486,-375.13006839296094
48.418345787846356,-376.5615083954386
47.7419985686719,-377.9686824355351
47.03469818244995,-379.3511685535063
46.29707036309584,-380.708496746831
45.529747611329356,-382.04015263574905
44.73336879275342,-383.3455811412491
43.908578510146164,-384.6241901625817
43.05602625325666,-385.87535424090896
42.176365332066204,-387.0984181948774
41.270251601792395,-388.29270071288147
40.338341989917005,-389.4574978856897
39.38129283723742,-390.592086662042
38.39975806639245,-391.6957282088672
37.39438719250571,-392.76767115698533
36.36582319152859,-393.8071547125983
35.3147002425546,-394.8134116145712
34.24164136082059,-395.7856709174999
33.147255938316384,-396.723160580865
32.03213720890182,-397.62510984520884
30.896859654596685,-398.49075137724736
29.741976369286466,-399.31932316715836
28.568016395506792,-400.11007016297344
27.375482049272378,-400.86224562906676
26.164846247154525,-401.57511221818777
24.93654984905045,-402.24794274936875
23.69099902940965,-402.88002068739166
22.428562689189725,-403.4706403233975
21.149569920632597,-404.0191066607645
19.85430753723971,-404.52473501571797
18.54301768227788,-404.9868503484574
17.215895531011707,-405.4047863481746
15.873087104942968,-405.77788430454746
14.514687221031792,-406.10549180961004
13.140737605670205,-406.3869613479544
11.751225212697506,-406.6216488508219
10.34608079777203,-406.8089123118458
8.925177818928166,-406.9481105903399
7.488331756374689,-407.0386025637555
6.035299975034908,-407.07974683630704
4.565782292805591,-407.07090226827336
3.0794224681478806,-407.0114296630022
1.5758108848054087,-406.9006950394075
0.05448879165257364,-406.7380750300373
-1.485045445870415,-406.5229650814592
-3.0433275082945883,-406.254791296185
-4.620914987507984,-405.9330269419494
-6.218371093391131,-405.5572148572796
-7.8362431878508705,-405.12699718415206
-9.475035001940423,-404.64215402488804
-11.135171324158206,-404.10265269225425
-12.816954008851642,-403.50870910548844
-14.520508439175325,-402.8608624442067
-16.245720217401345,-402.1600632263178
-17.992162994814695,-401.4077733179066
-19.759020125773198,-400.6060738311305
-21.54500527683835,-399.75777337090847
-23.348290076084925,-398.8665048996995
-25.166449841086635,-397.9367953363747
-26.996440443933718,-396.97408922394277
-28.83461919949382,-395.98470818061634
-30.67681911569186,-394.97573305950743
-32.51847850329995,-393.9548063546141
-34.35481783890258,-392.92986690629124
-36.1810455352126,-391.9088436126486
-37.992567310778014,-390.8993447720873
-39.785172801715476,-389.90838111607644
-41.5551783708576,-388.9421529135145
-43.29951474336979,-388.0059176070946
-45.015758762052215,-387.10393909810426
-46.70211712290131,-386.2395074456825
-48.35737478550814,-385.4150107378101
-49.98082184623218,-384.63203924645796
-51.57217106431567,-383.8915042078634
-53.131475287406644,-383.19375775164764
-54.6590508398084,-382.5387050550071
-56.15541018209928,-381.92590375868735
-57.62120509280534,-381.3546486580288
-59.05718026591646,-380.824041661338
-60.46413643742018,-380.33304816210074
-61.84290178928985,-379.8805415270845
-63.19431028444,-379.4653375664847
-64.51918564813882,-379.08622078608505
-65.81832985193235,-378.7419640373602
-67.0925151256075,-378.4313429513719
-68.34247869229617,-378.1531463082923
-69.56891957664905,-377.9061832785191
-70.77249696988814,-377.6892882832266
-71.95382974726563,-377.50132406417487
-73.11349682440508,-377.3411834231595
-74.25203811172324,-377.20778998735165
-75.36995588350759,-377.10009827410335
-76.46771642302927,-377.017093263807
-77.54575183977292,-376.95778963869924
-78.60446198156367,-376.9212308061944
-79.64421638479338,-376.90648779500606
-80.66535622148855,-376.91265808901977
-81.66819621372927,-376.9388644460544
-82.65302649479193,-376.98425373506643
-83.62011440302977,-377.0479958150431
-84.5697061994501,-377.1292824710449
-85.50202870360108,-377.22732641701384
-86.41729084505975,-377.3413603706104
-87.31568512975142,-377.47063620212907
-88.19738902171711,-377.61442415720177
-89.06256624191528,-377.77201215132703
-89.9113679863057,-377.9427051330983
-90.74393406589748,-378.1258245122236
-91.56039397170916,-378.3207076479454
-92.360867867735,-378.52670739319933
-93.14546751507027,-378.74319168974876
-93.91429713034691,-378.9695432095526
-94.66745418158803,-379.20515903772935
-95.40503012451924,-379.4494503926533
-96.12711108228712,-379.70184237893585
-96.83377847143801,-379.96177376928887
-97.5251095769085,-380.2286968115337
-98.20117807867612,-380.5020770572911
-98.86205453261708,-380.7813932091658
-99.50780680802028,-381.06613698351475
-100.13850048411099,-381.3558129861562
-100.754199207848,-381.64993859863927
-101.35496501517103,-381.9480438729435
-101.94085861779331,-382.24967143271704
-102.51193965755571,-382.55437637938724
-103.06826693028387,-382.86172620169117
-103.60989858101767,-383.1713006873712
-104.13689227241396,-383.4826918359652
-104.64930532805569,-383.795503771794
-105.14719485233681,-384.10935265640256
-105.6306178285284,-384.4238665998596
-106.09963119657073,-384.7386855704482
-106.55429191207469,-385.0534613024008
-106.99465698795767,-385.3678572014385
-107.42078352007988,-385.68154824797034
-107.83272869818975,-385.99422089789414
-108.23054980343088,-386.305572981014
-108.61430419360576,-386.615313597157
-108.9840492773377,-386.9231630101283
-109.33984247821637,-387.22885253969014
-109.68174118995964,-387.53212445179565
-110.0098027235708,-387.8327318473381
-110.32408424741827,-388.1304385497064
-110.62464272111352,-388.4250189914591
-110.91153482401275,-388.7162581004452
-111.18481687911832,-389.00395118571157
-111.4445447731081,-389.28790382354526
-111.6907738731731,-389.5679317440009
-111.92355894129845,-389.8438607182648
-112.1429540465777,-390.11552644720445
-112.34901247610685,-390.38277445144536
-112.54178664496256,-390.6454599633109
-112.72132800572763,-390.9034478209506
-112.88768695798771,-391.15661236497135
-113.04091275818443,-391.4048373378725
-113.18105343017325,-391.6480157865744
-113.3081556767987,-391.8860499683126
-113.42226479276525,-392.1188512601584
-113.52342457904828,-392.34634007240777
-113.61167725905865,-392.56844576606744
-113.68706339674222,-392.7851065746505
-113.74962181676706,-392.99626953047874
-113.79938952692173,-393.20189039567254
-113.83640164282052,-393.4019335979961
-113.86069131498473,-393.5963721717098
-113.87228965834328,-393.78518770356743
-113.87122568417072,-393.96837028408504
-113.85752623445634,-394.14591846419154
-113.83121591867436,-394.3178392173634
-113.79231705290174,-394.4841479073319
-113.74084960120793,-394.64486826144173
-113.6768311192177,-394.80003234973236
-113.60027669972705,-394.9496805698016
-113.51119892022923,-395.09386163750725
-113.4096077921873,-395.2326325835533
-113.29551071186688,-395.3660587560047
-113.16891241252165,-395.4942138287672
-113.0298149177016,-395.6171798160701
-112.87821749543247,-395.73504709298305
-112.71411661299142,-395.8479144220025
-112.5375058919819,-395.95588898574005
-112.34837606338631,-396.05908642575
-112.14671492225166,-396.157630887535
-111.93250728163818,-396.2516550717748
-111.70573492543544,-396.34130029182955
-111.4663765596243,-396.4267165375765
-111.21440776153544,-396.5080625456491
-110.94980092662725,-396.58550587615935
-110.67252521227623,-396.6592229959956
-110.3825464780429,-396.7293993688062
-110.07982722184452,-396.7962295517912
-109.76432651143338,-396.8599172994482
-109.43599991054514,-396.92067567443445
-109.09479939904716,-396.97872716573085
-108.74067328638003,-397.03430381431934
-108.37356611754842,-397.0876473466061
-107.99341857087916,-397.139009315854
-107.60016734672487,-397.18865125191365
-107.19374504625242,-397.23684481957076
-106.77408003941427,-397.28387198585807
-106.34109632116196,-397.3300251967078
-105.8947133549201,-397.3756075633478
-105.43484590230217,-397.4209330588711
-104.9614038380119,-397.4663267254296
-104.47429194884165,-397.51212489251844
-103.97340971565022,-397.5586754068282
-103.45865107717968,-397.6063378741384
-102.92990417455718,-397.65548391371243
-102.38705107532441,-397.7064974256202
-101.82996747584885,-397.7597748713564
-101.25852238100168,-397.815725568038
-100.67257776004185,-397.8747719963362
-100.07198817773117,-397.93735012212613
-99.45660039983117,-398.00390973159756
-98.82625297230648,-398.0749147792609
-98.18077577379792,-398.15084374786653
-97.51998954124514,-398.2321900187277
-96.84370536895402,-398.3194622502491
-96.15172418194412,-398.4131847615956
-95.44383618510587,-398.5138979173268
-94.71982029058357,-398.6221585074313
-93.97944352692772,-398.73854011544194
-93.22246043498384,-398.8636334651194
-92.44861245727706,-398.99804673345733
-91.65762732989938,-399.1424058143559
-90.84921848871389,-399.2973545130896
-90.02308450518588,-399.46355464647087
-89.17890857148814,-399.6416860171733
-88.316358059889,-399.8324462227622
-87.43508418803184,-400.03655025029377
-86.53472182980292,-400.254729795534
-85.61488952133995,-400.4877322315326
-84.67518972366794,-400.7363191340414
-83.71520941778016,-401.0012642506593
-82.73452112502311,-401.2833507762088
-81.7326844656498,-401.583367768386
-80.70924839150261,-401.9021055050548
-79.66375425487112,-402.24034954790744
-78.59573990413362,-402.59887323740554
-77.50474502670153,-402.9784283026924
-76.39031798895583,-403.3797332306393
-75.25202444785299,-403.8034590054431
-74.08945802437141,-404.25021181197604
-72.9022533272506,-404.72051230360864
-71.69010158592376,-405.2147710837837
-70.45276908042945,-405.7332601599299
-69.19011842696861,-406.27608032182405
-67.90213257304458,-406.8431246992243
-66.5889410603466,-407.43403918716626
-65.25084771915881,-408.0481810018645
-63.88835847376987,-408.68457733236625
-62.50220739913742,-409.34188683172266
-61.09337864561374,-410.01836744413174
-59.66312145086359,-410.71185463274225
-58.21295532684508,-411.4197542545169
-56.74466278922064,-412.13905391680385
-55.26026778892531,-412.86635549901445
-53.761999315441855,-413.59792962596686
-52.25224133274168,-414.32979043222264
-50.733472002251226,-415.0577863602732
-49.2081966738944,-415.7777005188405
-47.6788800334992,-416.4853527978781
-46.14788286353364,-417.1766958107467
-44.61740809665498,-417.8478978260115
-43.089459422278416,-418.4954078722515
-41.565813985262146,-419.11600066466485
-40.0480090532477,-419.70680139620595
-38.53734120341937,-420.26529235799035
-37.03487573271464,-420.78930459619335
-35.541463635710386,-421.2769983599061
-34.05776353449286,-421.72683606694494
-32.58426625435848,-422.13755109631023
-31.12132018762771,-422.50811509229254
-29.669156070479527,-422.83770578581215
-28.227910244838355,-423.12567670391275
-26.797645851917387,-423.3715296026287
-25.378371693752978,-423.5748900406261
-23.97005870746898,-423.73548620729764
-22.572654135846406,-423.85313091356767
-21.186093561690125,-423.92770652636364
-19.81031101678364,-423.9591525586128
-18.445247391243228,-423.9474555984231
-17.090857365642158,-423.892641259965
-15.747115073728038,-423.7947678540519
-14.41401868313022,-423.65392150108585
-13.091594058689864,-423.4702124377961
-11.779897650212709,-423.24377229878945
-10.479018724902767,-422.9747521823526
-9.18908104521639,-422.66332133611826
-7.9102440756971735,-422.30966632163165
-6.642703787569701,-421.9139905374138
-5.386693117384673,-421.4765139979316
-4.142482125636712,-420.9974732811812
-2.91037789279809,-420.4771215706601
-1.6907241833961946,-419.9157287286576
-0.4839009033861636,-419.3135813473201
0.7096766280753294,-418.6709827321171
1.8895585744522025,-417.988252779387
3.05526162947326,-417.2657277157788
4.20627020232956,-416.50375967280047
5.342037727067803,-415.7027160744758
6.461988083258925,-414.8629788204125
7.565517115085277,-413.9849432504864
8.651994235774852,-413.0690168809158
9.720764103900871,-412.11561790478856
10.771148357536196,-411.12517345315337
11.80244739167516,-410.09811761562025
12.813942163776636,-409.0348892220591
13.804896011804319,-407.93592938945073
14.774556468804283,-406.8016788402584
15.722157057926,-405.63257500086087
16.646919051923124,-404.4290488906553
17.548053181628685,-403.19152181443286
18.42476127875698,-401.9204018726142
19.276237839720903,-400.6160803059715
20.101671499062455,-399.27892769367617
20.900246403687973,-397.90929002602684
21.671143482517696,-396.50748467622645
22.41354161057563,-395.0737962993358
23.126618672182023,-393.6084726913537
23.809552535049793,-392.111720647687
24.461521956089737,-390.58370186860446
25.081707451059746,-389.0245289703151
25.6692921744383,-387.4342616749388
26.223462873805346,-385.8129032719524
26.74341100550252,-384.16039746906995
27.228334126563173,-382.47662578365293
27.677437713232724,-380.7614056687055
28.089937600462232,-379.014489622729
28.465063291375333,-377.235565602988
28.80206245278968,-375.4242591500691
29.10020699416631,-373.5801377409274
29.358801223984564,-371.70271802014105
29.577192689171522,-369.79147671531297
29.754786426743088,-367.84586621941025
29.89106348424397,-365.8653360108566
29.985604680942085,-363.84936126132186
30.038120656876636,-361.7974801148074
30.04848924621278,-359.709341149371
30.01680104667078,-357.5847623626819
29.94341364413044,-355.42380252610826
29.82901417511902,-353.2268447685356
29.67468865063254,-350.99469061140576
29.4819946427564,-348.72866025989475
29.25303158489083,-346.43069179096835
28.99050030701001,-344.1034282870726
28.69774108195488,-341.75027869108834
28.378738291069123,-339.375436409655
28.03808089112683,-336.9838409210327
27.68087200556717,-334.5810730003255
27.312588184768032,-332.17318371957674
26.938897934144194,-329.76646946181006
26.5654575735255,-327.367216549456
26.197707602826792,-324.98144598836785
25.840692666816523,-322.61468876668073
25.498922965699048,-320.271815153768
25.17628643215466,-317.95693006286325
24.876011959110407,-315.6733345119229
24.600676810628453,-313.42354376300483
24.352247290905062,-311.20934744869015
24.132140741081443,-309.03189581634496
23.94129814246819,-306.8917979817548
23.78025896658583,-304.7892213401888
23.649232542062613,-302.72398484489133
23.548162552099708,-300.6956419963506
23.47678309000802,-298.7035517777731
23.434665953152876,-296.74693739590884
23.42125962815205,-294.82493366156194
23.43592083115598,-292.9366243378795
23.477939631533552,-291.0810709553404
23.5465591985705,-289.2573345669538
23.64099113663087,-287.46449178630604
23.76042725992061,-285.70164627450976
23.904048531559468,-283.96793665602416
24.071031769044527,-282.2625416677058
24.26055460738931,-280.58468318977015
24.471799115396365,-278.9336276747568
24.70395438003401,-277.30868638072013
24.956218307652613,-275.7092147255867
25.227798837066576,-274.134611008122
25.517914716446075,-272.5843146843153
25.825795961684396,-271.0578043435131
26.150684086801412,-269.5545954939399
26.491832175612917,-268.07423824033845
26.848504847174052,-266.61631491568454
27.219978154439545,-265.18043771296834
27.60553944540508,-263.7662463507997
28.004487208088477,-262.3734057972705
28.416130914589075,-261.00160406941137
28.839790874743624,-259.65055012021423
29.274798106274954,-258.3199718211408
29.720494225567307,-257.00961404500043
30.1762313611136,-255.7192368518096
30.64137209011898,-254.4486137785615
31.115289397597245,-253.1975302325884
31.59736665647244,-251.96578198729088
32.08699762662681,-250.75317377834506
32.58358647046247,-249.5595179980244
33.08654778232436,-248.38463348493485
33.595306629031704,-247.2283444062263
34.10929859875632,-246.0904792291836
34.62796985554778,-244.9708697789916
35.150777196919606,-243.869350379404
35.677188112063455,-242.78575707300553
36.20668083843925,-241.71992691774085
36.73874441468794,-240.67169735638086
37.27287872802469,-239.6409056556067
37.80859455448587,-238.62738841141086
38.34541359062079,-237.63098111754007
38.88286847543271,-236.65151779373815
39.42050280158209,-235.6888306705837
39.957871115064734,-234.74274992776301
40.494538902767346,-233.8131034826653
41.030082567481415,-232.8997168262439
41.5640893901219,-232.0024129031447
42.096157479050255,-231.12101203316794
42.625895706540256,-230.25533187119953
43.15292363255077,-229.4051874028221
43.67687141608137,-228.57039097289433
44.197379714485244,-227.7507523444719
44.71409957119907,-226.9460787855289
45.22669229242238,-226.15617518103124
45.734829313339446,-225.3808441680064
46.23819205452612,-224.6198862913512
46.736471769222206,-223.8731001782186
47.229369382178746,-223.14028272892412
47.71659532080844,-222.42122932241537
48.197869339378194,-221.71573403444995
48.67292033698578,-221.02358986672934
49.14148617005835,-220.34458898533882
49.603313460100566,-219.6785229669449
50.0581573974042,-219.02518305130044
50.505781541410734,-218.38436039870734
50.945957618393805,-217.75584635118182
51.37846531710066,-217.13943269616092
51.80309208296064,-216.53491193168026
52.219632911436065,-215.9420775320404
52.62789014105592,-215.36072421306454
53.027673246636866,-214.7906481961307
53.41879863315936,-214.23164747024015
53.80108943072965,-213.68352205145754
54.17437529102116,-213.14607423912847
54.538492185552236,-212.61910886834738
54.89328220612092,-212.1024335582112
55.23859336768231,-211.59585895545322
55.574279413919946,-211.09919897310766
55.900199625729776,-210.61227102390637
56.216218632804065,-210.13489624815824
56.522206228472754,-209.6668997359057
56.818037187931964,-209.20811074319502
57.103591089962926,-208.75836290233397
57.3787521422207,-208.31749442604698
57.64340901014917,-207.8853483054681
57.89745464955895,-207.4617725019429
58.14078614288595,-207.04662013263513
58.37330453913223,-206.63974964995919
58.59491469747601,-206.24102501487982
58.80552513452541,-205.85031586413956
59.005047875179656,-205.46749767149132
59.19339830705283,-205.09245190302863
59.37049503840835,-204.7250661667173
59.53625975954706,-204.36523435624514
59.690617107588594,-204.01285678931328
59.83349453458377,-203.66784034050198
59.96482217889553,-203.3300985688482
60.08453273978777,-202.99955184027684
60.192561355163605,-202.67612744503123
60.28884548239954,-202.35975971024823
60.37332478222726,-202.05039010782534
60.4459410056218,-201.74796735772387
60.50663788366311,-201.45244752685193
60.55536102034727,-201.16379412366513
60.59205778833394,-200.88197818861917
60.61667722762844,-200.6069783806019
60.62916994720905,-200.33878105946457
60.629488029623666,-200.07738036476303
60.617584938594355,-199.8227782908107
60.59341542968335,-199.57498475813193
60.55693546409022,-199.3340176813929
60.50810212566655,-199.09990303387275
60.44687354125187,-198.87267490852193
60.37320880445287,-198.6523755756378
60.28706790300643,-198.4390555371695
60.18841164988646,-198.23277357764354
60.07720161833456,-198.0335968116804
59.95340008101442,-197.8416007280496
59.81696995351124,-197.6568692301856
59.66787474241835,-197.47949467306077
59.50607849827487,-197.30957789628377
59.331545773640336,-197.14722825326203
59.144241586614086,-196.99256363623596
58.944131390129876,-196.8457104969591
58.73118104737839,-196.70680386276467
58.5053568137331,-196.57598734772222
58.266625325577074,-196.45341315855092
58.014953596450916,-196.33924209491664
57.75030902096399,-196.2336435437002
57.47265938693256,-196.13679546678168
57.18197289622996,-196.04888438184395
56.87821819485392,-195.97010533565444
56.561364412736125,-195.90066186924048
56.231381213837274,-195.840765974328
55.88823885708843,-195.79063804037037
55.531908268754904,-195.75050679144692
55.16236112681305,-195.7206092122698
54.77956995794229,-195.70119046249178
54.383508247744004,-195.69250377846728
53.974150564806195,-195.6948103615795
53.551472699236456,-195.7083792522069
53.11545181628633,-195.7334871883699
52.6660666256871,-195.77041844806573
52.203297567309455,-195.8194646742735
51.72712701374776,-195.88092468158888
51.23753949041245,-195.95510424343118
50.73452191369224,-196.0423158587557
50.218063847719215,-196.1428784972002
49.68815778023581,-196.25711732159988
49.14479941802179,-196.38536338681723
48.58798800229085,-196.52795331385641
48.01772664441169,-196.68522893826358
47.4340226822448,-196.8575369318581
46.836888057315385,-197.04522839689437
46.22633971296357,-197.24865843181945
45.602400013525326,-197.46818566787292
44.9650971845016,-197.7041717758646
44.31446577356858,-197.95698094257364
43.650547132169216,-198.22697931632928
42.97338991730509,-198.51453442146686
42.28305061301882,-198.82001454149767
41.5795940709207,-199.14378807098979
40.86309406896996,-199.48622283632875
40.13363388757096,-199.84768538571052
39.39130690188918,-200.22854024891282
38.63621718913117,-200.6291491675975
37.868480149368104,-201.0498702971098
37.088223138314504,-201.49105738096412
36.29558611030425,-201.9530588994332
35.490722269534366,-202.43621719389427
34.67379872747654,-202.94086756882248
33.84499716418569,-203.46733737356232
33.004514491067496,-204.01594506625014
32.15256351250102,-204.58699926249977
31.289373583552095,-205.18079777170274
30.41519126085639,-205.79762662402894
29.53028094360021,-206.43775909144466
28.634925501382558,-207.1014547062904
27.72942688560355,-207.78895828118075
26.81410672089348,-208.50049893420254
25.88930687297301,-209.23628912359538
24.955389989219317,-209.99652369630095
24.012740008105084,-210.7813789549635
23.061762633578,-211.59101174815675
22.102885770358085,-212.4255585887994
21.136559916049528,-213.2851348059061
20.16325850589365,-214.16983373500287
19.183478205931813,-215.07972595271363
18.19773915030296,-216.01485856120357
17.20658511837293,-216.97525452833636
16.210583647384325,-217.96091208957432
15.210326076330821,-218.97180421781246
14.20642751680271,-220.00787816749332
13.199526746626438,-221.06905509949007
12.190286022236632,-222.155229793369
11.179390805881079,-223.26627045374076
10.167549403975086,-224.40201861747616
9.155492513199919,-225.56228916858683
8.14397267128859,-226.7468704675457
7.133763609869972,-227.95552460173496
6.125659507256801,-229.1879877635499
5.120474139672355,-230.4439707624446
4.119039930120503,-231.72315967686848
3.122206894919394,-233.0252166516038
2.130841488842992,-234.34978084546108
1.1458253508471818,-235.696469533621
0.16805395349569488,-237.06487936812127
-0.8015648395603403,-238.45458779907423
-1.762112302366425,-239.86515465817575
-2.7126604546233253,-241.2961239049291
-3.652273740265235,-242.7470255347791
-4.580010766597122,-244.21737764704818
-5.494926092410849,-245.70668866920911
-6.396072051991898,-247.21445973265344
-7.2825006004624955,-248.7401871937473
-8.153265164513378,-250.28336529265093
-9.00742248128634,-251.84348894115027
-9.844034407013275,-253.42005662965687
-10.662169676022637,-255.01257344261657
-11.46090558991571,-256.6205541708719
-12.239329616112656,-258.2435265090939
-12.996540874586024,-259.8810343262686
-13.731651491444202,-261.5326409974376
-14.44378779809868,-263.1979327854674
-15.132091355037698,-264.8765222625969
-15.795719779717512,-266.56805176289504
-16.433847358744913,-268.2721968585655
-17.04566542532651,-269.9886698552675
-17.630382483860235,-271.71722330428196
-18.18722406449438,-273.4576535324282
-18.715432291426794,-275.20980419412575
-19.214265149605204,-276.9735698538764
-19.68299543526202,-278.7488996117049
-20.120909376316853,-280.5358007887194
-20.527304909055303,-282.3343426949203
-20.90148959759691,-284.1446605066781
-21.242778182465262,-285.9669592868924
-21.550489744049994,-287.8015181867044
-21.823944465909978,-289.64869487372425
-22.06245998174797,-291.50893023797545
-22.265347288576855,-293.3827534330437
-22.431906207251362,-295.27078731606656
-22.561420370411607,-297.1737543559201
-22.653151717373685,-299.09248308379995
-22.706334476214256,-301.02791516363834
-22.72016861614211,-302.98111316035596
-22.693812759588877,-304.95326908014323
-22.626376555296865,-306.9457137462617
-22.516912534012103,-308.9599270524359
-22.364407501594073,-310.99754909804864
-22.16777357689032,-313.06039214651094
-21.925839063074672,-315.1504532476869
-21.637339465177728,-317.2699272083579
-21.300909153410185,-319.42121935392714
-20.91507445065944,-321.6069571598942
-20.478249334554242,-323.8299992857344
-19.988735547236413,-326.0934397362173
-19.444729776655727,-328.40060369671085
-18.844341809354102,-330.7550298998224
-18.185629265912898,-333.1604320201717
-17.466656808180566,-335.6206284196852
-16.685590549666074,-338.1394255554858
-15.84084154625863,-340.7204358387557
-14.93127486423066,-343.36680679120775
-13.956500919845205,-346.08083754976536
-12.917259997600059,-348.86346600272975
-11.815893640904783,-351.7136326491601
-10.65686209665915,-354.6275739451015
-9.447214021272645,-357.59817042484053
-8.19685640031949,-360.6145556066894
-6.918444929919589,-363.6622315792734
-5.626766970583366,-366.7238684784263
-4.337641680967293,-369.7807579509526
-3.066559628959832,-372.81462056730874
-1.82740676558163,-375.8092991944785
-0.6315767478401616,-378.7519262699746
0.512398319517844,-381.63339081353047
1.5987572812134698,-384.448188175695
2.6241242521246977,-387.1938789227821
3.5870012471430135,-389.8703928619918
4.487264577588753,-392.4793471572152
5.325731828983979,-395.02346678738166
6.103821554320537,-397.50613478918496
6.823302114586338,-399.9310652535576
7.486115050292711,-402.3020776656137
8.094255958549356,-404.6229484913045
8.649697500721835,-406.8973186087962
9.154342174839257,-409.12863958000224
9.609995537021373,-411.3201460933063
10.018353136140258,-413.47484552109785
10.380996424159823,-415.5955183027169
10.69939437596239,-417.6847248808527
10.97490860220615,-419.74481634495044
11.208800472189496,-421.7779469211571
11.402239268683152,-423.78608711973993
11.556310740552426,-425.7710368024061
11.672025650956561,-427.7344377320992
11.750328073975915,-429.6777853649842
11.79210329512706,-431.6024397719427
11.798185238267056,-433.5096356579075
11.769363384442757,-435.4004914973587
11.706389175214513,-437.27601783380743
11.609981909255739,-439.13712480717754
11.480834150252708,-440.9846289804178
11.319616668776462,-442.819259538575
11.12698294254239,-444.6416639320441
10.903573239438847,-446.4524130321483
10.650018306647448,-448.25200586249565
10.366942687596056,-450.04087396427724
10.054967686708734,-451.8193854481896
9.714714000156468,-453.58784878019515
9.346804029198202,-455.3465163430126
8.951863891309426,-457.0955878101414
8.530525143162304,-458.8352133643887
8.083426228659109,-460.5654967883218
7.61121366462253,-462.2864984498063
7.114542976394122,-463.99823820181547
6.5940793954580545,-465.7006982120058
6.050498331259278,-467.39382573414616
5.48448562958709,-469.0775358303623
4.896737630209398,-470.751714050312
4.2879610368318435,-472.4162190708448
3.658872612882538,-474.07088529742043
3.0101987170522175,-475.7155254265653
2.3426746929189592,-477.3499329669388
1.657044127327229,-478.97388471515313
0.9540579924481347,-480.58714318134605
0.23447368660099072,-482.1894589586337
-0.5009460110498344,-483.78057302995813
-1.2514340569049338,-485.3602190054921
-2.0162203156605867,-486.9281252836331
-2.7945327749421667,-488.4840171287159
-3.5855987879231863,-490.0276186588588
-4.388646330639032,-491.5586547378121
-5.202905261444611,-493.0768527652825
-6.02760857090525,-494.5819443609234
-6.86199361133413,-496.0736669379933
-7.7053032961794194,-497.5517651635599
-8.556787260501668,-499.01599230303873
-9.415702974848045,-500.4661114477891
-10.281316805906332,-501.90189662540683
-11.15290501839085,-503.323133793252
-12.029754713658583,-504.7296217165974
-12.911164701562326,-506.1211727335778
-13.796446303006551,-507.4976134098405
-14.684924081570237,-508.85878508644225
-15.575936503391567,-510.20454432509865
-16.46883652526586,-511.5347632553621
-17.362992111586834,-512.8493298286934
-18.257786681360376,-514.1481479846876
-19.152619487039317,-515.4311377349346
-20.04690592736885,-516.6982351701275
-20.940077796797876,-517.9493923961024
-21.831583474305635,-519.1845774044898
-22.720888054720394,-520.4037738835984
-23.607473425772607,-521.6069809750439
-24.49083829423512,-522.7942129814815
-25.370498164563273,-523.9654990306094
-26.245985273464136,-525.1208827003961
-27.11684848380294,-526.2604216102403
-27.982653141200906,-527.384186982519
-28.842980896598597,-528.4922631787106
-29.697429497956506,-529.5847472140098
-30.545612554145382,-530.6617482540771
-31.38715927394629,-531.7233870972955
-32.221714182938584,-532.7697956456421
-33.04893682090602,-533.8011163670287
-33.86850142223979,-534.8175017517126
-34.68009658166501,-535.8191137651526
-35.48342490746546,-536.8061232994547
-36.27820266423262,-537.7787096253498
-37.064159407019744,-538.7370598464438
-37.84103760864124,-539.6813683573033
-38.60859228172281,-540.6118363067698
-39.36659059697853,-541.528671067736
-40.1148114990689,-542.4320857144801
-40.85304532127697,-543.3222985085175
