theta_1,theta_2
90.0,90.0
90.0,90.0
89.9977517136119,90.0
89.99325514083571,90.0
89.98651028169049,89.99999999996538
89.97751713629735,89.9999999996815
89.96627570503541,89.9999999984837
89.95278598877013,89.9999999948626
89.93704798915452,89.99999998594485
89.91906170900309,89.99999996684924
89.89882715273833,89.99999992991818
89.87634432691006,89.99999986382454
89.85161324078724,89.99999975255393
89.82463390702277,89.99999957426245
89.79540634239055,89.99999930000975
89.76393056859555,89.9999988923677
89.7302066131562,89.99999830390455
89.69423451035948,89.99999747554467
89.65601430228848,89.99999633480405
89.61554603992245,89.99999479390142
89.57282978430914,89.9999927477455
89.52786560780955,89.99999007179811
89.48065359541467,89.99998661981368
89.43119384613443,89.99998222145514
89.37948647445842,89.9999766797866
89.32553161188835,89.99996976864296
89.26932940854195,89.99996122987697
89.21088003482821,89.99995077048413
89.15018368319349,89.99993805960567
89.08724056993829,89.99992272541036
89.02205093710437,89.99990435185575
88.95461505443177,89.9998824753292
88.88493322138514,89.99985658116994
88.81300576924923,89.99982610007238
88.73883306329265,89.99979040437225
88.66241550499937,89.99974880421584
88.58375353436752,89.99970054361427
88.50284763227431,89.99964479638325
88.41969832290681,89.99958066197021
88.33430617625709,89.99950716117
88.24667181068136,89.99942323173082
88.15679589552167,89.99932772385213
88.0646791537891,89.9992193955764
87.9703223649074,89.99909690807665
87.87372636751562,89.99895882084208
87.7748920623283,89.99880358676398
87.67382041505186,89.99862954712471
87.57051245935536,89.99843492649194
87.46496929989412,89.99821782752164
87.35719211538425,89.99797622567225
87.24718216172614,89.99770796383386
87.13494077517483,89.9974107468754
87.02046937555505,89.9970821361138
86.90376946951879,89.99671954370875
86.78484265384266,89.99632022698738
86.66369061876264,89.99588128270301
86.54031515134349,89.99539964123265
86.41471813887992,89.99487206071775
86.28690157232663,89.99429512115361
86.15686754975391,89.99366521843217
86.02461827982584,89.99297855834425
85.89015608529735,89.9922311505463
85.75348340652684,89.99141880249829
85.61460280500066,89.99053711337825
85.47351696686553,89.98958146798043
85.33022870646502,89.98854703060347
85.18474096987606,89.98742873893555
85.03705683844123,89.98622129794359
84.88717953229236,89.98491917377405
84.73511241386137,89.98351658767254
84.58085899137325,89.98200750993051
84.42442292231698,89.98038565386662
84.26580801688928,89.97864446985112
84.10501824140655,89.97677713938171
83.9420577216797,89.97477656921942
83.77693074634719,89.97263538559307
83.60964177016092,89.97034592848141
83.44019541721974,89.9679002459819
83.26859648414555,89.96529008877509
83.09484994319654,89.96250690469422
82.91896094531216,89.95954183340902
82.74093482308497,89.95638570123324
82.56077709365324,89.95302901606551
82.3784934615099,89.94946196247272
82.19408982122177,89.94567439692572
82.00757226005427,89.94165584319653
81.81894706049646,89.93739548792664
81.62822070268084,89.93288217637578
81.43539986669347,89.92810440836034
81.24049143476924,89.92305033439051
81.04350249336726,89.91770775201539
80.8444403351223,89.9120641023846
80.6433124606674,89.90610646703533
80.44012658032347,89.89982156491268
80.23489061565174,89.8931957496322
80.02761270086542,89.8862150069917
79.81830118409677,89.87886495274033
79.60696462851611,89.87113083061193
79.39361181329991,89.86299751062951
79.17825173444503,89.85444948768728
78.96089360542659,89.84547088041603
78.74154685769734,89.83604543033778
78.52022114102667,89.82615650131429
78.29692632367765,89.8157870792944
78.07167249242129,89.80491977236396
77.84446995238679,89.79353681110197
77.61532922674786,89.78162004924589
77.38426105624485,89.7691509646683
77.15127639854316,89.75611066066709
76.91638642742889,89.74247986756977
76.6796025318428,89.72823894465299
76.44093631475441,89.71336788237689
76.20039959187818,89.69784630493355
75.95800439023442,89.68165347310854
75.71376294655775,89.66476828745309
75.4676877055565,89.64716929176465
75.21979131802676,89.6288346768726
74.97008663882532,89.60974228472476
74.71858672470597,89.58986961277093
74.46530483202417,89.56919381863766
74.21025441431536,89.54769172508911
73.95344911975255,89.52533982526731
73.69490278848932,89.50211428820519
73.43462944989456,89.47799096460498
73.17264331968546,89.45294539287403
72.90895879696588,89.42695280540973
72.64359046117728,89.3999881351245
72.37655306896964,89.37202602220188
72.10786155100011,89.34304082107359
71.83753100866728,89.31300660760786
71.5655767107891,89.28189718649838
71.2920140902328,89.24968609884331
71.01685874050501,89.21634662990301
70.7401264123107,89.1818518170258
70.46183301008924,89.14617445772974
70.18199458853638,89.10928711792926
69.90062734912058,89.07116214029456
69.6177476366023,89.03177165273244
69.33337193556474,88.99108757697603
69.04751686696461,88.9490816372722
68.76019918471123,88.90572536915444
68.47143577228202,88.8609901282894
68.18124363938293,88.8148470993857
67.88963991866132,88.76726730515291
67.59664186247929,88.71822161529991
67.30226683975496,88.66768075556092
67.00653233287886,88.61561531673846
66.70945593471271,88.56199576375235
66.41105534567724,88.50679244468446
66.11134837093545,88.44997559980882
65.81035291767772,88.39151537059735
65.50808699251446,88.33138180869175
65.20456869898183,88.26954488483227
64.89981623516582,88.20597449773477
64.59384789144931,88.14064048290751
64.28668204838692,88.07351262139973
63.97833717471129,88.00456064847464
63.66883182547492,87.9337542621995
63.358184640330485,87.86106313194611
63.04641434195299,87.78645690679548
62.73353973460596,87.70990522384086
62.41957970285405,87.63137771638364
62.104553210423695,87.55084402201727
61.78847929921337,87.46827379059455
61.47137708845422,87.38363669207416
61.153265774021996,87.29690242424292
60.83416462790029,87.20804072031017
60.514092997795075,87.11702135637172
60.193070306900154,87.02381415874072
59.87111605381251,86.92838901114304
59.548249812596616,86.83071586177604
59.224491232996115,86.73076473022867
58.89986004079095,86.6285057142622
58.57437603829807,86.52390899645067
58.24805910501305,86.41694485068064
57.920929198390034,86.30758364851008
57.593006354756994,86.19579586538633
57.264310690363054,86.08155208672382
56.93486240255428,85.96482301384162
56.604681771074304,85.84557946976213
56.27378915948572,85.72379240487135
55.942205016708094,85.59943290244242
55.60994987866809,85.47247218402327
55.27704437005728,85.34288161469011
54.943509206192644,85.21063270816822
54.609365194974956,85.07569713182174
54.27463323893994,84.93804671151422
53.939334337396794,84.79765343634182
53.603489588648856,84.6544894632409
53.2671201922908,84.50852712147214
52.93024745157666,84.35973891698293
52.592892775853144,84.20809753665029
52.255077683052086,84.05357585240588
51.91682380223641,83.89614692524559
51.57815287619333,83.7357840091251
51.239086764068944,83.57246055474367
50.899647444037825,83.40615021321801
50.55985701600162,83.2368268396477
50.21973770431027,83.0644644965744
49.87931186049956,82.88903745733595
49.53860196603879,82.71052020931754
49.19763063508197,82.52888745710091
48.856420617216415,82.34411412551337
48.51499480020204,82.15617536257781
48.17337621269522,81.96504654236497
47.83158802695047,81.77070326774906
47.489653561493746,81.57312137306778
47.147596283760706,81.3722769266878
46.80543981269352,81.16814623347628
46.463207921289886,80.9607058371794
46.120924539097516,80.74993252270848
45.77861375464786,80.53580331833417
45.43629981782243,80.31829549778931
45.09400714214537,80.09738658228066
44.75176030699569,79.87305434241007
44.40958405973274,79.64527680000505
44.06750331772852,79.41403222985915
43.72554317030023,79.17929916138208
43.38372888053666,78.94105638015992
43.04208588701194,78.6992829294251
42.70063980538017,78.45395811143655
42.35941642984436,78.20506148876984
42.01844173449329,77.9525728855173
41.677741874499695,77.69647238839839
41.33734318717322,77.43674034778013
40.99727219286161,77.17335737860796
40.657555595693495,76.90630436124704
40.318220284156226,76.6355624422344
39.9792933315019,76.36111303494236
39.640801995974996,76.08293782015357
39.30277372085482,75.80101874654859
38.965236134305776,75.51533803110658
38.628217049028635,75.22587815942039
38.2917444617058,74.93262188592715
37.95584655223328,74.6355522340559
37.620551682732426,74.33465249629411
37.285888396333746,74.02990623417507
36.951885415725584,73.72129727818863
36.618571641459944,73.40880972761806
36.285976150007556,73.09242795030626
35.95412819155437,72.7721365823548
35.623057187531224,72.44792052776019
35.29279272786828,72.1197649579915
34.96336456796562,71.78765531151498
34.63480262537109,71.45157729327103
34.307136976156265,71.11151687411022
33.980397850981014,70.76746029019512
33.65461563083687,70.41939404237591
33.32982084245904,70.0673048955483
33.00604415339646,69.71117987800312
32.683316366729,69.3510062807778
32.36166841542031,68.98677165702108
32.04113135629441,68.61846382138309
31.72173636362363,68.24607084944401
31.403514722314853,67.86958107719576
31.086497820680467,67.48898310059235
30.77071714277983,67.10426577518558
30.45620426031628,66.71541821586435
30.142990824074026,66.32242979671712
29.831108554878526,65.92529015103857
29.52058923406306,65.52398917150302
29.2114646934233,65.1185170105288
28.9037668046409,64.70886408085968
28.597527468155917,64.29502105639095
28.29277860146702,63.87697887326994
27.989552126837193,63.45472873130251
27.687879958381576,63.028262095699375
27.387793988512836,62.59757069919807
27.089326073718077,62.16264654459885
26.792508019640124,61.72348190775494
26.4973715654344,61.28006934106032
26.203948367371368,60.83240167748055
25.912269981652695,60.380472035174954
25.62236784640803,59.92427382276114
25.334273262837318,59.463800745275805
25.048017375462116,58.99904681088868
24.76363115144747,58.53000633842931
24.481145358954198,58.05667396579003
24.20059054447957,57.5790446592709
23.921997009142512,57.09711372393627
23.645394783867594,56.61087681505572
23.370813603420146,56.120329950705354
23.09828287924305,55.62546952560897
22.827831671043814,55.12629232630191
22.559488657078763,54.62279554770373
22.29328210307944,54.11497681118926
22.029239829764673,53.60283418425063
21.76738917888015,53.08636620184627
21.507756977706023,52.5655718895355
21.250369501971836,52.04045078850043
20.995252437117063,51.51100298255929
20.742430837834867,50.97722912727738
20.49192908583623,50.43913048128413
20.2437708457717,49.896708939905594
19.997979019248298,49.34996707122317
19.754575696880167,48.798908154669334
19.513582108312914,48.24353622227069
19.275018570163947,47.68385610264785
19.03890443182388,47.11987346787895
18.80525801906789,46.55159488333099
18.574096575430648,45.979027860558304
18.345436201304175,45.40218091336223
18.119291790724944,44.82106361709841
17.895676965824745,44.235686671309715
17.674604008929492,43.64606196575182
17.456083792301364,43.052202649865976
17.240125705532495,42.454123205738554
17.026737580613208,41.85183952456984
16.815925614714303,41.245368986654675
16.60769429074175,40.634730544854975
16.402046295742974,40.01994481151899
16.198982437267137,39.4010341487732
15.998501557807561,38.77802276208137
15.800600447482374,38.150936796929955
15.60527375514033,37.519804438460525
15.412513898111783,36.88465601382772
15.222310970860688,36.245524097015824
15.034652652831676,35.60244361579764
14.849524115826883,34.95545196046729
14.666907931290023,34.3045890939227
14.486783977919943,33.64989766261502
14.309129350082307,32.99142310782163
14.133918267535645,32.32921377663595
13.96112198703639,31.663321032003196
13.790708716435983,30.99379936106625
13.622643531931107,30.320706481020892
13.456888299174688,29.644103441616352
13.29340159899961,28.96405472337594
13.13213865854826,28.28062833055525
12.97305128863769,27.593895877803114
12.816087828221452,26.90393266944518
12.661193096833632,26.210817770272428
12.508308355917006,25.514634066690082
12.357371279944326,24.815468317066582
12.208315938238185,24.11341119012052
12.061072788379404,23.40855729019628
11.915568682065487,22.701005168309127
11.771726884238065,21.99085731788805
11.629467106240943,21.278220154211883
11.48870555369743,20.56320397662106
11.349354989707065,19.845922912694988
11.21132481385742,19.126494843713015
11.074521157426954,18.40504131086523
10.938846995020505,17.681687401846517
10.804202272731386,16.956561617652344
10.670484052764577,16.229795719595117
10.537586674286517,15.50152455677328
10.405401930090775,14.771885874448264
10.273819258488423,14.04102010401321
10.142725949650359,13.309070135468083
10.012007365449588,12.576181073543772
9.881547171678058,11.842499978838466
9.751227581348864,11.108175595538176
9.6209296076439,10.373358067485134
9.490533324932844,9.63819864452851
9.359918136174874,8.90284938123715
9.228963044922345,8.167462830170617
9.097546930078275,7.432191731989389
8.965548821518388,6.697188704735791
8.832848174674748,5.96260593463253
8.6993251421922,5.228594870725185
8.564860840810338,4.495305925639188
8.429337611691864,3.762888184631942
8.292639272511021,3.0314891249990232
8.154651359731405,2.301254347742856
8.01526135963778,1.572327323236437
7.874358926838776,0.844849152417721
7.731836089122795,0.11895834483675498
7.587587437724657,-0.605209385347736
7.441510302241746,-1.3275213045580028
7.293504909621971,-2.047847825543498
7.143474526828316,-2.766062653286363
6.991325586962839,-3.48204291089471
6.836967798803699,-4.195669245527772
6.680314239869699,-4.906825914598989
6.521281433275642,-5.615400852688767
6.359789408776951,-6.321285719765932
6.195761748522139,-7.024375931464224
6.029125618136091,-7.724570672286617
5.859811783845304,-8.42177289271537
5.6877546164282355,-9.115889291289681
5.512892082830075,-9.806830282776081
5.3351657263221615,-10.494509953600321
5.154520636112859,-11.178846005734536
4.97090540732998,-11.859759690241619
4.784272092296062,-12.537175731671406
4.594576144008215,-13.211022244482487
4.401776352715245,-13.88123064263078
4.205834776457705,-14.547735543423482
4.006716666402687,-15.210474666686256
3.804390387765949,-15.869388730234359
3.598827337070484,-16.524421342576282
3.3900018564440964,-17.175518893713136
3.177891145609927,-17.82263044482941
2.9624751721741136,-18.46570761760247
2.7437365807646934,-19.104704483789778
2.521660601526161,-19.739577455685914
2.2962349584253516,-20.370285177975838
2.067449777777065,-20.99678842144806
1.835297497352452,-21.619049978971237
1.5997727763899394,-22.237034564080812
1.3608724067876559,-22.850708712469032
1.1185952257180587,-23.460040686621937
0.8729420298698402,-24.06500038380102
0.6239154914893019,-24.665559247525053
0.37152007636316603,-25.26169018266915
0.115761963857251,-25.853367474263376
-0.14335103089951762,-26.4405667100419
-0.4058095326187612,-27.023264706765865
-0.671602679197043,-27.601439440318355
-0.9407181927719136,-28.175069979548276
-1.2131424484762252,-28.744136423821015
-1.488860540891069,-29.308619844217468
-1.7678563482095906,-29.868502228309247
-2.0501125941341614,-30.423766428426152
-2.3356109075380385,-30.974396113322346
-2.6243318799299264,-31.5203757231399
-2.9162551207658205,-32.06169042756209
-3.2113593106573637,-32.59832608704425
-3.5096222525297454,-33.1302692170063
-3.8110209207850647,-33.65750695486922
-4.115531508529164,-34.180027029815975
-4.423129472921291,-34.69781773515754
-4.733789578706678,-35.21086790318476
-5.047485939992354,-35.71916688238798
-5.364192060326176,-36.22270451692805
-5.683880871138429,-36.72147112824446
-6.006524768604317,-37.21545749868874
-6.332095648984347,-37.70465485707449
-6.660564942498105,-38.189054866038006
-6.991903645785168,-38.66864961110754
-7.326082353005035,-39.143431591381976
-7.663071285625967,-39.61339371172406
-8.002840320950531,-40.078529276376614
-8.345359019423553,-40.538831983914115
-8.690596650765936,-40.994295923445854
-9.038522218975702,-41.44491557199073
-9.38910448623536,-41.89068579294736
-9.742311995762577,-42.331601835587314
-10.09811309363899,-42.76765933550254
-10.456475949649882,-43.19885431594216
-10.817368577165418,-43.62518318997695
-11.180758852092143,-44.04664276343382
-11.546614530921518,-44.46323023854549
-11.91490326790042,-44.87494321826423
-12.28559263134674,-45.28177971119165
-12.658650119131483,-45.68373813707971
-13.03404317334719,-46.080817332860796
-13.411739194180877,-46.473016559168286
-13.791705553008256,-46.860335507310985
-14.173909604724592,-47.24277430666825
-14.558318699326191,-47.62033353247483
-14.944900192755327,-47.99301421396687
-15.333621457020179,-48.360817842863234
-15.724449889600354,-48.72374638215813
-16.117352922147415,-49.08180227520367
-16.51229802848906,-49.43498845506254
-16.909252731944562,-49.78330835411337
-17.308184611958435,-50.12676591389294
-17.70906131005846,-50.46536559516109
-18.111850535143578,-50.79911238817614
-18.516520068106644,-51.128011823169835
-18.923037765796412,-51.45206998101228
-19.331371564322748,-51.77129350405893
-19.74148948170869,-52.08568960717259
-20.153359619892658,-52.395266088914575
-20.566950166083824,-52.700031342900374
-20.982229393473613,-52.999994369315665
-21.399165661306075,-53.29516478658973
-21.8177274143099,-53.585552843223525
-22.23788318149491,-53.87116942977061
-22.659601574315925,-54.152026090969315
-23.082851284207113,-54.428135038024784
-23.507601079490215,-54.69950916103995
-23.933819801660402,-54.96616204159419
-24.36147636105379,-55.22810796546865
-24.79053973190139,-55.48536193551675
-25.220978946774654,-55.73793968467804
-25.652763090428532,-55.98585768913321
-26.085861293048744,-56.22913318159725
-26.520242722910748,-56.46778416474679
-26.955876578458984,-56.70182942477709
-27.3927320798158,-56.93128854508256
-27.830778459730883,-57.156181920053534
-28.269984953983077,-57.37653076898069
-28.7103207912479,-57.59235715005661
-29.151755182445598,-57.80368397446221
-29.594257309586094,-58.01053502052396
-30.03779631412889,-58.21293494792519
-30.48234128487787,-58.410909311952885
-30.927861245432776,-58.60448457775842
-31.37432514122132,-58.79368813460818
-31.821701826137883,-58.97854831009699
-32.26996004881719,-59.15909438429415
-32.71906843857365,-59.33535660378871
-33.16899549103964,-59.50736619559711
-33.61970955353843,-59.675155380892626
-34.0711788102304,-59.838757388512605
-34.523371267073806,-59.998206468195235
-34.976254736644336,-60.1535379034939
-35.42979682286043,-60.304788024312955
-35.88396490566478,-60.45199421900456
-36.338726125714864,-60.59519494596214
-36.794047369138944,-60.73442974464151
-37.2498952524168,-60.86973924593684
-37.70623610744739,-61.001165181834104
-38.16303596686902,-61.12875039426065
-38.62026054969997,-61.25253884304553
-39.077875247371054,-61.372575612901365
-39.53584511022345,-61.488906919334795
-39.99413483454851,-61.60158011338932
-40.45270875024794,-61.71064368512107
-40.91153080919508,-61.81614726570555
-41.37056457437979,-61.91814162807097
-41.82977320992101,-62.016678685952066
-42.289119472031686,-62.11181149125703
-42.74856570102212,-62.20359422963973
-43.20807381442749,-62.292082214169184
-43.66760530134504,-62.37733187698941
-44.12712121806593,-62.4594007588641
-44.586582185084865,-62.53834749650327
-45.04594838556885,-62.61423180757241
-45.50517956536353,-62.68711447328902
-45.96423503461223,-62.75705731851678
-46.42307367105854,-62.82412318927411
-46.88165392509854,-62.888375927581514
-47.339933826642834,-62.949880343580446
-47.7978709938425,-63.00870218486645
-48.255422643725424,-63.064908102989946
-48.71254560478184,-63.11856561709001
-49.16919633152921,-63.16974307463943
-49.62533092107681,-63.218509609293
-50.080905131700995,-63.26493509584636
-50.535874403430675,-63.30909010232756
-50.99019388063211,-63.351045839260664
-51.44381843656995,-63.39087410615722
-51.89670269990953,-63.42864723530913
-52.3488010831135,-63.46443803297416
-52.800067812672744,-63.49831971806335
-53.250456961099744,-63.53036585845772
-53.69992248059951,-63.560650305099344
-54.14841823832137,-63.58924712401931
-54.595898053082784,-63.61623052648222
-55.04231573344503,-63.641674797442896
-55.48762511700962,-63.66565422252603
-55.93178011079443,-63.68824301375411
-56.37473473253906,-63.709515234261026
-56.816443152780764,-63.729544722240725
-57.25685973753516,-63.748405014389434
-57.69593909140983,-63.766169269108154
-58.133636100974236,-63.78291018973771
-58.56990597820616,-63.79869994810309
-59.00470430383248,-63.813610108645086
-59.437987070382135,-63.82771155341745
-59.86971072476951,-63.841074408225104
-60.299832210229155,-63.85376797017441
-60.7283090074264,-63.86586063689985
-61.1550991745737,-63.87741983772284
-61.58016138638901,-63.888511966987444
-62.00345497174023,-63.899202319805646
-62.42493994982886,-63.90955503043016
-62.84457706477582,-63.919633013457414
-63.262327818483456,-63.92949790804582
-63.678154501659655,-63.93921002531648
-64.09202022290205,-63.94882829908393
-64.5038889357538,-63.95841024004472
-64.91372546365542,-63.968011893530694
-65.32149552273091,-63.977687800913465
-65.72716574236016,-63.98749096472497
-66.13070368350346,-63.997472817538494
-66.53207785475698,-64.0076831946338
-66.93125772613197,-64.01817031044979
-67.32821374056267,-64.02898073880874
-67.72291732316033,-64.04015939687761
-68.11534088824261,-64.05174953281386
-68.50545784417832,-64.0637927170272
-68.89324259609751,-64.07632883697275
-69.2786705465266,-64.08939609537721
-69.66171809401625,-64.10303101178688
-70.04236262983761,-64.1172684273148
-70.42058253282869,-64.13214151245441
-70.79635716247878,-64.1476817778186
-71.16966685034313,-64.16391908765526
-71.54049288988425,-64.18088167598584
-71.90881752483878,-64.19859616520745
-72.27462393621148,-64.21708758699715
-72.63789622799845,-64.23637940535443
-72.99861941174292,-64.25649354161719
-73.35677939002615,-64.27745040128714
-73.71236293899544,-64.29926890250144
-74.06535769002981,-64.32196650598996
-74.41575211064156,-64.34555924636042
-74.76353548470973,-64.37006176455749
-75.10869789213858,-64.39548734134637
-75.45123018803042,-64.42184793167657
-75.79112398145948,-64.44915419978662
-76.12837161392848,-64.47741555491707
-76.4629661375865,-64.50664018750443
-76.79490129328198,-64.53683510573602
-77.12417148852049,-64.56800617235177
-77.45077177539277,-64.60015814158582
-77.77469782853363,-64.63329469614781
-78.09594592316853,-64.66741848415026
-78.41451291329962,-64.7025311558952
-78.73039621007953,-64.73863340044005
-79.04359376041614,-64.77572498186903
-79.35410402584824,-64.81380477520284
-79.66192596172749,-64.85287080188554
-79.96705899673866,-64.89292026479329
-80.26950301278634,-64.93394958271571
-80.56925832527271,-64.97595442426571
-80.86632566378798,-65.01892974117891
-81.1607061532316,-65.06286980096908
-81.45240129537986,-65.10776821891011
-81.74141295091218,-65.1536179893199
-82.02774332190647,-65.20041151612547
-82.31139493481089,-65.24814064269248
-82.59237062389771,-65.29679668090584
-82.87067351520241,-65.34637043949185
-83.14630701094984,-65.39685225157454
-83.41927477446688,-65.44823200146273
-83.68958071558014,-65.50049915066604
-83.95722897649544,-65.5536427631411
-84.2222239181545,-65.60765152977085
-84.48457010706352,-65.66251379208212
-84.74427230258686,-65.71821756520832
-85.00133544469848,-65.77475056010542
-85.25576464218278,-65.83210020503131
-85.5075651612761,-65.89025366629907
-85.75674241473929,-65.94919786831666
-86.00330195135128,-66.00891951292562
-86.24724944581348,-66.06940509805283
-86.48859068905425,-66.13064093568963
-86.72733157892237,-66.19261316921335
-86.9634781112586,-66.25530779006664
-87.19703637133374,-66.31871065381064
-87.42801252564232,-66.38280749556783
-87.6564128140401,-66.44758394487096
-87.88224354221427,-66.51302553993453
-88.10551107447503,-66.57911774136527
-88.32622182685732,-66.64584594532796
-88.5443822605216,-66.71319549618323
-88.75999887544283,-66.7811516986134
-88.97307820437678,-66.84969982925273
-89.18362680709313,-66.91882514783804
-89.39165126486515,-66.98851290789528
-89.59715817520555,-67.0587483669779
-89.80015414683884,-67.1295167964719
-90.00064579490048,-67.20080349098302
-90.19863973635331,-67.27259377732021
-90.39414258561239,-67.34487302309019
-90.58716095036903,-67.41762664491678
-90.77770142760583,-67.49084011629891
-90.96577059979407,-67.5644989751206
-91.15137503126543,-67.6385888308257
-91.3345212647506,-67.71309537127033
-91.51521581807678,-67.78800436926501
-91.69346518101725,-67.86330168881851
-91.8692758122857,-67.93897329109491
-92.04265413666896,-68.01500524009518
-92.2136065422913,-68.09138370807388
-92.38213937800437,-68.16809498070172
-92.54825895089671,-68.24512546198397
-92.71197152391709,-68.32246167894446
-92.87328331360634,-68.40009028608483
-93.03220048793217,-68.47799806962796
-93.18872916422231,-68.5561719515546
-93.34287540719073,-68.63459899344144
-93.49464522705271,-68.71326640010903
-93.64404457772424,-68.79216152308737
-93.7910793551014,-68.8712718639067
-93.93575539541598,-68.9505850772209
-94.07807847366338,-69.03008897377048
-94.21805430209912,-69.10977152319202
-94.35568852880056,-69.18962085668032
-94.49098673629054,-69.26962526950983
-94.6239544402197,-69.34977322342111
-94.7545970881047,-69.43005334887829
-94.88292005811914,-69.51045444720287
-95.00892865793496,-69.59096549258933
-95.13262812361137,-69.67157563400748
-95.25402361852906,-69.75227419699668
-95.37312023236744,-69.83305068535635
-95.48992298012244,-69.91389478273739
-95.60443680116335,-69.9947963541388
-95.71666655832612,-70.07574544731364
-95.82661703704187,-70.15673229408806
-95.9342929444983,-70.2377473115976
-96.03969890883285,-70.3187811034438
-96.14283947835588,-70.399824460775
-96.24371912080227,-70.48086836329446
-96.34234222261024,-70.56190398019885
-96.4387130882262,-70.64292267105027
-96.53283593943407,-70.72391598658443
-96.62471491470842,-70.80487566945806
-96.71435406858986,-70.88579365493764
-96.80175737108216,-70.9666620715324
-96.88692870706984,-71.04747324157357
-96.96987187575563,-71.12821968174228
-97.0505905901167,-71.20889410354823
-97.12908847637937,-71.28948941376085
-97.20536907351108,-71.36999871479532
-97.27943583272958,-71.45041530505472
-97.35129211702818,-71.5307326792303
-97.42094120071707,-71.61094452856133
-97.48838626897994,-71.69104474105612
-97.55363041744543,-71.77102740167537
-97.61667665177336,-71.85088679247941
-97.67752788725495,-71.93061739274036
-97.73618694842725,-72.01021387902041
-97.79265656870102,-72.08967112521715
-97.8469393900023,-72.16898420257712
-97.89903796242716,-72.24814837967816
-97.94895474390967,-72.3271591223815
-97.99669209990302,-72.40601209375444
-98.04225230307361,-72.48470315396388
-98.08563753300821,-72.56322836014161
-98.12684987593406,-72.64158396622166
-98.16589132445212,-72.71976642275017
-98.20276377728347,-72.797772376668
-98.23746903902888,-72.87559867106656
-98.27000881994198,-72.95324234491682
-98.30038473571582,-73.0307006327717
-98.32859830728346,-73.10797096444195
-98.35465096063236,-73.18505096464526
-98.37854402663338,-73.26193845262885
-98.40027874088427,-73.33863144176503
-98.41985624356826,-73.41512813911957
-98.43727757932788,-73.49142694499282
-98.4525436971548,-73.56752645243266
-98.46565545029571,-73.64342544671942
-98.4766135961751,-73.71912290482172
-98.4854187963352,-73.79461799482293
-98.49207161639373,-73.86991007531742
-98.49657252602009,-73.94499869477593
-98.49892189893059,-74.01988359087912
-98.49912001290328,-74.09456468981838
-98.49716704981331,-74.16904210556311
-98.49306309568937,-74.24331613909301
-98.48680814079204,-74.3173872775947
-98.47840207971507,-74.39125619362093
-98.46784471151001,-74.46492374421146
-98.45513573983571,-74.53839096997402
-98.44027477313313,-74.61165909412381
-98.42326132482673,-74.68472952148011
-98.40409481355348,-74.75760383741813
-98.38277456342063,-74.83028380677456
-98.35929980429302,-74.90277137270472
-98.33366967211192,-74.97506865548952
-98.30588320924578,-75.04717795129008
-98.27593936487484,-75.11910173084799
-98.24383699541072,-75.19084263812866
-98.20957486495243,-75.2624034889058
-98.1731516457804,-75.33378726928417
-98.13456591888989,-75.40499713415826
-98.09381617456572,-75.47603640560415
-98.05090081299963,-75.54690857120166
-98.00581814495239,-75.61761728228397
-97.95856639246212,-75.68816635211176
-97.90914368960114,-75.75855975396831
-97.85754808328284,-75.8288016191728
-97.80377753412101,-75.89889623500794
-97.74782991734362,-75.9688480425588
-97.68970302376307,-76.03866163445883
-97.62939456080547,-76.10834175253937
-97.56690215360112,-76.17789328537894
-97.50222334613878,-76.24732126574784
-97.43535560248596,-76.31663086794426
-97.36629630807829,-76.38582740501721
-97.2950427710802,-76.45491632587209
-97.22159222382005,-76.52390321225404
-97.14594182430235,-76.5927937756044
-97.0680886578002,-76.66159385378549
-96.98802973853081,-76.73030940766836
-96.90576201141752,-76.79894651757864
-96.82128235394114,-76.86751137959507
-96.73458757808442,-76.93601030169503
-96.64567443237254,-77.00444969974178
-96.55453960401367,-77.07283609330744
-96.4611797211426,-77.14117610132598
-96.36559135517157,-77.20947643757002
-96.26777102325191,-77.2777439059456
-96.16771519085006,-77.34598539559835
-96.06542027444235,-77.41420787582487
-95.96088264433212,-77.48241839078285
-95.85409862759346,-77.55062405399332
-95.74506451114547,-77.61883204262824
-95.63377654496152,-77.68704959157688
-95.52023094541735,-77.755283987284
-95.40442389878262,-77.82354256135312
-95.28635156485997,-77.89183268390761
-95.16601008077606,-77.96016175670304
-95.0433955649288,-78.02853720598361
-94.9185041210953,-78.09696647507555
-94.79133184270461,-78.16545701671082
-94.66187481727992,-78.23401628507402
-94.53012913105411,-78.30265172756562
-94.39609087376321,-78.37137077627497
-94.25975614362177,-78.4401808391562
-94.1211210524841,-78.50908929090079
-93.98018173119567,-78.57810346350028
-93.83693433513814,-78.64723063649318
-93.6913750499719,-78.71647802689029
-93.54350009757957,-78.7858527787727
-93.39330574221367,-78.8553619525576
-93.24078829685169,-78.92501251392662
-93.08594412976103,-78.99481132241287
-92.92876967127668,-79.06476511964229
-92.76926142079346,-79.13488051722618
-92.6074159539747,-79.20516398430202
-92.44322993017892,-79.27562183472047
-92.27670010010509,-79.34626021387707
-92.1078233136572,-79.41708508518795
-91.93659652802792,-79.48810221620965
-91.76301681600069,-79.55931716440416
-91.58708137446902,-79.63073526255118
-91.40878753317098,-79.70236160381054
-91.22813276363627,-79.77420102643907
-91.04511468834244,-79.84625809816716
-90.85973109007597,-79.91853710024168
-90.6719799214932,-79.99104201114324
-90.48185931487505,-80.06377648998695
-90.28936759206864,-80.1367438596178
-90.09450327460759,-80.20994708941294
-89.8972650940023,-80.2833887778049
-89.69765200218986,-80.35707113454156
-89.49566318213235,-80.43099596270052
-89.29129805855092,-80.50516464047709
-89.08455630878218,-80.57957810276746
-88.87543787374169,-80.6542368225701
-88.66394296897828,-80.72914079223092
-88.45007209580164,-80.80428950455946
-88.23382605246431,-80.87968193384562
-88.01520594537733,-80.95531651680848
-87.7942132003382,-81.03119113351113
-87.57084957374802,-81.1073030882772
-87.34511716379298,-81.18364909064739
-87.11701842156478,-81.26022523641589
-86.8865561620926,-81.33702698878925
-86.65373357525809,-81.41404915971182
-86.41855423656378,-81.49128589140416
-86.18102211772396,-81.56873063816252
-85.94114159704597,-81.64637614846943
-85.69891746956885,-81.72421444746712
-85.45435495692526,-81.80223681984674
-85.20745971689195,-81.88043379320823
-84.95823785259307,-81.95879512194634
-84.70669592132036,-82.03730977171978
-84.4528409429335,-82.11596590456077
-84.19668040780392,-82.19475086468339
-83.93822228426517,-82.2736511650487
-83.67747502553307,-82.35265247474526
-83.41444757605929,-82.4317396072428
-83.14914937728216,-82.51089650957682
-82.88159037273985,-82.59010625252012
-82.61178101251164,-82.66935102179687
-82.33973225695412,-82.74861211039253
-82.06545557970105,-82.82786991201108
-81.78896296989696,-82.9071039157292
-81.51026693363659,-82.98629270189309
-81.22938049458476,-83.06541393930223
-80.94631719375306,-83.14444438371908
-80.66109108841317,-83.2233598777414
-80.3737167501291,-83.30213535206896
-80.0842092618938,-83.38074482819184
-79.79258421435897,-83.45916142252338
-79.49885770115044,-83.53735735199497
-79.20304631326529,-83.61530394112502
-78.90516713255022,-83.69297163056888
-78.60523772426532,-83.77032998715033
-78.30327612874099,-83.84734771536979
-77.99930085213985,-83.92399267037801
-77.69333085634001,-84.00023187239812
-77.38538554795973,-84.07603152257255
-77.07548476654824,-84.15135702020557
-76.7636487719709,-84.22617298136522
-76.44989823102154,-84.30044325880407
-76.13425420329808,-84.3741309631503
-75.81673812638205,-84.44719848531703
-75.4973718003649,-84.51960752007109
-75.17617737176909,-84.5913190906979
-74.85317731691303,-84.66229357469435
-74.52839442477367,-84.73249073041731
-74.2018517794014,-84.80186972461118
-73.87357274194532,-84.87038916073462
-73.54358093234828,-84.93800710800365
-73.2119002107724,-85.00468113106554
-72.87855465881768,-85.070368320216
-72.54356856059619,-85.13502532207094
-72.20696638372542,-85.19860837060256
-71.86877276030421,-85.26107331844976
-71.52901246793418,-85.32237566841255
-71.18771041084909,-85.38247060504084
-70.84489160121352,-85.44131302622941
-70.50058114065061,-85.4988575747322
-70.15480420205742,-85.55505866951127
-69.80758601176368,-85.60987053683871
-69.45895183208825,-85.66324724107207
-69.10892694434432,-85.715142715028
-68.75753663234214,-85.76551078988204
-68.40480616643457,-85.8143052245268
-68.05076078814825,-85.86147973432482
-67.69542569543881,-85.90698801919721
-67.33882602860646,-85.95078379099388
-66.98098685690334,-85.9928208000957
-66.62193316586156,-86.0330528612044
-66.26168984536663,-86.07143387828069
-65.9002816784973,-86.10791786859635
-65.53773333114962,-86.14245898587099
-65.17406934245922,-86.17501154246922
-64.80931411603197,-86.20553003063901
-64.44349191199062,-86.23396914277646
-64.07662683984061,-86.26028379070739
-63.70874285215628,-86.28442912398027
-63.3398637390843,-86.30636054716933
-62.970013123659704,-86.32603373619114
-62.59921445792579,-86.34340465364131
-62.22749101984785,-86.35842956316202
-61.854865911007266,-86.37106504285418
-61.48136205506113,-86.38126799775137
-61.10700219695,-86.38899567137533
-60.73180890283491,-86.39420565639554
-60.35580456074301,-86.39685590441768
-59.97901138189977,-86.39690473492776
-59.60145140272447,-86.39431084342067
-59.2231464874646,-86.38903330874317
-58.84411833144381,-86.38103159968287
-58.46438846489755,-86.37026558083582
-58.08397825736967,-86.35669551778568
-57.70290892264293,-86.34028208162884
-57.3212015241762,-86.32098635287949
-56.938876981020826,-86.29876982478923
-56.5559560741885,-86.27359440611582
-56.172459453443416,-86.24542242337529
-55.788407644491244,-86.21421662261164
-55.40382105653797,-86.1799401707175
-55.01871999019209,-86.142556656339
-54.63312464568365,-86.1020300903969
-54.24705513137479,-86.05832490625573
-53.86053147253628,-86.01140595957129
-53.47357362036574,-85.96123852784623
-53.0862014612235,-85.90778830972228
-52.69843482606301,-85.85102142403647
-52.31029350003308,-85.79090440866764
-51.92179723223043,-85.7274042191984
-51.53296574558129,-85.66048822741618
-51.14381874683188,-85.59012421967604
-50.754375936628314,-85.5162803951466
-50.36465701966695,-85.43892536395892
-49.97468171489752,-85.35802814527716
-49.584469765761476,-85.27355816530849
-49.194040950449235,-85.18548525526822
-48.80341509216044,-85.0937796493153
-48.412612069352285,-84.99841198247161
-48.02165182596131,-84.8993532885376
-47.630554381585185,-84.79657499801546
-47.23933984161122,-84.6900489360498
-46.848028407279266,-84.5797473203949
-46.45664038566709,-84.46564275941608
-46.06519619958707,-84.34770825013217
-45.67371639738327,-84.22591717630443
-45.28222166261895,-84.10024330657686
-44.890732823644704,-83.97066079267124
-44.499270863037914,-83.83714416764
-44.10785692690497,-83.6996683441783
-43.7165123340377,-83.55820861299661
-43.32525858491622,-83.41274064125362
-42.934117370550574,-83.2632404710492
-42.543110581154025,-83.10968451797537
-42.15226031464102,-82.95204956972363
-41.76158888494344,-82.79031278474555
-41.371118830138776,-82.62445169096314
-40.98087292038424,-82.45444418452487
-40.59087416565126,-82.28026852860265
-40.201145823254606,-82.10190335222445
-39.811711405171245,-81.91932764913692
-39.422594685143615,-81.73252077669146
-39.033819705562614,-81.54146245474745
-38.645410784125644,-81.34613276458502
-38.25739252026524,-81.14651214782019
-37.86978980134395,-80.94258140531439
-37.482627808611305,-80.73432169607001
-37.095932022918944,-80.52171453610367
-36.7097282301899,-80.30474179728833
-36.32404252663837,-80.0833857061551
-35.938901323736296,-79.85762884264577
-35.554331352923334,-79.62745413880629
-35.17035967005662,-79.39284487741199
-34.787013659597235,-79.15378469051454
-34.40432103852995,-78.91025755790096
-34.02230986001332,-78.66224780545473
-33.641008516756976,-78.40974010340928
-33.26044574412316,-78.15271946448354
-32.88065062294974,-77.89117124189
-32.501652582091786,-77.62508112720522
-32.12348140067906,-77.35443514809292
-31.74616721008679,-77.07921966587001
-31.36974049561699,-76.79942137290612
-30.994232097888023,-76.51502728984677
-30.619673213929683,-76.22602476265152
-30.24609539798155,-75.93240145943759
-29.87353056199212,-75.63414536712062
-29.502010975816397,-75.33124478784367
-29.13156926710958,-75.02368833518676
-28.762238420914557,-74.71146493014885
-28.394051778940852,-74.39456379689503
-28.0270430385328,-74.07297445826202
-27.66124625132447,-73.74668673101533
-27.2966958215791,-73.41569072085235
-26.933426504210573,-73.07997681714575
-26.571473402484425,-72.73953568742259
-26.21087196539588,-72.39435827157497
-25.85165798472216,-72.0444357757986
-25.493867591746305,-71.6897596662568
-25.137537253649512,-71.33032166246794
-24.782703769568826,-70.96611373041534
-24.42940426631678,-70.59712807537949
-24.077676193759352,-70.2233571344933
-23.727557319848252,-69.84479356902267
-23.37908572530326,-69.46143025637501
-23.03229979793992,-69.07326028184012
-22.687238226637447,-68.68027693006894
-22.34393999494116,-68.28247367629695
-22.0024443742933,-67.87984417732038
-21.66279091688536,-67.47238226223537
-21.325019448124355,-67.06008192295107
-20.989170058704754,-66.64293730449036
-20.655283096276833,-66.22094269509272
-20.323399156701306,-65.79409251613669
-19.993559074879027,-65.3623813119007
-19.66580391514338,-64.92580373918395
-19.34017496120163,-64.48435455681064
-19.016713705610293,-64.03802861504435
-18.695461838767784,-63.58682084494109
-18.37646123740612,-63.130726247673294
-18.059753952561575,-62.669739883859464
-17.74538219700218,-62.20385686293791
-17.43338833208771,-61.733072332626314
-17.123814854035643,-61.257381468512584
-16.81670437956384,-60.77677946382665
-16.512099630878016,-60.29126151944695
-16.21004341996909,-59.80082283419988
-15.910578632182263,-59.3054585955156
-15.613748209016206,-58.805163970508374
-15.319595130106995,-58.29993409755553
-15.028162394347387,-57.789764078454716
-14.73949300008783,-57.27464897124571
-14.45362992436077,-56.75458378378932
-14.170616101065079,-56.22956346820353
-13.890494398041962,-55.69958291626414
-13.613307592968196,-55.164636955885655
-13.3390983479864,-54.624720348806335
-13.067909182985757,-54.07982778961069
-12.799782447439728,-53.5299539062322
-12.534760290700165,-52.97509326208926
-12.27288463063958,-52.41524036001812
-12.01419712052537,-51.8503896481779
-11.758739114001317,-51.280535528114946
-11.506551628042883,-50.70567236518588
-11.257675303743593,-50.125794501552456
-11.01215036478019,-49.54089627197463
-10.770016573394297,-48.95097202264287
-10.531313183718002,-48.35601613330526
-10.296078892260342,-47.756023042960656
-10.064351785360799,-47.150987279404745
-9.836169283405104,-46.540903492931825
-9.611568081587716,-45.92576649451164
-9.390584086994485,-45.30557129877702
-9.17325235176837,-44.680313172174166
-8.959607002110888,-44.04998768664388
-8.749681162862208,-43.41459077921722
-8.543506877394083,-42.774118817924005
-8.341115022541866,-42.12856867442626
-8.142535218295619,-41.477937803800444
-7.947795731965632,-40.82222433190277
-7.756923376535174,-40.16142715075912
-7.569943402913538,-39.49554602242565
-7.386879385805737,-38.82458169176658
-7.207753102922303,-38.148536008591584
-7.0325844072642,-37.46741205958582
-6.861391092234491,-36.781214310449336
-6.6941887493510395,-36.0899487586392
-6.530990618363987,-35.39362309707518
-6.371807429618919,-34.69224688912785
-6.2166472385526035,-33.985831755154145
-6.065515252263896,-33.274391570779
-5.918413648168974,-32.55794267704139
-5.775341384828574,-31.83650410242641
-5.636294005126396,-31.110097796691818
-5.501263432083257,-30.378748876264943
-5.370237757712024,-29.642485880833735
-5.243201025454316,-28.90134104058241
-5.120133006892242,-28.155350553326514
-5.001008973597179,-27.404554870584356
-4.885799465162686,-26.648998991380903
-4.774470054669674,-25.88873276231753
-4.666981113047723,-25.123811182157144
-4.56328757402522,-24.354294708871606
-4.463338701600458,-23.580249566780033
-4.367077862212516,-22.801748051076437
-4.274442304040452,-22.018868826709078
-4.185362946106971,-21.23169721823825
-4.0997641801018405,-20.44032548697228
-4.017563688063812,-19.644853091372966
-3.9386722792593436,-18.8453869264421
-3.8629937497628437,-18.042041537562643
-3.7904247683667562,-17.23493930408414
-3.7208547925201967,-16.424210587826224
-3.6541660180017437,-15.609993841640392
-3.590233365965281,-14.79243567323205
-3.5289245108482103,-13.971690859615103
-3.470099952390974,-13.147922307860576
-3.413613134679711,-12.321300958217664
-3.3593106146865086,-11.492005626234699
-3.3070322822438944,-10.660222781190116
-3.25661163275524,-9.826146258955218
-3.2078760932179993,-8.989976908342097
-3.160647401333882,-8.151922171026408
-3.1147420366151293,-7.312195596254834
-3.0699717014889845,-6.471016292724605
-3.0261438494769854,-5.6286083212263796
-2.9830622566082394,-4.78520003283683
-2.940527631344713,-3.941023358596076
-2.8983382574807512,-3.096313057669199
-2.8562906637567247,-2.2513059319329654
-2.814180313323982,-1.4062400157140418
-2.7718023057377117,-0.56135375000339
-2.7289520838536823,0.2831148491402776
-2.685426137876129,1.1269290181229774
-2.641022698852746,1.9698540594799026
-2.595542414137518,2.811658132170045
-2.5487889977347784,3.6521130095214107
-2.500569848983933,4.490994796569976
-2.450696633723732,5.328084599431877
-2.3989858228632697,6.163169140385589
-2.3452591841565558,6.996041313482159
-2.289344223899167,7.826500676708063
-2.231074576209744,8.65435387795766
-2.1702903384974914,9.479415013293098
-2.10683835262328,10.301505917144336
-2.04057243211368,11.120456385200997
-1.971353536565322,11.936104331746206
-1.8990498950669727,12.748295884062046
-1.823537081058603,13.556885417283999
-1.744698041534944,14.361735533691048
-1.662423083884109,15.16271699088777
-1.5766098239318806,15.959708583668261
-1.4871630989444373,16.752596984556526
-1.3939948494341186,17.541276548104683
-1.2970239736236422,18.325649084011868
-1.196176158364416,19.10562360401726
-1.09138369018519,19.881116047335105
-0.9825852499793738,20.652048989152902
-0.8697256946335727,21.41835133642029
-0.7527558286663933,22.179958014829236
-0.6316321686944526,22.936809650537683
-0.5063167032800207,23.688852249829846
-0.3767766504488202,24.43603687954592
-0.24298421490314687,25.17831935075967
-0.10491634669947175,25.915659907840446
0.03744549708518388,26.648022924711277
0.1841155864047032,27.375376609810232
0.335104146934696,28.09769272098099
0.49041758252194184,28.814946291261226
0.6500586906915741,29.52711536630511
0.8140268706730114,30.234180753968875
0.9823183235498567,30.9361257864048
1.154926244266116,31.632936094848965
1.3318410053320033,32.32459939714961
1.5130503321683109,33.01110529796497
1.6985394701099374,33.69244510146004
1.8882913431579136,34.36861163624953
2.082286704626276,35.039599092267025
2.2805042798766824,35.70540286918717
2.4829209013708167,36.36601943598648
2.689511636299542,37.0214462011975
2.900249907069445,37.67168139338959
3.1151076049428172,38.31672395139602
3.3340551971371175,38.956573423800094
3.5570618276953994,39.591229877191616
3.78409541244068,40.220693812708745
4.015122728325565,40.84496609038715
4.2501094974840345,41.464047860849114
4.4890204662857895,42.07794050387783
4.731819479685276,42.68664557343709
4.978469551147926,43.29016474871268
5.228932928425508,43.888499790768755
5.483171155441157,44.48165250443072
5.741145130532802,45.06962470502397
6.0028151612915615,45.65241818961632
6.268141016219474,46.23003471243024
6.537081973418623,46.802475964108744
6.809596866511684,47.36974355453676
7.085644127981991,47.93183899893666
7.3651818301096705,48.48876370697324
7.648167723669155,49.04051897461962
7.934559274542552,49.58710597855066
8.22431369839297,50.128525772845094
8.51738799353192,50.664779287791895
8.813738972105455,51.19586733060917
9.113323289714694,51.72179058789695
9.416097473577787,52.24254962965678
9.722017949332367,52.75814491472262
10.031041066569852,53.268576797457804
10.343123123185823,53.77384553558324
10.65822038862393,54.273951299011145
10.976289126084497,54.76889417956757
11.29728561376304,55.25867420149534
11.621166165178407,55.74329133263685
11.947887148645085,56.22274549620338
12.277405005939407,56.697036583044564
12.609676270204899,57.16616446433816
12.944657583137905,57.63012900462617
13.28230571149073,58.08893007512928
13.62257756292595,58.54256756727643
13.965430201252312,58.99104140639209
14.310820861069516,59.43435156548768
14.65870696184639,59.87249807910853
15.009046121454384,60.30548105719166
15.361796169175886,60.733300698893686
15.716915158204735,61.15595730635158
16.074361377654196,61.57345129834272
16.434093364085967,61.98578322381361
16.796069912571912,62.39295377525001
17.16025008729892,62.79496380186363
17.526593231725613,63.19181432257378
17.89505897829864,63.58350653876446
18.26560725773491,63.97004184680005
18.638198307875207,64.35142185028485
19.012792682113627,64.72764837205402
19.389351257406464,65.09872346588551
19.76783524186337,65.46464942792427
20.148206181922962,65.82542880781212
20.530425969114415,66.18106441951831
20.91445684640602,66.53155935186737
21.300261414141257,66.8769169787625
21.687802635562434,67.2171409691041
22.0770438419216,67.55223529640475
22.46794873717808,67.88220424810294
22.860481402281735,68.20705243457918
23.25460629904073,68.52678479787969
23.650288273572414,68.84140662015358
24.047492559335684,69.15092353181063
24.44618477974311,69.45534151940818
24.84633095035083,69.754666933276
25.247897480624264,70.04890649488956
25.650851175277428,70.33806730400266
26.055159235183666,70.6221568455512
26.460789257855474,70.90118299634108
26.867709237491056,71.17515403153338
27.275887564585208,71.44407863094114
27.68529302510206,71.70796588515255
28.09589479920719,71.96682530149609
28.50766245955662,72.22066680986347
28.920565969140135,72.46950076840731
29.334575678676384,72.71333796913025
29.74966232355729,72.95218964338349
30.16579702033911,73.18606746729235
30.582951262777733,73.41498356712755
31.001096917405597,73.63895052464068
31.420206218647817,73.85798138238286
31.84025176347498,74.07208964902607
32.2612065055903,74.28128930470608
32.683043749148645,74.4855948064071
33.10573714200524,74.68502109340727
33.52926066849175,74.87958359280509
33.95358864171773,75.06929822514611
34.37869569539532,75.25418141016968
34.80455677518545,75.43425007269502
35.231147129563794,75.60952164866595
35.65844230020496,75.78001409137298
36.08641811188382,75.94574587787157
36.51505066189275,76.10673601561449
36.94431630897421,76.26300404931574
37.37419166176841,76.41457006806328
37.80465356677594,76.56145471269653
38.23567909583604,76.7036791834641
38.667245533121445,76.84126524797635
39.09933036165144,76.97423524946592
39.53191124932553,77.10261211536871
39.96496603448049,77.22641936623631
40.398472710974794,77.34568112498893
40.83240941280516,77.46042212651737
41.2667543982608,77.57066772763966
41.70148603362237,77.676443917417
42.13658277641364,77.77777732783098
42.57202315821517,77.87469524482206
43.00778576705108,77.96722561968703
43.44384922936116,78.05539708082985
43.88019219157262,78.13923894585857
44.316793301287426,78.2187812340167
44.75363118810354,78.29405467893527
45.19068444408995,78.3650907416876
45.62793160393842,78.43192162412556
46.065351124816765,78.49458028247183
46.50292136595158,78.55310044113895
46.94062056797079,78.6075166067412
47.37842683203967,78.65786408226094
47.81631809882687,78.70417898132642
48.254272127340485,78.74649824255248
48.69226647367755,78.78485964389127
49.13027846973384,78.81930181693384
49.56828520192478,78.84986426109845
50.006263489971886,78.87658735763554
50.44418986581323,78.89951238337375
50.88204055270032,78.91868152412489
51.319791444547974,78.93413788766074
51.757418085607625,78.94592551616769
52.194895650538875,78.95408939808007
52.63219892495787,78.95867547918661
53.06930228654514,78.95973067289928
53.50617968679948,78.95730286956808
53.94280463352778,78.95144094472012
54.37915017416459,78.94219476609682
54.81518888001793,78.92961519935831
55.25089283154084,78.91375411232058
55.68623360473068,78.89466437758759
56.12118225875985,78.87239987343793
56.55570932494322,78.84701548282402
56.989784797148175,78.81856709034115
57.42337812375344,78.78711157702328
57.85645820126214,78.75270681282451
58.288993369673044,78.71541164664718
58.72095140971168,78.67528589378105
59.15229954201984,78.63239032062364
59.58300442839764,78.5867866265579
60.01303217518692,78.53853742287139
60.44234833887873,78.48770620861087
60.87091793401985,78.43435734327714
61.29870544348503,78.37855601627746
61.72567483117164,78.32036821306785
62.15178955716299,78.25986067793228
62.577012595394386,78.1971008733642
63.00130645384327,78.13215693603385
63.424633197251076,78.06509762934525
63.84695447236932,77.99599229260808
64.26823153570734,77.92491078687198
64.68842528374279,77.85192343749384
65.1074962855392,77.77710097353311
65.52540481769805,77.70051446409413
65.94211090155557,77.62223525175901
66.3575743425172,77.54233488327968
66.7717547714055,77.4608850377211
67.18461168768087,77.37795745227193
67.59610450437843,77.29362384596095
68.00619259458867,77.20795584153929
68.41483533929602,77.1210248858081
68.82199217637603,77.03290216868939
69.22762265054018,76.94365854135361
69.63168646400776,76.85336443373114
70.0341435276757,76.76208977174582
70.43495401255078,76.66990389461674
70.83407840120478,76.57687547258021
71.23147753901004,76.48307242538554
71.62711268491361,76.38856184191788
72.02094556150942,76.29340990129717
72.41293840417248,76.19768179579552
72.80305400902527,76.10144165590451
73.19125577951476,76.00475247787178
73.57750777138857,75.90767605400968
73.96177473587116,75.81027290606066
74.34402216085431,75.71260222188342
74.7242163099315,75.61472179570053
75.10232425912206,75.51668797212415
75.47831393114853,75.41855559414967
75.85215412714929,75.32037795528028
76.22381455572673,75.22220675591709
76.59326585925152,75.12409206412062
76.96047963736189,75.02608228082111
77.32542846761741,74.92822410952601
77.68808592328492,74.83056253054497
78.04842658825297,74.73314077972559
78.40642606908983,74.63600033166637
78.76206100427606,74.5391808873485
79.11530907065946,74.44272036610465
79.46614898719511,74.3466549018208
79.8145605160465,74.25101884324728
80.16052446113669,74.15584475827684
80.50402266424913,74.0611634420319
80.84503799878773,73.96700392858845
81.18355436131371,73.87339350615265
81.51955666098402,73.78035773549604
81.85303080702107,73.68792047144755
82.18396369434824,73.59610388723458
82.51234318752786,73.50492850146117
82.83815810314054,73.41441320751005
83.16139819074485,73.32457530515363
83.48205411255555,73.23543053416105
83.80011742197776,73.14699310969075
84.11558054113114,73.05927575926158
84.42843673749532,72.97228976110087
84.73868009980391,72.8860449836735
85.04630551330985,72.80054992620357
85.35130863453944,72.71581176000707
85.65368586564777,72.63183637046303
85.95343432848145,72.54862839945892
86.25055183844945,72.46619128815513
86.54503687829587,72.3845273199234
86.83688857186294,72.30363766332246
87.12610665792535,72.22352241498506
87.41269146417144,72.14418064229885
87.69664388140006,72.06561042577428
87.97796533799584,71.98780890100075
88.25665777473994,71.91077230010238
88.53272362000679,71.83449599261303
88.8061657653928,71.75897452569855
89.0769875418166,71.68420166366309
89.34519269612593,71.61017042668324
89.61078536824124,71.53687312872167
89.87377006886128,71.46430141457894
90.13415165775233,71.39244629604843
90.3919353226376,71.32129818714564
90.64712655870076,71.25084693838899
90.89973114871327,71.18108187011438
91.14975514379239,71.11199180481073
91.39720484479365,71.04356509846826
91.64208678433907,70.97578967093563
91.88440770947983,70.90865303528524
92.12417456498977,70.84214232619033
92.36139447728488,70.77624432731955
92.59607473896082,70.71094549775832
92.82822279394075,70.6462319974683
93.05784622322253,70.58208971179849
93.28495273121473,70.51850427506339
93.50955013264898,70.45546109320576
93.73164634005552,70.39294536556199
93.95124935178822,70.33094210575027
94.16836724058483,70.26943616170217
94.38300814264724,70.20841223485925
94.59518024722699,70.147854898557
94.8048917867001,70.0877486156189
95.01215102711598,70.02807775518359
95.2169662592044,69.96882660878867
95.41934578982499,69.90997940573462
95.6192979338433,69.85152032775218
95.81683100641813,69.79343352299695
96.01195331568451,69.7357031193941
96.20467315581716,69.67831323735669
96.39499880045939,69.62124800190013
96.58293849650276,69.56449155417533
96.76850045820314,69.50802806244258
96.95169286161891,69.45184173250789
97.13252383935783,69.39591681764296
97.31100147561878,69.34023762800945
97.48713380151594,69.28478853960777
97.66092879067216,69.22955400277016
97.83239435506975,69.17451855021703
98.00153834114674,69.11966680469536
98.16836852612687,69.06498348621699
98.33289261457284,69.01045341891444
98.49511823515162,68.956061537531
98.65505293760188,68.90179289356163
98.81270418989357,68.84763266106032
98.96807937557021,68.79356614212917
99.12118579126476,68.73957877210395
99.27203064438031,68.6856561244503
99.42062105092725,68.63178391538402
99.56696403350898,68.57794800822886
99.71106651944824,68.5241344175242
99.85293533904705,68.47032931289479
99.99257722397297,68.41651902269429
100.1299988057651,68.36269003743351
100.2652066144534,68.3088290130045
100.39820707728536,68.25492277371023
100.52900651755387,68.20095831511021
100.65761115352117,68.14692280669111
100.78402709743328,68.09280359437159
100.90826035462007,68.03858820284997
101.03031682267616,67.98426433780294
101.15020229071806,67.92981988794335
101.26792243871324,67.87524292694447
101.3834828368772,67.82052171523802
101.49688894513439,67.76564470169308
101.60814611263945,67.71060052518213
101.71725957735538,67.65537801604071
101.82423446568504,67.59996619742685
101.92907579215309,67.54435428658567
102.03178845913529,67.48853169602503
102.13237725663231,67.43248803460716
102.23084686208554,67.3762131085614
102.32720184023222,67.31969692242279
102.4214466429975,67.2629296799011
102.51358560942138,67.20590178468446
102.60362296561824,67.14860384118198
102.69156282476685,67.091026655209
102.77740918712928,67.03316123461906
102.8611659400966,66.97499878988575
102.94283685825995,66.91653073463821
103.02242560350513,66.85774868615344
103.09993572512943,66.79864446580818
103.17537065997918,66.7392100994939
103.24873373260672,66.67943781799708
103.32002815544543,66.61932005734796
103.38925702900195,66.55884945913989
103.4564233420641,66.49801887082197
103.52152997192357,66.43682134596715
103.58457968461273,66.37525014451809
103.64557513515409,66.31329873301266
103.70451886782188,66.25096078479116
103.76141331641502,66.1882301801874
103.81626080454035,66.12510100670491
103.86906354590582,66.0615675591804
103.91982364462253,65.99762433993595
103.96854309551549,65.93326605892146
104.01522378444199,65.86848763384883
104.0598674886174,65.80328419031923
104.10247587694764,65.73765106194492
104.14305051036804,65.67158379046653
104.18159284218785,65.60507812586754
104.21810421844029,65.5381300264865
104.25258587823733,65.47073565912848
104.28503895412929,65.40289139917654
104.31546447246846,65.3345938307043
104.34386335377661,65.26583974659049
104.3702364131161,65.19662614863624
104.39458436046411,65.12695024768621
104.41690780108989,65.05680946375395
104.43720723593464,64.98620142615252
104.45548306199366,64.915123973631
104.47173557270091,64.84357515451741
104.48596495831515,64.77155322686883
104.498171306308,64.69905665862912
104.50835460175327,64.62608412779507
104.5165147277177,64.55263452259112
104.52265146565259,64.4787069416535
104.52676449578628,64.40430069422389
104.52885339751742,64.3294153003534
104.52891764980848,64.25405049111696
104.52695663157961,64.17820620883856
104.52296962210272,64.10188260732792
104.51695580139527,64.02508005212852
104.50891425061384,63.947799120777496
104.49884395244739,63.870040603077875
104.48674379150964,63.79180550138291
104.47261255473096,63.71309503089321
104.45644893174902,63.63391061996657
104.4382515152984,63.55425391044089
104.41801880159889,63.474126757970176
104.39574919074221,63.39353123237389
104.37144098707705,63.31246961799974
104.34509239959222,63.2309444141
104.31670154229779,63.14895833522152
104.28626643460376,63.06651431160934
104.2537850016965,62.983615489624164
104.21925507491234,62.900265232173645
104.1826743921083,62.816467119157416
104.14404059802975,62.73222494792605
104.10335124467473,62.64754273375372
104.06060379165474,62.562424710324784
104.01579560655169,62.47687533023403
103.96892396527093,62.39089926550061
103.91998605238983,62.30450140809559
103.86897896150212,62.21768687048303
103.81589969555719,62.13046098617444
103.76074516719454,62.04282931029652
103.70351219907278,61.95479762017201
103.6441975241932,61.866371915913525
103.58279778621731,61.77755842103017
103.5193095397783,61.68836358304679
103.45372925078607,61.598794074135476
103.38605329672531,61.50885679175943
103.31627796694674,61.41855885932854
103.24439946295081,61.327907626866676
103.17041389866358,61.23691067169034
103.09431730070473,61.14557579909835
103.01610560864697,61.053911043072254
102.9357746752668,60.96192466698707
102.85332026678611,60.869625164332135
102.76873806310431,60.77702125944146
102.68202365802064,60.68412190823337
102.59317255944623,60.59093629895893
102.50218018960555,60.49747385295859
102.40904188522701,60.403744225426806
102.31375289772201,60.30975730618384
102.21630839335248,60.2155232204545
102.11670345338601,60.12105232965297
102.01493307423874,60.02635523217334
101.91099216760513,59.93144276418516
101.80487556057444,59.8363260004333
101.6965779957336,59.74101625504149
101.58609413125585,59.645525082318805
101.47341854097495,59.54986427756831
101.35854571444453,59.4540458778971
101.24147005698208,59.35808216302686
101.12218588969738,59.261985656104045
101.0006874495049,59.16576912450888
100.87696888911971,59.06944558066197
100.75102427703693,58.973028282827755
100.62284759749373,58.87653073591355
100.49243275041431,58.77996669226307
100.35977355133689,58.68335015244338
100.2248637313229,58.58669536602377
100.08769693684778,58.49001683234554
99.94826672967335,58.39332930128099
99.80656658670141,58.29664777398049
99.66258989980838,58.199987503605726
99.51632997566091,58.103363996047925
99.36778003551223,58.00679301062894
99.21693321497926,57.91029056078371
99.06378256380025,57.813872914722076
98.9083210455732,57.717556596067936
98.75054153747485,57.62135838447374
98.59043682996058,57.525295316208
98.42799962644526,57.42938468471361
98.26322254296517,57.33364404113429
98.09609810782158,57.238091194806884
97.92661876120613,57.14274421371639
97.75477685480854,57.04762142491114
97.58056465140713,56.95274141487487
97.403974324443,56.8581230298525
97.22499795757837,56.76378537612622
97.0436275442401,56.66974782023822
96.85985498714923,56.576029989156304
96.6736720978379,56.48265177037821
96.48507059615454,56.38963331197057
96.29404210975916,56.29699502253767
96.10057817360975,56.2047575711156
95.90467022944217,56.11294188698628
95.70630962524496,56.02156915940641
95.50548761473117,55.93066083724529
95.30219535681009,55.84023862852578
95.09642391506073,55.750324499861755
94.88816425721028,55.660940675785476
94.6774072546205,55.57210963795762
94.46414368178532,55.483854124252375
94.24836421584331,55.39619712770962
94.03005943610908,55.309161895345504
93.80921982362761,55.22277192681255
93.58583576075642,55.13705097289961
93.3598975307805,55.05202303386154
93.13139531756534,54.96771235756772
92.90031920525406,54.88414343745828
92.66665917801494,54.80134101029551
92.43040511984596,54.71933005369806
92.191546814444,54.63813578344403
91.95007394514637,54.557783650528684
91.70597609495313,54.4782993379615
91.45924274663946,54.39970875728635
91.20986328296765,54.322038044807655
90.95782698700924,54.24531355750449
90.70312304258864,54.169561868613215
90.44574053485997,54.094809762858404
90.18566845102998,54.02108423131046
89.92289568124116,53.94841246584714
89.65741101962882,53.87682185319476
89.38920316556872,53.80633996852367
89.11826072513098,53.73699456857081
88.8445722127588,53.66881358426094
88.5681260531902,53.6018251127963
88.28891058364312,53.53605740918279
88.00691405628532,53.47153887715907
87.72212464101167,53.40829805949301
87.43453042855258,53.34636362760804
87.14411943393952,53.28576437049987
86.85087960035452,53.22652918290195
86.55479880339186,53.16868705265593
86.25586485576297,53.11226704724092
85.95406551247561,53.05729829941308
85.64938847652195,53.00380999190471
85.34182140511032,52.95183134112934
85.03135191647881,52.90139157983674
84.71796759732968,52.85251993865933
84.40165601092619,52.80524562648837
84.08240470589534,52.75959780961607
83.76020122578217,52.71560558957632
83.43503311940303,52.673297979614645
83.106887952048,52.632703879714555
82.77575331758423,52.593852050105
82.44161685151421,52.55677108317085
82.10446624504549,52.52148937368547
81.7642892602298,52.48803508728193
81.42107374623208,52.45643612707705
81.07480765679146,52.426720098359866
80.72547906893821,52.39891427125426
80.37307620303237,52.373045541263586
80.01758744419104,52.34914038760342
79.65900136517243,52.3272248292277
79.29730675078638,52.30732437845258
78.9324926239006,52.289463992082105
78.56454827311319,52.27366801994052
78.19346328216098,52.2599601507167
77.81922756113305,52.2483633550283
77.44183137955719,52.23889982561614
77.06126540142515,52.231590914582725
76.67752072222,52.22645706759422
76.29058890800519,52.22351775497085
75.90046203663047,52.22279139959884
75.50713274110431,52.22429530160565
75.11059425517617,52.228045559751465
74.71084046116347,52.23405698950236
74.30786594004941,52.24234303776542
73.90166602386701,52.252915694282784
73.49223685037225,52.265785399701016
73.07957541999559,52.28096095035366
72.66367965504514,52.29844939981925
72.24454846111756,52.318255957344086
71.82218179065255,52.340383883248975
71.39658070854625,52.3648343814719
70.96774745971429,52.3916064894347
70.53568553847006,52.42069696546026
70.10039975955596,52.45210017400916
69.6618963306355,52.48580796904903
69.22018292602249,52.521809575917686
68.77526876138984,52.560091472091344
68.32716466916561,52.60063726732132
67.87588317428732,52.64342758365743
67.42143856994787,52.68843993593178
66.96384699292828,52.73564861333349
66.50312649807393,52.785024562761635
66.03929713143287,52.836535274700346
65.5723810015375,52.89014467241439
65.10240234827509,52.94581300531637
64.6293876087597,53.00349674740512
64.15336547958735,53.06314850171906
63.674366974830924,53.12471691178604
63.19242547910926,53.188146581081774
62.70757679505077,53.25337800153055
62.219859184462464,53.32034749209327
61.72931340251564,53.38898714848783
61.23598272426718,53.45922480507363
60.739912962853296,53.53098400990509
60.241152478720494,53.60418401391631
59.73975217929727,53.678739775141324
59.235765508560185,53.754561978798854
58.7292484260093,53.83155707397939
58.220259374640726,53.90962732756339
57.70885923758818,53.98867089587497
57.195111283199516,54.06858191443454
56.67908109841867,54.14925060601986
56.16083651045531,54.23056340707732
55.64044749684468,54.312403112348115
55.11798608412398,54.3946490373887
54.593526235480084,54.47717719847469
54.067143727851835,54.55986050918567
53.53891601909789,54.64256899277842
53.008922105964416,54.725170009271594
52.47724237370452,54.80752849598922
51.94395843830961,54.88950722014784
51.40915298241005,54.970967041925284
50.87290958598699,55.05176718632152
50.33531255310564,55.13176552201682
49.79644673593276,55.2108188453512
49.25639735733528,55.28878316749412
48.715249833372624,55.36551400284573
48.173089596991986,55.44086665671077
47.63000192421362,55.51469651031394
47.086071764053045,55.58685930127973
46.54138357336911,55.657211397779484
45.99602115775419,55.725610064651356
45.45006751949477,55.79191371992279
44.903604713531806,55.85598218030685
44.35671371224089,55.91767689440036
43.80947427973603,55.976861162479445
43.26196485627887,56.033400341964175
42.714262453251855,56.0871620378033
42.16644255902896,56.138016277211555
41.61857905595589,56.18583566836997
41.07074414853313,56.230495542873335
40.52300830278293,56.2718740818739
39.975440196676175,56.30985242602581
39.42810668139856,56.34431476947799
38.88107275314834,56.375148438292804
38.33440153508113,56.40224395378321
37.78815426895099,56.42549508136132
37.24239031594129,56.44479886557586
36.697167166134015,56.460055652085934
36.152540456031524,56.47116909737246
35.60856399352004,56.47804616702947
35.06528978964856,56.48059712350371
34.522768096590056,56.47873550416554
33.98104745115248,56.47237809059687
33.440174723214845,56.46144486997451
32.900195168477296,56.44585898941115
32.361152484932994,56.42554670409223
31.823088872492644,56.400437320016124
31.286045095219322,56.37046313211
30.75006054566029,56.33555935845291
30.215173310794025,56.29566407129521
29.681420239143154,56.25071812551762
29.148837008637464,56.20066508512686
28.617458194844634,56.145451148337145
28.087317339219837,56.08502507174004
27.558447017057976,56.01933809401808
27.030878904864323,55.94834385961257
26.504643846889888,55.871998342711656
25.979771920607128,55.790259771882695
25.456292500929454,55.703088555632974
24.934234323003945,55.61044720914475
24.41362554343123,55.51230028239527
23.89449379978896,55.4086142898391
23.376866268356395,55.2993576417997
22.86076971995656,55.18450057768885
22.346230573850075,55.06401510114651
21.833274949630418,54.93787491717068
21.32192871708482,54.80605537128516
20.812217543997505,54.668533390774094
20.30416694188358,54.52528742799546
19.797802309651715,54.37629740577002
19.29314897520266,54.221544664829366
18.790232234978227,54.061011913294735
18.289077391482085,53.89468317814841
17.78970978879916,53.72254375865061
17.292154846145525,53.5445801816476
16.79643808948428,53.360780158710725
16.30258518124655,53.17113254504041
15.81062194819906,52.975627300066044
15.320574407502097,52.77425544966863
14.832468791002945,52.56700904995114
14.346331567811266,52.353881152479914
13.86218946520341,52.1348657709191
13.380069487903151,51.90995784898
12.899998935786407,51.679153229607174
12.422005420057278,51.44244862532345
11.946116877942487,51.19984158965721
11.472361585950562,50.951330489576264
11.000768171741594,50.69691447885436
10.53136562465237,50.43659347229792
10.064183304920846,50.170368120762944
9.59925095165289,49.89823978689375
9.136598689573043,49.620210521518
8.676257034600013,49.33628304063473
8.218256898286327,49.04646070293466
7.762629591160408,48.75074748779481
7.3094068250081055,48.44914797369244
6.858620714129405,48.141667316985675
6.410303775604847,47.828311231011604
5.964488928604899,47.50908596545526
5.521209492774221,47.183998285945925
5.080499185721577,46.853055453840376
4.642392119644784,46.51626520615543
4.2069227971189065,46.17363573561561
3.7741261060745708,45.825175670784446
3.3440373139920077,45.470894056251254
2.9166920613351603,45.11080033284843
2.492126354248864,44.74490431787723
2.0703765565407815,44.3732161853234
1.6514793809684487,43.99574644604706
1.235471879850363,43.61250592793469
0.8223914350186665,43.22350575600409
0.4122757471294802,42.82875733245681
0.0051628243454350025,42.428272316675574
-0.398909029596633,42.02206260516804
-0.7999012279215192,41.610140311461315
-1.1977749139454403,41.19251774595562
-1.5924909747920266,40.76920739574879
-1.9840100556886875,40.34022190444728
-2.37229257483956,39.90557405198309
-2.7572987388734003,39.46527673445996
-3.1389885588670827,39.0193429440564
-3.517321866947791,38.56778574901712
-3.8922583334796017,38.110618273769134
-4.263757484842925,37.647853679203074
-4.631778721818216,37.17950514316512
-4.996281338588543,36.70558584121008
-5.357224542378957,36.22610892767097
-5.714567473754235,35.741087517106315
-6.068269227600379,35.25053466619172
-6.418288874819429,34.754463356128525
-6.764585484771459,34.25288647564852
-7.107118148502411,33.74581680470045
-7.445846002801329,33.23326699891093
-7.780728255135948,32.71524957491986
-8.111724209521238,32.19177689669846
-8.438793293381567,31.66286116296568
-8.761895085473522,31.128514395828326
-9.080989344943292,30.588748430778708
-9.396036041599661,30.04357490819377
-9.706995387491377,29.493005266489853
-10.013827869885626,28.93705073709797
-10.31649428575296,28.375722341436084
-10.614955777872812,27.80903089006673
-10.90917387268326,27.236986984241074
-11.199110520008402,26.65960102004368
-11.484728134806963,26.07688319536616
-11.76598964109642,25.488843519952315
-12.042858518217866,24.89549182877242
-12.31529884961826,24.296837798999928
-12.583275374338205,23.69289097087984
-12.84675354140538,23.083660772794648
-13.105699567345575,22.469156550850435
-13.360080497035357,21.8493876033228
-13.609864268132283,21.224363220319514
-13.85501977933015,20.594092729033544
-14.095516962698076,19.958585544977044
-14.331326860372672,19.317851229602663
-14.562421705882265,18.671899554733926
-14.788775010390582,18.020740574240076
-15.010361654154131,17.364384703402933
-15.227157983492546,16.70284280643325
-15.439141913573629,16.036126292600887
-15.646293037314514,15.364247221446837
-15.848592740696398,14.687218417544136
-16.04602432478233,14.005053595268972
-16.23857313471452,13.317767494031084
-16.426226695949087,12.625376024393395
-16.608974857960806,11.927896425483164
-16.786809945617875,11.225347434059609
-16.959726918385172,10.51774946555459
-17.127723537463755,9.805124807341961
-17.290800540912475,9.087497824416124
-17.448961826724094,8.364895177569524
-17.602214643741455,7.637346054050569
-17.750569790198405,6.904882410556328
-17.894041819554026,6.16753922826665
-18.032649253156222,5.425354779456753
-18.166414799121554,4.678370905032679
-18.295365576651275,3.9266333021174273
-18.419533344819307,3.1701918205747415
-18.538954734666056,2.4091007670924305
-18.653671483213824,1.6434192151587572
-18.763730667786152,0.8732113189553583
-18.869184938767237,0.0985466288611523
-18.970092748681335,-0.6804995940825311
-19.066518575210093,-1.4638460677496512
-19.15853313550272,-2.2514051859119024
-19.246213588876454,-3.0430827263412805
-19.329643724759507,-3.83877757408762
-19.40891413250456,-4.6383814643004575
-19.484122349506976,-5.441778749241545
-19.555372983908523,-6.248846194360183
-19.622777808065386,-7.059452808463584
-19.68645581892007,-7.873459713093617
-19.746533261451027,-8.690720056204594
-19.80314361149252,-9.511078975109786
-19.856427514429214,-10.33437361341447
-19.906532676582987,-11.160433196270022
-19.953613706528376,-11.989079167759792
-19.99783190409954,-12.82012539356035
-20.03935499548408,-13.65337843121301
-20.078356813530807,-14.488637869398525
-20.11501692321933,-15.325696736545819
-20.149520193132854,-16.1643419779444
-20.18205631472283,-17.004354999295664
-20.212819272129583,-17.84551227336302
-20.242006766300054,-18.687586005101018
-20.26981959809175,-19.530344849399786
-20.296461015939556,-20.373554674414375
-20.322136034458694,-21.21697936240052
-20.347050731033264,-22.060381639087478
-20.371411527969823,-22.903523921919636
-20.395424468159025,-23.7461691770188
-20.41929449236969,-24.588081774478816
-20.443224726291895,-25.429028331613313
-20.46741578524773,-26.268778534036894
-20.492065104107702,-27.107105924960106
-20.5173662994012,-27.94378865380027
-20.54350856991201,-28.778610176126044
-20.570676141229598,-29.61135989802951
-20.59904775881372,-30.441833759215886
-20.62879623315506,-31.26983475037643
-20.660088039610237,-32.09517336172091
-20.693082974486938,-32.91766796085233
-20.72793386798279,-33.737145099428645
-20.76478635366538,-34.55343974924206
-20.803778693341584,-35.36639546942752
-20.84504165541878,-36.17586450746728
-20.888698444219354,-36.98170783747335
-20.934864677180833,-37.783795139896206
-20.983648406457533,-38.582004727323756
-21.03515018113542,-39.37622342140358
-21.08946314607323,-40.16634638615026
-21.14667317328233,-40.952276923001
-21.206859021745352,-41.733926232969
-21.27009252163747,-42.511213151131834
-21.336438779042897,-43.28406385849723
-21.405956397440228,-44.05241157602657
-21.478697712452277,-44.816196245284445
-21.55470903660786,-45.575364199833174
-21.634030911134627,-46.329867831120175
-21.71669836208459,-47.07966525222184
-21.80274115838005,-47.82471996242374
-21.89218406965016,-48.565000515238566
-21.985047122003007,-49.30048019209921
-22.081345850140185,-50.031136683618534
-22.181091544467307,-50.756951779984135
-22.284291492083316,-51.47791107175774
-22.3909492107417,-52.19400366207691
-22.501064675067592,-52.90522189101104
-22.61463453448641,-53.61156107260546
-22.73165232247165,-54.31301924495439
-22.85210865685373,-55.00959693347597
-22.975991431047877,-55.70129692741804
-23.103285996159443,-56.38812406950083
-23.23397533400997,-57.07008505849966
-23.36804022119869,-57.74718826448622
-23.505459384373054,-58.41944355637876
-23.64620964692955,-59.08686214139687
-23.79026606740404,-59.74945641597596
-23.93760206983994,-60.40723982766569
-24.088189566444154,-61.060226747516516
-24.241999072855705,-61.70843235244581
-24.398999816361446,-62.351872517069594
-24.559159837397818,-62.99056371448644
-24.72244608467832,-63.62452292550534
-24.88882450428365,-64.25376755581813
-25.058260123046104,-64.87831536063003
-25.230717126552268,-65.49818437627572
-25.406158932078696,-66.11339285836584
-25.584548256764702,-66.72395922602635
-25.765847181314697,-67.32990201181197
-25.95001720951035,-67.93123981689502
-26.137019323799915,-68.52799127115016
-26.326814037219286,-69.12017499777565
-26.519361441886065,-69.70780958211131
-26.7146212542952,-70.2909135443327
-26.912552857631702,-70.86950531571968
-27.11311534130366,-71.44360321821604
-27.316267537886432,-72.01322544701416
-27.521968057657244,-72.57839005591575
-27.73017532088807,-73.13911494523578
-27.940847588053835,-73.6954178520322
-28.15394298810263,-74.24731634245855
-28.36941954492475,-74.79482780605044
-28.58723520214808,-75.33796945176991
-28.807347846378487,-75.87675830564434
-29.029715328995458,-76.41121120984762
-29.254295486605468,-76.94134482308286
-29.481046160248113,-77.46717562213547
-29.70992521344301,-77.9887199044759
-29.94089054915916,-78.50599379179927
-30.173900125782186,-79.0190132343985
-30.408911972149216,-79.52779401627467
-30.645884201716,-80.03235176089605
-30.884775025915676,-80.53270193752397
-31.12554276676421,-81.02885986802987
-31.368145868763072,-81.52084073413407
-31.612542910145894,-82.00865958500208
-31.858692613511966,-82.49233134513949
-32.106553855886254,-82.9718708225313
-32.35608567824217,-83.44729271697572
-32.60724729452061,-83.91861162856688
-32.859998100176,-84.38584206628443
-33.114297680277495,-84.84899845665201
-33.3701058171913,-85.30809515242912
-33.627382497867856,-85.7631464413047
-33.88608792075571,-86.21416655456315
-34.14618250236211,-86.6611696756963
-34.40762688347856,-87.10416994893728
-34.67038193508835,-87.54318148769435
-34.9344087639713,-87.97821838286515
-35.199668718019964,-88.40929471101343
-35.46612339128027,-88.8364245423925
-35.7337346287284,-89.25962194880098
-36.00246453079505,-89.67890101125818
-36.27227545764685,-90.09427582748785
-36.54313003323434,-90.50576051920054
-36.814991149115,-90.91336923916545
-37.087821968059025,-91.31711617806477
-37.361585927445184,-91.71701557112378
-37.636246742453395,-92.11308170451119
-37.9117684090602,-92.50532892150535
-38.188115206842866,-92.89377162842258
-38.46525170159744,-93.27842430030468
-38.74314274777576,-93.65930148636349
-39.02175349074607,-94.03641781518098
-39.30104936888168,-94.40978799966413
-39.5809961154816,-94.77942684175405
-39.861559760527335,-95.14534923688984
-40.14270663227934,-95.50757017822791
-40.42440335871674,-95.86610476061774
-40.706616868823694,-96.22096818433593
-40.98931439372572,-96.5721757585804
-41.27246346767902,-96.9197429047272
-41.556031928915935,-97.26368515935249
-41.839987920349536,-97.60401817702271
-42.124299890140136,-97.94075773285617
-42.40893659212668,-98.27391972485962
-42.69386708612582,-98.6035201760433
-42.97906073810137,-98.92957523631861
-43.26448722020692,-99.25210118418231
-43.55011651070443,-99.5711144281916
-43.835918893761324,-99.88663150823444
-44.12186495912895,-100.19866909659945
-44.40792560170506,-100.50724399885034
-44.69407202098293,-100.81237315450937
-44.98027572038997,-101.1140736375545
-45.26650850651838,-101.41236265673543
-45.55274248825065,-101.7072575557132
-45.83895007578266,-101.99877581302836
-46.12510397954699,-102.2869350419027
-46.41117720903928,-102.57175298987954
-46.697143071550414,-102.8532475383077
-46.98297517080723,-103.1314367016739
-47.268647405524504,-103.406338626789
-47.554133967871145,-103.67797159183255
-47.839409341853205,-103.94635400526131
-48.124448301616624,-104.21150440458601
-48.40922590967254,-104.47344145502153
-48.693717515047844,-104.73218394801563
-48.97789875136394,-104.9877507996605
-49.261745534846455,-105.24016104899236
-49.545234062268726,-105.48943385618352
-49.82834080883189,-105.7355885006317
-50.11104252598438,-105.9786443789511
-50.393316239183626,-106.21862100286964
-50.675139245602786,-106.45553799703704
-50.9564891117853,-106.68941509674777
-51.237343671249945,-106.92027214558325
-51.5176810220493,-107.1481290929777
-51.79747952428426,-107.37300599171115
-52.07671779757737,-107.59492299533434
-52.35537471850763,-107.81390035552872
-52.63342941800958,-108.0299584194059
-52.91086127873911,-108.24311762674992
-53.18764993240893,-108.45339850720609
-53.46377525709596,-108.66082167741993
-53.7392173745235,-108.8654078381296
-54.013956647320555,-109.06717777121514
-54.28797367626089,-109.26615233670785
-54.56124929748432,-109.46235246976275
-54.833764579702574,-109.65579917759737
-55.10550082139219,-109.84651353639968
-55.37643954797688,-110.0345166882079
-55.64656250900155,-110.21982983776525
-55.915851675300296,-110.40247424935195
-56.1842892361607,-110.58247124359727
-56.451857596486484,-110.7598421942738
-56.71853937396075,-110.93460852507675
-56.98431739621194,-111.10679170639
-57.249174697984394,-111.27641325204154
-57.51309451831578,-111.44349471605018
-57.776060297723056,-111.60805768936561
-58.038055675399164,-111.77012379660351
-58.29906448642205,-111.929714692778
-58.559070758977974,-112.08685206003268
-58.818058711600855,-112.24155760437222
-59.07601275042923,-112.3938530523961
-59.33291746648265,-112.54376014803586
-59.588757632958995,-112.69130064929736
-59.84351820255424,-112.8364963250096
-60.097184304806284,-112.979368951581
-60.34974124346409,-113.11994030976477
-60.601174493883754,-113.25823218143438
-60.851469700452604,-113.39426634637009
-61.10061267404276,-113.52806457905777
-61.34858938949531,-113.659648645501
-61.59538598313632,-113.78904030004708
-61.84098875032569,-113.91626128222826
-62.085384143040116,-114.04133331361855
-62.328558767490875,-114.16427809470719
-62.570499381777715,-114.28511730178937
-62.811192893579516,-114.40387258387481
-63.05062635788264,-114.52056555961502
-63.28878697474789,-114.63521781424944
-63.525662087116565,-114.74785089657153
-63.76123917865657,-114.85848631591477
-63.995505871649115,-114.96714553915947
-64.22844992491656,-115.07384998776044
-64.460059231792,-115.17862103479632
-64.69032181813111,-115.28148000204057
-64.91922584036666,-115.38244815705478
-65.14675958360608,-115.48154671030422
-65.37291145977248,-115.57879681229642
-65.59767000578937,-115.67421955074268
-65.8210238818094,-115.76783594774284
-66.04296186948727,-115.8596669569936
-66.2634728702971,-115.94973346102059
-66.48254590389406,-116.03805626843437
-66.70017010652091,-116.12465611121056
-66.91633472945887,-116.20955364199419
-67.13102913752307,-116.29276943142852
-67.34424280760288,-116.3743239655086
-67.55596532724633,-116.45423764295927
-67.76618639328903,-116.53253077263831
-67.97489581052737,-116.60922357096446
-68.18208349043543,-116.68433615937052
-68.38773944992587,-116.75788856178174
-68.59185381015412,-116.82990070211957
-68.79441679536578,-116.9003924018308
-68.99541873178684,-116.96938337744226
-69.19485004655623,-117.03689323814129
-69.39270126670046,-117.10294148338178
-69.58896301814985,-117.16754750051639
-69.78362602479582,-117.23073056245437
-69.97668110758875,-117.29250982534577
-70.16811918367601,-117.35290432629169
-70.3579312655795,-117.41193298108088
-70.54610846041206,-117.46961458195273
-70.73264196913232,-117.5259677953868
-70.9175230858372,-117.58101115991894
-71.10074319709156,-117.63476308398421
-71.2822937812942,-117.6872418437866
-71.4621664080796,-117.73846558119573
-71.64035273775463,-117.78845230167072
-71.81684452076965,-117.83721987221121
-71.99163359722307,-117.88478601933572
-72.16471189639871,-117.93116832708746
-72.33607143633523,-117.9763842350678
-72.50570432342676,-118.02045103649726
-72.67360275205398,-118.06338587630464
-72.83975900424493,-118.10520574924368
-73.00416544936452,-118.14592749803815
-73.16681454383222,-118.18556781155492
-73.32769883086675,-118.22414322300533
-73.48681094025727,-118.26167010817512
-73.64414358816012,-118.29816468368273
-73.79968957692004,-118.33364300526621
-73.9534417949155,-118.368120966099
-74.10539321642685,-118.40161429513437
-74.25553690152663,-118.43413855547888
-74.40386599599134,-118.46570914279474
-74.55037373123353,-118.49634128373133
-74.69505342425366,-118.52605003438572
-74.83789847761065,-118.55485027879259
-74.97890237941057,-118.58275672744307
-75.11805870331241,-118.60978391583322
-75.2553611085502,-118.63594620304153
-75.39080333997083,-118.6612577703359
-75.52437922808639,-118.68573261980993
-75.65608268914079,-118.70938457304848
-75.78590772518939,-118.73222726982266
-75.91384842419116,-118.75427416681396
-76.0398989601126,-118.77553853636773
-76.16405359304252,-118.79603346527578
-76.28630666931724,-118.81577185358816
-76.40665262165516,-118.83476641345385
-76.52508596930032,-118.85302966799043
-76.64160131817424,-118.87057395018266
-76.75619336103502,-118.88741140180954
-76.86885687764361,-118.9035539724001
-76.97958673493618,-118.91901341821732
-77.08837788720233,-118.9338013012705
-77.19522537626818,-118.94792898835549
-77.30012433168416,-118.96140765012262
-77.40306997091659,-118.97424826017233
-77.5040575995429,-118.98646159417812
-77.60308261144965,-118.99805822903646
-77.70014048903292,-119.00904854204352
-77.79522680340087,-119.01944271009849
-77.88833721457759,-119.02925070893298
-77.97946747170815,-119.03848231236648
-78.06861341326429,-119.04714709158712
-78.15577096725036,-119.05525441445789
-78.24093615140917,-119.06281344484765
-78.32410507342736,-119.06983314198652
-78.40527393113992,-119.0763222598456
-78.48443901273369,-119.08228934654022
-78.56159669694938,-119.08774274375664
-78.63674345328184,-119.09269058620157
-78.70987584217848,-119.09714080107433
-78.78099051523532,-119.10110110756091
-78.8500842153907,-119.10457901634979
-78.91715377711633,-119.10758182916892
-78.9821961266054,-119.11011663834346
-79.04520828195776,-119.11219032637372
-79.10618735336172,-119.11380956553315
-79.16513054327271,-119.11498081748557
-79.22203514658833,-119.11571033292131
-79.27689855081965,-119.11600415121194
-79.32971823625907,-119.11586810008293
-79.3804917761441,-119.11530779530389
-79.42921683681728,-119.11432864039584
-79.47589117788216,-119.11293582635525
-79.52051265235522,-119.11113433139423
-79.56307920681364,-119.10892892069644
-79.60358888153878,-119.10632414618833
-79.6420398106558,-119.10332434632532
-79.6784302222687,-119.09993364589238
-79.71275843859132,-119.09615595581877
-79.74502287607399,-119.09199497300638
-79.775222045526,-119.08745418017128
-79.80335455223363,-119.08253684569831
-79.82941909607419,-119.0772460235081
-79.85341447162551,-119.07158455293626
-79.87533956827136,-119.06555505862455
-79.89519337030262,-119.0591599504234
-79.91297495701423,-119.0524014233058
-79.9286835027979,-119.04528145729202
-79.94231827723077,-119.03780181738513
-79.95387864515988,-119.02996405351679
-79.96336406678252,-119.02176950050338
-79.97077409772257,-119.01321927801209
-79.97610838910273,-119.00431429053666
-79.97936668761274,-118.99505522738293
-79.98054883557376,-118.98544256266378
-79.97965477099858,-118.97547655530347
-79.97668452764815,-118.96515724905119
-79.971638235084,-118.9544844725037
-79.96451611871697,-118.94345783913728
-79.95531849985211,-118.93207674734859
-79.94404579572964,-118.92034038050464
-79.93069851956231,-118.9082477070018
-79.91527728056896,-118.89579748033397
-79.8977827840043,-118.88298823916972
-79.87821583118513,-118.86981830743896
-79.85657731951278,-118.8562857944287
-79.832868242492,-118.84238859488829
-79.80708968974612,-118.82812438914432
-79.77924284702881,-118.81349064322528
-79.74932899623207,-118.79848460899599
-79.71734951539077,-118.7831033243025
-79.68330587868364,-118.76734361312707
-79.64719965643089,-118.75120208575387
-79.6090325150881,-118.73467513894572
-79.56880621723694,-118.71775895613172
-79.52652262157221,-118.70044950760665
-79.48218368288583,-118.68274255074198
-79.43579145204708,-118.66463363020912
-79.38734807597989,-118.64611807821518
-79.33685579763657,-118.62719101475145
-79.28431695596854,-118.60784734785534
-79.22973398589367,-118.58808177388585
-79.17310941826068,-118.56788877781307
-79.11444587981028,-118.54726263352218
-79.0537460931335,-118.5261974041325
-78.99101287662693,-118.50468694233167
-78.9262491444452,-118.48272489072573
-78.85945790645056,-118.4603046822055
-78.79064226816003,-118.43741954032974
-78.71980543068965,-118.41406247972525
-78.6469506906966,-118.39022630650496
-78.57208144031871,-118.36590361870394
-78.49520116711192,-118.3410868067342
-78.41631345398562,-118.31576805385848
-78.3354219791362,-118.28993933668376
-78.25253051597858,-118.26359242567476
-78.16764293307648,-118.23671888568806
-78.08076319407122,-118.20931007652732
-77.99189535760931,-118.18135715351983
-77.90104357726906,-118.1528510681153
-77.80821210148669,-118.12378256850705
-77.71340527348171,-118.09414220027594
-77.61662753118236,-118.06392030705798
-77.51788340715093,-118.03310703123557
-77.41717752850957,-118.00169231465297
-77.31451461686676,-117.96966589935666
-77.20989948824483,-117.93701732836067
-77.10333705300876,-117.90373594643746
-76.9948323157968,-117.86981090093467
-76.88439037545312,-117.83523114261823
-76.77201642496301,-117.79998542654215
-76.6577157513909,-117.76406231294524
-76.54149373582177,-117.72745016817531
-76.42335585330642,-117.69013716564093
-76.30330767281075,-117.65211128679131
-76.18135485716996,-117.61336032212441
-76.05750316304795,-117.57387187222369
-75.93175844090231,-117.53363334882367
-75.80412663495572,-117.49263197590457
-75.67461378317398,-117.45085479081631
-75.54322601725161,-117.40828864543207
-75.4099695626052,-117.36492020733158
-75.27485073837533,-117.32073596101431
-75.13787595743774,-117.27572220914276
-74.99905172642403,-117.22986507381609
-74.85838464575289,-117.18315049787392
-74.71588140967239,-117.1355642462309
-74.57154880631384,-117.08709190724146
-74.42539371775803,-117.03771889409576
-74.27742312011452,-116.98743044624588
-74.12764408361474,-116.93621163086308
-73.97606377271931,-116.88404734432578
-73.82268944624074,-116.8309223137384
-73.66752845748178,-116.77682109848102
-73.5105882543904,-116.72172809178987
-73.35187637973216,-116.66562752236864
-73.19140047128055,-116.60850345603053
-73.02916826202603,-116.55033979737105
-72.8651875804048,-116.49112029147138
-72.69946635054758,-116.43082852563236
-72.53201259254965,-116.36944793113892
-72.36283442276243,-116.3069617850549
-72.19194005410773,-116.24335321204809
-72.01933779641514,-116.17860518624542
-71.84503605678343,-116.11270053311816
-71.66904333996668,-116.04562193139687
-71.49136824878593,-115.97735191501614
-71.31201948456685,-115.90787287508886
-71.13100584760434,-115.83716706190974
-70.94833623765489,-115.7652165869881
-70.76401965445693,-115.69200342510952
-70.57806519828047,-115.61750941642647
-70.39048207050607,-115.54171626857729
-70.20127957423436,-115.46460555883367
-70.01046711492641,-115.3861587362763
-69.81805420107555,-115.30635712399832
-69.62405044491156,-115.22518192133663
-69.42846556313748,-115.14261420613045
-69.23130937769982,-115.0586349370073
-69.03259181659259,-114.97322495569584
-68.83232291469578,-114.8863649893654
-68.63051281464872,-114.79803565299207
-68.42717176775882,-114.70821745175084
-68.2223101349461,-114.6168907834337
-68.01593838772409,-114.52403594089357
-67.8080671092172,-114.42963311451317
-67.59870699521527,-114.33366239469933
-67.38786885526532,-114.23610377440191
-67.1755636138011,-114.13693715165716
-66.96180231131041,-114.03614233215524
-66.74659610554066,-113.93369903183157
-66.52995627274277,-113.82958687948162
-66.31189420895358,-113.72378541939901
-66.09242143131696,-113.61627411403614
-65.8715495794436,-113.50703234668747
-65.64929041680958,-113.39603942419471
-65.42565583219384,-113.28327457967384
-65.20065784115442,-113.16871697526328
-64.97430858754325,-113.05234570489284
-64.74662034505977,-112.93413979707339
-64.51760551884281,-112.81407821770603
-64.28727664710092,-112.69213987291131
-64.05564640278041,-112.568303611877
-63.82272759527144,-112.44254822972465
-63.5885331721512,-112.31485247039403
-63.35307622096433,-112.18519502954499
-63.11636997103975,-112.05355455747626
-62.87842779534368,-111.9199096620604
-62.63926321236819,-111.78423891169443
-62.398889888054725,-111.64652083826537
-62.157321637752105,-111.50673394013013
-61.91457242820813,-111.3648566851089
-61.67065637959419,-111.22086751349127
-61.42558776756212,-111.07474484105445
-61.17938102533233,-110.92646706209266
-60.93205074581263,-110.77601255245665
-60.68361168374638,-110.62335967260285
-60.43407875788939,-110.46848677065076
-60.18346705321435,-110.3113721854479
-59.931791823141694,-110.15199424964102
-59.67906849179582,-109.99033129275283
-59.425312656285406,-109.82636164426265
-59.17054008900666,-109.66006363669014
-58.91476673996815,-109.49141560868087
-58.658008739135845,-109.32039590809207
-58.40028239879702,-109.14698289507766
-58.14160421594151,-108.97115494517084
-57.88199087465892,-108.79289045236291
-57.62145924854999,-108.61216783217664
-57.36002640315081,-108.42896552473285
-57.097709598367935,-108.2432619978082
-56.8345262909229,-108.05503574988286
-56.57049413680424,-107.86426531317575
-56.30563099372522,-107.67092925666608
-56.039954923585405,-107.47500618909882
-55.77348419493425,-107.27647476197224
-55.50623728543454,-107.07531367250543
-55.23823288432381,-106.87150166658382
-54.969489894871714,-106.66501754168016
-54.700027436831064,-106.45584014974885
-54.42986484888054,-106.24394840009148
-54.1590216910568,-106.0293212621906
-53.88751774717367,-105.81193776850971
-53.615373027226326,-105.59177701725656
-53.342607769777885,-105.36881817510739
-53.06924244432617,-105.143040479889
-52.79529775364822,-104.91442324321612
-52.520794636120044,-104.68294585308116
-52.24575426800911,-104.44858777639325
-51.97019806573709,-104.21132856146357
-51.69414768811023,-103.97114784043413
-51.417625038514714,-103.72802533164626
-51.14065226707448,-103.48194084194638
-50.86325177276862,-103.2328742689248
-50.585446205505875,-102.98080560308503
-50.307258468153265,-102.72571492993973
-50.02871171851619,-102.46758243202977
-49.74982937126718,-102.20638839086325
-49.47063509982039,-101.94211318877039
-49.19115283814905,-101.67473731067099
-48.91140678254289,-101.40424134575082
-48.63142139330268,-101.13060598904283
-48.35122139636889,-100.85381204291002
-48.07083178488146,-100.57384041842553
-47.79027782066773,-100.29067213664683
-47.50958503565548,-100.00428832977946
-47.22877923320793,-99.71467024222733
-46.947886489377744,-99.4217992315249
-46.66693315407677,-99.12565676914812
-46.38594585215851,-98.82622444119988
-46.10495148440999,-98.52348394896639
-45.823977228449934,-98.21741710934069
-45.543050539529936,-97.90800585510961
-45.262199151235315,-97.59523223510041
-44.981451076082415,-97.27907841418379
-44.700834606008925,-96.95952667312933
-44.42037831275376,-96.63655940831046
-44.14011104812314,-96.31015913125522
-43.86006194413928,-95.98030846803977
-43.580260413068146,-95.6469901585218
-43.30073614732255,-95.31018705541055
-43.02151911923698,-94.96988212317103
-42.74263958071021,-94.62605843675982
-42.46412806271203,-94.27869918019
-42.18601537464973,-93.9277876449234
-41.90833260359062,-93.57330722808804
-41.63111111333607,-93.21524143051933
-41.35438254334278,-92.85357385462393
-41.07817880748683,-92.48828820206516
-40.80253209266566,-92.11936827126951
-40.52747485723319,-91.74679795475411
-40.25303982926302,-91.37056123627555
-39.979260004634206,-90.99064218780056
-39.706168644934344,-90.60702496630016
-39.4337992751737,-90.21969381036887
-39.162185681304656,-89.82863303667142
-38.89136190753967,-89.43382703622017
-38.621362253460966,-89.03526027048675
-38.35222127091479,-88.63291726735264
-38.08397376068237,-88.22678261690392
-37.81665476891949,-87.81684096707622
-37.550299583355915,-87.40307701915712
-37.284943729245335,-86.98547552315398
-37.020622965056,-86.56402127303652
-36.75737327789125,-86.1386991018641
-36.495230878628774,-85.70949387680977
-36.234232196766236,-85.27639049409348
-35.97441387496033,-84.839373873839
-35.71581276324517,-84.39842895487043
-35.45846591291491,-83.95354068946556
-35.20241057005454,-83.50469403808552
-34.94768416870121,-83.0518739641018
-34.694324323617614,-82.5950654285436
-34.44236882265695,-82.13425338489124
-34.19185561869801,-81.66942277394278
-33.94282282112681,-81.20055851878443
-33.695308686839724,-80.72764551989722
-33.44935161074085,-80.25066865043583
-33.20499011570457,-79.76961275171804
-32.962262841971665,-79.28446262896715
-32.721208535945294,-78.79520304735237
-32.48186603835031,-78.30181872837694
-32.244274271716655,-77.80429434666665
-32.00847222714476,-77.3026145272166
-31.774498950307503,-76.7967638431582
-31.54239352663995,-76.28672681411307
-31.312195065664582,-75.77248790520603
-31.083942684395602,-75.25403152681491
-30.857675489762084,-74.73134203514026
-30.633432559985117,-74.2044037336849
-30.411252924839534,-73.6732008757395
-30.191175544725866,-73.13771766797761
-29.973239288472993,-72.59793827527058
-29.75748290978631,-72.0538468268414
-29.54394502225055,-71.5054274238842
-29.3326640727902,-70.95266414878512
-29.12367831348401,-70.3955410760894
-28.91702577162346,-69.8340422853696
-28.71274421789791,-69.26815187615942
-28.510871132581947,-68.69785398512853
-28.311443669592855,-68.12313280568502
-28.114498618278326,-67.543972610203
-27.920072362786524,-66.96035777508521
-27.728200838862442,-66.37227280888244
-27.538919487906245,-65.77970238370388
-27.35226320812086,-65.18263137016558
-27.16826630256789,-64.58104487613645
-26.986962423942625,-63.97492828955443
-26.808384515871044,-63.36426732559789
-26.632564750524086,-62.749048078509695
-26.459534462337373,-62.1292570783833
-26.289324077618243,-61.50488135323147
-26.121963039816457,-60.87590849666824
-25.957479730230634,-60.242326741543835
-25.795901383919574,-59.60412503987942
-25.63725400058653,-58.961293149453944
-25.481562250205354,-58.31382172739808
-25.32884937316091,-57.66170243114995
-25.179137074682554,-57.00492802712362
-25.032445413359163,-56.343492507433126
-24.88879268353801,-55.677391215002096
-24.74819529142801,-55.00662097736981
-24.61066762475139,-54.33118024947968
-24.47622191581708,-53.65106926570294
-24.34486809792506,-52.96629020130927
-24.216613655054083,-52.27684734354492
-24.091463464836618,-51.582747272417876
-23.969419634884837,-50.88399905121617
-23.850481332601554,-50.18061442669997
-23.73464460869006,-49.47260803880804
-23.621902214668143,-48.75999763960552
-23.512243414794337,-48.04280432106915
-23.405653792929552,-47.32105275116069
-23.30211505498425,-46.59477141747585
-23.201604827740937,-45.863992877576194
-23.104096454993364,-45.12875401491539
-23.00955879210654,-44.38909629905832
-22.91795600027517,-43.64506604866495
-22.829247341939926,-42.896714695470465
-22.743386979009664,-42.14409904724401
-22.660323775730262,-41.38728154745099
-22.58000110823374,-40.6263305290859
-22.50235668299073,-39.86132045988628
-22.427322366570387,-39.09233217589264
-22.354824029278724,-38.319453100089326
-22.28478140539323,-37.54277744265635
-22.21710797283143,-36.76240637919172
-22.151710855176827,-35.97844820313549
-22.088490749029752,-35.191018448553066
-22.027341879645824,-34.40023997942357
-21.968151987763658,-33.60624304164156
-21.910802350399642,-32.80916527408363
-21.8551678381957,-32.00915167532431
-21.801117011641512,-31.2063545229141
-21.74851225815362,-30.4009332425584
-21.6972099715802,-29.59305422506124
-21.64706077521402,-28.782890589518807
-21.597909788843,-27.97062189195734
-21.549596939755812,-27.156433779398537
-21.501957316960127,-26.340517590187353
-21.45482156717808,-25.52306990231454
-21.408016330473032,-24.704292032386498
-21.36136471265333,-23.884389488814506
-21.314686790911953,-23.063571383686227
-21.26780014851669,-22.242049808618408
-21.220520433784333,-21.420039180642625
-21.172661938073528,-20.597755564821234
-21.124038187131486,-19.775415980804596
-21.07446253984414,-18.953237700905827
-21.023748788277437,-18.13143754747062
-20.971711752866106,-17.310231197350735
-20.91816786670597,-16.48983250114764
-20.862935743134045,-15.670452824583277
-20.805836721128895,-14.852300418887992
-20.74669538352033,-14.03557982648824
-20.685340043546116,-13.220491327549645
-20.621603195916588,-12.407230432108712
-20.55532192922478,-11.59598742163632
-20.486338297249322,-10.786946942945953
-20.414499647418815,-9.980287656417039
-20.339658905419814,-9.176181939575631
-20.261674815617326,-8.374795646184511
-20.18041213760157,-7.576287920163725
-20.09574179976385,-6.780811062907399
-20.007541011328325,-5.988510451896381
-19.91569333471776,-5.1995245079375225
-19.82008872050643,-4.413984707893918
-19.720623507510933,-3.6320156394070677
-19.61720039079114,-2.853735093849304
-19.509728360482484,-2.0792541935778073
-19.398122614462356,-1.3086775494827387
-19.28230444787401,-0.5421034448223985
-19.16220112249851,0.22037595859204692
-19.037745718886335,0.9786743956715338
-18.908876974043736,1.7327112584168358
-18.775539107321645,2.4824113447983693
-18.63768163698538,3.227704599325784
-18.49525918975706,3.9685258482246213
-18.348231305426697,4.704814531866066
-18.196562238427067,5.436514436820712
-18.04022075806652,6.1635734296342415
-17.87917994891655,6.885943194156845
-17.713417012660337,7.603578974002945
-17.542913072527117,8.316439321476315
-17.36765298126647,9.024485854070143
-17.18762513345814,9.727683019443289
-17.002821282807304,10.425997869583808
-16.813236364942565,11.119399844698979
-16.618868326114477,11.807860567217283
-16.41971795808595,12.491353646151769
-16.21578873941158,13.16985449195494
-16.0070866832207,13.843340141891945
-15.79362019154762,14.511789095870345
-15.575399916191333,15.175181162589752
-15.35243862603554,15.833497315812213
-15.124751080716536,16.486719560502873
-14.892353910491336,17.134830808549346
-14.655265502129822,17.77781476373591
-14.413505890632461,18.415655815624216
-14.167096656558174,19.048338941974666
-13.916060828734757,19.675849619331057
-13.660422792116037,20.298173741384428
-13.400208200545444,20.915297544729953
-13.135443894183886,21.527207541632116
-12.866157821360783,22.13389045941775
-12.592378964610026,22.735333186123533
-12.31413727065728,23.331522722033334
-12.031463584131181,23.922446136751287
-11.744389584778096,24.50809053146806
-11.452947727968175,25.088443006090436
-11.157171188289109,25.6634906309173
-10.857093806033125,26.233220422558887
-10.552750036392196,26.79761932380974
-10.244174901186033,27.356674187199715
-9.931403942957106,27.910371761961084
-9.614473181276542,28.458698684163313
-9.293419071114261,29.00164146978039
-8.968278463136045,29.5391865104685
-8.63908856579933,30.07132007184439
-8.3058869091284,30.59802829406695
-7.968711310058139,31.119297194536163
-7.627599839243818,31.63511267253489
-7.2825907892422626,32.14546051564968
-6.9337226439773225,32.65032640781712
-6.581034049409843,33.14969593885203
-6.224563785339182,33.643554615323445
-5.864350738269911,34.131887872652854
-5.5004338752835675,34.614681088318186
-5.132852218861208,35.091919596054815
-4.761644822608115,35.56358870095278
-4.386850747837297,36.02967369535679
-4.0085090409734105,36.49015987548248
-3.6266587117434437,36.945032558669354
-3.2413387121249464,37.39427710119696
-2.8525879160267924,37.83787891659723
-2.4604450996814022,38.27582349440155
-2.0649489227310798,38.708096419266965
-1.6661379099946356,39.134683390431064
-1.264050433903777,39.55557024145047
-0.8587246976018632,39.97074296018275
-0.4501987187005881,40.38018770897632
-0.03851031369292737,40.78389084503782
0.3763029169766626,41.181838940950435
0.7942036031813133,41.574018805321714
1.215154618714219,41.96041750354297
1.6391190942164,42.34102237864712
2.066060429419481,42.71582107225535
2.4959423046911478,43.08480154560751
2.9287286918689754,43.44795210067438
3.3643838643664163,43.805261401354535
3.80287240653291,44.15671849476163
4.244159222248293,44.50231283261211
4.688209542729984,44.84203429272682
5.134988933529715,45.17587320066362
5.5844633006949715,45.50382035150187
6.036598896068677,45.82586703180305
6.491362321699076,46.142005041775334
6.948720533330237,46.45222671767359
7.408640842942041,46.756524954469576
7.87109092030701,47.054893228830664
8.336038793529827,47.3473256224487
8.803452848533928,47.63381684576417
9.273301827458054,47.91436226213395
9.745554825924236,48.1889579124943
10.220181289137205,48.45760054057397
10.697151006773913,48.72028761871524
11.176434106620377,48.977017374364046
11.65800104691185,49.227788817292875
12.14182260733096,49.472601767623274
12.627869878617371,49.711456884717066
13.116114250741306,49.94435569700827
13.606527399592343,50.17130063284946
14.099081272133986,50.39229505244866
14.593748069973786,50.607343280974476
15.090500231298249,50.81645064290843
15.589310411121366,51.01962349772467
16.090151459795617,51.216869276977626
16.592996399734375,51.40819652287832
17.097818400295242,51.59361492843969
17.604590750774676,51.77313537926993
18.113286831465672,51.94676999709133
18.623880082732057,52.1145321850593
19.136343972055357,52.276436674952905
19.65065195901314,52.43249957630359
20.166777458151618,52.58273842752365
20.684693799719625,52.727172249088575
21.20437418823651,52.86582159882011
21.725791658872872,52.998708629306655
22.248919031630358,53.12585714748704
22.773728863315284,53.247292676410716
23.300193397310665,53.36304251917266
23.828284511162217,53.47313582500503
24.357973662006636,53.577603657488524
24.889231829884345,53.67647906482565
25.422029458994786,53.76979715209476
25.95633639696966,53.85759515537802
26.492121832258853,53.93991251762788
27.029354229744673,54.0167909661061
27.568001264723254,54.088274591195244
28.10802975541656,54.1544099263467
28.649405594205437,54.21524602889004
29.192093677802635,54.27083456138705
29.736057836615263,54.32122987316978
30.281260763578086,54.36648908165582
30.82766394277283,54.406672152985585
31.375227578183324,54.44184198147656
31.92391052297224,54.47206446733866
32.47367020970167,54.497408592042746
33.02446258195627,54.51794649068276
33.57624202786426,54.533753520620856
34.128961316046826,54.5449083256554
34.682571534560616,54.551492894904634
35.237022033429405,54.55359261555531
35.79226037138997,54.55129631858722
36.34823226750149,54.54469631655134
36.90488155828782,54.53388843245443
37.4621501610959,54.51897201878599
38.019978044360684,54.50004996571687
38.578303205466405,54.47722869750408
39.13706165688454,54.45061815615379
39.69618742124988,54.42033177142674
40.25561253600663,54.38648641631743
40.81526706821578,54.34920234720186
41.375079140062724,54.30860312792887
41.934974965539816,54.2648155372282
42.49487889870208,54.21796945892297
43.054713493806155,54.16819775456707
43.61439957754261,54.115636118275994
44.17385633346155,54.06042291368394
44.73300139857137,54.00269899313656
45.29175097196266,53.94260749941792
45.85001993517496,53.88029365050652
46.40772198388561,53.81590450805889
46.96476977035951,53.749588730523165
47.5210750559596,53.68149631198896
48.07654887288103,53.611778308076936
48.63110169414308,53.540586550359414
49.184643610751785,53.46807335097732
49.73708451483792,53.394391199274686
50.28833428748069,53.31969245240637
50.83830298985026,53.24412902198435
51.38690105624393,53.16785205890919
51.93403948755226,53.091011638585464
52.47963004367557,53.01375644873935
53.023585433415995,52.936233482044685
53.56581950039842,52.858587735718665
54.10624740362256,52.78096192017214
54.64478579131815,52.703496178692966
55.18135296686393,52.626327820006686
55.71586904563678,52.5495910654001
56.248256101777365,52.47341681191282
56.77843830399101,52.397932412904645
57.30634203964333,52.32326147709597
57.83189602655751,52.249523686959
58.3550314120699,52.17683463711424
58.87568185905089,52.10530569316278
59.39378361874543,52.035043871165975
59.90927559042908,51.96615173777217
60.42209936801067,51.89872733079001
60.93219927383652,51.83286409982159
61.43952238006556,51.76865086639896
61.94401851808561,51.70617180291582
62.44564027652911,51.64550642951436
62.94434298852094,51.58672962797497
63.44008470885167,51.52991167156537
63.932826181816154,51.47511826973428
64.42253080049088,51.42241062648275
64.90916455824511,51.37184551121341
65.39269599328952,51.323475340841625
65.87309612706538,51.277348271952704
66.35033839726603,51.2335083018032
66.82439858626367,51.191995376991244
67.29525474568752,51.15284550865806
67.76288711786779,51.116090893129325
68.22727805482191,51.08176003695889
68.68841193541907,51.04987788539662
69.14627508131548,51.02046595336618
69.60085567220682,50.99354245810472
70.05214366089888,50.96912245268476
70.5001306886501,50.947217959707004
70.94481000119428,50.92783810452085
71.38617636580638,50.91098924739602
71.82422598973112,50.89667511413353
72.25895644025253,50.88489692466621
72.69036656664247,50.875653519258016
73.11845642418996,50.86894148196744
73.54322720047773,50.8647552610921
73.96468114404075,50.86308728636043
74.3828214955118,50.86392808268107
74.7976524213325,50.867266380301345
75.20917895008348,50.873089221263754
75.61740691146623,50.88138206208281
76.02234287794887,50.89212887259502
76.42399410907147,50.905312230961336
76.82236849839121,50.92091341482533
77.21747452303471,50.9389124886512
77.6093211958134,50.95928838728339
77.99791801984856,50.982018995785474
78.38327494564449,51.007081225628895
78.76540233054183,51.034451087313045
79.14431090047779,51.06410375950755
79.52001171397583,51.096013654814676
79.8925161282845,51.130154482255506
80.26183576758291,51.16649930658802
80.62798249316896,51.2050206045682
80.99096837554568,51.245690318267116
81.35080566832156,51.28847990555838
81.70750678384066,51.333360387889975
82.06108427045969,51.380302395454386
82.4115507913904,51.42927620986958
82.75891910502764,51.48025180448169
83.10320204668494,51.53319888239832
83.44441251166204,51.58808691235861
83.7825634395709,51.64488516254371
84.11766779984943,51.70356273242812
84.44973857839445,51.7640885827693
84.77878876524815,51.82643156382948
85.10483134327512,51.89056044192036
85.42787927776948,51.95644392435777
85.7479455069344,52.02405068291006
86.0650429331789,52.09334937582027
86.37918441517968,52.16430866847882
86.69038276065764,52.23689725282015
86.99865071982224,52.311083865513034
87.30400097943819,52.38683730501136
87.60644615747226,52.46412644752878
87.90599879827974,52.54292026199756
88.20267136829223,52.623187824068935
88.49647625217116,52.704898329209435
88.78742574939282,52.788021104944626
89.07553207123277,52.872525622299385
89.3608073381199,52.95838150648078
89.64326357733138,53.0455585468475
89.92291272100213,53.13402670620732
90.19976660442353,53.22375612948161
90.4738369646082,53.314717151774055
90.74513543909855,53.40688030587848
91.01367356499858,53.50021632925875
91.27946277820983,53.59469617053189
91.54251441285288,53.69029099548381
91.8028397008582,53.786972192645294
92.06044977171007,53.884711378454334
92.3153556523291,53.98348040202941
92.56756826707974,54.08325134957693
92.81709843788953,54.183996548454566
93.06395688446895,54.28568857091107
93.30815422462015,54.38830023752201
93.54970097462466,54.49180462033942
93.78860754970042,54.5961750457728
94.02488426451934,54.70138509721734
94.25854133377725,54.807408617444736
94.4895888728085,54.91421971077079
94.71803689823842,55.02179274501332
94.94389532866708,55.13010235325301
95.16717398537841,55.23912343540904
95.38788259306914,55.34883115964088
95.6060307805927,55.45920096358664
95.82162808171327,55.570208555447934
96.03468393586583,55.681829914930745
96.24520768891833,55.794041294050864
96.45320859393256,55.906819217812384
96.65869581192025,56.02014048476694
96.86167841259173,56.13398216746113
97.06216537509442,56.24832161277888
97.26016558873876,56.36313644218549
97.45568785370939,56.478404551879336
97.6487408817598,56.594104112857046
97.83933329688864,56.71021357089768
98.02747363599609,56.82671164647103
98.21317034951919,56.9435773345748
98.39643180204479,57.060789904505384
98.57726627289898,57.17832889956654
98.75568195671254,57.29617413671989
98.93168696396121,57.41430570618136
99.10528932148053,57.53270397096692
99.27649697295436,57.6513495663913
99.44531777937728,57.77022339952276
99.6117595194898,57.88930664859716
99.7758298901869,58.00858076239398
99.93753650689929,58.12802745957741
100.09688690394755,58.24762872800473
100.25388853486905,58.36736682400473
100.40854877271796,58.487224271628435
100.56087491033819,58.60718386187418
100.71087416060954,58.727228651889504
100.85855365666761,58.847341964151475
101.0039204520972,58.967507385627535
101.14698152109999,59.0877087669187
101.28774375863664,59.207930221386725
101.4262139805437,59.328156124266854
101.56239892362592,59.44837111176777
101.69630524572412,59.568560080160196
101.82793952575932,59.68870818485547
101.95730826375353,59.808800839475545
102.0844178808277,59.9288237149155
102.20927471917734,60.04876273840003
102.3318850420264,60.168604092534764
102.45225503355975,60.28833421435375
102.5703907988351,60.407939794364005
102.68629836367477,60.527407775588124
102.7999836745377,60.64672535260605
102.91145259837262,60.765879970596664
103.02071092245258,60.884859324380315
103.12776435419173,61.00365135746285
103.23261852094451,61.12224426108219
103.33527896978842,61.240626473257954
103.4357511672901,61.358786677845025
103.53404049925622,61.47671380359168
103.63015227046886,61.59439702320284
103.72409170440648,61.71182575240925
103.81586394295095,61.82898964904296
103.90547404608085,61.94587861211985
103.99292699155203,62.06248278092958
104.07822767456551,62.17879253413359
104.16138090742363,62.29479848887158
104.24239141917465,62.41049149987688
104.32126385524644,62.52586265860128
104.3980027770697,62.640903292349506
104.47261266169129,62.75560496342402
104.54509790137793,62.869959468280214
104.61546280321096,62.98395883669256
104.68371158867248,63.097595330931895
104.74984839322335,63.210861444954304
104.81387726587336,63.32374990360166
104.87580216874437,63.43625366181431
104.93562697662624,63.54836590385604
104.99335547652655,63.66008004255143
105.04899136721403,63.771389718536156
105.1025382587565,63.88228879952
105.15399967205327,63.992771379562996
105.20337903836278,64.10283177836489
105.25067969882545,64.21246454056781
105.29590490398247,64.32166443507253
105.33905781329055,64.4304264543683
105.38014149463315,64.5387458138762
105.41915892382843,64.6466179513064
105.45611298413435,64.75403852602896
105.49100646575103,64.86100341845864
105.52384206532088,64.9675087294532
105.5546223854267,65.07355077972576
105.58334993408805,65.17912610927071
105.61002712425618,65.2842314768033
105.63465627330774,65.38886385921293
105.65723960253774,65.49302045102992
105.67777923665176,65.59669866390564
105.69627720325786,65.69989612610595
105.71273543235856,65.80261068201781
105.72715575584265,65.90484039166866
105.73953990697785,66.00658353025878
105.7498895199039,66.10783858770603
105.75820612912665,66.20860426820283
105.76449116901341,66.30887948978538
105.7687459732898,66.40866338391433
105.77097177453818,66.50795529506703
105.77116970369829,66.60675478034082
105.76934078956987,66.70506160906702
105.76548595831801,66.80287576243512
105.75960603298121,66.90019743312703
105.75170173298244,66.99702702496056
105.74177367364358,67.09336515254196
105.72982236570357,67.18921264092675
105.71584821484029,67.28457052528859
105.69985152119683,67.37944005059512
105.68183247891223,67.4738226712908
105.66179117565702,67.56772005098546
105.63972759217411,67.6611340621482
105.6156416018251,67.75406678580592
105.5895329701425,67.84652051124549
105.56140135438834,67.9384977357189
105.53124630311937,68.03000116415046
105.49906725575944,68.12103370884515
105.46486354217942,68.21159848919706
105.42863438228505,68.30169883139705
105.39037888561337,68.39133826813837
105.3500960509381,68.48052053831935
105.3077847658846,68.5692495867416
105.26344380655486,68.65752956380288
105.2170718371632,68.74536482518297
105.16866740968338,68.83275993152137
105.11822896350753,68.9197196480852
105.06575482511798,69.00624894442602
105.01124320777227,69.0923529940236
104.95469221120258,69.17803717391521
104.89609982133014,69.26330706430862
104.83546390999544,69.34816844817678
104.77278223470545,69.43262731083247
104.70805243839857,69.51668983948066
104.64127204922839,69.60036242274641
104.57243848036752,69.68365165017626
104.5015490298324,69.7665643117105
104.42860088033049,69.84910739712397
104.35359109913108,69.93128809543268
104.2765166379611,70.01311379426365
104.19737433292725,70.09459207918493
104.11616090446627,70.1757307329929
104.03287295732456,70.25653773495374
103.94750698056916,70.33702125999558
103.86005934763186,70.41718967784811
103.77052631638803,70.4970515521259
103.6789040292726,70.57661563935157
103.58518851343494,70.65589088791509
103.48937568093513,70.73488643696471
103.39146132898364,70.8136116152255
103.29144114022729,70.89207593974074
103.18931068308366,70.97028911453158
103.08506541212698,71.04826102916977
102.9787006685283,71.12600175725848
102.87021168055287,71.20352155481562
102.75959356411799,71.28083085855415
102.64684132341462,71.35794028405327
102.53194985159638,71.43486062381442
102.41491393153943,71.51160284519551
102.29572823667719,71.58817808821688
102.174387331914,71.66459766323156
102.05088567462201,71.74087304845287
101.9252176157254,71.8170158873315
101.79737740087718,71.89303798577406
101.66735917173293,71.96895130919503
101.53515696732694,72.04476797939309
101.40076472555583,72.12050027124319
101.26417628477544,72.1961606091948
101.12538538551676,72.27176156356659
100.98438567232694,72.34731584662745
100.8411706957417,72.42283630845353
100.695733914396,72.49833593254988
100.5480686972795,72.57382783122605
100.39816832614424,72.64932524071341
100.24602599807193,72.72484151601216
100.0916348282086,72.80039012545566
99.9349878526746,72.87598464497877
99.77607803165834,72.95163875207705
99.61489825270245,73.02736621944263
99.45144133419119,73.10318090826287
99.28570002904836,73.17909676116663
99.11766702865545,73.25512779480327
98.9473349669996,73.33128809203869
98.7746964250616,73.4075917937525
98.59974393545437,73.48405309021977
98.4224699873227,73.56068621206072
98.24286703151489,73.63750542074106
98.06092748603797,73.71452499860573
97.87664374180753,73.79175923842774
97.69000816870404,73.86922243245475
97.50101312194757,73.94692886093414
97.3096509488028,74.02489278009878
97.11591399562658,74.10312840959436
96.91979461527045,74.18164991932937
96.72128517485015,74.26047141572926
96.520378063895,74.3396069273753
96.31706570288904,74.41907039001
96.11134055221649,74.49887563088997
95.90319512152372,74.57903635246797
95.6926219795095,74.65956611538658
95.47961376415535,74.74047832076539
95.2641631934074,74.82178619176526
95.04626307632041,74.90350275441325
94.82590632467458,74.98564081767321
94.6030859650747,75.06821295274739
94.37779515154072,75.15123147159635
94.15002717859791,75.23470840466538
93.9197754948734,75.31865547780743
93.68703371720576,75.40308408839388
93.4517956452716,75.48800528060748
93.21405527673302,75.57342971991254
92.97380682290756,75.65936766670151
92.73104472496036,75.74582894911848
92.48576367061685,75.83282293506382
92.23795861139187,75.92035850338749
91.9876247803287,76.00844401428155
91.73475771023921,76.09708727888673
91.47935325243368,76.18629552813196
91.2214075959256,76.27607538083004
90.96091728709396,76.36643281105742
90.69787924978232,76.45737311485132
90.43229080580981,76.54890087626256
90.16414969586648,76.64101993280805
89.89345410076041,76.73373334037313
89.6202026629809,76.82704333762007
89.3443945085371,76.92095130996513
89.06602926902723,77.01545775319404
88.78510710388915,77.11056223679184
88.50162872277822,77.20626336707076
88.21559540801348,77.30255875018673
87.92700903702867,77.39944495514241
87.63587210475954,77.49691747688205
87.3421877458942,77.59497069959083
87.04595975690839,77.69359786031855
86.74719261780311,77.79279101305458
86.4458915134571,77.89254099338781
86.14206235450297,77.99283738389204
85.83571179763136,78.09366848038324
85.52684726522395,78.19502125920083
85.21547696421284,78.29688134567012
84.90160990406127,78.39923298390754
84.58525591375789,78.50205900813398
84.26642565771564,78.60534081566381
83.9451306504651,78.70905834173946
83.62138327003171,78.81319003638176
83.29519676988743,78.91771284342572
82.96658528936804,79.02260218190969
82.6355638624503,79.12783192998278
82.30214842478617,79.23337441149047
81.96635581889547,79.3392003853931
81.62820379742409,79.44527903816335
81.28771102438076,79.55157797930077
80.94489707427323,79.65806324009002
80.59978242907285,79.76469927571765
80.25238847294612,79.87144897084873
79.90273748470247,79.97827364874898
79.55085262791837,80.08513308402225
79.19675793871072,80.19198551901455
78.840478311145,80.29878768391795
78.48203948027772,80.40549482058655
78.12146800284648,80.51206071005679
77.75879123563607,80.61843770374253
77.39403731156364,80.72457675825326
77.0272351135413,80.83042747376199
76.65841424618927,80.93593813582672
76.28760500548768,81.041055760548
75.91483834646966,81.1457261429229
75.54014584907243,81.24989390823532
75.16355968227568,81.35350256630313
74.78511256667011,81.45649456838291
74.40483773560915,81.55881136651693
74.02276889510804,81.66039347509101
73.63894018266286,81.76118053435772
73.25338612517008,81.86111137566833
72.86614159613296,81.96012408814667
72.47724177234586,82.05815608653062
72.08672209025057,82.1551441799021
71.69461820215984,82.25102464102326
71.30096593254311,82.34573327599625
70.90580123456762,82.43920549396572
70.50916014708446,82.53137637658752
70.11107875224404,82.62218074699338
69.71159313391927,82.71155323798936
69.3107393371066,82.79942835923723
68.90855332846657,82.88574056317904
68.50507095815487,82.97042430947992
68.10032792308442,83.0534141277786
67.69435973174652,83.13464467855214
67.2872016707075,83.21405081191882
66.87888877288337,83.29156762422082
66.46945578768228,83.36713051224764
66.05893715309082,83.44067522498031
65.64736696976685,83.51213791275529
65.2347789771876,83.58145517376643
64.82120653188929,83.64856409784227
64.40668258782091,83.71340230745416
63.991239678822915,83.77590799592882
63.57490990322925,83.83601996285577
63.15772491058053,83.89367764669652
62.739715890424854,83.94882115461742
62.32091356317378,84.00139128958256
61.90134817297145,84.05132957475587
61.48104948252707,84.09857827527364
61.06004676985353,84.14308041745916
60.63836882684864,84.18477980556119
60.216043959649916,84.22362103610538
59.793099990688965,84.2595495099556
59.369564262367916,84.29251144218762
58.94546364227706,84.32245386988242
58.52082452987051,84.34932465795016
58.09567286451513,84.3730725030984
57.6700341348269,84.39364693605998
57.243933389208806,84.41099832219659
56.81739524750399,84.42507786059421
56.39044391367922,84.43583758176567
55.963103189454586,84.44323034407425
55.5353964887968,84.44720982899001
55.10734685319586,84.44773053528803
54.67897696764655,84.44474777229468
54.25030917725915,84.43821765228428
53.82136550442628,84.42809708212533
53.39216766647576,84.41434375427032
52.9627370937422,84.39691613718016
52.533094947993696,84.3757734652684
52.10326214115234,84.35087572844685
51.67325935425139,84.32218366134903
51.243107056574466,84.2896587323031
50.81282552492577,84.25326313212135
50.382434862983246,84.2129597627689
49.951955020689915,84.16871222596883
49.52140581364144,84.12048481179723
49.090806942431016,84.06824248731675
48.6601780119157,84.01195088529312
48.229538550370535,83.95157629303458
47.79890802850013,83.88708564139053
47.36830587827915,83.81844649394161
46.93775151159614,83.74562703640949
46.50726433867684,83.66859606631148
46.07686378626572,83.58732298288152
45.64656931554608,83.50177777727556
45.21640043978113,83.41193102307693
44.786376741660135,83.31775386711365
44.35651789033531,83.21921802059778
43.92684365813671,83.1162957505935
43.49737393695359,83.00895987181875
43.068128754272216,82.89718373878297
42.639128288861016,82.78094123826112
42.21039288609523,82.66020678210253
41.78194307291403,82.53495530037108
41.35379957240414,82.40516223481173
40.92598331800456,82.27080353263673
40.49851546732794,82.13185564062341
40.0714174155946,81.98829549951425
39.644710808675946,81.84010053870864
39.218417555744324,81.6872486712346
38.79255984152708,81.52971828898785
38.36716013816278,81.36748825822458
37.94224121665792,81.20053791529342
37.51782615794287,81.02884706259151
37.093938363526,80.85239596472879
36.67060156574513,80.67116534488407
36.247839837615665,80.48513638133583
35.82567760227501,80.29429070415023
35.4041396420229,80.09861039200868
34.98325110695747,79.89807796915649
34.56303752320698,79.69267640245431
34.143524800757206,79.48238909851331
33.72473924087446,79.2671999008954
33.30670754312455,79.04709308735937
32.889456811987685,78.82205336713331
32.473014563069654,78.59206587819465
32.05740872890956,78.3571161845379
31.642667664384252,78.11719027341132
31.228820151710085,77.87227455250272
30.815895405042067,77.6223558470556
30.40392307467101,77.36742139689652
29.992933250819043,77.1074588533547
29.58295646703399,76.84245627605513
29.174023703183117,76.5724021295669
28.766166388046788,76.29728527988829
28.359416401512703,76.01709499075092
27.953806076371258,75.73182091972512
27.549368199712845,75.44145311410956
27.14613601392771,75.14598200658794
26.744143217309325,74.8453984106367
26.343423964261984,74.53969351566744
25.944012865113617,74.22885888188878
25.545944985534796,73.91288643487276
25.149255845564888,73.59176845981119
24.75398141824647,73.26549759544855
24.3601581278691,72.93406682767795
23.967822847823573,72.59746948278797
23.57701289806785,72.25569922034877
23.18776604220583,71.90875002572628
22.800120484180166,71.55661620221454
22.414114864580256,71.19929236277721
22.029788256566622,70.83677342138941
21.64718016141266,70.469054583973
21.26633050366485,70.096131338919
20.887279625922243,69.71799944719154
20.51006828323601,69.33465493200981
20.13473763712956,68.94609406810468
19.761329249239623,68.55231337054875
19.389885074578274,68.15330958315933
19.0204474544157,67.74907966647591
18.653059108782998,67.33962078531445
18.287763128593905,66.92493029590314
17.92460296738385,66.50500573260533
17.563622432664086,66.0798447942379
17.204865676887962,65.64944532999432
16.848377188025673,65.21380532498443
16.49420177974287,64.7729228854048
16.142384581177595,64.32679622335584
15.792971026308777,63.875423641324225
15.446006842908453,63.41880351635183
15.101538041068272,62.95693428391533
14.759610901289461,62.489814421543045
14.420271962123662,62.017442432199225
14.083568007350104,61.53981682746921
13.749546052672562,61.05693611058228
13.418253331917205,60.56879875931297
13.089737282709887,60.07540320880589
12.764045531608732,59.57674783437311
12.44122587866471,59.07283093431815
12.1213262813797,58.5636507128456
11.8043948380278,58.049205263120726
11.490479770301777,57.52949255054932
11.179629405242169,57.004510396354156
10.871892156401952,56.47425646153126
10.567316504194546,55.93872823127628
10.265950975367458,55.397922999978995
9.967844121537937,54.85183785689227
9.673044496720511,54.300469672590715
9.381600633769391,53.74381508634391
9.093561019651244,53.18187049453914
8.808974069455681,52.61463204029981
8.527888099042297,52.04209560445749
8.25035129621364,51.46425679804802
7.976411690293671,50.88111095651598
7.706117119980484,50.29265313582602
7.439515199330805,49.69887811069523
7.1766532817215785,49.09978037517727
6.917578421621099,48.49535414584642
6.662337333988511,47.8855933678487
6.410976351105976,47.27049172410681
6.1635413766326455,46.65004264798685
5.920077836653481,46.02423933975703
5.680630627479266,45.39307478719162
5.445244059936571,44.756541790698456
5.213961799868367,44.1146329933733
4.986826804547179,43.46734091641142
4.763881254683496,42.81465800033409
4.54516648169262,42.15657665251581
4.330722889863399,41.49308930152715
4.120589873052696,40.82418845883698
3.9148057255101256,40.14986678844679
3.7134075464189285,39.47011718505884
3.516431137721333,38.78493286140684
3.3239108947806644,38.09430744540483
3.135879689418542,37.39823508779308
2.9523687448543177,36.696710580981026
2.7734075020662337,35.98972948980413
2.5990234770905096,35.277288294922734
2.4292421087767284,34.55938454959639
2.264086596526598,33.83601705056375
2.1035777275597667,33.10718602374565
1.9477336932762563,32.372893325464204
1.796569894321947,31.633142659832515
1.6500987340130444,30.887939812914823
1.5083293998396359,30.137292904183557
1.3712676328491984,29.38121265570451
1.2389154848105266,28.61971267936159
1.1112710631791343,27.852809782285302
0.9883282640290291,27.08052429047076
0.8700764932850358,26.30288039035897
0.7565003767865907,25.519906487906177
0.6475794599399379,24.73163558437752
0.5432878979723557,23.938105667771268
0.4435941380902684,23.139360118406508
0.34846059516303307,22.335448126790386
0.2578433229050175,21.526425121420907
0.17169168290838652,20.712353203680482
0.08994801428443988,19.89330158643792
0.012547307097434676,19.069347032408032
-0.0605831167852636,18.240574287728087
-0.12952391135802585,17.407076505609524
-0.1943639981495059,16.568955654326864
-0.2552008369766191,15.726322903230844
-0.3121406704700636,14.87929897994031
-0.3652987367310553,14.028014491401127
-0.4147994442213262,13.17261020112628
-0.46077650282454113,12.31323725467764
-0.5033730049686227,11.450057345345426
-0.5427414507861703,10.583242812054888
-0.5790437115338775,9.712976661807783
-0.612450925908444,8.839452509472133
-0.6431433244986197,7.962874428485043
-0.6713099784076578,7.083456707040226
-0.6971484690675298,6.2014235055950255
-0.7208644774373658,5.317008413040765
-0.7426712921161966,4.430453900612697
-0.7627892373769983,3.5420106745359927
-0.7814450237086417,2.651936930463876
-0.7988710250892568,1.760497514903228
-0.8153044888561992,0.8679630009718645
-0.8309866856266285,-0.025391312086252223
-0.8461620081988286,-0.9192864642660961
-0.8610770296688023,-1.813440951974873
-0.8759795320747047,-2.707571882529098
-0.8911175176863111,-3.60139615043928
-0.9067382155516043,-4.494631619303213
-0.9230870960745005,-5.38699829292562
-0.9404069062182003,-6.27821945952926
-0.9589367374145489,-7.168022793610941
-0.9789111374329359,-8.056141401095553
-1.0005592763581015,-8.94231479490456
-1.0241041754913882,-9.826289789819626
-1.049762006479535,-10.70782130751354
-1.0777414663489757,-11.586673084759166
-1.1082432324431912,-12.462618280031007
-1.1414594995854883,-13.335439975904047
-1.1775736001742767,-14.204931576758469
-1.216759706409926,-15.070897103254241
-1.2591826124900967,-15.933151386796132
-1.3049975934227138,-16.791520168730308
-1.354350336110997,-17.645840110275177
-1.4073769375719885,-18.495958720180887
-1.4642039645588019,-19.341734207835515
-1.524948568459731,-20.18303527000284
-1.5897186491307425,-21.01974081960606
-1.6586130612634782,-21.85173966498928
-1.7317218569775654,-22.67893014792292
-1.8091265585309708,-23.501219748301722
-1.8909004553423017,-24.318524663045412
-1.977108919891935,-25.13076936618269
-2.067809737493714,-25.937886156507016
-2.1630534453868044,-26.739814698562235
-2.2628836770715717,-27.536501562069947
-2.3673375082900003,-28.327899764266174
-2.476445801518735,-29.113968318987762
-2.5902335462921835,-29.89467179575038
-2.708720193097483,-30.66997989149853
-2.8319199789776435,-31.43986701718941
-2.959842243340816,-32.2043119009006
-3.092491732800728,-32.963297208727646
-3.2298688941655778,-33.71680918436186
-3.3719701549505423,-34.46483730790991
-3.51878819101392,-35.20737397423295
-3.6703121811105537,-35.944414190840796
-3.8265280483207773,-36.675955295173985
-3.987418688451094,-37.401996690938404
-4.152964185616624,-38.12253960302161
-4.323142015307601,-38.837586850411945
-4.497927235315238,-39.54714263645928
-4.6772926649485855,-40.251212355754504
-4.861209053015682,-40.94980241686299
-5.049645235071443,-41.64292008012005
-5.242568280453215,-42.33057330968368
-5.439943629634427,-43.012770639037086
-5.641735222428785,-43.68952104914084
-5.847905617573358,-44.36083385844838
-6.058416104209832,-45.02671862401874
-6.273226805770215,-45.68718505298471
-6.4922967767571915,-46.34224292366251
-6.715584092890983,-46.99190201561908
-6.943045935074534,-47.63617204804505
-7.174638667607708,-48.27506262581364
-7.410317911059321,-48.908583192639306
-7.650038610183799,-49.53674299078221
-7.893755097247019,-50.15955102677734
-8.141421151104135,-50.77701604269884
-8.392990052350681,-51.38914649250035
-8.648414634847432,-51.99595052300245
-8.907647333899384,-52.59743595912598
-9.170640231349827,-53.1936102929976
-9.437345097832047,-53.784480676579264
-9.7077134324035,-54.37005391749791
-9.981696499770662,-54.95033647777453
-10.259245365296884,-55.52533447517327
-10.540310927970753,-56.09505368691189
-10.824843951498345,-56.6594995554935
-11.1127950936697,-57.21867719643751
-11.404114934137485,-57.772591407704574
-11.698754000734299,-58.32124668062521
-11.996662794444356,-58.864647212156925
-12.297791813135333,-59.40279691830763
-12.602091574146792,-59.935699448575775
-12.909512635823015,-60.46335820126931
-13.220005618070141,-60.985776339576205
-13.533521222009997,-61.502956808269616
-13.850010248796252,-62.014902350939444
-14.169423617652203,-62.52161552765143
-14.49171238318364,-63.02309873294227
-14.816827752014914,-63.519354214066986
-15.144721098791434,-64.01038408942166
-15.475343981587175,-64.4961903670709
-15.808648156751802,-64.97677496331528
-16.14458559322808,-65.45213972123999
-16.483108486366778,-65.9222864291902
-16.824169271263244,-66.38721683912414
-17.167720635636712,-66.84693268479914
-17.51371553227098,-67.30143569974962
-17.862107191032592,-67.75072763502034
-18.212849130480564,-68.19481027662172
-18.565895169079653,-68.63368546267678
-18.921199436027543,-69.06735510023343
-19.278716381704584,-69.49582118171772
-19.638400787753447,-69.9190858010071
-20.000207776794667,-70.33715116910486
-20.364092821783007,-70.75001962939952
-20.730011755008547,-71.1576936724952
-21.097920776745482,-71.56017595060094
-21.46777646355092,-71.95746929146914
-21.839535776215214,-72.34957671187503
-22.213156067364864,-72.7365014306307
-22.588595088718417,-73.1182468811292
-22.965810997995497,-73.49481672341565
-23.344762365478623,-73.86621485578351
-23.725408180227255,-74.23244542589588
-24.10770785594325,-74.59351284143305
-24.491621236486687,-74.9494217802684
-24.87710860104096,-75.3001772001762
-25.264130668925823,-75.64578434807599
-25.652648604057156,-75.98624876881924
-26.042624019051974,-76.3215763135246
-26.43401897897746,-76.65177314746983
-26.82679600474256,-76.9768457575485
-27.220918076130946,-77.29680095930094
-27.61634863447398,-77.61164590352942
-28.01305158496263,-77.92138808250871
-28.410991298597132,-78.22603533580325
-28.8101326137735,-78.52559585570332
-29.210440837505903,-78.8200781922931
-29.61188174628412,-79.109491258164
-30.014421586565476,-79.39384433278732
-30.418027074900532,-79.6731470665607
-30.82266539769222,-79.94740948454341
-31.22830421058791,-80.21664198989593
-31.63491163750429,-80.4808553670397
-32.042456269284784,-80.74006078455325
-32.45090716198958,-80.99426979782143
-32.860233834818246,-81.24349435145459
-33.27040626766495,-81.48774678149496
-33.681394898306785,-81.72703981742791
-34.09317061922513,-81.96138658401547
-34.50570477406066,-82.19080060297057
-34.918969153702356,-82.41529579448968
-35.332935992010874,-82.63488647866248
-35.7475779611769,-82.8495873767768
-36.16286816671507,-83.05941361253745
-36.57878014209393,-83.26438071321759
-36.99528784300272,-83.46450461076108
-37.41236564125548,-83.65980164285469
-37.829988318333314,-83.85028855398875
-38.24813105856543,-84.03598249652475
-38.66676944194966,-84.21690103178852
-39.08587943661338,-84.39306213120736
-39.50543739091537,-84.56448417750933
-39.92542002518964,-84.73118596600295
-40.34580442313193,-84.89318670595503
-40.76656802282993,-85.05050602208429
-41.187688607437906,-85.20316395618826
-41.609144295497074,-85.35118096892023
-42.03091353090254,-85.49457794173306
-42.45297507251814,-85.63337617900599
-42.87530798344048,-85.76759741037026
-43.29789161991351,-85.89726379324856
-43.72070561989549,-86.02239791562326
-44.14372989127986,-86.14302279904705
-44.56694459977234,-86.25916190190962
-44.99033015642637,-86.37083912297273
-45.41386720483965,-86.4780788051853
-45.83753660801469,-86.5809057397895
-46.26131943488676,-86.67934517072746
-46.68519694652311,-86.77342279935742
-47.109150581997696,-86.86316478948667
-47.533161943946546,-86.94859777272795
-47.95721278380908,-87.02974885418375
-48.38128498676184,-87.10664561846238
-48.80536055635168,-87.17931613602751
-49.229421598836176,-87.24778896988136
-49.653450307240405,-87.31209318258018
-50.07742894513982,-87.37225834357817
-50.50133983018036,-87.42831453689445
-50.92516531734812,-87.48029236909532
-51.34888778200211,-87.52822297758158
-51.77248960268536,-87.5721380391684
-52.19595314373078,-87.61206977894248
-52.61926073768023,-87.64805097937867
-53.042394667536705,-87.68011498969491
-53.465337148871726,-87.70829573542187
-53.888070311811695,-87.73262772815984
-54.31057618292941,-87.75314607549255
-54.73283666706883,-87.76988649102387
-55.15483352913383,-87.78288530449981
-55.57654837587388,-87.79217947197432
-55.9979626377021,-87.79780658597379
-56.4190575505841,-87.79980488561085
-56.83981413803804,-87.7982132665944
-57.26021319328993,-87.79307129107818
-57.6802352616303,-87.78441919728638
-58.09986062302166,-87.77229790885046
-58.51906927500872,-87.75674904378695
-58.937840915986534,-87.73781492304222
-59.35615492888442,-87.71553857852535
-59.773990365326064,-87.68996376054733
-60.19132593032941,-87.66113494457946
-60.608139967612175,-87.62909733724176
-61.02441044557128,-87.5938968814271
-61.44011494400703,-87.55558026046504
-61.855230641664654,-87.51419490122544
-62.26973430466764,-87.46978897606006
-62.68360227591886,-87.4224114034784
-63.09681046554668,-87.37211184745212
-63.50933434247365,-87.31894071524202
-63.92114892718594,-87.26294915364137
-64.33222878578151,-87.20418904352931
-64.74254802537395,-87.14271299263005
-65.152080290928,-87.07857432637539
-65.56079876360036,-87.01182707677111
-65.96867616065734,-86.94252596917184
-66.37568473703699,-86.87072640687407
-66.78179628861993,-86.79648445344301
-67.18698215726766,-86.71985681269587
-67.59121323768228,-86.64090080627264
-67.99445998613463,-86.5596743487347
-68.396692431101,-86.47623592014182
-68.7978801858409,-86.39064453606969
-69.1979924629391,-86.30295971504276
-69.59699809082674,-86.21324144337053
-69.99486553228525,-86.12155013739013
-70.39156290492717,-86.02794660313293
-70.78705800363596,-85.93249199344962
-71.18131832493569,-85.83524776264429
-71.57431109324932,-85.73627561868581
-71.96600328899196,-85.63563747308181
-72.35636167843282,-85.53339538851891
-72.74535284524748,-85.42961152439015
-73.13294322366907,-85.3243480803485
-73.5190991331351,-85.21766723804224
-73.90378681431477,-85.10963110120507
-74.28697246639017,-85.00030163428907
-74.66862228545384,-84.88974059984446
-75.04870250387577,-84.77800949486254
-75.42717943048336,-84.66516948631207
-75.80401949139016,-84.55128134610851
-76.17918927130252,-84.43640538576632
-76.55265555512733,-84.3206013909902
-76.92438536970067,-84.2039285564675
-77.29434602545331,-84.08644542112658
-77.6625051578288,-83.96820980412747
-78.0288307682698,-83.84927874184925
-78.39329126458962,-83.72970842613607
-78.75585550055024,-83.60955414405728
-79.11649281447185,-83.48887021943017
-79.47517306670629,-83.36770995634352
-79.83186667581312,-83.24612558490863
-80.18654465328765,-83.12416820945083
-80.53917863669858,-83.00188775933923
-80.88974092110553,-82.87933294263571
-81.23820448863799,-82.7565512027262
-81.5845430361305,-82.63358867807776
-81.9287310007221,-82.51049016524568
-82.27074358334242,-82.38729908523335
-82.61055677002064,-82.2640574532873
-82.94814735096826,-82.14080585218814
-83.28349293740118,-82.01758340907737
-83.61657197608035,-81.89442777583875
-83.94736376156469,-81.77137511303285
-84.2758484461832,-81.64846007736355
-84.60200704774658,-81.5257158126365
-84.92582145503015,-81.40317394415163
-85.24727443107237,-81.28086457645482
-85.5663496143432,-81.15881629435917
-85.88303151784672,-81.0370561671313
-86.19730552623108,-80.91560975572594
-86.50915789098671,-80.79450112294076
-86.81857572382063,-80.67375284635372
-87.12554698830033,-80.55338603389669
-87.4300604898656,-80.43342034191281
-87.73210586431043,-80.31387399553952
-88.03167356484002,-80.1947638112552
-88.32875484780958,-80.07610522142511
-88.62334175725306,-79.95791230068113
-88.91542710830966,-79.84019779396932
-89.20500446965579,-79.72297314610107
-89.49206814504878,-79.60624853264527
-89.77661315408635,-79.49003289200209
-90.05863521228423,-79.37433395850317
-90.33813071057031,-79.25915829638701
-90.61509669429101,-79.14451133450439
-90.88953084182164,-79.03039740161385
-91.16143144286798,-78.91681976213385
-91.43079737654261,-78.80378065222456
-91.69762808929454,-78.69128131607957
-91.96192357276601,-78.57932204231439
-92.22368434164602,-78.46790220034613
-92.48291141158475,-78.35702027666589
-92.73960627722859,-78.2466739109127
-92.99377089043077,-78.13685993166492
-93.24540763868765,-78.02757439187226
-93.4945193238465,-77.91881260385841
-93.74110914112562,-77.81056917383088
-93.98518065848398,-77.70283803584144
-94.22673779637292,-77.59561248514666
-94.46578480789864,-77.48888521092391
-94.70232625942062,-77.38264832830434
-94.93636701160702,-77.27689340968912
-95.16791220096556,-77.17161151532109
-95.39696722186422,-77.06679322308815
-95.623537709054,-76.96242865753973
-95.84762952070275,-76.85850751810136
-96.06924872194655,-76.75501910647678
-96.28840156896293,-76.65195235323043
-96.50509449356807,-76.54929584354615
-96.71933408833782,-76.44703784216155
-96.93112709225119,-76.34516631747984
-97.14048037685245,-76.24366896486356
-97.34740093292757,-76.1425332291168
-97.5518958576886,-76.04174632616477
-97.75397234245881,-75.94129526394114
-97.95363766085038,-75.84116686249513
-98.15089915742543,-75.74134777333197
-98.34576423683059,-75.64182449800143
-98.53824035339443,-75.54258340595007
-98.72833500117682,-75.44361075165368
-98.91605570445854,-75.34489269104769
-99.1014100086594,-75.24641529727289
-99.28440547167259,-75.14816457575536
-99.46504965560291,-75.05012647863913
-99.64335011889666,-74.95228691859062
-99.81931440885006,-74.854631781994
-99.99295005448427,-74.75714694155693
-100.164264559774,-74.65981826834556
-100.33326539721756,-74.56263164326846
-100.49996000173574,-74.46557296802796
-100.66435576488756,-74.3686281755583
-100.82646002939072,-74.27178323996888
-100.98628008393501,-74.17502418601116
-101.14382315827721,-74.07833709808706
-101.29909641860588,-73.98170812881689
-101.4521069631653,-73.88512350718383
-101.60286181812755,-73.78856954627207
-101.75136793370237,-73.6920326506152
-101.8976321804745,-73.595499323171
-102.04166134595881,-73.49895617193803
-102.18346213136321,-73.4023899162298
-102.32304114855063,-73.30578739262093
-102.4604049171906,-73.20913556057977
-102.59555986209213,-73.11242150780146
-102.72851231070923,-73.0156324552549
-102.85926849081129,-72.91875576195658
-102.98783452831046,-72.82177892948387
-103.1142164452385,-72.72468960624005
-103.23842015786614,-72.62747559148248
-103.36045147495788,-72.5301248391256
-103.48031609615573,-72.4326254613293
-103.59801961048558,-72.33496573188327
-103.71356749498017,-72.23713408939739
-103.82696511341278,-72.13911914030778
-103.9382177151362,-72.04090966170787
-104.04733043402155,-71.94249460401339
-104.15430828749204,-71.84386309346974
-104.25915617564678,-71.74500443451021
-104.36187888046999,-71.64590811197266
-104.46248106512128,-71.54656379318236
-104.5609672733027,-71.44696132990823
-104.65734192869876,-71.34709076019931
-104.75160933448547,-71.24694231010825
-104.8437736729047,-71.14650639530802
-104.93383900490076,-71.045773622608
-105.02180926981552,-70.94473479137524
-105.10768828513919,-70.84338089486653
-105.19147974631385,-70.7417031214764
-105.27318722658671,-70.63969285590633
-105.35281417691073,-70.53734168025991
-105.43036392588971,-70.43464137506864
-105.50583967976586,-70.3315839202527
-105.57924452244718,-70.22816149602109
-105.65058141557293,-70.124366483715
-105.71985319861463,-70.02019146659829
-105.78706258901121,-69.91562923059892
-105.85221218233606,-69.81067276500458
-105.91530445249442,-69.70531526311605
-105.97634175194949,-69.59955012286134
-106.03532631197571,-69.49337094737388
-106.09226024293763,-69.3867715455373
-106.14714553459308,-69.27974593249989
-106.19998405641945,-69.1722883301612
-106.2507775579615,-69.06439316763324
-106.29952766919995,-68.95605508167897
-106.3462359009393,-68.84726891712985
-106.39090364521442,-68.73802972728511
-106.43353217571412,-68.62833277429448
-106.47412264822172,-68.51817352952642
-106.51267610107078,-68.40754767392389
-106.54919345561602,-68.29645109834912
-106.5836755167179,-68.18487990391931
-106.61612297324078,-68.07283040233479
-106.6465363985634,-67.9602991162011
-106.67491625110134,-67.84728277934664
-106.70126287484078,-67.73377833713694
-106.72557649988289,-67.61978294678721
-106.74785724299835,-67.50529397767417
-106.76810510819134,-67.39030901164847
-106.78631998727275,-67.27482584334861
-106.80250166044185,-67.15884248051783
-106.81664979687613,-67.04235714432447
-106.82876395532877,-66.92536826968716
-106.83884358473338,-66.80787450560551
-106.84688802481566,-66.68987471549718
-106.85289650671142,-66.57136797754231
-106.8568681535908,-66.45235358503575
-106.85880198128822,-66.33283104674811
-106.85869689893772,-66.21280008729617
-106.85655170961333,-66.09226064752326
-106.8523651109743,-65.97121288489028
-106.84613569591475,-65.8496571738778
-106.83786195321737,-65.72759410640005
-106.82754226821102,-65.60502449223085
-106.81517492343198,-65.4819493594424
-106.80075809928826,-65.35836995485694
-106.78428987472707,-65.2342877445121
-106.76576822790486,-65.10970441413988
-106.7451910368599,-64.98462186966
-106.72255608018682,-64.85904223768756
-106.69786103771322,-64.73296786605565
-106.67110349117772,-64.60640132435287
-106.64228092490924,-64.47934540447625
-106.61139072650752,-64.3518031211995
-106.57843018752413,-64.22377771275717
-106.54339650414403,-64.09527264144442
-106.50628677786726,-63.96629159423301
-106.46709801619038,-63.836838483403184
-106.42582713328758,-63.70691744719197
-106.38247095069087,-63.57653285045767
-106.33702619796915,-63.44568928536075
-106.28948951340598,-63.314391572061155
-106.23985744467547,-63.182644759432044
-106.18812644951603,-63.050454125789905
-106.13429289640173,-62.91782517964122
-106.07835306521075,-62.78476366044539
-106.02030314789064,-62.651275539394085
-105.96013924911996,-62.51736702020683
-105.89785738696598,-62.38304453994277
-105.8334534935379,-62.248314769828575
-105.7669234156353,-62.11318461610223
-105.69826291539131,-61.97766122087272
-105.62746767091005,-61.84175196299535
-105.55453327689798,-61.705464458962595
-105.47945524528856,-61.568806563810234
-105.40222900585981,-61.43178637203864
-105.32284990684425,-61.294412218548906
-105.24131321553077,-61.15669267959368
-105.15761411885767,-61.018636573742356
-105.07174772399672,-60.88025296286042
-104.98370905892736,-60.74155115310261
-104.89349307300053,-60.602540695919664
-104.80109463749157,-60.46323138907817
-104.70650854614183,-60.32363327769339
-104.6097295156878,-60.18375665527462
-104.51075218637769,-60.04361206478253
-104.40957112247455,-59.90321029969841
-104.30618081274524,-59.76256240510467
-104.20057567093473,-59.62167967877626
-104.09275003622477,-59.480573672282546
-103.98269817367665,-59.339256192099164
-103.87041427465677,-59.1977393007293
-103.75589245724473,-59.05603531783412
-103.63912676662298,-58.91415682137145
-103.52011117544735,-58.77211664874246
-103.3988395841975,-58.62992789794569
-103.2753058215067,-58.487603928737705
-103.14950364447009,-58.34515836379991
-103.0214267389304,-58.20260508991082
-102.8910687197406,-58.05995825912307
-102.7584231310024,-57.9172322899445
-102.62348344627974,-57.774441868522615
-102.48624306878664,-57.631601949831584
-102.34669533154825,-57.48872775886109
-102.20483349753438,-57.345834791806055
-102.06065075976453,-57.20293881725662
-101.91414024138365,-57.060055877387214
-101.76529499570755,-56.917202289143994
-101.61410800623722,-56.7743946454296
-101.46057218664104,-56.63164981628421
-101.30468038070408,-56.48898495006187
-101.14642536224345,-56.346417474600976
-100.98579983498895,-56.203965098387776
-100.82279643242806,-56.061645811711685
-100.65740771761438,-55.91947788781112
-100.48962618293865,-55.777479884008635
-100.31944424986158,-55.63567064283381
-100.14685426860747,-55.49406929313267
-99.9718485178181,-55.352695251161855
-99.79441920416575,-55.211568221666255
-99.61455846192489,-55.070708198938085
-99.43225835250159,-54.930135467855976
-99.24751086392021,-54.789870604901985
-99.06030791026635,-54.64993447915467
-98.87064133108586,-54.510348253256254
-98.67850289073917,-54.37113338435147
-98.48388427771027,-54.23231162499608
-98.2867771038703,-54.09390502403245
-98.08717290369519,-53.955935927429735
-97.88506313343686,-53.81842697908586
-97.68043917024829,-53.68140112158852
-97.47329231126189,-53.54488159693222
-97.26361377262141,-53.40889194718794
-97.0513946884676,-53.2734560151222
-96.83662610987746,-53.13859794476184
-96.61929900375809,-53.00434218190068
-96.39940425169497,-52.870713474543905
-96.17693264875597,-52.73773687328597
-95.95187490225148,-52.60543773161727
-95.72422163045205,-52.47384170615477
-95.49396336126456,-52.34297475679128
-95.26109053086839,-52.21286314675782
-95.02559348231352,-52.08353344259317
-94.78746246408228,-51.95501251401429
-94.54668762861694,-51.827327533680744
-94.30325903081606,-51.700505976846074
-94.05716662650191,-51.574575620888375
-93.80840027086259,-51.449564544711826
-93.55694971687213,-51.32550112801058
-93.30280461369276,-51.20241405038547
-93.04595450506352,-51.08033229030372
-92.78638882768023,-50.959285123890936
-92.5240969095721,-50.83930212354398
-92.25906796848082,-50.72041315635264
-91.9912911102487,-50.602648382317
-91.72075532722272,-50.48603825234672
-91.44744949668242,-50.37061350602738
-91.17136237929994,-50.25640516913796
-90.89248261764118,-50.143444550902636
-90.61079873471859,-50.031763240958725
-90.32629913260575,-49.9213931060214
-90.03897209112594,-49.812366286224645
-89.74880576662727,-49.704715191116264
-89.45578819085821,-49.598472495283396
-89.1599072699583,-49.49367113358335
-88.86115078358026,-49.39034429595293
-88.55950638416084,-49.28852542176742
-88.25496159635905,-49.188248193718664
-87.94750381668206,-49.08954653117957
-87.63712031332042,-48.99245458301993
-87.323798226216,-48.89700671983665
-87.00752456738759,-48.80323752555839
-86.68828622154142,-48.711181788382525
-86.36606994699504,-48.620874490999256
-86.04086237694608,-48.53235080005478
-85.7126500211186,-48.44564605480263
-85.3814192678228,-48.36079575488858
-85.04715638646603,-48.277835547211396
-84.70984753055556,-48.196801211797904
-84.3694787412366,-48.117728646627164
-84.02603595141159,-48.04065385133433
-83.67950499048997,-47.96561290972078
-83.3298715898211,-47.892641970992486
-82.97712138886551,-47.82177722964427
-82.6212399421642,-47.75305490390243
-82.26221272716845,-47.68651121263371
-81.90002515299668,-47.62218235062295
-81.53466257018916,-47.56010446211682
-81.16611028153446,-47.50031361252541
-80.79435355404676,-47.44284575816779
-80.4193776321767,-47.387736713942004
-80.04116775234277,-47.335022118794214
-79.65970915887513,-47.28473739885567
-79.27498712146773,-47.23691772811058
-78.88698695423918,-47.19159798645188
-78.4956940365073,-47.14881271497626
-78.10109383538669,-47.10859606836447
-77.7031719303224,-47.070981764187245
-77.30191403967765,-47.036003028972544
-76.89730604949658,-47.00369254086509
-76.48933404456648,-46.974082368705346
-76.07798434190781,-46.94720390735184
-75.66324352682143,-46.92308780906821
-75.24509849162565,-46.901763910795054
-74.82353647721574,-46.88326115712665
-74.39854511757919,-46.867607518813685
-73.97011248739909,-46.854829906616146
-73.53822715287549,-46.84495408033554
-73.10287822589116,-46.83800455286248
-72.66405542164289,-46.83400448908548
-72.2217491198521,-46.83297559951912
-71.77595042965947,-46.83493802852528
-71.32665125829625,-46.83991023702065
-70.87384438361106,-46.847908879586456
-70.41752353051315,-46.85894867592404
-69.95768345137324,-46.873042276632084
-69.49432001039847,-46.89020012331865
-69.02743027197089,-46.91043030310397
-68.55701259290656,-46.93373839761895
-68.08306671855689,-46.960127326659325
-67.60559388263256,-46.98959718671699
-67.12459691058586,-47.02214508467888
-66.64008032633666,-47.057764967058674
-66.15205046207242,-47.096447445209726
-65.66051557079318,-47.138179617056615
-65.16548594120728,-47.18294488597927
-64.66697401451536,-47.23072277758594
-64.16499450254669,-47.281488755219954
-63.659564506635256,-47.335214035158096
-63.15070363654406,-47.39186540257591
-62.63843412866449,-47.45140502947459
-62.12278096263568,-47.513790295884554
-61.60377197544756,-47.57897361578005
-61.08143797201182,-47.646902269254795
-60.555812831109705,-47.71751824261833
-60.026933605556124,-47.79075807817331
-59.49484061535842,-47.866552735522454
-58.95957753259673,-47.944827466326615
-58.421191456715384,-48.02550170448922
-57.87973297889146,-48.108488973773106
-57.335256234142186,-48.193696814860296
-56.78781893984766,-48.281026733840086
-56.23748241940356,-48.37037417405217
-55.684311609779996,-48.461628513117596
-55.12837505185058,-48.55467308685807
-54.569744862470486,-48.64938524163286
-54.008496687423566,-48.74563641641093
-53.444709634527534,-48.84329225564518
-52.878466186380244,-48.94221275372703
-52.3098520924482,-49.042252431476015
-51.73895624043752,-49.14326054476459
-51.165870507143765,-49.24508132499835
-50.590689589246345,-49.34755425077341
-50.013510814789456,-49.45051434962215
-49.43443393637018,-49.55379252834621
-48.853560907327854,-49.657215930029075
-48.27099564249127,-49.7606083154303
-47.68684376528534,-49.863790466098706
-47.101212343219,-49.96658060621227
-46.51420961396725,-50.06879483986595
-45.92594470441526,-50.17024760029412
-45.3365273451481,-50.27075210733664
-44.7460675829432,-50.37012082934307
-44.15467549384969,-50.46816594565992
-43.56246089942235,-50.564699805863164
-42.969533088614654,-50.65953538198157
-42.376000547730406,-50.7524867101023
-41.781970700688014,-50.84336931795568
-41.187549661670644,-50.932000635333225
-40.59284200202395,-51.01820038449655
-39.997950533027385,-51.10179094807416
-39.40297610591017,-51.18259771231132
-38.80801743021726,-51.26044938392449
-38.2131709113583,-51.33517827920722
-37.618530507901866,-51.40662058443019
-37.024187608912854,-51.4746165869654
-36.43023093137762,-51.53901087693595
-35.83674643752543,-51.59965251954206
-35.243817271637425,-51.656395198535236
-34.65152371574043,-51.70909733160136
-34.05994316341305,-51.75762215866825
-33.46915011078768,-51.80183780436998
-32.87921616371408,-51.8416173160807
-32.2902100599583,-51.87683867907266
-31.70219770524319,-51.907384810460485
-31.115242221893364,-51.93314353366555
-30.52940400882508,-51.954007535175435
-29.944740811619425,-51.96987430538532
-29.361307801431863,-51.98064606529441
-28.77915766152137,-51.98622968079473
-28.198340680224916,-51.986536566234506
-27.61890484925616,-51.98148257886807
-27.040895966268238,-51.97098790572112
-26.464357740687813,-51.95497694430786
-25.889331901898917,-51.93337817853749
-25.31585830892897,-51.90612405104391
-24.74397506086419,-51.87315083306749
-24.173718607296248,-51.83439849291186
-23.605123858175066,-51.78981056389463
-23.038224292513757,-51.73933401260959
-22.4730520654594,-51.68291910822036
-21.909638113308056,-51.620519293412514
-21.3480122561027,-51.55209105754363
-20.78820329750931,-51.477593812448724
-20.230239121718235,-51.39698977128248
-19.67414678716585,-51.31024383070986
-19.11995261691466,-51.21732345669277
-18.567682285569354,-51.118198574062525
-18.0173609026412,-51.01284146001571
-17.469013092304426,-50.90122664162459
-16.92266306951563,-50.78333079741199
-16.378334712491338,-50.659132663003916
-15.836051631559625,-50.528612940841946
-15.295837234419562,-50.39175421390987
-14.75771478785746,-50.248540863405346
-14.22170747598161,-50.09895899026809
-13.687838455047663,-49.94299634045898
-13.156130904955429,-49.78064223387132
-12.626608077504539,-49.61188749674422
-12.09929334150166,-49.43672439743985
-11.574210224815815,-49.25514658543963
-11.051382453480903,-49.067149033409805
-10.530833987946188,-48.872727982184166
-10.012589056576186,-48.671880888509854
-9.496672186501298,-48.46460637540206
-8.983108231919893,-48.25090418495417
-8.47192239995123,-48.03077513345144
-7.963140274136989,-47.80422106863907
-7.456787835687086,-47.57124482899822
-6.952891482563201,-47.33185020488741
-6.451478046490799,-47.08604190141083
-5.952574807987806,-46.833825502879336
-5.456209509495264,-46.57520743873478
-4.96241036669233,-46.31019495081319
-4.471206078075125,-46.038796061827455
-3.982625832875941,-45.76101954495535
-3.496699317396393,-45.476874894424036
-3.0134567198251703,-45.18637229698749
-2.532928733608236,-44.88952260419878
-2.0551465594364586,-44.58633730538424
-1.5801419059129667,-44.276828501232124
-1.1079469889598412,-43.96100887791345
-0.6385945300211737,-43.638891681658016
-0.17211775311700944,-43.31049069371374
0.29144961919973794,-42.97582020562249
0.7520733709336733,-42.63489499475068
1.2097187987371747,-42.28773030001778
1.6643507189553028,-41.93434179777074
2.1159334755823274,-41.57474557775719
2.5644309490889396,-41.208958119154886
3.0098065660813025,-40.83699626661966
3.4520233097551247,-40.4588772063186
3.89104373110997,-40.07461844191984
4.326829960890992,-39.6842377705147
4.759343722227315,-39.287753258452476
5.188546343938272,-38.88518321707262
5.614398774480722,-38.47654617832335
6.036861596512755,-38.061860870260176
6.455895042051199,-37.64114619242236
6.871459008202458,-37.21442119108945
7.283513073448514,-36.7817050344248
7.692016514472184,-36.343016987517274
8.096928323508182,-35.89837638733688
8.498207226209065,-35.44780261762494
8.895811700017775,-34.991315083743615
9.289699993041392,-34.52893318751514
9.679830143423558,-34.06067630208539
10.06615999921635,-33.586563746851894
10.448647238755596,-33.10661476250166
10.827249391547335,-32.62084848620954
11.20192385967683,-32.12928392705357
11.572627939755694,-31.631939941709813
11.939318845427048,-31.128835210495257
12.30195373045319,-30.619988213833985
12.66048971241539,-30.105417209228634
13.0148838970606,-29.585140208826466
13.365093403335639,-29.059174957676866
13.711075389155523,-28.527538912785392
14.052787077959046,-27.990249223077804
14.3901857861117,-27.44732271039685
14.723228951223488,-26.89877585166393
15.05187416145699,-26.34462476234831
15.376079185909582,-25.784885181397154
15.69580200616261,-25.219572457791415
16.011000849099887,-24.648701538904778
16.321634221107985,-24.07228696085601
16.627660943781553,-23.49034284105881
16.92904019126822,-22.902882873188044
17.22573152939966,-22.309920324796842
17.517694956767933,-21.711468037835306
17.804890947919624,-21.107538432339254
18.08728049885402,-20.498143513575442
18.364825175026265,-19.883294882949144
18.637487162071306,-19.26300375299998
18.90522931948028,-18.63728096683286
19.168015237476922,-18.00613702235292
19.425809297358153,-17.369582101695496
19.678576735579757,-16.727626106265728
19.926283711884935,-16.080278697825676
20.1688973817905,-15.42754934609085
20.406385973762035,-14.76944738332188
20.63871887142552,-14.105982066420653
20.86586670117842,-13.437162647063118
21.087801425577283,-12.762998450422838
21.304496442891626,-12.083498963059395
21.51592669322441,-11.398673930563671
21.7220687716073,-10.708533465566797
21.922901048483354,-10.013088166730336
22.11840379799032,-9.312349249341295
22.308559334453022,-8.606328688135296
22.493352157482757,-7.895039372963594
22.672769106064013,-7.17849527790327
22.846799521982675,-6.456711644382675
23.01543542291434,-5.729705178854903
23.17867168544432,-4.997494265498151
23.33650623823145,-4.260099194351419
23.488940265453678,-3.5175424052047584
23.63597842058327,-2.7698487474526834
23.777629050431297,-2.0170457559849737
23.91390442927311,-1.2591639430284436
24.044821002717367,-0.4962371056638062
24.17039964080864,0.2716973514787205
24.290665899657206,1.0445980790949216
24.405650290667484,1.8224194326912064
24.515388556188967,2.6051111100400517
24.619921950139837,3.3926177783274403
24.719297521855296,4.184878693107817
24.81356840109113,4.981827311609218
24.902794081771823,5.783390903387452
24.987040701715518,6.589490161808159
25.066381315201195,7.400038820331775
25.140896154874287,8.214943278079174
25.210672879124417,9.034102239653059
25.275806800724588,9.857406374667411
25.336401092207186,10.684738002877486
25.392566963183615,11.515970811186813
25.44442380460665,12.350969609114063
25.492099294844756,13.189590129508971
25.535729462402653,14.031678881389555
25.575458700199412,14.87707306170942
25.611439726519823,15.725600532632965
25.643833488100285,16.577079870478634
25.672809001307275,17.431320491872135
25.6985431280201,18.288122861824025
25.72122028364068,19.147278787408112
25.74103207561522,20.008571799476318
25.75817687195245,20.871777623418886
25.772859300440025,21.73666473839329
25.785289680565878,22.602995022738355
25.79568339151029,23.47052448150832
25.804260180944972,24.33900405025982
25.81124342071298,25.20818046746347
25.81685931671952,26.07779720625471
25.821336081490898,26.947595454749404
25.824903078812476,27.81731513288866
25.827789950596323,28.686695932797377
25.830225736623838,29.55547836898497
25.832437998035555,30.423404824414025
25.834651955388644,31.29022057852794
25.837089651773784,32.15567480376074
25.83996915088953,33.01952151783275
25.84350377913893,33.8815204802334
25.84790141977334,34.74143802266043
25.85336386590412,35.59904780476853
25.860086237880395,36.454131488317
25.86825646913988,37.30647932463028
25.87805486322827,38.155890652131745
25.88965372329768,39.00217430251925
25.90321705407675,39.845148915864726
25.91890033509041,40.68464316649453
25.936850362822565,41.52049590290534
25.957205158580802,42.35255620616682
25.980093938049837,43.18068337224218
26.005637137914857,44.00474682441603
26.033946494494366,44.824625962559416
26.065125169037344,45.64020995629609
26.099267914199068,46.451397489278555
26.136461276198048,47.25809646175888
26.176783827256514,48.060223658471266
26.220306423119332,48.857704388555895
26.267092480713398,49.6504721038718
26.317198271333215,50.438468001593705
26.370673225101807,51.22164061648683
26.427560242844905,51.99994540772385
26.48789601191666,52.77334434456642
26.551711322916706,53.54180549469534
26.619031384631317,54.30530261844925
26.6898761349093,55.06381477173132
26.764260545539976,55.817325919874044
26.842194919532904,56.565824564316976
26.92368517950393,57.30930338355675
27.00873314614885,58.04775888947087
27.09733680603366,58.7811910997998
27.189490568149903,59.5096032272928
27.28518550887559,60.233001385781314
27.38440960514836,60.95139431323621
27.487147955799525,61.66479311169098
27.593382991117213,62.37321100376711
27.70309467080636,63.07666310541959
27.81626067059447,63.77516621442551
27.93285655779702,64.46873861406505
28.052855956207196,65.15739989138855
28.176230700712736,65.84117076942445
28.302950982070204,66.52007295265642
28.432985482285222,67.19412898508443
28.566301501057517,67.86336212017979
28.702865073753514,68.52779620204761
28.842641081367645,69.18745555712032
28.985593352927378,69.84236489572118
29.13168476078753,70.49254922285598
29.28087730924696,71.13803375761381
29.433132216906145,71.77884386058226
29.58840999316801,72.41500496870903
29.74667050926721,73.04654253706933
29.90787306419485,73.67348198702598
30.071976445867477,74.29584866029732
30.23893898787046,74.91366777847583
30.408718622087502,75.52696440756714
30.58127292751002,76.13576342714634
30.756559175502176,76.74008950375341
30.93453437178029,77.3399670681747
31.115155295348757,77.93542029628124
31.29837853461866,78.52647309311651
31.484160520919946,79.11314907994857
31.672457559603803,79.6954715840209
31.86322585891778,80.27346363075603
32.05642155682356,80.8471479381839
32.25200074591473,81.41654691338336
32.449919496580584,81.98168265074189
32.650133878550974,82.5425769318526
32.85259998094722,83.09925122688188
33.05727393095447,83.65172669725425
33.26411191122219,84.20002419951196
33.4730701760909,84.74416429021936
33.68410506673598,85.28416723179146
33.897173025311744,85.82005299913635
34.11223060817274,86.3518412870096
34.32923449824269,86.87955151798758
34.54814151659607,87.40320285097388
34.76890863331176,87.92281419016042
34.99149297765348,88.43840419437113
35.21585184762701,88.94999128672242
35.44194271896021,89.45759366454023
35.6697232535478,89.96122930947837
35.89915130739925,90.46091599778813
36.13018493812521,90.95667131069314
36.362782411994374,91.44851264482772
36.596902210590194,91.93645722270074
36.83250303709433,92.42052210315066
37.06954382222113,92.90072419176003
37.30798372982553,93.37708025120152
37.5477821622046,93.84960691148972
37.78889876511127,94.31832068011549
38.03129343249704,94.78323795204236
38.274926310998936,95.24437501954615
38.51975780418481,95.70174808188132
38.76574857656938,96.1553732547591
39.01285955741274,96.60526657962438
39.261051944311696,97.05144403271983
39.51028720659344,97.49392153392694
39.76052708852026,97.93271495537525
40.01173361231308,98.36784012981224
40.263869081000976,98.7993128587273
40.51689608110326,99.22714892022432
40.770777485149985,99.65136407663853
41.025476454046284,100.0719740818938
41.280956439285525,100.48899468859783
41.537181185015825,100.90244165487287
41.79411472996402,101.31233075092105
42.05172140922095,101.71867776532292
42.309965855891605,102.1214985110699
42.568813002613375,102.52080883133017
42.82822808294545,102.91662460494955
43.08817663263225,103.30896175168823
43.34862449074348,103.69783623719542
43.6095378006934,104.08326407772377
43.87088301114166,104.46526134458627
44.13262687677798,104.84384416835822
44.39473645899281,105.21902874282739
44.65717912643626,105.59083132869578
44.91992255546705,105.95926825703647
45.182934730493685,106.32435593250932
45.446183944209785,106.68611083633957
45.70963879772539,107.0445495290635
45.97326820059624,107.39968865304527
46.23704137075279,107.75154493476975
46.500927834331065,108.1001351869154
46.76489742540689,108.44547631021231
47.02892028563572,108.78758529509011
47.29296686379969,109.12647922312014
47.55700791526394,109.46217526825743
47.82101450134405,109.79469069788696
48.08495798858657,110.12404287367957
48.34881004796442,110.45024925226207
48.61254265398946,110.77332738570725
48.87612808374375,111.09329492184823
49.13953891583198,111.4101696044227
49.40274802925667,111.72396927305194
49.66572860221851,112.03471186305946
49.928454110843674,112.34241540513489
50.19089832784031,112.6470980248475
50.45303532108626,112.94877794201476
50.71483945215014,113.24747346993081
50.97628537474781,113.54320301445958
51.23734803313664,113.8359850729977
51.49800266044932,114.12583823331187
51.758224776969776,114.41278117225541
52.01799018835311,114.69683265436885
52.27727498379181,114.97801153036912
52.53605553413046,115.25633673553182
52.79430848993105,115.53182728797132
53.05201077949117,115.80450228682294
53.309139606817126,116.07438091033151
53.56567244955435,116.34148241385093
53.82158705687705,116.60582612775849
54.0768614473395,116.86743145528847
54.331473906690924,117.12631787028883
54.58540298565622,117.38250491490503
54.838627497684705,117.63601219719482
55.091126516668766,117.88685938867779
55.34287937463483,118.1350662218236
55.593865659408465,118.38065248748197
55.8440652122558,118.62363803225857
56.09345812550325,118.86404275583985
56.34202474013758,119.10188660827035
56.58974564338825,119.33718958718543
56.836601666294015,119.56997173500329
57.08257388125572,119.8002531360784
57.327643599577144,120.02805391382005
57.57179236899576,120.2533942277789
57.815001971205305,120.47629427070372
58.057254419371816,120.69677426557178
58.298531955645046,120.9148544625951
58.53881704866685,121.13055513620527
58.77809239107829,121.34389658201924
59.01634089702713,121.55489911378847
59.253545699677225,121.76358306033389
59.48969014872147,121.96996876246857
59.724757807899834,122.17407656991064
59.95873245252382,122.37592683818811
60.191598067009,122.57553992553798
60.423338842416854,122.7729361898012
60.65393917400742,122.96813598531547
60.8833836588039,123.16115965980767
61.11165709317063,123.35202755128753
61.33874447040557,123.5407599849442
61.56463097834862,123.72737727004709
61.78930199700661,123.91189969685287
62.012743096196466,124.09434753351958
62.234940033207245,124.27474102302938
62.45587875048228,124.45310038012138
62.6755453733223,124.62944578823551
62.89392620761045,124.80379739646878
63.11100773756013,124.97617531654481
63.32677662348644,125.1465996197981
63.54121969960211,125.31509033417346
63.754323971838495,125.48166744124222
63.96607661569257,125.64635087323528
64.17646497410044,125.80916051009466
64.38547655533797,125.97011617654391
64.59309903094929,126.12923763917802
64.79932023370348,126.28654460357392
65.00412815558016,126.44205671142193
65.20751094578432,126.59579353767887
65.40945690879092,126.74777458774335
65.60995450241936,126.89801929465399
65.80899233593877,127.04654701631073
66.0065591682037,127.19337703271997
66.202643905821,127.3385285432639
66.39723560134804,127.4820206639944
66.59032345152228,127.62387242495181
66.78189679552254,127.76410276750907
66.97194511326215,127.90273054174135
67.1604580237139,128.03977450382175
67.34742528326701,128.17525331344285
67.53283678411616,128.30918553126492
67.71668255268246,128.44158961639047
67.89895274806653,128.57248392386572
68.07963766053359,128.70188670220892
68.25872771003026,128.82981609096572
68.43621344473337,128.95629011829175
68.61208553963036,129.08132669856278
68.78633479513121,129.20494363001166
68.95895213571166,129.32715859239346
69.12992860858769,129.44798914467762
69.29925538242077,129.5674527227679
69.46692374605392,129.68556663724996
69.63292510727807,129.80234807116642
69.79725099162857,129.91781407781988
69.9598930412115,130.03198157860308
70.12084301355942,130.14486736085723
70.28009278051627,130.25648807575763
70.43763432715106,130.36686023622687
70.59345975069981,130.4760002148757
70.7475612595356,130.58392424197126
70.8999311721661,130.69064840343285
71.05056191625829,130.796188638855
71.19944602768973,130.90056073955776
71.34657614962627,131.00378034666454
71.49194503162538,131.10586294920665
71.63554552876475,131.20682388225532
71.77737060079579,131.30667832508038
71.91741331132135,131.40544129933608
72.05566682699724,131.5031276672735
72.19212441675694,131.5997521299799
72.32677945105921,131.69532922564434
72.45962540115778,131.78987332785016
72.59065583839269,131.88339864389346
72.71986443350282,131.9759192131283
72.8472449559589,132.0674489053376
72.97279127331663,132.15800141913064
73.09649735058908,132.24759028036578
73.21835724963817,132.33622884059986
73.3383651285843,132.4239302755626
73.45651524123369,132.5107075836572
73.57280193652315,132.5965735844858
73.68721965798107,132.68154091740092
73.79976294320473,132.76562204008175
73.91042642335289,132.84882922713584
74.01920482265332,132.93117456872554
74.12609295792463,133.01266996921964
74.2310857381117,133.0933271458697
74.33417816383451,133.1731576275109
74.43536532694931,133.25217275328768
74.53464241012198,133.33038367140372
74.6320046864127,133.40780133789627
74.72744751887177,133.48443651543465
74.82096636014549,133.56029977214297
74.91255675209197,133.63540148044672
75.00221432540637,133.70975181594326
75.0899347992545,133.7833607562963
75.17571398091488,133.85623808015362
75.25954776542845,133.92839336608867
75.34143213525523,133.99983599156553
75.4213631599378,134.0705751319272
75.49933699577078,134.1406197594071
75.57534988547599,134.20997864216355
75.64939815788273,134.27866034333766
75.72147822761266,134.34667322013365
75.79158659476892,134.41402542292235
75.8597198446289,134.4807248943671
75.92587464734027,134.54677936857263
75.99004775761978,134.61219637025607
76.05223601445454,134.67698321394045
76.11243634080506,134.74114700317077
76.1706457433099,134.8046946297519
76.22686131199144,134.86763277300898
76.28108021996229,134.92996789906925
76.33329972313206,134.99170626016658
76.38351715991409,135.05285389396715
76.43172995093174,135.11341662291727
76.47793559872379,135.17340005361254
76.52213168744896,135.23280957618888
76.5643158825888,135.29165036373473
76.60448593064883,135.34992737172487
76.6426396588577,135.40764533747523
76.6787749748638,135.4648087796191
76.71288986642949,135.52142199760445
76.74498240112216,135.57748907121214
76.77505072600225,135.63301386009516
76.8030930673078,135.6880000033386
76.82910773013542,135.74245091904052
76.85309309811733,135.7963698039133
76.8750476330943,135.84975963290586
76.89496987478454,135.90262315884604
76.91285844044786,135.95496291210367
76.9287120245455,136.00678120027376
76.94252939839512,136.05808010788016
76.95430940982087,136.10886149609917
76.9640509827986,136.15912700250334
76.97175311709586,136.20887804082525
76.97741488790682,136.25811580074125
76.98103544548185,136.30684124767487
76.9826140147519,136.35505512262017
76.98214989494738,136.40275794198453
76.97964245921182,136.4499499974513
76.97509115420998,136.49663135586172
76.96849549973071,136.54280185911617
76.9598550882843,136.58846112409503
76.94916958469464,136.63360854259858
76.93643872568593,136.67824328130598
76.92166231946426,136.7223642817535
76.90484024529405,136.7659702603316
76.8859724530694,136.80905970830088
76.86505896288051,136.8516308918269
76.84209986457535,136.89368185203355
76.81709531731653,136.93521040507537
76.79004554913392,136.97621414222795
76.76095085647266,137.01669042999708
76.7298116037373,137.0566364102462
76.69662822283185,137.0960490003419
76.66140121269623,137.13492489331793
76.62413113883929,137.17326055805688
76.58481863286863,137.21105223949016
76.54346439201747,137.24829595881565
76.500069178669,137.28498751373334
76.45463381987841,137.32112247869847
76.40715920689291,137.35669620519226
76.35764629467016,137.39170382201044
76.30609610139543,137.42614023556882
76.25250970799787,137.46000013022658
76.1968882576663,137.4932779686263
76.1392329553649,137.52596799205176
76.07954506734924,137.55806422080215
76.01782592068312,137.58956045458382
75.95407690275658,137.6204502729185
75.88829946080575,137.65072703556856
75.82049510143476,137.6803838829789
75.7506653901405,137.70941373673548
75.67881195084047,137.73780930004042
75.60493646540456,137.7655630582037
75.52904067319106,137.79266727915098
75.45112637058747,137.81911401394822
75.37119541055702,137.8448950973421
75.28924970219101,137.87000214831707
75.20529121026803,137.89442657066832
75.11932195482034,137.9181595535911
75.03134401070825,137.94119207228576
74.9413595072032,137.96351488857934
74.84937062757996,137.98511855156272
74.75537960871878,138.00599339824396
74.65938874071843,138.0261295542177
74.56140036652022,138.0455169343503
74.46141688154447,138.06414524348105
74.35944073333948,138.08200397713938
74.25547442124429,138.09908242227814
74.14952049606555,138.11536965802253
74.04158155976965,138.13085455643548
73.93166026519062,138.14552578329895
73.81975931575462,138.15937179891128
73.70588146522199,138.172380858901
73.5900295174475,138.18454101505674
73.47220632615971,138.1958401161735
73.35241479476014,138.20626580891576
73.23065787614338,138.21580553869666
73.10693857253857,138.22444655057453
72.98125993537349,138.23217589016588
72.8536250651619,138.23898040457578
72.72403711141509,138.24484674334516
72.59249927257835,138.24976135941603
72.45901479599368,138.25371051011385
72.323586977889,138.2566802581482
72.18621916339526,138.2586564726316
72.04691474659224,138.2596248301163
71.90567717058364,138.25957081565048
71.7625099276029,138.25847972385282
71.61741655915013,138.2563366600069
71.47040065616137,138.25312654117502
71.32146585921124,138.2488340973322
71.17061585874933,138.24344387252063
71.01785439537193,138.23694022602493
70.86318526012951,138.22930733356876
70.7066122948712,138.2205291885331
70.54813939262705,138.210589603197
70.38777049802886,138.19947221000064
70.22550960777087,138.18716046283203
70.06136077111088,138.17363763833734
69.89532809041287,138.1588868372555
69.72741572173209,138.1428909857779
69.55762787544325,138.1256328369337
69.38596881691319,138.10709497200094
69.21244286721854,138.08725980194512
69.03705440390934,138.06610956888483
68.85980786181963,138.0436263475858
68.68070773392587,138.0197920469841
68.49975857225395,137.99458841173862
68.31696498883576,137.96799702381458
68.13233165671623,137.939999304098
67.94586331101144,137.91057651404236
67.75756475001907,137.87970975734837
67.56744083638154,137.84737998167736
67.37549649830301,137.81356798039954
67.18173673082092,137.7782543943778
66.98616659713277,137.74141971378808
66.78879122997915,137.7030442799771
66.58961583308351,137.66310828735885
66.38864568264962,137.62159178535018
66.1858861289174,137.57847468034683
65.98134259777768,137.53373673774132
65.77502059244684,137.4873575839826
65.56692569520186,137.43931670867983
65.35706356917635,137.3895934667503
65.14543996021835,137.33816708061335
64.93206069881042,137.28501664243058
64.71693170205259,137.23012111639403
64.50005897570885,137.17345934106348
64.28144861631746,137.1150100317532
64.06110681336584,137.05475178297024
63.83903985153038,136.99266307090483
63.61525411298166,136.92872225597367
63.38975607975545,136.86290758541838
63.162552336189876,136.79519719595874
62.93364957142914,136.7255691165029
62.70305458199411,136.65400127091536
62.470774274419924,136.58047148084353
62.23681566796103,136.5049574686043
62.00118589736371,136.42743686013168
61.76389221570635,136.34788718798615
61.52494199730746,136.2662858944273
61.28434274070162,136.18261033455036
61.04210207168325,136.09683777948783
60.79822774641834,136.00894541967725
60.552727654623936,135.9189103681955
60.30560982281524,135.8267096641615
60.05688241762031,135.73232027620725
59.806553749161935,135.63571910601848
59.554632274506545,135.53688299194582
59.30112660117972,135.43578871268696
59.04604549074792,135.33241299104057
58.78939786246604,135.2267324977329
58.53119279699011,135.1187238553173
58.271439540154766,135.0083636421474
58.01014750681457,134.89562839642443
57.74732628474876,134.7804946203191
57.4829856386283,134.66293878416838
57.21713551404472,134.54293733074746
56.949786041599445,134.42046667961714
56.68094754105296,134.2955032315466
56.41063052553235,134.16802337301206
56.13884570579642,134.0380034807707
55.86560399455683,133.90541992651012
55.5909165108541,133.770249081573
55.314794584487004,133.6324673217566
55.037249760493864,133.49205103218665
54.758293803684175,133.34897661226546
54.477938703218825,133.20322048069266
54.196196677237225,133.05475908055922
53.91308017752943,132.90356888451254
53.62860189425137,132.74962639999225
53.34277476068104,132.59290817453578
53.055611958013635,132.43339080115177
52.76712692019329,132.27105092376055
52.4773333387792,132.1058652426997
52.186245167843545,131.93781052029337
51.893876628898866,131.766863586483
51.600242215852155,131.59300134451826
51.30535669998287,131.416200776705
51.009235134942266,131.23643895020894
50.711892861770835,131.05369302291172
50.41334551393108,130.8679402493173
50.11360902235226,130.67915798650563
49.81269962048411,130.4873237001305
49.51063384935595,130.2924149704585
49.20742856263793,130.0944094984457
48.903100931700855,129.8932851118485
48.59766845067085,129.68901977136485
48.29114894147528,129.48159157680195
47.9835605588759,129.27097877326625
47.674921795485645,129.05715975737135
47.365251486764585,128.8401130834594
47.05456881599142,128.6198174698313
46.74289331920594,128.39625180498018
46.43024489011835,128.16939515382393
46.11664378498116,127.9392267639306
45.802110627418976,127.70572607173152
45.48666641321189,127.4688727087161
45.17033251502776,127.22864650760252
44.8531306870987,126.9850275084779
44.53508306983716,126.73799596490156
44.21621219438672,126.48753234996481
43.89654098710279,126.23361736230022
43.57609277395823,125.97623193203344
43.25489128486916,125.71535722667025
42.93296065793578,125.4509746569112
42.61032544359327,125.18306588238636
42.28701060866775,124.91161281730194
41.96304154033224,124.63659763599105
41.63844404995753,124.3580027783598
41.313244376852914,124.07581095522063
40.98746919189174,123.7900051535039
40.66114560101665,123.50056864133883
40.33430114861962,123.20748497299485
40.006963820791675,122.9107379936737
39.67916204843733,122.6103118441434
39.350924710248954,122.30619096520377
39.0222811355361,121.99836010197419
38.69326110690507,121.68680430799334
38.36389486278403,121.37150894912106
38.034213099789035,121.0524597072317
37.704246974926484,120.72964258368879
37.374028107627616,120.40304390259047
37.0435885816109,120.0726503137749
36.712960946567925,119.73844879557494
36.38217821966918,119.40042665731112
36.051273886885646,119.05857154151198
35.720281904122764,118.71287142585065
35.38923669816325,118.3633146247865
35.05817316741558,118.00988979090063
34.72712668246517,117.65258591591382
34.39613308642539,117.29139233137585
34.06522869508606,116.92629870901436
33.734450296857,116.55729506073226
33.40383515250471,116.18437173824196
33.0734209946806,115.8075194323252
32.743246027239195,115.42672917170681
32.41334892434535,115.04199232153115
32.0837688293698,114.65330058142976
31.75454535357247,114.26064598316874
31.42571857457372,113.864020887865
31.097329034613715,113.46341798275934
30.76941773860071,113.05883027753605
30.442026151949413,112.65025110017723
30.11519619821093,112.23767409234124
29.78897025649621,111.8210932042541
29.463391158695554,111.40050268910335
29.138502186496886,110.97589709692332
28.81434706820619,110.54727126796163
28.49096997537392,110.11462032551619
28.16841551923161,109.67793966823271
27.846728746943498,109.23722496185248
27.52595513767841,108.79247213040047
27.206140598507695,108.34367734680414
26.887331460135524,107.89083702293317
26.56957447246838,107.43394779905081
26.252916800031024,106.97300653266774
25.937406017236963,106.50801028678919
25.623090103521694,106.03895631754675
25.31001743834779,105.56584206120598
24.99823679609132,105.08866512054178
24.687797340819618,104.60742325057278
24.37874862097103,104.12211434364733
24.07114056394774,103.63273641387285
23.76502347063336,103.1392875808811
23.460448009847447,102.64176605292215
23.157465212749692,102.1401701092795
22.856126467206966,101.63449808199977
22.556483512136932,101.12474833692984
22.25858843184248,100.61091925405523
21.962493650351604,100.09300920713298
21.668251925777856,99.57101654261297
21.375916344716952,99.04493955784197
21.08554031669545,98.51477647854409
20.79717756868788,97.98052543557247
20.51088213971899,97.4421844409266
20.22670837556813,96.89975136302998
19.944710923593036,96.35322390126328
19.66494472769058,95.80259955974797
19.38746502341219,95.24787562037584
19.11232733325179,94.68904911508005
18.839587462124232,94.12611679734349
18.569301493052237,93.55907511294039
18.3015257830797,92.98792016990772
18.036316959429325,92.41264770774286
17.773731915922067,91.83325306582448
17.513827809675913,91.24973115105404
17.25666205810081,90.66207640471572
17.00229233620634,90.07028276855296
16.75077657423793,89.47434365006038
16.502172955656746,88.8742518869908
16.256539915477536,88.26999971107752
16.01393613897746,87.66157871097279
15.77442056078803,87.04897979440517
15.538052364380468,86.4321931495586
15.304890981953445,85.8112082056784
15.074996094730084,85.18601359291038
14.848427633669012,84.55659710138144
14.62524578059172,83.92294563953197
14.405510969725764,83.28504519171328
14.189283889660038,82.64288077506552
13.97662548570487,81.99643639569562
13.767596962645568,81.34569500417822
13.56225978787347,80.6906384504067
13.360675694873454,80.0312474378272
13.162906687041012,79.36750147709377
12.969015041795602,78.6993788391893
12.77906331494958,78.02685650806511
12.593114345283949,77.34991013286007
12.411231259272965,76.66851397977013
12.233477475889357,75.98264088365055
12.059916711410485,75.29226219944572
11.890612984132868,74.59734775355578
11.725630618888113,73.89786579526597
11.565034251237247,73.19378294838288
11.408888831202376,72.48506416324315
11.257259626374548,71.77167266928394
11.110212224214182,71.05356992839093
10.967812533335332,70.33071558927097
10.830126783537006,69.60306744312962
10.697221524313514,68.87058138097348
10.569163621540834,68.13321135289972
10.44602025199716,67.39090932978512
10.327858895332406,66.64362526784065
10.214747323053142,65.89130707656052
10.106753584035795,65.13390059066225
10.003945986021257,64.37134954669284
9.90639307247781,63.60359556506146
9.814163594145803,62.830578138356046
9.727326474496302,62.052234626908
9.645950768245926,61.268500262688995
9.570105611971139,60.479308162755714
9.499860165755923,59.68458935360544
9.435283544687154,58.88427280796689
9.376444738880636,58.07828549572917
9.323412520577733,57.26655245090685
9.27625533669688,56.44899685675333
9.235041185055938,55.62554015136706
9.199837472300183,54.796102156386915
9.170710851376976,53.96060123164448
9.147727036192526,53.11895445893025
9.130950590869997,52.27107785833804
9.120444690803271,51.41688664097375
9.116270852470377,50.55629550214793
9.118488628738465,49.689218959511464
9.127155266164406,48.81557174093261
9.142325320578536,47.93526922724258
9.164050227043484,47.04822795528324
9.19237782011743,46.154366186959
9.227351800236427,45.25360455020481
9.269011141982267,44.34586675791008
9.317389440042955,43.43108041085328
9.372514188828813,42.50917789056866
9.434405992010106,41.58009734774224
9.503077698727362,40.64378379117075
9.578533463934335,39.70019028145754
9.660767731310248,38.749279232404035
9.749764138470404,37.79102382141598
9.845494345861404,36.825409508113616
9.947916792796926,35.852435657645906
10.056975386614395,34.872117261900996
10.172598133944547,33.88448674782951
10.29469572660022,32.88959585742952
10.423160098598903,31.887517578587754
10.557862975293332,30.878348099983427
10.698654440410236,29.862208756748544
10.845361551850152,28.839247926724298
10.997787042181505,27.809642830223265
11.155708144601455,26.773601179560043
11.31887558939918,25.731362618701322
11.487012819245834,24.683199888748398
11.659815473505247,23.629419652205065
11.836951191746051,22.570362908734133
12.018059784293586,21.506404937977155
12.202753812611476,20.43795471152382
12.39061961429571,19.365453726620768
12.58121879643121,18.28937422880608
12.774090207172295,17.21021680912386
12.968752379108777,16.128507383318578
13.164706419998607,15.044793584448179
13.361439307776456,13.959640625349236
13.558427528574722,12.873626711727077
13.755140980106363,11.787338108584569
13.951047049417006,10.701363980539496
14.145614764808446,9.616291138835322
14.338318917461237,8.532698833452171
14.528644049336561,7.451153727145285
14.716088210261795,6.372205179563302
14.900166398196436,5.296380954522875
15.080413611644543,4.224183443259819
15.256387460854368,3.1560864726380498
15.427670303508917,2.0925327416659854
15.593870889744395,1.0339319040320187
15.754625519346058,-0.01934070966758262
15.909598729899127,-1.0669447574804467
16.05848354783809,-2.1085749842546626
16.201001344367928,-3.1439608103019356
16.336901345038147,-4.172865477174941
16.465959845490143,-5.195084821733099
16.58797918690497,-6.210445750572272
16.70278654340305,-7.218804484755917
16.81023257059394,-8.220044640302145
16.91018996014939,-9.214075203745182
17.00255194014632,-10.200828454938794
17.087230755406278,-11.180257881654018
17.16415615647726,-12.152336122889713
17.233273920517654,-13.117052970500211
17.29454442233149,-14.074413451986548
17.347941269284846,-15.024436011243516
17.393450009866285,-15.967150798778954
17.431066922258687,-16.902598078440377
17.460797886451857,-17.830826753972918
17.482657341111285,-18.75189301573761
17.496667324578755,-19.665859105569893
17.502856597961,-20.57279219597531
17.501259847204526,-21.472763378561957
17.491916960302838,-22.365846755718113
17.474872375282946,-23.252118628986302
17.45017449432413,-24.13165677729578
17.417875159230917,-25.004539818136518
17.378029183477782,-25.870846644840224
17.33069393613443,-26.730655933335758
17.27592897314196,-27.584045712033582
17.21379571162082,-28.431092988838785
17.144357143134354,-29.271873429672397
17.06767758209349,-30.106461083279044
16.98382244575864,-30.93492814750203
16.892858062565896,-31.75734477260485
16.794851505770605,-32.57377889760358
16.689870449658162,-33.38429611594283
16.577983045816193,-34.18895956719507
16.459257817192853,-34.98782985178808
16.333763567881277,-35.780964966066264
16.20156930677007,-36.568420255268975
16.062744183384087,-37.35024838226314
15.917357434409036,-38.12649931009904
15.76547833954801,-38.897220296668465
15.607176185499124,-39.66245589993434
15.442520236971157,-40.42224799237269
15.271579713770073,-41.176635783421546
15.094423773093933,-41.92565584886968
14.91112149626806,-42.6693421662416
14.7217418792374,-43.40772615534533
14.526353826209279,-44.14083672324807
14.325026145908534,-44.868700313031766
14.11782754996844,-45.59134095575846
13.904826653036071,-46.30878032514392
13.686091974220199,-47.02103779449874
13.461691939554015,-47.728130495549976
13.231694885184698,-48.43007337880389
12.99616906103716,-49.126879275151694
12.755182634731142,-49.81855895845743
12.50880369555913,-50.50512120889913
12.25710025835796,-51.186572876862684
12.000140267129707,-51.86291894721264
11.737991598287751,-52.534162603785994
11.470722063422102,-53.20030529397356
11.198399411494352,-53.86134679327032
10.921091330387195,-54.51728526969031
10.638865447746507,-55.16811734795388
10.351789331065648,-55.81383817336621
10.059930486972195,-56.45444147531499
9.763356359686599,-57.08991963032322
9.462134328630789,-57.720263724600045
9.156331705172187,-58.34546361603834
8.846015728495427,-58.96550799561287
8.531253560600085,-59.58038444813701
8.212112280428165,-60.190079512339935
7.88865887712995,-60.79457874022891
7.560960242481111,-61.393866755704366
7.229083162467903,-61.98792731239732
6.893094308060673,-62.57674335070078
6.553060225198981,-63.160297053968335
6.209047324014367,-63.73856990385441
5.8611218673191505,-64.31154273477199
5.509349958391782,-64.87919578744437
5.153797528091085,-65.4415087615286
4.7945303213333075,-65.99846086728888
4.431613882967283,-66.55003087629903
4.065113543084088,-67.09619717115348
3.6950944017986225,-67.63693779416732
3.3216213135412174,-68.172230495046
2.9447588708980468,-68.70205277750624
2.5645713880395085,-69.2263819448302
2.181122883776074,-69.74519514433513
1.7944770642812324,-70.25846941074244
1.404697305521208,-70.76618170842923
1.0118466354310087,-71.26830897254753
0.6159877158761831,-71.76482814899603
0.21718282443932524,-72.25571623323077
-0.18450616393002867,-72.7409503079013
-0.5890177953639926,-73.22050757930027
-0.9962910555858738,-73.694365412615
-1.4062653884438179,-74.16250136597063
-1.8188807144324513,-74.62489322325526
-2.2340774491672484,-75.08151902571906
-2.651796521777238,-75.53235710233956
-3.071979393182613,-75.9773860989472
-3.4945680742248175,-76.41658500610617
-3.919505143617736,-76.84993318574624
-4.346733765689718,-77.27741039654339
-4.776197707887319,-77.69899681804756
-5.2078413580127965,-78.11467307355734
-5.641609741168645,-78.52442025174287
-6.077448536383666,-78.92821992701916
-6.5153040928963355,-79.32605417867369
-6.955123446072531,-79.7179056087533
-7.396854332935942,-80.10375735871665
-7.840445207290823,-80.48359312486002
-8.285845254418026,-80.85739717252532
-8.733004405326614,-81.22515434910078
-9.181873350544574,-81.58685009582562
-9.632403553433578,-81.94247045841207
-10.084547263013887,-82.2920020964984
-10.53825752628691,-82.6354322919487
-10.993488200044103,-82.97274895601605
-11.450193962152134,-83.30394063538668
-11.908330322305543,-83.62899651712458
-12.367853632239173,-83.94790643253646
-12.828721095393965,-84.26066085997843
-13.290890776030674,-84.56725092662705
-13.7543216077873,-84.86766840923796
-14.218973401676948,-85.16190573391688
-14.684806853523904,-85.44995597492823
-15.151783550836685,-85.73181285256815
-15.619865979117652,-86.00747073012917
-16.08901752760973,-86.2769246099848
-16.559202494481514,-86.54017012882343
-17.030386091452826,-86.79720355206126
-17.50253444786349,-87.04802176746527
-17.97561461418869,-87.29262227801775
-18.449594565004855,-87.53100319405465
-18.924443201410604,-87.76316322471077
-19.40013035290759,-87.98910166870552
-19.87662677874654,-88.20881840450362
-20.353904168744144,-88.42231387988569
-20.831935143576505,-88.62958910096454
-21.310693254555257,-88.83064562068314
-21.790152982892323,-89.02548552683152
-22.270289738459418,-89.2141114296197
-22.75107985804832,-89.39652644884517
-23.232500603137726,-89.57273420069325
-23.714530157172273,-89.74273878420993
-24.197147622359097,-89.90654476748718
-24.680333015986665,-90.06415717360125
-25.164067266270365,-90.2155814663456
-25.648332207728508,-90.36082353580028
-26.133110576091894,-90.49988968378096
-26.618386002749155,-90.6327866092112
-27.104143008729242,-90.75952139346249
-27.590366998221498,-90.88010148570814
-28.077044251632458,-90.99453468833698
-28.564161918177515,-91.10282914247531
-29.051708008004024,-91.20499331366567
-29.539671383841164,-91.30103597775299
-30.0280417521701,-91.3909662070298
-30.51680965390642,-91.47479335669397
-31.00596645458478,-91.55252705167379
-31.495504334033928,-91.62417717387761
-31.98541627552789,-91.6897538499267
-32.47569605439698,-91.74926743943264
-32.96633822607972,-91.80272852388256
-33.457338113594226,-91.85014789619822
-33.948691794404716,-91.89153655103799
-34.44039608665598,-91.92690567591306
-34.93244853474527,-91.95626664319335
-35.42484739419801,-91.97963100308097
-35.91759161580995,-91.997010477634
-36.41068082901467,-92.00841695592608
-36.90411532443171,-92.01386249043237
-37.39789603554589,-92.01335929473687
-37.892024519464584,-92.00691974266029
-38.38650293669479,-91.99455636891345
-38.8813340298771,-91.97628187138613
-39.376521101408805,-91.95210911518721
-39.872067989883,-91.92205113855731
-40.36797904526522,-91.88612116078235
-40.86425910272354,-91.84433259224203
-41.360913455022136,-91.79669904673398
-41.85794782338271,-91.74323435622232
-42.35536832671162,-91.68395258816474
-42.85318144908483,-91.61886806558128
-43.3513940053763,-91.54799539003386
-43.85001310490914,-91.4713494676938
-44.34904611300288,-91.38894553868157
-44.84850061028377,-91.3007992098702
-45.34838434961943,-91.20692649135056
-45.84870521053322,-91.107343836763
-46.34947115094864,-91.00206818770623
-46.850690156109394,-90.89111702243882
-47.35237018451655,-90.77450840909309
-47.85451911072108,-90.6522610636243
-48.35714466480799,-90.52439441271915
-48.860254368407446,-90.3909286618875
-49.363855467068504,-90.2518848689587
-49.86795485883408,-90.10728502319871
-50.372559018859874,-89.95715213025665
-50.877673919927105,-89.8015103031372
-51.383304948708826,-89.64038485938093
-51.88945681766243,-89.47380242461317
-52.396133472437924,-89.30179104259838
-52.90333799471228,-89.12438029190488
-53.411072500385785,-88.94160140924753
-53.91933803310708,-88.75348741953138
-54.42813445313002,-88.56007327256623
-54.93746032154803,-88.36139598636045
-55.447312780001376,-88.15749479683163
-55.957687426009194,-87.94841131369044
-56.46857818414285,-87.73418968216173
-56.9799771733296,-87.51487675010438
-57.49187457065666,-87.290522239976
-58.00425847213521,-87.061178924962
-58.517114750981925,-86.82690280845019
-59.03042691408237,-86.58775330588183
-59.54417595741432,-86.34379342784949
-60.05834022133104,-86.09508996314145
-60.572895246731576,-85.84171366025424
-61.08781363327707,-85.58373940571026
-61.603064900946755,-85.3212463973299
-62.11861535636162,-85.0543183104208
-62.634427965435904,-84.7830434546633
-63.15046223404236,-84.5075149192984
-63.666674098492884,-84.22783070406463
-64.18301582773789,-83.94409383319285
-64.69943593927005,-83.65641244965718
-65.21587913077619,-83.36489988680438
-65.73228622961027,-83.06967471445037
-66.2485941621541,-82.7708607565483
-66.76473594508714,-82.46858707760491
-67.28064070049619,-82.16298793515774
-67.79623369661785,-81.85420269582968
-68.31143641581556,-81.54237571275488
-68.82616665115054,-81.22765616252208
-69.34033863260817,-80.91019784020982
-69.85386318369311,-80.59015891158856
-70.36664790870866,-80.26770162213367
-70.87859741059563,-79.94299196312224
-71.38961353873118,-79.6161992957634
-71.89959566558748,-79.2874959350237
-72.4084409906373,-78.95705669553745
-72.91604486937972,-78.62505840271967
-73.42230116486155,-78.29167937290381
-73.92710261860113,-77.95709886698714
-74.43034123739835,-77.62149652266274
-74.93190869215057,-77.28505177082656
-75.43169672450325,-76.9479432421535
-75.92959755695585,-76.61034817012376
-76.425504301928,-76.2724417969352
-76.91931136527067,-75.93439678875548
-77.41091483978718,-75.59638266664481
-77.90021288450326,-75.2585652592203
-78.3871060856931,-74.92110618274329
-78.87149779601668,-74.58416235380466
-79.35329444854443,-74.24788553917651
-79.83240584292221,-73.91242194671024
-80.30874540144978,-73.57791186041449
-80.78223039339085,-73.24448932206293
-81.25278212638845,-72.91228186088597
-81.72032610440877,-72.58141027211292
-82.18479215216568,-72.25198844437382
-82.64611450647496,-71.92412323526027
-83.10423187543954,-71.59791439369664
-83.55908746676937,-71.27345452720031
-84.0106289868826,-70.95082911161822
-84.45880861271888,-70.6301165405231
-84.90358293841655,-70.31138821113743
-85.34491289916649,-69.99470864342457
-85.78276367465782,-69.68013562884164
-86.21710457457942,-69.36772040518034
-86.64790890864101,-69.057507853924
-87.07515384353427,-68.74953671661248
-87.49882024917544,-68.44383982682125
-87.91889253646093,-68.1404443545201
-88.33535848863431,-67.83937205976872
-88.74820908821206,-67.54063955292386
-89.15743834125317,-67.24425855876801
-89.56304310058681,-66.9502361822134
-89.96502288944082,-66.65857517348472
-90.3633797267419,-66.3692741909297
-90.75811795519148,-66.08232805984832
-91.14924407306157,-65.79772802596169
-91.53676657050251,-65.51546200236058
-91.9206957710143,-65.23551480897774
-92.30104367860194,-64.95786840381602
-92.67782383101688,-64.68250210533671
-93.05105115937955,-64.40939280556718
-93.4207418543822,-64.1385151736254
-93.78691323918744,-63.86984184948112
-94.14958364906423,-63.603343627880335
-94.50877231773975,-63.33898963245156
-94.86449927039219,-63.0767474800911
-95.2167852231639,-62.81658343579048
-95.56565148903778,-62.55846255812346
-95.9111198898893,-62.30234883565471
-96.25321267450352,-62.04820531456675
-96.59195244232771,-61.795994217828934
-96.92736207271855,-61.54567705625168
-97.25946465943254,-61.297214731782624
-97.58828345010481,-61.05056763340941
-97.9138417904588,-60.80569572603715
-98.2361630729905,-60.5625586327082
-98.55527068987384,-60.321115710528254
-98.87118798983906,-60.081326120656264
-99.18393823878151,-59.84314889270733
-99.49354458386661,-59.606542983907474
-99.80003002090457,-59.371467333327544
-100.1034173647775,-59.13788091151136
-100.40372922271119,-58.90574276579954
-100.70098797019344,-58.67501206163727
-100.99521572935053,-58.44564812014014
-101.28643434960372,-58.21761045217842
-101.57466539043685,-57.990858789226145
-101.85993010611625,-57.76535311120788
-102.14224943221343,-57.54105367156272
-102.4216439737899,-57.31792101973191
-102.69813399511247,-57.09591602126417
-102.97173941077614,-56.87499987572048
-103.24247977811899,-56.65513413254883
-103.51037429082217,-56.4362807050879
-103.77544177359465,-56.21840188284869
-104.03770067784977,-56.001460342212475
-104.29716907828727,-55.7854191556746
-104.55386467030034,-55.57024179975417
-104.80780476813344,-55.35589216168158
-105.0590063037219,-55.14233454496772
-105.30748582614974,-54.92953367395129
-105.55325950166669,-54.71745469741367
-105.79634311420995,-54.506063191344126
-106.03675206638087,-54.29532516093217
-106.27450138083009,-54.085207041858
-106.50960570200857,-53.87567570094668
-106.7420792982457,-53.666698436246776
-106.97193606411817,-53.45824297658935
-107.19918952307708,-53.250277480679166
-107.42385283030255,-53.0427705357656
-107.64593877575862,-52.835691155937376
-107.86545978742271,-52.629008780081506
-108.08242793466677,-52.4226932695437
-108.29685493176885,-52.21671490552463
-108.5087521415359,-52.0110443862435
-108.7181305790201,-51.80565282389782
-108.92500091531313,-51.60051174144624
-109.12937348140348,-51.39559306923855
-109.33125827208387,-51.19086914151553
-109.53066494989727,-50.98631269279893
-109.72760284911006,-50.78189685419065
-109.92208097970342,-50.577595149597975
-110.11410803137396,-50.373381491901036
-110.30369237753573,-50.169230179076465
-110.49084207931695,-49.96511589029069
-110.67556488954511,-49.76101368197464
-110.85786825671504,-49.55689898389093
-111.037759328935,-49.35274759520338
-111.21524495784682,-49.14853568055794
-111.3903317025161,-48.94423976618319
-111.5630258332894,-48.73983673601803
-111.73333333561578,-48.53530382787309
-111.90125991383006,-48.33061862963223
-112.06681099489626,-48.12575907549936
-112.2299917321091,-47.920703442295945
-112.39080700875292,-47.715430345813324
-112.54926144171628,-47.50991873722414
-112.70535938506228,-47.3041478995564
-112.85910493355333,-47.09809744423342
-113.0105019261308,-46.8917473076826
-113.159553949349,-46.685077748015544
-113.30626434076383,-46.47806934178188
-113.45063619227619,-46.27070298079879
-113.59267235343081,-46.062959869058034
-113.73237543467086,-45.854821519712004
-113.86974781054904,-45.64626975214028
-114.00479162289605,-45.43728668909772
-114.13750878394715,-45.22785475394527
-114.267900979428,-45.01795666796431
-114.39596967160055,-44.80757544775515
-114.52171610227037,-44.596694402720516
-114.64514129575643,-44.38529713263439
-114.76624606182472,-44.173367525296655
-114.88503099858674,-43.96088975427382
-115.0014964953645,-43.747848276726145
-115.11564273552322,-43.53422783132128
-115.22746969927319,-43.32001343623451
-115.33697716644213,-43.10519038723571
-115.44416471921961,-42.889744255862915
-115.54903174487512,-42.673660887682566
-115.6515774384508,-42.45692640063625
-115.75180080543105,-42.23952718347384
-115.84970066438984,-42.0214498942729
-115.94527564961781,-41.8026814590441
-116.0385242137303,-41.58320907042258
-116.1294446302579,-41.363020186444814
-116.21803499622133,-41.142102529410906
-116.30429323469198,-40.92044408483201
-116.38821709733936,-40.69803310046255
-116.46980416696762,-40.47485808541699
-116.54905186004213,-40.25090780937081
-116.6259574292079,-40.02617130184549
-116.70051796580115,-39.80063785157704
-116.77273040235576,-39.574297005967836
-116.84259151510587,-39.34713857062143
-116.91009792648633,-39.11915260896
-116.97524610763212,-38.890329441924
-117.03803238087865,-38.660659647753896
-117.09845292226392,-38.43013406185334
-117.15650376403426,-38.1987437767337
-117.21218079715487,-37.96648014203941
-117.26547977382681,-37.73333476465386
-117.31639631001138,-37.49929950888539
-117.36492588796374,-37.26436649673317
-117.41106385877661,-37.02852810823232
-117.45480544493584,-36.79177698187821
-117.49614574288877,-36.554106015129214
-117.53507972562673,-36.31550836498784
-117.57160224528324,-36.075977448659536
-117.60570803574858,-35.83550694428899
-117.63739171530247,-35.59409079177332
-117.6666477892657,-35.35172319365184
-117.69347065267199,-35.10839861607187
-117.71785459296133,-34.86411178983013
-117.7397937926956,-34.61885771148932
-117.75928233229777,-34.37263164456927
-117.77631419281579,-34.125429120812235
-117.79088325871197,-33.8772459415218
-117.80298332067909,-33.62807817897473
-117.81260807848386,-33.37792217790542
-117.81975114383921,-33.126774557062085
-117.82440604330566,-32.87463221083429
-117.8265662212231,-32.62149231095108
-117.82622504267374,-32.36735230824903
-117.82337579647678,-32.11220993450954
-117.81801169821597,-31.856063204364755
-117.81012589330032,-31.598910417271085
-117.79971146005907,-31.340750159549916
-117.78676141287126,-31.081581306494304
-117.77126870533075,-30.821403024541112
-117.753226233447,-30.56021477350751
-117.7326268388824,-30.29801630889095
-117.70946331222639,-30.034807684231712
-117.68372839630707,-29.77058925353693
-117.65541478954033,-29.50536167376507
-117.62451514931715,-29.239125907369786
-117.5910220954293,-28.97188322490199
-117.55492821353354,-28.703635207668956
-117.51622605865468,-28.43438375044916
-117.47490815872737,-28.16413106426172
-117.43096701817728,-27.892879679188894
-117.38439512154078,-27.620632447250397
-117.33518493712404,-27.347392545328038
-117.2833289207008,-27.073163478139147
-117.2288195192489,-26.797949081257258
-117.17164917472547,-26.521753524178443
-117.1118103278801,-26.244581313431596
-117.0492954221062,-25.966437295730902
-116.98409690732973,-25.687326661168758
-116.91620724393488,-25.407254946447214
-116.8456189067263,-25.126228038146035
-116.7723243889272,-24.84425217602537
-116.69631620621257,-24.561333956361022
-116.6175869007768,-24.277480335310067
-116.53612904543485,-23.992698632304776
-116.45193524775615,-23.706996533472456
-116.36499815423007,-23.42038209507892
-116.27531045446194,-23.13286374699318
-116.18286488539871,-22.844450296170866
-116.08765423558256,-22.55515093015384
-115.98967134943148,-22.264975220583363
-115.88890913154543,-21.973933126724134
-115.78536055103643,-21.68203499899642
-115.679018645881,-21.389291582513465
-115.56987652729347,-21.095714020621227
-115.4579273841183,-20.80131385843748
-115.34316448723946,-20.506103046387246
-115.2255811940053,-20.210093943731337
-115.10517095266636,-19.913299322084956
-114.9819273068245,-19.61573236892294
-114.85584389989096,-19.31740669106839
-114.72691447955083,-19.01833631816122
-114.595132902232,-18.718535706103257
-114.46049313757564,-18.418019740476144
-114.322989272906,-18.116803739928677
-114.18261551769656,-17.81490345952971
-114.03936620803003,-17.512335094082957
-113.89323581104905,-17.209115281399942
-113.74421892939488,-16.905261105527156
-113.59231030563085,-16.600790099923525
-113.43750482664753,-16.295720250584285
-113.27979752804639,-15.990069999107144
-113.11918359849835,-15.683858245696728
-112.95565838407423,-15.377104352103188
-112.78921739254315,-15.069828144490765
-112.61985629763556,-14.762049916232163
-112.44757094326707,-14.453790430624446
-112.27235734771912,-14.145070923522244
-112.0942117077731,-13.835913105883893
-111.91313040279323,-13.52633916622626
-111.7291099987549,-13.216371772983837
-111.54214725221367,-12.9060340767678
-111.35223911421122,-12.595349712520592
-111.1593827341135,-12.284342801561726
-110.96357546337711,-11.973037953520329
-110.76481485923914,-11.661460268150117
-110.56309868832611,-11.3496353370224
-110.35842493017734,-11.037589245092729
-110.15079178067806,-10.725348572136895
-109.94019765539767,-10.412940394051919
-109.72664119282801,-10.100392284017769
-109.51012125751735,-9.787732313515557
-109.29063694309448,-9.474989053198012
-109.06818757517858,-9.162191573608087
-108.84277271416948,-8.849369445741608
-108.61439215791334,-8.536552741449945
-108.38304594423865,-8.223772033678749
-108.14873435335747,-7.911058396538915
-107.91145791012669,-7.5984434052059715
-107.67121738616406,-7.285959135644227
-107.42801380181386,-6.973638164152114
-107.18184842795701,-6.661513566725267
-106.93272278766005,-6.349618918234002
-106.68063865765826,-6.037988291412014
-106.42559806966707,-5.726656255653223
-106.16760331151701,-5.415657875613869
-105.9066569281064,-5.105028709617121
-105.64276172216708,-4.7948048078576155
-105.37592075483751,-4.485022710403541
-105.1061373460382,-4.175719444994065
-104.83341507464426,-3.8669325246300956
-104.55775777844997,-3.558699944956599
-104.27916955391997,-3.2510601814348865
-103.99765475572251,-2.944052186303545
-103.71321799603912,-2.637715385326908
-103.42586414364621,-2.332089674330218
-103.13559832276346,-2.0272154155209074
-102.84242591166411,-1.7231334335956807
-102.54635254104257,-1.419885011633381
-102.24738409213448,-1.1175118867739078
-101.94552669458473,-0.8160562456837708
-101.64078672405873,-0.5155607198091703
-101.33317079959282,-0.21606838041783324
-101.02268578067917,0.08237726656883172
-100.70933876408112,0.3797322859513468
-100.39313708037493,0.6759523188332666
-100.07408829021367,0.9709925884051231
-99.75220018030971,1.2648079059281807
-99.42748075913192,1.5573526769145787
-99.09993825231392,1.8485809075000315
-98.76958109777,2.1384462110048466
-98.43641794051543,2.4269018146785895
-98.10045762718781,2.7139005666232974
-97.76170920026662,2.9993949428896944
-97.42018189198795,3.2833370547404077
-97.07588511795177,3.5656786560737235
-96.72882847041915,3.846371151000949
-96.37902171129701,4.125365601569956
-96.02647476480823,4.402612735627014
-95.67119770984488,4.678062954808494
-95.31320077200297,4.951666342653549
-94.95249431529665,5.223372672828335
-94.58908883355039,5.493131417451842
-94.22299494146799,5.760891755512862
-93.85422336537664,6.026602581367093
-93.48278493364553,6.2902125133028415
-93.10869056677775,6.551669902163244
-92.7319512671747,6.810922840012365
-92.3525781085726,7.067919168832007
-91.97058222515055,7.322606489235476
-91.58597480030971,7.5749321691840095
-91.19876705512362,7.824843352691018
-90.80897023645949,8.07228696849869
-90.41659560477048,8.317209738710988
-90.02165442155945,8.559558187366482
-89.62415793651391,8.799278648933878
-89.2241173743133,9.036317276712548
-88.82154392110823,9.27062005111983
-88.41644871067304,9.502132787846232
-88.00884281023149,9.730801145859191
-87.59873720595677,9.956570635235384
-87.18614278814621,10.179386624801129
-86.77107033607129,10.399194349559771
-86.35353050250369,10.615938917884439
-85.9335337979179,10.829565318453993
-85.51109057437101,11.040018426909453
-85.08621100905991,11.247243012207615
-84.65890508755646,11.45118374264808
-84.22918258672084,11.651785191549337
-83.79705305729283,11.84899184254904
-83.3625258061613,12.042748094503084
-82.92560987831142,12.232998265957557
-82.48631403844875,12.41968659916716
-82.04464675229977,12.602757263633126
-81.60061616758743,12.782154359133202
-81.15423009468024,12.957821918215748
-80.70549598691305,13.129703908129493
-80.25442092057729,13.297744232159985
-79.80101157457766,13.46188673034333
-79.34527420975253,13.622075179527231
-78.88721464785371,13.778253292748952
-78.42683825018166,13.930364717899272
-77.96414989587106,14.07835303564102
-77.49915395982116,14.222161756550319
-77.03185429026459,14.361734317448137
-76.56225418596766,14.497014076889322
-76.09035637305429,14.627944309775701
-75.61616298144496,14.754468201059442
-75.13967552090118,14.876528838502301
-74.660894856665,14.99406920445593
-74.17982118468224,15.107032166627869
-73.696454006397,15.21536046779742
-73.21079210310411,15.318996714444983
-72.72283350984479,15.417883364258058
-72.23257548883016,15.511962712476521
-71.7400145023756,15.601176877039304
-71.24514618532793,15.68546778249414
-70.74796531696626,15.764777142631493
-70.24846579235604,15.839046441803411
-69.74664059313437,15.908216914887458
-69.24248175770363,15.97222952585556
-68.73598035080894,16.03102494490718
-68.22712643247391,16.08454352412584
-67.71590902626731,16.13272527161774
-67.20231608687288,16.175509824091016
-66.68633446693214,16.21283641783406
-66.16794988312985,16.244643858051127
-65.64714688149002,16.27087048651386
-65.12390880184947,16.29145414748724
-64.5982177414749,16.30633215188928
-64.07005451778892,16.315441239644123
-63.53939863016923,16.318717540189468
-63.006228220785346,16.316096531100197
-62.470520034436504,16.307512994791992
-61.932249377354786,16.292900973270715
-61.391390074937824,16.272193720895906
-60.84791442837618,16.24532365513022
-60.301793170142126,16.212222305250375
-59.75299541830806,16.172820259000243
-59.201488629665775,16.127047107172494
-58.6472385516209,16.07483138611223
-58.09020917284139,16.016100518144505
-57.53036267264415,15.95078074993754
-56.96765936911067,15.87879708882528
-56.402057665930734,15.800073237126975
-55.83351399798304,15.71453152451771
-55.261982775673424,15.622092838523297
-54.68741632806564,15.522676553235353
-54.10976484485621,15.41620045636892
-53.52897631726515,15.302580674815685
-52.9449964779372,15.181731598881898
-52.357768739976486,15.053565805441695
-51.76723413526909,14.917993980285203
-51.1733312522863,14.77492483999707
-50.57599617360496,14.624265053766253
-49.9751624134329,14.465919165603587
-49.37076085548679,14.299789517530916
-48.76271969163911,14.12577617440659
-48.15096436183087,13.943776851168536
-47.53541749583968,13.753686843410522
-46.915998857599725,13.555398962361735
-46.29262529289384,13.348803475517874
-45.66521068138044,13.13378805437621
-45.03366589408169,12.910237730961779
-44.39789875764773,12.678034865100642
-43.75781402692734,12.437059124703785
-43.113313367622716,12.187187481676686
-42.46429535108799,11.928294226470245
-41.81065546365294,11.660251004744728
-41.15228613321894,11.382926880135907
-40.48907677628885,11.09618842769825
-39.82091386906108,10.79989986326095
-39.14768104674522,10.493923214675279
-38.469259235848064,10.17811854176292
-37.78552682483742,9.852344212700135
-37.096359879321696,9.516457245596099
-36.40163240868589,9.170313725147468
-35.70121669200054,8.813769305473896
-34.9949836719635,8.446679811554535
-34.28280342663826,8.068901953080589
-33.56454572980032,7.680294165991913
-32.84008071177291,7.28071759844233
-32.109279633689034,6.870037259389328
-31.372015789111867,6.4481233493596735
-30.628165547812095,6.014852794108744
-29.877609557152308,5.5701110027434995
-29.12023411685171,5.113793872255507
-28.355932742754785,4.645810060107815
-27.58460793442901,4.166083545286304
-26.80617315975418,3.6745564957601107
-26.020555066890687,3.171192456243187
-25.22769592984147,2.655979864110635
-24.427556327947418,2.1289358928677293
-23.620118051765704,1.590110611257801
-22.805387217586226,1.0395914315225048
-21.983397560117997,0.47750780218180444
-21.15421385752191,-0.09596392115807803
-20.317935425068622,-0.6805955188966114
-19.47469959362965,-1.2761019848408308
-18.624685067702913,-1.8821367888016236
-17.76811503592085,-2.498287506042092
-16.905259886686917,-3.124072023895927
-16.036439364941977,-3.758935559288628
-15.162023995712884,-4.402248735326296
-14.282435598915171,-5.053306966495625
-13.398146730660576,-5.711331386396403
-12.509678911324594,-6.375471516103534
-11.617599541076308,-7.0448098135159105
-10.7225174591105,-7.718368164908297
-9.82507717112108,-8.395116282673303
-8.925951846155828,-9.073981864255954
-8.025835262515868,-9.75386225559374
-7.125432955140862,-10.433637258855953
-6.225452876002086,-11.11218264020314
-5.326595917401784,-11.788383838601913
-4.429546660881475,-12.461149358341931
-3.5349646998448585,-13.129423348417786
-2.6434768435832923,-13.792196929136333
-1.7556704488878008,-14.448517913496552
-0.8720880499043218,-15.097498678067037
0.006776624465671103,-15.738322053645124
0.8804812354599157,-16.370245218523266
1.7486360816447777,-16.992601677097305
2.6109041248029623,-17.60480148704246
3.4669999510909277,-18.206329955804527
4.3166878476445145,-18.796745061212395
5.159779183264784,-19.375673863573333
5.996129277677558,-19.94280817126701
6.8256339302579025,-20.49789970302037
7.648225759237745,-21.040754962235653
8.463870479166784,-21.571230006057977
9.272563220158188,-22.089225257688337
10.074324969011275,-22.59468047731748
10.86919919087178,-23.08756997669972
11.657248671367359,-23.567898135809543
12.438552603437628,-24.03569525766083
13.213203930364063,-24.491013779231153
13.981306946598023,-24.933924842253116
14.742975150572265,-25.36451521697775
15.498329338397477,-25.782884564371525
16.24749592381708,-26.18914301705561
16.99060546766807,-26.583409056137576
17.72779139905666,-26.965807659476724
18.45918891023359,-27.336468696481596
19.184934007518812,-27.695525544942278
19.905162701396605,-28.04311390639263
20.620010319936117,-28.379370797874316
21.329610930878676,-28.704433699578725
22.034096858989567,-29.018439839557068
22.733598286538683,-29.321525598427307
23.428242926009567,-29.61382601870907
24.11815575531232,-29.895474405043977
24.803458806875106,-30.166602003083074
25.484271003002284,-30.42733774623155
26.16070803081084,-30.67780806072737
26.832882250891117,-30.918136720694537
27.500902634585675,-31.148444745856995
28.164874725446634,-31.368850335532382
28.824900621022316,-31.57946883335285
29.481078971645218,-31.78041271789207
30.1335049933515,-31.971791615022134
30.782270492463386,-32.15371232838918
31.427463899716628,-32.326278884891785
32.069170312120775,-32.48959259247766
32.70747154100552,-32.643752107950874
33.34244616493725,-32.788853512808565
33.97416958638925,-32.92499039541012
34.60271409122211,-33.05225393802793
35.22814891017962,-33.17073300754137
35.85054028173414,-33.28051424872003
36.46995151572594,-33.38168217920065
37.08644305733605,-33.4743192853993
37.70007255101374,-33.55850611871805
38.31089490404942,-33.63432139150692
38.91896234954361,-33.70184207232876
39.524324508573486,-33.76114348014946
40.127028451401834,-33.812299377140015
40.72711875761005,-33.85538205983161
41.32463757506809,-33.89046244841158
41.91962467768045,-33.91761017398833
42.51211752186939,-33.93689366368692
43.1021513017752,-33.94838022346622
43.68975900316856,-33.95213611857296
44.274971456082916,-33.948226651568575
44.85781738618498,-33.93671623788274
45.43832346491026,-33.91766847886176
46.01651435839691,-33.891146232292755
46.592412775256804,-33.857211680394784
47.16603951322663,-33.81592639527694
47.737413504744936,-33.767351401870414
48.30655186150315,-33.71154723834773
48.873469918019836,-33.64857401404725
49.43818127428838,-33.57849146492503
50.000697837548266,-33.50135900655953
50.56102986322979,-33.41723578473732
51.11918599512159,-33.32618072365013
51.67517330480893,-33.22825257173539
52.228997330429856,-33.12350994519368
52.780662114794396,-33.012011369217944
53.33017024291062,-32.89381531696971
53.87752287895923,-32.768980246338785
54.42271980275668,-32.63756463452317
54.965759445744496,-32.499627010466384
55.506638926540546,-32.355225985189826
56.045354086085815,-32.2044202800582
56.581899522418,-32.04726875301597
57.11626862510103,-31.8838304228334
57.64845360933755,-31.714164491400634
58.17844554978902,-31.538330364108706
58.70623441412604,-31.356387668356433
59.231809096329414,-31.168396270222292
59.75515744976023,-30.974416289340784
60.276266320015196,-30.774508112022776
60.795121577581625,-30.56873240265969
61.31170815030428,-30.357150113451603
61.82601005567452,-30.139822492499494
62.33801043295037,-29.916811090302254
62.84769157511415,-29.6881777646992
63.35503496067292,-29.45398468429922
63.86002128530512,-29.214294330437795
64.3626304933552,-28.969169497703604
64.8628418091766,-28.718673293076392
65.36063376832222,-28.462869133718357
65.85598424857957,-28.20182074346128
66.34887050084726,-27.935592148031986
66.83926917984763,-27.664247669058902
67.32715637466967,-27.387851916902626
67.8125076391349,-27.106469782353667
68.29529802197831,-26.820166427240547
68.77550209683505,-26.529007273991674
69.25309399202337,-26.233057994194404
69.7280474201128,-25.932384496194768
70.20033570726653,-25.627052911781398
70.66993182234566,-25.31712958199712
71.13680840576316,-25.0026810421216
71.6009377980743,-24.683774005868447
72.06229206829,-24.36047534883988
72.52084304189952,-24.03285209128201
72.9765623285881,-23.700971380183532
73.42942134963532,-23.36490047076032
73.87939136497964,-23.024706707368196
74.32644349993424,-22.680457503885716
74.77054877153971,-22.3322203236085
75.21167811453856,-21.980062658696152
75.64980240695682,-21.624052009212367
76.08489249527847,-21.264255861798343
76.51691921919746,-20.900741668019002
76.94585343593384,-20.533576822420976
77.3716660440992,-20.162828640340695
77.79432800709787,-19.78856433550027
78.21381037605042,-19.41085099742802
78.63008431222605,-19.029755568740025
79.04312110897112,-18.645344822318044
79.45289221312161,-18.257685338418526
79.85936924588714,-17.866843481746525
80.26252402319533,-17.472885378527504
80.66232857548562,-17.07587689360913
81.05875516694167,-16.675883607624236
81.4517763141527,-16.2729707942452
81.84136480419437,-15.867203397559047
82.22749371212036,-15.458646009591584
82.61013641785644,-15.047362848007912
82.98926662248958,-14.633417734015607
83.36485836394502,-14.21687407049587
83.73688603204523,-13.797794820386898
84.1053243829448,-13.376242485342665
84.47014855293666,-12.95227908468923
84.83133407162492,-12.525966134699676
85.1888568744611,-12.097364628207613
85.54269331464036,-11.66653501457819
85.89282017435583,-11.233537180054396
86.23921467540906,-10.798430428495408
86.58185448917578,-10.361273462522595
86.92071774592692,-9.922124365087765
87.2557830435047,-9.481040581477076
87.58702945535538,-9.038078901763054
87.91443653791995,-8.593295443715986
88.23798433738529,-8.146745636184962
88.55765339579861,-7.698484202957749
88.87342475654874,-7.248565147107635
89.18527996921841,-6.7970417358343695
89.49320109381227,-6.343966485805258
89.79717070436593,-5.889391149001499
90.09717189194178,-5.4333666990738525
90.39318826701823,-4.975943318210723
90.6852039612789,-4.517170384520817
90.97320362880943,-4.057096459931571
91.2571724467098,-3.5957692786036266
91.53709611513021,-3.1332357358607323
91.8129608567396,-2.6695418776335753
92.08475341563576,-2.204732890415179
92.35246105570683,-1.7388530917246723
92.61607155845374,-1.2719459210754278
92.87557322028432,-0.8040539314427771
93.1309548492893,-0.3352187812257517
93.38220576151119,0.13451877330343975
93.62931577671733,0.6051188850691934
93.8722752136883,1.0765426227892319
94.11107488503333,1.5487519771066018
94.3457060915446,2.021709866265912
94.57616061610234,2.495380141343376
94.80243071714278,2.9697275910408014
95.02450912170126,3.4447179460542077
95.24238901804273,3.920317883028275
95.4560640478921,4.3964950281083235
95.66552829827675,4.873217960101965
95.87077629299368,5.350456213263034
96.07180298371387,5.828180279710773
96.26860374073595,6.3063616114976675
96.4611743434019,6.784972622339652
96.64951097018657,7.263986689022736
96.83361018847386,7.743378152500414
97.01346894403092,8.223122318696475
97.18908455019285,8.703195459028102
97.36045467676932,9.18357481066434
97.52757733868494,9.66423857653525
97.69045088436461,10.145165925107197
97.8490739838752,10.626336989939904
98.00344561683438,11.107732869041035
98.15356506009755,11.589335624034101
98.29943187523301,12.07112827915571
98.44104589579601,12.553094820098067
98.57840721441123,13.035220192712842
98.71151616967359,13.517490301592385
98.84037333287658,13.99989200854441
98.96497949457724,14.482413130976141
99.08533565100643,14.96504244020393
99.20144299033291,15.447769659704312
99.31330287878907,15.930585463322318
99.42091684666632,16.413481473452876
99.52428657418724,16.896450259210912
99.62341387726195,17.37948533460573
99.71830069313482,17.862581156735015
99.80894906592859,18.345733124013776
99.89536113209141,18.828937574453143
99.97753910575284,19.312191784004018
100.055485263994,19.79549396498009
100.12920193203716,20.2788432645747
100.19869146835934,20.762239763485656
100.26395624973449,21.245684474661882
100.3249986562085,21.729179342185486
100.38182105601092,22.212727240302456
100.43442579040693,22.696331972614992
100.48281515849335,23.17999827144789
100.52699140194143,23.663731797401233
100.5669566896901,24.14753913910102
100.6027131025919,24.631427813159036
100.63426261801493,25.115406264352696
100.66160709440312,25.59948386603506
100.68474825579771,26.08367092078466
100.70368767632236,26.567978661304124
100.71842676463466,27.05241925157592
100.72896674834675,27.537005788282713
100.73530865841789,28.021752302499145
100.73745331352217,28.506673761660856
100.73540130439461,28.991786071815568
100.72915297815942,29.47710608016017
100.71870842264444,29.96265157786632
100.70406745068676,30.44844130319607
100.68522958443431,30.93449494490734
100.66219403964976,31.42083314594787
100.63495971002354,31.907477507434262
100.60352515150372,32.39445059291107
100.56788856665189,32.881775932882825
100.5280477890349,33.36947802960959
100.4840002676648,33.85758236215418
100.43574305149963,34.34611539166649
100.38327277402088,34.83510456688732
100.32658563790454,35.32457832985086
100.26567739980551,35.814566121761246
100.20054335527777,36.305098389014645
100.13117832385538,36.79620658933387
100.05757663432274,37.28792319797764
99.9797321102064,37.7802817139813
99.89763805552437,38.27331666637967
99.81128724083369,38.76706362035641
99.72067188962157,39.26155918325696
99.62578366509156,39.756841010394176
99.52661365740128,40.25294781056708
99.42315237141607,40.74991935120368
99.31538971504916,41.24779646302806
99.20331498826816,41.74662104414053
99.0869168728555,42.2464360633868
98.96618342302135,42.74728556287835
98.84110205697742,43.2492146595106
98.71165954959245,43.75226954530903
98.5778420262628,44.256497486414865
98.43963495814594,44.761946820502025
98.29702315891996,45.26866695239493
98.149990783249,45.77670834763318
97.9985213271532,46.28612252370299
97.84259763050134,46.79696203862689
97.68220188186638,47.30928047657268
97.517315626007,47.8231324301094
97.34791977426467,48.33857347870199
97.17399461819167,48.85566016299774
96.99551984675617,49.37444995441585
96.81247456750113,49.89500121950686
96.62483733206759,50.41737317850075
96.43258616652896,50.94162585741207
96.23569860702011,51.46782003301618
96.03415174118538,51.99601716995421
95.82792225601105,52.52627934916495
95.61698649265107,53.058669186779674
95.40132050889929,53.59324974255236
95.18090015000705,54.13008441683247
94.95570112859016,54.66923683502156
94.725699114415,55.210770718389824
94.49086983489674,55.75474974006474
94.25118918718411,56.30123736494391
94.00663336274236,56.85029667222884
93.75717898537745,57.40199015922906
93.5028032636686,57.95637952504864
93.24348415879007,58.51352543274415
92.97920056870382,59.07348724853699
92.70993252968978,59.63632275667979
92.43566143614514,60.202087848620224
92.15637027952579,60.770836185182375
91.87204390721463,61.342618830602575
91.5826693019814,61.917483857419796
91.28823588253753,62.49547592143842
90.98873582548529,63.07663580626161
90.68416440870422,63.660999937244505
90.37452037590583,64.24859986514693
90.05980632171345,64.83946172028234
89.74002909618271,65.43360563857078
89.41520022716685,66.03104516161424
89.08533635834694,66.63178661372481
88.75045970009052,67.23582845975145
88.41059848957691,67.84316064856405
88.06578745583924,68.45376394815538
87.71606828453454,69.06760927949685
87.36149007637998,69.68465705751048
87.00210979230758,70.30485654876527
86.63799267752094,70.92814525673218
86.26921265581912,71.55444834658996
85.89585268482868,72.18367812260581
85.518005062198,72.81573357195546
85.13577167241237,73.45049998942694
84.74926416373458,74.08784869769593
84.35860404491527,74.72763687769664
83.9639226917995,75.36970752297461
83.5653612548166,76.01388953073966
83.16307045960761,76.65999794060484
82.75721029472686,77.30783432968353
82.34794958243745,77.95718736984185
81.93546543107067,78.60783354951464
81.51994257017157,79.25953805867695
81.10157257262232,79.91205583144195
80.68055297100875,80.56513273648027
80.25708627854756,81.21850690120759
79.83137892778134,81.87191015165581
79.40364014283618,82.52506954632888
78.97408076318797,83.17770897933059
78.5429120384845,83.82955082580041
78.11034441493125,84.48031760132847
77.67658633401709,85.12973360661792
77.24184306391581,85.7775265292442
76.80631558277487,86.42342897589188
76.3701995313588,87.06717991084497
75.93368425024526,87.70852597963125
75.49695191409911,88.34722270040976
75.06017677260921,88.9830355097514
74.623524504608,89.61574065370017
74.1871516888402,90.24512591922492
73.75120539193114,90.87099120520527
73.31582287143128,91.49314893579451
72.88113138946349,92.1114243222539
72.44724813052771,92.7256554820804
72.01428021545546,93.33569342641051
71.58232480235787,93.9414019282707
71.15146926466375,94.54265728527818
70.72179143596506,95.13934799091726
70.2933599113374,95.73137432858513
69.86623439503015,96.31864790228515
69.44046608487378,96.90109111721844
69.01609808437831,97.47863662265858
68.59316583424528,98.0512267284593
68.17169755584327,98.61881280540226
67.75171470006255,99.18135467839743
67.33323239583633,99.73882002034591
66.91625989346713,100.29118375330235
66.50080099870749,100.8384274624576
66.08685449429979,101.38053882742344
65.67441454637051,101.91751107435097
65.26347109369529,102.44934245156301
64.85401021840013,102.97603573062673
64.44601449714212,103.4975977341395
64.03946333222216,104.0140388909401
63.63433326242875,104.52537281898624
63.2305982536971,105.03161593574912
62.82822996990227,105.53278709565882
62.427198024289694,106.02890725388373
62.02747021219123,106.5199991555321
61.62901272578195,107.00608704922067
61.23179035171011,107.48719642385258
60.835766652483386,107.96335376738077
60.440904132523265,108.43458634629651
60.04716438981085,108.90092200457075
59.654508254043655,109.36238898078265
59.26289591220819,109.81901574219388
58.87228702244955,110.27083083456066
58.48264081708859,110.71786274652084
58.09391619560169,111.16013978744327
57.706071808339736,111.59768997768126
57.31906613172155,112.03054095023049
56.93285753559564,112.45871986284972
56.547404343421256,112.88225331976227
56.162664885878264,113.30116730211493
55.778597548474345,113.71548710642739
55.39516081367808,114.12523729032125
55.01231329806866,114.53044162487028
54.63001378495606,114.93112305296424
54.248221252891476,115.32730365312675
53.86689490045472,115.71900460827221
53.4859941676749,116.10624617893009
53.105478754411855,116.4890476805039
52.725308635998964,116.86742746416952
52.34544407642324,117.24140290105166
51.9658456392953,117.61099036934958
51.586474196840335,117.97620524411235
51.207290937121684,118.33706188939135
50.82825736969009,118.69357365252286
50.44933532983518,119.0457528603165
50.070486981600034,119.39361081694713
49.69167481970588,119.73715780336644
49.312861670520576,120.07640307806928
48.93401069219301,120.4113548790654
48.55508537406459,120.74202042692295
48.17604953545889,121.06840592876307
47.796867323941775,121.39051658309815
47.41750321313585,121.70835658541735
47.0379220001656,122.02192913443335
46.65808880280276,122.33123643891436
46.27796905637529,122.63627972503322
45.897528510497544,122.9370592441744
45.516733225674045,123.23357428114598
45.135549569824846,123.52582316275068
44.75394421477593,123.81380326667626
44.371884132754396,124.09751103067019
43.989336592924666,124.37694196196962
43.60626915799878,124.65209064696099
43.22264968095098,124.92295076104857
42.83844630186418,125.18951507871469
42.45362744493355,125.45177548375752
42.068161815650406,125.70972297969561
41.6820183981875,125.96334770033155
41.29516645300523,126.21263892046852
40.90757551469663,126.45758506677703
40.519215390087524,126.69817372881073
40.13005615660704,126.93439167017152
39.740068160942386,127.16622483982697
39.349222017990826,127.39365838358364
38.95748861012066,127.61667665572179
38.564839086752386,127.83526323079788
38.17124486427004,128.0494009156229
37.77667762627232,128.25907176142462
37.3811093241722,128.464257076204
36.984512178153146,128.66493743729544
36.5868586784894,128.86109270414195
36.188121587237426,129.05270203129734
35.78827394030488,129.2397438816667
35.387289049902996,129.42219603999797
34.98514050738794,129.6000356266375
34.58180218649609,129.77323911156236
34.177248246977776,129.94178232870294
33.77145313863362,130.10564049056865
33.36439160575709,130.26478820319053
32.95603869198664,130.41919948139432
32.54636974557003,130.56884776441635
32.13536042504337,130.7137059318766
31.722986705326733,130.85374632012073
31.309224884237747,130.98894073894465
30.894051589424247,131.11926048871342
30.477443785716428,131.24467637788652
30.059378782898474,131.36515874096125
29.639834243899298,131.48067745684497
29.218788193401164,131.59120196766705
28.796219026864765,131.69670129803973
28.372105519968503,131.79714407477778
27.94642683845925,131.8924985470849
27.51916254841122,131.98273260721479
27.090292626888953,132.06781381161352
26.659797473009753,132.1477094025494
26.227657919400226,132.2223863302349
25.793855244040934,132.29181127544516
25.35837118249231,132.35595067263523
24.921187940494463,132.4147707335589
24.48228820693247,132.46823747138868
24.041655167158236,132.51631672533702
23.599272516659003,132.558974185777
23.155124475061886,132.59617541985895
22.70919580046294,132.62788589761888
22.2614718040685,132.65407101857295
21.81193836513548,132.67469613879047
21.360581946196785,132.68972659843703
20.90738960855682,132.69912774977755
20.45234902804137,132.70286498562731
19.99544851098527,132.7009037682384
19.536677010440318,132.6932096586061
19.076024142585165,132.67974834617965
18.613480203317927,132.66048567895925
18.149036185011553,132.6353876939597
17.682683793411137,132.6044206480204
17.21441546465147,132.56755104893844
16.744224382372515,132.52474568690144
16.27210449490965,132.47597166619414
15.798050532534855,132.4211964371523
15.322058024724251,132.36038782833472
14.844123317426982,132.2935140788842
14.364243590309592,132.22054387104598
13.882416873949698,132.1414463628112
13.398642066952188,132.05619122065158
12.912918952960773,131.9647486523105
12.425248217537312,131.8670894396144
11.935631464881128,131.7631849712678
11.444071234360138,131.6530072755936
10.950571016825595,131.53652905318003
10.455135270682062,131.41372370939501
9.957769437684235,131.28456538672765
9.458479958432289,131.149028996916
8.957274287537556,131.00709025282066
8.454160908430554,130.85872570000248
7.94914934778368,130.70391274796305
7.442250189521253,130.54262970100658
6.933475088390064,130.37485578868186
6.42283678306411,130.2005711957631
5.910349108757832,130.01975709172893
5.396027009322855,129.83239565969942
4.879886548804022,129.63847012479135
4.361944922431362,129.43796478185328
3.842220467025548,129.23086502254193
3.3207326707954237,129.0171573617036
2.7975021825071997,128.7968294630244
2.272550820006082,128.56987016391514
1.745901578072243,128.3362694995976
1.2175786355943015,128.0960187263607
0.6876073620447318,127.84911034395671
0.15601432324296363,127.59553811710883
-0.37717271360673726,127.33529709610407
-0.9119247756141219,127.06838363644655
-1.4482116806486696,126.79479541754854
-1.9860020345408667,126.51453146043855
-2.525263229046345,126.22759214446772
-3.065961440578751,125.93397922299812
-3.608061629715816,125.63369583805802
-4.1515275414817,125.32674653395236
-4.696321706407309,125.01313726981752
-5.2424054423689626,124.69287543111281
-5.789738857204474,124.36596984004234
-6.3382808521044645,124.03243076490334
-6.887989125775521,123.69226992835898
-7.438820179370666,123.34550051463602
-7.9907293221815445,122.99213717564866
-8.543670678085707,122.63219603605292
-9.09759719274143,122.26569469723671
-9.652460641521694,121.89265224025303
-10.20821163817815,121.51308922770458
-10.764799644225212,121.12702770459055
-11.322172979033851,120.73449119812634
-11.880278830624176,120.33550471654948
-12.439063267145428,119.93009474692496
-12.9984712490318,119.51828925196466
-13.55844664182219,119.10011766587648
-14.118932229631945,118.67561088925873
-14.679869729264615,118.24480128305655
-15.241199804951787,117.8077226615968
-15.802862083709247,117.36441028471869
-16.36479517129796,116.91490084901662
-16.926936668778655,116.45923247821258
-17.489223189649287,115.99744471267404
-18.05159037755495,115.52957849809403
-18.61397292456057,115.0556761733486
-19.176304589977068,114.57578145754667
-19.73851821973254,114.08993943628654
-20.30054576628051,113.59819654713213
-20.86231830903809,113.10060056432108
-21.423766075347675,112.59720058271623
-21.984818461956415,112.08804700101005
-22.54540405700867,111.5731915041909
-23.105450662547117,111.05268704527857
-23.66488531751925,110.52658782633522
-24.223634321286436,109.99494927875622
-24.781623257633555,109.45782804284457
-25.338777019277764,108.91528194667042
-25.895019832875622,108.36736998421672
-26.450275284528168,107.81415229280977
-27.00446634578415,107.2556901298328
-27.557515400141778,106.69204584871932
-28.10934427004983,106.12328287422133
-28.659874244408844,105.54946567694728
-29.209026106573408,104.97065974716251
-29.756720162856386,104.38693156784522
-30.302876271535627,103.7983485869892
-30.84741387236357,103.20497918914465
-31.390252016579485,102.60689266618749
-31.931309397423636,102.0041591873075
-32.47050438115182,101.3968497682052
-33.007755038547835,100.78503623948768
-33.54297917693043,100.1687912142535
-34.07609437265002,99.54818805485742
-34.607018004069154,98.92330083884598
-35.13566728501927,98.29420432405605
-35.661959298724405,97.66097391286921
-36.18581103218124,97.02368561561592
-36.70713941098223,96.38241601312525
-37.225861334567234,95.73724221841672
-37.74189371188653,95.08824183753337
-38.25515349745575,94.43549292951656
-38.76555772778123,93.77907396552538
-39.27302355813144,93.11906378710566
-39.777468299627955,92.45554156361617
-40.27880945662646,91.78858674882213
-40.77696476435602,91.11827903666897
-41.271852226781725,90.44469831625186
-41.763390154653536,89.76792462599985
-42.25149720370103,89.08803810709625
-42.736092412931406,88.40511895616028
-43.217095242985096,87.71924737721764
-43.69442561450094,87.03050353299177
-44.16800394644033,86.3389674955496
-44.63775119431688,85.64471919634002
-45.10358888827646,84.94783837566558
-45.56543917096954,84.24840453163132
-46.02322483515595,83.54649686861791
-46.476869360980366,82.84219424532888
-46.92629695285467,82.13557512246464
-47.371432575882075,81.4267175100788
-47.81220199175622,80.71569891467458
-48.248531794067524,80.00259628610152
-48.680349442947914,79.287485964315
-49.10758329898445,78.57044362606237
-49.53016265633183,77.85154423156209
-49.94801777495361,77.13086197124237
-50.361079911921976,76.40847021260834
-50.76928135170621,75.6844414473063
-51.17255543538069,74.95884723845501
-51.57083658868392,74.23175816831349
-51.964060348861445,73.50324378635545
-52.352163390226764,72.77337255781923
-52.73508354837598,72.04221181280168
-53.11275984299409,71.30982769596369
-53.48513249919254,70.57628511691297
-53.85214296732064,69.8416477013282
-54.213733941195535,69.10597774288684
-54.569849374698606,68.36933615605605
-54.92043449668911,67.63178242980383
-55.26543582418908,66.89337458228411
-55.604801173796844,66.15416911654663
-55.93847967129024,65.41422097731856
-56.266421759384,64.67358350890133
-56.588579203609676,63.93230841422147
-56.90490509629037,63.19044571507086
-57.21535385858623,62.448043713566506
-57.51988124059084,61.70514895485576
-57.818444319462365,60.961806191087945
-58.11100149557736,60.21805834666824
-58.39751248669914,59.47394648480504
-58.6779383201561,58.72950977535604
-58.9522413230297,57.984785463974035
-59.22038511035497,57.23980884254714
-59.48233457134021,56.494613220923526
-59.73805585361604,55.7492298999049
-59.98751634552697,55.0036881454879
-60.230684656481955,54.258015164327155
-60.46753059538315,53.51223608038832
-60.69802514715486,52.76637391275442
-60.92214044739709,52.02044955454334
-61.13984975519036,51.27448175288961
-61.3511274240803,50.52848708993821
-61.555948871272506,49.78247996479353
-61.75429054506931,49.03647257636188
-61.94612989058156,48.29047490702097
-62.13144531374932,47.544494707045715
-62.31021614370585,46.79853747971496
-62.48242259351993,46.05260646701976
-62.64804571935141,45.3067026358895
-62.807067378054576,44.56082466484842
-62.95947018326377,43.814968931011045
-63.10523745999439,43.06912949732155
-63.244353197791874,42.32329809993824
-63.37680200245953,41.57746413566123
-63.5025690463946,40.83161464929762
-63.62164001756015,40.08573432085577
-63.734001067118136,39.33980545245666
-63.83963875574664,38.59380795484752
-63.93853999866177,37.8477193334
-64.03069200936173,37.101514673472025
-64.11608224210768,36.35516662500996
-64.1946983331525,35.6086453862646
-64.26652804072563,34.86191868649201
-64.33155918377783,34.11495176750746
-64.38977957948661,33.36770736395789
-64.44117697951881,32.62014568217591
-64.48573900504289,31.872224377475536
-64.52345308047916,31.12389852974727
-64.5543063659725,30.375120617207614
-64.57828568856704,29.625840488155415
-64.59537747205897,28.87600533058508
-64.60556766549841,28.125559639504047
-64.60884167030788,27.374445181799665
-64.60518426598027,26.62260095849834
-64.5945795343155,25.869963164257662
-64.57701078215119,25.116465143930416
-64.55246046253934,24.36203734603772
-64.52091009431754,23.60660727298734
-64.48234018002115,22.850099427872504
-64.43673012208004,22.092435257686315
-64.38405813724282,21.333533092787484
-64.32430116917025,20.573308082454624
-64.2574347991403,19.81167212636903
-64.18343315480882,19.048533801869837
-64.10226881697314,18.283798286831395
-64.01391272429017,17.517367278020387
-63.9183340759082,16.749138904800738
-63.81550023198034,15.979007638067623
-63.70537661204034,15.206864194309096
-63.58792659123684,14.432595434715097
-63.463111394442365,13.65608425928031
-63.3308899882776,12.877209495880084
-63.19121897112241,12.095845784338886
-63.044052461221575,11.311863455559623
-62.889341983038776,10.525128405841594
-62.72703635206627,9.735501966586428
-62.55708155836329,8.942840769677591
-62.37942064917422,8.14699660892242
-62.19399361107087,7.347816298069249
-62.00073725217422,6.545141526059795
-61.79958508514276,5.73880871035245
-61.59046721177063,4.928648849360834
-61.37331021022337,4.114487375299231
-61.14803702615676,3.2961440090192653
-60.91456686922078,2.473432618767995
-60.67281511675268,1.646161085205413
-60.42269322681676,0.8141311754994326
-60.16410866316403,-0.022861570119398766
-59.89696483517,-0.865027935299648
-59.62116105637564,-1.7125851031891153
-59.33659252591619,-2.5657567050112235
-59.04315033788935,-3.4247728348227877
-58.740721524601895,-4.289870022455823
-58.42918914065904,-5.161291155231331
-58.108432396039255,-6.039285337402213
-57.77832684764663,-6.92410767441108
-57.438744660368705,-7.816018966912974
-57.089554950404725,-8.715285297091196
-56.730624225578374,-9.62217748706975
-56.36181693951429,-10.536970406189804
-55.98299617893401,-11.459942100574743
-55.594024505894005,-12.391372714783357
-55.19476497950579,-13.331543171496849
-54.78508238447417,-14.28073357119595
-54.3648446965558,-15.239221269807835
-53.933924817612194,-16.20727858855957
-53.49220261507987,-17.18517010708047
-53.03956730208782,-18.173149488583967
-52.57592019470065,-19.171455785308932
-52.101177881310434,-20.180309174060497
-51.61527583536554,-21.19990607660127
-51.118172495589654,-22.230413628945062
-50.609853826661784,-23.27196347861917
-50.090338356958846,-24.324644911143174
-49.559682667355254,-25.388497337800775
-49.017987275297955,-26.46350221757707
-48.46540282081975,-27.549574537781556
-47.90213641580454,-28.64655404044272
-47.32845796560346,-29.75419645380784
-46.74470621527937,-30.87216506713162
-46.15129421528853,-32.00002306694829
-45.54871384919742,-33.13722712604074
-44.937539026912006,-34.28312279150166
-44.31842713017347,-35.436942242708426
-43.69211831250569,-36.59780497013262
-43.059432311939574,-37.76472184974361
-42.421262536884335,-38.93660294804463
-41.77856733301207,-40.11226919002932
-41.132358524028525,-41.290467767486106
-40.48368752564809,-42.46989088032177
-39.83362953693605,-43.64919712082495
-39.18326648961844,-44.827034567189045
-38.533669558232354,-46.002064483854426
-37.88588208275032,-47.1729844591028
-37.240903722050966,-48.3385498565848
-36.59967654578452,-49.49759261083224
-35.96307360033681,-50.6490366342967
-35.33189027669774,-51.79190939041751
-34.70683859216067,-52.92534948475979
-34.08854429966001,-54.04861039878423
-33.47754657744517,-55.16106071178091
-32.874299938376204,-56.26218131129832
-32.27917793458935,-57.351560178196294
-31.692478214970546,-58.42888535586096
-31.114428510792866,-59.493936686729306
-30.545193168201994,-60.546576838134435
-29.984879904382655,-61.58674205827847
-29.43354652818678,-62.61443301432937
-28.891207428929533,-63.62970597760404
-28.3578396944223,-64.63266454174627
-27.83338876858318,-65.62345199215596
-27.317773599186687,-66.60224438992181
-26.810891257625183,-67.56924439089626
-26.312621035773695,-68.52467578914333
-25.822828041340177,-69.46877875213877
-25.34136632371611,-70.40180570102548
-24.868081568543758,-71.32401778121293
-24.402813402081023,-72.23568186513671
-23.945397346898766,-73.13706802878261
-23.495666469238447,-74.02844744559374
-23.05345275607573,-74.91009064481675
-22.61858825702058,-75.78226608559756
-22.19090602296015,-76.64523900277067
-21.77024087004481,-77.49927048498907
-21.35642999438485,-78.34461675041011
-20.949313459763534,-79.1815285894546
-20.548734577839177,-80.0102509481201
-20.154540197732697,-80.83102262891799
-19.76658091958614,-81.64407608971301
-19.38471124462666,-82.44963732358163
-19.008789672465504,-83.24792580529514
-18.638678754784642,-84.03915449220139
-18.274245113193796,-84.82352986915721
-17.91535942785597,-85.60125202878167
-17.561896402460036,-86.3725147796893
-17.21373471024362,-87.1375057765508
-16.870756925021023,-87.89640666684137
-16.532849440531763,-88.64939324999823
-16.19990238088166,-89.39663564543952
-15.871809504385894,-90.13829846651535
-15.548468102731656,-90.87454099798364
-15.229778897045975,-91.60551737504389
-14.915645932173836,-92.3313767623321
-14.605976470234983,-93.05226353159081
-14.300680884328258,-93.76831743698898
-13.999672553084674,-94.47967378728318
-13.702867756629562,-95.18646361419401
-13.41018557439611,-95.8888138365218
-13.121547785133952,-96.58684741965062
-12.836878769374223,-97.28068353019351
-12.556105414544017,-97.97043768561615
-12.279157022866409,-98.656221898746
-12.005965222135396,-99.3381448171306
-11.73646387941647,-100.01631185725425
-11.470589017692049,-100.6908253336591
-11.20827873544527,-101.3617845830458
-10.949473129155015,-102.02928608345128
-10.694114218658372,-102.69342356861904
-10.442145875323778,-103.3542881376902
-10.19351375296779,-104.011968360353
-9.948165221440751,-104.66655037759485
-9.70604930280079,-105.31811799820528
-9.467116609991603,-105.96675279117974
-9.23131928793662,-106.61253417417484
-8.998610956960711,-107.25553949816441
-8.768946658449801,-107.89584412844425
-8.542282802658926,-108.53352152212973
-8.3185771185799,-109.1686433022878
-8.097788605780945,-109.8012793288403
-7.879877488132174,-110.43149776637154
-7.66480516933261,-111.05936514896833
-7.452534190156529,-111.68494644221558
-7.243028187339059,-112.30830510246629
-7.03625185402332,-112.92950313349917
-6.83217090169375,-113.54860114067253
-6.630752023522712,-114.16565838267807
-6.431962859059849,-114.78073282099331
-6.2357719601961445,-115.39388116712662
-6.042148758336961,-116.00515892774445
-5.851063532720716,-116.61462044776508
-5.662487379822124,-117.22231895149987
-5.47639218378115,-117.82830658191781
-5.292750587801004,-118.43263443810542
-5.111535966460545,-119.03535261099032
-4.932722398888519,-119.63651021739253
-4.756284642748945,-120.23615543246419
-4.582198108988862,-120.8343355205748
-4.410438837301391,-121.43109686469569
-4.240983472258802,-122.02648499433423
-4.073809240071905,-122.62054461206543
-3.90889392593366,-123.2133196187051
-3.746215851906379,-123.80485313716667
-3.5857538553133894,-124.39518753504052
-3.4274872675973573,-124.98436444593248
-3.2713958936088408,-125.5724247895959
-3.1174599912899184,-126.15940879088873
-2.9656602517189796,-126.74535599758602
-2.8159777794839655,-127.33030529707536
-2.66839407335253,-127.91429493196111
-2.5228910072087167,-128.49736251460197
-2.37945081122689,-129.0795450406042
-2.238056053254731,-129.66087890129182
-2.0986896203782366,-130.2413998951733
-1.961334700642708,-130.82114323842322
-1.8259747649048297,-131.40014357439676
-1.6925935487920147,-131.9784349821924
-1.5611750347462956,-132.5560509842796
-1.4317034341311667,-133.133024553205
-1.3041631693809228,-133.709388117392
-1.178538856173211,-134.28517356604766
-1.0548152856067277,-134.86041225318945
-0.9329774063672369,-135.43513500080562
-0.8130103068663895,-136.00937210116254
-0.6948991973391753,-136.58315331827163
-0.578629391887246,-137.1565078885298
-0.46418629045683263,-137.7294645205475
-0.3515553607415184,-138.30205139417848
-0.24072212000175774,-138.87429615876658
-0.13167211679472832,-139.44622593062618
-0.02439091260989252,-140.0178672897729
0.08113593659248301,-140.58924627592327
0.18492289894063477,-141.16038838378338
0.2869844853071637,-141.73131855764777
0.3873352680580217,-142.3020611853317
0.4859898998889451,-142.87264009146236
0.5829631327413063,-143.44307853015565
0.6782698367869147,-144.01339917710854
0.7719250194687597,-144.58362412113866
0.8639438445820609,-145.15377485520574
0.9543416513772817,-145.72387226695233
1.0431339736639713,-146.2939366288034
1.1303365588914365,-146.86398758766867
1.215965387179329,-147.43404415429356
1.3000366902682579,-148.004124692308
1.382566970357528,-148.57424690702655
1.463573018794088,-149.14442783405545
1.5430719345737232,-149.71468382776627
1.621081142612532,-150.28503054969948
1.6976184117437332,-150.85548295696375
1.7727018723919428,-151.42605529070136
1.8463500338742271,-151.9967610646919
1.9185818012745248,-152.56761305417166
1.989416491835458,-153.1386232849465
2.058873850809154,-153.70980302288106
2.126974066706515,-154.28116276384873
2.1937377858824143,-154.8527122242289
2.2591861263926267,-155.42446033204067
2.323340691056937,-155.99641521880312
2.386223579661849,-156.56858421221366
2.4478574002356694,-157.14097382973713
2.508265279328534,-157.71358977319744
2.5674708712301335,-158.28643692446437
2.6254983660586344,-158.85951934232662
2.682372496655458,-159.43284026064006
2.7381185442223503,-160.0064020878392
2.792762342639445,-160.58020640789587
2.846330281405906,-161.15425398280567
2.898849307148179,-161.7285447566786
2.950346923644926,-162.30307786150493
3.000851190322356,-162.8778516246613
3.0503907191788993,-163.4528635782158
3.0989946701039734,-164.02811047008308
3.146692744561953,-164.60358827707205
3.193515177619352,-165.1792922198611
3.2394927283006294,-165.7552167799254
3.2846566682658533,-166.3313557184304
3.3290387688117353,-166.90770209709694
3.3726712862061277,-167.4842483010307
3.4155869453749625,-168.06098606349786
3.457818921969707,-168.63790649261784
3.499400822852625,-169.21500009993179
3.540366665046428,-169.7922568307933
3.5807508532041283,-170.36966609651702
3.6205881556640565,-170.94721680820845
3.659913679163877,-171.52489741218673
3.698762842296087,-172.10269592690233
3.7371713477956576,-172.68059998123994
3.775175153758233,-173.25859685408759
3.812810443894447,-173.83667351504405
3.850113596932432,-174.41481666612813
3.8871211552864025,-174.99301278434575
3.923869793114174,-175.57124816496562
3.9603962838906472,-176.14950896534728
3.996737467627555,-176.72778124916294
4.032930217872086,-177.3060510308507
4.0690114086183815,-177.88430432013493
4.1050178812662805,-178.46252716645006
4.140986411761115,-179.04070570310404
4.1769536780468055,-179.61882619102025
4.212956227961971,-180.1968750618996
4.249030447705385,-180.77483896064953
4.285212530992746,-181.3527047869319
4.321538449021655,-181.93045973568798
4.358043921355732,-182.5080913365076
4.3947643878322555,-183.08558749171644
4.431734981590453,-183.66293651306614
4.468990503309827,-184.24012715692086
4.506565396739679,-184.81714865784485
4.5444937255924005,-185.39399076050697
4.5828091518642635,-185.97064374982835
4.621544915638377,-186.54709847931207
4.660733816415329,-187.12334639750483
4.700408196007915,-187.69937957255203
4.740599923027234,-188.27519071481976
4.7813403789785145,-188.85077319756792
4.822660445976384,-189.4261210756705
4.864590496080799,-190.00122910238844
4.9071603822469,-190.57609274421225
4.950399430874347,-191.15070819379955
4.994336435934535,-191.72507238104296
5.038999654647424,-192.29918298231155
5.084416804673497,-192.87303842791673
5.130615062780826,-193.4466379078606
5.177621064942112,-194.01998137593154
5.225460907812162,-194.59306955221575
5.274160151532318,-195.16590392410058
5.323743823805104,-195.73848674584724
5.374236425179552,-196.3108210368153
5.425661935485538,-196.88291057842352
5.478043821353737,-197.45475990993327
5.531405044756708,-198.02637432314285
5.585768072505939,-198.59775985608047
5.6411548866394625,-199.1689232857856
5.697586995634897,-199.7398721202659
5.755085446383347,-200.31061458971786
5.813670836860602,-200.88115963709723
5.873363329433328,-201.451516908123
5.934182664739558,-202.02169674079835
5.996148176084622,-202.5917101545273
6.059278804295718,-203.1615688389058
6.123593112980573,-203.7312851422605
6.189109304138091,-204.30087206000783
6.255845234071379,-204.87034322290108
6.323818429556252,-205.43971288523093
6.3930461042209865,-206.008995913041
6.463545175095918,-206.57820777241716
6.535332279294248,-207.14736451790532
6.608423790788275,-207.71648278110968
6.682835837248049,-208.28557975951958
6.758584316912248,-208.85467320561023
6.835684915463811,-209.42378141625906
6.914153122885564,-209.9929232225167
6.994004250273699,-210.56211797976852
7.075253446589514,-211.1313855583191
7.157915715332319,-211.70074633443113
7.242005931118788,-212.2702211818449
7.3275388561563535,-212.83983146380484
7.414529156600421,-213.40959902561556
7.502991418787324,-213.97954618774796
7.592940165336937,-214.54969573951456
7.684389871120772,-215.12007093333122
7.777354979093222,-215.6906954795797
7.87184991598533,-216.26159354208576
7.9678891078620815,-216.83278973422463
8.065486995545797,-217.4043091156651
8.164658049909578,-217.97617718976235
8.265416787046242,-218.5484199016089
8.367777783319342,-219.1210636367514
8.471755690304176,-219.69413522058153
8.577365249627803,-220.26766191840792
8.684621307718128,-220.8416714362157
8.793538830473175,-221.41619192212016
8.90413291786259,-221.99125196852097
9.016418818474348,-222.56688061496297
9.13041194402044,-223.14310735170963
9.246127883816204,-223.71996212403604
9.363582419248676,-224.29747533724745
9.482791538250076,-224.87567786243096
9.603771449793335,-225.45460104294742
9.726538598427139,-226.03427670167136
9.851109678868733,-226.61473714898835
9.977501650673325,-227.19601519155796
10.1057317529996,-227.77814414185318
10.235817519491455,-228.36115782848697
10.36777679329677,-228.94509060733796
10.50162774224453,-229.52997737348807
10.637388874202426,-230.1158535739859
10.775079052637537,-230.7027552214516
10.914717512403469,-231.2907189085393
11.056323875777927,-231.87978182327436
11.19991816877546,-232.46998176528587
11.345520837760699,-233.06135716295347
11.493152766388304,-233.65394709149177
11.642835292896443,-234.2477912919956
11.794590227781523,-234.84293019147165
11.948439871882606,-235.43940492388356
12.104407034904904,-236.03725735223955
12.262515054412509,-236.63653009175388
12.422787815321522,-237.23726653411404
12.58524976992563,-237.83951087289
12.749925958487209,-238.44330813012147
12.916842030427995,-239.0487041841228
13.08602426615452,-239.6557457985476
13.257499599554448,-240.2644806527562
13.431295641201222,-240.87495737353274
13.607440702305466,-241.48722556820084
13.78596381945282,-242.10133585918885
13.966894780169042,-242.7173399200989
14.150264149354477,-243.33529051333653
14.336103296631077,-243.9552415293598
14.524444424646537,-244.5772480276107
14.715320598381146,-245.20136627919294
14.908765775504184,-245.82765381136437
15.104814837827819,-246.45616945391387
15.303503623907426,-247.0869733874965
15.504868962838287,-247.7201271940015
15.708948709299348,-248.35569390903262
15.915781779895482,-248.99373807658048
16.12540819085008,-249.63432580597024
16.337869097100043,-250.27752483116893
16.553206832845163,-250.92340457253943
16.77146495360341,-251.57203620112762
16.992688279822687,-252.2234927055721
17.216922942098282,-252.87784896172386
17.444216428042953,-253.5351818050637
17.674617630853895,-254.19557010600408
17.90817689961693,-254.85909484815744
18.14494609138334,-255.52583920965128
18.384978625048742,-256.19588864756287
18.6283295370555,-256.8693309855404
18.875055538930805,-257.5462565046658
19.125215076660925,-258.2267580376038
19.37886839188801,-258.9109310660655
19.636077584898864,-259.59887382159457
19.89690667935478,-260.2906873896624
20.16142168868701,-260.98647581702744
20.4296906840536,-261.6863462222808
20.701783863718738,-262.3904089094575
20.977773623675027,-263.0987774845421
21.257734629280872,-263.8115689746373
21.541743887628314,-264.5289039494937
21.829880820289905,-265.2509066450121
22.12222733601444,-265.97770508823004
22.418867902849453,-266.7094312231863
22.719889619060336,-267.44622103691535
23.025382282089655,-268.1882146846605
23.335438454652873,-268.9355566132001
23.650153526894496,-269.6883956809545
23.969625773328183,-270.4468852732763
24.293956403051077,-271.2111834110157
24.623249601451327,-271.9814528500903
24.9576125613132,-272.75786116936797
25.297155500859752,-273.54058084367983
25.641991665851286,-274.3297892982124
25.992237312371703,-275.12566893986866
26.348011666374557,-275.9284071604274
26.709436855417675,-276.73819630545336
27.07663780727899,-277.55523360190546
27.44974210930661,-278.3797210362392
27.828879821402378,-279.211865173488
28.21418323446068,-280.0518769063243
28.605786564873583,-280.8999711214262
29.003825574363947,-281.75636626860404
29.408437102916533,-282.6212838160684
29.81975850094733,-283.4949475729433
30.237926945094706,-284.37758285766824
30.663078620157588,-285.26941548831576
31.09534774778577,-286.1706705681341
31.534865440610474,-287.08157103689
31.981758358682384,-288.00233595596353
32.436147143491674,-288.9331784928119
32.898144603660604,-289.8743035686187
33.36785362586256,-290.82590513200597
33.8453647849413,-291.78816302203484
34.330753628969326,-292.7612393858861
34.82407761856818,-293.74527462126065
35.32537270577716,-294.7403828214335
35.83464954673156,-295.7466467129282
36.35188935507621,-296.7641120928816
36.877039420059575,-297.7927817962909
37.41000833519841,-298.8326092532667
37.95066101061614,-299.88349173366663
38.498813574590564,-300.94526342100687
39.054228306841125,-302.01768850846526
39.61660878615173,-303.10045456507396
40.185595475511434,-304.19316647634423
40.760762005302716,-305.2953413154036
41.34161244420266,-306.4064045413847
41.92757986243269,-307.52568794304983
42.518026486417654,-308.65242973863405
43.112245711908926,-309.7857771994652
43.70946618002961,-310.924792079288
44.30885802647565,-312.06845900191803
44.90954129158563,-313.2156967914515
45.51059633658646,-314.3653725333938
46.11107596231227,-315.51631795010593
46.71001878784531,-316.66734748310176
47.306463335599844,-317.8172773225201
47.89946220193456,-318.9649445320458
48.48809567868023,-320.109225399762
49.07148423368619,-321.24905220547856
49.648799352033066,-322.3834277251297
50.21927237117659,-323.5114369751092
50.7822010956374,-324.6322559098244
51.33695413135935,-325.74515699859523
51.8829730199531,-326.8495118004103
52.41977236653646,-327.944790810254
52.94693823510425,-329.0305609596519
53.46412513103254,-330.10648121517323
53.97105190451826,-331.172296736291
54.467496897377146,-332.2278320365338
54.95329262584162,-333.2729835492801
55.42832025095756,-334.30771194175634
55.892504042109344,-335.33203445643824
56.345805992972636,-336.3460174948082
56.78822070619483,-337.3497695989315
57.21977062537147,-338.34343493433414
57.64050166136155,-339.3271873344293
58.050479234796626,-340.30122493237053
58.44978473738434,-341.2657653801013
58.838512400581685,-342.22104163550966
59.21676655057866,-343.16729828579304
59.584659222439456,-344.10478836719875
59.942308102905,-345.03377063712816
60.28983477007642,-345.9545072532046
60.62736319839459,-346.8672618145209
60.955018498541534,-347.77229772224064
61.27292586374903,-348.66987681954527
61.58120969623592,-349.5602582742054
61.87999288990414,-350.44369767055065
62.16939624786292,-351.32044628111
62.44953801572306,-352.19075049157715
62.720533513846384,-353.05485135593375
62.98249485381341,-353.9129842614924
63.23553072626583,-354.76537868628304
63.47974624898536,-355.6122580335906
63.715242865590156,-356.4538395305721
63.94211828657363,-357.29033417975046
64.1604664655904,-358.121946753815
64.37037760492477,-358.9488758255872
64.57193818497332,-359.77131382624157
64.76523101334887,-360.5894471259398
64.95033528988247,-361.40345613195205
65.12732668437668,-362.2135154001285
65.29627742445707,-363.01979375625507
65.4572563912929,-363.82245442440467
65.61032922131906,-364.6216551598828
65.75555841239995,-365.4175483847848
65.89300343313856,-366.21028132453324
66.02272083425682,-366.9999961440642
66.14476436116242,-367.7868300825845
66.25918506697768,-368.57091558603395
66.36603142544075,-369.35238043656744
66.4653494432039,-370.1313478785229
66.55718277114929,-370.9079367404665
66.64157281442287,-371.6822615530141
66.71855884095486,-372.4544326622152
66.78817808829048,-373.2245563383599
66.85046586860179,-373.9927348801294
66.9054556717895,-374.7590667140622
66.95317926661538,-375.5236464893492
66.99366679983119,-376.2865651680029
67.02694689329131,-377.0479101104776
67.05304673905225,-377.80776515683425
67.07199219247568,-378.5662107035669
67.08380786336137,-379.3233237762162
67.0885172051441,-380.07917809791167
67.08614260219375,-380.83384415398785
67.07670545526169,-381.5873892528299
67.0602262651187,-382.3398775831044
67.03672471443019,-383.0913702675379
67.00621974791477,-383.8419254134049
66.96872965083118,-384.5915981598881
66.9242721258367,-385.3404407224752
66.87286436825816,-386.0885024345536
66.814523139814,-386.83582978636474
66.7492648408226,-387.5824664614775
66.67710558092914,-388.32845337093886
66.59806124837948,-389.0738286852562
66.51214757786603,-389.81862786436534
66.41938021696693,-390.56288368573416
66.31977479119595,-391.3066262707501
66.21334696767713,-392.0498831095361
66.1001125174537,-392.79267908433764
65.98008737643832,-393.5350364916202
65.85328770500688,-394.2769750630128
65.71972994623556,-395.01851198523264
65.57943088277713,-395.75966191911914
65.43240769236927,-396.50043701790685
65.2786780019649,-397.2408469448596
65.11825994047159,-397.98089889038823
64.95117219008416,-398.7205975887696
64.7774340361931,-399.4599453345806
64.59706541584781,-400.19894199895975
64.41008696475323,-400.9375850458035
64.2165200627754,-401.67586954800163
64.01638687793063,-402.4137882038134
63.809710408831755,-403.15133135348077
63.596514525563435,-403.8884869961731
63.37682400895827,-404.62524080735216
63.150664588244474,-405.3615761566444
62.918062977035994,-406.09747412630105
62.679046907635716,-406.83291353032496
62.43364516362278,-407.56787093433644
62.18188761069535,-408.3023206762484
61.923805225741205,-409.03623488781466
61.65943012410928,-409.76958351711215
61.38879558505668,-410.5023343520126
61.11193607534684,-411.23445304469453
60.82888727097686,-411.96590313724175
60.539686077012924,-412.69664608837064
60.24437064551601,-413.42664130132096
59.94298039154119,-414.1558461529446
59.63555600719731,-414.88421602401587
59.322139473755726,-415.6117043307882
59.00277407180011,-416.3382625578118
58.6775043894117,-417.0638402920258
58.34637632838799,-417.78838525813126
58.00943710849548,-418.5118433552469
57.66673526976076,-419.2341586948467
57.31832067280694,-419.95527363996996
56.96424449724647,-420.6751288456933
56.60455923814405,-421.3936633008485
56.239318700567146,-422.11081437096476
55.86857799224486,-422.8265178424106
55.49239351435904,-423.54070796770753
55.11082295049514,-424.2533175119809
54.72392525378322,-424.96427780051414
54.33176063226272,-425.6735187673632
53.93439053250773,-426.3809690049915
53.531877621552276,-427.08655581487693
53.12428576715798,-427.79020525904264
52.71168001646902,-428.4918422124608
52.294126573101856,-429.1913904162751
51.87169277271939,-429.88877253178634
51.44444705714154,-430.58391019514374
51.01245894704575,-431.2767240726835
50.57579901331325,-431.967133916854
50.134538847077856,-432.6550586226662
49.68875102853578,-433.3404162846092
49.2385090945759,-434.0231242539663
48.78388750529087,-434.70309919647116
48.32496160943011,-435.3802571502411
47.861807608856296,-436.05451358392486
47.39450252206711,-436.7257834550042
46.92312414684421,-437.3939812681879
46.44775102209124,-438.05902113383826
45.96846238892231,-438.72081682637145
45.48533815106206,-439.3792818425734
44.99845883461765,-440.03432945977585
44.507905547282256,-440.6858727938368
44.01375993702871,-441.3338248568726
43.516104150350834,-441.9780986146906
43.0150207901089,-442.6186070438715
42.5105928730341,-443.2552631884546
42.00290378694583,-443.8879802161793
41.492037247733904,-444.51667147423944
40.978077256156325,-445.1412505445068
40.46110805450166,-445.76163129818514
39.941214083163366,-446.3777279498551
39.418479937171995,-446.98945511087385
38.89299032272913,-447.59672784209386
38.36483001378571,-448.1994617058688
37.834083808705365,-448.7975728173139
37.30083648705208,-449.3909778947903
36.765172766539656,-449.9795943095864
36.227177260179175,-450.5633401347673
35.68693443365884,-451.1421341931664
35.144528562989635,-451.71589610449473
34.60004369244838,-452.2845463315435
34.0535635928489,-452.8480062254561
33.50517172017062,-453.40619807004845
32.954951174572805,-453.9590451251539
32.40298465982176,-454.506471668973
31.849354443157264,-455.0484030394061
31.294142315623635,-455.5847656743481
30.737429552890205,-456.115487150926
30.179296876585173,-456.6404962236566
29.61982441616618,-457.1597228615065
29.059091671350583,-457.6730982838319
28.497177475127806,-458.180554995179
27.934159957375744,-458.6820268189237
27.370116509102992,-459.1774489297298
26.80512374733827,-459.666757884805
26.23925748068822,-460.14989165393297
25.67259267558451,-460.62678964826034
25.105203423241083,-461.0973927478173
24.537162907342132,-461.5616433277491
23.968543372481296,-462.01948528323754
23.399416093372363,-462.47086405309017
22.829851344851676,-462.9157266419747
22.259918372692148,-463.3540216412785
21.68968536524874,-463.7856992485695
21.119219425954796,-464.2107112856387
20.548586546688586,-464.62901121510333
19.977851582028826,-465.04055415554893
19.407078224417738,-465.4452968951928
18.836328980249608,-465.8431979040481
18.265665146902368,-466.23421734457156
17.695146790729012,-466.6183170807778
17.124832726025073,-466.99546068580446
16.554780494987455,-467.3656134479135
15.985046348679273,-467.7287423749164
15.415685229014148,-468.0848161970112
14.84675075177253,-468.43380536802295
14.27829519066144,-468.77568206503906
13.710369462427783,-469.1104201864343
13.143023113034078,-469.4379953482817
12.576304304904077,-469.758384879149
12.01025980524425,-470.0715678132807
11.444934975445562,-470.3775248821695
10.880373761568368,-470.6762385045234
10.316618685911513,-470.96769277463716
9.753710839665024,-471.2518734491788
9.191689876643983,-471.52876793240495
8.630594008099255,-471.7983652598222
8.070459998598949,-472.06065608031315
7.511323162972531,-472.31563263674855
6.953217364307581,-472.56328874511104
6.396175012987244,-472.80361977215694
5.840227066754505,-473.0366226116455
5.285403031787449,-473.2622956591685
4.731730964767755,-473.4806387856142
4.17923747592281,-473.6916533093028
3.627947733019898,-473.89534196683246
3.077885466289187,-474.0917088826776
2.529072974250401,-474.28075953758173
1.9815311304163836,-474.46250073579046
1.4352793908451231,-474.6369405711724
0.8903358025102222,-474.8040883922739
0.3467170124583204,-474.9639547663605
-0.19556172227943272,-475.1165514424927
-0.7364865240560667,-475.26189131369097
-1.2760448832930713,-475.39998837824044
-1.8142256465168176,-475.5308577001905
-2.3510190037846783,-475.65451536910234
-2.8864164755393227,-475.7709784590988
-3.42041089893045,-475.8802649872713
-3.9529964136439353,-475.9823938714979
-4.484168447278923,-476.07738488772696
-5.013923700313897,-476.16525862677884
-5.54226013070311,-476.2460364507211
-6.069176938145008,-476.31974044886675
-6.594674548064445,-476.3863933934489
-7.118754595350541,-476.44601869502134
-7.641419907891942,-476.4986403576342
-8.162674489951153,-476.54428293383216
-8.682523505419304,-476.58297147952214
-9.200973260992447,-476.61473150875344
-9.718031189309986,-476.6395889484551
-10.233705832095426,-476.6575700931703
-10.748006823338967,-476.6687015598261
-11.260944872560923,-476.67301024257733
-11.77253174819412,-476.6705232677573
-12.282780261122785,-476.66126794896974
-12.791704248414497,-476.64527174235184
-13.299318557280985,-476.62256220203534
-13.805639029302586,-476.59316693583355
-14.310682484950247,-476.5571135611764
-14.81446670843795,-476.5144296613143
-15.317010432937431,-476.4651427418111
-15.818333326185995,-476.4092801873412
-16.318455976517168,-476.34686921880524
-16.817399879342894,-476.27793685077626
-17.315187424114754,-476.20250984928606
-17.81184188179074,-476.12061468995773
-18.30738739283284,-476.0322775164907
-18.801848955759674,-475.937524099501
-19.29525241627723,-475.83637979571614
-19.787624457009603,-475.7288695075256
-20.278992587850524,-475.61501764288147
-20.769385136955307,-475.49484807554586
-21.258831242391658,-475.3683841056783
-21.747360844466623,-475.23564842075365
-22.23500467874582,-475.0966630568021
-22.721794269779792,-474.9514493599593
-23.20776192555119,-474.80002794831483
-23.692940732655217,-474.64241867404445
-24.177364552224425,-474.47864058581393
-24.661068016607636,-474.3087118914368
-25.144086526811417,-474.13264992077274
-25.62645625071096,-473.95047108884967
-26.108214122035804,-473.7621908591933
-26.589397840134033,-473.56782370734993
-27.070045870516935,-473.36738308458524
-27.550197446184146,-473.16088138174655
-28.029892569727185,-472.9483298932737
-28.509172016207156,-472.72973878134775
-28.988077336799726,-472.5051170401667
-29.466650863197913,-472.2744724603409
-29.944935712760113,-472.03781159340423
-30.42297579438741,-471.79513971643803
-30.900815815110526,-471.54646079681146
-31.37850128736259,-471.2917774570461
-31.856078536909127,-471.0310909398163
-32.33359471140161,-470.7644010731052
-32.81109778951485,-470.4917062355437
-33.28863659062204,-470.21300332196506
-33.76626078495386,-469.9282877092215
-34.24402090417952,-469.6375532223171
-34.72196835233859,-469.34079210092466
-35.200155417041636,-469.03799496636793
-35.67863528084587,-468.7291507891669
-36.15746203269892,-468.41424685726207
-36.63669067932858,-468.09326874505183
-37.11637715643951,-467.7662002834038
-37.59657833955937,-467.4330235308227
-38.077352054354954,-467.0937187459893
-38.55875708621558,-466.7482643619156
-39.040853188873896,-466.39663696200057
-39.523701091804305,-466.0388112583097
-40.00736250610561,-465.674760072448
-40.491900128536756,-465.3044543194504
-40.97737764333248,-464.92786299516786
-41.46385972137857,-464.5449531676963
-41.95141201627393,-464.15568997346304
-42.44010115674812,-463.76003661867134
-42.92999473483791,-463.35795438689007
-43.42116128915395,-462.94940265367643
-43.913670282488404,-462.53433890923037
-44.40759207292555,-462.1127187902037
-44.90299787751914,-461.6844961219195
-45.39995972749222,-461.24962297241075
-45.89855041379647,-460.8080497198474
-46.398843421738164,-460.35972513510563
-46.90091285323608,-459.904596481424
-47.40483333512338,-459.4426096333089
-47.91067991173935,-458.9737092170792
-48.41852791987914,-458.49783877568683
-48.92845284398051,-458.0149409607142
-49.44053014922688,-457.52495775472534
-49.95483509003794,-457.0278307274379
-50.47144249120497,-456.52350132948095
-50.99042649871187,-456.011911227805
-51.51186029706961,-455.4930026871072
-52.03581578978794,-454.9667190019218
-52.56236323942315,-454.4330049842821
-53.0915708634845,-453.89180751208295
-53.62350438236948,-453.3430761434296
-54.15822651544571,-452.78676380233657
-54.69579642142621,-452.22282754110364
-55.23626907931941,-451.6512293845137
-55.7796946065045,-451.0719372606284
-56.32611751092047,-450.484926022354
-56.8755758750006,-449.89017856306356
-57.42810046987447,-449.2876870283273
-57.9837137995421,-448.6774541241678
-58.54242907624294,-448.05949452015165
-59.10424913014127,-447.43383634299516
-59.66916525876702,-446.80052275314546
-60.23715602441485,-446.1596135929597
-60.80818601092791,-445.5111870906271
-61.38220455496417,-444.85534159887635
-61.959144470918446,-444.1921973418449
-62.538920793069565,-443.52189813737743
-63.12142956310215,-442.84461305564855
-63.706546695725955,-442.160537968652
-64.29412695942464,-441.46989693910655
-64.88400311309422,-440.7729433921548
-65.47598524210294,-440.0699610093884
-66.06986033870768,-439.36126428280664
-66.66539217136817,-438.64719866689114
-67.2623214849092,-437.92814027063014
-67.86036656836337,-437.20449503849807
-68.45922421947985,-436.4766973803786
-69.05857112428757,-435.74520822523715
-69.6580656569653,-435.01051249170416
-70.25735009006051,-434.2731159899698
-70.85605318854917,-433.53354179249
-71.4537931443025,-432.7923261346028
-72.05018079135532,-432.0500139286856
-72.64482302815273,-431.3071539952569
-73.23732636182605,-430.56429412986
-73.82730048246839,-429.82197613432976
-74.41436177299063,-429.0807309442344
-74.99813666269611,-428.34107398056153
-75.57826474004264,-427.6035008433193
-76.15440155158171,-426.8684834484871
-76.7262210288502,-426.136466688965
-77.29341750188739,-425.40786567646654
-77.85570727580719,-424.6830635964217
-78.41282976426182,-423.96241018360706
-78.9645481896286,-423.2462208038771
-79.51064987351745,-422.5347761081721
-80.05094615219468,-421.82832220968163
-80.58527195950064,-421.12707132397867
-81.11348512481372,-420.4312028050908
-81.63546543580817,-419.7408645075258
-82.1511135155361,-419.0561744046845
-82.66034956119974,-418.3772223972291
-83.16311198835507,-417.7040722501471
-83.65935601968063,-417.0367636037742
-84.14905225228175,-416.3753140113402
-84.63218523214208,-415.7197209631455
-85.1087520590667,-415.06996386489374
-85.57876104049299,-414.4260059446804
-86.04223040801914,-413.7877960694893
-86.49918710649753,-413.15527045765697
-86.94966566209486,-412.5283542785859
-87.39370713283186,-411.90696313502355
-87.83135814275524,-411.2910044265183
-88.26266999901823,-410.6803785952739
-88.68769788970113,-410.07498025763266
-89.10650015913075,-409.474699225901
-89.51913765670251,-408.87942142627304
-89.92567315471351,-408.28902971928284
-90.3261708304339,-407.70340462959626
-90.72069580752881,-407.12242499209793
-91.10931375195962,-406.54596852119334
-91.49209051760646,-405.97391231007464
-91.86909183703835,-405.4061332664301
-92.24038305309033,-404.84250849074067
-92.60602888717118,-404.2829156029283
-92.9660932405073,-403.72723302271936
-93.32063902481617,-403.1753402086746
-93.66972801918992,-402.62711786043184
-94.01342075024908,-402.0824480883096
-94.35177639289488,-401.54121455403975
-94.68485268924157,-401.0033025860409
-95.0127058835491,-400.46859927230497
-95.33539067119636,-399.9369935336596
-95.65296015993978,-399.4083761798806
-95.96546584188852,-398.882639950866
-96.27295757479799,-398.35967954484124
-96.57548357143855,-397.83939163535
-96.87309039593589,-397.3216748785845
-97.16582296610598,-396.80642991243514
-97.45372456092153,-396.2935593484763
-97.73683683234773,-395.7829677579645
-98.01519982087733,-395.27456165279597
-98.28885197417534,-394.76824946225685
-98.55783016831705,-394.2639415062974
-98.82216973116691,-393.7615499659711
-99.08190446750353,-393.26098885159956
-99.33706668554662,-392.7621739691527
-99.58768722458696,-392.26502288526973
-99.83379548346011,-391.7694548912932
-100.07541944963998,-391.2753909666359
-100.3125857287594,-390.78275374175894
-100.54531957439217,-390.2914674610016
-100.77364491795537,-389.8014579454675
-100.9975843986119,-389.3126525561438
-101.21715939307188,-388.82498015740396
-101.43239004520775,-388.33837108102114
-101.64329529541295,-387.8527570907998
-101.84989290964555,-387.3680713479149
-102.05219950811046,-386.88424837703394
-102.25023059354227,-386.40122403328274
-102.44400057906012,-385.91893547010426
-102.63352281557262,-385.4373211080507
-102.8188096187176,-384.95632060453914
-102.99987229532653,-384.47587482459414
-103.17672116940871,-383.9959258125935
-103.3493656076538,-383.5164167650289
-103.51781404445526,-383.0372920042871
-103.68207400646018,-382.5584969534538
-103.84215213665297,-382.0799781121387
-103.99805421798351,-381.60168303331704
-104.14978519655129,-381.12356030118144
-104.29734920435897,-380.6455595099937
-104.44074958165,-380.1676312439266
-104.57998889884598,-379.6897270578831
-104.71506897810008,-379.211799459279
-104.84599091448354,-378.7338018907757
-104.97275509682291,-378.25568871394626
-105.09536122820576,-377.77741519386075
-105.21380834617297,-377.2989374845729
-105.32809484261574,-376.820212615493
-105.43821848339559,-376.34119847862894
-105.54417642770528,-375.86185381668
-105.64596524718908,-375.38213821196496
-105.74358094483966,-374.90201207616826
-105.83701897368967,-374.42143664088815
-105.92627425531484,-373.94037394896804
-106.01134119816612,-373.4587868465965
-106.09221371574681,-372.9766389761583
-106.16888524465139,-372.4938947698196
-106.24134876248159,-372.01051944383244
-106.30959680565505,-371.5264789935418
-106.37362148712138,-371.0417401890787
-106.43341451400018,-370.5562705717248
-106.48896720515457,-370.07003845093163
-106.54027050871375,-369.58301290198074
-106.5873150195574,-369.095163764267
-106.63009099677396,-368.60646164019226
-106.66858838110468,-368.1168778946523
-106.70279681238422,-367.62638465510344
-106.73270564698863,-367.1349548121922
-106.75830397530028,-366.64256202093463
-106.77958063919918,-366.14918070242925
-106.79652424958927,-365.6547860460882
-106.80912320396756,-365.15935401237266
-106.81736570404377,-364.66286133601636
-106.82123977341669,-364.1652855297221
-106.82073327531378,-363.66660488831633
-106.81583393039898,-363.1667984933456
-106.80652933465349,-362.6658462180993
-106.7928069773336,-362.16372873304346
-106.7746542590087,-361.66042751164815
-106.75205850968194,-361.1559248365936
-106.72500700699561,-360.65020380633763
-106.69348699452196,-360.14324834202756
-106.65748570014034,-359.6350431947395
-106.61699035449966,-359.12557395302855
-106.57198820956556,-358.61482705077015
-106.5224665572501,-358.10278977527685
-106.46841274812148,-357.5894502756706
-106.40981421019042,-357.07479757149235
-106.34665846776882,-356.5588215615302
-106.2789331603961,-356.0415130328461
-106.20662606182742,-355.5228636699822
-106.12972509907729,-355.00286606432564
-106.04821837151141,-354.48151372361315
-105.96209416997905,-353.95880108155256
-105.87134099597695,-353.43472350754183
-105.77594758083556,-352.9092773164637
-105.67590290491765,-352.38245977853376
-105.57119621681795,-351.8542691291809
-105.46181705255302,-351.32470457893686
-105.34775525472851,-350.7937663233133
-105.22900099167143,-350.26145555264293
-105.10554477651363,-349.72777446186205
-104.97737748621259,-349.19272626021154
-104.84449038049472,-348.6563151808324
-104.70687512070599,-348.11854649023314
-104.56452378855404,-347.5794264976051
-104.41742890472551,-347.0389625639623
-104.26558344736195,-346.4971631110821
-104.10898087037687,-345.9540376302237
-103.94761512159678,-345.40959669060004
-103.78148066070787,-344.86385194758117
-103.61057247699036,-344.3168161506047
-103.4348861068221,-343.7685031507712
-103.25441765093257,-343.2189279081016
-103.06916379138842,-342.6681064984343
-102.87912180829191,-342.1160561199408
-102.68428959617277,-341.5627950992367
-102.48466568005475,-341.008342897069
-102.28024923117785,-340.4527201135581
-102.0710400823573,-339.8959484929747
-101.85703874296064,-339.33805092803345
-101.63824641348425,-338.77905146368306
-101.4146649997114,-338.21897530037694
-101.1862971264336,-337.65784879680666
-100.95314615071803,-337.095699472082
-100.71521617470383,-336.53255600734315
-100.47251205791078,-335.9684482467902
-100.22503942904436,-335.4034071981176
-99.97280469728175,-334.83746503234033
-99.71581506302421,-334.2706550830026
-99.45407852810158,-333.7030118447571
-99.18760390541595,-333.13457097130754
-98.91640082801182,-332.56536927270713
-98.64047975756118,-331.9954447120051
-98.359851992253,-331.4248364012382
-98.0745296740771,-330.85358459676206
-97.78452579549366,-330.28173069392
-97.48985420548065,-329.70931722104865
-97.190529614952,-329.1363878328196
-96.8865676015411,-328.56298730291894
-96.5779846137446,-327.9891615160664
-96.26479797442289,-327.41495745937885
-95.94702588365449,-326.84042321308186
-95.624687420943,-326.26560794057673
-95.2978025467758,-325.69056187786896
-94.96639210353518,-325.11533632236745
-94.63047781576351,-324.5399836210634
-94.29008228978479,-323.96455715809975
-93.9452290126864,-323.38911134174185
-93.59594235066547,-322.81370159076243
-93.24224754674532,-322.2383843202538
-92.88417071786846,-321.6632169268805
-92.52173885137316,-321.0882577735886
-92.1549798008619,-320.5135661737849
-91.78392228147015,-319.93920237500345
-91.40859586454536,-319.3652275420747
-91.02903097174583,-318.7917037398146
-90.64525886857055,-318.2186939152494
-90.25731165733119,-317.64626187939484
-89.86522226957756,-317.0744722886057
-89.46902445798908,-316.50339062551325
-89.06875278774432,-315.9330831795683
-88.66444262738132,-315.3636170272062
-88.25613013916137,-314.7950600116511
-87.84385226894929,-314.2274807223755
-87.42764673562286,-313.6609484742314
-87.00755202002442,-313.0955332862685
-86.58360735346726,-312.5313058602548
-86.15585270580915,-311.9683375589132
-85.72432877310554,-311.4067003838886
-85.28907696485406,-310.84646695345776
-84.85013939084195,-310.2877104799941
-84.40755884760738,-309.7305047471991
-83.96137880452527,-309.17492408711007
-83.51164338952755,-308.62104335689327
-83.05839737446702,-308.0689379154317
-82.6016861601338,-307.51868359971394
-82.14155576093206,-306.9703567010308
-81.67805278922452,-306.42403394098477
-81.21122443935084,-305.8797924473166
-80.74111847132617,-305.33770972955233
-80.26778319422417,-304.79786365447256
-79.79126744924895,-304.26033242140556
-79.31162059249922,-303.7251945373446
-78.82889247742702,-303.192528791888
-78.34313343699267,-302.6624142320021
-77.85439426551719,-302.13493013660315
-77.3627262002319,-301.61015599095634
-76.86818090252522,-301.0881714608886
-76.37081043888479,-300.56905636680995
-75.87066726153371,-300.0528906575401
-75.36780418875806,-299.5397543839353
-74.86227438492286,-299.0297276723097
-74.35413134017304,-298.5228906976472
-73.8434288498158,-298.0193236565977
-73.33022099337981,-297.51910674025345
-72.81456211334749,-297.0223201067006
-72.29650679355524,-296.5290438533422
-71.77610983725766,-296.03935798898806
-71.25342624485083,-295.55334240570954
-70.72851119125036,-295.0710768504564
-70.2014200029202,-294.59264089643534
-69.6722081345481,-294.1181139142496
-69.1409311453646,-293.6475750428016
-68.60764467510265,-293.1811031599606
-68.0724044195953,-292.71877685300103
-67.53526610601064,-292.2606743888156
-66.99628546772274,-291.8068736839135
-66.45551821881931,-291.35745227421137
-65.91302002824742,-290.9124872846303
-65.36884649359958,-290.47205539851234
-64.8230531145444,-290.03623282687386
-64.27569526590639,-289.6050952775131
-63.72682817040192,-289.1787179239946
-63.176506871038946,-288.7571753745339
-62.62478620319016,-288.3405416408084
-62.071720766350886,-287.9288901067241
-61.51736489559423,-287.5222934971703
-60.961772632738196,-287.12082384679513
-60.40499769724098,-286.7245524688409
-59.84709345684243,-286.3335499240779
-59.28811289797149,-285.9478859898793
-58.72810859594115,-285.56762962948255
-58.16713268495436,-285.19284896148406
-57.60523682794581,-284.8236112296177
-57.04247218628651,-284.4599827728695
-56.47888938937962,-284.10202899598255
-55.9145385041775,-283.74981434040893
-55.34946900465175,-283.4034022557675
-54.78372974124911,-283.06285517186717
-54.217368910367824,-282.72823447135823
-53.65043402389003,-282.3996004630744
-53.08297187880701,-282.0770123561307
-52.51502852697511,-281.76052823484093
-51.94664924504103,-281.4502050345236
-51.3778785045758,-281.14609851825975
-50.80875994245745,-280.84826325467156
-50.239336331542624,-280.55675259678753
-49.669649551667696,-280.27161866206075
-49.099740561019935,-279.99291231360615
-48.52964936791908,-279.7206831427214
-47.95941500304931,-279.4549794527555
-47.38907549218116,-279.1958482443871
-46.81866782942204,-278.9433352023738
-46.248227951033016,-278.69748468383006
-45.67779070984868,-278.45833970809156
-45.10738985033509,-278.22594194821926
-44.537057984319695,-278.0003317241944
-43.96682656742502,-277.7815479978533
-43.39672587623627,-277.56962836960764
-42.82678498623076,-277.3646090769913
-42.2570317504947,-277.16652499507285
-41.68749277925062,-276.97540963876844
-41.11819342021613,-276.7912951670869
-40.549157739811605,-276.6142123893325
-39.98040850523209,-276.4441907732908
-39.41196716739514,-276.2812584554149
-38.84385384477371,-276.12544225302827
-38.27608730811964,-275.976767678555
-37.70868496608018,-275.8352589557836
