theta_1,theta_2,energy
90.0,90.0,-1.8020677649453305e-15
90.0,90.0,0.005413280624998196
89.96838347266744,90.0,0.01082656179944248
89.90515041800231,90.0,0.016239851764916748
89.81030088895386,89.99999990372864,0.02165317689321962
89.68383522247005,89.99999911430616,0.027066591565304957
89.52575447269282,89.99999578336795,0.03248018801368363
89.33606104618629,89.99998571382908,0.03789410606954041
89.11475953885109,89.99996091685001,0.04330854271100054
88.86185777372569,89.9999078243036,0.048723761251350806
88.57736803812722,89.99980515926916,0.054140099936911656
88.26130851747045,89.99962146891205,0.05955797964552767
87.91370492155163,89.9993123266619,0.06497791029146438
87.5345922970359,89.99881721398275,0.07040049545583893
87.12401701729182,89.99805609632152,0.07582643468028383
86.68203893754152,89.99692571308506,0.08125652279486872
86.20873369953323,89.99529560775649,0.08669164561077403
85.70419516561587,89.99300393149224,0.09213277130813458
85.1685379572676,89.98985306165768,0.09758093690551917
84.60190006791163,89.98560508560203,0.10303722932642567
84.00444551441034,89.97997720929696,0.10850276079523224
83.37636698618962,89.97263715993172,0.1139786386129038
82.71788844579608,89.96319866073613,0.11946592978724047
82.02926763017587,89.95121706466686,0.12496562152018953
81.3107983984763,89.9361852405441,0.13047857916982952
80.56281287012493,89.917529810116,0.13600550397547462
79.78568329675416,89.89460783670441,0.14154689351326954
78.9798236135878,89.8667040649362,0.1471030084728615
78.14569062049284,89.83302880608653,0.15267384983788013
77.28378475020057,89.79271655442241,0.1582591508323592
76.39465039123081,89.74482540653949,0.16385838798504704
75.47887574563065,89.68833733821943,0.16947081530122166
74.53709221636537,89.6221593723053,0.17509552478235157
73.56997333547041,89.54512564731746,0.18073153539955555
72.57823326108984,89.45600037111713,0.1863779111525492
71.56262488836542,89.35348161818793,0.19203390712053103
70.5239376348016,89.23620590447847,0.19769914056148874
69.46299497424704,89.10275345165667,0.20337378229223546
68.38065180413587,88.95165403435465,0.20905876193975992
67.27779173745165,88.78139329055928,0.21475597933846036
66.15532441359593,88.59041936739914,0.22046851346803642
65.0141829208344,88.37714977245426,0.22620081994702268
63.855321417427234,88.13997830420051,0.23195890822744047
62.67971302936328,87.87728194373462,0.23775049023466188
61.48834809046451,87.58742760262275,0.243585093177348
60.28223277630456,87.26877863746539,0.24947413049984313
59.0623881677548,86.91970105935714,0.2554309263367909
57.82984976388208,86.5385693846229,0.2614706902341446
56.58566744814152,86.12377209091616,0.26761044021936975
55.33090589697846,85.67371665902856,0.2738688734613959
54.066645406557015,85.18683419486237,0.28026618471663056
52.79398310168744,84.66158363748316,0.2868238335023108
51.514034481285684,84.09645556776012,0.29356426149226955
50.22793524688542,83.48997563779304,0.30051056203473614
48.93684335473929,82.84070764427845,0.307686104002002
47.64194122771572,82.1472562694813,0.3151141124606056
46.34443806029213,81.40826951195729,0.3228172089583605
45.04557214820622,80.62244082608007,0.33081691461860885
43.74661317349337,79.7885109852734,0.339133119758948
42.448864375449766,78.90526967914906,0.34778352444806515
41.15366453827361,77.97155685002969,0.35678305530620236
39.86238972651748,76.98626377010982,0.36614326495685035
38.576454699807215,75.94833385729099,0.3758717218572727
37.29731393831894,74.85676322603967,0.3859713997740535
36.02646221001003,73.71060096999085,0.3964400779275259
34.76543460929241,72.50894917601877,0.4072697648052497
33.51580599438395,71.25096267573353,0.4184461608486032
32.279189746565336,69.93584855051823,0.42994817766393467
31.05723576849656,68.56286542107901,0.44174753413367185
29.85162762997432,67.13132257294062,0.4538084528505699
28.664078757260647,65.64057899644398,0.46608748373233766
27.49632754543853,64.09004245482714,0.4785334855653254
26.350131251034025,62.47916873834497,0.49108780063150803
25.227258493101825,60.80746131775738,0.5036846625064868
24.12948015369021,59.07447167873291,0.5162518824781905
23.058558421633712,57.27980070170876,0.5287118655191598
22.016233665657236,55.42310155136721,0.5409830116728926
21.004208752952447,53.504084657529255,0.5529815618125049
20.02413034780745,51.52252550525422,0.5646239458109292
19.077566633417533,49.478276104495336,0.5758296827279494
18.165980803592642,47.37128117330917,0.5865248614273924
17.29069957948007,45.20160023174804,0.5966461887646091
16.45287593680302,42.96943694504449,0.6061455217815137
15.653445209314064,40.67517713936242,0.6149946898325744
14.893073806477103,38.31943688669077,0.623190253634629
14.1721000081339,35.903121838214034,0.6307576398568706
13.490466755927649,33.42749847104876,0.6377538484733307
12.847647146154497,30.89427697136183,0.6442677034865021
12.242564538540465,28.30570397154679,0.6504164994977408
11.673510897030107,25.664661189389594,0.656338031959141
11.138069153634365,22.9747631898,0.6621775621750245
10.633047853334018,20.24044422351548,0.6680703909717529
10.154438669231507,17.467020936734446,0.6741223547536634
9.697408854200864,14.660715624997653,0.6803923427668721
9.256340377091718,11.828624863015916,0.6868821012668924
8.824924468868842,8.978621989926278,0.693538178596036
8.396314148977432,6.119189652014177,0.700268251553446
7.963328569972257,3.259189693746834,0.7069696351259473
7.5186934916085235,0.4075898149981859,0.713563149319711
7.055294540406446,-2.4268239104962004,0.7200229514219139
6.566416691024898,-5.235715667471843,0.7263939495031018
6.045945881407569,-8.011420175818078,0.7327926540363912
5.488516112073165,-10.747094917732719,0.7393927426485369
4.889595371393493,-13.43679754201886,0.7464007635949912
4.245513323126161,-16.075493831351036,0.7540288919706981
3.553440636822745,-18.65901013480164,0.7624706309727607
2.811333238909519,-21.183947984254733,0.7718829750805689
2.0178549728261093,-23.647578319463133,0.7823760843410987
1.172290240170123,-26.047729808974324,0.794009737565176
0.2744553147166082,-28.382681723203735,0.8067949381071173
-0.6753859270375275,-30.65106784816179,0.8206988672601838
-1.6765986160108308,-32.85179465958372,0.8356516224383057
-2.7282444603038463,-34.983974614624465,0.8515535825694371
-3.8291401313326485,-37.046873904849186,0.8682826476330519
-4.977907050836033,-39.03987317487891,0.8857009263075071
-6.173013520401511,-40.962439348271566,0.9036606764230122
-7.4128102477338125,-42.81410664447526,0.9220094481269072
-8.695560290090338,-44.59446498848402,0.9405944605190477
-10.019464324355562,-46.303154219613056,0.9592662802217689
-11.382682010167228,-47.939862741966955,0.9778818819876491
-12.78335006444873,-49.504329494707974,0.9963071691238632
-14.21959752747529,-50.99634833876425,1.0144190230025174
-15.689558579165787,-52.41577415134988,1.0321069407605457
-17.191383161870895,-53.762530089219105,1.0492743107685456
-18.72324558210533,-55.03661562729192,1.0658393674436226
-20.283351196734127,-56.238115103600016,1.0817358605289726
-21.869941236888547,-57.3672066069712,1.0969134686314277
-23.481295783213096,-58.42417113265848,1.1113379819537776
-25.115734877135353,-59.409402004700794,1.1249912740765247
-26.771617733458925,-60.323414622807654,1.1378710766754487
-28.44734000915624,-61.166856635665376,1.1499905636706274
-30.14132908204494,-61.94051867041252,1.161377742159953
-31.852037302245037,-62.64534575715197,1.172074636567551
-33.57793320109101,-63.28244957412029,1.1821362401429845
-35.3174906796595,-63.853121598748004,1.1916291952918456
-37.06917625629656,-64.35884717658853,1.2006301530164123
-38.83143453408578,-64.80132040774727,1.2092237547977724
-40.60267215964161,-65.1824595931873,1.2175001814500206
-42.38124068738646,-65.50442277721905,1.2255522276707929
-44.16541893931541,-65.76962266788061,1.2334718934666924
-45.9533956550063,-65.98073992134148,1.2413465388423752
-47.743253448595254,-66.1407334584324,1.2492547278720991
-49.53295530671056,-66.25284617404039,1.257261988878838
-51.320335040048995,-66.32060415348974,1.265416827060264
-53.1030931958644,-66.34780739037465,1.2737474226419554
-54.87879989610309,-66.33851008371308,1.2822595006648871
-56.6449058349815,-66.29698895119326,1.2909358337002939
-58.39876221534985,-66.22769867757837,1.2997377096499516
-60.137649723769684,-66.13521462131008,1.3086084586237483
-61.85881578750359,-66.02416415488631,1.317478814577532
-63.55951842540767,-65.89914936303835,1.3262735534082797
-65.23707414689154,-65.76466505040983,1.3349185860073405
-66.88890673264837,-65.62501687899179,1.3433475729031379
-68.51259348568959,-65.48424476629242,1.3515072091901281
-70.10590574115473,-65.34605632980394,1.3593605886656235
-71.66684104473154,-65.21377420014963,1.3668884233902947
-73.19364533817358,-65.09029961446919,1.3740882693879097
-74.68482455325298,-64.97809309872459,1.3809721993867612
-76.13914602846684,-64.8791715237818,1.3875635159533388
-77.55563097697569,-64.79511959468648,1.3938931079815973
-78.93353976466048,-64.72711303091815,1.3999959538174052
-80.27235198845538,-64.67595034082326,1.405908116841431
-81.57174331745765,-64.64209012721962,1.4116644133216827
-82.83156084467048,-64.62569117750674,1.4172967921303314
-84.05179837541584,-64.62665307247228,1.4228333676647171
-85.23257271971322,-64.64465558880397,1.4282979922598997
-86.37410171197469,-64.67919569344312,1.433710234788113
-87.47668438367295,-64.72962138539107,1.4390856368990148
-88.54068347725945,-64.7951620101537,1.4444361368246295
-89.56651031405589,-64.87495495018133,1.4497705745848721
-90.5546119089776,-64.96806878952394,1.4550952163337625
-91.50546015100326,-65.07352317626486,1.4604142564891625
-92.41954282964123,-65.19030567748369,1.465730272983075
-93.29735627440759,-65.3173859529689,1.4710446233682144
-94.13939937824033,-65.45372757793989,1.4763577781238197
-94.94616879034156,-65.5982978313895,1.4816695930563828
-95.71815508436707,-65.75007574262713,1.4869795259443919
-96.45583973080564,-65.90805865939785,1.4922868041971427
-97.1596927255811,-66.07126757010593,1.4975905508238032
-97.83017074898741,-66.23875138244094,1.5028898758469658
-98.4677157492586,-66.4095903324279,1.5081839397371155
-99.07275386302508,-66.58289867229823,1.5134719946905975
-99.64569460052803,-66.7578267628726,1.5187534087544177
-100.18693023683488,-66.93356267636221,1.5240276769963006
-100.69683536159532,-67.10933339846841,1.5292944231734058
-101.17576654931644,-67.28440570414705,1.5345533946898886
-101.62406211995064,-67.45808676912218,1.53980445305953
-102.042041966007,-67.6297245688954,1.5450475616034558
-102.43000742762754,-67.79870810833152,1.5502827717079941
-102.7882412013022,-67.96446751765492,1.5555102086352899
-103.11700727129923,-68.12647404464525,1.560730057609753
-103.4165508556019,-68.2842399677767,1.565942550687407
-103.68709836029272,-68.43731845083923,1.571147954744049
-103.92885733801566,-68.58530335606501,1.5763465607840852
-104.14201644746043,-68.72782902984333,1.5815386746682008
-104.32674541182635,-68.86457007263517,1.5867246092790495
-104.48319497499223,-68.99524110261363,1.5919046780848805
-104.61149685469813,-69.11959652078329,1.5970791900178267
-104.71176369247111,-69.23743028381188,1.6022484455527926
-104.78408900033833,-69.34857568948895,1.6074127338522308
-104.82854710459408,-69.45290517856625,1.6125723308294042
-104.84519308704687,-69.55033015569353,1.6177274979762473
-104.83406272428982,-69.64080083121118,1.6228784818007456
-104.79517242563081,-69.72430608466497,1.6280255137218196
-104.72851917040347,-69.80087335004251,1.6331688102765987
-104.63408044547309,-69.87056852186939,1.6383085735055147
-104.51181418386665,-69.93349588041963,1.6434449913950042
-104.36165870560971,-69.98979803336353,1.6485782382759193
-104.18353266205992,-70.03965587017,1.653708475099062
-103.97733498530631,-70.08328852446925,1.6588358495381788
-103.74294484457471,-70.12095333833375,1.6639604959068843
-103.48022161206464,-70.15294582101315,1.6690825349206992
-103.18900484127032,-70.17959959302256,1.6742020733909422
-102.86911426163628,-70.20128630458238,1.6793192040057934
-102.5203497944063,-70.2184155151912,1.6844340054383795
-102.142491595782,-70.2314345185132,1.6895465431253052
-101.73530013506834,-70.24082809370863,1.69465687118513
-101.29851631740216,-70.24711816074374,1.6997650360986498
-100.83186166300834,-70.25086331299075,1.7048710829550844
-100.3350385577798,-70.25265819545973,1.7099750652837789
-99.8077305934226,-70.25313269117264,1.715077059742027
-99.24960301954277,-70.25295087136327,1.7201771872169536
-98.66030333498084,-70.25280965722433,1.7252756422201632
-98.03946205153746,-70.25343713168327,1.7303727328009457
-97.38669367008454,-70.25559042903245,1.7354689335617723
-96.70159791702473,-70.26005311805446,1.740564954702922
-95.983761298221,-70.26763198049436,1.7456618303090536
-95.23275903789853,-70.27915307134478,1.7507610292562974
-94.44815748157686,-70.29545693054945,1.7558645920714548
-93.62951705465572,-70.317392797712,1.760975296686584
-92.77639588151231,-70.34581166279933,1.7660968551292924
-91.88835418327655,-70.38155796762318,1.7712341415485158
-90.96495958489336,-70.42545975655638,1.7763934493244857
-90.00579347225475,-70.47831706267215,1.7815827710388001
-89.01045854609617,-70.54088831033418,1.78681208946796
-87.97858771829193,-70.61387452132378,1.792093660248181
-86.90985448462021,-70.69790113417119,1.797442257339469
-85.80398488161269,-70.79349729200915,1.802875341115321
-84.66077108861612,-70.90107253060644,1.8084130965908862
-83.48008666410742,-71.02089091346268,1.8140782775614799
-82.26190330230554,-71.15304282272149,1.8198957839173504
-81.00630885826787,-71.29741482886412,1.825891898016459
-79.71352621604647,-71.45365832981341,1.8320931167086174
-78.38393236940779,-71.62115796463178,1.8385245438145912
-77.01807686002891,-71.79900115057299,1.8452078580142501
-75.61669849571445,-71.98595043254022,1.8521589444704993
-74.18073908355935,-72.18042062280773,1.8593853705211991
-72.71135280205186,-72.38046288406886,1.8668839835577984
-71.20990984828175,-72.58375790162292,1.8746389910193653
-69.67799317351705,-72.78762003838867,1.882620920319706
-68.11738748721858,-72.9890138316223,1.8907868233930412
-66.53006026063227,-73.18458337881154,1.8990819705756508
-64.91813515138868,-73.37069413613447,1.9074430776457731
-63.28385901492021,-73.54348553897559,1.9158028608037867
-61.629564353646934,-73.69893181533645,1.9240954720922172
-59.957629562791276,-73.83290757301668,1.932262193867718
-58.27043956897881,-73.94125433960355,1.9402567128111947
-56.57034938107354,-74.01984428879057,1.9480493671698298
-54.85965270062898,-74.06463787594146,1.9556299435894484
-53.1405571466754,-74.07173292659273,1.9630088415932594
-51.41516694570027,-74.03740371821122,1.9702166643404304
-49.68547323785318,-73.95812960158179,1.977302483643319
-47.95335154969782,-73.83061358413339,1.9843311379108215
-46.220565541305426,-73.65179195416269,1.9913799512429406
-44.488775870812276,-73.41883642932822,1.9985352266145817
-42.75955291976742,-73.12915047939637,2.0058887911231054
-41.03439215403777,-72.78036144716867,2.013534781639027
-39.31473101589309,-72.37030993100035,2.0215667740767884
-37.60196641291495,-71.8970376545037,2.03007529030576
-35.89747205572041,-71.35877478146159,2.0391456678412894
-34.20261507595014,-70.75392737108325,2.048856248298737
-32.51877151460144,-70.08106543204013,2.0592768278072526
-30.84734040218683,-69.33891183408588,2.0704673118247783
-29.189756255314496,-68.52633217667018,2.0824765238875322
-27.54749989136395,-67.64232559311526,2.0953411293074424
-25.92210751788336,-66.6860163823694,2.1090846481349814
-24.315178090592475,-65.65664630286105,2.1237165451036155
-22.72837895765179,-64.5535673293923,2.139231396710592
-21.163449821747747,-63.37623465982031,2.155608146514968
-19.6222050583315,-62.12419975986606,2.1728094689462694
-18.106534429958792,-60.797103249114826,2.1907812694613753
-16.61840223418517,-59.39466745742343,2.2094523549907414
-15.159844916134412,-57.91668851769048,2.228734313656826
-13.732967166159156,-56.36302790826979,2.2485216472577143
-12.339936506662248,-54.7336034170176,2.2686922046776203
-10.982976348072729,-53.028379570725484,2.2891079700792965
-9.664357459266798,-51.24735766113139,2.30961626749513
-8.386387748579278,-49.390565605586694,2.3300514544518585
-7.151400183150399,-47.458048011919416,2.3502371927715906
-5.961738580790932,-45.44985697981565,2.3699894057410553
-4.819740882798968,-43.366044373717344,2.389120057862211
-3.727719350199371,-41.20665655524632,2.4074419254081683
-2.6879369111383618,-38.97173287846883,2.4247745592559973
-1.702578615655315,-36.66130964119293,2.440951667241677
-0.7737168206269401,-34.27543165982485,2.4558301445903403
0.09673166566258361,-31.81417419616573,2.4693009279349987
0.9070586864231572,-29.277678596312914,2.4813016927962046
1.6558307296873267,-26.666205654634563,2.4918310850856358
2.3419707998005106,-23.980211279228673,2.5009635820117744
2.96485924448372,-21.220449300956545,2.5088631218563293
3.5244561788018802,-18.388105882964407,2.5157922816800244
4.0214467794445135,-15.48496841074911,2.5221121368276727
4.457407882672461,-12.513628240734535,2.5282664719844767
4.834989415118887,-9.477710433902567,2.5347437480842707
5.158096816303273,-6.382114001973664,2.5420127749863433
5.432051039770903,-3.233233511860172,2.5504351051656684
5.663692568289762,-0.03911919507158143,2.5601690996645274
5.861388741947272,3.190477289912911,2.571094195023381
6.034904974418923,6.444223411974413,2.582791064000112
6.195115447534873,9.709525690367226,2.5946041513571174
6.353559077759088,12.97304305580057,2.605784023896163
6.521885611749196,16.22133701421978,2.6156694411513044
6.711270396889363,19.44155842170062,2.62384616793479
6.931888936751263,22.622055055773963,2.630228749200768
7.192526541159519,25.752805760595773,2.6350477787732487
7.500361089992076,28.82563620900911,2.6387646204764117
7.860914821857362,31.834225947546628,2.6419558569817383
8.278139963721582,34.773955626629665,2.645206271665238
8.754589898059887,37.641658530140035,2.6490322882140376
9.29163004842407,40.43533544872838,2.653840466182597
9.889653787624702,43.153876145356,2.659914883310236
10.548281786373906,45.79681295159758,2.6674235431048245
11.26653431606678,48.36411752020772,2.67643474581309
12.042973702573057,50.856042043529094,2.686936921422234
12.875818606186284,53.27300085416057,2.698858044392839
13.763033911031268,55.61548602725595,2.712082737879083
14.702400621242973,57.88401018933935,2.7264664367697833
15.69156996124585,60.079070296362495,2.741846665344454
16.728105311521674,62.20112709349721,2.7580517927605825
17.809514940050256,64.25059598659817,2.774907718598161
18.933277846982875,66.22784598427464,2.792242919916344
20.096864483433688,68.13320415195996,2.8098922256162666
21.29775365018548,69.96696364821787,2.827699608153477
22.53344652388526,71.72939390474158,2.845520213201752
23.801478483943328,73.42075188877412,2.863221790874455
25.099429207798664,75.04129367389298,2.8806856484689085
26.424931351288986,76.5912857631542,2.8978072129791457
27.775678022356715,78.07101577445427,2.9144962695690317
29.149429180216856,79.48080222481293,2.9306769274921756
30.544017040417867,80.8210032480182,2.946287355526671
31.957350532664282,82.09202415599778,2.961279323167169
33.38741883795501,83.29432381367805,2.9756175802623517
34.83229402074425,84.42841984374309,2.9892791055169923
36.29013276754391,85.49489271431231,3.0022522525878195
37.75917724343478,86.49438879103411,3.0145358209165636
39.237755080661096,87.42762245682229,3.0261380766657577
40.724278517608624,88.29537741844362,3.0370757469939136
42.217242711127305,89.09850733014028,3.0473730083710535
43.71522324976595,89.83793587099947,3.057060486707744
45.216872899699354,90.51465641528777,3.066174283815357
46.72091761881655,91.12973143375913,3.0747550412258775
48.22615187765849,91.68429175923292,3.0828470487879205
49.731433328857285,92.17953584162527,3.0904974018423292
51.2356768697935,92.61672910609684,3.0977552072925985
52.737848146830295,92.99720351293188,3.10467083565522
54.23695655428693,93.32235739894409,3.111295213346832
55.73204778794157,93.59365565726762,3.117679147197885
57.22219602201365,93.8126302849033,3.123872671658768
58.70649579097871,93.98088129489372,3.129924408591675
60.18405367385024,94.10007795209509,3.1358809301511528
61.65397989919251,94.17196024799225,3.14178611729033
63.11538001427395,94.1983404810275,3.1476805101115026
64.56734679113116,94.18110475525948,3.1536006517637922
66.00895257492365,94.12221415348448,3.1595784348902463
67.43924231397447,94.02370528407673,3.1656404685181334
68.85722754339855,93.8876898480065,3.1718074932029854
70.26188162112042,93.71635282964563,3.178093882178949
71.65213653112076,93.51194888947705,3.1845072747596976
73.02688156778545,93.27679653723439,3.1910483933843183
74.38496419082286,93.01326969915202,3.1977110954146433
75.72519328657799,92.72378637067919,3.2044827031481375
77.04634498486845,92.41079417108678,3.2113446393213105
78.34717106027408,92.07675278879873,3.2182733707749835
79.62640979749159,91.72411351909393,3.2252416318749364
80.88279903190778,91.35529633415756,3.232219865615644
82.11509090444437,90.9726651667128,3.2391777895146405
83.32206771357954,90.57850230442158,3.246085971414307
84.5025581282015,90.17498295305553,3.252917292255019
85.65545296121032,89.76415110592052,3.2596481815365967
86.77971970796708,89.34789783811915,3.266259535974618
87.87441512900058,88.92794302328275,3.272737268771299
88.93869529557661,88.50582125873463,3.279072479397883
89.97182270313148,88.0828725074594,3.2852612743722527
90.9731702681201,87.66023765547413,3.2913043017065533
91.94222223346256,87.23885887759381,3.297206081376
92.87857219386812,86.81948443573079,3.3029742202068593
93.78191859818655,86.40267732556661,3.308618593617816
94.65205818265652,85.98882705214075,3.3141505621170317
95.48887783535736,85.57816375375607,3.319582271475964
96.2923453935562,85.17077389853706,3.3249260658567876
97.06249984137108,84.76661683496367,3.330194025680659
97.79944131641804,84.36554157018365,3.3353976283101576
98.50332126185327,83.96730326169958,3.3405475202127484
99.17433298385626,83.57157902530389,3.34565338390055
99.81270280125638,83.1779827744275,3.3507238808671946
100.41868190840107,82.78607890644767,3.3557666520538083
100.99253901705984,82.39539473622672,3.360788359194021
101.53455379899539,82.005431645003,3.3657947529823713
102.04501111744554,81.61567496429427,3.370790756841221
102.52419601202358,81.22560265137801,3.375780557773144
102.9723893859696,80.8346928374105,3.380767698177129
103.38986433566875,80.44243034372694,3.3857551644897352
103.77688305837346,80.04831226860588,3.3907454700748687
104.13369427377599,79.65185274780927,3.3957407309615752
104.46053109734316,79.25258698922434,3.400742733873037
104.75760930724553,78.85007467630606,3.4057529965649356
105.02512595158842,78.4439028278075,3.4107728208568275
105.26325824796957,78.03368819327964,3.41580333894955
105.47216273277938,77.61907925558893,3.420845553718685
105.65197462287786,77.19975790362675,3.4259003736934748
105.80280735717066,76.77544083072077,3.430968643399022
105.92475229007337,76.34588070715196,3.4360511696764626
106.01787851285752,75.91086716870454,3.4411487445150595
106.0822327824063,75.47022765735291,3.4462621648415497
106.11783953998216,75.0238281450031,3.4513922496214597
106.12470100525444,74.57157376662215,3.4565398545389523
106.1027973330823,74.11340938505835,3.4617058844378965
106.052086822439,73.64932010631979,3.46689130362871
105.97250616843219,73.1793317609848,3.472097144093417
105.86397074966337,72.70351136470357,3.477324511555604
105.72637494420897,72.22196756836507,3.4825745893219286
105.55959246833194,71.73485110639248,3.4878486397482034
105.36347673267436,71.24235524974857,3.493148003134798
105.1378612111665,70.74471626853467,3.4984740938143135
104.88255981824234,70.24221390751194,3.503828393158699
104.59736729019832,69.7351718764249,3.509212439204552
104.28205956669466,69.22395835562797,3.5146278125748474
103.93639416850037,68.70898651617034,3.520076118364586
103.56011056764471,68.19071505215094,3.525558963658664
103.15293054618668,67.66964872177466,3.531077930365268
102.71455853987455,67.14633889208815,3.5366345430807105
102.2446819630708,66.62138408080486,3.542230231755654
101.74297151149968,66.0954304868984,3.5478662890138364
101.20908143967488,65.56917249969405,3.5535438220884403
100.64264981033568,65.0433531739553,3.5592636994963716
100.04329871392031,64.5187646558664,3.56502649277653
99.41063445710915,63.99624854175478,3.5708324138860355
98.74424772086958,63.47669614776124,3.576681249192763
98.04371369033679,62.96104866430439,3.582572291440426
97.30859216140962,62.450297163917796,3.5885042716139117
96.53842763229069,61.94548242464379,3.5944752933217794
95.73274939255948,61.447694523374764,3.6004827731668536
94.89107162798297,60.958072144010245,3.606523391625611
94.01289356643547,60.477801533646705,3.6125930602349405
93.09769969937777,60.008115025756496,3.6186869124232484
92.14496012475567,59.550289031875565,3.624799327148563
91.15413107141576,59.10564138204585,3.630923996633097
90.12465568276941,58.6755278683972,3.637054051899142
89.05596515909329,58.26133781498184,3.643182262455425
87.94748038421285,57.86448845943395,3.6493013292187575
86.79861419403933,57.48641788740071,3.655404292320779
85.60877448210306,57.12857620833738,3.661485077394131
84.37736838119476,56.79241460092396,3.667539204532094
83.10380781038891,56.479371788522094,3.6735646822627874
81.78751673217974,56.19085743146117,3.6795631029614864
80.42794052301781,55.9282318472119,3.685540943911832
79.0245579180112,55.692781398353915,3.6915110568198664
77.57689603984869,55.485688832683465,3.6974942945292817
76.08454905196018,55.30799783681728,3.703521173408692
74.54720097007554,55.160571098955316,3.709633400704922
72.96465310175994,55.044041302086754,3.7158850081842267
71.33685643036432,54.95875472970044,3.7223427325300946
69.66394898249081,54.904707613862705,3.7290851851020292
67.9462977790902,54.88147604417014,3.73620028912406
66.18454433902942,54.88814122855294,3.7437804787290254
64.37965187129434,54.92321316363412,3.751915313294724
62.5329512915506,54.98455728030448,3.7606815237030666
60.6461821316308,55.069330226929644,3.770131105259738
58.72152346516264,55.17393235750251,3.780278859880074
56.761609425516994,55.29398529583033,3.791091602917966
54.76952407061908,55.42434266664179,3.8024817940516016
52.74877154200075,55.559140293239516,3.8143082709538128
50.70321979197571,55.69188868018152,3.8263857983428444
48.637019429698555,55.81560569195815,3.838503326872143
46.55450291880542,55.92298179935218,3.8504486304782723
44.4600726238296,56.00656529949008,3.8620351163386566
42.3580881924523,56.05895178946849,3.873125826294526
40.25276390143933,56.072961751341,3.8836503172872945
38.14808483323317,56.04179249814049,3.8936119626916685
36.04774758470924,55.95913524204984,3.9030855327226703
33.955127483737975,55.819253462917494,3.912206882532388
31.873270871908304,55.61702380827193,3.9211576780398545
29.804908518597635,55.347944526117196,3.9301482326935684
27.752484901877185,55.0081185381913,3.9394009650388817
25.718197830055157,54.5942188108712,3.9491361002398655
23.70404339012316,54.10344307733302,3.95956035992036
21.711862150320105,53.53346369870362,3.9708587074565926
19.74338361825785,52.88237695186711,3.983188798645653
17.800266963261574,52.14865459483679,3.9966776005895817
15.884136846530804,51.33109935012987,4.011419617445114
13.996613832725673,50.4288050205295,4.027476231312001
12.139339293702667,49.441121301763694,4.044875776086531
10.313994992867174,48.367622941459906,4.063614076767131
8.522317696095948,47.208082661251765,4.083655287833221
6.766109228310722,45.962447159702464,4.104932944550015
5.047242412414544,44.6308155068407,4.127351199714717
3.3676633104614,43.21341929566384,4.1507862581877255
1.7293901495290638,41.710604010325646,4.175088046630055
0.13450926487287865,40.12281119096905,4.200082170531626
-1.414831665922113,38.450561113396674,4.2255722189702425
-2.9164328918268096,36.69443585472001,4.251342483310374
-4.368054233527745,34.8550627841304,4.277161162554098
-5.767429073357549,32.93309870429543,4.302784138184371
-7.112280776109795,30.92921507954018,4.3279594174058325
-8.400341774518344,28.844085030315718,4.352432367038951
-9.629375739654499,26.67837306014368,4.37595189056983
-10.797203491000483,24.432728823667397,4.398277734488126
-11.901733591986083,22.107786655511575,4.419189138159474
-12.940998929719361,19.704173069860065,4.438495046319062
-13.913200990398472,17.222525012564073,4.456046053398005
-14.816763997145813,14.663522285689583,4.471748093414362
-15.650401529476424,12.02793821804218,4.485577553039338
-16.4131986003682,9.316713211687954,4.497596871198191
-17.104712259673803,6.531056040663389,4.507968695608483
-17.72509334432376,3.672577352660674,4.516965247756286
-18.275230591760614,0.7434581747540887,4.524967827324616
-18.7569154240594,-2.253347397106581,4.532449853035935
-19.173020700138355,-5.313882570971031,4.539936556440381
-19.527679232115695,-8.432948357835816,4.547937106925403
-19.826438178461277,-11.603884149937231,4.5568523293462775
-20.076355276357113,-14.818412105906289,4.566873617005019
-20.28599598796542,-18.066598827748077,4.577902718622958
-20.465292524264314,-21.336986206355625,4.589529363167713
-20.625241670941843,-24.61692320062476,4.601093912860563
-20.777449516681443,-27.89309005150127,4.611832102108796
-20.93357068810549,-31.152155079374833,4.621060485216766
-21.104722793057615,-34.38146129797676,4.628338327925601
-21.30096772568798,-37.56962638227563,4.633551702867013
-21.53093373569096,-40.70696346156641,4.6369026838885326
-21.80161352924363,-43.78568102927391,4.638826102327528
-22.118331363958838,-46.79987499219375,4.639876216617395
-22.484841787401866,-49.7453640372749,4.640621750491572
-22.903510708661216,-52.619433230194275,4.641570803304152
-23.375532958083387,-55.420544517082384,4.643130023918182
-23.901152172658676,-58.14805640982179,4.645591933009538
-24.479862128515222,-60.801977327978626,4.649140738477264
-25.110579671129006,-63.38276274074563,4.6538678136202165
-25.791786917869032,-65.89115680906299,4.659790518516495
-26.521644723644098,-68.32807408626911,4.666870596043896
-27.298081381698303,-70.69451472722382,4.675030303203744
-28.118861060849635,-72.99150636559904,4.684165662197387
-28.981636230902534,-75.22006645057934,4.694156883333331
-29.883987737295744,-77.38117982326241,4.704876313404583
-30.82345550576541,-79.47578734838103,4.716194353528188
-31.797562214964053,-81.50478235142225,4.727983774045725
-32.80383172243272,-83.46901239220416,4.740122793292372
-33.839803579913614,-85.36928452957946,4.752497215325818
-34.903044621360486,-87.20637271578934,4.765001854919323
-35.99115833725879,-88.9810263275989,4.777541422308836
-37.10179254653256,-90.69397911898471,4.7900309963991
-38.23264572806736,-92.34595808792105,4.802396182199688
-39.38147226554293,-93.93769190484791,4.8145730242225895
-40.546086781975255,-95.46991866603409,4.826507730404428
-41.724367686334126,-96.94339282136639,4.83815624902933
-42.914260017799926,-98.35889119061494,4.849483732666483
-44.113777649031825,-99.7172180304586,4.860463917171126
-45.321004894722854,-101.0192091505298,4.871078439493603
-46.53409756305429,-102.26573510337842,4.881316114796409
-47.7512834834275,-103.45770349269188,4.891172190780706
-48.97086254254549,-104.59606045790758,4.900647594898217
-50.1912062614253,-105.68179140267546,4.909748188103219
-51.41075694743051,-106.71592104035769,4.918484036888579
-52.62802645733312,-107.69951283257433,4.926868713506703
-53.84159460933791,-108.63366789726868,4.934918632490964
-55.05010728365531,-109.51952346132985,4.942652429877122
-56.25227425242242,-110.35825092985743,4.950090389896767
-57.446866780453846,-111.15105364001904,4.957253922400509
-58.63271503842197,-111.89916436243092,4.964165092888779
-59.8087053696276,-112.60384260734494,4.970846205800404
-60.97377745056302,-113.26637178688567,4.977319440644897
-62.12692138404398,-113.88805627835221,4.983606539668144
-63.26717476185855,-114.47021842736324,4.989728545012122
-64.39361973171485,-115.01419552353384,4.99570558275938
-65.50538010083142,-115.52133677556435,5.00155669083145
-66.6016185058628,-115.99300030720269,5.007299687421627
-67.68153367604192,-116.43055019060479,5.012951076469298
-68.74435781349503,-116.83535352922836,5.018525986607272
-69.78935411168077,-117.20877759860811,5.024038140016201
-70.81581442985379,-117.55218705020361,5.029499847684119
-71.82305713837657,-117.86694118100186,5.034922027677682
-72.8104251466222,-118.15439126969378,5.040314243171147
-73.77728412214077,-118.41587797900836,5.045684757137182
-74.72302090671845,-118.65272882315143,5.051040600771828
-75.6470421319587,-118.86625569920636,5.056387652897242
-76.54877303407757,-119.05775248175723,5.061730727756674
-77.4276564647542,-119.22849268081221,5.067073668784879
-78.28315209214034,-119.37972716425541,5.0724194461040675
-79.11473578354473,-119.51268194744326,5.077770255662374
-79.9218991589049,-119.62855605408467,5.08312761810166
-80.70414930198648,-119.72851945409795,5.0884924756171905
-81.4610086143504,-119.81371108561244,5.093865285256321
-82.19201479554872,-119.8852369695768,5.099246107299084
-82.89672093179092,-119.94416842645059,5.104634687571249
-83.5746956745051,-119.9915404051071,5.110030532759783
-84.22552348982627,-120.02834993429359,5.115432978029172
-84.84880496010187,-120.05555470673293,5.120841246471192
-85.44415711901014,-120.0740718051803,5.126254500155071
-86.01121380283465,-120.08477657847133,5.131671882772973
-86.54962600179904,-120.08850167383825,5.137092554090963
-87.05906219709722,-120.08603622957804,5.142515716610333
-87.5392086713003,-120.07812522960508,5.147940635012693
-87.98976978211125,-120.06546901860136,5.153366649098703
-88.41046819189283,-120.04872297349743,5.158793181031177
-88.80104504792921,-120.02849732399092,5.164219737756284
-89.16126011090918,-120.00535711185705,5.169645909501963
-89.49089183155309,-119.97982227604031,5.175071365241828
-89.78973737756907,-119.9523678480466,5.180495845969503
-90.05761261514469,-119.9234242400746,5.185919156557308
-90.29435205090009,-119.89337760670973,5.191341156880076
-90.49980874160332,-119.86257025991242,5.196761752776241
-90.67385417994717,-119.8313011165006,5.202180887300253
-90.81637816529363,-119.79982615737123,5.2075985325992304
-90.92728866850727,-119.76835887832277,5.213014682628103
-91.00651169983209,-119.73707071350849,5.218429346805993
-91.05399118824414,-119.70609141423145,5.223842544616468
-91.0696888798659,-119.67550936793549,5.229254301068634
-91.05358426190111,-119.64537184478958,5.234664642867076
-91.00567451718854,-119.61568516213727,5.240073595088197
-90.92597451293274,-119.58641476021184,5.24548117812946
-90.81451682550573,-119.55748518582114,5.250887404687051
-90.67135180148435,-119.52877998410275,5.256292276526625
-90.49654765335238,-119.50014150185527,5.261695780840977
-90.2901905866149,-119.47137060928196,5.267097886036784
-90.05238495350241,-119.44222635015818,5.272498536859652
-89.78325342704088,-119.41242553337008,5.277897648850234
-89.48293718808462,-119.38164228139645,5.28329510222272
-89.15159611700189,-119.34950755354403,5.28869073536748
-88.78940898111004,-119.31560866353672,5.294084338298323
-88.39657360871732,-119.2794888123443,5.299475646487389
-87.9733070407656,-119.24064665787542,5.3048643356517164
-87.51984565160205,-119.19853594332292,5.310250018169021
-87.03644523134002,-119.15256520552491,5.315632241899633
-86.5233810235899,-119.10209758370043,5.321010492270081
-85.98094771402623,-119.04645074736166,5.326384198525147
-85.40945936726646,-118.98489696014154,5.3317527450732936
-84.80924931181532,-118.91666329377841,5.3371154888306105
-84.1806699753097,-118.8409320036532,5.342471783407775
-83.52409267490275,-118.75684107418374,5.347821010881431
-82.83990737026583,-118.66348493916112,5.353162621747346
-82.1285223892722,-118.55991537888357,5.358496183470146
-81.39036413886465,-118.44514259283001,5.363821437829121
-80.62587681581384,-118.31813644373064,5.369138367017793
-79.8355221339643,-118.17782786634359,5.374447268195064
-79.0197790860742,-118.02311043211886,5.379748835915889
-78.17914375942858,-117.85284205929128,5.385044251598284
-77.31412922500894,-117.66584685683033,5.3903352789183625
-76.42526552011319,-117.46091709009917,5.395624363772088
-75.51309974394128,-117.23681525602322,5.400914737206169
-74.57819628480313,-116.99227625599734,5.406210519502912
-73.62113719629897,-116.72600965560497,5.411516823405189
-72.64252273810577,-116.43670202139762,5.416839854286673
-71.64297209492369,-116.12301932638857,5.422187004905694
-70.62312428474738,-115.7836094174391,5.42756694222478
-69.58363926497975,-115.41710453924503,5.43298968362819
-68.5251992420532,-115.02212391104858,5.4384666597226445
-67.44851018721295,-114.5972763533949,5.444010760759942
-66.35430355799238,-114.14116296311958,5.449636363573361
-65.24333822170581,-113.65237983520085,5.45535933577462
-64.11640257403293,-113.1295208300569,5.461197013819172
-62.974316842493636,-112.5711803842509,5.467168151422161
-61.8179355613336,-111.97595636133299,5.473292834705996
-60.6481502010776,-111.34245293766904,5.47959236039679
-59.46589193277444,-110.66928351556136,5.486089073377054
-58.27213450377394,-109.95507365276195,5.492806159964317
-57.067897198762125,-109.19846399363085,5.499767393440521
-55.854247856761965,-108.39811318274013,5.506996828625802
-54.63230591191491,-107.55270073672494,5.5145184426944525
-53.40324542313185,-106.66092984471382,5.522355719990848
-52.16829805518596,-105.72153006183042,5.53053117933764
-50.92875597156544,-104.73325985416949,5.539065843253415
-49.68597459746492,-103.69490894745813,5.547978649624186
-48.44137520972583,-102.60530042549331,5.5572858077097465
-47.19644730938564,-101.46329251859987,5.567000101914518
-45.95275073179944,-100.26778001701895,5.577130148510918
-44.71191744906742,-99.01769523958522,5.587679612465802
-43.47565301971442,-97.71200848460283,5.598646393681442
-42.24573764114668,-96.34972788785231,5.610021794319829
-41.024026761206414,-94.92989861259063,5.621789681442305
-39.8124512059064,-93.4516012987644,5.633925661996576
-38.61301678076989,-91.9139497040739,5.646396290286795
-37.427803302564136,-90.31608747879164,5.65915833159206
-36.258963015805016,-88.65718403034887,5.672158109756197
-35.108718343128515,-86.93642945394987,5.685330971671608
-33.979358908982014,-85.15302853355493,5.698600908086036
-32.873237760081764,-83.3061938557547,5.711880378732197
-31.792766681046388,-81.39513813038718,5.725070401312557
-30.74041046602479,-79.4190658803366,5.738060979542983
-29.71867995236239,-77.37716475435249,5.750731966732374
-28.7301235443623,-75.26859683839736,5.762954489956165
-27.777316846222373,-73.09249050290569,5.774593097520437
-26.862849873386793,-70.84793353844522,5.785508840464576
-25.989311108580257,-68.53396861733056,5.795563557336855
-25.159267398023598,-66.14959249446012,5.8046256973265145
-24.375238328290433,-63.693760851307026,5.81257808072375
-23.639663268602995,-61.16540131835249,5.819328036742355
-22.954858695298903,-58.56343800517807,5.824820336318524
-22.322962736523298,-55.886831830526475,5.82905317954258
-21.74586311798875,-53.134642046429285,5.832097087027982
-21.225103946028344,-50.30611548515674,5.8341157114932685
-20.76176622800768,-47.4008109821976,5.835386120263472
-20.356317068020072,-44.41876667283056,5.8363138250382605
-20.008423699308803,-41.360716619352395,5.837434802362903
-19.716731835404875,-38.22835927910451,5.839393608688184
-19.478614395501666,-35.024672090903415,5.842885231704205
-19.289907561094175,-31.754252422737597,5.848551807638227
-19.144666533754577,-28.42364491007733,5.856837826276397
-19.034991182658143,-25.041591469577902,5.867830710071473
-18.950986037961222,-21.61912080592292,5.8811415897938275
-18.88091972236588,-18.169392432359096,5.8958957012353
-18.81162506604849,-14.707240617927667,5.910879772238587
-18.729129250105665,-11.248431086526384,5.924828393821752
-18.619435907058193,-7.808731020853083,5.936753762786871
-18.4693268622395,-4.402962782040855,5.946189669700516
-18.2670397025011,-1.044224747961689,5.9532625408828785
-18.002717163928555,2.256591685040671,5.95859049357918
-17.66859488341204,5.490953293587583,5.9630827012843
-17.258960819336746,8.652555067500561,5.967727791863098
-16.76995781212614,11.73700682095731,5.973431453707342
-16.19930646096611,14.741438133502482,5.980922864105363
-15.546009914572313,17.66410024406285,5.990720993332086
-14.810079512247464,20.504012363371306,6.003140728836488
-13.99230004965734,23.260673137107368,6.0183195873947355
-13.094039488048102,25.93384011922173,6.0362513896649865
-12.117100044804232,28.52337050551179,6.056819109795846
-11.063604149292896,31.02911258261041,6.079823404375194
-9.93590796785434,33.45083692606616,6.1050059005510136
-8.736535779553096,35.7881975668134,6.132067610090019
-7.468129599072703,38.04071507553982,6.160683327344554
-6.133409651340201,40.20777524277939,6.190512937816514
-4.735142399316221,42.28863852877689,6.2212104442811444
-3.276113740076074,44.28245666061071,6.25243133822239
-1.7591057087256436,46.188293682985964,6.283838768480585
-0.18687558639778912,48.005149471039964,6.3151088123158665
1.4378632726395615,49.73198424081369,6.345935043490016
3.1124592696269797,51.36774299260919,6.3760325158079
4.834339193733361,52.91137913240306,6.405141233853435
6.601023641726339,54.36187676622871,6.433029159601734
8.410141089068418,55.718271373972065,6.459494798596207
10.259440388632607,56.979668758563875,6.484369417392674
12.146801404908405,58.14526234608365,6.507518960450259
14.070243432835898,59.2143490908751,6.52884575537427
16.02793099230386,60.186344424532415,6.548290116169838
18.01817652377699,61.060796884378085,6.565831970274328
20.039439430259595,61.837403270558625,6.581492640838327
22.090320809911734,62.51602541443968,6.595336903321424
24.16955309834906,63.0967098952918,6.607475394281035
26.27598369011264,63.57971231308096,6.618067365489239
28.40855144188829,63.965527999273874,6.627323628605165
30.566254793971215,64.25493129627004,6.635509300673334
32.74811011734179,64.44902570585117,6.642945614287463
34.95309886462374,64.54930720681938,6.650009583444003
37.18010227483395,64.55774272833719,6.657129732315262
39.427822902032176,64.47686492971576,6.664775481130064
41.69469330326827,64.30988280456887,6.67343734022959
43.978774057333,64.06080488555465,6.683595158431615
46.2776460865973,63.73456771572284,6.695672849921657
48.588306055320366,63.33715674794862,6.7099808829926815
50.907078094923136,62.87570043067167,6.726652643962737
53.22955933742534,62.35851228939112,6.745586949855934
55.55061906267256,61.795052719935285,6.766414281622556
57.864469492328645,61.19578511134302,6.788505080952124
60.16481847715346,60.57191252743443,6.8110311768911025
62.44510025335192,59.93500181581852,6.833075780634932
64.69876275237954,59.296527769237606,6.8537688672720485
66.91957424063646,58.66739270594017,6.87241274115077
69.1019047631488,58.057487281126555,6.888564893236028
71.24094269653128,57.475351114587156,6.9020614758138095
73.33282220519652,56.92796906464372,6.912985950369642
75.37465748575706,56.42070946733711,6.921602902284494
77.36449717860532,55.9573848492033,6.928281217378615
79.30122251969703,55.54040039353194,6.933425575054436
81.18441494393655,55.17095197360611,6.937426086047312
83.01421513374136,54.84924073708779,6.940627789060329
84.79118908868304,54.574680474307776,6.943316821974335
86.51621024530847,54.34608357543949,6.945718301503417
88.19036141779475,54.16181917214421,6.948001169500021
89.81485677467293,54.01994241609203,6.950286366333582
91.39098203698445,53.918296988663364,6.952655929622986
92.9200501753825,53.85459442569122,6.955161640998617
94.40336968924416,53.826474261707986,6.9578325628329605
95.84222274913436,53.83154881457794,6.960681253757603
97.23785085843448,53.86743596202106,6.963708698259802
98.59144611084437,53.93178270064572,6.966908101570912
99.904146519105,54.022281731361495,6.97026773992074
101.17703423639001,54.13668283155239,6.973773054063075
102.4111357769878,54.272800370432996,6.977408152912739
103.60742356992007,54.42851799861495,6.98115686670847
104.76681835560034,54.6017912872619,6.985003461805064
105.89019207042391,54.79064889489561,6.988933104917492
106.97837096579384,54.99319268960346,6.9929321443549295
108.03213878389272,55.2075971410266,6.9969882594746915
109.05223986856568,55.4321082116731,7.001090516806044
110.0393821307966,55.66504191403528,7.005229361452216
110.99423981817392,55.9047826533824,7.0093965648944945
111.91745605931287,56.14978144184358,7.01358514468061
112.80964516958626,56.39855404435936,7.017789267254895
113.67139471533976,56.64967909889208,7.022004142039123
114.50326734123658,56.90179624016117,7.026225912535143
115.30580237039253,57.15360424677429,7.030451548489673
116.07951719018918,57.403859224962616,7.034678741883922
116.82490843858483,57.65137283745786,7.038905808570272
117.54245300674275,57.89501058282101,7.043131596688394
118.23260887413258,58.13369012834236,7.047355402489877
118.89581579213112,58.36637969818156,7.0515768938355725
119.53249583169901,58.59209651748501,7.055796041368595
120.14305381004671,58.80990531264825,7.060013057181264
120.72787761040361,59.0189168675663,7.064228340667434
121.28733840812824,59.218286635553575,7.06844243116773
121.82179081548405,59.407213406557474,7.072655966963488
122.33157295648509,59.58493802929622,7.0768696501475485
122.8170064823111,59.75074218799332,7.081084216890215
123.27839653691674,59.90394723343972,7.085300412622539
123.7160316816231,60.043913068179386,7.0895189716720415
124.1301837866919,60.17003708567641,7.093740600906618
124.52110789714409,60.281753163379726,7.097965966967468
124.88904207939778,60.37853070965222,7.10219568670036
125.23420725466922,60.45987376457621,7.106430320425057
125.55680702449821,60.52532015468643,7.110670367714099
125.85702749323173,60.574440701717165,7.114916265383646
126.13503709181806,60.60683848548344,7.1191683874301415
126.39098640683132,60.622148161049104,7.12342704667663
126.62500801825658,60.62003533036756,7.127692497921147
126.83721634921865,60.600195968616724,7.131964942406511
127.02770753052711,60.56235590548814,7.1362445334557485
127.19655928263725,60.506270361731374,7.140531383140198
127.34383081738393,60.4317235413005,7.144825569867579
127.4695627616325,60.33852827949772,7.149127146795308
127.57377710480482,60.2265257475608,7.1534361509896565
127.65647717207327,60.09558521419373,7.157752613263765
127.71764762487238,59.94560386459512,7.162076568637619
127.75725449024958,59.77650667759118,7.166408067369725
127.77524522046205,59.5882463615323,7.170747186514548
127.77154878412365,59.38080334965849,7.175094041960511
127.74607579010807,59.15418585567985,7.179448800901377
127.6987186453223,58.90842999034977,7.183811694688544
127.6293517473717,58.64359993982964,7.188183032003246
127.53783171304299,58.35978820665054,7.192563212275735
127.42399764342923,58.05711591406792,7.196952739263257
127.28767142640997,57.735733174577305,7.201352234679854
127.12865807707294,57.39581952330837,7.2057624517487
126.94674611652077,57.03758441694032,7.210184288521646
126.74170798933959,56.66126779868,7.214618800781255
126.5133005198146,56.26714072971293,7.219067214307188
126.26126540675375,55.85550608737551,7.22353093625236
125.98532975652122,55.42669933010023,7.228011565333728
125.68520665358261,54.98108932895577,7.232510900499254
125.3605957675178,54.51907926533716,7.237030947685958
125.0111839950597,54.041107594059355,7.241573924234379
124.6366461352649,53.547649070769864,7.246142260473287
124.2366455954063,53.03921584222449,7.250738597934637
123.81083512459645,52.51635859756716,7.255365783604194
123.35885757149626,51.97966777832411,7.2600268595579145
122.88034666173222,51.429774844369305,7.264725047279532
122.37492778983304,50.86735359264918,7.269463725901703
121.84221881959643,50.29312152497879,7.274246403562701
121.28183088580829,49.70784126074971,7.279076681024373
120.69336918915309,49.11232198993507,7.283958206656598
120.07643377497584,48.507420961354626,7.288894621860152
119.43062028527947,47.8940450007913,7.29388949597555
118.75552067196611,47.27315205325049,7.2989462497120385
118.05072385785681,46.64575274344967,7.304068066130318
117.31581633045431,46.012911948543746,7.309257788226725
116.55038265174599,45.3757503771626,7.314517802197622
115.7540058655883,44.735446149092375,7.319849905512808
114.92626778236954,44.09323637040696,7.325255158998273
114.06674911872314,43.450418699587026,7.33073372222369
113.17502946806599,42.80835290118853,7.336284671612545
112.25068707567259,42.16846238497846,7.341905800845618
111.29329838987783,41.532235730178606,7.3475934033177355
110.30243735883836,40.90122819657956,7.353342036640218
109.2776744400907,40.27706322683346,7.3591442694683575
108.21857528793903,39.66143394721738,7.364990411290869
107.12469908150995,39.05610467757993,7.370868226270362
105.99559645415577,38.46291246501387,7.376762632807054
104.83080698281492,37.88376865997944,7.382655391264668
103.62985619400857,37.320660558028976,7.388524783326844
102.39225204146196,36.77565313477939,7.394345287857588
101.11748080902106,36.25089090607842,7.400087260087347
99.80500239180063,35.74859994901367,7.405716623674826
98.45424490865678,35.27109012193764,7.41119458904746
97.06459860059032,34.820757522183065,7.416477416889207
95.6354089732469,34.40008721741045,7.421516253418363
94.16596914830792,34.011656278829925,7.426257075162344
92.65551139977127,33.65813712939938,7.430640796671985
91.10319786911495,33.34230119399003,7.434603616949899
89.50811048135832,33.06702279639616,7.438077711956032
87.86924012679562,32.83528318277109,7.440992425019697
86.18547523751111,32.65017445237926,7.443276169157546
84.45558998355045,32.51490302994146,7.444859341393235
82.67823245495366,32.43279209876658,7.445678666783461
80.8519134028391,32.4072821014121,7.445683547307592
78.97499641357795,32.44192796461409,7.444845195192292
77.04569082374522,32.54039106273371,7.443169582764037
75.06204930226596,32.70642302588033,7.440715526481142
73.02197289726985,32.94383723217965,7.437619489720481
70.92322754894683,33.256462089045144,7.434128811082893
68.76347768865641,33.6480678969138,7.430644777144167
66.54034463296206,34.122256137284474,7.4277757575796315
64.25149999646068,34.68229651712793,7.42639764554222
61.894807012502724,35.330893458969726,7.427712814079314
59.46852471191762,36.06986106648369,7.433288229391966
56.97158976295777,36.899686254888394,7.44503760659601
54.403985535972474,37.818967874925235,7.465094386846918
51.76719329555342,38.823741475138185,7.495512847600093
49.06469151852276,39.90674168065621,7.537757286881721
46.30242434902385,41.05671949509583,7.592024476665372
43.48910728371847,42.258008233708615,7.656599468058619
40.63620336119361,43.490581695961666,7.727598034925762
37.7574285899673,44.73081088937724,7.799434553559557
34.867763417559836,45.95295455092762,7.866040154968136
31.982134149108077,47.13114740772881,7.922376709891047
29.114086017525576,48.24141960421627,7.965550781184753
26.27478647963682,49.2632520469019,7.995086054903194
23.47255339968989,50.18037619542238,8.01243418903459
20.712896104086248,50.98082428668038,8.020143742730912
17.99891116638434,51.6564499503808,8.021091099475925
15.331838594382978,52.20219655254626,8.017968727266808
12.711626961375424,52.61533332212705,8.013038087596097
10.137422913802887,52.89478533243028,8.008068635532293
7.607955382443784,53.040604725804755,8.0043770144466
5.121817358193218,53.05358291489082,8.002905076235557
2.677662176333906,52.934981998747695,8.004302315005937
0.2743342782958309,52.68635811173721,8.008997386921543
-2.0890476985527737,52.30945154956989,8.017254217530674
-4.413041413309542,51.806123278194356,8.02921332943378
-6.697854535976593,51.178322380098926,8.044920936192106
-8.943334404816397,50.42807318736387,8.064348695834845
-11.148968670627191,49.55747408754107,8.087406721871488
-13.313893628271273,48.568702363682334,8.113951964420117
-15.436908069430876,47.46402112696836,8.143793593382746
-17.516491238314284,46.24578559976734,8.176696606403695
-19.550823944717322,44.91644685599992,8.212384557121403
-21.53781217002061,43.47855173468749,8.250542043354695
-23.4751126522462,41.93473808968432,8.290817394675631
-25.36016000000593,40.287724877076954,8.332825840074964
-27.190194893636114,38.54029684650057,8.376153308409638
-28.962292908116332,36.69528381565668,8.420360910065494
-30.673393453737226,34.755534681760864,8.464990064072843
-32.3203282900706,32.723886466903735,8.509568169697513
-33.89984903691286,30.603128810398527,8.553614676234282
-35.40865309083071,28.395964412642034,8.59664738184063
-36.84340736473296,26.10496600444912,8.638188795528652
-38.20076930688925,23.7325304674144,8.67777243089565
-39.477404731594945,21.280830771872086,8.714948972386505
-40.67000211422134,18.751766441604044,8.74929237367568
-41.775283179807246,16.146913317909092,8.780406125419663
-42.79000986344441,13.46747350972558,8.807930183534936
-43.71098806868697,10.714226625998915,8.8315494035811
-44.53506913799201,7.887483758095223,8.851004814051912
-45.25915063982537,4.98704631217013,8.86610971980108
-45.880179065629285,2.0121728276772672,8.87677349086588
-46.39515845557813,-1.0384414350516185,8.883036962343116
-46.80117103040545,-4.166664810539346,8.885124542623746
-47.09541885394258,-7.374898298050152,8.883519032008124
-47.27529968283332,-10.665996691055875,8.879064849078695
-47.33853571851358,-14.043117403940503,8.873101786887936
-47.283380897764005,-17.509462828403795,8.867620628156342
-47.10893969193419,-21.067871260485425,8.865407569631806
-46.81563515301634,-24.72020354603902,8.870099098039653
-46.40585927562388,-28.466476812081012,8.886002224156137
-45.88481180321024,-32.30373048161324,8.917473961478159
-45.261465995366,-36.22469867460215,8.967685582833681
-44.549477304019554,-40.216527540715035,9.036869329832214
-43.767691298778786,-44.25999315337194,9.12072609657729
-42.939801850267024,-48.32982227827833,9.210224778443337
-42.09282474763479,-52.39656990795532,9.293718228019134
-41.25449299302365,-56.429917256451766,9.360737566328787
-40.45027094613274,-60.402462672000325,9.405270939720044
-39.700967311675065,-64.2927065304534,9.426666184846034
-39.0216115351638,-68.08636602448433,9.428242595147776
-38.4216041175728,-71.77603504809463,9.415078662439047
-37.905675322372616,-75.35982878076125,9.392256305420272
-37.475111303124905,-78.83973356025477,9.363963686849136
-37.12888546098785,-82.2201296511861,9.33326699938068
-36.864544308823206,-85.50666845305109,9.302228578922037
-36.67883431998998,-88.70550599064325,9.272138059534367
-36.568115387473185,-91.82282126127235,9.24373932840226
-36.52861865204977,-94.86453678188728,9.217412043340083
-36.55659868864439,-97.83617241398008,9.193303050301633
-36.64841731680342,-100.74278245813933,9.171416218054341
-36.80058473702367,-103.58894239309325,9.151671613675774
-37.00977492542698,-106.3787637032235,9.133943443992901
-37.272826116407124,-109.11592343981864,9.118083825686506
-37.58673315084227,-111.80370048065977,9.103937322049768
-37.94863585076278,-114.4450138012345,9.091349567520759
-38.35580592077193,-117.04246013379932,9.080172162002997
-38.80563383529057,-119.59834963760952,9.070265246965374
-39.295616524189406,-122.11473894238978,9.061498666994465
-39.823346271943834,-124.59346135331064,9.05375228964399
-40.38650100419427,-127.03615424201512,9.046915843024713
-40.982835991806816,-129.4442837706499,9.040888493776627
-41.61017691929798,-131.81916715119416,9.035578300840132
-42.26641421868906,-134.16199265924976,9.03090162516482
-42.94949854704066,-136.47383761721363,9.026782540756699
-43.65743727707842,-138.75568454681255,9.023152270911847
-44.388291869861824,-141.00843567148615,9.019948660379669
-45.14017600290615,-143.23292592859073,9.01711568648888
-45.91125433441475,-145.42993463180082,9.01460300798314
-46.69974179301159,-147.60019590637987,9.012365548175095
-47.50390329179211,-149.74440800457035,9.01036310821132
-48.32205377515606,-151.8632415952757,9.008560006208848
-49.15255851645917,-153.95734711134446,9.006924738430412
-49.99383359384616,-156.02736122888754,9.005429659284841
-50.84434648059374,-158.0739125458962,9.004050677630262
-51.70261669482786,-160.09762652169886,9.002766967532324
-52.56721646153309,-162.09912973422846,9.0015606922359
-53.436771347307754,-164.0790535084246,9.000416740620217
-54.309960835307635,-166.03803696613934,8.999322475812615
-55.18551881424351,-167.97672954546897,8.998267495936226
-56.06223396113891,-169.89579303533066,8.997243407168439
-56.93895000280643,-171.7959031692125,8.996243609402228
-57.814565845662955,-173.67775082024514,8.995263094844718
-58.688035567581245,-175.54204283799052,8.99429825987158
-59.55836826897977,-177.38950256555913,8.993346730396482
-60.42462778330203,-179.2208700738117,8.992407200925127
-61.2859322494542,-181.03690214744753,8.991479287355764
-62.14145355068307,-182.83837205571467,8.990563393472307
-62.990416625815335,-184.62606913829478,8.989660590961453
-63.83209865977799,-186.4007982346162,8.98877251267773
-64.66582816091046,-188.16337898244166,8.98790125878503
-65.49098393279746,-189.91464500906963,8.987049315323963
-66.30699394822892,-191.65544303588894,8.986219484692409
-67.113334132461,-193.3866319143448,8.985414827483165
-67.90952706223817,-195.1090816086169,8.984638615097662
-68.69514058606467,-196.8236721374776,8.983894292546065
-69.46978637000554,-198.53129248489563,8.98318545085184
-70.23311837186911,-200.23283948596622,8.982515808499098
-70.98483124498541,-201.92921669168078,8.981889201391976
-71.72465867095805,-203.6213332128799,8.981309580834147
-72.45237161873192,-205.3101025404475,8.980781019079092
-73.16777652508661,-206.99644133537882,8.980307722045353
-73.87071338923224,-208.68126817876723,8.979894048830655
-74.56105377154384,-210.3655022679784,8.979544537690252
-75.23869868361844,-212.05006204128588,8.979263938162994
-75.90357635376756,-213.73586370900782,8.979057249026372
-76.55563984876831,-215.42381966468557,8.978929761732946
-77.19486452919205,-217.1148367450735,8.978887108915384
-77.8212453119288,-218.80981430266064,8.97893531743615
-78.43479370966003,-220.50964204914706,8.979080865288322
-79.03553461306096,-222.21519762279448,8.979330741412078
-79.62350277752485,-223.92734382696057,8.979692507160816
-80.19873897232878,-225.64692548154665,8.980174357714068
-80.76128574659442,-227.37476582376303,8.9807851811725
-81.31118276339993,-229.11166238985106,8.981534612364628
-81.84846165132312,-230.85838230562317,8.982433077529377
-82.37314032200526,-232.6156569114622,8.983491825003387
-82.88521670361226,-234.38417564750293,8.984722935837016
-83.38466184407864,-236.16457912804668,8.986139306907722
-83.87141234565637,-237.95745134200038,8.987754597639723
-84.3453621046279,-239.76331092969752,8.989583129959637
-84.80635334831031,-241.5826015074746,8.991639729757896
-85.25416698701503,-243.41568104167703,8.99393949709064
-85.68851233281227,-245.26281031525966,8.996497491933226
-86.10901628105835,-247.12414058469759,8.999328322857599
-86.51521210565082,-248.99970059406775,9.00244562800781
-86.90652808527723,-250.88938319778836,9.00586144170006
-87.28227625495632,-252.792931943348,9.009585446383705
-87.64164166298816,-254.70992807844067,9.01362411897125
-87.98367260420504,-256.6397785689045,9.01797979283508
-88.30727238999441,-258.5817058373899,9.022649671798858
-88.6111932951603,-260.534740046938,9.027624849307276
-88.89403337984436,-262.49771484419904,9.032889402913998
-89.15423690779669,-264.4692675262993,9.038419648682353
-89.3900990555307,-266.4478445839647,9.044183648695853
-89.59977551636962,-268.4317134824926,9.050141063937795
-89.78129743856391,-270.41898135635444,9.056243431022287
-89.93259189350819,-272.40762100521545,9.062434912713588
-90.05150775417307,-274.3955041934294,9.068653529332057
-90.13584649258074,-276.3804417910795,9.074832824654658
-90.18339700825163,-278.3602297879858,9.08090386269538
-90.19197321726298,-280.3326997125222,9.086797400161242
-90.15945280991266,-282.2957715529421,9.092446043440306
-90.08381536880223,-284.24750696856216,9.097786186944884
-89.96317796395357,-286.18616043965005,9.102759545648922
-89.79582642615858,-288.1102260663485,9.107314137276243
-89.58024074149444,-290.0184779900958,9.111404631773869
-89.3151133840891,-291.9100028494576,9.114992056384583
-88.99935986781965,-293.7842232458972,9.118042911447063
-88.63212129690541,-295.64091181863375,9.120527804271997
-88.21275917506148,-297.48019614263995,9.12241973925509
-87.74084314510293,-299.302555208894,9.123692209891205
-87.21613264163845,-301.10880867627384,9.124317225160134
-86.63855363176305,-302.9001003755632,9.124263374573257
-86.00817169206586,-304.67787769420613,9.123493999965557
-85.32516263787112,-306.44386848921926,9.121965504436254
-84.58978180426989,-308.2000570903523,9.119625794689362
-83.80233290383164,-309.94866079731014,9.116412825401039
-82.96313717810644,-311.69210807530067,9.112253194238013
-82.07250334084297,-313.4330194407577,9.10706072341424
-81.13069859677347,-315.1741918267166,9.100734956991381
-80.13792082169641,-316.91858704167305,9.0931595010244
-79.09427181294791,-318.66932479764193,9.084200134862485
-77.99973136526482,-320.42968068851553,9.073702625791519
-76.85413179317953,-322.2030894511604,9.061490186076924
-75.657132402746,-323.9931538392705,9.04736052308551
-74.4081933063869,-325.8036594831095,9.031082453373486
-73.10654786798457,-327.63859619610173,9.01239208752154
-71.75117295380458,-329.50218632138007,8.9909886564385
-70.34075604154395,-331.3989208879814,8.966530163000854
-68.87365809889695,-333.33360456743407,8.938629241358058
-67.3478709810381,-335.3114106853856,8.906849951832342
-65.7609679146895,-337.3379478429119,8.870706838466383
-64.11004544607923,-339.4193400194344,8.829668613022989
-62.391655061508395,-341.56232231958484,8.783170623712444
-60.60172261053303,-343.77435469458123,8.730643377176417
-58.73545381409345,-346.06375581902313,8.671569780068221
-56.7872248052,-348.4398584459354,8.605593130071842
-54.75045837989546,-350.91318523066997,8.532714050737972
-52.61749049811727,-353.49563872436767,8.453642090956002
-50.37943960775847,-356.2006881474726,8.370413140773994
-48.0261074116655,-359.04351329982563,8.287453787193627
-45.54597079041239,-362.04102270374347,8.213364713178319
-42.926382910665225,-365.21158173218083,8.163756616749591
-40.154205669953214,-368.574140908051,8.165298692806687
-37.2172650313848,-372.1462171703744,8.26013007299736
-34.107243035145906,-375.9398684425948,8.506681542989718
-30.824740454929138,-379.9546302132738,8.966818029305184
-27.386723740680495,-384.16710566791204,9.665571633643403
-23.834356805635853,-388.5199937998997,10.531039271059768
-20.23505093367538,-392.91917289454227,11.38083914685675
-16.671003676900835,-397.2496449975777,12.022434859236174
-13.215952882637321,-401.4079186704233,12.38030857521911
-9.916135453446127,-405.32849490841056,12.502094083472699
-6.787874399745185,-408.9871723146445,12.477343827237075
-3.826913089804941,-412.38804566636793,12.379535856480704
-1.0188859226667555,-415.54898276596975,12.25368610038307
1.6538244988067898,-418.4921508895565,12.1233922583251
4.208664195502826,-421.23931195235156,11.99965605861545
6.661537792308872,-423.8099563690873,11.886861568965365
9.026440825804949,-426.22081629640746,11.78614599329288
11.315518139859616,-428.4859618262694,11.697156613337398
13.539273758651069,-430.61710261495574,11.618929355895265
15.706812426932593,-432.6239315025083,11.55031393263166
17.82606537506851,-434.51444631799757,11.490170618372037
19.903984825750424,-436.295229841586,11.437453848389438
21.946705067248104,-437.97168598838005,11.391240787264977
23.959672920994393,-439.5482369871438,11.350734038319036
25.94775186942317,-441.0284881687618,11.315253014545394
27.91530410990712,-442.41536686207957,11.284221088391085
29.866254297234388,-443.7112410840404,11.257151894597083
31.80413812788985,-444.9180227355117,11.233636275070111
33.73213836245416,-446.03725907609,11.213330417949546
35.65311043071303,-447.0702154119381,11.195945293052361
37.56959942595935,-448.0179511948153,11.1812372869607
39.48385006073496,-448.8813910830317,11.168999872122775
41.397811009180025,-449.66139193871953,11.15905614291425
43.31313498180872,-450.35880621797776,11.151252084765268
45.23117584615897,-450.9745417462776,11.145450491980908
47.15298409974038,-451.509617464497,11.141525504423086
49.079301997961956,-451.96521439203275,11.139357784377287
51.0105596176899,-452.34272079892867,11.138830395581373
52.94687307724097,-452.6437704272868,11.139825470448448
54.88804602054426,-452.8702725699553,11.142221754487192
56.833575297858424,-453.02443291184767,11.14589309690073
58.782661537072094,-453.1087642662329,11.15070791486222
60.73422500686932,-453.1260866818728,11.156529601321305
62.686926843616874,-453.0795168302289,11.163217780948475
64.639195372643,-452.9724470664804,11.170630256398159
66.58925693045963,-452.80851504752604,11.17862543775082
68.535170315982,-452.5915652366614,11.187065019814312
70.47486378989416,-452.32560398541887,11.19581666907462
72.40617341788176,-452.01475012624104,11.204756504053762
74.3268815212845,-451.6631831181926,11.213771195042241
76.2347540532691,-451.27509076088074,11.222759564134105
78.1275758465592,-450.85461834295745,11.231633625632007
80.00318286070974,-450.4058208459989,11.24031906230129
81.85949077079206,-449.9326195135751,11.248755178695854
83.69451946353115,-449.4387637518343,11.25689440550082
85.50641322274204,-448.92779898212865,11.264701447742759
87.29345657919575,-448.40304074272245,11.272152176055265
89.0540859617391,-447.8675550529765,11.279232356501694
90.78689741235443,-447.32414481988786,11.285936303829939
92.49065071765696,-446.7753418873039,11.292265528477058
94.16427036581656,-446.22340420123214,11.298227431690485
95.80684376561942,-445.6703174855888,11.303834087666992
97.41761716878119,-445.1178007845219,11.309101137833455
98.99598972322185,-444.56731522231263,11.314046810920903
100.54150605893989,-444.02007535204444,11.318691073485198
102.05384777380868,-443.4770625026209,11.323054908873708
103.53282414766639,-442.9390395841853,11.327159718028842
104.97836237227003,-442.4065668694884,11.331026832585703
106.3904975440848,-441.8800183293234,11.334677129089105
107.7693626279032,-441.3595981607864,11.338130732487322
109.11517856286228,-440.8453572056889,11.34140679707357
110.4282446490948,-440.3372090114589,11.344523353516243
111.70892932327759,-439.8349453373904,11.347497211376503
112.95766140479645,-439.33825095460884,11.350343907431748
114.1749218710668,-438.84671762840543,11.35307769111931
115.3612362005823,-438.3598572066618,11.355711539425904
116.51716730530453,-437.87711376811694,11.358257194535634
117.64330905981788,-437.3978748095023,11.360725218486811
118.74028042300674,-436.9214814714412,11.363125059960058
119.80872013860865,-436.44723781987966,11.365465129118503
120.84928199360559,-435.97441921310303,11.36775287714051
121.86263060778916,-435.5022797945223,11.36999487772657
122.84943772374253,-435.0300591587973,11.372196908424975
123.81037896369723,-434.55698824390754,11.37436403010986
124.74613101804754,-434.08229450484333,11.376500663364062
125.65736922954537,-433.60520642603,11.378610660873164
126.54476553718861,-433.1249574297104,11.380697375232229
127.40898674439987,-432.6407892365845,11.382763721808422
128.25069307713895,-432.15195473327964,11.384812236498009
129.07053699898194,-431.65772039890425,11.386845128369963
129.86916225183288,-431.1573683402139,11.388864327307259
130.64720309272514,-430.6501979819256,11.390871526845693
131.40528369904933,-430.13552745559383,11.392868222473723
132.14401771645268,-429.6126947272926,11.394855745699779
132.86400792554758,-429.081058501225,11.396835294219622
133.5658460054079,-428.53999893335583,11.398807958528973
134.25011237359158,-427.98891818628033,11.400774745328604
134.91737608409215,-427.42724085383713,11.402736598062763
135.56819476617193,-426.85441428146163,11.404694414919444
136.2031145884624,-426.26990880596793,11.4066490646035
136.8226702340281,-425.67321793635296,11.408601400173296
137.42738487328035,-425.06385849532114,11.410552271208067
138.01777012270077,-424.44137073953493,11.412502534548528
138.59432597829786,-423.8053184750886,11.414453063826977
139.15754071358253,-423.1552891833646,11.416404757975958
139.70789073262063,-422.49089417124986,11.418358548876752
140.2458403694152,-421.81176875864185,11.420315408280393
140.77184162550103,-421.1175725152383,11.422276354104511
141.28633383821673,-420.40798955776455,11.424242456179474
141.7897432726689,-419.6827289180124,11.426214841486322
142.28248263094085,-418.94152499133304,11.428194698897386
142.7649504726412,-418.18413807450173,11.43018328339748
143.23753054145791,-417.4103550011383,11.432181919730192
143.70059099300653,-416.6199898820831,11.434192005378822
144.15448351995647,-415.8128849572678,11.436215012756362
144.59954237121764,-414.9889115646482,11.438252490443274
145.0360832628953,-414.14797123064506,11.440306063276335
145.46440217980302,-413.28999688523106,11.442377431057459
145.88477406759154,-412.414954203278,11.444468365619498
146.29745141703094,-411.52284307198533,11.446580705957295
146.70266274370832,-410.6136991821273,11.448716351109482
147.10061096838953,-409.68759573843744,11.450877250461346
147.4914717055728,-408.7446452816701,11.453065391134201
147.8753914703411,-407.7850016117088,11.455282782135301
148.25248581651365,-406.8088617975269,11.457531434967706
148.6228374222965,-405.8164682558289,11.459813340444942
148.98649414312555,-404.8081108758378,11.462130441524467
149.3434670551458,-403.78412916296816,11.464484602070137
149.69372851672682,-402.7449143690982,11.466877571579131
150.03721027949805,-401.6909115719096,11.46931094606576
150.37380168449596,-400.62262166042,11.471786125481657
150.70334798301556,-399.5406031785389,11.474304268268632
151.02564882549206,-398.4454739734331,11.476866243880744
151.3404569650107,-397.3379125909047,11.47947258436884
151.64747722464088,-396.21865935614153,11.482123436382112
151.94636577947483,-395.08851707537974,11.48481851519184
152.2367298047698,-393.94835129253767,11.487557062564111
152.51812754069627,-392.79909003505963,11.490337810478806
152.79006882164387,-391.6417229853576,11.493158952788969
153.05201611362276,-390.47730001864164,11.496018126914016
153.30338609687064,-389.3069290548021,11.498912407541095
153.54355182224992,-388.13177318149803,11.501838314055618
153.77184545940975,-386.9530470177422,11.504791833025353
153.98756164212136,-385.77201230195277,11.507768456524945
154.18996140192303,-384.58997270541335,11.510763236423788
154.37827666561776,-383.40826789092637,11.513770853997201
154.55171527576803,-382.2282668565814,11.516785703401544
154.7094664767523,-381.0513606252613,11.519801986730343
154.85070679290538,-379.87895436092805,11.522813817602179
154.9746062105204,-378.71245901194214,11.525815329585615
155.0803345628166,-377.55328259872306,11.528800785301536
155.16706800708573,-376.40282127705404,11.531764681808806
155.23399547673563,-375.2624503184628,11.534701847907371
155.28032498831126,-374.13351515475034,11.537607529295979
155.3052896850465,-373.01732263447553,11.540477458085968
155.30815350412755,-371.91513263489935,11.543307903962699
155.2882163644296,-370.8281501636705,11.546095705243795
155.244818784607,-369.7575180708106,11.54883827913748
155.17734585745563,-368.7043104739791,11.551533611574136
155.08523052465756,-367.66952697941935,11.554180227991463
154.96795611550064,-366.65408775839927,11.556777147327171
154.82505813303706,-365.65882951541295,11.559323822158428
154.65612529053587,-364.6845023609532,11.561820068387767
154.4607998191981,-363.7317675792765,11.56426598809744
154.2387770842776,-362.80119626109393,11.566661889183887
153.989804560472,-361.8932687532209,11.569008205166236
153.71368022838084,-361.0083748623612,11.571305418174584
153.41025046181073,-360.1468147386804,11.57355398761199
153.0794074807389,-359.3088003567,11.57575428639697
152.72108644696817,-358.4944575062348,11.577906546077994
152.3352622791791,-357.70382820435793,11.58001081151038
151.9219462615383,-356.936873440369,11.582066905230981
151.48118251565128,-356.1934761690422,11.584074401183361
151.01304439985645,-355.4734444725864,11.586032607048647
150.517630893049,-354.7765148183053,11.587940554132429
149.9950630127778,-354.10235534644863,11.58979699354376
149.44548030961263,-353.4505691307991,11.591600397272245
148.8690374720196,-352.82069736278385,11.593348962712092
148.26590106844884,-352.212222418034,11.595040619185212
147.63624644620594,-351.6245707721019,11.59667303506473
146.98025480008178,-351.05711573930057,11.598243624182565
146.29811041773192,-350.50918001521944,11.599749550306985
145.58999810347316,-349.98003800931616,11.601187728587696
144.85610077750957,-349.46891795903383,11.602554822978211
144.09659724359145,-348.9750038211429,11.603847238750276
143.3116601147176,-348.49743693945743,11.605061109308188
142.5014538836536,-348.03531749076717,11.60619227658751
141.6661331227015,-347.5877057127892,11.607236264381333
140.80584079524687,-347.1536229192335,11.608188243974912
139.92070666006055,-346.73205230773533,11.609042991487144
139.0108457480746,-346.3219395664917,11.609794836313114
138.0763568903153,-345.922193284984,11.610437600036711
137.11732127479752,-345.53168517322285,11.610964525135648
136.1338010093964,-345.14925009253966,11.611368192733398
135.12583766696147,-344.7736858990973,11.611640428562826
134.09345078815673,-344.40375309901503,11.61177219619508
133.03663631664972,-344.03817431130807,11.611753476453098
131.95536494027075,-343.67563353171664,11.611573131772522
130.849580310563,-343.31477518693936,11.611218754092384
129.7191971116847,-342.95420296475174,11.610676494654781
128.5640989478413,-342.59247840095503,11.609930873867954
127.38413601624313,-342.22811919900244,11.608964569144414
126.17912252992726,-341.85959725243026,11.607758178371562
124.94883385155741,-341.4853363337939,11.606289956419612
123.69300329542092,-341.10370940657856,11.604535521860655
122.41131855016081,-340.71303550840764,11.602467530897695
121.10341766918023,-340.31157614466713,11.600055315435872
119.76888456898408,-339.8975311212589,11.597264482353674
118.40724396781386,-339.46903373341297,11.59405647147605
117.01795568759987,-339.02414521415193,11.590388070709386
115.6004082313098,-338.5608483309291,11.586210888564827
114.15391153502469,-338.0770400019969,11.581470787320834
112.67768877935406,-337.5705227850983,11.576107285035683
111.17086712801428,-337.0389950701246,11.570052942546315
109.63246724256312,-336.4800397846848,11.563232764040691
108.0613914016805,-335.89111139769625,11.55556365914026
106.45641003170705,-335.2695209824069,11.546954044286913
104.81614643381455,-334.61241907907106,11.537303707104005
103.13905947482328,-333.9167760829899,11.526504127705305
101.42342399794013,-333.1793598829264,11.514439558515761
99.66730871450906,-332.39671049993746,11.50098932866686
97.86855137156579,-331.5651115471469,11.486032090282102
96.02473107465894,-330.6805584792044,11.469453107012573
94.1331378173331,-329.73872387873644,11.451156267000924
92.19073958709714,-328.73492052123026,11.431083380101812
90.19414797865548,-327.66406380689943,11.40924462677843
88.13958420309939,-326.5206365680585,11.385765932334209
86.02284898213244,-325.29866160151715,11.360961713916778
83.83930244226508,-323.99169107860246,11.335444936293985
81.58386435446367,-322.5928280659381,11.310290306022253
79.25105172838653,-321.0948049092875,11.287269055420328
76.83508092875287,-319.4901576697414,11.269170422109802
74.33007616870661,-317.77155657568125,11.260204627549967
71.73044553302068,-315.9323796041854,11.266423015898456
69.03150628670069,-313.9676450308978,11.295958794458198
66.23045121887286,-311.8754320554775,11.358659215542781
63.327718132033134,-309.65887514353324,11.464407869329992
60.32870265079482,-307.32864285657763,11.619449279008759
57.245481694604464,-304.9054228270406,11.82101997313709
54.09781258889285,-302.42136192131886,12.052969800525883
50.912400698646344,-299.9190233558796,12.287079188126253
47.719802247200676,-297.44695217679777,12.492297717407965
44.549586848443106,-295.05272700329795,12.646820551626803
41.425696753379164,-292.7762472445988,12.744273962291608
38.363913679579134,-290.6459849322416,12.791109713543587
35.37190203520555,-288.67889721039705,12.799796875110058
32.450915549472256,-286.88273084236346,12.783147100117588
29.597954954195238,-285.25900802880176,12.751569721765286
26.807622303131364,-283.805616696091,12.712515548842791
24.073437097253247,-282.51865900993056,12.670918802222953
21.388664549294646,-281.39361728149726,12.629879335285707
18.746791510409967,-280.4260209263318,12.591266848179576
16.141776610467854,-279.6117889484153,12.556167933890467
13.568166487582351,-278.94737575621997,12.525189512140336
11.021137484743912,-278.42980358115636,12.49865503058928
8.496498714814782,-278.05663237461147,12.476727314540323
5.990677210968527,-277.82589704921645,12.459483364635378
3.500696603787639,-277.7360291055223,12.446958336689637
1.024155280272993,-277.78577214851794,12.439169930617908
-1.4407931999158825,-277.9740964991136,12.436130346839182
-3.8954564718809985,-278.30011572999905,12.437850342699662
-6.340616579163728,-278.76300669996954,12.444338273250082
-8.776540657460314,-279.361934045654,12.455595984860125
-11.202990004868479,-280.0959798298296,12.47161281224448
-13.619228587937613,-280.96407897220627,12.492358556688814
-16.02403206591162,-281.96496110089646,12.51777609781394
-18.415698381947667,-283.0970995003212,12.54777415123463
-20.792060887718552,-284.35866785803637,12.582220591369598
-23.15050484686493,-285.74750550829344,12.62093668908365
-25.48798800989514,-287.2610918236618,12.663692554482207
-27.801065773733775,-288.8965303144667,12.710204019246284
-30.085921238534294,-290.65054286096887,12.760131137566997
-32.33840025835625,-292.5194743306436,12.813078429161244
-34.554051357130284,-294.4993076305845,12.868596931673057
-36.72817015366497,-296.5856890224284,12.926188072197117
-38.85584771622622,-298.7739632944649,12.985309307176472
-40.93202205553974,-301.0592181531117,13.045381414606474
-42.951531772144705,-303.4363369739774,13.10579725087807
-44.90917070714592,-305.9000588513537,13.165931706886902
-46.79974231181776,-308.44504471405384,13.225152517020192
-48.61811235813541,-311.06594814468264,13.282831496268738
-50.35925856526972,-313.7574894578649,13.33835571385724
-52.01831572098867,-316.5145315689426,13.391138067069587
-53.59061493401933,-319.3321562247834,13.440626706969336
-55.07171576282824,-322.20573927672154,13.486312796961382
-56.45743012331298,-325.13102385295383,13.52773616023002
-57.74383707397917,-328.10419053056074,13.56448849290227
-58.92728780022224,-331.1219239079321,13.596213981972511
-60.00440035484235,-334.18147532468134,13.622607364074241
-60.97204394472207,-337.2807218521536,13.643409688119966
-61.82731277021931,-340.41822206390844,13.658402303413702
-62.56748961548858,-343.5932694689972,13.667399900399499
-63.189999554310894,-346.8059448232875,13.670243821557829
-63.69235429026297,-350.05716878821505,13.666797407766644
-64.07208782631119,-353.34875652727817,13.656945976385973
-64.32668442418638,-356.68347572985124,13.640605347558274
-64.45350028821768,-360.0651090788767,13.617744971839425
-64.44968129932823,-363.4985210712921,13.58843516708864
-64.31208078705734,-366.9897268985647,13.552933473867395
-64.03718436112405,-370.54595700179607,13.511833625693143
-63.62105423466075,-374.17570356688384,13.466312962353015
-63.059314904650584,-377.8887223478636,13.418529924305279
-62.34721808258925,-381.69594119673116,13.372237520766884
-61.47985103159053,-385.6091903433654,13.333672822822834
-60.45259298887899,-389.64061288207023,13.312705366702854
-59.261980027080774,-393.8015351309813,13.323964671765271
-57.90719628377926,-398.10049264357195,13.387035439747429
-56.39241535047437,-402.540091167709,13.523735504632928
-54.73003329608226,-407.11262021774064,13.74974090741538
-52.94423679717596,-411.7951460266264,14.060159285310075
-51.073231898624,-416.54634121941643,14.417211781485236
-49.1674911963193,-421.3086460853988,14.756623889084413
-47.2824011501347,-426.0179699327073,15.017751453322255
-45.46763343718235,-430.617765387872,15.173213908125323
-43.7589199804556,-435.0697763773795,15.231738982634244
-42.176024463733114,-439.35641573331236,15.220141903696472
-40.72575867713397,-443.4764665646882,15.16594246343086
-39.406621374964615,-447.43878571785615,15.089772960031793
-38.21272786944644,-451.25710871206394,15.00478074490767
-37.136392190164656,-454.9467372736914,14.918510983469378
-36.169583549553,-458.5227521535943,14.834920695314606
-35.30465327877925,-461.99918896891546,14.755852644952288
-34.53464573991196,-465.3887462180305,14.681970502594393
-33.85339077409892,-468.70276035741944,14.613312425932001
-33.25548971467046,-471.951301352839,14.549606169457588
-32.73625475761731,-475.14331291939305,14.490443562944314
-32.291632169554646,-478.2867605328955,14.435374503184603
-31.918124090033245,-481.3887706127499,14.383955691244196
-31.612715497163485,-484.45575450410007,14.335774282325044
-31.372808757048976,-487.49351581889385,14.290457859943583
-31.196166151485084,-490.5073419153307,14.24767714878385
-31.080859849519204,-493.50208115907344,14.207145049737168
-31.02522841557777,-496.48220781795413,14.168613981416975
-31.027838846710072,-499.45187635125376,14.131872610047676
-31.087453157243715,-502.41496664314195,14.096742541365
-31.202998605781787,-505.375121483814,14.063075263090383
-31.373540749691422,-508.3357773607183,14.030749467919778
-31.59825859842987,-511.30018940199653,13.999668799807823
-31.87642121182754,-514.2714511194473,13.969760019178143
-32.207365150636164,-517.2525094283537,13.940971557416113
-32.59047223476327,-520.2461752738251,13.913272417027903
-33.02514710155879,-523.2551300649413,13.886651364903871
-33.51079408502698,-526.2819280065487,13.861116358377627
-34.046792960276974,-529.3289943225934,13.836694134794424
-34.632473119943505,-532.3986192842789,13.81342988349317
-35.267085775584334,-535.4929478925627,13.791386903417889
-35.94977381313254,-538.6139650209115,13.770646129446959
-36.679538984592874,-541.7634758063109,13.751305385990033
-37.45520619705887,-544.9430810921783,13.733478198320933
-38.275384775084675,-548.1541477865358,13.717291962601694
-39.138426735124305,-551.3977741154918,13.702885248485279
-40.04238233352979,-554.6747499406247,13.690403989796522
-40.98495344430346,-557.9855125847898,13.679996318183028
-41.96344569851873,-561.330098988115,13.671805823932608
-42.97472077710204,-564.7080955031445,13.66596310196184
-44.01515078498165,-568.1185872334373,13.662575574472111
-45.08057722381162,-571.5601095044193,13.661715787026733
-46.1662776769495,-575.0306047853927,13.663408654944197
-47.26694385178698,-578.5273890825027,13.667618478485597
-48.37667499061774,-582.0471323848284,13.674236910535164
-49.48899073885802,-585.58585802948,13.683073382453397
-50.59686721718621,-589.1389656999744,13.693849679483108
-51.692799167801674,-592.7012820394956,13.70620030238563
-52.7688895724367,-596.2671414515187,13.719679870595638
-53.81696609913761,-599.8304975745635,13.733778083946309
-54.828721274321005,-603.3850632885061,13.747941726034858
-55.795870671530956,-606.9244742169659,13.761602028862876
-56.71032103363954,-610.4424679366632,13.774204673751512
-57.56433851039864,-613.9330689482103,13.785239044603584
-58.35070645061446,-617.3907683163881,13.794263275642423
-59.06286264002863,-620.8106870136724,13.800922202948698
-59.69500751108841,-624.1887134336987,13.804956420819849
-60.24217743536909,-627.5216080709614,13.806202003848664
-60.70028033809955,-630.8070715812714,13.804581771033938
-61.06609406566173,-634.0437758379544,13.800089968428932
-61.33723074248012,-637.2313606939956,13.792772775853473
-61.51207244613675,-640.3704015805473,13.782707083740373
-61.58968474891596,-643.462354620185,13.769979635037277
-61.569715026236096,-646.5094865886895,13.754668042090813
-61.45228205123914,-649.5147969425591,13.736824532587132
-61.237862485780866,-652.4819384459137,13.716462680054025
-60.927178663708354,-655.4151419117047,13.693546909328688
-60.52109074035813,-658.3191494319922,13.667984262545492
-60.02049500194802,-661.1991593797562,13.639617758122135
-59.42622898378888,-664.0607855360648,13.60822064786936
-58.73898308012325,-666.910031997356,13.573490948209344
-57.95921754441261,-669.7532850748814,13.535045774472284
-57.087083153877614,-672.5973232123363,13.49241524860357
-56.12234330826267,-675.4493460036875,13.445036121420223
-55.06429490798423,-678.3170236691756,13.392245846372795
-53.91168497352889,-681.2085688166081,13.33327884872513
-52.662619603476095,-684.1328329407792,13.267268496718415
-51.31446153045079,-687.0994308327099,13.193261430343199
-49.863712289872275,-690.1188967533762,13.110256594026897
-48.30587505117842,-693.2028765976312,13.017291671534494
-46.63529489937726,-696.364359743267,12.91361851094689
-44.844975703826755,-699.617951603343,12.799043536718457
-42.92637855916237,-702.9801804861372,12.674571161497397
-40.869219996021165,-706.4698148866129,12.543596814551044
-38.66131652440755,-710.1081289924632,12.41407373908924
-36.28858085090712,-713.9189737273604,12.302320395509604
-33.73539251206449,-717.9283485702435,12.239289085692903
-30.98578705661119,-722.162861717191,12.279476482929546
-28.026279435154745,-726.6459466085653,12.50903808845326
-24.85159609976015,-731.3900549778335,13.03882834478096
-21.474581287487325,-736.3830389077395,13.950976864230256
-17.939288880634752,-741.5700434744588,15.18154168457011
-14.32936124830849,-746.8418300969613,16.442239845807208
-10.75649983632698,-752.0505982819553,17.379051139162293
-7.3250040608993965,-757.0588131680454,17.851754491150725
-4.098783268257466,-761.7843556076917,17.959193325412684
-1.0973013210928984,-766.2055959220045,17.863871775312912
1.688135913810121,-770.3386742686016,17.683475540528274
4.277939958690941,-774.2149259917305,17.48108425464216
6.694844576973063,-777.8681757788556,17.285197093298386
8.959948918407658,-781.3295243206901,17.10666462592982
11.091514863413387,-784.62587531999,16.948233012535596
13.104900793382019,-787.779973821144,16.809229260225965
15.012883364856037,-790.8109384014668,16.687721269063935
16.826063143744534,-793.7348812292353,16.5814703126471
18.55324419795403,-796.5654739827769,16.48832593696057
20.201756191863083,-799.3144224418895,16.406369061712297
21.777716946993642,-801.9918507572728,16.33394469993918
23.28624306846659,-804.6066080987601,16.269649131869308
24.73161826423303,-807.1665121084949,16.212300887827322
26.117428338688548,-809.6785419456326,16.160908459121423
27.446670463527308,-812.1489912474955,16.114640062538346
28.721842934071322,-814.5835889579408,16.07279731667984
29.94502043618687,-816.9875939572182,16.03479315089305
31.11791891418185,-819.3658678036336,16.000133628092662
32.241953410979946,-821.7229286278676,15.968403132704543
33.318291692657795,-824.0629882587041,15.939252322313537
34.347906007885285,-826.3899739716013,15.912388257457827
35.33162490503231,-828.7075358278471,15.887566159906461
36.27018657174516,-831.0190404213542,15.864582288406588
37.16429461242739,-833.3275519957722,15.843267462726061
38.014676486476766,-835.6358023611876,15.823480823431442
38.8221439642217,-837.9461518334878,15.805103504313681
39.58765392775641,-840.2605445018496,15.788032035315297
40.31236672006875,-842.5804623879435,15.772171496262557
40.997698174361275,-844.9068842846066,15.757428695379112
41.64536065960617,-847.2402559449915,15.743705910451618
42.25738822949688,-849.5804784703654,15.730895931448021
42.8361415132128,-851.9269208812354,15.718879191725069
43.38428947627469,-854.2784607763598,15.707523599776646
43.90476753464266,-856.6335537972124,15.696687276353542
44.40071438850983,-858.9903287799884,15.686223845166777
44.87539279472856,-861.3467017401376,15.675989380325237
45.33210167948927,-863.700499035793,15.66584976111044
45.774087990037074,-866.0495788587089,15.65568714569527
46.20446628142836,-868.391940857426,15.645404555091314
46.626152388102184,-870.7258159680107,15.634928047600528
47.04181509736088,-873.0497317849031,15.624206494638903
47.453847108570216,-875.3625522655707,15.61320938988857
47.8643542531526,-877.6634935419661,15.601923353288303
48.27516030061289,-879.9521196869292,15.590348026662083
48.687823791583384,-882.2283233369287,15.578491951331138
49.103663141204464,-884.4922962282565,15.566368841531798
49.5237865607201,-886.744494218376,15.553994482949467
49.94912394118134,-888.9856005211508,15.541384332172509
50.38045854779123,-891.2164899246288,15.528551786025965
50.81845705679483,-893.4381958498236,15.51550702860255
51.263697054071265,-895.6518813413426,15.502256338836707
51.71669157536442,-897.8588144900868,15.488801740821474
52.17791060193091,-900.0603483704971,15.475140892202074
52.64779964835462,-902.2579053054412,15.461267125089895
53.126795714068436,-904.4529651187939,15.44716957403912
53.61534093983109,-906.6470569675117,15.432833344015174
54.11389433527722,-908.8417543344689,15.418239686851251
54.62294193985627,-911.0386727892352,15.403366167318593
55.14300575903753,-913.2394701707568,15.388186810056258
55.674651789011115,-915.4458489027757,15.372672226919336
56.21849741180085,-917.6595602127741,15.35678973163095
56.775218412076875,-919.8824100839344,15.340503455861832
57.34555583876213,-922.1162668245711,15.323774488994069
57.93032290934158,-924.3630701893143,15.306561074000344
58.53041213228194,-926.6248420301052,15.288818905506002
59.146802802052854,-928.9036984919011,15.270501595069009
59.78056900000507,-931.2018637965023,15.251561395563497
60.432888209910274,-933.5216856756823,15.231950314860933
61.10505062500862,-935.8656525176576,15.211621803805677
61.798469177597646,-938.2364122719897,15.190533281903466
62.514690253066135,-940.6367931061131,15.168649876171353
63.25540494363615,-943.0698257042701,15.145949908015762
64.02246053154431,-945.5387669192426,15.122432888270724
64.81787163473848,-948.0471241865981,15.098131095064765
65.64383005191871,-950.5986796254164,15.073126239725864
66.50271173551737,-953.1975119806391,15.047573295803861
67.39707839420879,-955.8480133641121,15.021734276905732
68.32966982663405,-958.5548959109142,14.996025535989293
69.30338100084866,-961.3231806851022,14.97108279630316
70.32121484066975,-964.1581570495739,14.947848033072336
71.38619734394072,-967.0652948000884,14.927680219492652
72.50123579369105,-970.0500832755771,14.912485276907693
73.66889355670533,-973.1177615006723,14.904844861811537
74.89104747143953,-976.2728927086931,14.908092540710712
76.16838966302493,-979.5187300920396,14.926234345505318
77.4997428216128,-982.8563292521396,14.963546144921878
78.88119113121938,-986.2834065881083,15.023647900320768
80.30510777371163,-989.7930489272163,15.107966095535314
81.7592954982937,-993.3725639617206,15.213895147993906
83.2266175657939,-997.0029807052127,15.333620164005737
84.68556640761612,-1000.6598051373809,15.454913127425646
86.11202034470791,-1004.3153667194316,15.564380314792345
87.48191810779676,-1007.9423805920087,15.651720301297246
88.77402001121813,-1011.5175902379434,15.712443940341167
89.97181180028741,-1015.024215593692,15.74772487464761
91.06409018640625,-1018.4526048069488,15.762252487275873
92.04442882620135,-1021.799388645017,15.761832270153459
92.91006921094109,-1025.0658942473876,15.75179902260582
93.66073194405121,-1028.2564912549758,15.73635828371754
94.29762191468289,-1031.3772309175258,15.718527501928405
94.8227063414631,-1034.434872104669,15.70033889060777
95.23824016939324,-1037.4362487712249,15.68309939641615
95.54647908569503,-1040.3878907850979,15.667619190307498
95.74952157894658,-1043.2958148202442,15.654384885846696
95.84923444297509,-1046.165421794719,15.643681016444843
95.8472299116894,-1049.0014573106737,15.635671249825847
95.74487356798386,-1051.808007097341,15.630450828531071
95.5433098790678,-1054.588510252318,15.628079338545334
95.24349729050752,-1057.3457801279576,15.628600333018657
94.8462480247744,-1060.0820271519326,15.632052256695626
94.35226970262043,-1062.7988806051026,15.638473615909065
93.76220708270513,-1065.4974080349903,15.647904319490639
93.07668289357184,-1068.1781319713211,15.660384448678807
92.29633710363409,-1070.8410441908386,15.67595128968899
91.42186416052269,-1073.4856181115701,15.694635200130868
90.45404780745402,-1076.110820077989,15.716454723443798
89.39379309970666,-1078.7151203847911,15.741411275489659
88.24215522998743,-1081.2965049108157,15.769483678254279
87.00036474778953,-1083.8524882141146,15.800622789419089
85.66984873832142,-1086.3801288839272,15.834746461080021
84.25224752021582,-1088.8760478604504,15.871735047740586
82.74942643380375,-1091.3364503216053,15.911427667409848
81.16348232655659,-1093.757151599646,15.953619397020137
79.49674440057309,-1096.1336074318135,15.998059553159688
77.75176916809812,-1098.4609486713637,16.04445117148434
75.93132936276174,-1100.7340203922674,16.092451754434876
74.03839677288241,-1102.947425117632,16.141675308921457
72.07611909399928,-1105.0955696942474,16.191695645498733
70.04779103513894,-1107.1727151300056,16.2420508600214
67.95682005094999,-1109.1730285140616,16.292248869163753
65.80668720319974,-1111.0906359584135,16.341773823349627
63.60090377356788,-1112.9196753409622,16.39009317523871
61.34296434860909,-1114.6543475006147,16.43666513984837
59.03629717085738,-1116.2889644406619,16.480946245352186
56.684212591381375,-1117.8179930426013,16.522398644472162
54.28985046339623,-1119.2360927825175,16.5604968394423
51.85612727946049,-1120.5381459779019,16.594733474321558
49.385683773341235,-1121.7192791736143,16.62462387341477
46.88083358060234,-1122.7748743977834,16.649709060677797
44.34351338038231,-1123.7005691747559,16.66955708965412
41.77523472837037,-1124.4922443626222,16.68376265543121
39.177037544433745,-1125.1459990753924,16.691945161663824
36.54944494804197,-1125.658112142497,16.69374569753814
33.89241885537265,-1126.0249897424846,16.688823778617078
31.205315484834646,-1126.243099023816,16.676855288181137
28.48683969385542,-1126.3088877111002,16.657533938487425
25.73499693794407,-1126.2186899382234,16.630579953783894
22.94704168412746,-1125.9686189521465,16.595761892611435
20.119421464376014,-1125.5544480861238,16.552941121319826
17.2477166666948,-1124.9714828616045,16.502154288626354
14.326578069889514,-1124.214429874692,16.443758534253398
11.349667809865016,-1123.2772733691993,16.378678852328644
8.309616286361042,-1122.1531800351806,16.308818788930818
5.198019826570643,-1120.8344699118966,16.23772422951554
2.0055255820582545,-1119.3127217393533,16.171616615452567
-1.2779130141988415,-1117.5791328282362,16.120901362301925
-4.662467707093641,-1115.6253363674507,16.102107319222817
-8.15732632550023,-1113.4449973971277,16.139686989952494
-11.768723341053818,-1111.0366356931675,16.265819874038236
-15.496777279461472,-1108.4081359494335,16.514222887518088
-19.33110319259781,-1105.582970410865,16.90298603874621
-23.246176457354796,-1102.6067221262056,17.408196223427645
-27.19923441341438,-1099.5499296844714,17.94940246170725
-31.134626623107284,-1096.5016922194718,18.417626725008283
-34.99567235744304,-1093.552539923474,18.736189167913807
-38.7383218998889,-1090.7746932012442,18.894725845854865
-42.33825299910198,-1088.2116519903366,18.92996134532423
-45.789161850526035,-1085.8803844744589,18.889321224405723
-49.09662629408222,-1083.7799516211428,18.8103048180277
-52.27218403306819,-1081.8999534558668,18.7166876245145
-55.329389869659586,-1080.2262326865437,18.62167409230164
-58.28169132806233,-1078.7440127833395,18.531844685997513
-61.14146928274011,-1077.4393706784654,18.450038819003687
-63.91970754961861,-1076.2997954102323,18.377119263303207
-66.62596522113391,-1075.3142952875342,18.312967019078265
-69.26847788230566,-1074.4733033954897,18.25701702425068
-71.85430214698829,-1073.768506734762,18.20853674030034
-74.38946431048966,-1073.1926582402239,18.166765328643088
-76.87909693740436,-1072.7393976945511,18.130978765095982
-79.32755814805198,-1072.4030914565797,18.10051636276217
-81.7385332955281,-1072.1786934501115,18.07478773824931
-84.11512073814175,-1072.0616266178465,18.05327035434162
-86.45990405286429,-1072.0476828306732,18.03550297949266
-88.77501306012934,-1072.1329389612972,18.02107782957406
-91.06217580248035,-1072.3136869485681,18.009632776243745
-93.32276330963174,-1072.586375938726,18.000844268240957
-95.55782866688521,-1072.947564873979,17.994421220604625
-97.76814161383123,-1073.393884157053,17.99009992255686
-99.95421964620597,-1073.9220052352362,17.987639911355238
-102.11635637678685,-1074.5286171171003,17.986820710234838
-104.25464772879141,-1075.210408964451,17.987439308568426
-106.36901638383362,-1075.9640579986185,17.98930825817167
-108.45923478251821,-1076.7862220318984,17.9922542641441
-110.52494687599454,-1077.6735359891184,17.996117157974403
-112.56568874839775,-1078.6226118272457,18.000749152764747
-114.58090817051634,-1079.630041297767,18.006014294102023
-116.56998310186422,-1080.6924010310147,18.011788034463464
-118.53223912932151,-1081.8062594563423,18.01795687341136
-120.46696581342196,-1082.9681851085554,18.02441801962521
-122.37343190603248,-1084.1747559099272,18.031079043533893
-124.25089940350387,-1085.4225690583792,18.037857500556388
-126.09863640540047,-1086.7082511953815,18.044680514449873
-127.91592875884479,-1088.0284685709146,18.05148431786474
-129.7020904807657,-1089.379936966381,18.058213752901004
-131.45647296358624,-1090.759431178595,18.06482173835965
-133.17847298307547,-1092.1637939079665,18.071268712686205
-134.86753953942403,-1093.5899439309708,18.077522062575905
-136.5231795735482,-1095.0348834704048,18.08355554714535
-138.14496260986317,-1096.495704706444,18.08934872676648
-139.7325243841604,-1097.9695953970356,18.094886404386443
-141.28556952078605,-1099.4538435977445,18.100158085647692
-142.80387332716413,-1100.9458414890253,18.105157462573665
-144.2872827760137,-1102.4430883333407,18.109881924125837
-145.7357167465936,-1103.9431925959348,18.114332095664984
-147.14916559618507,-1105.4438732718093,18.118511408300837
-148.52769013201063,-1106.9429604679142,18.12242569831121
-149.87142005207042,-1108.438395294135,18.126082836234914
-151.1805519211193,-1109.9282291196353,18.12949238486679
-152.45534674534062,-1111.410622252819,18.132665285164904
-153.6961272062982,-1112.8838421038108,18.13561356898467
-154.90327461154476,-1114.3462608881478,18.138350097536545
-156.07722561589523,-1115.7963529294523,18.140888324492533
-157.2184687638758,-1117.232691617393,18.143242082714252
-158.327540900276,-1118.653946075269,18.145425393620577
-159.40502349208336,-1120.0588775892363,18.14745229824591
-160.45153890139912,-1121.4463358485245,18.149336709050516
-161.46774664524384,-1122.815255043095,18.151092281534787
-162.45433967448693,-1124.1646498620687,18.152732304680953
-163.41204070050574,-1125.4936114329846,18.15426960920113
-164.34159859462275,-1126.8013032385784,18.1557164925199
-165.2437848819128,-1128.0869570443342,18.157084659366177
-166.1193903476445,-1129.349868866611,18.158385176799886
-166.96922177144617,-1130.589395007723,18.159628442459336
-167.79409880129106,-1131.8049481809835,18.16082416478801
-168.59485097659757,-1132.995993745467,18.161981353988118
-169.3723149071582,-1134.162046067099,18.163108322453567
-170.12733161225083,-1135.3026650197137,18.164212693456165
-170.8607440221638,-1136.417452636906,18.165301416896888
-171.5733946424772,-1137.506049922908,18.166380790984938
-172.26612337979086,-1138.5681338282968,18.16745648877031
-172.93976552616766,-1139.6034143941677,18.168533588529122
-173.5951498983606,-1140.6116320664069,18.169616607078936
-174.23309712690352,-1141.5925551799476,18.17070953518624
-174.85441808935286,-1142.5459776113205,18.171815874313484
-175.4599124813606,-1143.471716596459,18.172938674038846
-176.05036751881295,-1144.3696107095495,18.174080569565806
-176.62655676397762,-1145.2395179977257,18.175243818820498
-177.18923906843972,-1146.081314265591,18.176430338710944
-177.73915762555964,-1146.894891502878,18.177641740193362
-178.27703912523876,-1147.6801564480356,18.178879361856232
-178.8035930039128,-1148.4370292801277,18.18014430179244
-179.31951078289637,-1149.1654424311503,18.18143744758284
-179.82546548845949,-1149.8653395106812,18.182759504262055
-180.3221111473157,-1150.536674334691,18.18411102017919
-180.81008235153186,-1151.1794100503241,18.185492410701887
-181.2899938872199,-1151.7935183485126,18.186903979743892
-181.7624404217325,-1152.378978756399,18.18834593912243
-182.22799624445128,-1152.9357780017078,18.189818425774018
-182.68721505661975,-1153.4639094414097,18.19132151687639
-183.14062980602745,-1153.9633725472659,18.192855242939583
-183.58875256269673,-1154.4341724411177,18.194419598941224
-184.03207443204897,-1154.8763194730802,18.196014553592047
-184.47106550233636,-1155.2898288361214,18.197640056824746
-184.9061748234123,-1155.674720210849,18.199296045606143
-185.33783041418013,-1156.0310174346746,18.20098244817675
-185.76643929630228,-1156.3587481898915,18.202699186825438
-186.1923875519731,-1156.6579437055677,18.204446179308803
-186.616040403758,-1156.9286384685472,18.206223339026547
-187.03774231467796,-1157.1708699392177,18.20803057406433
-187.45781710687788,-1157.3846782681064,18.209867785215252
-187.8765680973564,-1157.5701060097456,18.21173486309105
-188.29427824935922,-1157.7271978306426,18.213631684431835
-188.71121033814876,-1157.856000208579,18.21555810772225
-189.12760712996322,-1157.9565611208648,18.217513968219585
-189.54369157306974,-1158.0289297195502,18.21949907249678
-189.9596669999043,-1158.07315599201,18.221513192600696
-190.37571733937855,-1158.0892904056984,18.223556059923002
-190.79200733852207,-1158.077383536276,18.22562735887781
-191.20868279272673,-1158.0374856787157,18.227726720476905
-191.62587078396717,-1157.9696464413958,18.22985371589
-192.04367992649694,-1157.8739143236244,18.232007850074414
-192.46220061966542,-1157.7503362774492,18.234188555554717
-192.88150530767533,-1157.5989572550773,18.236395186431068
-193.3016487463067,-1157.4198197436924,18.238627012691275
-193.72266827688242,-1157.212963289957,18.240883214900677
-194.14458410804477,-1156.978424017036,18.243162879342666
-194.56739960626538,-1156.7162341375536,18.24546499368199
-194.9911015964284,-1156.4264214665423,18.247788443224866
-195.41566067431938,-1156.1090089391591,18.25013200785241
-195.8410315334345,-1155.764014138724,18.252494359707594
-196.26715330920302,-1155.391448841548,18.254874061723278
-196.69394994451363,-1154.9913185860175,18.257269567086638
-197.12133058135555,-1154.5636222745536,18.259679219746943
-197.5491899844601,-1154.1083518183823,18.262101256086915
-197.97740900406131,-1153.625491836543,18.264533807895006
-198.40585508631793,-1153.1150194222757,18.266974906794452
-198.8343828415658,-1152.5769039918866,18.269422490307527
-199.26283468242755,-1152.0111072334125,18.271874409757228
-199.69104154591344,-1151.4175831749426,18.274328440233766
-200.11882371602582,-1150.7962783953249,18.27678229287976
-200.54599176605083,-1150.1471324032013,18.279233629771117
-200.97234764269228,-1149.4700782139448,18.281680081691686
-201.39768591748717,-1148.7650431580573,18.28411926911107
-201.8217952345296,-1148.0319499589996,18.286548826675627
-202.24445998739654,-1147.2707181231794,18.288966431502878
-202.665462262272,-1146.4812656898976,18.291369835523625
-203.08458408851806,-1145.663511394346,18.293756902032452
-203.50161004222406,-1144.8173773020926,18.296125646474163
-203.91633025238863,-1143.9427919786697,18.298474281295192
-204.3285438631008,-1143.0396942625653,18.300801264410637
-204.7380630080294,-1142.1080377136577,18.30310535045843
-205.14471735524162,-1141.1477958113448,18.30538564351781
-205.54835928024696,-1140.1589679765195,18.30764164934301
-205.9488697224422,-1139.1415864881537,18.309873324398374
-206.34616477388715,-1138.0957243573862,18.312081118082986
-206.74020303845776,-1137.021504208189,18.314266003525603
-207.13099378263382,-1135.919108192291,18.316429491270835
-207.51860587508526,-1134.7887889351725,18.31857361915747
-207.90317747938886,-1133.630881467761,18.320700910859607
-208.28492642129893,-1132.44581604308,18.32281429512231
-208.66416109797433,-1131.234131667142,18.32491697794364
-209.04129173099642,-1129.9964900880811,18.32701226114591
-209.41684168842116,-1128.7336898874516,18.32910330326968
-209.79145851543933,-1127.4466802050706,18.331192822802493
-210.16592422229834,-1126.1365735085485,18.333282749576128
-210.5411642881168,-1124.804656698504,18.3353738376425
-210.9182547588385,-1123.4523997316282,18.337465261608273
-211.298426758121,-1122.0814608608332,18.33955422733293
-211.68306770473916,-1120.6936875521008,18.341635635624744
-212.0737185532523,-1119.291112159967,18.343701842233052
-212.4720664592776,-1117.8759415453212,18.345742557010794
-212.8799324261096,-1116.4505400133173,18.347744917890672
-213.29925371836458,-1115.0174052402306,18.349693760451665
-213.73206112417034,-1113.5791372385472,18.351572081981388
-214.18045149230622,-1112.1384008573634,18.353361672501315
-214.6465563355345,-1110.6978827934197,18.355043858365846
-215.13250763811854,-1109.2602445479015,18.35660028196206
-215.6404022920607,-1107.828073150708,18.358013628783112
-216.17226677337928,-1106.4038317350587,18.359268214253124
-216.73002372715965,-1104.9898121411345,18.360350357986718
-217.31546204467446,-1103.5880916383267,18.361248500343137
-217.93021179358618,-1102.2004955870477,18.361953050128417
-218.5757250282267,-1100.8285674431636,18.36245598659276
-219.25326310105072,-1099.47354699073,18.362750267168746
-219.9638906660698,-1098.136357132246,18.362829110154347
-220.70847615732052,-1096.8175990305647,18.36268522687569
-221.48769817925637,-1095.5175549340859,18.362310071613038
-222.30205698763825,-1094.2361976622174,18.36169316266909
-223.1518900806186,-1092.9732054980286,18.360821508361667
-224.03739085820445,-1091.7279811288183,18.359679151365146
-224.95862933152938,-1090.4996732783532,18.358246826809914
-225.91557395228207,-1089.287199763595,18.356501715771955
-226.90811376574553,-1088.0892708568997,18.354417266917274
-227.93608024763654,-1086.9044120158185,18.35196305481078
-228.99926834788135,-1085.7309852340902,18.349104642845397
-230.09745642047864,-1084.567208451744,18.34580342073182
-231.23042485899566,-1083.411172627348,18.342016389861797
-232.39797337736798,-1082.260856214309,18.33769587365914
-233.59993697411517,-1081.114136892739,18.332789133566475
-234.83620069580982,-1079.9688004887348,18.32723787415805
-236.10671337513585,-1078.8225470658117,18.320977622837738
-237.41150056349426,-1077.672994201634,18.313936970700208
-238.75067691153842,-1076.5176774702697,18.30603666159081
-240.12445827692798,-1075.354048139079,18.297188516552772
-241.53317386045472,-1074.1794680626006,18.28729418123809
-242.97727869269872,-1072.9912017154468,18.276243685297565
-244.4573668163992,-1071.7864052534696,18.263913806481664
-245.97418553736244,-1070.5621124279824,18.250166240091556
-247.52865115132062,-1069.3152171015327,18.234845589540736
-249.12186659779027,-1068.0424520252193,18.217777220965687
-250.75514154640675,-1066.7403634361742,18.198765071890595
-252.43001548762078,-1065.4052809193706,18.17758958364508
-254.14828447813727,-1064.0332818512722,18.154006060382915
-255.91203228006117,-1062.620149607808,18.127743978372678
-257.7236667253784,-1061.1613245850722,18.09850813417497
-259.58596222061135,-1059.6518469681116,18.065983122802535
-261.5021093527929,-1058.0862901309886,18.02984363184776
-263.4757725144162,-1056.4586836360202,17.98977468122134
-265.5111562326522,-1054.7624251630555,17.945508652237706
-267.613080284353,-1052.99018160022,17.89689041700555
-269.78706237066945,-1051.1337814365836,17.843989169218304
-272.03940451356686,-1049.184104362192,17.78728723638767
-274.3772743508043,-1047.1309811110903,17.727994174521513
-276.80876327012265,-1044.9631297198382,17.66856016770572
-279.3428866520052,-1042.6681779980536,17.613493215767058
-281.989462295814,-1040.232863267246,17.570601325803953
-284.75875427093024,-1037.64356930394,17.552721465954573
-287.6606942221579,-1034.8874663439542,17.579696976023683
-290.70339507879237,-1031.9546564815544,17.679493252906262
-293.89060142416855,-1028.8418256418317,17.885542376164924
-297.2178377674395,-1025.5577369795492,18.225365326234886
-300.6676641102825,-1022.1299847300918,18.697589607776287
-304.2059653924084,-1018.6102858042404,19.248327325488187
-307.78295737911657,-1015.0731068128491,19.77692775913819
-311.34182929784606,-1011.6034923342952,20.18594181803508
-314.83237834074924,-1008.2777992025799,20.433300261605147
-318.22150957222567,-1005.1487778112486,20.536101789514095
-321.4951512114921,-1002.2427053864192,20.538148670316183
-324.65366536788304,-999.5656947267246,20.481515482699397
-327.70576962645004,-997.112152720905,20.396085119258377
-330.66388432897276,-994.8712863433759,20.300045849441695
-333.54137251289825,-992.8309804666982,20.203442052494957
-336.35115891509747,-990.9797509231246,20.111375949418793
-339.1051508929823,-989.3075716994052,20.026164973819363
-341.8140697971787,-987.8061195960457,19.948636952359664
-344.48747122984884,-986.4687442506234,19.8788658425841
-347.1338398635983,-985.2903224497956,19.816577016810243
-349.7607034753884,-984.2670735796976,19.76136540454531
-352.3747411711134,-983.3963708192638,19.71280967078913
-354.98187573219496,-982.676561861963,19.67052909963183
-357.58734713514434,-982.1068031251704,19.634208951020298
-360.1957675411523,-981.6869070802367,19.603608392835625
-362.8111594392699,-981.4172007167339,19.57855867626436
-365.4369791563179,-981.2983928449946,19.558955706754706
-368.07612810832734,-981.3314482496799,19.54474927447222
-370.7309541916874,-981.5174672898879,19.53593023340926
-373.40324569561204,-981.8575702231846,19.532516459219927
-376.0942200926548,-982.3527862156504,19.53453824367255
-378.80451002892084,-983.0039476264418,19.542023758926632
-381.534148773044,-983.811590677535,19.554985255785535
-384.28255727109035,-984.7758639997676,19.573406682245906
-387.0485347744503,-985.8964467560293,19.597233377486535
-389.8302547489587,-987.1724780646183,19.626364386168216
-392.6252674373582,-988.6024992798954,19.66064774305924
-395.43051004859814,-990.1844103525079,19.699878813965917
-398.24232511348526,-991.9154410264773,19.743801479711905
-401.0564871127494,-993.7921370906098,19.79211166188344
-403.86823708962174,-995.8103613518568,19.84446246180526
-406.67232463985636,-997.965308503375,19.900470059947487
-409.4630564529567,-1000.2515326752215,19.959719527387797
-412.23435046950243,-1002.6629862173686,20.02176983761445
-414.9797947141306,-1005.1930681853632,20.08615761633756
-417.69270993907037,-1007.8346810654182,20.15239949010156
-420.36621533405537,-1010.5802944525119,20.21999323986782
-422.99329668361725,-1013.4220146310703,20.288418277752008
-425.56687644160854,-1016.3516592451696,20.357136192496395
-428.0798852123751,-1019.3608364292129,20.425592212416163
-430.52533405867257,-1022.4410278578152,20.493218391214796
-432.8963868956057,-1025.5836751411332,20.55943913112667
-435.18643199315466,-1028.7802688376141,20.623679340844873
-437.38915132941185,-1032.022439101761,20.68537512548707
-439.49858625692866,-1035.3020466715993,20.743986481692225
-441.5091977157052,-1038.6112725844496,20.79901109007944
-443.4159190962102,-1041.9427047507013,20.84999802363545
-445.2141998618684,-1045.2894193693191,20.896560072597836
-446.9000382028745,-1048.6450551775345,20.93838344683102
-448.47000131067506,-1052.0038787115739,20.9752338473196
-449.92123231157973,-1055.3608391118635,21.006958261214372
-451.2514434363824,-1058.7116115080585,21.033482270153613
-452.45889557589146,-1062.0526286209333,21.054803100682555
-453.54236492119463,-1065.3811008634784,21.0709790251441
-454.5010978583431,-1068.6950258547613,21.082115995305784
-455.33475563785856,-1071.9931888266156,21.088352537489573
-456.04335054444255,-1075.2751558680045,21.089843960978396
-456.62717534378373,-1078.541262294792,21.086746856783577
-457.0867276901768,-1081.7925986505427,21.079204732717677
-457.42263096256244,-1085.0309969478985,21.067335493282222
-457.63555268822046,-1088.2590197703607,21.051221384211583
-457.7261213485012,-1091.479954794254,21.03090204204654
-457.6948419787126,-1094.697817179095,21.006371491276944
-457.54201061794356,-1097.9173621170912,20.977580414332344
-457.26762738732486,-1101.1441096092365,20.944445933571156
-456.8713078521739,-1104.3843831828747,20.90687273154635
-456.3521924747514,-1107.645363645103,20.864791990500212
-455.7088545958902,-1110.9351578098997,20.818228986045753
-454.93920885854897,-1114.2628799500817,20.76741719250318
-454.0404249472416,-1117.6387396185248,20.712987804005955
-453.0088570928462,-1121.0741218841501,20.65628014847357
-451.8400099230381,-1124.5816322205203,20.59984096754218
-450.52857913190235,-1128.1750537551975,20.5482040301937
-449.06863599944444,-1131.8691223877431,20.50904400249028
-447.45407426527584,-1135.6789564209773,20.49471280906669
-445.67951030167194,-1139.6188755889516,20.523830302928502
-443.7419116092341,-1143.7002243973043,20.62172367165306
-441.64326247830627,-1147.9277610760032,20.81690203601023
