theta_1,theta_2,energy
90.0,90.0,-1.8020677649453305e-15
90.0,90.0,0.0024059024999981975
89.98594821007441,90.0,0.0048118050482329035
89.95784463022325,90.0,0.00721770836825167
89.915689265095,89.9999999915482,0.009623614775372956
89.85948214427094,89.99999992224342,0.012029529044760436
89.78922336029791,89.99999962981171,0.014435459278844848
89.70491312446727,89.99999874576025,0.01684141777310484
89.60655184033457,89.99999656861812,0.019247421878390264
89.49414019496555,89.99999190678668,0.021653494856960248
89.36767926788183,89.99998289104347,0.024059666728217327
89.22717065766,89.99996675677514,0.02646597509856974
89.07261662611054,89.99993959606037,0.028872465968291294
88.90402025992672,89.99989607978273,0.03127919450630734
88.72138564964746,89.99982915003058,0.03368622578184488
88.52471808571974,89.99972968313647,0.03609363543974475
88.3140242713762,89.99958612382507,0.03850151030396276
88.08931255195922,89.99938409107743,0.0409099488915613
87.85059316022478,89.9991059564821,0.0433190618172693
87.59787847704602,89.99873039603139,0.0457289720666475
87.3311833068086,89.99823191653445,0.04813981511411347
87.0505251666452,89.99758035805804,0.05055173886068287
86.75592458849924,89.99674037407081,0.052964903365453786
86.44740543283368,89.99567089125661,0.055379480344776244
86.12499521261573,89.9943245512745,0.057795652413759946
85.78872542601154,89.99264713707578,0.06021361204674469
85.4386318960185,89.99057698673799,0.06263356023649158
85.07475511505282,89.9880443981364,0.06505570483640866
84.6971405922963,89.98497102814189,0.06748025857652706
84.30583920139695,89.98126929040079,0.06990743675183286
83.90090752591593,89.976841756111,0.07233745459141705
83.48240819972503,89.97158056255003,0.0747705243286485
83.05041023939233,89.9653668344248,0.0772068520058844
82.60498936545238,89.958070123389,0.07964663406237937
82.1462283093523,89.94954787130064,0.08209005377017853
81.6742171028013,89.93964490295929,0.08453727760013008
81.18905334623562,89.92819295415737,0.08698845161743796
80.69084245315216,89.91501024089155,0.08944369802348318
80.17969786716507,89.89990107550216,0.0919031119765572
79.65574124880858,89.88265553532759,0.09436675883821177
79.11910262934526,89.86304918917664,0.09683467200306728
78.56992052914813,89.84084288652588,0.09930685147718155
78.00834203860227,89.81578261384539,0.1017832633726572
77.4345228599174,89.78759942184449,0.1042638404832612
76.84862730875004,89.75600942671745,0.10674848409672943
76.25082827509524,89.72071388766749,0.10923706718386761
75.64130714351296,89.68139936210919,0.11172943908231048
75.0202536733908,89.6377379390129,0.11422543176415889
74.38786584059817,89.58938754987774,0.11672486774193214
73.7443496425415,89.53599235582884,0.11922756962766545
73.08991886926913,89.47718320834866,0.12173337131619189
72.42479484388045,89.41257818020122,0.12424213071754409
71.7492061360508,89.341783162212,0.12675374391629202
71.06338825297468,89.26439252075185,0.12926816058957868
70.3675833124427,89.17998981005927,0.1317854004720349
69.66203970308905,89.08814853293985,0.13430557061663073
68.94701173706808,88.9884329429202,0.13682888316723218
68.2227593005356,88.88039888061269,0.13935567333243792
67.48954750731869,88.7635946368754,0.14188641723187434
66.74764636106025,88.63756183532456,0.1444217492765505
65.99733043092377,88.50183632687323,0.14696247874355173
65.23887854564789,88.35594908921787,0.14950960521241718
64.47257351035907,88.19942712456275,0.15206433254537188
63.698701850095766,88.03179434934289,0.15462808111489146
62.917553583482636,87.85257247026165,0.15720249800883757
62.12942202943236,87.66128184157874,0.15978946497456548
61.334603649160684,87.45744229924796,0.1623911038968071
60.53339792519175,87.24057396818915,0.16500977963929664
59.72610727841871,87.01019803966886,0.16764810011506626
58.913037023682,86.76583751643733,0.17030891348415622
58.09449536374547,86.50701792391321,0.17299530240946304
57.270793420997315,86.23326798630518,0.17571057533058898
56.44224530568696,85.94412026710229,0.17845825474134003
55.6091682190353,85.63911177384372,0.18124206247941643
54.77188258912776,85.31778452748763,0.18406590205576379
53.93071223712063,84.97968609703526,0.18693383806737174
53.08598457095936,84.62437010033064,0.18985007275042953
52.23803080352485,84.25139667214803,0.19281891974205756
51.38718619188552,83.86033290080367,0.19584477512807652
50.53379029413864,83.45075323458938,0.19893208586292666
49.67818724016868,83.02223985932963,0.2020853156558946
48.820726012530535,82.57438304831804,0.2053089084264137
47.96176073357683,82.10678148580149,0.20860724944073894
47.101650954886125,81.61904256505865,0.21198462425336295
46.24076194500949,81.11078266197343,0.21544517558974619
45.37946497153108,80.58162738484098,0.21899285832263438
44.51813757343061,80.0312118009741,0.22263139271275278
43.65716381973738,79.45918064050916,0.22636421610630642
42.79693455047314,78.86518847765255,0.23019443330677447
41.93784759589055,78.24889988946956,0.23412476586673137
41.080307970020996,77.60998959220602,0.2381575005774792
40.22472803454701,76.94814255505955,0.24229443746970247
39.37152762900554,76.26305409128746,0.24653683767703427
38.52113416330475,75.55442992656606,0.2508853715573096
37.673982668494155,74.82198624460635,0.2553400675118169
36.83051580166008,74.06544971019764,0.2599002619925308
35.99118380072007,73.28455747010199,0.2645645512403796
35.15644438475287,72.4790571325709,0.26933074535439516
34.32676259531849,71.64870672671412,0.2741958253524608
33.50261057398515,70.79327464353203,0.2791559039496647
32.684467270976086,69.91253956114346,0.2842061908502238
31.872818079468257,69.00629035761594,0.2893409634245572
31.068154389601464,68.07432601585467,0.294553543724664
30.27097305567606,67.11645552624955,0.299836282879415
29.48177576931254,66.1324977942393,0.3051805540074035
28.701068330497737,65.12228156165219,0.31057675488910874
27.9293598074296,64.08564535265171,0.31601432175267874
27.1671615748744,63.022437457379034,0.3214817556477527
26.414986219343483,61.9325159689743,0.32696666300914146
25.673346297760595,60.81574889260307,0.3324558121421859
24.942752934404364,59.67201434844188,0.33793520749134487
24.22371423875841,58.50120089431254,0.34339018367267826
23.51673352447385,57.30320799781496,0.34880552134841025
22.82230730694747,56.07794669239908,0.35416558707925105
22.14092305406139,54.82534045682358,0.35945449928131623
21.473056661457377,53.54532636283138,0.3646563223063879
20.819169620405525,52.23785654154782,0.36975529040891075
20.17970584299142,50.90290002493858,0.3747360629034304
19.55508810616701,49.540445024438235,0.37958401107689355
18.94571407344535,48.15050171426091,0.384285536314529
18.351951851025774,46.733105591487806,0.38882841732429085
17.77413503439502,45.28832148817999,0.39320218219591396
17.212557202595047,43.81624831167863,0.39739849820355033
16.66746582118578,42.31702458687503,0.4014115686766253
16.13905552246347,40.79083486724231,0.40523852189642184
15.627460743921237,39.23791706821742,0.4088797718980146
15.13274772463723,37.65857075524223,0.41233932548996677
14.65490588574629,36.05316638735705,0.415625004191881
14.193838656895613,34.42215547357938,0.418748544861554
13.74935385691326,32.76608154148828,0.4217255396128685
13.32115379465226,31.08559174414907,0.4245751756394931
12.908825325037993,29.381448842558914,0.4273197404648208
12.511830174260675,27.654543197786747,0.42998386971809666
12.129495933347288,25.90590429413296,0.43259353426103075
11.761008205002835,24.13671119952077,0.43517479194992603
11.405404465684603,22.34830126344066,0.4377523655074711
11.06157026149531,20.542176271546847,0.44034814859192295
10.728238378500766,18.720005238049986,0.4429797811723084
10.40399160057391,16.88362304215406,0.4456594642458356
10.087269577626067,15.035024220672948,0.44839319299375546
9.776380165882452,13.17635142693457,0.4511805679202574
9.469515370017866,11.309878356266216,0.4540152907195498
9.16477172629972,9.437987305768244,0.45688636802034566
8.860174640860391,7.563141949021151,0.45977994290775825
8.553705873376577,5.687856318496595,0.46268157008742605
8.243333075585818,3.814661345134348,0.46557866831757977
7.92704009688852,1.9460705527558384,0.4684628433855842
7.602856686856309,0.08454660441563405,0.47133178768712725
7.268886271168255,-1.7675296696906075,0.47419052677924967
6.923330647360505,-3.607886358830537,0.47705188483383765
6.564510714613492,-5.434382618912235,0.47993615709057025
6.190882678776909,-7.24502524906386,0.4828700840633431
5.8010495157880335,-9.037979503991428,0.485885300388297
5.393767792731688,-10.811574347776787,0.4890164710897835
4.9679502051815385,-12.564302676464832,0.49229932990586533
4.522664374734422,-14.29481725952738,0.4957688060680816
4.0571285578099925,-16.001923270468566,0.4994573793776311
3.5707049526930104,-17.684568304928913,0.5033937505669606
3.0628912702546915,-19.34183073991108,0.5076018643664248
2.533311171580044,-20.972907192900195,0.51210028243176
1.9817040893550213,-22.577099716594617,0.5169018748443932
1.4079148534454802,-24.153803232097122,0.5220137820914772
0.8118834453458089,-25.70249357441416,0.5274375924260539
0.19363511826903396,-27.222716407854556,0.5331696797560461
-0.4467289563480632,-28.714077170145735,0.5392016521500302
-1.109040417623627,-30.176232124355266,0.5455208684925275
-1.7930717700331187,-31.608880536402275,0.5521109891277298
-2.498543751742472,-33.01175795115346,0.5589525343965498
-3.2251320301787634,-34.384630509286474,0.5660234321558484
-3.972473256066793,-35.72729022758661,0.5732995413775761
-4.74017051783967,-37.03955115458531,0.5807551436988945
-5.527798243818509,-38.32124630922254,0.5883633984165151
-6.334906601252414,-39.57222531065964,0.5960967590460022
-7.161025440357078,-40.792352610999004,0.6039273513806371
-8.005667828786315,-41.981506248332366,0.6118273141649802
-8.868333218199425,-43.13957704438584,0.6197691042047495
-9.748510280253441,-44.26646817843649,0.6277257681014845
-10.645679444814036,-45.36209507671325,0.6356711829346651
-11.559315168690517,-46.426385563875144,0.6435802681979368
-12.488887958922401,-47.459280230201756,0.6514291711900917
-13.433866170676753,-48.4607329747294,0.659195427908152
-14.393717596211562,-49.43071169066924,0.6668581013175583
-15.36791085814246,-50.369199065034216,0.6743978987007964
-16.355916617419354,-51.276193469485264,0.6817972696205459
-17.35720860396314,-52.151709924000826,0.6890404858798718
-18.371264475810236,-52.995781119101046,0.6961137047199806
-19.39756651084081,-53.808458486041474,0.7030050163631785
-20.435602133701824,-54.58981330765157,0.7097044768790752
-21.484864279357183,-55.33993786534602,0.7162041272220421
-22.544851593787545,-56.05894662028858,0.7224979991506046
-23.615068471710916,-56.746977428739996,0.728582108590853
-24.69502493079686,-57.4041927932631,0.7344544368407888
-25.784236321706025,-58.03078115267038,0.7401148998295994
-26.882222873413358,-58.62695821435341,0.7455653054423088
-27.988509073687872,-59.19296833288982,0.7508092986986874
-29.102622885333066,-59.729085938533046,0.7558522943396468
-30.224094799875893,-60.23561701829422,0.7607013961318252
-31.35245673187359,-60.71290065075961,0.7653653019641986
-32.487240758935386,-61.1613105934791,0.769854193595517
-33.62797771498353,-61.581256918641266,0.7741796097406919
-34.77419564725622,-61.97318768875113,0.7783543010853329
-35.92541815112935,-62.33759065909429,0.7823920658234265
-37.08116260103604,-62.67499498787473,0.7863075644629767
-38.24093830060079,-62.98597292805871,0.7901161129770777
-39.404244580554,-63.27114146719917,0.7938334539364931
-40.570568878979785,-63.53116387298265,0.7974755060794294
-41.739384844841894,-63.76675109314601,0.8010580938804566
-42.910150512321835,-63.97866294907933,0.8045966600803247
-44.08230659999423,-64.16770905330978,0.8081059658107748
-45.25527499486586,-64.33474937273242,0.8115997848332377
-46.42845748633111,-64.48069435263409,0.815090600405
-47.60123481857214,-64.6065045120816,0.8185893152336412
-48.77296613122037,-64.71318942003425,0.8221049866773065
-49.94298885653674,-64.80180596453502,0.8256446005486708
-51.11061913633565,-64.87345583541457,0.8292128973204491
-52.27515281285986,-64.92928215481405,0.8328122639594291
-53.43586703449555,-64.97046520990571,0.8364427028363295
-54.5920224995751,-64.99821726844453,0.8401018860768819
-55.74286633989795,-65.0137764896568,0.8437852993848747
-56.887635620779974,-65.0183999792847,0.8474864740082886
-58.025561407632196,-65.01335607654637,0.851197299542962
-59.15587332187408,-64.99991599997331,0.8549084042398754
-60.27780448329444,-64.97934501577836,0.8586095840595824
-61.39059671378854,-64.95289332367572,0.8622902575620692
-62.493505860629085,-64.92178687815667,0.8659399213900443
-63.58580708765324,-64.88721837585868,0.8695485809533174
-64.66679998101252,-64.85033864037536,0.873107133031084
-65.73581332279537,-64.81224862417815,0.8766076811592747
-66.79220940049656,-64.77399222390058,0.8800437703721684
-67.83538774185398,-64.7365500717648,0.8834105344430938
-68.86478819129142,-64.70083442496156,0.8867047554611904
-69.879893274001,-64.66768522943705,0.8899248416746381
-70.88022982433402,-64.63786738809564,0.8930707344548559
-71.8653698845211,-64.61206921903586,0.8961437586324923
-72.83493090600163,-64.59090204976067,0.8991464321998297
-73.7885753074667,-64.57490086032362,0.902082251556946
-74.72600946030163,-64.56452586327812,0.9049554673549132
-75.64698218317564,-64.56016489149857,0.9077708639119848
-76.55128283325953,-64.56213645615647,0.9105335525318168
-77.43873908250755,-64.57069333554705,0.9132487861949041
-78.30921446441205,-64.58602655989819,0.9159218003219323
-79.1626057705424,-64.60826966639647,0.9185576818336401
-79.99884036794104,-64.63750311105655,0.9211612666852007
-80.81787349893732,-64.6737587384429,0.9237370644871685
-81.61968561490133,-64.7170242255104,0.926289207733956
-82.4042797854994,-64.7672474310476,0.9288214224978004
-83.17167921558206,-64.82434059669956,0.9313370171412831
-83.92192489324404,-64.88818435884043,0.9338388855756188
-84.65507338502485,-64.95863154236955,0.9363295217670533
-85.37119478774954,-65.03551071768733,0.9388110425009408
-86.0703708411433,-65.11862951064897,0.9412852157937612
-86.75269320103527,-65.20777766226672,0.9437534927533697
-87.4182618696066,-65.30272984045965,0.9462170410935569
-88.06718377662112,-65.40324821039283,0.9486767788889825
-88.69957150378832,-65.50908477307695,0.9511334074973998
-89.31554214322419,-65.61998348408824,0.9535874428710489
-89.91521628028829,-65.73568216568266,0.9560392447269352
-90.49871709078039,-65.85591422636598,0.9584890432479263
-91.06616954249027,-65.98041020227791,0.9609369631471072
-91.61769969133249,-66.10889913466694,0.9633830450514669
-92.15343406270053,-66.24110979737124,0.9658272642531456
-92.67349910918986,-66.37677178765806,0.9682695469423859
-93.17802073642534,-66.51561649307693,0.970709784080813
-93.66712388935147,-66.65737794619895,0.9731478431012746
-94.14093219198064,-66.80179357828862,0.9755835776348496
-94.59956763422434,-66.94860488211448,0.9780168354701049
-95.04315030004307,-67.09755799327402,0.9804474649468937
-95.4717981317319,-67.24840419860284,0.9828753199789175
-95.8856267257057,-67.40090037946943,0.9853002638879427
-96.28474915565529,-67.55480939703159,0.9877221722189455
-96.66927581941398,-67.70990042585412,0.9901409346908325
-97.03931430630152,-67.8659492416599,0.9925564564223137
-97.39496928209985,-68.02273846840987,0.9949686585576138
-97.7363423891663,-68.18005778937871,0.997377478402476
-98.06353215950352,-68.33770412641215,0.9997828691672757
-98.37663393888722,-68.49548179111453,1.0021847994015225
-98.67573982040322,-68.65320261131943,1.0045832521925797
-98.96093858596755,-68.81068603583952,1.0069782241908076
-99.23231565459994,-68.96775922016865,1.009369724514014
-99.48995303639464,-69.12425709552053,1.0117577735756504
-99.73392929128491,-69.28002242332637,1.014142401873702
-99.96431949183174,-69.43490583708031,1.0165236487707316
-100.1811951893841,-69.58876587321024,1.0189015612896735
-100.384624383061,-69.74146899246239,1.0212761929451295
-100.57467149109485,-69.89288959311726,1.0236476026254713
-100.75139732415352,-70.04291001720065,1.026015853537444
-100.91485906032649,-70.19142055071495,1.0283810122217454
-101.06511022151966,-70.3383194187895,1.0307431476454534
-101.20220065105477,-70.48351277653511,1.033102330374915
-101.32617649231481,-70.626914696283,1.0354586318307994
-101.43708016831572,-70.76844715179303,1.037812123625633
-101.53495036211994,-70.90803999992798,1.040162876982809
-101.61982199803838,-71.04563096020857,1.042510962235195
-101.6917262235943,-71.18116559258725,1.0448564484007128
-101.75069039224907,-71.31459727370672,1.04719940283179
-101.79673804691203,-71.44588717184007,1.049539890935273
-101.82988890427933,-71.57500422064265,1.051877975959231
-101.85015884006783,-71.70192509178202,1.0542137188431493
-101.85755987523108,-71.8266341664474,1.0565471781281264
-101.85210016326553,-71.94912350567769,1.058878409924015
-101.8337839787378,-72.06939281938197,1.0612074679309063
-101.802611707186,-72.18744943386183,1.0635344035128462
-101.75857983657411,-72.30330825757699,1.0658592658225232
-101.7016809505049,-72.41699174482554,1.068182101976297
-101.63190372342665,-72.5285298569364,1.0705029572800737
-101.54923291810256,-72.63796002049358,1.0728218755075833
-101.45364938564771,-72.74532708202817,1.0751388992338644
-101.34513006847995,-72.8506832585252,1.0774540702282456
-101.22364800657725,-72.95408808299563,1.079767429912619
-101.08917234748499,-73.05560834426025,1.0820790198927448
-100.94166836057508,-73.15531801997885,1.0843888825721146
-100.78109745612291,-73.25329820183522,1.08669706186024
-100.60741720984085,-73.34963701165532,1.0890036039895628
-100.42058139358747,-73.44442950708947,1.0913085584577673
-100.22054001306155,-73.53777757533122,1.0936119791151577
-100.00723935339016,-73.62978981317217,1.095913925419718
-99.78062203363042,-73.72058139150349,1.0982144638857299
-99.54062707132738,-73.81027390217064,1.1005136697551394
-99.28718995840477,-73.89899518486517,1.1028116289243175
-99.02024274981342,-73.98687913149767,1.105108440162299
-98.73971416652358,-74.07406546523657,1.1074042176600156
-98.44552971462261,-74.16069949112013,1.1096990939531188
-98.13761182246945,-74.24693181485117,1.1119932232637575
-97.81587999806054,-74.33291802606925,1.1142867853087672
-97.4802510089792,-74.41881834206225,1.1165799896228243
-97.13063908752977,-74.50479720753194,1.1188730804449714
-96.76695616389755,-74.5910228456686,1.121166342214857
-96.38911213042293,-74.67766675542394,1.1234601057207845
-95.99701514033016,-74.76490314950381,1.125754754934245
-95.5905719445005,-74.8529083272425,1.128050734554482
-95.16968827012252,-74.9418599761789,1.1303485582708586
-94.73426924527804,-75.03193639584413,1.132648817729278
-94.28421987372016,-75.12331563700876,1.1349521921606696
-93.81944556425806,-75.21617454944509,1.1372594585934448
-93.33985271926397,-75.31068773116066,1.1395715025266537
-92.84534938684236,-75.40702637208423,1.1418893288853065
-92.33584598112643,-75.50535698536785,1.1442140730131451
-91.81125607496817,-75.6058400198492,1.1465470113806107
-91.27149726893208,-75.7086283478416,1.148889571596644
-90.71649213995993,-75.81386562333483,1.151243341213641
-90.14616927230632,-75.92168450695118,1.153610074706915
-89.56046437231586,-76.0322047556647,1.1559916978972318
-88.95932146728434,-76.14553117741222,1.1583903089723497
-88.34269418698418,-76.26175145335615,1.1608081751589192
-87.71054712440532,-76.38093383374526,1.1632477240090755
-87.06285726984825,-76.50312471709499,1.1657115282096275
-86.39961550969295,-76.62834612678361,1.1682022828105447
-85.72082817796988,-76.75659310412183,1.1707227738211583
-85.02651864530712,-76.88783104245046,1.1732758372552592
-84.31672892598732,-77.0219929927576,1.1758643079383972
-83.59152127981896,-77.15897697753529,1.1784909577384637
-82.8509797814484,-77.29864335590734,1.1811584233544163
-82.09521182579724,-77.44081228918313,1.1838691244012427
-81.32434953472875,-77.5852613615896,1.1866251732521977
-80.53855102709318,-77.7317234156157,1.189428278918264
-79.73800151226536,-77.8798846647345,1.1922796481177649
-78.92291416647457,-78.02938314779767,1.1951798875556063
-78.09353075192737,-78.17980758868555,1.1981289122142265
-77.25012194119577,-78.3306967214611,1.2011258650667669
-76.39298731376988,-78.48153913503278,1.204169053961925
-75.52245499813961,-78.63177368204474,1.2072559114102273
-74.6388809412264,-78.78079048443566,1.2103829825530354
-73.74264779723326,-78.92793255311652,1.2135459456817124
-72.8341634396582,-79.0724980220261,1.2167396683019076
-71.91385911280629,-79.21374297816864,1.2199582999677228
-70.98218725199418,-79.35088485005502,1.2231954010544204
-70.03961901403872,-79.48310629831644,1.2264441044553909
-69.08664157080173,-79.60955953524365,1.2296973050673063
-68.1237552278089,-79.72937098568303,1.2329478700637946
-67.15147043666896,-79.84164619099168,1.2361888615318257
-66.17030477375067,-79.94547485128427,1.239413762195177
-65.18077995810725,-80.0399358993518,1.242616694754222
-64.18341897898298,-80.12410250241676,1.2457926258389929
-63.17874339763402,-80.19704689500058,1.2489375466422032
-62.167270880087145,-80.25784495701014,1.2520486238487898
-61.14951300743776,-80.30558046487103,1.255124316347663
-60.12597339903462,-80.3393489591777,1.2581644552186688
-59.09714617211779,-80.35826118888369,1.2611702864586078
-58.06351474983689,-80.36144610855197,1.2641444776922395
-57.02555101865897,-80.34805342077789,1.2670910915952245
-55.98371482643678,-80.31725566990576,1.2700155298661855
-54.93845380416716,-80.268249905104,1.2729244523009022
-53.890203487901616,-80.20025894046047,1.2758256758567228
-52.83938771242273,-80.11253224691798,1.2787280585945275
-51.78641924510722,-80.00434651565335,1.2816413731115421
-50.731700626712964,-79.87500593510016,1.284576173604032
-49.67562518544946,-79.72384222449855,1.2875436600959507
-48.61857819138672,-79.5502144659439,1.2905555427044941
-47.560938119785476,-79.35350877473675,1.293623908141086
-46.5030779940597,-79.13313784473681,1.2967610900096922
-45.44536678160085,-78.88854040169399,1.2999795438931887
-44.388170818421145,-78.61918059343262,1.30329172773137
-43.33185524136115,-78.32454734152017,1.3067099875993016
-42.276785409339986,-78.0041536748328,1.3102464486931922
-41.223328297719135,-77.65753606137001,1.3139129111174164
-40.171853852245285,-77.28425375086235,1.3177207499328247
-39.122736291200354,-76.88388813722344,1.3216808188622906
-38.076355346300936,-76.45604214675286,1.3258033570432346
-37.03309743455491,-76.00033965521841,1.330097898257634
-35.993356754708664,-75.51642493453065,1.3345731821476399
-34.95753630312137,-75.00396212766161,1.3392370670291207
-33.926048804904234,-74.46263474873253,1.3440964440395682
-32.89931755698559,-73.89214520378297,1.3491571524927544
-31.877777180431668,-73.29221432661159,1.3544238964550424
-30.86187427988964,-72.66258092322458,1.3599001627034397
-29.85206800844519,-72.00300131782183,1.3655881403685939
-28.848830536520154,-71.3132488928732,1.371488642705316
-27.85264742368995,-70.5931136156746,1.3776010315663285
-26.864017892488302,-69.84240154381314,1.3839231452805691
-25.88345500339429,-69.06093430220609,1.3904512307553212
-24.91148573026798,-68.248548524803,1.3971798807313078
-23.94865093551403,-67.40509525465839,1.404101977222183
-22.99550524420254,-66.5304392968941,1.4112086422670593
-22.05261681625252,-65.62445852008636,1.4184891972177276
-21.1205670155699,-64.68704310284609,1.4259311318748331
-20.199949974708623,-63.7180947238304,1.4335200848837637
-19.291372053163055,-62.71752569515174,1.4412398369061457
-18.395451186769524,-61.68525804117313,1.4490723182027594
-17.51281612485459,-60.62122252702829,1.4569976324073153
-16.644105550669487,-59.52535764393652,1.4649940984445777
-15.789967079238073,-58.39760856154946,1.4730383127631477
-14.951056124954308,-57.237926061243506,1.4811052343215607
-14.128034629018488,-56.046265468542174,1.489168295098935
-13.321569634014175,-54.82258560781751,1.4971995393080668
-12.532331689501206,-53.56684780819878,1.5051697949789258
-11.760993068327247,-52.279014996345275,1.5130488821581771
-11.00822576832198,-50.959050919574786,1.5208058626345426
-10.274699268009062,-49.606919551951826,1.5284093368354341
-9.561077997823292,-48.22258474651388,1.5358277943169334
-8.868018479931486,-46.80601020903764,1.5430300250272708
-8.196166080022799,-45.35715988279415,1.5499855991681422
-7.546151303293979,-43.87599884974943,1.5566654238564688
-6.918585554315798,-42.36249487169377,1.5630423846795054
-6.314056266651941,-40.81662071475424,1.5690920793182705
-5.733121293314916,-39.23835742236544,1.574793648249642
-5.1763024339558985,-37.62769872441381,1.5801307035435208
-4.644077960052813,-35.984656792806106,1.5850923502099867
-4.136873986775585,-34.30926957431904,1.5896742845403757
-3.6550545318842094,-32.60160994747858,1.5938799394512735
-3.198910101107022,-30.86179695734868,1.5977216270537333
-2.768644650268344,-29.09000937484718,1.60122160289934
-2.3643608026530663,-27.28650179804556,1.6044129446871516
-1.9860432528065262,-25.45162345232133,1.607340102096046
-1.6335403735334755,-23.58583974282698,1.6100589374772696
-1.3065441703225371,-21.689756453985314,1.6126360462154992
-1.0045689052524716,-19.764146264555798,1.6151471314486585
-0.7269289463512936,-17.809976944517697,1.6176742254896652
-0.4727166880370847,-15.828440220614374,1.6203016175240137
-0.24078172286869945,-13.820979853629618,1.6231104808514267
-0.029712798129753696,-11.789316995561881,1.6261724020793125
0.16217558322513978,-9.735470448573357,1.6295422904568788
0.33684982613351533,-7.661769118351718,1.6332514510094711
0.49655502694114556,-5.570853853797824,1.6373018696274109
0.6438019442665833,-3.465666109820496,1.6416628840531615
0.7813417696605095,-1.3494215525547044,1.6462713019047719
0.9121282072714428,0.7744321261962873,1.6510356154674959
1.0392675620154839,2.902272380973655,1.6558442783444995
1.1659588718292209,5.030371433701277,1.660577185822337
1.295427379108322,7.15497417177408,1.6651187606752593
1.430855569399694,9.272378946076278,1.6693706245697655
1.5753164030851963,11.379015391203813,1.6732618840950977
1.731713127353429,13.47151372451439,1.676755576385574
1.9027292244980174,15.546761088017883,1.6798506403091906
2.090790804389156,17.601942140060512,1.682579653804094
2.2980423371961582,19.634562944205832,1.685003268851279
2.5263353028502817,21.642458903020522,1.6872026430499574
2.7772282994922564,23.623788793660495,1.6892711961628102
3.0519965009794117,25.577017759558675,1.691306794111398
3.3516480852235166,27.500892403829486,1.693405106691948
3.6769453040628313,29.394411010226598,1.6956545145472255
4.0284281319849065,31.256791522719222,1.698132633112433
4.406438813855023,33.08743938081125,1.7009043100040522
4.811146047286881,34.885916744426346,1.7040208373406038
5.242567925715972,36.65191412353558,1.7075200824199435
5.7005931011388435,38.38522499363882,1.7114272535613324
6.184999888383889,40.08572364219945,1.7157560594038266
6.695473226611986,41.75334624931743,1.7205100719638224
7.231619546943964,43.3880750451288,1.7256841550461601
7.792979679212332,44.989925289986,1.7312658641848735
8.37903997764664,46.558934774936844,1.7372367598742713
8.989241865371643,48.095155525013745,1.7435736024034725
9.62298999957169,49.598647394821995,1.7502494152462909
10.279659249714074,51.06947326615313,1.7572344162339775
10.9586006652029,52.50769558459891,1.764496823211939
11.659146589658242,53.91337400215195,1.7720035449208922
12.380615058949406,55.2865639228157,1.7797207695505541
13.122313600581888,56.62731577667446,1.78761446362574
13.883542533874666,57.935674873819664,1.7956507932060468
14.663597853990089,59.21168171262625,1.8037964782299376
15.461773768448394,60.455372637073474,1.8120190894904304
16.277364942261165,61.66678075525259,1.8202872963673116
17.109668497143957,62.84593704613902,1.8285710721631219
17.957985801257315,63.99287159441723,1.8368418627511929
18.821624078396095,65.10761490392207,1.8450727232646216
19.699897859314717,66.1901992493818,1.8532384267391322
20.59213029276465,67.24066003386605,1.8613155479581422
21.497654329667494,68.25903712588182,1.869282525220342
22.415813790506476,69.24537615561343,1.8771197023394848
23.345964323361663,70.19972975453189,1.8848093528727325
24.28747425792691,71.12215872664113,1.8923356883401823
25.239725359231382,72.01273314309675,1.8996848520265779
26.202113483561327,72.87153335491877,1.906844899831217
27.174049138165966,73.69865092109931,1.9138057695419484
28.15495794567371,74.49418945164011,1.9205592398411788
29.144281013688566,75.2582653669914,1.9270988802982814
30.1414752097378,75.99100857704363,1.933419993555301
31.14601334156368,76.6925630842767,1.9395195508664074
32.15738424266367,77.36308751692295,1.9453961221002878
33.17509276296027,78.00275559906966,1.95104980125695
34.19865966450429,78.6117565655286,1.9564821284820049
35.227621422168404,79.19029553004452,1.9616960094822709
36.26152992936185,79.73859381601012,1.9666956331548313
37.299952108885186,80.25688925930403,1.9714863881370732
38.342469429144835,80.74543649317349,1.9760747788689201
39.38867732606212,81.20450722524015,1.9804683416293365
40.43818453114709,81.63439051671223,1.9846755608704214
41.49061230637332,82.0353930737272,1.9887057860230897
42.54559358670002,82.4078395604152,1.9925691487928958
43.60277203136006,82.75207294274458,1.9962764808031466
44.66180098538906,83.06845487146808,1.999839231280097
45.722342353336956,83.35736611150159,2.003269384314894
46.784065387709056,83.61920702381022,2.00657937508449
47.84664539546064,83.85439810431089,2.0097820042753423
48.90976236685314,84.06338058239216,2.0128903498377984
49.97309953220645,84.24661707935978,2.015917675114782
51.03634185358652,84.4045923244056,2.0188773323479907
52.09917446028302,84.53781392253175,2.0217826605809908
53.16128103908546,84.64681316521907,2.02464687706677
54.222342192873754,84.73214587049671,2.0274829614628
55.28203378390362,84.79439323445948,2.0303035323754184
56.340025281369066,84.8341626712302,2.0331207162110605
57.39597813631728,84.85208861295473,2.0359460088150225
58.449544210695635,84.84883323577182,2.038790131032602
59.500364291103665,84.82508707200434,2.041662880106564
60.54806672153639,84.78156946331902,2.044572979709537
61.59226619281912,84.71902880462109,2.04752793236457
62.63256272927638,84.63824252437487,2.0505338789752052
63.66854091513011,84.54001674432737,2.0535954710928284
64.69976940383273,84.4251855607558,2.05671576229752
65.7258007526385,84.29460989087944,2.0598961255488746
66.74617162184639,84.14917583246248,2.0631362034591447
67.76040337300458,83.9897924923045,2.0664338980430106
68.76800309273688,83.81738925054367,2.0697854055215945
69.76846505866737,83.63291244255393,2.0731853001603646
70.76127265129684,83.43732145850352,2.0766266689205413
71.74590070096114,83.23158428183761,2.080101295994818
72.72181824275775,83.01667251119731,2.083599893254057
73.6884916353683,82.79355593440363,2.0871123694981204
74.6453879830393,82.56319674666543,2.0906281284779347
75.59197878473095,82.32654352649305,2.0941363832529314
76.52774372175745,82.08452510027128,2.0976264728562484
77.45217448617467,81.83804443856802,2.1010881666790544
78.36477854756477,81.58797273284786,2.104511942563253
79.2650827562427,81.33514379960802,2.1078892262870683
80.15263668639375,81.08034894991958,2.1112125827819828
81.02701563294696,80.82433244640667,2.1144758527610046
81.88782319040159,80.56778764787506,2.1176742321198443
82.73469335932566,80.31135391561918,2.12080429512325
83.56729214560238,80.05561432670727,2.1238639656654934
84.38531863738602,79.80109421019225,2.1268524435264515
85.18850556387706,79.54826049406334,2.129770094363585
85.97661935733653,79.29752182542927,2.1326183131264
86.74945975438825,79.04922940512124,2.1353993706977907
87.5068589840614,78.80367846139873,2.138116252978733
88.24868059797271,78.56111027605387,2.1407725005134437
88.97481800258336,78.32171466986148,2.143372055294419
89.68519275486712,78.08563285259135,2.1459191197767935
90.37975268143303,77.85296054503678,2.1484180315285677
91.05846987769448,77.62375128592741,2.150873155468866
91.72133863863247,77.39801984434607,2.15328879438058
92.36837336661794,77.17574566755043,2.155669117368087
92.99960649512853,76.95687630417999,2.1580181051741247
93.61508646043754,76.74133075309199,2.160339510757792
94.21487574679554,76.52900269803355,2.1626368332375057
94.799049024509,76.31976359766247,2.164913303180411
95.3676913948034,76.1134656088411,2.1671718772324953
95.92089675053123,75.90994432851419,2.1694152401932305
96.4587662576789,75.7090213457893,2.171645812811201
96.98140695923136,75.51050660108507,2.1738657637848857
97.48893050022684,75.31420055345365,2.1760770246738965
97.98145197071723,75.11989616051113,2.1782813066450046
98.45908886176863,74.92738067792477,2.1804801181829943
98.92196012851747,74.73643728722237,2.182674783082503
99.3701853535656,74.54684656191621,2.184866458200138
99.80388400358176,74.35838778267455,2.18705615058518
100.22317477181379,74.17084011262415,2.1892447337228287
100.62817499925089,73.98398364390997,2.191432962717993
101.01900016735661,73.79760032644666,2.193621488322141
101.39576345558457,73.61147478943117,2.195810869763527
101.75857535725304,73.4253950656979,2.1980015863845326
102.10754334776644,73.2391532284285,2.200194048121438
102.44277159960956,73.05254594911081,2.202388604883951
102.764360738987,72.8653749850011,2.204585554906128
103.07240763942363,72.67744760370033,2.2067851521485826
103.3670052480728,72.48857695182369,2.208987612835708
103.64824244089043,72.29858237413329,2.211193121211897
103.91620390322157,72.10728968892413,2.2134018345986886
104.17097003270835,71.91453142490768,2.2156138878309
104.41261686176306,71.72014702432894,2.2178293971449174
104.64121599715743,71.52398301658152,2.220048463586643
104.85683457455976,71.32589316615224,2.222271176000734
105.05953522610477,71.12573859833057,2.224497613656714
105.24937605931093,70.92338790575708,2.2267278485616937
105.42641064586444,70.71871723855763,2.2289619475037603
105.59068801897381,70.51161038051404,2.23119997386471
105.7422526781614,70.30195881345449,2.233441989235817
105.88114460050404,70.08966177180692,2.2356880548657703
106.00739925746237,69.8746262890428,2.237938232965571
106.12104763655164,69.65676723754494,2.240192587891356
106.22211626720535,69.43600736326009,2.2424511872226502
106.31062725026935,69.21227731634171,2.2447141027502613
106.38659829063936,68.98551567884999,2.2469814113852333
106.45004273261952,68.75566899045215,2.249253195997661
106.50096959763545,68.52269177295553,2.2515295461917324
106.53938362398321,68.28654655440681,2.2538105590213835
106.56528530833585,68.04720389340228,2.256096339648841
106.57867094876305,67.80464240417477,2.2583870019467005
106.5795326890478,67.5588487829514,2.2606826690424837
106.56785856410669,67.30981783601297,2.262983473803186
106.54363254633861,67.05755250982725,2.2652895592559394
106.50683459274111,66.80206392357705,2.267601078939612
106.45744069264336,66.54337140435628,2.269918197181055
106.39542291591209,66.28150252526365,2.2722410892884906
106.32074946149072,66.01649314658502,2.2745699416536307
106.23338470613281,65.74838746021764,2.2769049517529782
106.13328925319007,65.4772380374564,2.279246328037984
106.02041998131156,65.20310588023013,2.2815942897028094
105.8947300929052,64.92606047584553,2.2839490663175965
105.75616916220571,64.64617985526827,2.286310897314512
105.60468318278423,64.36355065494224,2.2886800313130564
105.44021461432483,64.07826818212179,2.2910567252706135
105.26270242848179,63.79043648366432,2.293441243443648
105.07208215361895,63.500168418205,2.2958338561445557
104.86828591822004,63.20758573160749,2.2982348382789057
104.65124249274432,62.91281913555843,2.3006444676476847
104.42087732968834,62.61600838914437,2.3030630229990305
104.1771126016004,62.317302383220856,2.3054907818143153
103.91986723678002,62.01685922735253,2.3079280178137167
103.64905695238144,61.71484633906965,2.310374998167161
103.364594284627,61.41144053515168,2.3128319803975046
103.06638861582553,61.10682812460952,2.315299208964157
102.75434619788004,60.801205002996355,2.317776911517071
102.42837017196261,60.49477674763039,2.3202652948133853
102.08836058402872,60.18775871326154,2.322764540291687
101.73421439584325,59.88037612765627,2.3252747993024987
101.3658254911933,59.57286418651015,2.3277961879977185
100.9830846769725,59.26546814702405,2.330328781887012
100.58587967883706,58.95844341939663,2.3328726100753387
100.17409513115835,58.65205565539035,2.335427649203201
99.74761256102977,58.34658083301854,2.337993817120162
99.3063103661318,58.04230533627503,2.3405709663325998
98.85006378631779,57.739526028682256,2.3431588772791714
98.37874486885892,57.43855031926485,2.3457572515021345
97.89222242738172,57.13969621935973,2.3483657047999396
97.39036199464921,56.8432923884461,2.350983760466772
96.87302576948167,56.549678166912955,2.353610842748512
96.34007255828973,56.25920359337228,2.3562462706722744
95.7913577119053,55.97222940376504,2.358889252439106
95.22673305865378,55.689127009084906,2.3615388806070206
94.64604683491831,55.41027844805209,2.3641941283351406
94.04914361481428,55.13607631049446,2.366853847010278
93.43586424102867,54.86692362652118,2.369516765635166
92.80604575939519,54.60323371579063,2.372181492424275
92.15952136038673,54.34542999026102,2.3748465191288917
91.49612033142323,54.09394570274865,2.3775102286990135
90.81566802473532,53.849223632383286,2.3801709069860033
90.11798584650838,53.61171569661635,2.382826759296921
89.40289127417775,53.38188247777892,2.385475932728826
88.67019791007874,53.16019265027247,2.388116545337474
87.91971558119465,52.94712229227427,2.390746723327572
87.15125049652057,52.743154063319615,2.3933646475865666
86.3646054755929,52.54877622625134,2.3959686110140757
85.55958026404807,52.36448148877674,2.398557088214564
84.73597195469173,52.19076563621698,2.4011288192069014
83.89357553549141,52.02812592296493,2.4036829088409277
83.03218458915948,51.87705918568544,2.4062189435699572
82.1515921725545,51.73805963642859,2.4087371270726727
81.25159190796094,51.611616288646054,2.411238435899431
80.33197932234283,51.49820996372039,2.4137247957760906
79.39255347478695,51.39830982022289,2.416199278357615
78.43311891637924,51.31236934298747,2.418666316994898
77.45348803043241,51.2408217246243,2.421131938360279
76.45348380393918,51.18407456885145,2.4236040044630425
75.4329430828707,51.142503843734495,2.426092456573871
74.39172036382496,51.11644701455677,2.428609548790204
73.32969217173078,51.10619529181252,2.4311700543894226
72.24676206681829,51.11198494120622,2.4337914228105504
71.14286631267532,51.13398762129803,2.436493859306694
70.01798021957677,51.17229974250736,2.4393002934758936
68.87212515197996,51.22693088060569,2.4422361977612947
67.7053761547813,51.29779133050346,2.4453292137315366
66.51787010858305,51.38467895350494,2.4486085440180787
65.30981426940231,51.48726555378464,2.4521040730468293
64.0814949835836,51.605083116601094,2.4558451921652633
62.8332862962985,51.73751034843998,2.459859326241709
61.56565809609978,51.88376007163381,2.464170190342541
60.279183365129605,52.042868133292544,2.468795846202667
58.97454404387949,52.213684577169424,2.473746676102742
57.652534982154975,52.39486788080874,2.4790234407207627
56.31406544654426,52.58488306077207,2.484615628796085
54.960157700986606,52.782004378716756,2.4905003291330488
53.59194227954568,52.98432322807743,2.4966418485567488
52.21064973170516,53.18976154139989,2.5029922548283814
50.81759883426121,53.39609074090452,2.5094929395266554
49.41418151398501,53.600955883163714,2.5160771798161363
48.001844986034676,53.801904260188635,2.5226735466628867
46.58207185263287,53.99641736040249,2.5292098841489548
45.15635909180181,54.18194481225529,2.535617495250545
43.72619696944081,54.355938771194886,2.5418351335030174
42.29304891366784,54.51588719150137,2.5478124257553674
40.85833329720149,54.659344550370804,2.553512433105965
39.42340789611738,54.783958842439326,2.558913177216475
37.98955755818627,54.88749400070126,2.5640080927227764
36.55798535411305,54.96784727702345,2.568805488636688
35.129807232965035,55.02306148475367,2.573327193749197
33.70604998556495,55.05133232807203,2.5776066137537157
32.287652153881346,55.05101129190313,2.581686441222189
30.875467417437328,55.02060473133444,2.585616240936954
29.470269937433958,54.95876988258016,2.5894500933243094
28.07276113720826,54.86430853000628,2.5932444291672283
26.683577431971255,54.73615902216775,2.5970561388053284
25.303298478899528,54.573387252113875,2.600940995086628
23.93245558914384,54.37517711985741,2.6049523947860003
22.571540016971824,54.14082089127521,2.609140398925671
21.221010911487287,53.869709767566235,2.6135510376109607
19.881302779045317,53.561324888981204,2.6182258379157055
18.552832357541053,53.21522891915812,2.623201532005446
17.23600484664783,52.83105829312992,2.6285099051672276
15.93121947129713,52.40851616248622,2.634177748128323
14.638874380300637,51.947366033940355,2.6402268837837575
13.359370899359483,51.44742607090573,2.64667424437226
12.09311716918155,50.908564009738825,2.653531980713293
10.840531206342229,50.33069263126041,2.660807590050318
9.60204342802356,49.71376572242649,2.6685040532140576
8.378098682808048,49.057774461233386,2.6766199752091886
7.169157829053504,48.36274415901143,2.6851497259906623
5.975698900626233,47.62873129732422,2.6940835802157856
4.7982178973627105,46.855820801090836,2.703407856232978
3.6372292348794426,46.04412349479741,2.713105055596724
2.493265885469986,45.19377369441829,2.723154005069876
1.366879238949677,44.304926893684865,2.733530003472172
0.258638709502432,43.37775750947164,2.744204975926415
-0.8308688881279722,42.41245665722412,2.7551476381041056
-1.901040172392192,41.409229933494785,2.766323673031348
-2.951256220521428,40.36829518878104,2.7776959229306257
-3.98088377045692,39.289880280003786,2.789224598485898
-4.989276586372491,38.174220798183796,2.8008675078637317
-5.975776977990138,37.02155777324544,2.8125803078386795
-6.939717467165004,35.832135364506726,2.824316779488406
-7.880422598946703,34.60619855242808,2.8360291311763604
-8.797210898651576,33.34399085474335,2.8476683319549814
-9.689396981563565,32.04575209836656,2.8591844791284977
-10.55629382789471,30.711716287673013,2.870527204528564
-11.397215242771448,29.3421096201409,2.8816461250917484
-12.211478529477333,27.9371487121959,2.8924913445746725
-12.998407414196791,26.497039111745167,2.9030140146707595
-13.757335272293767,25.021974189664807,2.9131669653283474
-14.487608719941242,23.512134520774808,2.9229054155806473
-15.188591650879735,21.967687885940066,2.9321877774686804
-15.859669816342937,20.388790051154665,2.940976566327201
-16.50025606673872,18.77558650694055,2.9492394303092873
-17.10979639629205,17.128215382010378,2.9569503098240233
-17.687776955981068,15.446811778375325,2.964090732557324
-18.233732224649646,13.73151380972939,2.9706512406187215
-18.74725455131993,11.982470658828467,2.976632931449778
-19.228005300544478,10.199852999096686,2.9820490714995778
-19.675727842756586,8.383866145259821,2.9869267092916267
-20.090262626726357,6.534766299261444,2.991308170684892
-20.471564542808494,4.652880229677549,2.995252263311894
-20.819722722449463,2.7386286502338604,2.9988349512009123
-21.134982807615696,0.7925534270643522,3.0021491905220046
-21.417771547822408,-1.1846514765427245,3.0053035557618735
-21.668723326861105,-3.192105736823123,3.0084192535514944
-21.88870787462597,-5.228705958146856,3.011625149417931
-22.078857980034332,-7.293087964039591,3.0150505585212315
-22.24059550562431,-9.38359022980299,3.01881581136335
-22.37565345775262,-11.498221336250229,3.0230210184599215
-22.4860913697314,-13.63463500951995,3.0277340020063015
-22.574300929017113,-15.790116782769319,3.032978950297789
-22.642998772650355,-17.961586372012093,3.038727818842748
-22.69520383617009,-20.145619299207322,3.044896634409792
-22.73419766977143,-22.338489983650597,3.051348455102037
-22.763467722978316,-24.536236464409427,3.0579037247703056
-22.786635581621926,-26.734744326760453,3.0643572780370967
-22.807374193719554,-28.929844715172244,3.0704996855974684
-22.829319817259318,-31.117419092280475,3.076139488862477
-22.85598535324444,-33.29350219242274,3.0811225830999796
-22.890681638201166,-35.454374754303934,3.0853456988894514
-22.936452162211793,-37.596639094218915,3.088762363093913
-22.99602481215597,-39.717273045666914,3.091381395675608
-23.07178204524267,-41.81366066699421,3.0932593955623453
-23.16574882946611,-43.88360080258223,3.094489453340703
-23.279596091234602,-45.92529662203307,3.0951884408574273
-23.414656452965815,-47.93733044510738,3.09548482921193
-23.57194871601435,-49.91862851173563,3.095508334051061
-23.752207716854226,-51.86842005883279,3.095382015470058
-23.955916676188163,-53.786194364653035,3.0952169187538985
-24.18333979794686,-55.67165854878936,3.0951089884969996
-24.434553524513962,-57.524698046504845,3.095137812061502
-24.709475432295424,-59.34534091659677,3.0953667051785274
-25.007890218326416,-61.13372654007286,3.0958436921268486
-25.329472576040715,-62.89007882854043,3.096603012642234
-25.67380699753506,-64.61468376826834,3.0976668779101217
-26.04040469020738,-66.30787094988591,3.099047281488936
-26.428717878967095,-67.96999864464517,3.100747739959761
-26.838151800843693,-69.6014419594072,3.1027648906186513
-27.268074702776186,-71.20258361255587,3.105089910957769
-27.717826137849443,-72.77380690584424,3.1077097497149317
-28.186723829009185,-74.31549051145876,3.110608174865277
-28.674069338287943,-75.82800474186104,3.1137666527474863
-29.179152747636664,-77.31170901758375,3.1171650767251045
-29.701256526878012,-78.76695029246963,3.1207823650201014
-30.23965873632347,-80.1940622355431,3.1245969467987393
-30.793635686782558,-81.5933650033518,3.1285871540480485
-31.362464158162496,-82.96516546628348,3.132731534785254
-31.945423259480265,-84.30975777741367,3.137009101026095
-32.54179599762145,-85.62742419336982,3.141399522894986
-33.15087060925826,-86.91843607404668,3.145883278395857
-33.771941699645524,-88.18305500230458,3.1504417667227287
-34.40431122322646,-89.42153397651242,3.155057391583888
-35.04728933380436,-90.63411863839222,3.159713619833008
-35.7001951262113,-91.82104850645469,3.1643950197238606
-36.362357286702995,-92.98255819170126,3.1690872823069185
-37.03311466553739,-94.1188785774731,3.1737772288402777
-37.71181678218865,-95.23023794956832,3.1784528065688455
-38.397824271270665,-96.31686306620813,3.183103074812621
-39.090509275380654,-97.37898016025383,3.1877181829767594
-39.789255789627596,-98.41681586838094,3.1922893418371565
-40.493459961504286,-99.4305980837995,3.1968087892501025
-41.20253034892907,-100.42055673064786,3.2012697512726866
-41.91588813867086,-101.38692445944368,3.2056663995515073
-42.632967326933304,-102.32993726400043,3.209993805733843
-43.35321486357556,-103.24983502105077,3.2142478935710006
-44.07609076125596,-104.14686195449089,3.2184253893138717
-44.801068170678086,-105.0212670267006,3.2225237709413648
-45.52763342307441,-105.87330425982064,3.22654121671083
-46.25528604106506,-106.70323299020156,3.230476553473805
-46.983538719064,-107.5113180594889,3.2343292051581667
-47.711917274462266,-108.29782994599141,3.2380991417788323
-48.43996057088726,-109.06304484009928,3.2417868293018692
-49.167220414913196,-109.80724466759007,3.2453931806514227
-49.893261427673856,-110.53071706468334,3.2489195081145787
-50.61766089290138,-111.23375530869191,3.2523674773661124
-51.34000858297992,-111.91665820806924,3.255739063303185
-52.059906564659435,-112.57972995557667,3.259036507849151
-52.77696898611958,-113.22327994819315,3.26226227985628
-53.49082184710723,-113.84762257726887,3.265419037208937
-54.2011027538919,-114.45307699228576,3.2685095912023687
-54.907460660791514,-115.0399668414358,3.271536873247343
-55.60955560001743,-115.60861999206442,3.274503903927666
-56.3070584015717,-116.15936823385549,3.2774137644164796
-56.99965040490291,-116.69254696745736,3.2802695702378646
-57.687023163990006,-117.20849488106869,3.2830744473427647
-58.36887814747699,-117.7075536173217,3.2858315104529447
-59.044926435426554,-118.1900674326187,3.288543843612956
-59.71488841419878,-118.65638285089972,3.2912144828786296
-60.37849347089207,-119.10684831364262,3.2938464010605752
-61.03547968870962,-119.5418138277282,3.2964424944331077
-61.685593544536275,-119.96163061263765,3.2990055713125352
-62.32858960992844,-120.36665074829318,3.3015383424037035
-62.964230256635076,-120.7572268247033,3.304043412810155
-63.59228536768116,-121.13371159443359,3.306523275600922
-64.21253205495714,-121.49645762879177,3.3089803068258146
-64.82475438416986,-121.8458169784934,3.3114167618709773
-65.42874310792224,-122.18214083946162,3.3138347730472617
-66.02429540760146,-122.50577922431074,3.3162363483055053
-66.61121464466972,-122.81708063996889,3.3186233709750983
-67.18931012186671,-123.1163917718115,3.320997600425109
-67.75839685475052,-123.40405717460025,3.323360673550349
-68.31829535392389,-123.68041897045714,3.3257141069887757
-68.86883141821508,-123.94581655404336,3.328059299980289
-69.40983593900826,-124.20058630506395,3.3303975377815167
-69.94114471584706,-124.44506130817543,3.332729995555388
-70.46259828336693,-124.67957108033818,3.3350577426589894
-70.97404174954792,-124.90444130562616,3.3373817472576652
-71.47532464521832,-125.11999357748266,3.339702881198117
-71.96630078468294,-125.32654514839236,3.342021925077704
-72.44682813729719,-125.52440868692656,3.3443395734519177
-72.91676870975849,-125.71389204210799,3.346656440126527
-73.37598843884206,-125.89529801503518,3.3489730634851544
-73.82435709426726,-126.06892413770302,3.351289911807766
-74.26174819134377,-126.23506245895356,3.353607388539558
-74.68803891301465,-126.393999337492,3.355925837473982
-75.10311004088437,-126.5460152419032,3.358245547817687
-75.50684589479646,-126.69138455760613,3.3605667591090347
-75.8991342805041,-126.8303754006857,3.362889665965605
-76.2798664449617,-126.96324943854341,3.3652144226397067
-76.64893703875244,-127.09026171730932,3.3675411473643324
-77.00624408515863,-127.21166049595926,3.3698699264753103
-77.35168895537647,-127.32768708708113,3.3722008182984577
-77.68517634937567,-127.43857570423269,3.374533856793508
-78.00661428190597,-127.54455331583198,3.3768690549492875
-78.31591407315788,-127.64583950551767,3.3792064079271382
-78.61299034359232,-127.74264633891322,3.3815458959519584
-78.8977610124649,-127.83517823672284,3.3838874869523385
-79.17014729958298,-127.92363185408233,3.386231138953187
-79.43007372984883,-128.00819596608002,3.3885768022259537
-79.6774681401588,-128.0890513593572,3.3909244212030907
-79.9122616882469,-128.1663707296891,3.3932739361646354
-80.13438886308069,-128.24031858544086,3.3956252847058934
-80.34378749643778,-128.3110511567851,3.3979784029961424
-80.54039877531254,-128.37871631056208,3.400333226838904
-80.7241672548242,-128.44345347065627,3.402689692544882
-80.89504087131932,-128.50539354375974,3.4050477376290607
-81.05297095538344,-128.56465885038787,3.4074073013435795
-81.19791224449759,-128.62136306101135,3.409768325058132
-81.32982289509724,-128.67561113716755,3.412130752499588
-81.44866449381097,-128.7274992774155,3.4144945298623783
-81.55440206767595,-128.77711486800132,3.416859605800975
-81.64700409314626,-128.8245364381058,3.419225931315563
-81.72644250372811,-128.86983361955228,3.4215934595415964
-81.79269269609297,-128.9130671108616,3.423962145453824
-81.84573353453634,-128.95428864555035,3.4263319454948116
-81.88554735366449,-128.99354096458111,3.428702817137898
-81.91211995920757,-129.03085779288566,3.4310747183942105
-81.92544062687021,-129.066263819897,3.4334476072731763
-81.92550209914576,-129.09977468404117,3.435821441205881
-81.91230058003248,-129.13139696115576,3.438196176440543
-81.88583572760436,-129.16112815681845,3.4405717674194873
-81.84611064440138,-129.18895670258556,3.4429481661470476
-81.79313186561839,-129.21486195615685,3.4453253215581277
-81.72690934508509,-129.23881420549912,3.447703178897352
-81.64745643904429,-129.26077467697525,3.450081679119251
-81.55478988775073,-129.2806955475408,3.4524607583202243
-81.44892979492876,-129.29851996108204,3.4548403472136
-81.32989960514449,-129.31418204898046,3.457220370659676
-81.19772607916627,-129.32760695499903,3.459600747263105
-81.05243926740648,-129.3387108645924,3.461981389050644
-80.89407248155909,-129.347401038749,3.4643622012427673
-80.72266226456902,-129.3535758524766,3.4667430821332554
-80.5382483590926,-129.35712483804403,3.469123923091182
-80.3408736746336,-129.35792873309228,3.4715046087003474
-80.1305842535643,-129.35585953372407,3.4738850170512157
-79.90742923626823,-129.35078055267826,3.4762650202008136
-79.67146082566865,-129.3425464826888,3.4786444848159848
-79.42273425143475,-129.33100346512114,3.4810232730152784
-79.16130773418658,-129.31598916397095,3.483401243424539
-78.88724245004808,-129.2973328453002,3.4857782524606984
-78.60060249592662,-129.2748554621774,3.488154155857819
-78.3014548559252,-129.24836974517856,3.4905288104483776
-77.98986936932178,-129.21768029849608,3.4929020762119976
-77.66591870057616,-129.18258370169482,3.4952738186024193
-77.32967831185054,-129.14286861714658,3.4976439111622555
-76.9812264385537,-129.09831590316756,3.5000122384333907
-76.62064406843999,-129.04869873287961,3.502378699169093
-76.24801492481497,-128.99378271881218,3.5047432098520357
-75.863425454416,-128.93332604326218,3.5071057085202155
-75.466964820551,-128.8670795944297,3.509466158900517
-75.05872490209028,-128.79478710835244,3.5118245548471965
-74.63880029891496,-128.71618531666758,3.514180925080002
-74.20728834443074,-128.63100410023927,3.5165353382138784
-73.76428912575756,-128.53896664870155,3.518887908069396
-73.30990551220432,-128.4397896259805,3.5212387992499425
-72.84424319263215,-128.33318334187493,3.5235882329687445
-72.36741072230079,-128.2188519297941,3.5259364931053288
-71.87951957977984,-128.0964935307695,3.528283932467785
-71.3806842344896,-127.96580048387884,3.5306309792336097
-70.8710222254158,-127.82645952324303,3.5329781435381227
-70.35065425151782,-127.67815198177686,3.5353260241757622
-69.81970427432175,-127.5205540018979,3.5376753153754352
-69.2782996331568,-127.35333675341717,3.5400268136069526
-68.72657117345766,-127.17616665885527,3.5423814243711744
-68.16465338851478,-126.98870562644447,3.5447401689219786
-67.59268457501064,-126.79061129109134,3.5471041908633696
-67.0108070026315,-126.58153726358489,3.5494747625601146
-66.41916709799231,-126.36113338834146,3.5518532912950675
-65.8179156430562,-126.12904600997825,3.554241325101107
-65.20720798816971,-125.88491824900267,3.5566405581900176
-64.58720427977119,-125.62839028689241,3.5590528358949998
-63.95806970276102,-125.35909966082261,3.5614801590377283
-63.319974737450984,-125.07668156826804,3.563924687624974
-62.67309543093276,-124.78076918167261,3.566388743773942
-62.01761368262656,-124.47099397333207,3.568874813759627
-61.353717543685626,-124.14698605057883,3.571385549071749
-60.681601529844926,-123.80837450129106,3.573923766363266
-60.001466947210254,-123.45478774966847,3.576492446167296
-59.313522230388344,-123.08585392212673,3.5790947302544165
-58.61798329226006,-122.70120122305829,3.5817339174981955
-57.915073884596254,-122.30045832009108,3.584413458113124
-57.20502596861144,-121.88325473834722,3.587136946126538
-56.48808009444305,-121.44922126306062,3.5899081099445143
-55.76448578843537,-120.99799034975628,3.5927308008712178
-55.03450194699683,-120.52919654102455,3.5956089794422246
-54.29839723568913,-120.04247688874136,3.598546699434805
-53.55645049209661,-119.53747138039,3.601548089422617
-52.80895113091558,-119.01382336793313,3.6046173317484946
-52.05619954959759,-118.47117999746435,3.6077586387974065
-51.29850753277845,-117.90919263764079,3.610976226462685
-50.53619865362796,-117.32751730465802,3.6142742847116107
-49.769608670165454,-116.72581508128343,3.6176569451725804
-48.9990859145044,-116.10375252720969,3.6211282456845773
-48.22499167291834,-115.46100207773219,3.6246920917711147
-47.447700554560626,-114.79724242749303,3.628352215025126
-46.6676008466254,-114.11215889577153,3.6321121284182496
-45.88509485370793,-113.4054437695405,3.6359750785778804
-45.100599219110904,-112.67679662025027,3.6399439951077195
-44.3145452258519,-111.9259245900521,3.644021437062456
-43.527379075158166,-111.15254264293083,3.648209536724295
-42.73956214028867,-110.35637377598844,3.6525099408680823
-41.951571193603435,-109.53714918590586,3.6569237497421323
-41.16389860490664,-108.6946083854162,3.6614514540336955
-40.377052509224086,-107.82849926444938,3.666092870130175
-39.591556942338784,-106.93857809046064,3.6708470740299255
-38.80795194259982,-106.02460944233755,3.6757123342986837
-38.026793617739116,-105.08636607219333,3.6806860445096703
-37.2486541756775,-104.12362868930568,3.6857646556460857
-36.47412191857218,-103.13618566045048,3.690943608984803
-35.703801199650194,-102.12383262091559,3.696217270018824
-34.938312342681236,-101.08637199056412,3.7015788640144933
-34.17829152426228,-100.02361238945606,3.707020413838066
-33.42439061940781,-98.93536794773719,3.71253268072649
-32.677277011252635,-97.82145750477154,3.718105108721229
-31.93763336596631,-96.6817036928399,3.7237257735348184
-31.206157374232728,-95.5159319011606,3.7293813366816018
-30.483561460846232,-94.32396911652678,3.7350570057824903
-29.770572464090932,-93.1056426375155,3.7407365020564995
-29.06793128657366,-91.8607786600321,3.7464020361481793
-28.376392519035257,-90.58920073294276,3.752034293623513
-27.696724038324533,-89.29072808375898,3.757612431712431
-27.029706580127826,-87.96517381582761,3.7631140892046666
-26.37613328613552,-86.61234298031917,3.7685154118420847
-25.73680922400933,-85.23203052858877,3.7737910961262493
-25.112550876685305,-83.82401915333035,3.7789144552133465
-24.5041855950748,-82.38807703050844,3.783857511547044
-23.91255100494718,-80.92395547853398,3.7885911221386266
-23.338494354489523,-79.4313865568063,3.7930851440116307
-22.782871783489192,-77.9100806328958,3.7973086493609536
-22.2465474879612,-76.35972395670392,3.801230202522639
-21.73039274495761,-74.77997629142676,3.8048182140029674
-21.235284750774444,-73.17046866571535,3.8080413906658848
-20.76210521123095,-71.53080132987427,3.8108693058037026
-20.31173860443223,-69.86054202226221,3.8132731182498993
-19.885070013600217,-68.15922468144697,3.815226475888803
-19.482982399189517,-66.42634877654778,3.816706645670429
-19.10635314448424,-64.66137947420789,3.8176959190905713
-18.756049666003776,-62.86374891759714,3.8181833481598204
-18.432923828140833,-61.03285896263131,3.8181668706174214
-18.137804839518065,-59.1680858009315,3.817655882008424
-17.871490236098303,-57.26878699908133,3.8166743022669145
-17.63473447368776,-55.33431159934129,3.815264159704114
-17.428234562601663,-53.364014055619855,3.8134896673544887
-17.252612085575134,-51.35727291351588,3.811441684203448
-17.10839085719698,-49.31351527132193,3.809242323059653
-16.995969427471767,-47.232248156586465,3.8070492730478236
-16.915587632508355,-45.11309798227796,3.8050591367803825
-16.86728649475344,-42.95585915063747,3.8035087416310773
-16.85086103318199,-40.76055257123927,3.8026730003239066
-16.865806036157508,-38.527494249323304,3.8028575470092036
-16.911255661200325,-36.25737306359696,3.804384213967886
-16.98591893178439,-33.95133528266405,3.8075676818565647
-17.088014830045626,-31.61107121944332,3.812682637914193
-17.21521266013983,-29.23889678524703,3.819922780788236
-17.364585428152612,-26.837819908076114,3.8293560449367874
-17.532585663936057,-24.411579470630738,3.8408839857025754
-17.7150536812805,-21.964643564489666,3.854216142251424
-17.90726692662529,-19.502155540346354,3.8688705755459587
-18.10403521252928,-17.02982136371939,3.8842080409834914
-18.299840323571516,-14.553740098787344,3.899499205550704
-18.489010751387163,-12.080189556632538,3.914014149588553
-18.665915122955912,-9.615388623779994,3.9271152819868185
-18.825153509932914,-7.165263479317966,3.9383327987432395
-18.961725850862074,-4.735244685406227,3.9474072408716765
-19.071161288315622,-2.3301159002557617,3.954294085767632
-19.14959982183658,0.04607522680124995,3.959135903931479
-19.193825919439494,2.3900443365124056,3.9622143305731186
-19.201260417239787,4.699244891242471,3.9638954881300847
-19.16992094942045,6.971803964363287,3.9645797242648655
-19.098362213122655,9.20643441270511,3.964661959879834
-18.985606299354526,11.402336872735676,3.9645046361430047
-18.831071095749188,13.559101881725617,3.9644222803091367
-18.634502245362427,15.676618977990595,3.9646752310530715
-18.39591187961416,17.754996601385127,3.9654697214805097
-18.115525584515773,19.794494308981314,3.9669618326777076
-17.793737846213173,21.795467269853013,3.969263409881755
-17.431075478904805,23.758322087888143,3.972448632316425
-17.0281681492387,25.68348255564337,3.976560429548279
-16.585724962814442,27.57136380745034,3.9816163081515548
-16.104516078219145,29.422353390759838,3.987613401878562
-15.585358395329784,31.2367979219541,3.9945327121246237
-15.029104483085352,33.01499417872128,4.002342590859495
-14.436634040407771,34.75718367116669,4.011001558684601
-13.808847307236551,36.46354990976308,4.02046056366575
-13.14665995330347,38.134217741828635,4.030664784054505
-12.450999067580426,39.769254257290996,4.041555067668828
-11.722799951204038,41.36867087012375,4.053069087249522
-10.963003482372795,42.93242626664115,4.065142277215028
-10.172553875041427,44.46042997894454,4.07770860429487
-9.352396696131814,45.952546394352915,4.0907012131504
-8.503477040254557,47.40859905245224,4.104052978469575
-7.626737788189196,48.82837511290736,4.117696987097766
-6.723117896957114,50.21162990143416,4.131566967373061
-5.793550686355147,51.55809145998594,4.145597677773193
-4.838962100203698,52.86746504159917,4.159725263044386
-3.8602689310245912,54.13943750151954,4.173887582984769
-2.858377004976477,55.373681545015174,4.188024516831067
-1.8341793300959643,56.56985979931747,4.202078244606717
-0.7885542155831116,57.72762868290298,4.2159935057157085
0.27763662668016376,58.84664205021573,4.229717834410341
1.363549984747589,59.92655459420957,4.2432017714426955
2.468363038104882,60.96702499297513,4.2563990511591925
3.591275221819754,61.96771879035846,4.269266763460184
4.731510046674746,62.928311003992235,4.281765490372969
5.888316858570551,63.84848845762264,4.293859417437201
7.060972520743889,64.72795183808648,4.305516420642512
8.248783002800517,65.56641748081172,4.316708130260324
9.451084861128109,66.36361889131645,4.327409973552136
10.66724659583648,67.11930801389128,4.337601198994541
11.896669869886034,67.83325626249989,4.347264885321284
13.13879057642182,68.50525533295281,4.356387939331288
14.393079740440857,69.13511781964303,4.364961087036772
15.659044240693362,69.72267766462838,4.372978863318185
16.936227337059083,70.26779047167204,4.380439605800266
18.224208987449703,70.77033372308566,4.387345459153565
19.52260593646377,71.23020694295671,4.393702396439441
20.83107155545447,71.6473318566941,4.399520264426258
22.149295410252027,72.02165260391602,4.404812859970036
23.477002528400025,72.35313606966992,4.409598044514045
24.81395233231135,72.64177240794803,4.413897903431909
26.15993719812954,72.88757584157167,4.417738956194938
27.514780592225648,73.09058583385443,4.421152422015531
28.87833472814554,73.25086874005125,4.4241745434737325
30.250477676499724,73.36852006038386,4.426846967370125
31.631109848928194,73.44366743115961,4.429217177276637
33.02014976522711,73.47647450567233,4.43133896550232
34.41752900060357,73.46714589132277,4.433272922900123
35.8231861988114,73.41593332232341,4.435086912516351
37.23706002810028,73.32314325635062,4.436856476969485
38.65908095263665,73.18914608552231,4.438665109266378
40.08916169532501,73.01438714287207,4.4406042925813765
41.52718628278365,72.79939965940662,4.44277318720718
42.97299759474241,72.54481977665785,4.445277814636466
44.426383394560645,72.2514036366598,4.4482295637454
45.88706090193728,71.92004644572474,4.451742829205116
47.35466009029671,71.55180323049089,4.455931597628901
48.82870605556758,71.14791076669127,4.460904835759543
50.30860101238214,70.70980986031003,4.466760622182306
51.793606723706816,70.23916680422052,4.473579113029809
53.28282844564303,69.73789244304582,4.481414648861497
54.77520174129662,69.20815689733016,4.490287584464523
56.26948374002599,68.65239769149166,4.50017672104145
57.764250529081295,68.0733188869211,4.51101347613255
59.25790229301949,67.473878942288,4.522679049511982
60.74867749796489,66.85726549831031,4.53500573555754
62.23467681679471,66.22685616350523,4.547783126365347
63.71389662457964,65.5861656343542,4.5607692509182804
65.18427084868874,64.93878099045199,4.573705814191943
66.6437188927923,64.28828853500785,4.586335844307264
68.09019647041043,63.63819681390327,4.59842147453557
69.52174567693304,62.99186116303432,4.609759476522543
70.93654062819786,62.35241512007035,4.620192578535939
72.33292551621503,61.7227132693676,4.629615432877298
73.70944287423129,61.105288718319315,4.637975096527105
75.06485100928816,60.50232671029365,4.64526678534321
76.39813072508447,59.91565418820621,4.651526252638103
77.70848242784051,59.34674371231557,4.656820352949541
78.99531536476425,58.79672917678056,4.661237228564051
80.25823105763476,58.26643030746105,4.66487722047132
81.49700300367894,57.75638290072626,4.667845191813484
82.71155450484014,57.26687206157406,4.670244566734036
83.90193614835411,56.797966184581924,4.67217309096252
85.06830407869323,56.349549974152715,4.673720130149315
86.2108998334211,55.9213553341422,4.674965227042113
87.33003219902555,55.5129894190043,4.675977614873056
88.42606129262532,55.123959506245136,4.67681640555595
89.49938489245591,54.75369462121412,4.6775312154431035
90.55042691671538,54.40156403033385,4.67816304282484
91.57962787544355,54.06689283358584,4.67874526054611
92.58743708176867,53.74897494827089,4.679304629279837
93.57430639638224,53.447083799077774,4.679862270527914
94.54068528370593,53.160481026988045,4.680434563564203
95.48701697316382,52.888423511283605,4.681033948435978
96.4137355393981,52.6301689720201,4.6816696292470645
97.32126373783827,52.38498038969644,4.682348179667214
98.21001145459931,52.1521294476993,4.683074057164277
99.08037465095917,51.93089917338896,4.683850034812734
99.9327347019616,51.7205859264997,4.684677560433441
100.76745804572404,51.52050085934248,4.6855570528034605
101.5848960747665,51.32997095223057,4.6864881441193145
102.3853852132357,51.14833970948401,4.687469877057646
103.16924713447168,50.97496758606394,4.688500863821326
103.93678908218467,50.809232202043994,4.689579413590315
104.68830426580928,50.65052839142948,4.69070363387627
105.42407230660676,50.49826812298071,4.691871510440108
106.14435971599764,50.35188032340539,4.693080969686117
106.849420391604,50.2108106273059,4.694329926797457
107.53949611972307,50.07452107338216,4.6956163223212695
108.21481707557064,49.94248976241306,4.696938149439495
108.87560231473822,49.8142104893094,4.698293473764475
109.5220602509958,49.68919235891654,4.699680447166806
110.15438911691824,49.56695939313366,4.701097316867335
110.77277740488354,49.44705013521689,4.702542430797253
111.3774042868377,49.3290172557695,4.704014240042421
111.96844001188553,49.212427163830746,4.705511299033495
112.546046281286,49.09685962560578,4.707032264016897
113.11037660083286,48.981907392688754,4.708575890237935
113.66157661090851,48.86717584108666,4.710141028182727
114.19978439473117,48.75228262192466,4.711726619156512
114.7251307654881,48.63685732438062,4.713331690419719
115.23773953317124,48.52054115114092,4.714955350057297
115.7377277520179,48.40298660647386,4.716596781719765
116.22520594951638,48.2838571968713,4.71825523934425
116.70027833796823,48.16282714410153,4.719930041939386
117.16304300961457,48.03958111044045,4.721620568498265
117.61359211633408,47.91381393579643,4.723326253087738
118.0520120349103,47.78523038641172,4.725046580149584
118.47838351884835,47.6535449148061,4.726781080038934
118.8927818376962,47.518481430622764,4.728529324817066
119.29527690479885,47.37977308203958,4.730290924309332
119.68593339438138,47.23716204741893,4.7320655224338255
120.06481084882549,47.0903993368843,4.733852793802524
120.43196377696935,46.939244603530234,4.735652440593434
120.78744174422731,46.78346596399327,4.737464189690042
121.13128945529216,46.62283982813429,4.739287790082686
121.46354683014941,46.45715073760586,4.741123010524973
121.78424907410104,46.28619121310243,4.742969637437831
122.09342674246517,46.1097616101149,4.744827473052874
122.39110580058816,45.92766998303473,4.746696333786698
122.67730767977747,45.739731957475726,4.748576048837451
122.9520493297366,45.545770610703684,4.75046645899505
123.21534326805791,45.345616360085856,4.752367415656527
123.4671976273056,45.139106859491896,4.754278780038309
123.70761620019783,44.92608690359787,4.756200422577252
123.93659848337704,44.70640834006279,4.758132222512802
124.15413972023696,44.479929989564276,4.7600740676428
124.36023094325697,44.24651757369606,4.762025854245779
124.55485901627779,44.00604365074463,4.763987487163011
124.73800667713597,43.75838755937625,4.76595888003368
124.90965258106091,43.50343537027777,4.767939955676981
125.06977134522373,43.2410798458061,4.769930646614967
125.21833359481558,42.97122040771142,4.77193089573036
125.3553060110207,42.693763113007805,4.773940657053462
125.48065138123877,42.40862063807291,4.775959896672449
125.59432865190105,42.11571227106459,4.777988593761367
125.69629298421472,41.81496391274746,4.780026741719938
125.78649581316137,41.50630808582631,4.782074349419361
125.86488491006584,41.18968395288561,4.784131442547798
125.93140444904377,40.86503734303529,4.786198065049184
125.98599507762754,40.532320787362785,4.788274280648536
126.02859399186123,40.19149356328893,4.790360174456322
126.05913501614764,39.84252174792208,4.792455854644164
126.07754868812047,39.48537828049919,4.794561454183296
126.08376234880605,39.12004303399585,4.796677132636513
126.07770023832877,38.746502895978146,4.798803077993601
126.059283597404,38.36475185875861,4.8009395085391535
126.02843077485049,37.9747911189055,4.803086674740806
125.98505734134189,37.57662918614005,4.805244861144743
125.92907620960338,37.17028200163885,4.807414388264148
125.86039776124416,36.755773065739454,4.80959561444493
125.77892998039998,36.33313357502541,4.811788937691758
125.68457859434166,35.90240256874289,4.813994797435923
125.57724722118544,35.46362708447415,4.816213676225025
125.45683752481874,35.01686232296383,4.818446101312929
125.3232493771303,34.56217182196257,4.8206926461266555
125.17638102760749,34.099627638916836,4.822953931585323
125.0161292803337,33.62931054229752,4.825230627244396
124.84238967838695,33.1513102113189,4.82752345223674
124.65505669560604,32.66572544375697,4.829833175980275
124.45402393565288,32.172664371530495,4.832160618620184
124.23918433825824,31.672244683659567,4.8345066511718215
124.01043039249438,31.164593856165666,4.836872195328983
123.76765435687045,30.64984938842339,4.8392582229002965
123.51074848599525,30.12815904541843,4.841665754835189
123.23960526349798,29.599681105307823,4.844095859799284
122.95411764083887,29.06458461161868,4.8465496522579095
122.65417928158111,28.523049629359353,4.849028290025284
122.33968481062888,27.975267504253857,4.851532971236005
122.0105300678692,27.421441124245806,4.85406493069479
121.66661236558211,26.861785182352897,4.856625435560132
121.30783074890891,26.296526439887778,4.859215780317249
120.9340862585891,25.725903988995995,4.861837280996085
120.54528219509615,25.15016951339761,4.864491268590655
120.14132438321636,24.569587546156665,4.867179081636964
119.72212143603,23.984435723242292,4.869902057908191
119.2875850171638,23.395005031588372,4.87266152518775
118.83763010009397,22.80160005030541,4.87545879108299
118.37217522318649,22.204539183650308,4.8782951318453325
117.89114273906905,21.604154884317467,4.881171780165907
117.3944590568356,21.000793865579613,4.884089911919704
116.88205487549128,20.39481730078002,4.887050631835591
116.35386540695431,19.786601008660327,4.890054958074724
115.80983058683988,19.176535623001783,4.893103805705212
115.24989527116328,18.565026745063342,4.896197969067168
114.67400941701406,17.952495077319323,4.899338103028636
114.08212824517085,17.33937653703373,4.902524703140054
113.47421238254954,16.7261223482592,4.9057580847023425
112.85022798230516,16.113199110917865,4.90903836077142
112.2101468193415,15.501088845709969,4.912365419130045
111.55394635892335,14.89028901370651,4.91573889826612
110.88160979603353,14.281312509615027,4.91915816240474
110.19312606307362,13.67468762786507,4.92262227564946
109.4884898034714,13.070958000843351,4.9261299752960745
108.76770130873174,12.470682508819108,4.929679644389502
108.03076641645143,11.874435161339623,4.933269283601099
107.27769636681056,11.282804950145131,4.936896482509332
106.50850761505698,10.696395673952598,4.940558390371271
105.72322159751133,10.115825735790198,4.944251686475326
104.92186444864294,9.541727913929316,4.947972550166789
104.10446666679609,8.974749107859283,4.9517166306367795
103.27106272618394,8.415550061182165,4.955479016561773
102.42169063281146,7.864805063770788,4.959254205674747
101.5563914220364,7.32320163603285,4.9630360743397635
100.67520859552826,6.791440198656873,4.966817847189345
99.77818749543518,6.270233731781535,4.970592066868143
98.86537461361551,5.760307428127382,4.974350563906992
97.93681683383082,5.262398345258288,4.978084426728547
96.99256060482534,4.777255062797798,4.981783971759766
96.03265104223048,4.305637351111149,4.985438713597537
95.0571309572241,3.848315858675804,4.989037335143024
94.06603980984006,3.4060718260998586,4.992567657588623
93.05941258475517,2.9796968355068314,4.996016610110264
92.03727858727358,2.5699926047853725,4.999370199089979
90.99966015707425,2.177770837001134,5.002613476671154
89.94657129707842,1.8038531360836214,5.0057305084367485
88.87801621452543,1.4490710007309517,5.00870434000319
87.79398777100575,1.114265909317727,5.011516962347381
86.69446583778753,0.8002895094425572,5.014149275739298
85.57941555227764,0.5080039266082118,5.0165810522506415
84.44878547087798,0.23828220738323916,5.018790896965596
83.30250561282962,-0.007991086758997524,5.020756208253172
82.14048538888227,-0.22991911790177727,5.022453137798816
80.96261140779161,-0.42659182463781775,5.02385655157031
79.76874515274245,-0.5970847709831663,5.024939993555632
78.55872051884705,-0.7404577721063603,5.025675655020693
77.33234120190735,-0.8557532772746315,5.026034353272655
76.08937792771384,-0.9419944902130737,5.025985525589885
74.82956551036104,-0.9981832072329315,5.025497246236352
73.5525997275056,-1.0232973541817163,5.024536277510489
72.25813400034367,-1.0162882047416626,5.0230681698440875
70.94577586657378,-0.9760772651933883,5.021057431410604
69.61508323606816,-0.9015528149443587,5.018467794983572
68.26556042186542,-0.7915660985619671,5.015262619514356
66.89665394406114,-0.6449271746756294,5.011405476880775
65.50774811211735,-0.4604004412099201,5.006860991550607
64.0981604032824,-0.23669987676896795,5.001596023877568
62.66713667295145,0.02751593291548664,4.995581318149885
61.21384625930322,0.3336488733206017,4.988793776514015
59.7373770827346,0.683166316022091,4.981219572088616
58.23673089502386,1.0776058205636083,4.9728583818464855
56.710818909979004,1.5185791603991523,4.963729104953224
55.15845815492882,2.0077751529263543,4.953877536996551
53.5783690319239,2.5469605572113543,4.943386593869899
51.96917478345567,3.137978006962467,4.932389813594135
50.329403838249455,3.7827395450856898,4.921088989954207
48.657496390360095,4.483213789164179,4.9097768646338515
46.951817063792134,5.241404051027204,4.898865738939939
45.21067615752392,6.059313828249746,4.888922507524956
43.43236276259589,6.938894968559895,4.880709704209689
41.61519397276805,7.881972512915795,4.875230279406814
39.75758538485389,8.89013887896525,4.873770439609125
37.85814888934761,9.964608963520556,4.877929344142011
35.91582395751848,11.106027534090545,4.889616410084521
33.93004748905563,12.314222011336037,4.910987128628378
31.90096365085313,13.587899038994399,4.94427988626564
29.829667557233964,14.924294152188967,4.991516947342223
27.71846383101539,16.31880219058296,5.054055124267951
25.571103116103078,17.76464172209545,5.1320288242610985
23.392939860787468,19.252634811853955,5.2238194031830645
21.19094167669462,20.771201854649963,5.3257743760378276
18.973487269732978,22.30666145412598,5.4324113784654635
16.74992741610001,23.843871746671972,5.537201830261267
14.529949324188715,25.367155540891655,5.633760232226251
12.322855002171874,26.861351240801117,5.717027835633182
10.136901869382926,28.312777451985276,5.784022894723101
7.9788344313003225,29.70992622672183,5.833960132472384
5.853668971228994,31.043794718412048,5.8678441308098925
3.7647158274623376,32.30787529031659,5.887813657394595
1.7137715717689146,33.49789913364336,5.896501078878131
-0.29860117746227843,34.61145008812646,5.896554913439381
-2.272774967084752,35.64754678356857,5.890357270945874
-4.209783625720727,36.60625644618506,5.8799007727509185
-6.111094015589744,37.48837093717067,5.866769790372125
-7.978428040225336,38.29515259802045,5.852177590534989
-9.813630637511842,39.02814463809272,5.837026097949952
-11.61857584284542,39.689035396208844,5.821968989367019
-13.395102442658574,40.279564806969596,5.807468726021185
-15.144971648188328,40.80146253873618,5.793844082044796
-16.869840634411037,41.256409167373555,5.781307853441504
-18.571247214245094,41.64601369713335,5.769995828795164
-20.250602146716762,41.97180243504731,5.759988554409137
-21.909186555442894,42.23521558283853,5.751327418545596
-23.548152675533395,42.437608945814674,5.744026382687622
-25.168526692718245,42.58025892363758,5.738080440086836
-26.77121283160387,42.66436950190749,5.733471646012418
-28.356998128838175,42.69108035865053,5.730173363567609
-29.92655752244197,42.661475478565784,5.728153208283004
-31.480459024147798,42.576591862884044,5.727375050456903
-33.019168834629696,42.437428058118144,5.727800340229656
-34.54305632456339,42.24495232044401,5.729388950274391
-36.052398846488956,42.00011029656391,5.73209967915146
-37.547386369799256,41.7038321456392,5.735890520243039
-39.028125948309174,41.35703905657295,5.740718773199468
-40.49464603990155,40.96064913502406,5.746541054291249
-41.94690070288549,40.51558264815622,5.753313246957763
-43.38477369547396,40.02276662443465,5.760990422692899
-44.80808250426492,39.483138812278185,5.769526754126641
-46.21658232554984,38.897651006079556,5.778875435962732
-47.60997002020979,38.267271751715484,5.788988624749351
-48.98788805927521,37.59298844663551,5.799817404882678
-50.34992847319499,36.87580885223611,5.81131178548123
-51.695636813687564,36.11676203866677,5.823420730611932
-53.02451613287859,35.31689878457022,5.836092223649512
-54.33603098038231,34.477291456566,5.849273365202585
-55.62961141514171,33.59903339554252,5.862910502967921
-56.90465702527393,32.68323783900361,5.876949391024215
-58.16054094592391,31.731036410780632,5.8913353754094295
-59.396613862249964,30.743577211323597,5.906013602312534
-60.61220798217907,29.722022543476545,5.9209292448288515
-61.8066409614989,28.667546310076457,5.936027743962146
-62.97921976220754,27.581331120849296,5.951255059392338
-64.12924442382872,26.464565146875564,5.9665579254548256
-65.25601172661565,25.318438761332768,5.98188410778738
-66.3588187252038,24.144141005272413,5.997182656186215
-67.43696613131749,22.942855916842845,6.012404149369029
-68.48976152456694,21.715758761621537,6.027500927563352
-69.51652237116788,20.46401220057513,6.04242730912085
-70.51657883154323,19.188762430633535,6.057139787696073
-71.48927633919467,17.891135330963316,6.071597206918604
-72.43397793492024,16.572232645780122,6.085760909924584
-73.35006634236382,15.23312823197952,6.099594861591358
-74.23694577296855,13.87486439702593,6.113065741831285
-75.09404345062299,12.498448349459496,6.126143008838252
-75.92081084859088,11.104848781104275,6.13879893173598
-76.71672463365404,9.694992596633552,6.151008592639734
-77.48128731472845,8.26976180261785,6.162749858704121
-78.21402759549109,6.829990564597127,6.174003325279195
-78.91450043273956,5.376462437130458,6.184752231827414
-79.58228680425957,3.9099077682331838,6.19498235275805
-80.21699319186705,2.43100127616162,6.204681865809826
-80.8182507869968,0.9403597931958808,6.21384120105596
-81.38571442771008,-0.5614598320518662,6.222452874021744
-81.91906127728402,-2.0739626851683055,6.230511306801521
-82.41798925562469,-3.5967176032891484,6.238012641453421
-82.88221523563259,-5.129358875541107,6.244954550356672
-83.31147301736638,-6.671587844766803,6.251336048666195
-83.70551109344657,-8.223174430210394,6.257157314528952
-84.06409021967413,-9.783958591826242,6.262419523383816
-84.38698080539706,-11.353851757266565,6.267124703510895
-84.67396013885025,-12.932838232291399,6.271275621102037
-84.92480946366831,-14.520976614171806,6.274875704584092
-85.13931092421619,-16.118401225419728,6.277929019854691
-85.31724439954124,-17.725323581598058,6.28044031062799
-85.4583842489422,-19.342033901670394,6.282415121406968
-85.56249599678004,-20.96890266184134,6.283860024907222
-85.62933299075532,-22.60638218344753,6.284782981302895
-85.65863307713006,-24.25500823129784,6.285193863733223
-85.65011534916928,-25.915401579753485,6.285105193414012
-85.60347704256013,-27.58826947824094,6.284533138762409
-85.51839067521286,-29.27440691379074,6.283498846437126
-85.3945015605309,-30.974697522998127,6.282030188243793
-85.23142586532558,-32.69011394620318,6.280164026244183
-85.02874943897616,-34.421717338559716,6.277949118281963
-84.78602771273646,-36.17065565097144,6.275449805465323
-84.50278706137354,-37.938160162719896,6.272750637890043
-84.17852813806007,-39.725539580482504,6.2699620977160055
-83.81273184192803,-41.5341708089146,6.267227557121842
-83.40486875897389,-43.36548524117297,6.2647315424291605
-82.9544131308616,-45.220949113111004,6.262709233764069
-82.46086264561963,-47.10203612088769,6.261456867259078
-81.92376558991307,-49.01019014380974,6.261342264829162
-81.34275711420725,-50.94677559654527,6.262814027198413
-80.71760646673833,-52.91301275689673,6.266406932946298
-80.04827692985023,-54.90989554199422,6.272739792324273
-79.33499966329563,-56.93808988580708,6.2825005581626385
-78.57836148231337,-58.997812440440384,6.2964123248421355
-77.77940449846822,-61.08869216949908,6.31517380045009
-76.93973230428368,-63.20962184441824,6.339370229503633
-76.0616129879712,-65.35861251016715,6.369357048584696
-75.14806420782607,-67.53267100102298,6.405129483823739
-74.20290108711174,-69.72772684679965,6.446205204844487
-73.23072590447323,-71.93863752386527,6.491558587502276
-72.23684194749579,-74.15929651379824,6.539645446453816
-71.2270841659267,-76.38285466379659,6.588538938518116
-70.20757565062027,-78.60204291018907,6.636162075292088
-69.1844372437077,-80.80955934865291,6.680564127248566
-68.16349103966559,-82.99846516865706,6.720168114940892
-67.15000121861735,-85.16253030740064,6.753927492825165
-66.14848601986425,-87.29648292117854,6.7813660693392155
-65.1626167387193,-89.396141343224,6.802515668170617
-64.19520059007961,-91.4584332015838,6.81779154592151
-63.248230391297355,-93.48132521915451,6.827849617848571
-62.322977925170186,-95.46369533099156,6.833458184282096
-61.42010859256491,-97.40517751792534,6.835400578024018
-60.53979975033541,-99.30600306299799,6.834411682048852
-59.68185114646502,-101.1668536486972,6.8311434116171466
-58.84578126298223,-102.98873434373289,6.826151379437681
-58.03090736913499,-104.77286913010784,6.819895177520959
-57.2364096126751,-106.52061824897196,6.812746281295035
-56.46138082376842,-108.23341488358223,6.804999409442987
-55.70486424481535,-109.91271803135814,6.796884736383299
-54.965881452564545,-111.55997839965049,6.788579501604797
-54.2434525393992,-113.17661447278269,6.7802183192148
-53.53661031745228,-114.76399633975475,6.771901951743643
-52.84440998756877,-116.32343532890944,6.763704567600556
-52.16593541815785,-117.85617791165814,6.75567962656574
-51.500302924293074,-119.36340269022489,6.747864585532099
-50.84666322864891,-120.84621957108847,6.740284622186015
-50.20420211975585,-122.30567045210827,6.732955558835105
-49.57214019359433,-123.74273092633257,6.725886144565353
-48.9497319651259,-125.15831263883537,6.719079828099267
-48.33626456083662,-126.55326603339326,6.712536129494098
-47.731056146474835,-127.92838330083903,6.70625169759007
-47.13345420159241,-129.28440139654452,6.700221122270072
-46.542833720821946,-130.62200503544778,6.694437555975242
-45.95859539837829,-131.94182960302211,6.688893187161016
-45.380163835013775,-133.24446394239263,6.683579599030039
-44.806985794028726,-134.5304529935584,6.678488039510209
-44.23852852376679,-135.8003002719656,6.6736096226722
-43.67427815742544,-137.0544701816887,6.668935477274189
-43.11373819632656,-138.29339016409804,6.664456854613594
-42.55642807952543,-139.51745268677706,6.660165205139648
-42.0018818404233,-140.72701708009336,6.656052231164921
-41.44964684961443,-141.92241123057883,6.652109921372198
-40.89928264234266,-143.10393314140657,6.6483305715403445
-40.35035982851356,-144.27185237096012,6.644706794925567
-39.802459083097006,-145.4264113609188,6.641231524969449
-39.25517021487983,-146.56782666554054,6.637898012411874
-38.70809131182927,-147.69629009398383,6.634699818427533
-38.16082796176183,-148.81196977763838,6.6316308050489035
-37.612992547547165,-149.91501117456127,6.628685123863443
-37.06420361668869,-151.0055380232804,6.625857203759862
-36.51408532579514,-152.0836532584426,6.62314173833396
-35.96226696117541,-153.14943990106778,6.620533673437684
-35.40838253754279,-154.20296193652447,6.6180281952561835
-34.85207047759336,-155.244265193772,6.615620719220937
-34.29297337601582,-156.27337823990902,6.613306880005517
-33.73073785228692,-157.29031330462516,6.611082522800757
-33.16501449739188,-158.29506724974888,6.6089436960226
-32.595457920369036,-159.2876225997028,6.606886645567007
-32.021726901290144,-160.26794864928848,6.604907810687148
-31.443484657928746,-161.23600266578643,6.603003821527677
-30.86039923390889,-162.1917312028321,6.60117149830546
-30.272144016528763,-163.13507154385803,6.599407852074663
-29.67839839267704,-164.06595329301012,6.597710086954043
-29.07884855125496,-164.98430013128166,6.596075603625186
-28.47318844022943,-165.89003175507005,6.594502003830845
-27.86112088581075,-166.78306601335893,6.592987095513452
-27.242358880207814,-167.6633212581555,6.5915288981355715
-26.616627042895,-168.530718920563,6.590125647620175
-25.983663258260812,-169.38518632182982,6.588775800241526
-25.343220489833996,-170.22665972478575,6.587478034694351
-24.69506876794252,-171.0550876261559,6.586231251476166
-24.03899734361367,-171.87043428426009,6.585034568644664
-23.374816996749733,-172.67268346951786,6.5838873129698765
-22.702362481123423,-173.4618424169833,6.582789005501066
-22.02149508257805,-174.2379459508854,6.581739340623217
-21.332105260082624,-175.0010607409742,6.580738157799841
-20.63411533212896,-175.75128963957022,6.579785405396052
-19.92748216357094,-176.48877603688334,6.578881096256044
-19.21219980066367,-177.21370816079266,6.578025255071788
-18.488301995087866,-177.92632323634962,6.577217858019518
-17.75586455152443,-178.6269114103487,6.5764587656427
-17.01500742829675,-179.31581933804938,6.5757476505013965
-16.265896517168933,-179.993453323208,6.575083921656262
-15.508745027017714,-180.6602818996751,6.574466648570317
-14.743814397193335,-181.31683774358282,6.573894487449065
-13.97141467029009,-181.96371881013138,6.573365613351767
-13.191904260997887,-182.60158859858768,6.5728776615508
-12.405689067802316,-183.23117546352572,6.5724276815559275
-11.613220887476553,-183.85327090951085,6.572012106932709
-10.814995108314521,-184.46872683002002,6.57162674352446
-10.011547676449595,-185.0784516787557,6.571266777947372
-9.203451349762561,-185.6834055917278,6.570926807304856
-8.391311275021906,-186.28459451035602,6.570600890011953
-7.575759945113117,-186.8830633880025,6.570282616503047
-6.757451613526008,-187.47988859327288,6.569965197494854
-5.937056261694835,-188.07616965159124,6.56964156647126
-5.1152532303957035,-188.67302049050602,6.569304492224987
-4.292724638388402,-189.2715603726347,6.568946696695582
-3.4701487192103646,-189.87290471210702,6.568560973030966
-2.6481932100743073,-190.47815597514202,6.56814029879374
-1.8275089250238472,-191.08839486273456,6.567677939533265
-1.008723637959771,-191.70467196346522,6.567167538525293
-0.19243639021404302,-192.32800004773313,6.566603189295801
0.6207876774029468,-192.95934715214835,6.565979488531736
1.4304218859597764,-193.59963057560762,6.565291568063479
2.235981911002364,-194.24971187812622,6.564535105703447
3.0370289653747364,-194.91039294132398,6.563706315765993
3.8331722525983536,-195.58241311709187,6.562801921009463
4.624070691785271,-196.26644745983606,6.561819108478701
5.409433934163096,-196.96310600907194,6.560755472252287
6.189022708180969,-197.6729340640529,6.559608946397393
6.962648544344676,-198.3964133713153,6.558377731511548
7.730172942080995,-199.13396412995803,6.557060218104786
8.491506048927821,-199.88594770831244,6.5556549097817065
9.246604927230253,-200.6526699592923,6.554160348762474
9.995471485483597,-201.4343850198135,6.552575045779953
10.738150150808732,-202.23129948173312,6.550897415851825
11.474725356162066,-203.043576827152,6.5491257208906895
12.205318911207002,-203.8713420289654,6.54725801961543
12.930087319757966,-204.71468622752394,6.545292124786709
13.649219099790287,-205.5736714055106,6.543225567424642
14.36293215459464,-206.44833499502383,6.541055567383717
15.071471236099168,-207.3386943628562,6.5387790094595015
15.775105533982568,-208.24475113162418,6.536392424078024
16.474126417192473,-209.16649530540647,6.533891971562271
17.168845348038435,-210.10390917863447,6.531273428970842
17.85959198326465,-211.0569710160023,6.528532178547785
18.546712471489766,-212.02565849904013,6.525663196900066
19.230567952154217,-213.0099519417166,6.522661044118207
19.91153325762941,-214.00983728303413,6.519519852168946
20.589995817382746,-215.02530886913632,6.516233312008524
21.2663547610049,-216.05637204104806,6.512794658988472
21.94102021542731,-217.10304554694306,6.509196656248928
22.614412790718426,-218.16536379988878,6.505431575918202
23.28696324837633,-219.24337900348627,6.501491178063475
23.95911234596395,-220.33716316881024,6.497366687469071
24.631310852196258,-221.44681004667794,6.49304876846244
25.30401972712736,-222.5724369996245,6.488527498171198
25.977710462845998,-223.71418683812868,6.483792338787454
26.65286558102294,-224.87222964568602,6.478832109652714
27.329979284721365,-226.04676461732717,6.473634960272774
28.00955826304313,-227.2380219361751,6.468188345752459
28.692122648404432,-228.4462647126587,6.4624790066292075
29.37820712747865,-229.6717910110708,6.456492955722712
30.068362208074387,-230.9149359882791,6.450215475450108
30.763155645389162,-232.17607416955258,6.443631130145885
31.46317403213977,-233.45562188661563,6.43672379935526
32.1690245579479,-234.75403990311827,6.429476739944562
32.88133694395838,-236.07183625260754,6.421872687336364
33.60076555885554,-237.4095693136458,6.413894009414673
34.3279917220387,-238.76785114571254,6.40552293090396
35.063726198466895,-240.14735110762922,6.396741851627187
35.80871188723409,-241.54879977699164,6.387533789418104
36.56372670179974,-242.9729931838469,6.377882988154568
37.32958663329753,-244.42079736369942,6.367775744114592
38.1071489785375,-245.89315322262334,6.357201520556348
38.897315699902805,-247.39108168904056,6.3461544422601825
39.70103686352868,-248.91568910017293,6.33463529018236
40.51931407246706,-250.46817273293377,6.322654153075856
41.3532037695974,-252.04982633446136,6.310233939841975
42.20382022622004,-253.66204543027604,6.297415015366306
43.07233795029876,-255.3063320795318,6.284261294984471
43.959993134806936,-256.9842985954068,6.270868218196732
44.86808361049347,-258.69766953892537,6.257373116788575
45.79796655432202,-260.44828100642803,6.243968584645097
46.7510529170566,-262.2380758394659,6.230919520810161
47.72879715009659,-264.0690928614627,6.218584503425824
48.732680310773574,-265.9434475564694,6.207441967919998
49.76418398917828,-267.8633007252345,6.198121149767749
50.824751726007634,-269.83081057669824,6.191436655896531
51.9157337152314,-271.848062483634,6.188423475238855
53.03830971929976,-273.9169693986904,6.190365750597355
54.193384518995,-276.03913503215034,6.198807263393482
55.381450353592335,-278.2156719912681,6.215524304697951
56.602412485095,-280.4469692831371,6.242433658077742
57.85537842193785,-282.73240952162644,6.2814036722671105
59.138419862895546,-285.0700478033126,6.333942743948555
60.448330084069696,-287.4562829544047,6.400768342819408
61.78041757993502,-289.8855767519963,6.481319670094006
63.12839487376755,-292.3503017198627,6.573359385483158
64.48442998790789,-294.8408099990184,6.672871628138324
65.8394142382401,-297.34579678641086,6.774433344120915
67.18345531795809,-299.8529702248827,6.872068338449834
68.50653653834186,-302.34994585189673,6.960347595511795
69.79921988356372,-304.8251970202038,7.035340828290419
71.0532478660046,-307.2688623579818,7.095089525695814
72.26193325342342,-309.673259396552,7.139520601727918
73.4202981563644,-312.033053957871,7.169966674965323
74.5249957767492,-314.34513366039226,7.1885554818559765
75.57408917434924,-316.60828951923776,7.197675799175611
76.5667662764793,-318.82281511269167,7.19961288848963
77.50305203521279,-320.9901065738514,7.1963540050601935
78.38355362069127,-323.1123116940711,7.189520468751942
79.20925343263686,-325.1920472580681,7.18037611717706
79.98135105019355,-327.23218507551104,7.169872756289813
80.70114827842771,-329.2356978473569,7.158707514107528
81.36996901524053,-331.20555291262576,7.147378600279449
81.98910572184415,-333.14464221596444,7.136233564373159
82.55978543482429,-335.0557385815384,7.125508427750095
83.08314971070835,-336.94147048290193,7.115358154615681
83.56024426165457,-338.8043094459321,7.105879752186041
83.99201517978592,-340.64656582685916,7.097129462185329
84.37930953458658,-342.47038994745526,7.089135385313071
84.72287879051544,-344.27777648984676,7.081906657365158
85.02338397392451,-346.07057071856383,7.075440061650976
85.28140186220881,-347.8504755691854,7.0697247550369
85.497431709961,-349.6190589728472,7.064745615564275
85.67190219504269,-351.3777610140314,7.060485587356148
85.80517838312609,-353.12790067527294,7.056927298129175
85.8975685878872,-354.8706820283584,7.054054149746587
85.94933105674826,-356.6071998026931,7.0518510270489845
85.9606804467438,-358.3384443086521,7.050304729828387
85.93179407725533,-360.0653057245166,7.049404203447512
85.86281795990006,-361.7885777753096,7.049140622342147
85.7538726134664,-363.5089608441233,7.049507365307216
85.60505867534859,-365.2270645638861,7.0504999104574555
85.41646232174818,-366.9434099416478,7.052115669901358
85.18816050789756,-368.65843106952,7.054353778619607
84.92022603735627,-370.3724764771606,7.057214848177157
84.61273246648798,-372.0858101806388,7.060700693268929
84.26575884686376,-373.7986124819617,7.064814037370736
83.87939430479433,-375.510980572683,7.069558202694445
83.45374245364395,-377.22292899393636,7.074936789043381
82.98892563116003,-378.9343900039783,7.080953345890656
82.4850889508734,-380.6452139028905,7.087611041946598
81.94240415377597,-382.35516936244676,7.094912336554248
81.36107324403993,-384.063943807263,7.102858657379551
80.74133189057117,-385.77114389116895,7.111450088986558
80.08345257474033,-387.4762961102365,7.120685076956525
79.38774746374821,-389.1788475910311,7.130560152184419
78.65457098878814,-390.878167089405,7.141069679835454
77.88432210747622,-392.57354623151167,7.152205637149773
77.07744623093231,-394.2642010247155,7.1639574238331
76.23443679738861,-395.9492736617082,7.176311708169248
75.35583647624517,-397.62783463649646,7.189252311248914
74.44223798902766,-399.29888518603366,7.202760130849709
73.49428453666579,-400.9613600662337,7.216813105563945
72.51266982581822,-402.614130665996,7.231386218787977
71.49813769052838,-404.25600845780167,7.246451541212561
70.45148130920713,-405.88574877849294,7.261978309535397
69.37354202069933,-407.50205492913113,7.27793303830348
68.26520774690184,-409.1035825784116,7.294279661129956
67.12741103296699,-410.6889444500848,7.310979697052755
65.96112671946612,-412.2567152712314,7.327992437540367
64.7673692639326,-413.8054369551048,7.3452751496089554
63.54718973190619,-415.33362398960026,7.362783290700971
62.301672479928754,-416.8397690002132,7.380470731364014
61.03193155488575,-418.32234845458925,7.398289982330628
59.7391068356605,-419.7798284743802,7.416192423290525
58.424359944293975,-421.2106707190527,7.4341285314115915
57.08886995476485,-422.61333830546226,7.452048108441183
55.733828928173196,-423.9863017263427,7.469900505948949
54.360437303581755,-425.3280447302921,7.4876348488888045
52.969899174095595,-426.63707012531256,7.505200258115366
51.56341747799254,-427.91190546743417,7.5225460727427915
50.14218913488952,-429.1511085954193,7.539622073258439
48.707400157065415,-430.3532729719994,7.556378706088768
47.26022076616331,-431.5170327915876,7.572767309869317
45.80180054554753,-432.6410678139938,7.588740343022668
44.33326365855948,-433.72410788342927,7.604251611440375
42.85570416274764,-434.7649370921249,7.619256494155799
41.37018144977666,-435.7623975483116,7.633712163952566
39.87771584007123,-436.7153927092295,7.647577798950959
38.379284360245975,-437.622890241353,7.660814780426833
36.87581672993566,-438.4839243722142,7.67338687151177
35.368191582706714,-439.297597701145,7.685260371057755
33.857232943250416,-440.06308243995,7.69640423686559
32.343706980001315,-440.7796210589564,7.706790172700067
30.828319048688208,-441.44652631899714,7.716392674046212
29.31171103813154,-442.06318067556526,7.725189028386353
27.79445902490104,-442.62903504748743,7.733159266857079
26.2770712383175,-443.14360694881606,7.74028606542964
24.75998633182009,-443.6064779890319,7.746554595180729
23.243571951041933,-444.01729075285107,7.751952322717273
21.728123583166994,-444.37574507671934,7.756468763318811
20.213863666411452,-444.681593744221,7.760095190808773
18.700940932908257,-444.93463762693443,7.762824309512684
17.189429952992135,-445.13472030054623,7.764649894885803
15.679330843984108,-445.2817221681542,7.765566410492987
14.17056910214255,-445.37555412355607,7.765568610029934
12.662995512541622,-445.41615078687744,7.7646511340517534
11.156386088297971,-445.403463343161,7.762808112120883
9.6504419878149,-445.33745201156296,7.760032782347579
8.144789356560375,-445.2180781687129,7.756317141966182
6.63897903835066,-445.04529614475786,7.751651644925879
5.132486100195973,-444.8190447048759,7.746024965811284
3.6247091145305124,-444.53923822293666,7.739423854185102
2.114969143205654,-444.20575754791923,7.7318331102406646
0.6025083691722609,-443.8184405582427,7.723235722235199
-0.9135116753436512,-443.37707239506057,7.713613219573311
-2.434012330611909,-442.88137536384613,7.70294631400775
-3.960000520076112,-442.33099849566133,7.691215927086006
-5.492571977416044,-441.72550676734846,7.6784047372078135
-7.032915000086044,-441.06436999633354,7.664499427832961
-8.582314713340649,-440.3469514548016,7.649493883944043
-10.142157789920569,-439.5724962954672,7.633393672616187
-11.713937513095594,-438.74011995527127,7.61622226277137
-13.299258986189598,-437.8487968159125,7.598029597631363
-14.899844167960827,-436.8973495680063,7.578903840479441
-16.5175362331489,-435.88443997271804,7.5589873781894
-18.15430249712638,-434.80856207435147,7.5384984893863525
-19.812234769840245,-433.66803943561735,7.517760450164268
-21.49354547271393,-432.4610287059729,7.497240207764197
-23.200557105779993,-431.18553287204674,7.4775989733320145
-24.935681622684108,-429.8394289728825,7.459756896671049
-26.701384887767148,-428.4205169896862,7.44497286178477
-28.5001296047513,-426.9265991054711,7.434937440962376
-30.334287954192472,-425.3556015262782,7.431870638656822
-32.20601288779845,-423.7057542373455,7.438604091694572
-34.117055239431004,-421.9758465393832,7.458607614950807
-36.0685138944558,-420.16557605024695,7.49589201346345
-38.06051070457646,-418.2760025677736,7.554690189655037
-40.09179445289003,-416.3101004298421,7.638807756921853
-42.159303356628655,-414.2733676240209,7.750585280611883
-44.25775539069929,-412.17439404423806,7.889580387089222
-46.37938362761466,-410.0252241363085,8.051367803097111
-48.51396725717279,-407.84130246407835,8.227133486039172
-50.64928959523243,-405.64081839264185,8.40469645021594
-52.77205014586844,-403.4434130764892,8.570982962422491
-54.869085804908046,-401.26845388505956,8.715055043007464
-56.92860517279428,-399.1332935347448,8.830329169374945
-58.9411172749831,-397.0519623199329,8.915118726569037
-60.899867477220766,-395.03455618969605,8.971660603634692
-62.80078981215704,-393.0873068337096,9.004460436283164
-64.64212652127094,-391.21312089784095,9.018760457292991
-66.42390130523306,-389.4123255141065,9.019518142956894
-68.1473910090345,-387.6834162861367,9.01090927786316
-69.81467512331766,-386.0236958864579,8.99619918005326
-71.42828919756093,-384.42976641235566,8.97781242574569
-72.99097717171851,-382.89788240069885,8.957480614567125
-74.5055246607349,-381.4241896773083,8.936400977811283
-75.97465292688688,-380.0048784840545,8.915375932384958
-77.40095578867883,-378.63627582282015,8.894924627252273
-78.78686564038678,-377.3148964599825,8.875367344873085
-80.13463851570492,-376.0374667656617,8.856887227659039
-81.44635117638532,-374.8009312870457,8.839574427096311
-82.72390547839309,-373.60244876593276,8.823457199215792
-83.96903688040176,-372.4393820449939,8.808523557311165
-85.18332506855731,-371.3092847468977,8.794736207191029
-86.36820541817447,-370.20988655830365,8.782042755777795
-87.52498050772601,-369.1390782523513,8.770382618666773
-88.65483122373327,-368.0948971257652,8.75969163496584
-89.75882720351132,-367.07551323081543,8.74990509710865
-90.83793649490049,-366.0792165937935,8.740959689950985
-91.89303439424431,-365.1044054937405,8.73279468336113
-92.92491147338983,-364.1495758033945,8.725352617488229
-93.93428083494635,-363.2133113524638,8.71857964661755
-94.92178465006123,-362.29427525064364,8.712425656470565
-95.88800003955305,-361.3912020972306,8.706844234260588
-96.83344436064674,-360.50289100113343,8.701792546065555
-97.75857995989375,-359.628199336532,8.6972311588491
-98.66381844949535,-358.7660371634612,8.693123832470421
-99.5495245600374,-357.91536224795607,8.689437298685117
-100.4160196181317,-357.07517562231214,8.686141038351316
-101.26358469296488,-356.24451763201154,8.683207064050086
-102.09246345147018,-355.4224644216604,8.6806097125693
-102.90286475786031,-354.6081248177213,8.678325449812036
-103.69496504963493,-353.8006375708227,8.676332689411455
-104.46891051891376,-352.9991689249645,8.674611625480072
-105.22481912503477,-352.2029104850152,8.673144079362787
-105.96278246177356,-351.41107735752433,8.671913359909091
-106.68286750025452,-350.62290654309527,8.670904136567263
-107.3851182266059,-349.8376555613903,8.670102324485148
-108.06955719162556,-349.054601292325,8.669494980748983
-108.73618698814032,-348.2730390191598,8.669070210879212
-109.38499167032936,-347.4922816610605,8.668817084716448
-110.01593812801039,-346.7116591842828,8.668725560859379
-110.62897742773067,-345.9305181824715,8.66878641885339
-111.22404613143674,-345.1482216176597,8.668991198367657
-111.8010676024925,-344.36414871443,8.669332144637021
-112.35995330785444,-343.5776950003565,8.669802159480284
-112.9006041242715,-342.7882724863107,8.670394757238174
-113.42291165543895,-341.9953099804644,8.671104025000936
-113.92675956608024,-341.1982535299003,8.671924586517743
-114.41202493794307,-340.3965669836088,8.672851569198436
-114.87857965166212,-339.58973267035134,8.673880573633019
-115.32629179734633,-338.7772521843788,8.675007645067307
-115.75502711558707,-337.9586472713371,8.676229246285441
-116.16465046934506,-337.1334608058625,8.677542231363335
-116.55502734585654,-336.3012578513901,8.678943819773378
-116.92602538630405,-335.46162679157334,8.680431570342014
-117.27751593952759,-334.614180521469,8.68200335458995
-117.6093756345196,-333.7585576852965,8.683657329022058
-117.9214879648663,-332.89442394616583,8.685391905982414
-118.21374487669051,-332.02147327172077,8.687205722750722
-118.48604835004456,-331.13942921820336,8.689097608631402
-118.73831196212866,-330.2480461940569,8.691066549875936
-118.9704624192113,-329.34711068290704,8.693111652383198
-119.18244104274541,-328.43644240464846,8.69523210223975
-119.37420519395978,-327.5158953924764,8.69742712429126
-119.54572962020701,-326.58535896310815,8.6996959390734
-119.69700770562314,-325.6447585571965,8.70203771857189
-119.82805260825081,-324.69405642710507,8.704451541421488
-119.93889826574576,-323.7332521498509,8.706936348285726
-120.02960025216777,-322.7623829441596,8.709490898276897
-120.10023646918692,-321.7815237722612,8.712113727370841
-120.15090765633349,-320.7907872092871,8.714803109837085
-120.18173770669371,-319.7903230659114,8.717557023734551
-120.19287377669396,-318.7803177531846,8.720373121511154
-120.1844861812947,-317.76099338228613,8.723248706688544
-120.15676806898621,-316.7326065961067,8.72618071750934
-120.10993487437514,-315.6954471340603,8.729165718274649
-120.04422354979138,-314.6498361362218,8.732199898908181
-119.95989158113004,-313.5961241976399,8.735279083056952
-119.85721579696536,-312.53468918837257,8.738398744785986
-119.73649098371467,-311.46593385926286,8.7415540336576
-119.59802832317199,-310.39028325759693,8.74473980771681
-119.44215367196071,-309.30818198041334,8.747950673647122
-119.26920570526423,-308.2200912962507,8.751181033127942
-119.07953394949357,-307.1264861684311,8.754425134228038
-118.87349673026907,-306.02785221450546,8.75767712651874
-118.65145906318072,-304.924682637193,8.760931118492614
-118.41379051522213,-303.8174751620205,8.76418123583247
-118.16086306456896,-302.70672901592826,8.767421679091349
-117.89304898551829,-301.59294197940943,8.770646779415015
-117.61071878397063,-300.476607542369,8.773851051057473
-117.31423920688658,-299.3582121909233,8.777029239599672
-117.00397134677308,-298.23823284893257,8.780176364972089
-116.68026885953957,-297.11713449428794,8.78328775859169
-116.34347631111623,-295.99536796599955,8.786359094142945
-115.99392766514326,-294.87336797407283,8.789386411749817
-115.63194492092063,-293.7515513201417,8.792366135492468
-115.25783690774158,-292.6303153329587,8.795295084410125
-114.87189823879949,-291.5100365192138,8.79817047729549
-114.4744084251241,-290.39106942684,8.800989931721277
-114.06563114752109,-289.2737457150239,8.803751457844733
-113.6458136822975,-288.15837342261034,8.806453447610478
-113.21518647467896,-287.04523642448567,8.809094660017495
-112.77396285227273,-285.9345940638588,8.81167420313459
-112.32233886970384,-284.8266809471068,8.814191513543845
-111.86049327463827,-283.72170688700766,8.816646333866593
-111.38858758478898,-282.6198569796977,8.819038688986373
-110.90676626515229,-281.5212918005425,8.821368861530866
-110.41515699461502,-280.42614770424376,8.823637367115133
-109.91387101117469,-279.3345372148887,8.825844929783624
-109.40300352529425,-278.246549492226,8.827992458022663
-108.88263419133624,-277.1622508611945,8.830081021649722
-108.35282762755926,-276.081685392588,8.832111829823827
-107.81363397578207,-275.00487552368116,8.834086210363214
-107.26508949250267,-273.9318227086321,8.836005590503927
-106.7072171639783,-272.86250808949274,8.837871479186205
-106.14002733850641,-271.79689317967063,8.839685450915011
-105.5635183698807,-270.7349205526814,8.84144913120647
-104.97767726671624,-269.6765145299855,8.843164183603669
-104.38248034303223,-268.62158186261775,8.844832298222236
-103.77789386614177,-267.57001240216937,8.846455181768127
-103.16387469851988,-266.521679757479,8.848034548956917
-102.54037093089835,-265.4764419341144,8.849572115254222
-101.90732250436801,-264.4341419543919,8.851069590851136
-101.26466181975371,-263.394608456275,8.852528675785267
-100.61231433296501,-262.3576562700274,8.853951056117097
-99.95019913541805,-261.3230869719658,8.855338401072665
-99.27822951897181,-260.29068941506983,8.856692361065775
-98.59631352512882,-259.26024023656663,8.858014566516719
-97.90435447851736,-258.23150434291097,8.859306627388754
-97.20225150490349,-257.2042353728478,8.860570133368448
-96.48990003417885,-256.178176139459,8.861806654621041
-95.76719228893737,-255.15305905228107,8.86301774305712
-95.03401775939365,-254.1286065207235,8.864204934052204
-94.29026366551066,-253.10453134013943,8.865369748565522
-93.5358154072971,-252.08053706198567,8.866513695609159
-92.77055700430738,-251.05631834957975,8.867638275022966
-91.99437152543291,-250.03156132100494,8.868744980514762
-91.20714151011303,-249.00594388074424,8.86983530292885
-90.40874938212035,-247.979136041636,8.870910733709248
-89.59907785709011,-246.95080023874345,8.87197276852681
-88.77801034496682,-245.92059163671814,8.873022911041925
-87.94543134853708,-244.8881584322149,8.874062676776708
-87.10122685920463,-243.85314215288577,8.875093597072327
-86.24528475114417,-242.81517795444185,8.876117223108848
-85.37749517494527,-241.77389491722968,8.877135129966195
-84.49775095182751,-240.728916343718,8.878148920706007
-83.60594796947272,-239.67986005823974,8.879160230455229
-82.70198558048233,-238.62633871027566,8.880170730473218
-81.78576700442588,-237.56796008250836,8.881182132184945
-80.85719973440231,-236.50432740481284,8.882196191163827
-79.91619594898945,-235.43503967528724,8.883214711048629
-78.96267293040826,-234.35969198936345,8.884239547380048
-77.99655348967907,-233.2778758779723,8.88527261134357
-77.01776639949576,-232.189179655674,8.886315873406936
-76.02624683549267,-231.09318877960064,8.887371366841826
-75.02193682652688,-229.98948621999494,8.888441191121625
-74.00478571454707,-228.8776528430688,8.889527515189114
-72.97475062456846,-227.75726780684738,8.890632580590523
-71.931796945223,-226.62790897060904,8.891758704475304
-70.87589882030458,-225.48915331848121,8.89290828246389
-69.80703965168105,-224.3405773977056,8.894083791389367
-68.72521261389862,-223.1817577720459,8.895287791922229
-67.63042118076086,-222.01227149077664,8.896522931091628
-66.52267966412269,-220.831696573665,8.89779194471982
-65.40201376510079,-219.63961251233815,8.899097659790378
-64.26846113786677,-218.43560078841762,8.900442996774476
-63.122071966155495,-217.21924540880232,8.901830971941923
-61.96290955259121,-215.99013345848863,8.90326469968651
-60.791050920906635,-214.7478556713364,8.904747394896201
-59.60658743110421,-213.49200701921805,8.906282375398861
-58.40962540758557,-212.22218732002776,8.907873064512472
-57.200286780251524,-210.9380018650766,8.909522993725302
-55.97870973855182,-209.63906206645947,8.911235805525013
-54.745049398438354,-208.32498612504398,8.913015256386643
-53.49947848214601,-206.99539971980622,8.914865219916596
-52.242188010690484,-205.64993671931364,8.916789690132777
-50.97338800892803,-204.28823991623344,8.918792784839685
-49.69330822296632,-202.90996178581923,8.920878749030368
-48.40219884964375,-201.5147652693973,8.9230519582147
-47.100331277703006,-200.10232458392733,8.92531692153444
-45.78799884016852,-198.67232605875085,8.92767828448019
-44.4655175772909,-197.22446900064875,8.93014083097253
-43.1332270092396,-195.75846658830702,8.932709484509772
-41.791490917500525,-194.27404679722153,8.935389308017564
-40.44069813366265,-192.77095335595234,8.938185501961696
-39.081263333948456,-191.24894673445212,8.941103400204632
-37.713627837452094,-189.70780516493178,8.944148463000873
-36.338260405587135,-188.14732569537546,8.947326266436402
-34.9556580397084,-186.56732527536477,8.950642487526043
-33.56634677325166,-184.9676418733052,8.95410288409214
-32.17088245402658,-183.34813562345332,8.95771326846166
-30.769851511499194,-181.70869000031004,8.961479473941527
-29.36387170300664,-180.04921301696217,8.965407312967761
-27.95359283186225,-178.3696384428131,8.969502525780293
-26.539697429234543,-176.66992703483822,8.973770718457308
-25.122901390529005,-174.95006777502857,8.978217289159495
-23.703954555777354,-173.21007910505176,8.982847341493574
-22.283641222263714,-171.4500101473671,8.987665584013431
-20.862780576313533,-169.66994190010126,8.992676215047306
-19.44222702986934,-167.86998839094008,8.997882792275107
-18.02287044621486,-166.0502977731554,9.00328808679258
-16.605636238029568,-164.21105334470423,9.008893921789676
-15.191485319912374,-162.35247446915935,9.01470099644607
-13.781413896664054,-160.47481737512152,9.020708696202544
-12.376453068030257,-158.5783758087939,9.026914891201084
-10.977668230350561,-156.6634815126505,9.03331572538569
-9.586158255709412,-154.73050450169592,9.03990539950445
-8.203054429817401,-152.7798531077876,9.046675952027307
-6.829519131039729,-150.811973761975,9.053617042760456
-5.466744234800831,-148.8273504849047,9.060715744661803
-4.115949230087742,-146.82650405613947,9.067956349995146
-2.7783790379924227,-144.80999083482587,9.075320197456069
-1.4553015261980156,-142.77840120659224,9.08278552720807
-0.14800471802388118,-140.73235763490504,9.09032737083037
1.1422062999321916,-138.67251229937912,9.097917482955264
2.4140127614431823,-136.5995443087025,9.105524320819246
3.666085878859642,-134.5141564818429,9.11311307704896
4.897090752104834,-132.41707169794768,9.120645769735056
6.105690497411873,-130.30902882268424,9.128081392232595
7.290550557440911,-128.1907782265047,9.135376123196234
8.450343147288725,-126.06307691822278,9.142483595176028
9.583751784212788,-123.92668332510303,9.14935521774565
10.689475842888552,-121.78235175808948,9.155940548714483
11.766235072947618,-119.63082660754706,9.162187704605888
12.812774011630943,-117.47283632065538,9.168043799392414
13.827866221826932,-115.30908721609913,9.173455398588887
14.810318284694295,-113.14025719469728,9.178368974331072
15.758973476580948,-110.96698940589901,9.182731346104257
16.672715062064377,-108.78988592950626,9.18649009139839
17.55046913860528,-106.60950152948219,9.189593910787154
18.391206973403662,-104.42633753226535,9.191992932749656
19.193946779384266,-102.2408358756961,9.19363894493327
19.957754884565546,-100.05337336660519,9.194485540416956
20.68174625708305,-97.86425617550375,9.194488169768768
21.36508435650773,-95.67371458588208,9.193604092180113
22.00698029046725,-93.481898003633,9.191792221567553
22.606691263584402,-91.28887021933994,9.189012866140526
23.16351831304507,-89.09460490287579,9.185227362430389
23.676803331379098,-86.89898129619286,9.180397607089368
24.145925381999728,-84.70178005655207,9.174485491862953
24.5702963164684,-82.50267918890127,9.16745224903832
24.949355704151877,-80.30124999276678,9.159257716463461
25.282565084797284,-78.09695293591194,9.149859533089046
25.569401552506935,-75.88913335412629,9.139212278184175
25.80935067565005,-73.67701686377518,9.127266570327972
26.001898751471966,-71.4597043610719,9.113968146573086
26.146524386698623,-69.23616646933696,9.099256948654606
26.242689386527086,-67.00523728273346,9.083066252974259
26.289828924415396,-64.76560724216463,9.065321896032504
26.287340954603334,-62.515814966453206,9.045941669467801
26.234574819168433,-60.254237850200795,9.024834992450053
26.13081899295926,-57.97908123004107,9.00190301904242
25.975287904965647,-55.68836591547131,8.977039411857625
25.767107776696477,-53.37991388265558,8.950132121961406
25.50530143176416,-51.0513319454261,8.9210666746981
25.188772063606034,-48.69999325665017,8.889731695493143
24.816286011720067,-46.32301657027621,8.856027752739756
24.38645470895819,-43.91724333355092,8.819881094959513
23.897716151161845,-41.479212917472594,8.78126458350394
23.348316548703473,-39.005136689739835,8.740229158619393
22.736293313224305,-36.4908722783664,8.696950632638263
22.05946131224812,-33.931900403798174,8.651798584136564
21.31540553957834,-31.32330828111395,8.60543666969846
20.501485220094228,-28.659786118627068,8.55896658529635
19.614857201922643,-25.93564709909261,8.514130407989583
18.65253068767603,-23.144886995592532,8.473585970217691
17.611471362765865,-20.281307890413224,8.441262278882782
16.488781083760752,-17.33874178883287,8.422776662062578
15.28198910509968,-14.311423800531395,8.425834550738713
13.989500093348171,-11.194578004018094,8.460412460799091
12.611246533453407,-7.985283446189389,8.538331262762654
11.149574821459222,-4.683664045324236,8.671613091374034
9.610332188825868,-1.294362336741608,8.869009587666294
8.003989978615266,2.1719228572160723,9.130764492375235
6.346440240667569,5.697327953206755,9.443420315285408
4.658927384985976,9.256881134586685,9.778518333850393
2.966635144112935,12.820381492463527,10.098651608557105
1.2959352320568258,16.356091768027976,10.369466061749229
-0.32893596941407105,19.835194375890875,10.57052947315642
-1.888572240623612,23.235372386428,10.698526602833635
-3.3696164665382446,26.542372815859004,10.762837092520407
-4.764491532705735,29.749558471658037,10.778436325100039
-6.070234557252664,32.85627193727681,10.760379425027367
-7.2870935877446055,35.86591278192228,10.721081683519873
-8.417296258617354,38.78427721162529,10.669680210322067
-9.464134139420064,41.61834370141509,10.612417131826724
-10.43135053500906,44.37547770571211,10.553327322871077
-11.32276272424363,47.06295493976987,10.494892988128079
-12.142045845388521,49.68770079055221,10.438557125025568
-12.892620682256952,52.256166008435144,10.38509078172454
-13.577604955064928,54.77428361093198,10.334842631362044
-14.19980174580947,57.2474715597747,10.287903400602573
-14.761708572984993,59.68065941339042,10.244211997739729
-15.265537127068596,62.078326009018774,10.203622941528547
-15.713237779539112,64.4445407447975,10.1659485700666
-16.106525501866884,66.78300437710121,10.13098500343958
-16.44690535488822,69.09708723347613,10.098527726388802
-16.735696613736923,71.38986389457104,10.068380586174598
-16.974055120214047,73.6641440506752,10.04036064597895
-17.162993752784363,75.92249959320839,10.014300456769483
-17.303401066003026,78.16728818202894,9.990048745215354
-17.39605823186733,80.40067360976688,9.96747015187044
-17.441654449078992,82.62464330866223,9.946444420541425
-17.44080099277611,84.84102333964854,9.926865290121466
-17.39404406907438,87.05149118286849,9.90863924437042
-17.301876622927164,89.25758662214186,9.89168421402102
-17.16474922857561,91.46072098795557,9.875928286898986
-16.983080171627783,93.66218499683646,9.86130845755497
-16.75726481193367,95.8631554006861,9.847769433109953
-16.487684297642986,98.06470063819987,9.835262503303024
-16.17471368352681,100.2677856618214,9.823744477940984
-15.818729490999571,102.47327609751719,9.813176692664452
-15.420116733388022,104.68194188059445,9.803524083221976
-14.979275417908273,106.89446049838277,9.794754328646611
-14.49662652556733,109.11141995939953,9.786837064421599
-13.97261746183863,111.33332159819403,9.779743167595633
-13.407726964509395,113.56058281501791,9.773444116644058
-12.80246945059728,115.79353983946305,9.76791142950874
-12.15739878170948,118.0324505969604,9.763116183574148
-11.473111426673622,120.2774977463368,9.759028621271973
-10.750249001678412,122.52879194534799,9.755617844511498
-9.98950017145299,124.78637538919281,9.752851600197712
-9.191601900066622,127.05022565449794,9.750696157749193
-8.357340046567064,129.32025986825673,9.749116277818196
-7.487549308660949,131.5963392078996,9.748075269430618
-6.583112526680819,133.87827372532368,9.747535130613599
-5.644959369839228,136.16582747462482,9.747456765388574
-4.674064436861497,138.45872391080533,9.74780026791566
-3.671444813112401,140.75665151523114,9.748525262714008
-2.63815713588155,143.05926959344438,9.749591288378017
-1.5752942281758966,145.3662141824173,9.750958211162752
-0.4839813688297847,147.67710399774091,9.75258665429504
0.6346277273179531,149.99154634677214,9.754438428919231
1.7793551412447466,152.3091429315367,9.756476953203777
2.9490031133440584,154.62949546522407,9.758667647279037
4.142358458263123,156.95221102834287,9.760978293271966
5.358196952047054,159.27690709486865,9.763379351650846
6.595287616084628,161.60321616476526,9.765844227270545
7.852396827406993,163.93078994678888,9.768349480789496
9.12829219132734,166.2593030441352,9.770874983388007
10.42174611993654,168.5884561048869,9.773404014836162
11.73153906827286,170.9179784089769,9.775923306844174
13.056462388744064,173.2476298731435,9.778423035202382
14.395320773291546,175.57720246478195,9.780896765435907
15.746934261570185,177.9065210244216,9.783341357537964
17.110139801835782,180.23544350455555,9.785756835806694
18.483792359093393,182.5638606395657,9.788146229918521
19.866765572226235,184.8916950674395,9.790515393161472
21.257951968210676,187.2188999288322,9.79287280327756
22.656262747094456,189.5454569728323,9.795229350677975
24.060627156185078,191.87137420161844,9.797598117957662
25.46999147591642,194.19668308817842,9.79999415370373
26.883317643219055,196.52143540255474,9.80243424261775
28.29958154102438,198.84569968285874,9.804936673004045
29.71777098490928,201.16955738775172,9.807521001756378
31.136883439971903,203.49309876741077,9.810207816139881
32.55592350295323,205.81641849037263,9.813018490947737
33.97390018651117,208.1396110642462,9.815974939036765
35.38982404452742,210.4627660892635,9.81909935284136
36.802704179474354,212.78596338512298,9.822413934251184
38.21154517525954,215.10926803366715,9.825940610237843
39.61534400163325,217.43272538268985,9.829700731847893
41.01308693919116,219.75635605960002,9.83371475466499
42.403746577189274,222.08015104775495,9.83800189959489
43.786278939724305,224.40406688292762,9.84257979385551
45.159620799187515,226.72802103245058,9.84746409336108
46.522687239087915,229.05188752488112,9.852668089262506
47.87436953112824,231.3754929032873,9.858202303219315
49.21353339352354,233.69861258013756,9.864074077982078
50.53901769865402,236.02096767589063,9.870287171984867
51.84963369789022,238.34222242629414,9.876841368781754
53.14416482945074,240.6619822446293,9.883732114181146
54.42136717108939,242.9797925241965,9.890950195675451
55.679970592928285,245.29513826274595,9.898481480056333
56.91868065658649,247.6074445838898,9.906306725754142
58.13618129472569,249.91607822044165,9.914401486261594
59.33113829019679,252.22035001090782,9.922736119831816
60.50220355623993,254.5195184429551,9.931275918363706
61.64802019896375,256.81279425677315,9.939981364953741
62.76722832111142,259.0993460972372,9.948808525042976
63.85847150261809,261.3783071773162,9.957709570564823
64.92040386957406,263.6487828871643,9.966633430256598
65.95169763998267,265.9098592548987,9.975526552693811
66.95105101329493,268.1606121375007,9.98433376208046
67.91719625229796,270.40011699495807,9.992999180871786
68.84890779166163,272.6274590790919,10.001467188411848
69.74501019829366,274.8417438517712,10.009683381384685
70.604385805375,277.0421074365063,10.017595500351158
71.42598184499947,279.22772690352787,10.025154287179696
72.20881691381986,281.39783019182113,10.032314240807985
72.95198662172808,283.5517054822135,10.039034243342348
73.65466829471254,285.68870985308325,10.045278034686538
74.31612462865812,287.8082770737495,10.051014521227707
74.93570621973738,289.90992441895844,10.056217912039076
75.51285292776814,291.9932584196869,10.060867683997923
76.04709406000417,294.05797949918167,10.064948384606005
76.53804739284007,296.1038854771649,10.068449287657781
76.98541707654435,298.13087395796134,10.071363921874632
77.38899049229933,300.13894364861966,10.073689495998265
77.74863415070337,302.12819467985514,10.07542624555132
78.0642887359603,304.09882802505757,10.07657672660244
78.33596341002396,306.05114413025336,10.077145080602158
78.56372949603974,307.9855408806408,10.077136291952923
78.74771366082675,309.90251103728156,10.076555456747194
78.88809071235661,311.8026392811005,10.075407077374663
78.98507612081661,313.6865990010804,10.073694393762484
79.0389183615795,315.55514896009987,10.071418758135598
79.04989116593597,317.4091299659979,10.068579056580903
79.01828575145174,319.2494616678971,10.06517117752929
78.94440308889851,321.077139589303,10.061187524641786
78.82854624740102,322.8932325006906,10.056616569567034
78.67101284416565,324.69888022577373,10.051442438663809
78.47208761022877,326.49529196793736,10.045644527075789
78.23203506930365,328.2837452368118,10.039197133530923
77.9510923131364,330.0655854500113,10.032069109961792
77.62946184384788,331.84222628189576,10.024223521597552
77.26730444151801,333.61515083002007,10.015617315726875
76.86473200369416,335.38591367082387,10.006201001146572
76.42180029248678,337.15614387911694,9.995918345819614
75.93850151436683,338.92754909100444,9.984706108118427
75.41475664765457,340.70192069693456,9.972493828193311
74.85040742302458,342.4811402602677,9.959203721905626
74.24520785333705,344.2671872666787,9.944750742488576
73.5988152011766,346.0621483200022,9.929042907689023
72.91078026646372,347.8682279094855,9.911982037040747
72.18053687384197,349.687760879692,9.893465111591246
71.4073904426259,351.52322673408196,9.87338656626124
70.59050553477685,353.3772658911993,9.851641966726174
69.72889230478633,355.2526979799185,9.828133728011501
68.82139182910716,357.1525421940731,9.802779829154137
67.86666038689194,359.0800396062724,9.775526907140808
66.8631529215396,361.0386771336618,9.746369728587123
65.80910616979922,363.03221250506255,9.71537991094332
64.7025223569061,365.06469902300097,9.68274798237104
63.541155005861526,367.14050802937084,9.648844514748149
62.32249942133797,369.2643455955172,9.614308169761319
61.0437919662763,371.44125781066276,9.580170919952842
59.70202460870508,373.6766157758326,9.548032844906828
58.29398471458371,375.97606654755793,9.52029912099356
56.81633508373538,378.3454292689428,9.500486356609358
55.26575606266456,380.7905061466505,9.493586611532674
53.639180037215624,383.31676600349965,9.506431666190693
51.93415717538734,385.928845951199,9.547907985418181
50.14939537748335,388.6298106190703,9.628719558104287
48.2855067862022,391.420122548727,9.760208565515903
46.345949901134276,394.29633698060263,9.951671893228152
44.3380579154575,397.24967076162324,10.206004098981932
42.27388337891827,400.26481856901387,10.514751698515482
40.17041970537942,403.3196265265535,10.855495940322562
38.04873475030444,406.38626985139933,11.19503626110967
35.93185930412776,409.4341542777157,11.498831790187296
33.84189421741414,412.43389822726306,11.741899045009653
31.79731950477291,415.36103207820116,11.914587403378462
29.81141263634253,418.19816008953836,12.02098485270448
27.892045459345205,420.93521846711224,12.073092346706321
26.0424886619547,423.5683499668455,12.085079357744569
24.262630990217023,426.09821767432624,12.069752314151955
22.550162240176736,428.52837945976967,12.037188306315894
20.901510641231532,430.86400820891333,11.994673795671279
19.312499711854436,433.1110019788618,11.947185302268704
17.778770028985978,435.2754185009078,11.897977247475133
16.29603050039663,437.3631433406309,11.84909521209072
14.86019601473155,439.3797126291833,11.80176777624851
13.467453595335089,441.33023218982635,11.756685709188211
12.114285608984185,443.2193538838124,11.714193214597092
10.797468381943247,445.05128416826494,11.674415835642197
9.514057604691821,446.82980948487466,11.637344669731661
8.261367384102734,448.558329307145,11.602891178394184
7.036946960017679,450.23989155145364,11.57092248964548
5.838557356118972,451.87722742444936,11.541283871504056
4.664149179851788,453.47278419728724,11.513812817656095
3.511842160201532,455.0287552298373,11.488347674739828
2.3799066490301404,456.5471070445677,11.464732735558297
1.2667471078790118,458.02960351230166,11.442821059551868
0.1708874938704352,459.47782734748705,11.422475846230519
-0.9090415934353873,460.8931991718693,11.403570901352392
-1.9743141613793231,462.2769944244527,11.385990547936686
-3.026118627485571,463.63035839149325,11.36962921086413
-4.065566325231403,464.95431961429045,11.354390822699312
-5.0936988469619715,466.2498019113329,11.340188144984413
-6.111494343028369,467.51763522860256,11.326942064131714
-7.119872880664365,468.7585655095527,11.314580897966849
-8.119700951515888,469.9732637554007,11.30303973386577
-9.111795203594554,471.1623344272544,11.292259809582813
-10.096925461984663,472.3263233242112,11.282187941510259
-11.07581709299707,473.46572505571396,11.27277600105737
-12.049152758670024,474.5809902117763,11.2639804373032
-13.017573602575583,475.672532320827,11.255761842548228
-13.981679903801782,476.7407346714516,11.24808455652337
-14.942031233747423,477.7859570608324,11.240916304587724
-15.899146149989683,478.80854251882704,11.234227865121483
-16.853501462957787,479.808824042049,11.227992761412168
-17.80553111444168,480.7871313567556,11.22218697359321
-18.755624712017802,481.7437977126321,11.216788666599903
-19.704125770163657,482.679166691636,11.211777930654636
-20.65132971695942,483.5935989970017,11.207136531472539
-21.5974817345424,484.4874791675868,11.202847668194835
-22.542774511477365,485.3612221424017,11.198895737995924
-23.487345995396197,486.2152795800899,11.195266107352523
-24.43127724398041,487.05014581918573,11.191944891069975
-25.37459048083077,487.86636334825795,11.1889187412755
-26.317247469121686,488.6645276417801,11.186174649633784
-27.259148319264384,489.4452912090723,11.183699766926388
-28.200130846210254,490.2093667012511,11.181481244762281
-29.139970586722107,490.9575289259911,11.17950610445589
-30.07838157631913,491.6906156329661,11.177761137937452
-31.015017969330934,492.4095269546307,11.17623284489855
-31.94947656360439,493.11522341750947,11.174907409211787
-32.88130026433752,493.80872247776364,11.173770716042089
-33.809982490156585,494.4910935801819,11.172808409086652
-34.734972490223626,495.16345178994544,11.172005985190728
-35.65568150554812,495.8269500989992,11.171348921376115
-36.57148967272539,496.48277056067315,11.170822827294849
-37.481753536097514,497.1321144542035,11.17041361448395
-38.3858140068372,497.77619172190845,11.170107672718366
-39.28300458646914,498.4162099532503,11.169892043355727
-40.17265965925086,499.05336320969093,11.16975457988713
-41.05412265350299,499.68882099076615,11.169684086926981
-41.926753876674056,500.323717634703,11.169670430495927
-42.789937842296474,500.9591424266922,11.169704614519457
-43.643089928105766,501.596130655995,11.16977882078928
-44.485662232034336,502.2356558215714,11.169886412007864
-45.317148524779206,502.8786231375699,11.1700218997631
-46.13708823220866,503.52586443782917,11.17018088119031
-46.945069416012245,504.17813452557573,11.170359949552125
-47.74073075483335,504.836108963622,11.170556584931537
-48.52376255902532,505.50038325406143,11.170769031674482
-49.29390687885993,506.17147331665086,11.170996169167697
-50.050956787610026,506.8498171430919,11.171237382066575
-50.79475493695787,507.5357774809432,11.171492435293121
-51.5251914925702,508.2296453859981,11.171761358115436
-52.24220156269183,508.9316444752039,11.172044340505854
-52.94576223277411,509.6419357127292,11.17234164385398
-53.635889315191385,510.36062256847816,11.1726535270626
-54.312633915839825,511.0877563999123,11.172980188138967
-54.97607890972024,511.82334192314363,11.173321720645882
-55.62633540631968,512.5673426566304,11.173678083813062
-56.26353927348741,513.3196862392738,11.174049084726002
-56.88784777620679,514.080269543305,11.174434370792648
-57.49943637472908,514.8489635202691,11.1748334306133
-58.09849571536325,515.6256177350568,11.17524560141752
-58.68522883709043,516.410064557916,11.17567008135499
-59.25984860826367,517.2021229974418,11.176105945106434
-59.822575400041416,518.0016021686095,11.17655216149232
-60.37363499688824,518.8083043989961,11.177007611980844
-60.91325673940317,519.6220279835386,11.177471109216807
-61.441671890809765,520.4425696036412,11.177941414899287
-61.95911221554149,521.2697264304026,11.178417256520582
-62.46580875634769,522.1032979343463,11.17889734263852
-62.96199079509388,522.9430874255683,11.179380376487073
-63.44788498180138,523.788903348819,11.179865067837966
-63.92371461634422,524.640560357945,11.180350143108733
-64.38969906748294,525.497880193457,11.180834353775438
-64.84605331446939,526.3606923859423,11.18131648319156
-65.2929875972205,527.2288348067001,11.181795351943721
-65.7307071619622,528.1021540854669,11.182269821890955
-66.15941209023221,528.9805059134897,11.182738799041353
-66.57929720015558,529.8637552485568,11.183201235419709
-66.99055200993642,530.7517764369784,11.183656130073953
-67.39336075451561,531.6444532659287,11.184102529359524
-67.7879024473098,532.5416789580745,11.184539526629266
-68.17435097985788,533.4433561190117,11.184966261444256
-68.55287525304952,534.3493966467444,11.185381918407984
-68.92363933439155,535.2597216112523,11.185785725713576
-69.28680263648084,536.1742611111275,11.186176953481988
-69.64252011249728,537.092954113289,11.186554911957348
-69.99094246510941,538.0157482809304,11.186918949615876
-70.33221636570171,538.9425997940839,11.18726845123517
-70.66648468129054,539.8734731665152,11.1876028359628
-70.993886706899,540.8083410620663,11.187921555416104
-71.31455840151477,541.7471841130523,11.188224091838782
-71.62863262606295,542.6899907428599,11.188509956335176
-71.93623938209309,543.6367569945154,11.188778687198607
-72.23750605010956,544.5874863666454,11.189029848346852
-72.53255762667132,545.5421896579724,11.189263027875178
-72.82151695955439,546.5008848212325,11.189477836735104
-73.1045049804112,547.4635968272013,11.189673907545817
-73.38164093447851,548.4303575393225,11.189850893544083
-73.65304260698159,549.4012055992914,11.190008467677842
-73.91882654596071,550.3761863238092,11.190146321849088
-74.1791082813066,551.3553516126134,11.19026416631134
-74.43400253983765,552.3387598677967,11.190361729228213
-74.68362345628395,553.3264759243428,11.190438756400464
-74.9280847800633,554.3185709917345,11.19049501117022
-75.16750007774206,555.3151226064264,11.190530274513124
-75.40198293107144,556.3162145949152,11.190544345330842
-75.63164713047613,557.3219370470817,11.190537040959388
-75.85660686384855,558.3323862994258,11.1905081979111
-76.07697690046825,559.3476649277579,11.190457672871883
-76.2928727698205,560.3678817488496,11.190385343978708
-76.50441093503329,561.3931518304813,11.190291112407083
-76.71170896058325,562.4235965092516,11.190174904302669
-76.9148856738414,563.4593434154275,11.19003667309709
-77.11406131993449,564.5005265040224,11.189876402253727
-77.30935770928781,565.5472860911716,11.189694108496756
-77.50089835708793,566.5997688947492,11.189489845583822
-77.68880861375662,567.6581280780161,11.189263708691893
-77.87321578535769,568.7225232949085,11.189015839495072
-78.05424924266475,569.7931207353695,11.188746432023894
-78.23204051739441,570.8700931688828,11.188455739407289
-78.40672338385421,571.9536199840767,11.18814408161095
-78.57843392396278,573.0438872219405,11.187811854299685
-78.7473105732651,574.1410875998054,11.187459538966152
-78.91349414518454,575.245420522789,11.187087714483347
-79.07712783031783,576.3570920788893,11.186697070255017
-79.23835716708305,577.4763150133037,11.186288421153321
-79.39732997946709,578.6033086768621,11.185862724449443
-79.55419627697823,579.738298942658,11.18542109895652
-79.7091081111849,580.8815180840581,11.184964846615836
-79.86221938240335,582.033204606214,11.184495476764615
-80.01368558917699,583.1936030220279,11.184014733324148
-80.16366351215954,584.3629635621743,11.183524625138368
-80.31231082286752,585.5415418072716,11.18302745967064
-80.45978560649804,586.7295982286151,11.182525880226361
-80.60624578661717,587.927397622009,11.182022906804008
-80.75184843801125,589.1352084171876,11.181521980580564
-80.89674897237585,590.3533018430862,11.181027011898948
-81.04110017980783,591.5819509268472,11.180542431433834
-81.18505110730888,592.8214293019579,11.180073243955967
-81.32874575374885,594.0720097983772,11.179625083777072
-81.47232155905887,595.3339627850149,11.179204270524274
-81.61590766393147,596.6075542326173,11.178817863346342
-81.75962291514614,597.8930434631633,11.178473710980679
-81.90357359100989,599.1906805505506,11.17818049430026
-82.04785082155094,600.5007033369551,11.177947757010958
-82.19252767934873,601.8233340302158,11.177785919096639
-82.33765591960888,603.1587753504189,11.177706266446092
-82.48326235276043,604.5072061991563,11.17772090890999
-82.62934483999202,605.8687768334162,11.177842697938628
-82.77586791233611,607.2436035385064,11.17808509410606
-82.92275802775357,608.6317628116426,11.178461974465142
-83.0698984987269,610.0332850906116,11.17898737009816
-83.21712414557499,611.4481480908756,11.179675125791546
-83.36421575824711,612.8762698499099,11.180538476867516
-83.51089448153324,614.3175016192434,11.181589543234205
-83.65681627465183,615.7716207916159,11.182838747952054
-83.80156663448174,617.2383241008382,11.184294177122755
-83.94465580977257,618.7172213820514,11.185960909386267
-84.08551476793126,620.2078302254148,11.18784035594242
-84.22349220184715,621.709571890712,11.189929664353683
-84.35785287631255,623.2217688668065,11.192221249354784
-84.48777760627807,624.7436444507698,11.194702518942725
-84.61236512734885,626.2743246800545,11.197355861507532
-84.73063605906846,627.8128428725998,11.20015894756405
-84.84153907290313,629.3581469132907,11.203085376882916
-84.94395926246827,630.9091092748614,11.20610566955142
-85.03672858083678,632.464539587131,11.20918856107874
-85.11863807032935,634.0231993859692,11.212302522560655
-85.18845147865699,635.5838185022567,11.215417393837642
-85.24491974733148,637.1451124122233,11.21850599700874
-85.28679578792351,638.7057997825555,11.221545594233014
-85.31284893880814,640.2646194192786,11.224519068892796
-85.32187852299798,641.8203458728967,11.227415740603485
-85.31272600296859,643.3718030582792,11.230231766684893
-85.28428534106759,644.9178754024547,11.232970128150026
-85.23551130973614,646.4575162170864,11.235640239567429
-85.1654256381692,647.989753183024,11.238257253482162
-85.07312101601399,649.5136910116908,11.240841148264039
-84.95776308830052,651.0285114963771,11.24341569297584
-84.81859066153356,652.5334712762364,11.246007376151532
-84.65491439597946,654.027897703727,11.24864437068102
-84.46611428494342,655.5111832347129,11.251355588150457
-84.2516362224584,656.9827787555633,11.254169856413075
-84.01098794211156,658.4421862315405,11.257115236411485
-83.74373457796389,659.8889510141587,11.260218479854363
-83.4494940594703,661.3226540899077,11.263504618860363
-83.12793251078614,662.7429044951907,11.266996672007721
-82.77875978445621,664.1493320672678,11.270715447832377
-82.40172522261744,665.5415806514803,11.274679425962422
-81.99661370686924,666.9193018427108,11.278904697003703
-81.56324203141226,668.2821493044421,11.283404944324666
-81.10145561288583,669.6297736817171,11.288191453485984
-80.61112553412815,670.9618181040249,11.293273137827953
-80.09214590722537,672.2779142597483,11.298656571400123
-79.54443153300491,673.57767901423,11.30434602283841
-78.96791582887744,674.8607115377827,11.310343485889419
-78.36254899400394,676.1265909071647,11.316648704029229
-77.72829637961088,677.3748741434038,11.32325918803922
-77.06513703243789,678.6050946497463,11.330170226521439
-76.37306238041359,679.8167610154269,11.337374890200547
-75.6520750314296,681.009356153519,11.344864031518433
-74.9021876583083,682.182336744065,11.35262628152029
-74.12342194558482,683.3351329567852,11.36064804640089
-73.31580757644332,684.4671484308226,11.368913506358199
-72.47938124099859,685.5777604921153,11.377404619621473
-71.61418565006508,686.6663205920831,11.38610113470747
-70.72026854159789,687.7321549543818,11.394980614135465
-69.79768167014052,688.774565419566,11.404018473022344
-68.84647977289998,689.7928304806729,11.413188036202405
-67.86671950954145,690.7862065060981,11.422460617794837
-66.85845837651053,691.7539291497862,11.43180562749524
-65.82175360072856,692.6952149528488,11.441190708317876
-64.75666102195783,693.6092631454052,11.450581911083383
-63.663233978106575,694.4952576629009,11.459943911654005
-62.54152221336872,695.3523693976127,11.469240277781463
-61.39157083551912,696.17975871372,11.47843379346319
-60.21341935608579,696.9765782634959,11.48748684990214
-59.00710085569244,697.7419761531175,11.496361913511812
-57.772641326828534,698.475099519662,11.505022082854982
-56.510059257896906,699.1750985963341,11.5134317478527
-55.219365535858614,699.841131361239,11.521557365882781
-53.90056376037548,700.4723688863227,11.52936837023696
-52.553651080238296,701.0680015276967,11.536838226413316
-51.17861968316557,701.6272461264816,11.543945650284265
-49.77545909269973,702.1493544203452,11.550675998447996
-48.34415945057073,702.6336228994027,11.557022833879735
-46.88471598875873,703.0794043747992,11.56298965781896
-45.39713492112495,703.4861215617619,11.568591779757963
-43.88144100750347,703.8532830075195,11.573858269223987
-42.33768705985166,704.1805017125869,11.578833893481004
-40.76596566500422,704.4675167933842,11.583580892437574
-39.166423384147166,704.7142185037399,11.58818037534865
-37.53927764517985,704.9206768577116,11.59273304548607
-35.884836457902644,705.0871739578705,11.597358875739715
-34.20352093856697,705.2142399104494,11.602195284337377
-32.49589041421282,705.3026918796518,11.607393319612743
-30.762669575221434,705.3536753799044,11.613111391172104
-29.004776750868977,705.3687063201314,11.61950622602113
-27.2233519063517,705.349711613284,11.62672102681615
-25.41978243345546,705.2990653972482,11.634871293109306
-23.595724295887052,705.2196171769239,11.644029419621411
-21.75311569631744,705.1147076421477,11.65420991959789
-19.894180288948068,704.9881677376876,11.665357756645456
-18.02141721260045,704.8442969688842,11.677342550506552
-16.137575978872135,704.6878180842981,11.689961090412002
-14.24561554878953,704.5238072278177,11.702949496907866
-12.348648668165417,704.3576012465528,11.716004613395526
-10.449874452843998,704.1946867049535,11.728812174770347
-8.552503948360316,704.0405777448368,11.741077599975611
-6.659684537525336,703.900691663041,11.752554482226685
-4.774429338862025,703.780231517249,11.763066313477161
-2.8995570427075408,703.6840840839199,11.77251854000685
-1.0376461304585065,703.6167393071673,11.780900174902186
0.8089945319496912,703.5822345032261,11.788276215379064
2.6383387192014918,703.5841236398962,11.794773493399575
4.448641132955872,703.6254695306573,11.800563107124589
6.2384236909309845,703.7088550946845,11.805842334711976
8.006453060395275,703.83640901848,11.810818206798789
9.75171266374794,704.0098410988566,11.81569402906037
11.473372011245184,704.2304830305216,11.820659344405371
13.170755651849088,704.4993311834593,11.825883232983568
14.843313417110206,704.8170887915754,11.831510494000792
16.490593060091243,705.1842058028534,11.837660100847721
18.112215912998423,705.6009153435349,11.844425310043317
19.70785582071974,706.0672662951698,11.85187487550995
21.277221348162335,706.5831518770844,11.860054926348027
22.820041090960817,707.1483343887297,11.868991178049392
24.336051821718236,707.7624664239279,11.878691247154407
25.824989158023072,708.4251089494265,11.889146920651157
27.286580427534997,709.1357466669991,11.90033629287987
28.720539416529068,709.8938010703238,11.91222572640958
30.126562711971918,710.6986415790004,11.92477162261089
31.50432737693626,711.5495950921857,11.937922005915002
32.85348973068248,712.4459542600256,11.95161793610096
34.173685035464274,713.3869847265511,11.965794767884098
35.46452792063585,714.3719315553974,11.980383278495047
36.72561340032096,715.400025010932,11.995310683227743
37.95651836361578,716.4704858326141,12.010501557074171
39.156803436205166,717.5825301097187,12.025878678213452
40.32601512970422,718.7353738366722,12.041363806716397
41.46368821040408,719.9282372057733,12.05687840963769
42.5693482328355,721.1603486735122,12.072344341854894
43.642514196094815,722.4309488185428,12.087684490665602
44.68270129261332,723.7392939930772,12.10282339130653
45.68942373037513,725.0846597545512,12.117687820214382
46.66219762085637,726.4663440503155,12.132207372985114
47.6005439365017,727.8836701143692,12.146315034562505
48.50399155368295,729.3359890212306,12.159947750131124
49.37208041008624,730.82268182747,12.173047006410016
50.20436481961242,732.3431612157051,12.185559434404158
51.000417003379106,733.8968725385292,12.197437445984335
51.75983091245367,735.483294140501,12.20863991765988
52.48222643660942,737.1019368146547,12.219132935204762
53.16725411362071,738.7523422258721,12.228890611870536
53.81460047510873,740.4340801070356,12.237895990051186
54.42399418708523,742.1467440057565,12.246142030513884
54.995213164968725,743.8899453309438,12.253632683468222
55.52809286209225,745.6633054217732,12.260384020371625
56.022535944690134,747.4664453404093,12.266425382851288
56.478523570813806,749.2989730795654,12.271800473927616
56.89612847964804,751.1604678845252,12.276568275830208
57.27553006333888,753.0504614272293,12.280803628356573
57.61703152561184,754.968415651201,12.284597244634007
57.92107911816771,756.9136972470044,12.288054883999141
58.188283274164995,758.8855489367638,12.29129535698128
58.41944121625242,760.8830580601033,12.294447024731536
58.61556029761644,762.9051233737667,12.297642501521626
58.77788094170163,764.9504215007836,12.301011404986763
58.90789760051276,767.0173750666387,12.304671251198322
59.00737569883091,769.1041251798044,12.308716968281225
59.0783621492079,771.208511450443,12.313209973117395
59.12318681714652,773.3280630510079,12.318168235580305
59.14445241178448,775.4600042376726,12.32355910050056
59.145010788488996,777.6012771162605,12.329296673626253
59.127924637078976,779.7485831643971,12.335245157972013
59.09641495489139,781.8984431591377,12.341228618227934
59.05379639966888,784.0472729274362,12.34704640047163
59.00340429301745,786.1914701218849,12.35249216718247
58.948518347756966,788.3275054981924,12.357373626402191
58.892288807085265,790.4520113547647,12.361529852224717
58.83767044103096,792.5618601136256,12.364843686027056
58.787368787955664,794.6542274177607,12.367247868367532
58.743801398321715,796.7266362664328,12.36872489068592
58.709074995203004,798.7769811244668,12.369301675731016
58.68497777349851,800.8035331422838,12.369040843360152
58.67298478197688,802.8049292631533,12.368030446271444
58.674273587512076,804.7801489225546,12.3663737855473
58.68974718985594,806.7284822952607,12.36418042931549
58.72006132662548,808.6494937732698,12.361559037779887
58.765653733812826,810.5429837623124,12.358612162658192
58.82677346690373,812.4089511531291,12.355432889117655
58.90350893440201,814.2475580966224,12.352103022843899
58.99581378192029,816.0590980754841,12.348692465626696
59.103530158962485,817.84396775797,12.34525943363911
59.226409195482226,819.6026427475808,12.341851221144887
59.36412871994283,821.3356570913916,12.338505275056697
59.516308380779286,823.0435862567406,12.335250407873012
59.68252240642129,824.7270332065561,12.3321080304496
59.86231027153229,826.3866171757586,12.329093329047561
60.05518554222719,828.0229647570542,12.326216343200066
60.26064316104498,829.6367029304857,12.323482923593001
60.47816541083678,831.2284537076889,12.320895564270385
60.70722677062676,832.7988301024274,12.318454112930938
60.9472978492632,834.3484331795288,12.316156368494596
61.197848556349186,835.8778499724244,12.313998577770647
61.458350645669405,837.3876520938501,12.311975843916066
61.72827974464886,838.8783948944348,12.310082459126118
62.00711696444538,840.350617049859,12.308312173126453
62.29435016901353,841.804840479259,12.306658407855753
62.589474967680744,843.2415705159913,12.305114427442081
62.89199548418399,844.6612962671685,12.30367347130755
63.201424945448714,846.0644911109988,12.302328857054018
63.51728612537763,847.45161329129,12.30107405871967
63.83911167230601,848.8231065769208,12.299902765065728
64.16644434334633,850.1794009609216,12.298808921751004
64.4988371643942,851.5209133793562,12.297786760572528
64.83585353093176,852.8480484346676,12.296830818378659
65.17706726180107,854.1611991117513,12.29593594778532
65.52206261571091,855.4607474779076,12.295097321431662
65.87043427828523,856.747065360134,12.294310431186354
66.22178732587837,858.0205149950655,12.293571083449113
66.5757371711029,859.2814496483296,12.2928753914738
66.93190949398559,860.5302142012487,12.29221976546086
67.28994016183717,861.7671457037304,12.291600901022115
67.649475140258,862.9925738929073,12.291015766502209
68.01017039717046,864.206821677637,12.290461589545231
68.37169180134602,865.4102055894076,12.289935843216652
68.73371501656146,866.6030362005152,12.289436231927517
69.09592539225346,867.7856185106235,12.288960677356103
69.45801785133564,868.9582523029935,12.288507304520467
69.81969677568063,870.1212324717945,12.288074428121302
70.18067588964716,871.2748493219915,12.287660539246922
70.54067814193742,872.4193888433514,12.28726429250959
70.89943558599946,873.5551329601346,12.286884493664411
71.25668925913804,874.682359758041,12.286520087746752
71.61218906045865,875.801343689962,12.2861701477526
71.9656936277443,876.9123557620676,12.285833863875958
72.31697021334668,878.0156637017171,12.28551053330993
72.66579455916215,879.1115321086397,12.285199550611178
73.01195077075785,880.2002225907795,12.284900398622874
73.35523119070979,881.2819938861492,12.284612639946646
73.69543627121578,882.3571019719748,12.284335908950975
74.03237444604697,883.4258001623605,12.284069904300882
74.36586200190501,884.4883391956398,12.283814381991824
74.69572294925473,885.5449673125191,12.283569148869127
75.02178889270529,886.5959303260618,12.283334056613345
75.34389890101619,887.6414716844993,12.283108996171258
75.6618993768062,888.6818325277982,12.282893892611613
75.97564392604602,889.7172517388535,12.282688700384867
76.28499322741574,890.7479659901211,12.28249339896612
76.58981490160912,891.7742097864484,12.282307988860506
76.88998338066553,892.7962155048066,12.282132487951177
77.18537977740918,893.8142134315754,12.281966928170029
77.47589175507282,894.8284317979804,12.281811352472367
77.76141339717924,895.8390968142321,12.281665812097373
78.04184507775017,896.8464327028679,12.281530364096795
78.31709333190611,897.8506617317507,12.281405069115639
78.58707072691489,898.8520042471321,12.28128998940915
78.85169573373906,899.8506787071418,12.281185187081611
79.11089259912386,900.8469017160237,12.281090722533428
79.36459121825828,901.8408880593935,12.281006653103901
79.61272700803093,902.8328507407518,12.280933031898368
79.8552407808909,903.8230010194463,12.280869906789231
80.09207861931068,904.811548450232,12.280817319581503
80.32319175083397,905.798700924542,12.2807753053348
80.54853642367523,906.7846647135385,12.280743891834298
80.76807378282054,907.7696445129699,12.280723099204806
80.98176974656035,908.7538434898239,12.28071293966266
81.18959488336314,909.7374633307195,12.280713417401458
81.3915242889762,910.7207042919392,12.280724528608634
81.58753746361393,911.7037652509554,12.280746261610833
81.77761818906595,912.6868437592626,12.280778597147085
81.96175440552605,913.6701360962708,12.280821508769781
82.13993808790875,914.653837323969,12.28087496337428
82.31216512138231,915.6381413420088,12.280938921859251
82.47843517580507,916.6232409427987,12.281013339920333
82.63875157870572,917.6093278661369,12.281098168980908
82.79312118639682,918.5965928528371,12.281193357264605
82.94155425275468,919.585225696731,12.281298851014771
83.08406429513607,920.575415294344,12.281414595867133
83.22066795683294,921.567349691454,12.28154053838244
83.35138486539121,922.56121612564,12.281676627746457
83.47623748603495,923.5572010638255,12.281822817645164
83.59525096934532,924.5554902336914,12.281979068323558
83.7084529922426,925.5562686477181,12.282145348836032
83.81587359120752,926.5597206184552,12.282321639497066
83.91754498655666,927.5660297634746,12.282507934539684
84.01350139645342,928.5753789982805,12.282704244988967
84.10377883919057,929.587950515266,12.282910601756623
84.18841492212265,930.6039257465986,12.283127058960467
84.26744861545642,931.623485308695,12.283353697470648
84.34092000892262,932.6468089256995,12.283590628680868
84.40887004915663,933.6740753291259,12.283837998498637
84.47134025540474,934.7054621305377,12.284095991542884
84.52837241095212,935.7411456638475,12.284364835530415
84.58000822743583,936.7813007935,12.284644805823914
84.62628897896651,937.8261006844801,12.284936230103098
84.66725510273666,938.8757165297429,12.285239493107955
84.7029457625481,939.9303172303233,12.285555041386695
84.73339837145002,940.990069023044,12.285883387961904
84.75864806945182,942.055135050402,12.286225116806236
84.77872715206956,943.1256748669172,12.286580886991931
84.79366444529539,944.2018438759554,12.286951436347785
84.80348462245942,945.2837926908293,12.287337584421964
84.80820745840431,946.3716664138589,12.287740234508394
84.80784701643431,947.4656038270635,12.288160374450118
84.80241076366256,948.5657364882909,12.288599075883258
84.79189861069365,949.6721877269213,12.289057491532649
84.77630187207976,950.7850715338571,12.289536850114299
84.75560214472175,951.9044913413717,12.290038448344278
84.72977010239725,953.0305386896215,12.29056363949966
84.6987642059383,954.1632917782945,12.291113817929272
84.66252933030628,955.3028139040251,12.291690398875385
84.62099531197698,956.4491517869758,12.292294792947999
84.57407542270833,957.6023337933926,12.292928374599178
84.52166477896422,958.7623680651029,12.293592443985027
84.46363870004856,959.929240571865,12.29428818168811
84.39985103237916,961.1029131082449,12.295016595914323
84.33013246229469,962.2833212632995,12.295778461986501
84.25428884529204,963.4703723987062,12.296574254243481
84.17209958554004,964.6639436790286,12.297404070824056
84.08331610575632,965.8638802063177,12.298267552273682
83.98766045383772,967.0699933199603,12.299163795452817
83.88482409869765,968.2820591311984,12.300091264835425
83.77446697319297,969.4998173695432,12.301047703936359
83.65621682634531,970.7229706247875,12.302030050256787
83.52966894973036,971.9511840727382,12.303034357730194
83.39438634332826,973.1840857743592,12.30405573111685
83.24990038369133,974.4212676359094,12.305088277051855
83.09571205142184,975.6622871110774,12.306125076416919
82.93129376519977,976.9066697144183,12.307158182300679
82.7560918556701,978.1539123981264,12.308178646981759
82.56952969436539,979.4034878212442,12.309176580088309
82.37101147079828,980.654849512123,12.310141238384459
82.15992658559288,981.9074378921474,12.311061145588507
81.93565460011128,983.1606870927689,12.311924238383197
81.69757065492914,984.4140324606426,12.312718032529052
81.44505124247938,985.6669186094217,12.313429800966265
81.17748019514389,986.9188078440764,12.31404675422612
80.89425473096189,988.169188757063,12.314556212580023
80.59479138666889,989.4175847776307,12.314945759277906
80.27853166331506,990.6635624478538,12.315203365031977
79.94494721399211,991.9067392027769,12.315317475533437
79.59354441629047,993.1467904475453,12.315277056101996
79.22386819334832,994.3834557508558,12.315071590319274
78.83550497539244,995.6165440098301,12.314691032400518
78.4280847266063,996.845937484106,12.31412571581068
78.00128199773602,998.07159464363,12.313366222966245
77.55481600067627,999.2935518222465,12.312403222578965
77.08844973509753,1000.5119237146939,12.311227282182085
76.6019882270269,1001.7269027954487,12.30982866361259
76.09527596369828,1002.9387577719914,12.308197108771994
75.56819362701137,1004.1478312111925,12.306321621981136
75.02065423922544,1005.3545364950929,12.304190253848105
74.45259883922157,1006.5593542715004,12.301789889957766
73.8639918063821,1007.7628285662573,12.299106046028864
73.25481594275143,1008.9655627188768,12.296122669603015
72.62506741372681,1010.1682152928785,12.292821946924784
71.97475063420924,1011.3714960980717,12.289184112495446
71.30387317200999,1012.5761624456741,12.285187257858711
70.61244072432407,1013.7830157398716,12.280807135490225
69.90045220705838,1014.9928984923132,12.276016953190794
69.16789498135329,1016.2066918300362,12.270787154083106
68.41474022719812,1017.4253135531013,12.265085177141737
67.64093846086604,1018.6497167862335,12.258875193113372
66.8464151810844,1019.8808892593275,12.252117810672042
66.03106661839129,1021.1198532448944,12.244769747697333
65.194755552881,1022.3676661764376,12.236783462658053
64.33730715731912,1023.6254219703114,12.228106741259074
63.45850481516396,1024.8942530747318,12.218682233820925
62.558085856089455,1026.1753332731978,12.208446939400975
61.63573714486986,1027.4698812755503,12.197331633578235
60.69109045265967,1028.7791651381624,12.185260238336088
59.72371753248143,1030.1045075653349,12.172149134910239
58.73312481283152,1031.44729215682,12.157906424313772
57.718747614457,1032.8089706815954,12.142431146219913
56.67994378530441,1034.1910714755948,12.125612476035698
55.61598663720776,1035.5952090811097,12.107328933899488
54.5260570549702,1037.0230952679933,12.087447660312584
53.40923463416022,1038.4765516014008,12.065823844631339
52.264487688504666,1039.9575237471263,12.042300439883054
51.09066195196477,1041.468097732558,12.016708368092434
49.88646778589038,1043.0105184068964,11.988867526185508
48.65046569069164,1044.5872103649858,11.958589061159397
47.381049918788875,1046.2008016087061,11.92567962106704
46.07642999884266,1047.8541502079615,11.889948645374318
44.734610023096884,1049.5503741724813,11.851220294256809
43.35336564088263,1051.292884627349,11.80935242043136
41.93021887582858,1053.0854221526126,11.764266189464905
40.46241119706175,1054.9320957244283,11.71599174049857
38.94687581427373,1056.837422959055,11.664737898893048
37.380211074827834,1058.8063691143238,11.610997708031341
35.7586583427502,1060.8443802328559,11.555706715515491
34.078090184033925,1062.9574024290323,11.500477523334151
32.33401859795563,1065.151873888611,11.44794112839353
30.52163917514394,1067.434667605921,11.402229523661774
28.63593640174596,1069.812949859128,11.36962544810278
26.671888828334822,1072.29390054995,11.359362428989819
24.62483062420242,1074.8842165708045,11.384438859501444
22.491045301827775,1077.5892922171256,11.462047802777462
20.268677602917414,1080.4119559646115,11.612766561396768
17.959024617099484,1083.3506770773322,11.857110966467435
15.568158712736102,1086.3973063038773,12.208061212246594
13.10858554286542,1089.5347626931161,12.66006982148522
10.600259249217329,1092.7356111592978,13.179790116807478
8.069989357053922,1095.962877939323,13.708117967165258
5.548566755548273,1099.1740423319713,14.178752643601008
3.0660989893370467,1102.3275191988819,14.543645548117276
0.6473736014419952,1105.389094472161,14.787043221599095
-1.6908161321195792,1108.335621383715,14.920924908490719
-3.939789832325675,1111.1551613208899,14.97081689476283
-6.097369168308899,1113.8447294082594,14.963511875635191
-8.16574766056485,1116.4073315534838,14.92094720329489
-10.149630437853181,1118.8493871549158,14.858848034046535
-12.054906689786144,1121.1788972224028,14.787592368967594
-13.887816130861223,1123.4042998365535,14.713636247074511
-15.654475775777467,1125.533824829167,14.640790750798146
-17.36063888527237,1127.5751688114135,14.571169941517546
-19.01159224116706,1129.5353601624724,14.505835145944861
-20.612130899477663,1131.420729770061,14.445212596300166
-22.166573562142823,1133.2369367295005,14.389356752285266
-23.678797226364743,1134.9890197374978,14.33811333958674
-25.15227921172852,1136.6814579665556,14.291218843457393
-26.590140202455466,1138.318232829557,14.248360307370483
-27.995185106701207,1139.902886381492,14.209210552906374
-29.36994030149774,1141.4385745134,14.173448283221251
-30.71668679093832,1142.9281143911642,14.140768956342342
-32.03748930436018,1144.374026259836,14.110890078290296
-33.33422160248079,1145.778570050886,14.083553174544715
-34.608588358709746,1147.1437773544521,14.058523833774512
-35.862144006327625,1148.471479341663,14.035590680389848
-37.096308927255414,1149.7633311941631,14.014563798218589
-38.31238332556491,1151.0208335471511,13.995272919633287
-39.511559090084525,1152.2453513936832,13.977565565160639
-40.694929911445264,1153.4381308394802,13.961305238477703
-41.863499882674006,1154.6003140427943,13.94636973235497
-43.01819078028491,1155.7329526244305,13.932649571066072
-44.15984819514724,1156.8370197891002,13.920046596845243
-45.28924665915638,1157.9134213605394,13.908472697606133
-46.4070938946142,1158.963005898635,13.897848667489077
-47.51403429785606,1159.9865740365055,13.888103189073806
-48.61065175663751,1160.9848871483528,13.879171925144144
-49.697471891716184,1161.9586754343848,13.870996708013474
-50.7749638065456,1162.9086454866833,13.863524815159598
-51.84354142466586,1163.8354873791784,13.85670832100439
-52.903564491859136,1164.7398813056536,13.850503515927425
-53.95533931905944,1165.6225037718314,13.844870384922807
-54.999119341969795,1166.4840333310776,13.83977213961846
-56.03510557392709,1167.3251558382947,13.835174798633865
-57.06344702931597,1168.146569183392,13.831046812413504
-58.08424119529395,1168.9489874547357,13.82735872970942
-59.09753462925836,1169.7331444746267,13.824082903763074
-60.1033237578683,1170.4997966436733,13.821193236923335
-61.1015559500623,1171.249725029409,13.818664962907015
-62.09213093097009,1171.9837366371366,13.816474466135716
-63.074902595579985,1172.7026648081137,13.814599137558552
-64.0496812702988,1173.4073687020175,13.813017266092649
-65.01623645710036,1174.0987318370776,13.811707964303304
-65.974300078972,1174.7776596820406,13.810651126243219
-66.92357022722071,1175.4450763185473,13.809827414531552
-67.86371539149593,1176.1019202196353,13.809218272860718
-68.79437913292956,1176.7491392186298,13.808805959256599
-69.71518514055074,1177.3876847711826,13.808573594682823
-70.62574259217364,1178.018505639994,13.808505221058033
-71.52565172437161,1178.642541155141,13.808585862520896
-72.41450950297305,1179.2607142213633,13.808801583876964
-73.29191527661997,1179.8739242557479,13.809139540612481
-74.15747629196518,1180.4830402440982,13.809588015643365
-75.01081295039226,1181.0888941012554,13.810136439032362
-75.85156369273585,1181.6922745098293,13.810775388173195
-76.67938941001849,1182.2939213936686,13.81149656731035
-77.49397729404765,1182.8945211579628,13.812292766627527
-78.29504406090506,1183.4947027985352,13.813157802396153
-79.0823385017913,1184.0950349503544,13.814086440737837
-79.85564333814601,1184.6960239113725,13.815074308355472
-80.61477638022774,1185.2981126443472,13.816117794091415
-81.359591009281,1185.9016807279747,13.817213945367282
-82.08997602207766,1186.5070452009134,13.81836036347196
-82.80585489225938,1187.1144622191366,13.819555101330119
-83.50718451504292,1187.7241294292758,13.820796566864779
-84.19395351026036,1188.336188948431,13.82208343442465
-84.86618016341282,1188.9507308343154,13.823414566048879
-85.52391008565704,1189.5677969281423,13.824788943644583
-86.1672136718145,1190.1873849557464,13.82620561250549
-86.79618343110918,1190.8094527792714,13.827663636039262
-87.41093125897022,1191.4339227014573,13.829162061116044
-88.01158571046949,1192.0606857362748,13.830699893112863
-88.5982893273556,1192.6896057725137,13.832276079504403
-89.17119606170014,1193.320523570218,13.833889500730159
-89.73046883031027,1193.9532605429263,13.835538967037465
-90.27627722562686,1194.5876222910565,13.837223220039157
-90.80879540106531,1195.2234018630777,13.83894093781653
-91.32820014183825,1195.8603827311338,13.8406907425246
-91.83466912631458,1196.4983414763835,13.842471209602207
-92.32837937795168,1197.1370501864737,13.844280877840674
-92.80950590376558,1197.7762785733028,13.846118259713556
-93.27822051212398,1198.415795823657,13.847981851507777
-93.73469080027743,1199.0553721985343,13.849870142919329
-94.1790793003904,1199.6947803991654,13.851781625883454
-94.61154277179448,1200.333796719036,13.853714802497034
-95.032231626659,1200.9722020017903,13.855668191962668
-95.44128947616308,1201.609782424864,13.857640336538783
-95.83885278446819,1202.2463301282132,13.859629806521532
-96.22505061825306,1202.8816437066805,13.861635204313881
-96.6000044802141,1203.5155285834733,13.86365516765556
-96.96382821569554,1204.1477972809935,13.865688372099699
-97.31662798244882,1204.778269603955,13.867733532826108
-97.6585022743885,1205.4067727483628,13.86978940588184
-97.98954199108549,1206.0331413485867,13.871854788936115
-98.30983054559219,1206.6572174734636,13.87392852163118
-98.61944400401369,1207.2788505811106,13.876009485603971
-98.91845125101095,1207.8978974409713,13.87809660424507
-99.20691417614114,1208.5142220305308,13.880188842253919
-99.48488787659997,1209.127695413154,13.88228520504087
-99.75242087253243,1209.738195602594,13.884384738019222
-100.0095553316198,1210.3456074189144,13.886486525823095
-100.2563273001359,1210.9498223398452,13.888589691480515
-100.49276693809577,1211.550738350952,13.890693395565377
-100.71889875649947,1212.1482597974314,13.89279683534633
-100.93474185500651,1212.7422972398474,13.894899243946647
-101.14031015866543,1213.3327673157007,13.896999889524661
-101.33561265257418,1213.9195926083312,13.899098074481397
-101.52065361356176,1214.502701524344,13.90119313469906
-101.69543283816621,1215.082028180465,13.903284438811594
-101.85994586634007,1215.6575123004852,13.905371387506822
-102.0141842004467,1216.2290991227685,13.907453412857894
-102.15813551922085,1216.7967393185997,13.909529977680783
-102.29178388645859,1217.3603889215299,13.911600574913438
-102.41510995427787,1217.9200092677315,13.9136647270116
-102.52809116085112,1218.475566947288,13.915721985355804
-102.63070192256217,1219.0270337662512,13.917771929664017
-102.72291382057784,1219.5743867192355,13.919814167403766
-102.80469578185578,1220.1176079722493,13.921848333198175
-102.87601425463296,1220.6566848554353,13.923874088220222
-102.93683337845675,1221.191609865337,13.92589111956968
-102.98711514883244,1221.7223806762938,13.927899139627794
-103.02681957656935,1222.249000160533,13.929897885385078
-103.05590484191237,1222.7714764165212,13.93188711773801
-103.0743274435486,1223.2898228051185,13.933866620751097
-103.08204234257857,1223.804057993073,13.935836200881404
-103.07900310154102,1224.3142060033856,13.937795686163003
-103.06516201857836,1224.820296272085,13.939744925349991
-103.04047025682745,1225.3223637109354,13.941683787016986
-103.00487796911771,1225.8204487756177,13.943612158616963
-102.95833441805678,1226.3145975389202,13.945529945497071
-102.90078809158092,1226.8048617684876,13.947437069873779
-102.83218681404706,1227.2912990086738,13.949333469769591
-102.75247785294202,1227.7739726660654,13.951219097914251
-102.66160802128492,1228.2529520982368,13.953093920614245
-102.55952377580037,1228.7283127053208,13.954957916595403
-102.4461713109424,1229.2001360239785,13.956811075823705
-102.32149664885277,1229.6685098233647,13.958653398310815
-102.18544572534259,1230.1335282027007,13.960484892911222
-102.0379644719926,1230.5952916900671,13.962305576118846
-101.87899889447519,1231.0539073420498,13.964115470871645
-101.70849514721057,1231.5094888438755,13.965914605373696
-101.52639960448035,1231.9621566096853,13.967703011944572
-101.33265892813351,1232.4120378826094,13.969480725907117
-101.1272201320338,1232.8592668343042,13.971247784524744
-100.91003064341207,1233.3039846636364,13.973004226000644
-100.6810383613036,1233.7463396941941,13.974750088551524
-100.44019171226802,1234.1864874703226,13.976485409569323
-100.18743970360835,1234.6245908513788,13.978210224884698
-99.92273197432606,1235.0608201039147,13.979924568146945
-99.64601884406993,1235.4953529914972,13.981628470335155
-99.35725136035965,1235.9283748618739,13.983321959416081
-99.05638134438819,1236.360078731204,13.98500506016465
-98.74336143573171,1236.7906653650657,13.986677794163183
-98.41814513632174,1237.2203433559491,13.988340179996065
-98.08068685405996,1237.6493291969502,13.989992233656517
-97.73094194648395,1238.077847351363,13.991633969182727
-97.36886676491993,1238.5061303178672,13.993265399540357
-96.99441869958675,1238.9344186909982,13.994886537768899
-96.60755622614496,1239.3629612165691,13.996497398409081
-96.20823895421432,1239.7920148417074,13.998097999228838
-95.7964276784123,1240.2218447591442,13.99968836326464
-95.3720844324972,1240.6527244453782,14.00126852119541
-94.93517254722894,1241.0849356923134,14.002838514065214
-94.48565671259107,1241.518768631946,14.004398396371109
-94.0235030450474,1241.9545217536422,14.005948239531271
-93.54867916053661,1242.392501913527,14.007488135748158
-93.06115425393683,1242.833024335461,14.009018202280362
-92.5608991857616,1243.276412603057,14.01053858613568
-92.04788657687517,1243.7229986421385,14.012049469196345
